{
"type": "FeatureCollection",
"name": "atrisk_2033",
"crs": { "type": "name", "properties": { "name": "urn:ogc:def:crs:OGC:1.3:CRS84" } },
"features": [
{ "type": "Feature", "properties": { "year": 2033, "layer": "atrisk" }, "geometry": { "type": "Polygon", "coordinates": [ [ [ 110.575532553255329, -6.75 ], [ 110.572832283228323, -6.750600060005998 ], [ 110.575532553255329, -6.750150015001497 ], [ 110.575532553255329, -6.75 ] ] ] } },
{ "type": "Feature", "properties": { "year": 2033, "layer": "atrisk" }, "geometry": { "type": "Polygon", "coordinates": [ [ [ 110.53990399039904, -6.750750075007499 ], [ 110.539153915391537, -6.750600060005994 ], [ 110.540279027902784, -6.751500150015008 ], [ 110.53990399039904, -6.750750075007499 ] ] ] } },
{ "type": "Feature", "properties": { "year": 2033, "layer": "atrisk" }, "geometry": { "type": "Polygon", "coordinates": [ [ [ 110.583633363336332, -6.751200120012006 ], [ 110.582733273327335, -6.751650165016497 ], [ 110.583033303330339, -6.752025202520245 ], [ 110.583633363336332, -6.751200120012006 ] ] ] } },
{ "type": "Feature", "properties": { "year": 2033, "layer": "atrisk" }, "geometry": { "type": "Polygon", "coordinates": [ [ [ 110.564056405640585, -6.75 ], [ 110.566981698169812, -6.752250225022503 ], [ 110.571707170717076, -6.75007500750075 ], [ 110.571707170717076, -6.75 ], [ 110.564056405640585, -6.75 ] ] ] } },
{ "type": "Feature", "properties": { "year": 2033, "layer": "atrisk" }, "geometry": { "type": "Polygon", "coordinates": [ [ [ 110.58453345334533, -6.752100210021005 ], [ 110.583633363336332, -6.752850285028502 ], [ 110.583408340834083, -6.753750375037506 ], [ 110.584458445844589, -6.753600360036009 ], [ 110.58453345334533, -6.752100210021005 ] ] ] } },
{ "type": "Feature", "properties": { "year": 2033, "layer": "atrisk" }, "geometry": { "type": "Polygon", "coordinates": [ [ [ 110.580633063306337, -6.752625262526261 ], [ 110.578082808280826, -6.753000300030005 ], [ 110.577857785778576, -6.753825382538264 ], [ 110.580933093309326, -6.75390039003901 ], [ 110.580633063306337, -6.752625262526261 ] ] ] } },
{ "type": "Feature", "properties": { "year": 2033, "layer": "atrisk" }, "geometry": { "type": "Polygon", "coordinates": [ [ [ 110.571632163216336, -6.753300330033009 ], [ 110.570807080708065, -6.754125412541255 ], [ 110.571707170717076, -6.754050405040497 ], [ 110.571632163216336, -6.753300330033009 ] ] ] } },
{ "type": "Feature", "properties": { "year": 2033, "layer": "atrisk" }, "geometry": { "type": "Polygon", "coordinates": [ [ [ 110.583183318331834, -6.752700270027001 ], [ 110.582058205820587, -6.75247524752475 ], [ 110.582208220822096, -6.754200420042004 ], [ 110.583183318331834, -6.752700270027001 ] ] ] } },
{ "type": "Feature", "properties": { "year": 2033, "layer": "atrisk" }, "geometry": { "type": "Polygon", "coordinates": [ [ [ 110.569681968196818, -6.754125412541248 ], [ 110.568481848184817, -6.754350435043502 ], [ 110.569456945694569, -6.754650465046496 ], [ 110.569681968196818, -6.754125412541248 ] ] ] } },
{ "type": "Feature", "properties": { "year": 2033, "layer": "atrisk" }, "geometry": { "type": "Polygon", "coordinates": [ [ [ 110.541104110411041, -6.75 ], [ 110.545829582958291, -6.75592559255925 ], [ 110.54740474047405, -6.755775577557746 ], [ 110.543429342934289, -6.75 ], [ 110.541104110411041, -6.75 ] ] ] } },
{ "type": "Feature", "properties": { "year": 2033, "layer": "atrisk" }, "geometry": { "type": "Polygon", "coordinates": [ [ [ 110.571332133213318, -6.757725772577254 ], [ 110.57043204320432, -6.756975697569755 ], [ 110.569981998199836, -6.757500750075003 ], [ 110.571332133213318, -6.757725772577254 ] ] ] } },
{ "type": "Feature", "properties": { "year": 2033, "layer": "atrisk" }, "geometry": { "type": "Polygon", "coordinates": [ [ [ 110.547254725472541, -6.759075907590766 ], [ 110.546354635463544, -6.759900990099009 ], [ 110.546654665466548, -6.760126012601257 ], [ 110.547254725472541, -6.759075907590766 ] ] ] } },
{ "type": "Feature", "properties": { "year": 2033, "layer": "atrisk" }, "geometry": { "type": "Polygon", "coordinates": [ [ [ 110.577482748274832, -6.759675967596768 ], [ 110.577932793279345, -6.761251125112507 ], [ 110.578532853285324, -6.761326132613258 ], [ 110.578607860786079, -6.759975997599751 ], [ 110.577482748274832, -6.759675967596768 ] ] ] } },
{ "type": "Feature", "properties": { "year": 2033, "layer": "atrisk" }, "geometry": { "type": "Polygon", "coordinates": [ [ [ 110.566681668166822, -6.759300930093014 ], [ 110.565631563156316, -6.760051005100514 ], [ 110.566306630663064, -6.761551155115503 ], [ 110.567131713171321, -6.760501050105018 ], [ 110.566681668166822, -6.759300930093014 ] ] ] } },
{ "type": "Feature", "properties": { "year": 2033, "layer": "atrisk" }, "geometry": { "type": "Polygon", "coordinates": [ [ [ 110.555955595559553, -6.761176117611768 ], [ 110.554905490549061, -6.762376237623767 ], [ 110.555655565556549, -6.762526252625259 ], [ 110.555955595559553, -6.761176117611768 ] ] ] } },
{ "type": "Feature", "properties": { "year": 2033, "layer": "atrisk" }, "geometry": { "type": "Polygon", "coordinates": [ [ [ 110.58423342334234, -6.754275427542751 ], [ 110.582508250825086, -6.759075907590762 ], [ 110.581608160816089, -6.7576507650765 ], [ 110.575007500750075, -6.757200720072006 ], [ 110.574707470747072, -6.75555055505551 ], [ 110.573057305730572, -6.755850585058504 ], [ 110.572157215721575, -6.756450645064502 ], [ 110.572832283228323, -6.757200720072005 ], [ 110.57373237323732, -6.756000600060013 ], [ 110.57515751575157, -6.757425742574257 ], [ 110.574182418241818, -6.759900990099015 ], [ 110.577107710771074, -6.759000900090011 ], [ 110.582358235823577, -6.760426042604255 ], [ 110.583783378337827, -6.761551155115518 ], [ 110.583258325832588, -6.763351335133514 ], [ 110.583633363336332, -6.763726372637266 ], [ 110.58423342334234, -6.763201320132019 ], [ 110.58423342334234, -6.754275427542751 ] ] ] } },
{ "type": "Feature", "properties": { "year": 2033, "layer": "atrisk" }, "geometry": { "type": "Polygon", "coordinates": [ [ [ 110.569381938193814, -6.762901290129005 ], [ 110.56758175817582, -6.763426342634261 ], [ 110.566381638163818, -6.763501350135004 ], [ 110.568706870687066, -6.763876387638763 ], [ 110.569381938193814, -6.762901290129005 ] ], [ [ 110.568481848184817, -6.763426342634269 ], [ 110.568556855685571, -6.763351335133507 ], [ 110.568556855685571, -6.76342634263427 ], [ 110.568481848184817, -6.763426342634269 ] ] ] } },
{ "type": "Feature", "properties": { "year": 2033, "layer": "atrisk" }, "geometry": { "type": "Polygon", "coordinates": [ [ [ 110.552505250525073, -6.808955895589562 ], [ 110.551080108010808, -6.808430843084302 ], [ 110.549504950495063, -6.811206120612058 ], [ 110.552505250525073, -6.808955895589562 ] ] ] } },
{ "type": "Feature", "properties": { "year": 2033, "layer": "atrisk" }, "geometry": { "type": "Polygon", "coordinates": [ [ [ 110.576282628262845, -6.759900990099013 ], [ 110.572307230723084, -6.761701170117013 ], [ 110.575007500750075, -6.761251125112503 ], [ 110.575457545754574, -6.762826282628267 ], [ 110.573057305730572, -6.763051305130517 ], [ 110.570657065706584, -6.764176417641769 ], [ 110.575607560756069, -6.764326432643267 ], [ 110.575457545754574, -6.769801980198028 ], [ 110.576882688268824, -6.770627062706262 ], [ 110.576057605760582, -6.768901890189018 ], [ 110.577482748274832, -6.76755175517552 ], [ 110.578082808280826, -6.770702070207024 ], [ 110.575532553255329, -6.771452145214529 ], [ 110.575457545754574, -6.770477047704776 ], [ 110.575232523252325, -6.773477347734771 ], [ 110.572982298229817, -6.77475247524752 ], [ 110.569456945694569, -6.775202520252023 ], [ 110.568331833183322, -6.775952595259531 ], [ 110.56593159315932, -6.784428442844288 ], [ 110.565781578157811, -6.78727872787278 ], [ 110.567056705670566, -6.788178817881779 ], [ 110.565331533153312, -6.78795379537953 ], [ 110.562706270627075, -6.792904290429049 ], [ 110.564881488148814, -6.795379537953784 ], [ 110.567281728172816, -6.792679267926785 ], [ 110.565406540654067, -6.795979597959791 ], [ 110.566231623162309, -6.796729672967293 ], [ 110.567431743174311, -6.794929492949302 ], [ 110.568256825682568, -6.79620462046204 ], [ 110.569156915691565, -6.795154515451541 ], [ 110.569756975697572, -6.79822982298229 ], [ 110.568181818181813, -6.799054905490552 ], [ 110.564056405640585, -6.796654665466547 ], [ 110.561806180618063, -6.797479747974799 ], [ 110.561881188118818, -6.795004500450043 ], [ 110.559555955595556, -6.798154815481547 ], [ 110.559780978097805, -6.799879987998803 ], [ 110.561356135613565, -6.798904890489052 ], [ 110.560081008100823, -6.801005100510046 ], [ 110.560231023102304, -6.801680168016795 ], [ 110.560906090609066, -6.801380138013809 ], [ 110.561581158115814, -6.80055505550555 ], [ 110.562031203120313, -6.80175517551755 ], [ 110.568031803180318, -6.805205520552049 ], [ 110.568631863186312, -6.804680468046803 ], [ 110.568256825682568, -6.805430543054299 ], [ 110.568256825682568, -6.805880588058812 ], [ 110.569681968196818, -6.807530753075303 ], [ 110.567656765676574, -6.806480648064809 ], [ 110.566531653165313, -6.808205820582053 ], [ 110.568406840684062, -6.810381038103802 ], [ 110.56293129312931, -6.804605460546056 ], [ 110.566231623162309, -6.807680768076802 ], [ 110.567356735673584, -6.805880588058801 ], [ 110.560306030603059, -6.80198019801981 ], [ 110.558280828082815, -6.804830483048307 ], [ 110.562781278127815, -6.806630663066311 ], [ 110.563006300630065, -6.806030603060306 ], [ 110.566156615661569, -6.809705970597059 ], [ 110.560081008100823, -6.805805580558062 ], [ 110.558355835583555, -6.807005700570065 ], [ 110.558580858085804, -6.805205520552059 ], [ 110.558130813081306, -6.804905490549054 ], [ 110.554230423042299, -6.809030903090314 ], [ 110.56293129312931, -6.816006600660069 ], [ 110.563531353135318, -6.81345634563457 ], [ 110.570657065706584, -6.811506150615057 ], [ 110.577257725772597, -6.807080708070805 ], [ 110.581533153315334, -6.801530153015299 ], [ 110.583933393339336, -6.795154515451541 ], [ 110.584383438343835, -6.791854185418539 ], [ 110.582133213321328, -6.790279027902786 ], [ 110.58145814581458, -6.79365436543655 ], [ 110.58145814581458, -6.790054005400536 ], [ 110.578757875787574, -6.788628862886288 ], [ 110.584458445844589, -6.791404140414036 ], [ 110.584608460846084, -6.770702070207022 ], [ 110.581758175817583, -6.770552055205525 ], [ 110.582958295829584, -6.76650165016502 ], [ 110.581833183318338, -6.767326732673265 ], [ 110.582058205820587, -6.764476447644766 ], [ 110.579732973297325, -6.763951395139514 ], [ 110.583633363336332, -6.764776477647756 ], [ 110.58423342334234, -6.764101410141012 ], [ 110.581083108310835, -6.762601260126003 ], [ 110.576132613261322, -6.762976297629757 ], [ 110.576282628262845, -6.759900990099013 ] ], [ [ 110.576432643264326, -6.763426342634272 ], [ 110.57650765076508, -6.763351335133507 ], [ 110.57650765076508, -6.76342634263426 ], [ 110.576432643264326, -6.763426342634272 ] ], [ [ 110.57650765076508, -6.76350135013502 ], [ 110.576582658265835, -6.763426342634262 ], [ 110.576582658265835, -6.763501350135008 ], [ 110.57650765076508, -6.76350135013502 ] ], [ [ 110.577257725772597, -6.763726372637258 ], [ 110.577332733273323, -6.763651365136519 ], [ 110.577332733273323, -6.76372637263727 ], [ 110.577257725772597, -6.763726372637258 ] ], [ [ 110.576132613261322, -6.764101410141008 ], [ 110.576207620762077, -6.76402640264027 ], [ 110.576207620762077, -6.76410141014102 ], [ 110.576132613261322, -6.764101410141008 ] ], [ [ 110.576882688268824, -6.764851485148521 ], [ 110.577782778277822, -6.765151515151508 ], [ 110.576957695769579, -6.765826582658267 ], [ 110.576882688268824, -6.764851485148521 ] ], [ [ 110.575682568256823, -6.768451845184522 ], [ 110.575757575757578, -6.768226822682275 ], [ 110.575757575757578, -6.768451845184527 ], [ 110.575682568256823, -6.768451845184522 ] ], [ [ 110.575607560756069, -6.768601860186018 ], [ 110.575682568256823, -6.76852685268527 ], [ 110.575682568256823, -6.768601860186024 ], [ 110.575607560756069, -6.768601860186018 ] ], [ [ 110.575532553255329, -6.769501950195015 ], [ 110.575607560756069, -6.769201920192023 ], [ 110.575607560756069, -6.769501950195019 ], [ 110.575532553255329, -6.769501950195015 ] ], [ [ 110.570282028202826, -6.775202520252034 ], [ 110.570582058205815, -6.775277527752783 ], [ 110.570282028202826, -6.775277527752771 ], [ 110.570282028202826, -6.775202520252034 ] ], [ [ 110.571107110711068, -6.77535253525352 ], [ 110.571182118211823, -6.775202520252019 ], [ 110.571182118211823, -6.775352535253528 ], [ 110.571107110711068, -6.77535253525352 ] ], [ [ 110.569756975697572, -6.775427542754276 ], [ 110.569831983198327, -6.775352535253521 ], [ 110.569831983198327, -6.775427542754275 ], [ 110.569756975697572, -6.775427542754276 ] ], [ [ 110.569756975697572, -6.775877587758781 ], [ 110.570132013201317, -6.775577557755772 ], [ 110.570132013201317, -6.77580258025802 ], [ 110.569756975697572, -6.775877587758781 ] ], [ [ 110.569606960696063, -6.775802580258032 ], [ 110.569681968196818, -6.775577557755778 ], [ 110.569681968196818, -6.775802580258028 ], [ 110.569606960696063, -6.775802580258032 ] ], [ [ 110.568931893189315, -6.776027602760282 ], [ 110.569081908190824, -6.775652565256532 ], [ 110.569006900690084, -6.776027602760269 ], [ 110.568931893189315, -6.776027602760282 ] ], [ [ 110.569156915691565, -6.776027602760273 ], [ 110.569456945694569, -6.775802580258032 ], [ 110.569231923192319, -6.776177617761784 ], [ 110.569156915691565, -6.776027602760273 ] ], [ [ 110.568706870687066, -6.775877587758782 ], [ 110.568781878187821, -6.775802580258024 ], [ 110.568781878187821, -6.775877587758775 ], [ 110.568706870687066, -6.775877587758782 ] ], [ [ 110.568631863186312, -6.776252625262527 ], [ 110.568781878187821, -6.776402640264031 ], [ 110.568631863186312, -6.776552655265528 ], [ 110.568631863186312, -6.776252625262527 ] ], [ [ 110.569756975697572, -6.776327632763282 ], [ 110.569831983198327, -6.776102610261017 ], [ 110.569831983198327, -6.776327632763279 ], [ 110.569756975697572, -6.776327632763282 ] ], [ [ 110.570657065706584, -6.776552655265534 ], [ 110.571032103210328, -6.776252625262534 ], [ 110.570882088208819, -6.776702670267034 ], [ 110.570657065706584, -6.776552655265534 ] ], [ [ 110.578457845784584, -6.776177617761778 ], [ 110.583333333333329, -6.778202820282023 ], [ 110.58453345334533, -6.780003000300026 ], [ 110.581008100810081, -6.77947794779478 ], [ 110.578457845784584, -6.776177617761778 ] ], [ [ 110.568931893189315, -6.776327632763272 ], [ 110.569081908190824, -6.776477647764779 ], [ 110.568931893189315, -6.776627662766278 ], [ 110.568931893189315, -6.776327632763272 ] ], [ [ 110.569681968196818, -6.776477647764777 ], [ 110.569756975697572, -6.776327632763282 ], [ 110.569756975697572, -6.776477647764777 ], [ 110.569681968196818, -6.776477647764777 ] ], [ [ 110.570357035703566, -6.776552655265521 ], [ 110.570507050705075, -6.776327632763272 ], [ 110.57043204320432, -6.776552655265527 ], [ 110.570357035703566, -6.776552655265521 ] ], [ [ 110.569156915691565, -6.776702670267026 ], [ 110.569231923192319, -6.776402640264023 ], [ 110.569231923192319, -6.776702670267025 ], [ 110.569156915691565, -6.776702670267026 ] ], [ [ 110.569606960696063, -6.776702670267031 ], [ 110.569681968196818, -6.776627662766285 ], [ 110.569681968196818, -6.776702670267031 ], [ 110.569606960696063, -6.776702670267031 ] ], [ [ 110.570357035703566, -6.776777677767772 ], [ 110.570507050705075, -6.776927692769283 ], [ 110.570282028202826, -6.777152715271523 ], [ 110.570357035703566, -6.776777677767772 ] ], [ [ 110.570882088208819, -6.776852685268526 ], [ 110.571107110711068, -6.776927692769283 ], [ 110.570882088208819, -6.777002700270025 ], [ 110.570882088208819, -6.776852685268526 ] ], [ [ 110.570207020702071, -6.776927692769282 ], [ 110.570282028202826, -6.776777677767767 ], [ 110.570282028202826, -6.776927692769271 ], [ 110.570207020702071, -6.776927692769282 ] ], [ [ 110.570582058205815, -6.776927692769271 ], [ 110.570732073207324, -6.77677767776778 ], [ 110.570657065706584, -6.776927692769282 ], [ 110.570582058205815, -6.776927692769271 ] ], [ [ 110.570132013201317, -6.777077707770777 ], [ 110.570207020702071, -6.776927692769282 ], [ 110.570207020702071, -6.777077707770785 ], [ 110.570132013201317, -6.777077707770777 ] ], [ [ 110.570807080708065, -6.777077707770782 ], [ 110.570882088208819, -6.777002700270025 ], [ 110.570882088208819, -6.777077707770776 ], [ 110.570807080708065, -6.777077707770782 ] ], [ [ 110.569981998199836, -6.777152715271525 ], [ 110.570057005700576, -6.777077707770778 ], [ 110.570057005700576, -6.77715271527153 ], [ 110.569981998199836, -6.777152715271525 ] ], [ [ 110.570507050705075, -6.777152715271534 ], [ 110.570582058205815, -6.777077707770784 ], [ 110.570582058205815, -6.777152715271525 ], [ 110.570507050705075, -6.777152715271534 ] ], [ [ 110.570057005700576, -6.77715271527153 ], [ 110.570357035703566, -6.777377737773786 ], [ 110.570132013201317, -6.777827782778283 ], [ 110.570057005700576, -6.777302730273031 ], [ 110.569831983198327, -6.777377737773769 ], [ 110.570057005700576, -6.77715271527153 ] ], [ [ 110.570732073207324, -6.777227722772285 ], [ 110.570807080708065, -6.777152715271526 ], [ 110.570807080708065, -6.777227722772277 ], [ 110.570732073207324, -6.777227722772285 ] ], [ [ 110.573357335733576, -6.777227722772268 ], [ 110.57343234323433, -6.777152715271524 ], [ 110.57343234323433, -6.777227722772271 ], [ 110.573357335733576, -6.777227722772268 ] ], [ [ 110.570807080708065, -6.777827782778278 ], [ 110.571032103210328, -6.77752775277527 ], [ 110.571032103210328, -6.77775277527752 ], [ 110.570807080708065, -6.777827782778278 ] ], [ [ 110.569081908190824, -6.777902790279034 ], [ 110.569906990699067, -6.777527752775268 ], [ 110.569606960696063, -6.778127812781277 ], [ 110.569606960696063, -6.77850285028503 ], [ 110.569831983198327, -6.778802880288035 ], [ 110.569531953195323, -6.779402940294021 ], [ 110.569831983198327, -6.77917791779178 ], [ 110.570057005700576, -6.779402940294022 ], [ 110.569006900690084, -6.78180318031803 ], [ 110.569156915691565, -6.782103210321029 ], [ 110.573057305730572, -6.78435343534353 ], [ 110.57538253825382, -6.781578157815775 ], [ 110.573357335733576, -6.785103510351032 ], [ 110.567956795679564, -6.781728172817276 ], [ 110.568481848184817, -6.781428142814283 ], [ 110.569456945694569, -6.778727872787285 ], [ 110.569081908190824, -6.777902790279034 ] ], [ [ 110.57043204320432, -6.777602760276035 ], [ 110.570657065706584, -6.77767776777678 ], [ 110.570357035703566, -6.777977797779783 ], [ 110.57043204320432, -6.777602760276035 ] ], [ [ 110.568931893189315, -6.777827782778282 ], [ 110.569006900690084, -6.777752775277528 ], [ 110.569006900690084, -6.777827782778283 ], [ 110.568931893189315, -6.777827782778282 ] ], [ [ 110.568331833183322, -6.778952895289534 ], [ 110.568931893189315, -6.778052805280522 ], [ 110.568706870687066, -6.778877887788775 ], [ 110.568331833183322, -6.778952895289534 ] ], [ [ 110.570732073207324, -6.77790279027903 ], [ 110.570807080708065, -6.777827782778278 ], [ 110.570807080708065, -6.777902790279033 ], [ 110.570732073207324, -6.77790279027903 ] ], [ [ 110.569756975697572, -6.778052805280524 ], [ 110.569831983198327, -6.777902790279032 ], [ 110.569831983198327, -6.778052805280522 ], [ 110.569756975697572, -6.778052805280524 ] ], [ [ 110.570132013201317, -6.778052805280524 ], [ 110.570207020702071, -6.777977797779784 ], [ 110.570207020702071, -6.778052805280534 ], [ 110.570132013201317, -6.778052805280524 ] ], [ [ 110.569831983198327, -6.778352835283526 ], [ 110.570057005700576, -6.778052805280534 ], [ 110.569906990699067, -6.778352835283534 ], [ 110.569831983198327, -6.778352835283526 ] ], [ [ 110.570057005700576, -6.778352835283534 ], [ 110.570132013201317, -6.778127812781281 ], [ 110.570132013201317, -6.778352835283525 ], [ 110.570057005700576, -6.778352835283534 ] ], [ [ 110.570207020702071, -6.778352835283521 ], [ 110.570357035703566, -6.778127812781271 ], [ 110.570282028202826, -6.778352835283526 ], [ 110.570207020702071, -6.778352835283521 ] ], [ [ 110.570357035703566, -6.77857785778578 ], [ 110.570732073207324, -6.778202820282024 ], [ 110.570132013201317, -6.779102910291031 ], [ 110.569906990699067, -6.77865286528652 ], [ 110.570357035703566, -6.77857785778578 ] ], [ [ 110.569081908190824, -6.778727872787286 ], [ 110.569156915691565, -6.778577857785771 ], [ 110.569156915691565, -6.778727872787278 ], [ 110.569081908190824, -6.778727872787286 ] ], [ [ 110.569006900690084, -6.77895289528953 ], [ 110.569081908190824, -6.778802880288033 ], [ 110.569081908190824, -6.778952895289531 ], [ 110.569006900690084, -6.77895289528953 ] ], [ [ 110.568931893189315, -6.779102910291029 ], [ 110.569006900690084, -6.779027902790282 ], [ 110.569006900690084, -6.779102910291021 ], [ 110.568931893189315, -6.779102910291029 ] ], [ [ 110.569081908190824, -6.779102910291035 ], [ 110.569156915691565, -6.779027902790283 ], [ 110.569156915691565, -6.77910291029102 ], [ 110.569081908190824, -6.779102910291035 ] ], [ [ 110.570057005700576, -6.779252925292536 ], [ 110.570132013201317, -6.779102910291031 ], [ 110.570132013201317, -6.779252925292522 ], [ 110.570057005700576, -6.779252925292536 ] ], [ [ 110.569006900690084, -6.779402940294024 ], [ 110.569081908190824, -6.779252925292529 ], [ 110.569081908190824, -6.779402940294031 ], [ 110.569006900690084, -6.779402940294024 ] ], [ [ 110.568931893189315, -6.779477947794775 ], [ 110.569006900690084, -6.779402940294024 ], [ 110.569006900690084, -6.779477947794778 ], [ 110.568931893189315, -6.779477947794775 ] ], [ [ 110.568781878187821, -6.780003000300034 ], [ 110.568856885688575, -6.779927992799273 ], [ 110.568856885688575, -6.780003000300021 ], [ 110.568781878187821, -6.780003000300034 ] ], [ [ 110.569531953195323, -6.78090309030903 ], [ 110.569606960696063, -6.780828082808281 ], [ 110.569606960696063, -6.780903090309029 ], [ 110.569531953195323, -6.78090309030903 ] ], [ [ 110.574932493249335, -6.781578157815782 ], [ 110.57508250825083, -6.781428142814285 ], [ 110.575007500750075, -6.781578157815778 ], [ 110.574932493249335, -6.781578157815782 ] ], [ [ 110.574857485748581, -6.781728172817287 ], [ 110.575007500750075, -6.781653165316526 ], [ 110.575007500750075, -6.781803180318023 ], [ 110.574857485748581, -6.781728172817287 ] ], [ [ 110.574707470747072, -6.781878187818775 ], [ 110.574782478247826, -6.781803180318023 ], [ 110.574782478247826, -6.781878187818775 ], [ 110.574707470747072, -6.781878187818775 ] ], [ [ 110.568181818181813, -6.782178217821778 ], [ 110.568331833183322, -6.782103210321028 ], [ 110.568031803180318, -6.782778277827785 ], [ 110.568181818181813, -6.782178217821778 ] ], [ [ 110.568331833183322, -6.782253225322534 ], [ 110.568406840684062, -6.782178217821789 ], [ 110.568406840684062, -6.782253225322536 ], [ 110.568331833183322, -6.782253225322534 ] ], [ [ 110.569906990699067, -6.782328232823277 ], [ 110.569981998199836, -6.782253225322526 ], [ 110.569981998199836, -6.78232823282329 ], [ 110.569906990699067, -6.782328232823277 ] ], [ [ 110.568406840684062, -6.782553255325533 ], [ 110.568481848184817, -6.782478247824779 ], [ 110.568481848184817, -6.782553255325532 ], [ 110.568406840684062, -6.782553255325533 ] ], [ [ 110.568631863186312, -6.782553255325525 ], [ 110.568706870687066, -6.782478247824786 ], [ 110.568706870687066, -6.782553255325535 ], [ 110.568631863186312, -6.782553255325525 ] ], [ [ 110.567881788178823, -6.782853285328532 ], [ 110.567956795679564, -6.782778277827778 ], [ 110.567956795679564, -6.78285328532854 ], [ 110.567881788178823, -6.782853285328532 ] ], [ [ 110.571032103210328, -6.782928292829276 ], [ 110.571107110711068, -6.782853285328538 ], [ 110.571107110711068, -6.782928292829285 ], [ 110.571032103210328, -6.782928292829276 ] ], [ [ 110.567806780678069, -6.78307830783079 ], [ 110.567881788178823, -6.782928292829283 ], [ 110.567881788178823, -6.783078307830784 ], [ 110.567806780678069, -6.78307830783079 ] ], [ [ 110.571182118211823, -6.783003300330039 ], [ 110.571257125712577, -6.78292829282928 ], [ 110.571257125712577, -6.783003300330039 ], [ 110.571182118211823, -6.783003300330039 ] ], [ [ 110.569831983198327, -6.783078307830787 ], [ 110.569906990699067, -6.78300330033003 ], [ 110.569906990699067, -6.783078307830788 ], [ 110.569831983198327, -6.783078307830787 ] ], [ [ 110.567731773177314, -6.783228322832283 ], [ 110.567806780678069, -6.78307830783079 ], [ 110.567806780678069, -6.783228322832282 ], [ 110.567731773177314, -6.783228322832283 ] ], [ [ 110.567956795679564, -6.78345334533453 ], [ 110.568481848184817, -6.783153315331533 ], [ 110.568556855685571, -6.783378337833788 ], [ 110.567956795679564, -6.78345334533453 ] ], [ [ 110.567656765676574, -6.783378337833778 ], [ 110.567731773177314, -6.783228322832283 ], [ 110.567731773177314, -6.78337833783378 ], [ 110.567656765676574, -6.783378337833778 ] ], [ [ 110.57208220822082, -6.783303330333034 ], [ 110.572157215721575, -6.783228322832287 ], [ 110.572157215721575, -6.783303330333029 ], [ 110.57208220822082, -6.783303330333034 ] ], [ [ 110.56758175817582, -6.783528352835274 ], [ 110.567656765676574, -6.783378337833778 ], [ 110.567656765676574, -6.783528352835281 ], [ 110.56758175817582, -6.783528352835274 ] ], [ [ 110.572232223222329, -6.78345334533453 ], [ 110.572307230723084, -6.783378337833783 ], [ 110.572307230723084, -6.78345334533454 ], [ 110.572232223222329, -6.78345334533453 ] ], [ [ 110.568106810681073, -6.783603360336026 ], [ 110.568256825682568, -6.783528352835291 ], [ 110.568256825682568, -6.783603360336026 ], [ 110.568106810681073, -6.783603360336026 ] ], [ [ 110.567506750675065, -6.783678367836789 ], [ 110.56758175817582, -6.783603360336026 ], [ 110.56758175817582, -6.783678367836782 ], [ 110.567506750675065, -6.783678367836789 ] ], [ [ 110.572682268226828, -6.783753375337536 ], [ 110.572757275727568, -6.783678367836781 ], [ 110.572757275727568, -6.783753375337533 ], [ 110.572682268226828, -6.783753375337536 ] ], [ [ 110.567431743174311, -6.783828382838284 ], [ 110.567506750675065, -6.783753375337534 ], [ 110.567506750675065, -6.783828382838285 ], [ 110.567431743174311, -6.783828382838284 ] ], [ [ 110.567356735673584, -6.783978397839782 ], [ 110.567431743174311, -6.783903390339041 ], [ 110.567431743174311, -6.783978397839787 ], [ 110.567356735673584, -6.783978397839782 ] ], [ [ 110.572832283228323, -6.784203420342027 ], [ 110.572907290729077, -6.78397839783979 ], [ 110.572982298229817, -6.784203420342037 ], [ 110.572832283228323, -6.784203420342027 ] ], [ [ 110.567206720672061, -6.784278427842785 ], [ 110.567281728172816, -6.784203420342036 ], [ 110.567281728172816, -6.784278427842786 ], [ 110.567206720672061, -6.784278427842785 ] ], [ [ 110.566531653165313, -6.785028502850289 ], [ 110.566906690669072, -6.784878487848777 ], [ 110.566906690669072, -6.785028502850285 ], [ 110.566531653165313, -6.785028502850289 ] ], [ [ 110.56758175817582, -6.785178517851791 ], [ 110.567731773177314, -6.78495349534954 ], [ 110.567656765676574, -6.785178517851779 ], [ 110.56758175817582, -6.785178517851791 ] ], [ [ 110.573132313231326, -6.785178517851786 ], [ 110.573207320732067, -6.785103510351038 ], [ 110.573207320732067, -6.785178517851782 ], [ 110.573132313231326, -6.785178517851786 ] ], [ [ 110.566531653165313, -6.785628562856289 ], [ 110.566606660666068, -6.785553555355536 ], [ 110.566606660666068, -6.785628562856289 ], [ 110.566531653165313, -6.785628562856289 ] ], [ [ 110.566456645664573, -6.78607860786078 ], [ 110.566531653165313, -6.786003600360032 ], [ 110.566531653165313, -6.786078607860785 ], [ 110.566456645664573, -6.78607860786078 ] ], [ [ 110.566381638163818, -6.786303630363046 ], [ 110.566456645664573, -6.786153615361536 ], [ 110.566456645664573, -6.786303630363031 ], [ 110.566381638163818, -6.786303630363046 ] ], [ [ 110.583258325832588, -6.78727872787278 ], [ 110.584383438343835, -6.786903690369043 ], [ 110.583708370837087, -6.787878787878784 ], [ 110.583258325832588, -6.78727872787278 ] ], [ [ 110.569606960696063, -6.78817881788178 ], [ 110.569906990699067, -6.787428742874281 ], [ 110.570357035703566, -6.786978697869792 ], [ 110.570132013201317, -6.788403840384031 ], [ 110.569606960696063, -6.78817881788178 ] ], [ [ 110.569981998199836, -6.787203720372033 ], [ 110.570057005700576, -6.78712871287128 ], [ 110.570057005700576, -6.787203720372031 ], [ 110.569981998199836, -6.787203720372033 ] ], [ [ 110.574782478247826, -6.788628862886287 ], [ 110.576207620762077, -6.787578757875786 ], [ 110.574932493249335, -6.789078907890785 ], [ 110.574782478247826, -6.788628862886287 ] ], [ [ 110.569906990699067, -6.787278727872788 ], [ 110.569981998199836, -6.787203720372033 ], [ 110.569981998199836, -6.787278727872792 ], [ 110.569906990699067, -6.787278727872788 ] ], [ [ 110.569381938193814, -6.788778877887792 ], [ 110.569756975697572, -6.788778877887787 ], [ 110.570357035703566, -6.788478847884782 ], [ 110.575532553255329, -6.790054005400543 ], [ 110.576432643264326, -6.792304230423033 ], [ 110.579057905790577, -6.792754275427535 ], [ 110.57680768076807, -6.792979297929794 ], [ 110.575532553255329, -6.790804080408039 ], [ 110.569381938193814, -6.788778877887792 ] ], [ [ 110.569981998199836, -6.788478847884785 ], [ 110.570057005700576, -6.788403840384047 ], [ 110.570057005700576, -6.788478847884793 ], [ 110.569981998199836, -6.788478847884785 ] ], [ [ 110.565181518151817, -6.789228922892292 ], [ 110.565256525652572, -6.789153915391534 ], [ 110.565256525652572, -6.789228922892282 ], [ 110.565181518151817, -6.789228922892292 ] ], [ [ 110.565331533153312, -6.791629162916288 ], [ 110.567881788178823, -6.789453945394539 ], [ 110.566456645664573, -6.791929192919294 ], [ 110.565331533153312, -6.791629162916288 ] ], [ [ 110.570207020702071, -6.790054005400548 ], [ 110.57515751575157, -6.790804080408039 ], [ 110.575832583258332, -6.792454245424544 ], [ 110.570207020702071, -6.790054005400548 ] ], [ [ 110.569531953195323, -6.789753975397541 ], [ 110.569831983198327, -6.789678967896786 ], [ 110.569531953195323, -6.789903990399035 ], [ 110.569531953195323, -6.789753975397541 ] ], [ [ 110.56458145814581, -6.791254125412532 ], [ 110.564731473147319, -6.79102910291029 ], [ 110.564656465646564, -6.791254125412542 ], [ 110.56458145814581, -6.791254125412532 ] ], [ [ 110.564956495649568, -6.791329132913291 ], [ 110.565106510651063, -6.791179117911793 ], [ 110.565106510651063, -6.791329132913296 ], [ 110.564956495649568, -6.791329132913291 ] ], [ [ 110.565406540654067, -6.791329132913297 ], [ 110.565481548154821, -6.791179117911787 ], [ 110.565481548154821, -6.791329132913285 ], [ 110.565406540654067, -6.791329132913297 ] ], [ [ 110.564731473147319, -6.791329132913289 ], [ 110.564806480648059, -6.791254125412546 ], [ 110.564806480648059, -6.791329132913289 ], [ 110.564731473147319, -6.791329132913289 ] ], [ [ 110.564881488148814, -6.791479147914784 ], [ 110.564956495649568, -6.791329132913291 ], [ 110.565031503150323, -6.791479147914791 ], [ 110.564881488148814, -6.791479147914784 ] ], [ [ 110.563831383138307, -6.791779177917789 ], [ 110.564206420642066, -6.791479147914784 ], [ 110.563831383138307, -6.7919291929193 ], [ 110.563831383138307, -6.791779177917789 ] ], [ [ 110.565106510651063, -6.791554155415533 ], [ 110.565181518151817, -6.791479147914783 ], [ 110.565181518151817, -6.791554155415534 ], [ 110.565106510651063, -6.791554155415533 ] ], [ [ 110.573132313231326, -6.793429342934284 ], [ 110.574857485748581, -6.793654365436542 ], [ 110.574182418241818, -6.795604560456039 ], [ 110.572232223222329, -6.795004500450052 ], [ 110.573132313231326, -6.793429342934284 ] ], [ [ 110.581908190819078, -6.795079507950794 ], [ 110.582658265826581, -6.795829582958293 ], [ 110.581533153315334, -6.797479747974798 ], [ 110.581383138313825, -6.797029702970298 ], [ 110.581908190819078, -6.795079507950794 ] ], [ [ 110.575457545754574, -6.795754575457548 ], [ 110.577107710771074, -6.796429642964291 ], [ 110.576957695769579, -6.797329732973291 ], [ 110.57515751575157, -6.796729672967297 ], [ 110.575457545754574, -6.795754575457548 ] ], [ [ 110.570582058205815, -6.7970297029703 ], [ 110.571182118211823, -6.796579657965795 ], [ 110.572532253225319, -6.796954695469546 ], [ 110.570582058205815, -6.7970297029703 ] ], [ [ 110.579057905790577, -6.796504650465043 ], [ 110.579957995799575, -6.798529852985291 ], [ 110.580783078307832, -6.798004800480045 ], [ 110.580258025802578, -6.799429942994294 ], [ 110.57980798079808, -6.798679867986793 ], [ 110.577782778277822, -6.798604860486046 ], [ 110.579057905790577, -6.796504650465043 ] ], [ [ 110.563906390639062, -6.796879687968793 ], [ 110.563981398139816, -6.796804680468051 ], [ 110.563981398139816, -6.796879687968802 ], [ 110.563906390639062, -6.796879687968793 ] ], [ [ 110.563456345634563, -6.797254725472538 ], [ 110.563531353135318, -6.797179717971799 ], [ 110.563531353135318, -6.79725472547255 ], [ 110.563456345634563, -6.797254725472538 ] ], [ [ 110.560006000600055, -6.79785478547855 ], [ 110.560531053105308, -6.798154815481545 ], [ 110.560231023102304, -6.798229822982295 ], [ 110.560006000600055, -6.79785478547855 ] ], [ [ 110.563381338133823, -6.79740474047404 ], [ 110.563456345634563, -6.797329732973304 ], [ 110.563456345634563, -6.797404740474041 ], [ 110.563381338133823, -6.79740474047404 ] ], [ [ 110.563231323132314, -6.797629762976298 ], [ 110.563306330633068, -6.797554755475538 ], [ 110.563306330633068, -6.797629762976293 ], [ 110.563231323132314, -6.797629762976298 ] ], [ [ 110.580258025802578, -6.797704770477052 ], [ 110.580333033303333, -6.797629762976304 ], [ 110.580333033303333, -6.797704770477054 ], [ 110.580258025802578, -6.797704770477052 ] ], [ [ 110.57373237323732, -6.798679867986804 ], [ 110.574932493249335, -6.798229822982296 ], [ 110.574857485748581, -6.799054905490546 ], [ 110.57373237323732, -6.798679867986804 ] ], [ [ 110.580183018301824, -6.797929792979295 ], [ 110.580258025802578, -6.797779777977794 ], [ 110.580258025802578, -6.797929792979297 ], [ 110.580183018301824, -6.797929792979295 ] ], [ [ 110.580108010801084, -6.798079807980804 ], [ 110.580183018301824, -6.798004800480041 ], [ 110.580183018301824, -6.798079807980807 ], [ 110.580108010801084, -6.798079807980804 ] ], [ [ 110.580033003300329, -6.798304830483042 ], [ 110.580108010801084, -6.798229822982295 ], [ 110.580108010801084, -6.798304830483048 ], [ 110.580033003300329, -6.798304830483042 ] ], [ [ 110.579957995799575, -6.798454845484548 ], [ 110.580033003300329, -6.798379837983806 ], [ 110.580033003300329, -6.79845484548454 ], [ 110.579957995799575, -6.798454845484548 ] ], [ [ 110.582283228322837, -6.798679867986794 ], [ 110.582358235823577, -6.798604860486051 ], [ 110.582358235823577, -6.798679867986806 ], [ 110.582283228322837, -6.798679867986794 ] ], [ [ 110.579732973297325, -6.798979897989794 ], [ 110.57980798079808, -6.798904890489051 ], [ 110.57980798079808, -6.798979897989798 ], [ 110.579732973297325, -6.798979897989794 ] ], [ [ 110.578682868286833, -6.799354935493545 ], [ 110.578832883288328, -6.799279927992796 ], [ 110.578832883288328, -6.799354935493547 ], [ 110.578682868286833, -6.799354935493545 ] ], [ [ 110.560831083108312, -6.800105010501045 ], [ 110.560906090609066, -6.800030003000305 ], [ 110.560906090609066, -6.800105010501042 ], [ 110.560831083108312, -6.800105010501045 ] ], [ [ 110.560831083108312, -6.801305130513046 ], [ 110.560906090609066, -6.801230123012295 ], [ 110.560906090609066, -6.801305130513049 ], [ 110.560831083108312, -6.801305130513046 ] ], [ [ 110.561956195619558, -6.801530153015295 ], [ 110.562031203120313, -6.801455145514558 ], [ 110.562031203120313, -6.801530153015305 ], [ 110.561956195619558, -6.801530153015295 ] ], [ [ 110.560906090609066, -6.802505250525056 ], [ 110.560981098109806, -6.802430243024311 ], [ 110.560981098109806, -6.802505250525046 ], [ 110.560906090609066, -6.802505250525056 ] ], [ [ 110.561056105610575, -6.802580258025801 ], [ 110.561131113111315, -6.802505250525057 ], [ 110.561131113111315, -6.802580258025801 ], [ 110.561056105610575, -6.802580258025801 ] ], [ [ 110.567731773177314, -6.804905490549059 ], [ 110.567806780678069, -6.804830483048296 ], [ 110.567806780678069, -6.804905490549051 ], [ 110.567731773177314, -6.804905490549059 ] ], [ [ 110.568031803180318, -6.804905490549062 ], [ 110.568106810681073, -6.804830483048312 ], [ 110.568106810681073, -6.80490549054905 ], [ 110.568031803180318, -6.804905490549062 ] ], [ [ 110.568631863186312, -6.805205520552057 ], [ 110.568706870687066, -6.805130513051296 ], [ 110.568706870687066, -6.805205520552049 ], [ 110.568631863186312, -6.805205520552057 ] ], [ [ 110.558280828082815, -6.805280528052799 ], [ 110.558355835583555, -6.805205520552048 ], [ 110.558355835583555, -6.80528052805281 ], [ 110.558280828082815, -6.805280528052799 ] ], [ [ 110.560981098109806, -6.805355535553548 ], [ 110.561206120612056, -6.805280528052812 ], [ 110.561206120612056, -6.80535553555356 ], [ 110.560981098109806, -6.805355535553548 ] ], [ [ 110.568406840684062, -6.805355535553559 ], [ 110.568481848184817, -6.805280528052799 ], [ 110.568481848184817, -6.805355535553549 ], [ 110.568406840684062, -6.805355535553559 ] ], [ [ 110.561206120612056, -6.805430543054315 ], [ 110.561431143114305, -6.805355535553555 ], [ 110.561431143114305, -6.805430543054308 ], [ 110.561206120612056, -6.805430543054315 ] ], [ [ 110.568481848184817, -6.805430543054304 ], [ 110.568556855685571, -6.805355535553551 ], [ 110.568556855685571, -6.805430543054305 ], [ 110.568481848184817, -6.805430543054304 ] ], [ [ 110.568406840684062, -6.805505550555058 ], [ 110.568481848184817, -6.805430543054304 ], [ 110.568481848184817, -6.805505550555047 ], [ 110.568406840684062, -6.805505550555058 ] ], [ [ 110.561806180618063, -6.805580558055802 ], [ 110.561881188118818, -6.805505550555052 ], [ 110.561881188118818, -6.80558055805581 ], [ 110.561806180618063, -6.805580558055802 ] ], [ [ 110.56150615061506, -6.805655565556549 ], [ 110.561581158115814, -6.805580558055803 ], [ 110.561581158115814, -6.80565556555656 ], [ 110.56150615061506, -6.805655565556549 ] ], [ [ 110.562106210621067, -6.80573057305731 ], [ 110.562181218121808, -6.8055805580558 ], [ 110.562256225622562, -6.80573057305731 ], [ 110.562106210621067, -6.80573057305731 ] ], [ [ 110.562481248124811, -6.8058805880588 ], [ 110.562556255625566, -6.805805580558054 ], [ 110.562556255625566, -6.805880588058804 ], [ 110.562481248124811, -6.8058805880588 ] ], [ [ 110.562556255625566, -6.805955595559558 ], [ 110.562706270627075, -6.80588058805881 ], [ 110.562706270627075, -6.805955595559547 ], [ 110.562556255625566, -6.805955595559558 ] ], [ [ 110.577182718271828, -6.806105610561064 ], [ 110.577257725772597, -6.806030603060302 ], [ 110.577257725772597, -6.806105610561064 ], [ 110.577182718271828, -6.806105610561064 ] ], [ [ 110.557380738073803, -6.806480648064813 ], [ 110.557455745574558, -6.806405640564061 ], [ 110.557455745574558, -6.806480648064805 ], [ 110.557380738073803, -6.806480648064813 ] ], [ [ 110.557455745574558, -6.806555655565553 ], [ 110.557530753075312, -6.806480648064807 ], [ 110.557530753075312, -6.806555655565555 ], [ 110.557455745574558, -6.806555655565553 ] ], [ [ 110.556255625562557, -6.807605760576061 ], [ 110.557455745574558, -6.807230723072302 ], [ 110.555955595559553, -6.808580858085801 ], [ 110.556255625562557, -6.807605760576061 ] ], [ [ 110.557755775577562, -6.806855685568549 ], [ 110.557755775577562, -6.806555655565562 ], [ 110.557980798079811, -6.806855685568553 ], [ 110.557755775577562, -6.806855685568549 ] ], [ [ 110.557755775577562, -6.807680768076814 ], [ 110.558430843084324, -6.8073807380738 ], [ 110.557305730573063, -6.808280828082805 ], [ 110.557230723072308, -6.807980798079803 ], [ 110.557080708070814, -6.807905790579055 ], [ 110.557755775577562, -6.807680768076814 ] ], [ [ 110.558505850585064, -6.807380738073803 ], [ 110.558580858085804, -6.807305730573066 ], [ 110.558580858085804, -6.8073807380738 ], [ 110.558505850585064, -6.807380738073803 ] ], [ [ 110.557680768076807, -6.807455745574551 ], [ 110.557755775577562, -6.807380738073803 ], [ 110.557755775577562, -6.807455745574567 ], [ 110.557680768076807, -6.807455745574551 ] ], [ [ 110.557155715571554, -6.807680768076811 ], [ 110.557230723072308, -6.807605760576057 ], [ 110.557230723072308, -6.807680768076812 ], [ 110.557155715571554, -6.807680768076811 ] ], [ [ 110.557080708070814, -6.807755775577557 ], [ 110.557155715571554, -6.807680768076811 ], [ 110.557155715571554, -6.807755775577554 ], [ 110.557080708070814, -6.807755775577557 ] ], [ [ 110.557155715571554, -6.808205820582049 ], [ 110.557230723072308, -6.808130813081303 ], [ 110.557230723072308, -6.80820582058206 ], [ 110.557155715571554, -6.808205820582049 ] ], [ [ 110.557005700570059, -6.808355835583554 ], [ 110.557080708070814, -6.808280828082807 ], [ 110.557080708070814, -6.808355835583556 ], [ 110.557005700570059, -6.808355835583554 ] ], [ [ 110.557230723072308, -6.808355835583558 ], [ 110.557305730573063, -6.808280828082805 ], [ 110.557305730573063, -6.808355835583558 ], [ 110.557230723072308, -6.808355835583558 ] ], [ [ 110.557155715571554, -6.808430843084317 ], [ 110.557230723072308, -6.808355835583558 ], [ 110.557230723072308, -6.808430843084313 ], [ 110.557155715571554, -6.808430843084317 ] ], [ [ 110.568706870687066, -6.810531053105305 ], [ 110.570732073207324, -6.809180918091815 ], [ 110.570132013201317, -6.809630963096309 ], [ 110.569456945694569, -6.810531053105313 ], [ 110.570507050705075, -6.810981098109809 ], [ 110.570282028202826, -6.811506150615065 ], [ 110.568706870687066, -6.810531053105305 ] ], [ [ 110.570207020702071, -6.809705970597059 ], [ 110.570282028202826, -6.809630963096303 ], [ 110.570282028202826, -6.809705970597054 ], [ 110.570207020702071, -6.809705970597059 ] ], [ [ 110.570057005700576, -6.810006000600055 ], [ 110.570132013201317, -6.809930993099302 ], [ 110.570132013201317, -6.810006000600061 ], [ 110.570057005700576, -6.810006000600055 ] ] ] } },
{ "type": "Feature", "properties": { "year": 2033, "layer": "atrisk" }, "geometry": { "type": "Polygon", "coordinates": [ [ [ 110.552730273027308, -6.829732973297334 ], [ 110.550930093009299, -6.829507950795082 ], [ 110.553030303030297, -6.830033003300328 ], [ 110.552730273027308, -6.829732973297334 ] ] ] } },
{ "type": "Feature", "properties": { "year": 2033, "layer": "atrisk" }, "geometry": { "type": "Polygon", "coordinates": [ [ [ 110.540204020402044, -6.840534053405334 ], [ 110.539828982898285, -6.840909090909084 ], [ 110.540729072907297, -6.841584158415849 ], [ 110.540954095409546, -6.841134113411338 ], [ 110.540204020402044, -6.840534053405334 ] ], [ [ 110.540204020402044, -6.841059105910593 ], [ 110.540279027902784, -6.840984098409846 ], [ 110.540279027902784, -6.841059105910588 ], [ 110.540204020402044, -6.841059105910593 ] ], [ [ 110.540579057905802, -6.84143414341434 ], [ 110.540654065406542, -6.841359135913595 ], [ 110.540654065406542, -6.841434143414335 ], [ 110.540579057905802, -6.84143414341434 ] ] ] } },
{ "type": "Feature", "properties": { "year": 2033, "layer": "atrisk" }, "geometry": { "type": "Polygon", "coordinates": [ [ [ 110.527302730273021, -6.848034803480345 ], [ 110.522652265226526, -6.848334833483343 ], [ 110.521827182718269, -6.848709870987097 ], [ 110.521827182718269, -6.848859885988604 ], [ 110.524827482748279, -6.850210021002092 ], [ 110.527302730273021, -6.848034803480345 ] ] ] } },
{ "type": "Feature", "properties": { "year": 2033, "layer": "atrisk" }, "geometry": { "type": "Polygon", "coordinates": [ [ [ 110.552430243024304, -6.809030903090306 ], [ 110.549204920492045, -6.813006300630066 ], [ 110.549804980498052, -6.817431743174314 ], [ 110.547554755475545, -6.820282028202814 ], [ 110.545904590459045, -6.821482148214819 ], [ 110.544029402940296, -6.819906990699073 ], [ 110.542454245424537, -6.820657065706573 ], [ 110.537353735373543, -6.827182718271833 ], [ 110.534953495349541, -6.82778277827782 ], [ 110.530453045304526, -6.832283228322837 ], [ 110.530978097809779, -6.833258325832586 ], [ 110.533003300330051, -6.83483348334834 ], [ 110.533903390339034, -6.833183318331834 ], [ 110.535028502850281, -6.832133213321329 ], [ 110.53352835283529, -6.836183618361843 ], [ 110.529777977797778, -6.832283228322838 ], [ 110.520102010201029, -6.834983498349827 ], [ 110.523402340234028, -6.838508850885088 ], [ 110.527527752775271, -6.839333933393331 ], [ 110.528052805280524, -6.843459345934591 ], [ 110.528802880288026, -6.844659465946592 ], [ 110.527527752775271, -6.848109810981098 ], [ 110.528952895289535, -6.847959795979596 ], [ 110.52910291029103, -6.846159615961594 ], [ 110.531053105310534, -6.845934593459344 ], [ 110.531428142814278, -6.846459645964596 ], [ 110.530003000300042, -6.846234623462352 ], [ 110.529327932793279, -6.848484848484846 ], [ 110.527602760276025, -6.848709870987093 ], [ 110.526477647764779, -6.850960096009591 ], [ 110.524527452745275, -6.850660066006609 ], [ 110.521677167716774, -6.851485148514854 ], [ 110.521227122712276, -6.849534953495352 ], [ 110.519726972697271, -6.854560456045603 ], [ 110.521677167716774, -6.85493549354936 ], [ 110.51852685268527, -6.857410741074108 ], [ 110.518376837683775, -6.855160516051601 ], [ 110.51522652265227, -6.85913591359135 ], [ 110.515901590159018, -6.860561056105607 ], [ 110.515976597659773, -6.859735973597357 ], [ 110.520027002700274, -6.856510651065108 ], [ 110.516426642664271, -6.860411041104116 ], [ 110.51852685268527, -6.861386138613852 ], [ 110.521827182718269, -6.85943594359436 ], [ 110.521527152715265, -6.855310531053106 ], [ 110.524002400240022, -6.854935493549362 ], [ 110.523927392739267, -6.854110411041097 ], [ 110.52632763276327, -6.85433543354335 ], [ 110.530228022802277, -6.852760276027608 ], [ 110.537728772877287, -6.846609660966095 ], [ 110.53990399039904, -6.843309330933097 ], [ 110.53825382538254, -6.840759075907598 ], [ 110.540279027902784, -6.842259225922596 ], [ 110.540579057905802, -6.841884188418846 ], [ 110.536078607860787, -6.838208820882088 ], [ 110.539828982898285, -6.840684068406839 ], [ 110.539978997899794, -6.840684068406839 ], [ 110.540054005400535, -6.840309030903087 ], [ 110.539078907890783, -6.83925892589259 ], [ 110.539528952895296, -6.83925892589259 ], [ 110.540054005400535, -6.840159015901597 ], [ 110.541179117911796, -6.840684068406834 ], [ 110.542754275427541, -6.834383438343829 ], [ 110.54740474047405, -6.833033303330324 ], [ 110.547254725472541, -6.832658265826582 ], [ 110.5459795979598, -6.832283228322824 ], [ 110.545304530453052, -6.831758175817582 ], [ 110.545079507950788, -6.831758175817584 ], [ 110.546654665466548, -6.828457845784582 ], [ 110.54605460546054, -6.826807680768074 ], [ 110.547554755475545, -6.828157815781578 ], [ 110.546354635463544, -6.830033003300328 ], [ 110.545829582958291, -6.831608160816077 ], [ 110.547854785478563, -6.832508250825081 ], [ 110.5476297629763, -6.833183318331837 ], [ 110.547779777977794, -6.833258325832576 ], [ 110.551080108010808, -6.831833183318333 ], [ 110.549504950495063, -6.830783078307832 ], [ 110.548754875487546, -6.827632763276327 ], [ 110.550180018001797, -6.829057905790577 ], [ 110.5504800480048, -6.828832883288331 ], [ 110.549429942994294, -6.828232823282331 ], [ 110.549429942994294, -6.827857785778569 ], [ 110.554680468046811, -6.829507950795079 ], [ 110.559480948094816, -6.824407440744069 ], [ 110.562631263126306, -6.817656765676563 ], [ 110.552430243024304, -6.809030903090306 ] ], [ [ 110.551005100510054, -6.810906090609062 ], [ 110.551080108010808, -6.810831083108313 ], [ 110.551080108010808, -6.81090609060906 ], [ 110.551005100510054, -6.810906090609062 ] ], [ [ 110.551980198019805, -6.815331533153317 ], [ 110.550630063006295, -6.814206420642066 ], [ 110.551830183018296, -6.815031503150312 ], [ 110.551980198019805, -6.815331533153317 ] ], [ [ 110.551830183018296, -6.815481548154821 ], [ 110.551905190519051, -6.815406540654063 ], [ 110.551905190519051, -6.815481548154811 ], [ 110.551830183018296, -6.815481548154821 ] ], [ [ 110.549804980498052, -6.817506750675069 ], [ 110.549879987998793, -6.817431743174319 ], [ 110.549879987998793, -6.817506750675068 ], [ 110.549804980498052, -6.817506750675069 ] ], [ [ 110.551755175517556, -6.821182118211821 ], [ 110.551980198019805, -6.822382238223824 ], [ 110.550330033003306, -6.824482448244831 ], [ 110.546729672967302, -6.826582658265831 ], [ 110.543654365436538, -6.824332433243326 ], [ 110.544779477947799, -6.821257125712567 ], [ 110.545754575457551, -6.82170717071707 ], [ 110.545079507950788, -6.823657365736573 ], [ 110.547779777977794, -6.825232523252319 ], [ 110.551755175517556, -6.821182118211821 ] ], [ [ 110.552430243024304, -6.825157515751583 ], [ 110.553255325532547, -6.824782478247828 ], [ 110.552580258025799, -6.826057605760568 ], [ 110.552430243024304, -6.825157515751583 ] ], [ [ 110.542529252925291, -6.82515751575158 ], [ 110.542604260426046, -6.825082508250829 ], [ 110.542604260426046, -6.825157515751576 ], [ 110.542529252925291, -6.82515751575158 ] ], [ [ 110.542229222922302, -6.82530753075307 ], [ 110.542304230423042, -6.825232523252323 ], [ 110.542304230423042, -6.825307530753075 ], [ 110.542229222922302, -6.82530753075307 ] ], [ [ 110.542079207920793, -6.825457545754577 ], [ 110.542154215421547, -6.825382538253835 ], [ 110.542154215421547, -6.825457545754579 ], [ 110.542079207920793, -6.825457545754577 ] ], [ [ 110.541854185418543, -6.825532553255331 ], [ 110.542079207920793, -6.825532553255331 ], [ 110.541854185418543, -6.825682568256831 ], [ 110.541854185418543, -6.825532553255331 ] ], [ [ 110.540579057905802, -6.826207620762081 ], [ 110.541104110411041, -6.82620762076207 ], [ 110.540579057905802, -6.826582658265828 ], [ 110.540579057905802, -6.826207620762081 ] ], [ [ 110.540429042904293, -6.826582658265835 ], [ 110.540504050405048, -6.826507650765076 ], [ 110.540504050405048, -6.826582658265819 ], [ 110.540429042904293, -6.826582658265835 ] ], [ [ 110.540354035403539, -6.826732673267327 ], [ 110.540429042904293, -6.826657665766571 ], [ 110.540429042904293, -6.826732673267326 ], [ 110.540354035403539, -6.826732673267327 ] ], [ [ 110.540129012901289, -6.826807680768074 ], [ 110.540354035403539, -6.826732673267327 ], [ 110.540354035403539, -6.826807680768077 ], [ 110.540129012901289, -6.826807680768074 ] ], [ [ 110.536303630363051, -6.827782778277836 ], [ 110.538703870387039, -6.832508250825083 ], [ 110.542754275427541, -6.833858385838584 ], [ 110.542379237923797, -6.834683468346832 ], [ 110.537878787878782, -6.832133213321326 ], [ 110.536303630363051, -6.827782778277836 ] ], [ [ 110.547554755475545, -6.828007800780072 ], [ 110.5476297629763, -6.827932793279324 ], [ 110.5476297629763, -6.828007800780071 ], [ 110.547554755475545, -6.828007800780072 ] ], [ [ 110.546429642964299, -6.83018301830183 ], [ 110.546504650465053, -6.830108010801074 ], [ 110.546504650465053, -6.830183018301832 ], [ 110.546429642964299, -6.83018301830183 ] ], [ [ 110.545229522952312, -6.831908190819081 ], [ 110.545304530453052, -6.831833183318338 ], [ 110.545304530453052, -6.831908190819082 ], [ 110.545229522952312, -6.831908190819081 ] ], [ [ 110.535028502850281, -6.832508250825082 ], [ 110.535103510351036, -6.832358235823581 ], [ 110.535103510351036, -6.832508250825074 ], [ 110.535028502850281, -6.832508250825082 ] ], [ [ 110.540729072907297, -6.832958295829575 ], [ 110.540879087908792, -6.832883288328838 ], [ 110.540879087908792, -6.832958295829585 ], [ 110.540729072907297, -6.832958295829575 ] ], [ [ 110.530978097809779, -6.833108310831088 ], [ 110.531053105310534, -6.833033303330342 ], [ 110.531053105310534, -6.833108310831085 ], [ 110.530978097809779, -6.833108310831088 ] ], [ [ 110.541104110411041, -6.833108310831081 ], [ 110.541179117911796, -6.833033303330332 ], [ 110.541179117911796, -6.833108310831082 ], [ 110.541104110411041, -6.833108310831081 ] ], [ [ 110.525802580258031, -6.83438343834383 ], [ 110.527527752775271, -6.83700870087009 ], [ 110.528727872787272, -6.837308730873082 ], [ 110.527302730273021, -6.837083708370833 ], [ 110.524227422742271, -6.835133513351327 ], [ 110.525802580258031, -6.83438343834383 ] ], [ [ 110.542004200420038, -6.834833483348326 ], [ 110.542229222922302, -6.834908490849089 ], [ 110.542004200420038, -6.835058505850592 ], [ 110.542004200420038, -6.834833483348326 ] ], [ [ 110.522577257725771, -6.834833483348338 ], [ 110.525352535253532, -6.836333633363331 ], [ 110.525352535253532, -6.836558655865579 ], [ 110.524752475247524, -6.836483648364839 ], [ 110.52460246024603, -6.836708670867095 ], [ 110.524827482748279, -6.837833783378334 ], [ 110.521902190219024, -6.836558655865588 ], [ 110.522577257725771, -6.834833483348338 ] ], [ [ 110.52745274527453, -6.835883588358832 ], [ 110.527527752775271, -6.835808580858094 ], [ 110.527527752775271, -6.835883588358843 ], [ 110.52745274527453, -6.835883588358832 ] ], [ [ 110.52737773777379, -6.835958595859584 ], [ 110.52745274527453, -6.835883588358832 ], [ 110.52745274527453, -6.835958595859585 ], [ 110.52737773777379, -6.835958595859584 ] ], [ [ 110.53382838283828, -6.836258625862595 ], [ 110.533903390339034, -6.83610861086108 ], [ 110.533978397839789, -6.836258625862581 ], [ 110.53382838283828, -6.836258625862595 ] ], [ [ 110.53382838283828, -6.836408640864091 ], [ 110.534278427842779, -6.836408640864083 ], [ 110.534278427842779, -6.836483648364831 ], [ 110.53382838283828, -6.836408640864091 ] ], [ [ 110.534278427842779, -6.836558655865585 ], [ 110.534353435343533, -6.836483648364834 ], [ 110.534353435343533, -6.836558655865594 ], [ 110.534278427842779, -6.836558655865585 ] ], [ [ 110.524827482748279, -6.836708670867087 ], [ 110.524977497749774, -6.836633663366333 ], [ 110.524977497749774, -6.836783678367844 ], [ 110.524827482748279, -6.836708670867087 ] ], [ [ 110.534128412841284, -6.836633663366342 ], [ 110.534203420342038, -6.836558655865587 ], [ 110.534203420342038, -6.836633663366339 ], [ 110.534128412841284, -6.836633663366342 ] ], [ [ 110.534953495349541, -6.837158715871591 ], [ 110.536378637863791, -6.837158715871579 ], [ 110.536378637863791, -6.837608760876088 ], [ 110.534953495349541, -6.837158715871591 ] ], [ [ 110.529627962796283, -6.836933693369329 ], [ 110.5303780378038, -6.836633663366339 ], [ 110.530453045304526, -6.837083708370838 ], [ 110.529627962796283, -6.836933693369329 ] ], [ [ 110.527527752775271, -6.836783678367838 ], [ 110.527602760276025, -6.836708670867093 ], [ 110.527602760276025, -6.836783678367828 ], [ 110.527527752775271, -6.836783678367838 ] ], [ [ 110.525052505250528, -6.836858685868585 ], [ 110.525127512751268, -6.836783678367834 ], [ 110.525127512751268, -6.836858685868588 ], [ 110.525052505250528, -6.836858685868585 ] ], [ [ 110.527527752775271, -6.83693369336934 ], [ 110.527602760276025, -6.836858685868586 ], [ 110.527602760276025, -6.836933693369331 ], [ 110.527527752775271, -6.83693369336934 ] ], [ [ 110.527752775277534, -6.836933693369337 ], [ 110.527977797779783, -6.836858685868595 ], [ 110.527977797779783, -6.836933693369339 ], [ 110.527752775277534, -6.836933693369337 ] ], [ [ 110.528802880288026, -6.837083708370836 ], [ 110.53240324032403, -6.837533753375336 ], [ 110.534053405340529, -6.838133813381343 ], [ 110.532478247824784, -6.838208820882084 ], [ 110.528802880288026, -6.837083708370836 ] ], [ [ 110.536453645364531, -6.837383738373842 ], [ 110.536528652865286, -6.837308730873095 ], [ 110.536528652865286, -6.837383738373842 ], [ 110.536453645364531, -6.837383738373842 ] ], [ [ 110.527152715271527, -6.837383738373834 ], [ 110.530078007800782, -6.837758775877591 ], [ 110.530453045304526, -6.837983798379833 ], [ 110.528352835283542, -6.837983798379831 ], [ 110.527152715271527, -6.837383738373834 ] ], [ [ 110.530453045304526, -6.838133813381331 ], [ 110.530828082808284, -6.837908790879085 ], [ 110.531503150315032, -6.838283828382837 ], [ 110.530453045304526, -6.838133813381331 ] ], [ [ 110.533378337833781, -6.838733873387337 ], [ 110.535403540354039, -6.838433843384344 ], [ 110.535928592859293, -6.838733873387333 ], [ 110.533378337833781, -6.838733873387337 ] ], [ [ 110.536303630363051, -6.838958895889581 ], [ 110.536753675367535, -6.839108910891095 ], [ 110.536978697869785, -6.839408940894093 ], [ 110.536453645364531, -6.839258925892597 ], [ 110.536303630363051, -6.838958895889581 ] ], [ [ 110.536003600360033, -6.839033903390337 ], [ 110.536153615361542, -6.838958895889597 ], [ 110.536153615361542, -6.839033903390342 ], [ 110.536003600360033, -6.839033903390337 ] ], [ [ 110.537278727872803, -6.839708970897087 ], [ 110.537353735373543, -6.839633963396346 ], [ 110.537353735373543, -6.839708970897087 ], [ 110.537278727872803, -6.839708970897087 ] ], [ [ 110.531203120312028, -6.83978397839784 ], [ 110.531428142814278, -6.839933993399338 ], [ 110.531278127812783, -6.840009000900089 ], [ 110.530978097809779, -6.840384038403848 ], [ 110.531203120312028, -6.83978397839784 ] ], [ [ 110.537578757875792, -6.839933993399333 ], [ 110.537653765376533, -6.839858985898593 ], [ 110.537653765376533, -6.839933993399347 ], [ 110.537578757875792, -6.839933993399333 ] ], [ [ 110.531353135313552, -6.840084008400837 ], [ 110.531428142814278, -6.840009000900097 ], [ 110.531428142814278, -6.840084008400845 ], [ 110.531353135313552, -6.840084008400837 ] ], [ [ 110.533678367836785, -6.840084008400837 ], [ 110.53382838283828, -6.840009000900086 ], [ 110.53382838283828, -6.840084008400834 ], [ 110.533678367836785, -6.840084008400837 ] ], [ [ 110.537728772877287, -6.84008400840084 ], [ 110.537803780378042, -6.840009000900099 ], [ 110.537803780378042, -6.840084008400845 ], [ 110.537728772877287, -6.84008400840084 ] ], [ [ 110.535328532853285, -6.840384038403841 ], [ 110.535778577857783, -6.840234023402346 ], [ 110.535778577857783, -6.840309030903081 ], [ 110.535328532853285, -6.840384038403841 ] ], [ [ 110.540354035403539, -6.840159015901597 ], [ 110.540429042904293, -6.840084008400833 ], [ 110.540429042904293, -6.840159015901584 ], [ 110.540354035403539, -6.840159015901597 ] ], [ [ 110.540429042904293, -6.840234023402339 ], [ 110.540504050405048, -6.84015901590159 ], [ 110.540504050405048, -6.840234023402342 ], [ 110.540429042904293, -6.840234023402339 ] ], [ [ 110.540504050405048, -6.840309030903097 ], [ 110.540579057905802, -6.840234023402346 ], [ 110.540579057905802, -6.840309030903096 ], [ 110.540504050405048, -6.840309030903097 ] ], [ [ 110.540729072907297, -6.840459045904595 ], [ 110.540804080408037, -6.840309030903093 ], [ 110.540879087908792, -6.84045904590459 ], [ 110.540729072907297, -6.840459045904595 ] ], [ [ 110.538328832883295, -6.840609060906091 ], [ 110.538403840384035, -6.840534053405342 ], [ 110.538403840384035, -6.840609060906096 ], [ 110.538328832883295, -6.840609060906091 ] ], [ [ 110.539828982898285, -6.840609060906091 ], [ 110.53990399039904, -6.840534053405333 ], [ 110.53990399039904, -6.840609060906088 ], [ 110.539828982898285, -6.840609060906091 ] ], [ [ 110.537953795379551, -6.841209120912088 ], [ 110.538028802880291, -6.841134113411336 ], [ 110.538028802880291, -6.841209120912092 ], [ 110.537953795379551, -6.841209120912088 ] ], [ [ 110.53052805280528, -6.842559255925583 ], [ 110.530828082808284, -6.841884188418841 ], [ 110.530678067806789, -6.843009300930084 ], [ 110.53052805280528, -6.842559255925583 ] ], [ [ 110.528127812781278, -6.842709270927094 ], [ 110.528202820282033, -6.842484248424847 ], [ 110.528202820282033, -6.842709270927098 ], [ 110.528127812781278, -6.842709270927094 ] ], [ [ 110.530453045304526, -6.843159315931597 ], [ 110.53052805280528, -6.842934293429336 ], [ 110.53052805280528, -6.843159315931593 ], [ 110.530453045304526, -6.843159315931597 ] ], [ [ 110.530303030303031, -6.843384338433835 ], [ 110.53052805280528, -6.843834383438336 ], [ 110.530303030303031, -6.843984398439849 ], [ 110.530303030303031, -6.843384338433835 ] ], [ [ 110.528802880288026, -6.844359435943591 ], [ 110.528877887788781, -6.844284428442845 ], [ 110.528877887788781, -6.844359435943588 ], [ 110.528802880288026, -6.844359435943591 ] ], [ [ 110.528877887788781, -6.845859585958597 ], [ 110.529327932793279, -6.845559555955597 ], [ 110.529402940294034, -6.845784578457842 ], [ 110.528877887788781, -6.845859585958597 ] ], [ [ 110.530078007800782, -6.845709570957093 ], [ 110.530153015301536, -6.845634563456348 ], [ 110.530153015301536, -6.845709570957093 ], [ 110.530078007800782, -6.845709570957093 ] ], [ [ 110.531428142814278, -6.846534653465345 ], [ 110.531503150315032, -6.846459645964599 ], [ 110.531503150315032, -6.846534653465342 ], [ 110.531428142814278, -6.846534653465345 ] ], [ [ 110.531803180318036, -6.846909690969101 ], [ 110.531878187818776, -6.846834683468345 ], [ 110.531878187818776, -6.846909690969091 ], [ 110.531803180318036, -6.846909690969101 ] ], [ [ 110.531578157815787, -6.847209720972098 ], [ 110.531878187818776, -6.847134713471349 ], [ 110.531878187818776, -6.84743474347435 ], [ 110.531578157815787, -6.847209720972098 ] ], [ [ 110.531878187818776, -6.847059705970592 ], [ 110.531953195319531, -6.846984698469845 ], [ 110.531953195319531, -6.847059705970592 ], [ 110.531878187818776, -6.847059705970592 ] ], [ [ 110.531953195319531, -6.847209720972095 ], [ 110.532028202820285, -6.847059705970598 ], [ 110.532028202820285, -6.847209720972105 ], [ 110.531953195319531, -6.847209720972095 ] ], [ [ 110.532028202820285, -6.847359735973592 ], [ 110.532253225322535, -6.847359735973605 ], [ 110.53240324032403, -6.84758475847585 ], [ 110.532028202820285, -6.847359735973592 ] ], [ [ 110.53217821782178, -6.84780978097809 ], [ 110.532703270327033, -6.84773477347734 ], [ 110.532703270327033, -6.848109810981096 ], [ 110.53217821782178, -6.84780978097809 ] ], [ [ 110.532703270327033, -6.848184818481857 ], [ 110.532778277827788, -6.848109810981099 ], [ 110.532778277827788, -6.848184818481849 ], [ 110.532703270327033, -6.848184818481857 ] ], [ [ 110.533303330333041, -6.848409840984106 ], [ 110.533378337833781, -6.848334833483346 ], [ 110.533378337833781, -6.848409840984102 ], [ 110.533303330333041, -6.848409840984106 ] ], [ [ 110.53375337533754, -6.849084908490847 ], [ 110.534203420342038, -6.849009900990101 ], [ 110.534053405340529, -6.849309930993103 ], [ 110.53375337533754, -6.849084908490847 ] ], [ [ 110.52902790279029, -6.850810081008107 ], [ 110.529252925292525, -6.851035103510354 ], [ 110.52902790279029, -6.851185118511853 ], [ 110.52902790279029, -6.850810081008107 ] ], [ [ 110.523552355235523, -6.851035103510354 ], [ 110.523627362736278, -6.850960096009601 ], [ 110.523627362736278, -6.851035103510356 ], [ 110.523552355235523, -6.851035103510354 ] ], [ [ 110.530003000300042, -6.851710171017102 ], [ 110.530078007800782, -6.851635163516356 ], [ 110.530078007800782, -6.8517101710171 ], [ 110.530003000300042, -6.851710171017102 ] ], [ [ 110.530003000300042, -6.851860186018595 ], [ 110.530078007800782, -6.851785178517849 ], [ 110.530078007800782, -6.851860186018602 ], [ 110.530003000300042, -6.851860186018595 ] ], [ [ 110.522877287728775, -6.852460246024604 ], [ 110.52295229522953, -6.852385238523845 ], [ 110.52295229522953, -6.852460246024609 ], [ 110.522877287728775, -6.852460246024604 ] ], [ [ 110.522802280228021, -6.85253525352535 ], [ 110.522877287728775, -6.852460246024604 ], [ 110.522877287728775, -6.852535253525349 ], [ 110.522802280228021, -6.85253525352535 ] ], [ [ 110.522577257725771, -6.8526102610261 ], [ 110.522652265226526, -6.852535253525351 ], [ 110.522652265226526, -6.852610261026109 ], [ 110.522577257725771, -6.8526102610261 ] ], [ [ 110.522877287728775, -6.853135313531351 ], [ 110.522877287728775, -6.852760276027603 ], [ 110.523102310231025, -6.853060306030608 ], [ 110.522877287728775, -6.853135313531351 ] ], [ [ 110.526177617761775, -6.852910291029104 ], [ 110.526477647764779, -6.852610261026099 ], [ 110.526552655265533, -6.852985298529853 ], [ 110.526177617761775, -6.852910291029104 ] ], [ [ 110.526627662766273, -6.853435343534355 ], [ 110.527077707770772, -6.852760276027608 ], [ 110.527152715271527, -6.853585358535854 ], [ 110.526627662766273, -6.853435343534355 ] ], [ [ 110.523252325232519, -6.852985298529853 ], [ 110.523327332733274, -6.852910291029107 ], [ 110.523327332733274, -6.852985298529854 ], [ 110.523252325232519, -6.852985298529853 ] ], [ [ 110.523402340234028, -6.853135313531349 ], [ 110.523702370237018, -6.852985298529856 ], [ 110.523777377737773, -6.853135313531358 ], [ 110.523402340234028, -6.853135313531349 ] ], [ [ 110.523327332733274, -6.853060306030602 ], [ 110.523402340234028, -6.852985298529852 ], [ 110.523402340234028, -6.853060306030605 ], [ 110.523327332733274, -6.853060306030602 ] ], [ [ 110.523102310231025, -6.853135313531355 ], [ 110.523177317731779, -6.853060306030602 ], [ 110.523177317731779, -6.853135313531356 ], [ 110.523102310231025, -6.853135313531355 ] ], [ [ 110.523777377737773, -6.853285328532856 ], [ 110.523927392739267, -6.853210321032097 ], [ 110.523927392739267, -6.853285328532859 ], [ 110.523777377737773, -6.853285328532856 ] ], [ [ 110.524077407740791, -6.853285328532853 ], [ 110.524227422742271, -6.8532103210321 ], [ 110.524227422742271, -6.853285328532854 ], [ 110.524077407740791, -6.853285328532853 ] ], [ [ 110.524302430243026, -6.85328532853285 ], [ 110.52437743774378, -6.853210321032098 ], [ 110.52437743774378, -6.853285328532845 ], [ 110.524302430243026, -6.85328532853285 ] ], [ [ 110.524002400240022, -6.853360336033606 ], [ 110.524077407740791, -6.853285328532853 ], [ 110.524077407740791, -6.853360336033598 ], [ 110.524002400240022, -6.853360336033606 ] ], [ [ 110.523252325232519, -6.853435343534358 ], [ 110.523327332733274, -6.8533603360336 ], [ 110.523327332733274, -6.85343534353435 ], [ 110.523252325232519, -6.853435343534358 ] ], [ [ 110.523852385238527, -6.853435343534356 ], [ 110.523927392739267, -6.853360336033608 ], [ 110.523927392739267, -6.853435343534361 ], [ 110.523852385238527, -6.853435343534356 ] ], [ [ 110.523327332733274, -6.853510351035106 ], [ 110.523402340234028, -6.853435343534357 ], [ 110.523402340234028, -6.853510351035102 ], [ 110.523327332733274, -6.853510351035106 ] ], [ [ 110.523777377737773, -6.853510351035095 ], [ 110.523852385238527, -6.853435343534356 ], [ 110.523852385238527, -6.853510351035109 ], [ 110.523777377737773, -6.853510351035095 ] ], [ [ 110.523252325232519, -6.853810381038101 ], [ 110.523777377737773, -6.853510351035095 ], [ 110.523777377737773, -6.853585358535859 ], [ 110.523252325232519, -6.853810381038101 ] ], [ [ 110.525577557755781, -6.853735373537353 ], [ 110.525877587758771, -6.853585358535846 ], [ 110.526177617761775, -6.853960396039605 ], [ 110.525577557755781, -6.853735373537353 ] ], [ [ 110.523102310231025, -6.85366036603661 ], [ 110.523177317731779, -6.853585358535848 ], [ 110.523177317731779, -6.853660366036596 ], [ 110.523102310231025, -6.85366036603661 ] ], [ [ 110.52295229522953, -6.85388538853886 ], [ 110.523252325232519, -6.853885388538851 ], [ 110.52295229522953, -6.853960396039601 ], [ 110.52295229522953, -6.85388538853886 ] ], [ [ 110.526402640264024, -6.853960396039609 ], [ 110.526477647764779, -6.853885388538856 ], [ 110.526477647764779, -6.853960396039603 ], [ 110.526402640264024, -6.853960396039609 ] ], [ [ 110.526177617761775, -6.854035403540347 ], [ 110.526252625262529, -6.853960396039611 ], [ 110.526252625262529, -6.854035403540355 ], [ 110.526177617761775, -6.854035403540347 ] ], [ [ 110.526477647764779, -6.854035403540355 ], [ 110.526552655265533, -6.853960396039594 ], [ 110.526552655265533, -6.854035403540347 ], [ 110.526477647764779, -6.854035403540355 ] ], [ [ 110.526252625262529, -6.854110411041103 ], [ 110.52632763276327, -6.854035403540358 ], [ 110.52632763276327, -6.854110411041108 ], [ 110.526252625262529, -6.854110411041103 ] ], [ [ 110.52632763276327, -6.854185418541847 ], [ 110.526402640264024, -6.854110411041111 ], [ 110.526402640264024, -6.854185418541851 ], [ 110.52632763276327, -6.854185418541847 ] ], [ [ 110.521827182718269, -6.854635463546354 ], [ 110.522502250225017, -6.854560456045597 ], [ 110.521677167716774, -6.854860486048602 ], [ 110.521827182718269, -6.854635463546354 ] ], [ [ 110.521977197719778, -6.855085508550856 ], [ 110.522052205220518, -6.855010501050099 ], [ 110.522052205220518, -6.855085508550863 ], [ 110.521977197719778, -6.855085508550856 ] ], [ [ 110.521227122712276, -6.85576057605761 ], [ 110.521302130213016, -6.85568556855685 ], [ 110.521302130213016, -6.855760576057599 ], [ 110.521227122712276, -6.85576057605761 ] ], [ [ 110.521152115211521, -6.855835583558363 ], [ 110.521227122712276, -6.85576057605761 ], [ 110.521227122712276, -6.855835583558352 ], [ 110.521152115211521, -6.855835583558363 ] ], [ [ 110.517701770177013, -6.8572607260726 ], [ 110.517926792679262, -6.857710771077116 ], [ 110.517476747674763, -6.858010801080114 ], [ 110.517551755175518, -6.858310831083108 ], [ 110.516576657665766, -6.858835883588365 ], [ 110.517701770177013, -6.8572607260726 ] ], [ [ 110.518151815181511, -6.857710771077111 ], [ 110.518226822682266, -6.857635763576358 ], [ 110.518226822682266, -6.857710771077107 ], [ 110.518151815181511, -6.857710771077111 ] ], [ [ 110.518076807680771, -6.85778577857786 ], [ 110.518151815181511, -6.857710771077111 ], [ 110.518151815181511, -6.857785778577863 ], [ 110.518076807680771, -6.85778577857786 ] ], [ [ 110.518001800180016, -6.857860786078604 ], [ 110.518076807680771, -6.85778577857786 ], [ 110.518076807680771, -6.857860786078601 ], [ 110.518001800180016, -6.857860786078604 ] ], [ [ 110.517926792679262, -6.85793579357936 ], [ 110.518001800180016, -6.857860786078604 ], [ 110.518001800180016, -6.85793579357935 ], [ 110.517926792679262, -6.85793579357936 ] ], [ [ 110.517701770177013, -6.858010801080115 ], [ 110.517926792679262, -6.858010801080112 ], [ 110.517701770177013, -6.858085808580854 ], [ 110.517701770177013, -6.858010801080115 ] ], [ [ 110.517626762676272, -6.858160816081601 ], [ 110.517701770177013, -6.858085808580854 ], [ 110.517701770177013, -6.858160816081615 ], [ 110.517626762676272, -6.858160816081601 ] ], [ [ 110.516501650165011, -6.858910891089113 ], [ 110.516576657665766, -6.858835883588365 ], [ 110.516576657665766, -6.858910891089103 ], [ 110.516501650165011, -6.858910891089113 ] ], [ [ 110.516276627662762, -6.859060906090604 ], [ 110.516351635163517, -6.858985898589857 ], [ 110.516351635163517, -6.859060906090612 ], [ 110.516276627662762, -6.859060906090604 ] ], [ [ 110.516126612661267, -6.85913591359135 ], [ 110.516276627662762, -6.859060906090604 ], [ 110.516276627662762, -6.859135913591361 ], [ 110.516126612661267, -6.85913591359135 ] ], [ [ 110.516051605160513, -6.859210921092106 ], [ 110.516126612661267, -6.85913591359135 ], [ 110.516126612661267, -6.859210921092108 ], [ 110.516051605160513, -6.859210921092106 ] ] ] } },
{ "type": "Feature", "properties": { "year": 2033, "layer": "atrisk" }, "geometry": { "type": "Polygon", "coordinates": [ [ [ 110.442619261926197, -6.938943894389443 ], [ 110.440819081908202, -6.938043804380433 ], [ 110.439468946894692, -6.938943894389444 ], [ 110.442619261926197, -6.938943894389443 ] ] ] } },
{ "type": "Feature", "properties": { "year": 2033, "layer": "atrisk" }, "geometry": { "type": "Polygon", "coordinates": [ [ [ 110.522127212721273, -6.859585958595868 ], [ 110.517701770177013, -6.861611161116106 ], [ 110.519651965196516, -6.862136213621362 ], [ 110.515076507650761, -6.867386738673869 ], [ 110.508700870087011, -6.880063006300624 ], [ 110.478997899789974, -6.918241824182414 ], [ 110.47562256225622, -6.920942094209425 ], [ 110.476072607260733, -6.924167416741672 ], [ 110.470447044704471, -6.925442544254425 ], [ 110.467371737173721, -6.930468046804684 ], [ 110.46482148214821, -6.929717971797172 ], [ 110.461221122112207, -6.932418241824185 ], [ 110.46009600960096, -6.931818181818182 ], [ 110.459870987098711, -6.933318331833183 ], [ 110.458820882088204, -6.932343234323429 ], [ 110.455520552055205, -6.935943594359435 ], [ 110.452970297029708, -6.936318631863181 ], [ 110.452145214521451, -6.935043504350432 ], [ 110.449219921992196, -6.936918691869195 ], [ 110.448394839483953, -6.935418541854187 ], [ 110.446069606960691, -6.936393639363937 ], [ 110.444419441944191, -6.938943894389443 ], [ 110.459495949594952, -6.938943894389433 ], [ 110.45844584458446, -6.936843684368429 ], [ 110.460171017101715, -6.934668466846693 ], [ 110.461971197119723, -6.934668466846678 ], [ 110.462121212121218, -6.935193519351934 ], [ 110.465271527152709, -6.938943894389434 ], [ 110.465796579657962, -6.938868886888681 ], [ 110.463771377137718, -6.936168616861691 ], [ 110.467146714671472, -6.938943894389432 ], [ 110.481098109810986, -6.93864386438643 ], [ 110.484998499849979, -6.937743774377434 ], [ 110.488748874887492, -6.936168616861695 ], [ 110.492574257425744, -6.933693369336925 ], [ 110.494899489948992, -6.931518151815187 ], [ 110.498874887488753, -6.925892589258928 ], [ 110.500900090008997, -6.919966996699666 ], [ 110.50142514251425, -6.896939693969404 ], [ 110.508325832583253, -6.894989498949901 ], [ 110.51357635763577, -6.891764176417639 ], [ 110.520552055205528, -6.882088208820882 ], [ 110.522127212721273, -6.875187518751867 ], [ 110.522127212721273, -6.859585958595868 ] ], [ [ 110.52160216021602, -6.861386138613856 ], [ 110.521677167716774, -6.861311131113109 ], [ 110.521677167716774, -6.861386138613864 ], [ 110.52160216021602, -6.861386138613856 ] ], [ [ 110.521677167716774, -6.86146114611461 ], [ 110.521752175217529, -6.861386138613857 ], [ 110.521752175217529, -6.861461146114611 ], [ 110.521677167716774, -6.86146114611461 ] ], [ [ 110.521752175217529, -6.861536153615368 ], [ 110.521827182718269, -6.861461146114615 ], [ 110.521827182718269, -6.861536153615365 ], [ 110.521752175217529, -6.861536153615368 ] ], [ [ 110.51522652265227, -6.870762076207622 ], [ 110.51530153015301, -6.870687068706868 ], [ 110.51530153015301, -6.870762076207624 ], [ 110.51522652265227, -6.870762076207622 ] ], [ [ 110.51530153015301, -6.870912091209118 ], [ 110.515376537653765, -6.870837083708379 ], [ 110.515376537653765, -6.870912091209113 ], [ 110.51530153015301, -6.870912091209118 ] ], [ [ 110.515376537653765, -6.871062106210628 ], [ 110.515451545154519, -6.870912091209126 ], [ 110.515451545154519, -6.871062106210615 ], [ 110.515376537653765, -6.871062106210628 ] ], [ [ 110.51552655265526, -6.87113711371137 ], [ 110.515601560156014, -6.871062106210625 ], [ 110.515601560156014, -6.871137113711364 ], [ 110.51552655265526, -6.87113711371137 ] ], [ [ 110.515601560156014, -6.871287128712867 ], [ 110.515676567656769, -6.871137113711374 ], [ 110.515751575157509, -6.871287128712867 ], [ 110.515601560156014, -6.871287128712867 ] ], [ [ 110.515751575157509, -6.871362136213623 ], [ 110.515826582658264, -6.871287128712869 ], [ 110.515826582658264, -6.871362136213626 ], [ 110.515751575157509, -6.871362136213623 ] ], [ [ 110.515826582658264, -6.871437143714372 ], [ 110.515901590159018, -6.871362136213615 ], [ 110.515901590159018, -6.871437143714378 ], [ 110.515826582658264, -6.871437143714372 ] ], [ [ 110.515901590159018, -6.871512151215128 ], [ 110.515976597659773, -6.87143714371437 ], [ 110.515976597659773, -6.871512151215121 ], [ 110.515901590159018, -6.871512151215128 ] ], [ [ 110.516201620162022, -6.871812181218128 ], [ 110.517476747674763, -6.872712271227122 ], [ 110.518001800180016, -6.874137413741378 ], [ 110.517626762676272, -6.87346234623462 ], [ 110.516651665166521, -6.872787278727873 ], [ 110.516201620162022, -6.871812181218128 ] ], [ [ 110.51387638763876, -6.872637263726372 ], [ 110.514101410141009, -6.872787278727877 ], [ 110.51380138013802, -6.872862286228624 ], [ 110.51387638763876, -6.872637263726372 ] ], [ [ 110.513951395139514, -6.872937293729379 ], [ 110.514026402640269, -6.872862286228624 ], [ 110.514026402640269, -6.872937293729366 ], [ 110.513951395139514, -6.872937293729379 ] ], [ [ 110.513276327632767, -6.873387338733865 ], [ 110.513726372637265, -6.873537353735379 ], [ 110.513276327632767, -6.873987398739879 ], [ 110.513276327632767, -6.873387338733865 ] ], [ [ 110.517401740174023, -6.873687368736869 ], [ 110.517476747674763, -6.873612361236124 ], [ 110.517476747674763, -6.873687368736877 ], [ 110.517401740174023, -6.873687368736869 ] ], [ [ 110.518001800180016, -6.874437443744366 ], [ 110.518076807680771, -6.874287428742867 ], [ 110.518076807680771, -6.874437443744374 ], [ 110.518001800180016, -6.874437443744366 ] ], [ [ 110.517626762676272, -6.87451245124512 ], [ 110.517851785178522, -6.874362436243622 ], [ 110.517926792679262, -6.874587458745876 ], [ 110.517626762676272, -6.87451245124512 ] ], [ [ 110.518076807680771, -6.874587458745877 ], [ 110.518226822682266, -6.874437443744376 ], [ 110.51830183018302, -6.874587458745882 ], [ 110.518076807680771, -6.874587458745877 ] ], [ [ 110.51357635763577, -6.874737473747379 ], [ 110.51380138013802, -6.874737473747378 ], [ 110.51357635763577, -6.874812481248131 ], [ 110.51357635763577, -6.874737473747379 ] ], [ [ 110.518226822682266, -6.875112511251134 ], [ 110.518451845184529, -6.874887488748869 ], [ 110.51852685268527, -6.875262526252622 ], [ 110.518226822682266, -6.875112511251134 ] ], [ [ 110.510876087608779, -6.87608760876087 ], [ 110.511251125112508, -6.875787578757871 ], [ 110.511326132613263, -6.875937593759375 ], [ 110.510876087608779, -6.87608760876087 ] ], [ [ 110.518601860186024, -6.876987698769876 ], [ 110.518826882688273, -6.876762676267623 ], [ 110.518901890189014, -6.877137713771377 ], [ 110.518601860186024, -6.876987698769876 ] ], [ [ 110.519351935193512, -6.877587758775883 ], [ 110.519426942694281, -6.877437743774373 ], [ 110.519426942694281, -6.877587758775878 ], [ 110.519351935193512, -6.877587758775883 ] ], [ [ 110.519201920192017, -6.878262826282634 ], [ 110.519276927692772, -6.878187818781885 ], [ 110.519276927692772, -6.878262826282637 ], [ 110.519201920192017, -6.878262826282634 ] ], [ [ 110.519576957695776, -6.878337833783378 ], [ 110.519726972697271, -6.878262826282628 ], [ 110.519726972697271, -6.878337833783381 ], [ 110.519576957695776, -6.878337833783378 ] ], [ [ 110.519351935193512, -6.879462946294638 ], [ 110.519576957695776, -6.878937893789387 ], [ 110.519576957695776, -6.879462946294628 ], [ 110.519351935193512, -6.879462946294638 ] ], [ [ 110.519576957695776, -6.878937893789387 ], [ 110.519876987698765, -6.879012901290133 ], [ 110.519726972697271, -6.87916291629163 ], [ 110.519576957695776, -6.878937893789387 ] ], [ [ 110.509375937593759, -6.87998799879987 ], [ 110.509450945094514, -6.879462946294637 ], [ 110.509600960096009, -6.880063006300621 ], [ 110.509375937593759, -6.87998799879987 ] ], [ [ 110.51995199519952, -6.879912991299133 ], [ 110.520252025202524, -6.879687968796878 ], [ 110.520177017701769, -6.879912991299127 ], [ 110.51995199519952, -6.879912991299133 ] ], [ [ 110.519576957695776, -6.879987998799883 ], [ 110.519801980198039, -6.879837983798388 ], [ 110.519726972697271, -6.880063006300627 ], [ 110.519576957695776, -6.879987998799883 ] ], [ [ 110.509450945094514, -6.880288028802879 ], [ 110.509525952595268, -6.880213021302131 ], [ 110.509525952595268, -6.880288028802881 ], [ 110.509450945094514, -6.880288028802879 ] ], [ [ 110.520177017701769, -6.880438043804377 ], [ 110.520477047704773, -6.880288028802879 ], [ 110.520477047704773, -6.880663066306637 ], [ 110.520177017701769, -6.880438043804377 ] ], [ [ 110.509525952595268, -6.880588058805881 ], [ 110.509825982598258, -6.880363036303635 ], [ 110.509750975097504, -6.880663066306626 ], [ 110.509525952595268, -6.880588058805881 ] ], [ [ 110.519801980198039, -6.880588058805888 ], [ 110.520027002700274, -6.880588058805884 ], [ 110.519801980198039, -6.880738073807373 ], [ 110.519801980198039, -6.880588058805888 ] ], [ [ 110.509225922592279, -6.882613261326136 ], [ 110.509750975097504, -6.880963096309623 ], [ 110.509825982598258, -6.881263126312629 ], [ 110.509225922592279, -6.882613261326136 ] ], [ [ 110.508625862586257, -6.883363336333625 ], [ 110.509075907590756, -6.882913291329135 ], [ 110.50915091509151, -6.883288328832887 ], [ 110.508625862586257, -6.883363336333625 ] ], [ [ 110.514551455145508, -6.885388538853884 ], [ 110.51530153015301, -6.885013501350131 ], [ 110.515001500150021, -6.885538553855389 ], [ 110.514551455145508, -6.885388538853884 ] ], [ [ 110.50637563756375, -6.886288628862882 ], [ 110.507800780078014, -6.885538553855394 ], [ 110.506750675067508, -6.886588658865886 ], [ 110.50637563756375, -6.886288628862882 ] ], [ [ 110.508550855085502, -6.885313531353138 ], [ 110.508700870087011, -6.88516351635164 ], [ 110.508775877587752, -6.885313531353135 ], [ 110.508550855085502, -6.885313531353138 ] ], [ [ 110.515601560156014, -6.886138613861379 ], [ 110.516576657665766, -6.886288628862895 ], [ 110.516351635163517, -6.886813681368142 ], [ 110.515601560156014, -6.886138613861379 ] ], [ [ 110.505250525052517, -6.890939093909385 ], [ 110.506600660066013, -6.890639063906384 ], [ 110.506450645064504, -6.891389138913895 ], [ 110.505250525052517, -6.890939093909385 ] ], [ [ 110.507275727572761, -6.891689168916895 ], [ 110.507425742574256, -6.891389138913894 ], [ 110.507575757575751, -6.891614161416143 ], [ 110.507275727572761, -6.891689168916895 ] ], [ [ 110.506525652565259, -6.891689168916891 ], [ 110.506825682568262, -6.891689168916884 ], [ 110.506750675067508, -6.891914191419144 ], [ 110.506525652565259, -6.891689168916891 ] ], [ [ 110.506900690069003, -6.892064206420644 ], [ 110.507125712571252, -6.891839183918393 ], [ 110.507125712571252, -6.892064206420642 ], [ 110.506900690069003, -6.892064206420644 ] ], [ [ 110.507575757575751, -6.892739273927398 ], [ 110.509000900090015, -6.892964296429642 ], [ 110.50915091509151, -6.893339333933387 ], [ 110.507575757575751, -6.892739273927398 ] ], [ [ 110.507800780078014, -6.892439243924399 ], [ 110.507875787578769, -6.892364236423635 ], [ 110.507875787578769, -6.892439243924391 ], [ 110.507800780078014, -6.892439243924399 ] ], [ [ 110.507950795079509, -6.892514251425142 ], [ 110.508100810081004, -6.892439243924396 ], [ 110.508100810081004, -6.892514251425138 ], [ 110.507950795079509, -6.892514251425142 ] ], [ [ 110.511176117611768, -6.892664266426646 ], [ 110.511251125112508, -6.892589258925888 ], [ 110.511251125112508, -6.892664266426651 ], [ 110.511176117611768, -6.892664266426646 ] ], [ [ 110.510276027602757, -6.892964296429649 ], [ 110.51050105010502, -6.893039303930391 ], [ 110.510276027602757, -6.893114311431136 ], [ 110.510276027602757, -6.892964296429649 ] ], [ [ 110.51050105010502, -6.893189318931887 ], [ 110.510876087608779, -6.893039303930396 ], [ 110.510876087608779, -6.893189318931885 ], [ 110.51050105010502, -6.893189318931887 ] ], [ [ 110.504275427542751, -6.893939393939394 ], [ 110.504350435043506, -6.893639363936395 ], [ 110.50442544254426, -6.893939393939386 ], [ 110.504275427542751, -6.893939393939394 ] ], [ [ 110.5, -6.89896489648965 ], [ 110.5, -6.898664866486645 ], [ 110.500225022502249, -6.898964896489646 ], [ 110.5, -6.89896489648965 ] ], [ [ 110.500150015001495, -6.899864986498648 ], [ 110.500525052505253, -6.899339933993403 ], [ 110.500300030003018, -6.90016501650164 ], [ 110.500150015001495, -6.899864986498648 ] ], [ [ 110.500900090008997, -6.900165016501644 ], [ 110.500975097509752, -6.900090009000905 ], [ 110.500975097509752, -6.90016501650165 ], [ 110.500900090008997, -6.900165016501644 ] ], [ [ 110.501050105010506, -6.9002400240024 ], [ 110.501125112511247, -6.900165016501654 ], [ 110.501125112511247, -6.900240024002404 ], [ 110.501050105010506, -6.9002400240024 ] ], [ [ 110.494299429942998, -6.903465346534647 ], [ 110.494599459945988, -6.903315331533144 ], [ 110.494524452445248, -6.90361536153616 ], [ 110.494299429942998, -6.903465346534647 ] ], [ [ 110.494899489948992, -6.903690369036899 ], [ 110.494974497449746, -6.903615361536154 ], [ 110.494974497449746, -6.903690369036894 ], [ 110.494899489948992, -6.903690369036899 ] ], [ [ 110.494974497449746, -6.903765376537653 ], [ 110.495049504950501, -6.903690369036905 ], [ 110.495049504950501, -6.903765376537651 ], [ 110.494974497449746, -6.903765376537653 ] ], [ [ 110.494824482448252, -6.903915391539159 ], [ 110.494974497449746, -6.903765376537653 ], [ 110.495049504950501, -6.903915391539148 ], [ 110.494824482448252, -6.903915391539159 ] ], [ [ 110.496099609960993, -6.904065406540645 ], [ 110.496474647464751, -6.903765376537648 ], [ 110.496549654965492, -6.903990399039909 ], [ 110.496099609960993, -6.904065406540645 ] ], [ [ 110.49534953495349, -6.903915391539149 ], [ 110.495424542454245, -6.903840384038403 ], [ 110.495424542454245, -6.903915391539153 ], [ 110.49534953495349, -6.903915391539149 ] ], [ [ 110.499699969996996, -6.903915391539151 ], [ 110.500750075007502, -6.905565556555663 ], [ 110.497524752475243, -6.904740474047398 ], [ 110.498724872487244, -6.90489048904891 ], [ 110.499699969996996, -6.903915391539151 ] ], [ [ 110.497374737473748, -6.904140414041406 ], [ 110.497524752475243, -6.903990399039903 ], [ 110.497524752475243, -6.904140414041399 ], [ 110.497374737473748, -6.904140414041406 ] ], [ [ 110.497074707470745, -6.904215421542155 ], [ 110.497224722472254, -6.904140414041397 ], [ 110.497224722472254, -6.904290429042907 ], [ 110.497074707470745, -6.904215421542155 ] ], [ [ 110.497299729973008, -6.904215421542149 ], [ 110.497374737473748, -6.904140414041406 ], [ 110.497374737473748, -6.904215421542151 ], [ 110.497299729973008, -6.904215421542149 ] ], [ [ 110.496024602460267, -6.904740474047408 ], [ 110.496624662466246, -6.904515451545149 ], [ 110.496699669967001, -6.904740474047405 ], [ 110.496024602460267, -6.904740474047408 ] ], [ [ 110.497074707470745, -6.905265526552652 ], [ 110.497224722472254, -6.9048904890489 ], [ 110.497674767476752, -6.905490549054909 ], [ 110.497074707470745, -6.905265526552652 ] ], [ [ 110.498049804980496, -6.906090609060904 ], [ 110.499924992499245, -6.905790579057905 ], [ 110.499849984998505, -6.90639063906391 ], [ 110.498049804980496, -6.906090609060904 ] ], [ [ 110.493774377437745, -6.907515751575161 ], [ 110.494299429942998, -6.907440744074401 ], [ 110.494674467446757, -6.907890789078905 ], [ 110.493774377437745, -6.907515751575161 ] ], [ [ 110.49534953495349, -6.908715871587162 ], [ 110.496174617461747, -6.908490849084916 ], [ 110.496774677467741, -6.909090909090906 ], [ 110.49534953495349, -6.908715871587162 ] ], [ [ 110.490399039903991, -6.908640864086401 ], [ 110.491974197419736, -6.909915991599165 ], [ 110.487623762376231, -6.910741074107416 ], [ 110.488898889888986, -6.913066306630655 ], [ 110.488223822382238, -6.913216321632155 ], [ 110.487248724872487, -6.914041404140413 ], [ 110.486873687368742, -6.914941494149411 ], [ 110.485823582358236, -6.914791479147911 ], [ 110.48619861986198, -6.911566156615659 ], [ 110.488523852385242, -6.909390939093905 ], [ 110.490474047404746, -6.910141014101402 ], [ 110.490399039903991, -6.908640864086401 ] ], [ [ 110.491974197419736, -6.909990999099914 ], [ 110.492049204920491, -6.909915991599154 ], [ 110.492049204920491, -6.909990999099912 ], [ 110.491974197419736, -6.909990999099914 ] ], [ [ 110.49249924992499, -6.910816081608166 ], [ 110.49362436243625, -6.910591059105912 ], [ 110.494224422442244, -6.912091209120914 ], [ 110.49249924992499, -6.910816081608166 ] ], [ [ 110.495424542454245, -6.910141014101416 ], [ 110.495499549954999, -6.910066006600652 ], [ 110.495499549954999, -6.910141014101407 ], [ 110.495424542454245, -6.910141014101416 ] ], [ [ 110.495499549954999, -6.910216021602166 ], [ 110.495649564956508, -6.910141014101414 ], [ 110.495649564956508, -6.910216021602159 ], [ 110.495499549954999, -6.910216021602166 ] ], [ [ 110.491749174917487, -6.911491149114912 ], [ 110.49227422742274, -6.911716171617158 ], [ 110.491374137413757, -6.912016201620155 ], [ 110.491749174917487, -6.911491149114912 ] ], [ [ 110.491524152415238, -6.912316231623164 ], [ 110.491599159915992, -6.91224122412241 ], [ 110.491599159915992, -6.912316231623164 ], [ 110.491524152415238, -6.912316231623164 ] ], [ [ 110.49557455745574, -6.912691269126915 ], [ 110.495649564956508, -6.912541254125406 ], [ 110.495724572457249, -6.912691269126916 ], [ 110.49557455745574, -6.912691269126915 ] ], [ [ 110.49084908490849, -6.912766276627663 ], [ 110.491299129912989, -6.912766276627657 ], [ 110.490924092409244, -6.912916291629157 ], [ 110.49084908490849, -6.912766276627663 ] ], [ [ 110.495649564956508, -6.913516351635164 ], [ 110.496024602460267, -6.912991299129914 ], [ 110.496024602460267, -6.913216321632161 ], [ 110.495649564956508, -6.913516351635164 ] ], [ [ 110.490324032403237, -6.913216321632163 ], [ 110.490474047404746, -6.913366336633659 ], [ 110.490324032403237, -6.913366336633658 ], [ 110.490324032403237, -6.913216321632163 ] ], [ [ 110.48777377737774, -6.913741374137411 ], [ 110.489048904890495, -6.914266426642671 ], [ 110.487023702370237, -6.915241524152414 ], [ 110.48777377737774, -6.913741374137411 ] ], [ [ 110.489873987398738, -6.913591359135922 ], [ 110.490324032403237, -6.913366336633658 ], [ 110.490249024902496, -6.913816381638155 ], [ 110.489873987398738, -6.913591359135922 ] ], [ [ 110.488973897389741, -6.913516351635169 ], [ 110.489123912391236, -6.913366336633664 ], [ 110.48919891989199, -6.913591359135918 ], [ 110.488973897389741, -6.913516351635169 ] ], [ [ 110.495799579957989, -6.913591359135908 ], [ 110.495949594959498, -6.913516351635157 ], [ 110.495949594959498, -6.913591359135922 ], [ 110.495799579957989, -6.913591359135908 ] ], [ [ 110.498424842484255, -6.914041404140416 ], [ 110.499474947494747, -6.914416441644158 ], [ 110.499624962496256, -6.914791479147922 ], [ 110.498424842484255, -6.914041404140416 ] ], [ [ 110.489423942394239, -6.914866486648658 ], [ 110.490924092409244, -6.914566456645671 ], [ 110.490324032403237, -6.915766576657675 ], [ 110.489423942394239, -6.914866486648658 ] ], [ [ 110.498424842484255, -6.914416441644159 ], [ 110.498499849984995, -6.914341434143417 ], [ 110.498499849984995, -6.914416441644167 ], [ 110.498424842484255, -6.914416441644159 ] ], [ [ 110.489273927392745, -6.914866486648656 ], [ 110.489348934893485, -6.914791479147911 ], [ 110.489348934893485, -6.914866486648669 ], [ 110.489273927392745, -6.914866486648656 ] ], [ [ 110.496549654965492, -6.915316531653159 ], [ 110.496699669967001, -6.914941494149424 ], [ 110.496699669967001, -6.91531653165316 ], [ 110.496549654965492, -6.915316531653159 ] ], [ [ 110.499474947494747, -6.915166516651661 ], [ 110.499624962496256, -6.915091509150911 ], [ 110.499624962496256, -6.915241524152409 ], [ 110.499474947494747, -6.915166516651661 ] ], [ [ 110.481923192319229, -6.91621662166216 ], [ 110.484023402340227, -6.917191719171925 ], [ 110.483873387338733, -6.918016801680162 ], [ 110.481923192319229, -6.91621662166216 ] ], [ [ 110.490699069906995, -6.915916591659169 ], [ 110.491149114911494, -6.915841584158408 ], [ 110.491074107410739, -6.916066606660672 ], [ 110.490699069906995, -6.915916591659169 ] ], [ [ 110.489723972397258, -6.916066606660673 ], [ 110.489798979897984, -6.915991599159923 ], [ 110.489798979897984, -6.916066606660669 ], [ 110.489723972397258, -6.916066606660673 ] ], [ [ 110.493099309930997, -6.916066606660672 ], [ 110.493774377437745, -6.916516651665166 ], [ 110.493324332433247, -6.917266726672674 ], [ 110.493324332433247, -6.917866786678673 ], [ 110.493099309930997, -6.916066606660672 ] ], [ [ 110.490774077407735, -6.917116711671166 ], [ 110.491974197419736, -6.916816681668165 ], [ 110.492199219921986, -6.917866786678669 ], [ 110.490774077407735, -6.917116711671166 ] ], [ [ 110.490324032403237, -6.916366636663668 ], [ 110.490624062406241, -6.916216621662159 ], [ 110.490699069906995, -6.91636663666366 ], [ 110.490324032403237, -6.916366636663668 ] ], [ [ 110.488223822382238, -6.916816681668161 ], [ 110.488973897389741, -6.916591659165922 ], [ 110.488973897389741, -6.917041704170411 ], [ 110.488223822382238, -6.916816681668161 ] ], [ [ 110.492424242424249, -6.917116711671165 ], [ 110.492799279927993, -6.916816681668174 ], [ 110.492799279927993, -6.916891689168916 ], [ 110.492424242424249, -6.917116711671165 ] ], [ [ 110.492799279927993, -6.916816681668174 ], [ 110.492874287428748, -6.916741674167419 ], [ 110.492874287428748, -6.916816681668164 ], [ 110.492799279927993, -6.916816681668174 ] ], [ [ 110.49362436243625, -6.917041704170408 ], [ 110.493699369936991, -6.916966696669672 ], [ 110.493699369936991, -6.91704170417041 ], [ 110.49362436243625, -6.917041704170408 ] ], [ [ 110.491149114911494, -6.919066906690667 ], [ 110.491224122412248, -6.918991899189912 ], [ 110.491224122412248, -6.919066906690662 ], [ 110.491149114911494, -6.919066906690667 ] ], [ [ 110.48754875487549, -6.922367236723664 ], [ 110.488073807380758, -6.922067206720663 ], [ 110.487998799879989, -6.922292229222924 ], [ 110.48754875487549, -6.922367236723664 ] ], [ [ 110.486723672367248, -6.922367236723678 ], [ 110.487023702370237, -6.922067206720679 ], [ 110.487323732373241, -6.922817281728174 ], [ 110.486723672367248, -6.922367236723678 ] ], [ [ 110.495424542454245, -6.922742274227422 ], [ 110.495724572457249, -6.922667266726666 ], [ 110.495724572457249, -6.922817281728171 ], [ 110.495424542454245, -6.922742274227422 ] ], [ [ 110.495499549954999, -6.922892289228932 ], [ 110.49557455745574, -6.922817281728164 ], [ 110.49557455745574, -6.922892289228932 ], [ 110.495499549954999, -6.922892289228932 ] ], [ [ 110.495724572457249, -6.922892289228927 ], [ 110.495874587458744, -6.922817281728175 ], [ 110.495874587458744, -6.92289228922892 ], [ 110.495724572457249, -6.922892289228927 ] ], [ [ 110.495649564956508, -6.922967296729668 ], [ 110.495724572457249, -6.922892289228927 ], [ 110.495724572457249, -6.922967296729668 ], [ 110.495649564956508, -6.922967296729668 ] ], [ [ 110.488973897389741, -6.923642364236419 ], [ 110.48919891989199, -6.923792379237924 ], [ 110.488973897389741, -6.923867386738677 ], [ 110.488973897389741, -6.923642364236419 ] ], [ [ 110.488673867386737, -6.923792379237923 ], [ 110.488748874887492, -6.923642364236428 ], [ 110.488823882388232, -6.923792379237915 ], [ 110.488673867386737, -6.923792379237923 ] ], [ [ 110.488898889888986, -6.923942394239426 ], [ 110.488973897389741, -6.923867386738677 ], [ 110.488973897389741, -6.923942394239425 ], [ 110.488898889888986, -6.923942394239426 ] ], [ [ 110.489273927392745, -6.924392439243928 ], [ 110.489498949894994, -6.924092409240918 ], [ 110.489498949894994, -6.924467446744668 ], [ 110.489273927392745, -6.924392439243928 ] ], [ [ 110.478472847284735, -6.924167416741676 ], [ 110.482973297329735, -6.927617761776182 ], [ 110.483423342334234, -6.927392739273926 ], [ 110.483273327332739, -6.927917791779177 ], [ 110.486048604860486, -6.92926792679268 ], [ 110.483873387338733, -6.928892889288927 ], [ 110.478472847284735, -6.924167416741676 ] ], [ [ 110.480873087308737, -6.924917491749174 ], [ 110.485373537353738, -6.926267626762673 ], [ 110.485298529852983, -6.927392739273925 ], [ 110.484548454845481, -6.927692769276931 ], [ 110.480873087308737, -6.924917491749174 ] ], [ [ 110.490324032403237, -6.92506750675068 ], [ 110.490399039903991, -6.924992499249925 ], [ 110.490399039903991, -6.925067506750668 ], [ 110.490324032403237, -6.92506750675068 ] ], [ [ 110.482748274827486, -6.927092709270927 ], [ 110.482823282328226, -6.927017701770176 ], [ 110.482823282328226, -6.92709270927092 ], [ 110.482748274827486, -6.927092709270927 ] ], [ [ 110.48312331233123, -6.927317731773174 ], [ 110.483198319831985, -6.927242724272427 ], [ 110.483198319831985, -6.927317731773178 ], [ 110.48312331233123, -6.927317731773174 ] ], [ [ 110.483498349834989, -6.927617761776178 ], [ 110.483573357335729, -6.927542754275422 ], [ 110.483573357335729, -6.927617761776177 ], [ 110.483498349834989, -6.927617761776178 ] ], [ [ 110.48619861986198, -6.929042904290428 ], [ 110.486273627362735, -6.928967896789673 ], [ 110.486273627362735, -6.929042904290435 ], [ 110.48619861986198, -6.929042904290428 ] ], [ [ 110.487098709871006, -6.929417941794178 ], [ 110.487173717371732, -6.929342934293434 ], [ 110.487173717371732, -6.929417941794177 ], [ 110.487098709871006, -6.929417941794178 ] ], [ [ 110.482298229822987, -6.930618061806181 ], [ 110.482598259825977, -6.929642964296425 ], [ 110.483273327332739, -6.930393039303921 ], [ 110.482298229822987, -6.930618061806181 ] ], [ [ 110.492049204920491, -6.931218121812172 ], [ 110.492124212421245, -6.931143114311435 ], [ 110.492124212421245, -6.931218121812178 ], [ 110.492049204920491, -6.931218121812172 ] ], [ [ 110.492199219921986, -6.931293129312926 ], [ 110.49227422742274, -6.93121812181218 ], [ 110.49227422742274, -6.931293129312927 ], [ 110.492199219921986, -6.931293129312926 ] ], [ [ 110.492349234923509, -6.931368136813685 ], [ 110.492424242424249, -6.931293129312933 ], [ 110.492424242424249, -6.931368136813679 ], [ 110.492349234923509, -6.931368136813685 ] ], [ [ 110.492424242424249, -6.931443144314427 ], [ 110.49249924992499, -6.931368136813674 ], [ 110.49249924992499, -6.931443144314429 ], [ 110.492424242424249, -6.931443144314427 ] ], [ [ 110.492724272427239, -6.931593159315924 ], [ 110.492874287428748, -6.931518151815173 ], [ 110.492874287428748, -6.931593159315936 ], [ 110.492724272427239, -6.931593159315924 ] ], [ [ 110.492874287428748, -6.931668166816682 ], [ 110.493024302430257, -6.931593159315934 ], [ 110.493024302430257, -6.931668166816678 ], [ 110.492874287428748, -6.931668166816682 ] ], [ [ 110.493249324932492, -6.931818181818175 ], [ 110.4938493849385, -6.93181818181818 ], [ 110.49392439243924, -6.931968196819689 ], [ 110.493249324932492, -6.931818181818175 ] ], [ [ 110.494074407440749, -6.931968196819679 ], [ 110.494224422442244, -6.931893189318927 ], [ 110.494224422442244, -6.931968196819687 ], [ 110.494074407440749, -6.931968196819679 ] ], [ [ 110.494224422442244, -6.932043204320428 ], [ 110.494299429942998, -6.931968196819682 ], [ 110.494299429942998, -6.932043204320428 ], [ 110.494224422442244, -6.932043204320428 ] ], [ [ 110.461896189618969, -6.934143414341433 ], [ 110.462271227122713, -6.933543354335433 ], [ 110.462271227122713, -6.934518451845185 ], [ 110.461896189618969, -6.934143414341433 ] ], [ [ 110.459420942094212, -6.933768376837691 ], [ 110.46009600960096, -6.933918391839182 ], [ 110.459795979597956, -6.934293429342931 ], [ 110.459420942094212, -6.933768376837691 ] ], [ [ 110.457995799579962, -6.934518451845176 ], [ 110.458220822082211, -6.934518451845184 ], [ 110.457995799579962, -6.93459345934593 ], [ 110.457995799579962, -6.934518451845176 ] ], [ [ 110.462646264626457, -6.935568556855683 ], [ 110.462721272127212, -6.935493549354941 ], [ 110.462721272127212, -6.935568556855682 ], [ 110.462646264626457, -6.935568556855683 ] ], [ [ 110.462721272127212, -6.935643564356442 ], [ 110.462796279627966, -6.935568556855692 ], [ 110.462796279627966, -6.935643564356441 ], [ 110.462721272127212, -6.935643564356442 ] ], [ [ 110.462796279627966, -6.935718571857192 ], [ 110.462871287128706, -6.935643564356434 ], [ 110.462871287128706, -6.935718571857194 ], [ 110.462796279627966, -6.935718571857192 ] ], [ [ 110.458520852085215, -6.935868586858684 ], [ 110.458745874587464, -6.935943594359435 ], [ 110.458520852085215, -6.935943594359435 ], [ 110.458520852085215, -6.935868586858684 ] ], [ [ 110.45844584458446, -6.936018601860178 ], [ 110.458520852085215, -6.935943594359435 ], [ 110.458520852085215, -6.936018601860185 ], [ 110.45844584458446, -6.936018601860178 ] ], [ [ 110.463021302130215, -6.936018601860188 ], [ 110.46309630963097, -6.93594359435943 ], [ 110.46309630963097, -6.936018601860194 ], [ 110.463021302130215, -6.936018601860188 ] ], [ [ 110.458370837083706, -6.936093609360942 ], [ 110.45844584458446, -6.936018601860178 ], [ 110.45844584458446, -6.936093609360934 ], [ 110.458370837083706, -6.936093609360942 ] ], [ [ 110.463546354635469, -6.93609360936093 ], [ 110.463771377137718, -6.936168616861691 ], [ 110.463546354635469, -6.936243624362442 ], [ 110.463546354635469, -6.93609360936093 ] ], [ [ 110.458295829582951, -6.936168616861687 ], [ 110.458370837083706, -6.936093609360942 ], [ 110.458370837083706, -6.936168616861684 ], [ 110.458295829582951, -6.936168616861687 ] ], [ [ 110.46317131713171, -6.936168616861695 ], [ 110.463246324632465, -6.936093609360936 ], [ 110.463246324632465, -6.936168616861683 ], [ 110.46317131713171, -6.936168616861695 ] ], [ [ 110.45844584458446, -6.936243624362432 ], [ 110.458595859585955, -6.936168616861682 ], [ 110.458595859585955, -6.936243624362436 ], [ 110.45844584458446, -6.936243624362432 ] ], [ [ 110.458370837083706, -6.936318631863189 ], [ 110.45844584458446, -6.936243624362432 ], [ 110.45844584458446, -6.936318631863189 ], [ 110.458370837083706, -6.936318631863189 ] ], [ [ 110.482448244824496, -6.936543654365432 ], [ 110.482598259825977, -6.936318631863188 ], [ 110.482673267326732, -6.936543654365443 ], [ 110.482448244824496, -6.936543654365432 ] ], [ [ 110.482673267326732, -6.936768676867686 ], [ 110.48312331233123, -6.936693669366945 ], [ 110.48304830483049, -6.936843684368437 ], [ 110.482673267326732, -6.936768676867686 ] ], [ [ 110.457770777077712, -6.936768676867682 ], [ 110.457845784578453, -6.936693669366931 ], [ 110.457845784578453, -6.936768676867681 ], [ 110.457770777077712, -6.936768676867682 ] ], [ [ 110.482148214821478, -6.936843684368436 ], [ 110.482448244824496, -6.936693669366938 ], [ 110.482373237323728, -6.936993699369931 ], [ 110.482223222322233, -6.936843684368443 ], [ 110.482148214821478, -6.936843684368436 ] ], [ [ 110.457620762076203, -6.936918691869192 ], [ 110.457770777077712, -6.936768676867682 ], [ 110.457695769576958, -6.936918691869188 ], [ 110.457620762076203, -6.936918691869192 ] ], [ [ 110.482073207320738, -6.936993699369942 ], [ 110.482148214821478, -6.936843684368436 ], [ 110.482148214821478, -6.936993699369939 ], [ 110.482073207320738, -6.936993699369942 ] ], [ [ 110.482448244824496, -6.936993699369947 ], [ 110.482673267326732, -6.936993699369939 ], [ 110.482448244824496, -6.937143714371433 ], [ 110.482448244824496, -6.936993699369947 ] ], [ [ 110.482748274827486, -6.937143714371435 ], [ 110.482823282328226, -6.936993699369946 ], [ 110.482898289828981, -6.937143714371434 ], [ 110.482748274827486, -6.937143714371435 ] ], [ [ 110.483273327332739, -6.93729372937293 ], [ 110.483423342334234, -6.936993699369937 ], [ 110.483573357335729, -6.937368736873688 ], [ 110.483273327332739, -6.93729372937293 ] ], [ [ 110.482898289828981, -6.937143714371434 ], [ 110.483198319831985, -6.937143714371433 ], [ 110.482898289828981, -6.937443744374431 ], [ 110.482898289828981, -6.937143714371434 ] ], [ [ 110.457770777077712, -6.937218721872187 ], [ 110.457845784578453, -6.937143714371433 ], [ 110.457845784578453, -6.937218721872195 ], [ 110.457770777077712, -6.937218721872187 ] ], [ [ 110.464071407140707, -6.93729372937294 ], [ 110.464146414641462, -6.937218721872179 ], [ 110.464146414641462, -6.937293729372931 ], [ 110.464071407140707, -6.93729372937294 ] ], [ [ 110.458070807080702, -6.937968796879689 ], [ 110.458370837083706, -6.937668766876695 ], [ 110.458520852085215, -6.938343834383432 ], [ 110.458070807080702, -6.937968796879689 ] ], [ [ 110.48312331233123, -6.937668766876695 ], [ 110.483423342334234, -6.937893789378929 ], [ 110.48312331233123, -6.937968796879691 ], [ 110.48312331233123, -6.937668766876695 ] ], [ [ 110.464296429642985, -6.93759375937594 ], [ 110.464371437143711, -6.937518751875185 ], [ 110.464371437143711, -6.93759375937594 ], [ 110.464296429642985, -6.93759375937594 ] ], [ [ 110.464371437143711, -6.937668766876695 ], [ 110.464446444644466, -6.937593759375943 ], [ 110.464446444644466, -6.937668766876688 ], [ 110.464371437143711, -6.937668766876695 ] ], [ [ 110.447944794479454, -6.937818781878183 ], [ 110.448019801980195, -6.937743774377443 ], [ 110.448019801980195, -6.937818781878184 ], [ 110.447944794479454, -6.937818781878183 ] ], [ [ 110.448094809480963, -6.937968796879679 ], [ 110.448469846984693, -6.937818781878192 ], [ 110.448469846984693, -6.937968796879685 ], [ 110.448094809480963, -6.937968796879679 ] ], [ [ 110.46452145214522, -6.937893789378934 ], [ 110.464596459645975, -6.937818781878182 ], [ 110.464596459645975, -6.937893789378935 ], [ 110.46452145214522, -6.937893789378934 ] ], [ [ 110.464596459645975, -6.937968796879693 ], [ 110.464671467146715, -6.937893789378944 ], [ 110.464671467146715, -6.937968796879688 ], [ 110.464596459645975, -6.937968796879693 ] ], [ [ 110.46474647464747, -6.938193819381938 ], [ 110.46482148214821, -6.938118811881187 ], [ 110.46482148214821, -6.938193819381942 ], [ 110.46474647464747, -6.938193819381938 ] ], [ [ 110.445019501950199, -6.938418841884187 ], [ 110.445169516951694, -6.938193819381942 ], [ 110.445094509450954, -6.938418841884182 ], [ 110.445019501950199, -6.938418841884187 ] ], [ [ 110.464971497149719, -6.938418841884193 ], [ 110.465046504650459, -6.938343834383438 ], [ 110.465046504650459, -6.93841884188419 ], [ 110.464971497149719, -6.938418841884193 ] ], [ [ 110.445019501950199, -6.938568856885684 ], [ 110.445094509450954, -6.93849384938494 ], [ 110.445094509450954, -6.938568856885685 ], [ 110.445019501950199, -6.938568856885684 ] ], [ [ 110.465121512151214, -6.938643864386433 ], [ 110.465196519651968, -6.938568856885689 ], [ 110.465196519651968, -6.938643864386436 ], [ 110.465121512151214, -6.938643864386433 ] ], [ [ 110.465196519651968, -6.938718871887182 ], [ 110.465271527152709, -6.938643864386442 ], [ 110.465271527152709, -6.938718871887191 ], [ 110.465196519651968, -6.938718871887182 ] ], [ [ 110.465271527152709, -6.938793879387942 ], [ 110.465346534653463, -6.938718871887191 ], [ 110.465346534653463, -6.938793879387945 ], [ 110.465271527152709, -6.938793879387942 ] ] ] } },
{ "type": "Feature", "properties": { "year": 2033, "layer": "atrisk" }, "geometry": { "type": "Polygon", "coordinates": [ [ [ 110.438643864386435, -6.93946894689469 ], [ 110.437368736873694, -6.939618961896188 ], [ 110.437743774377438, -6.942319231923186 ], [ 110.438643864386435, -6.93946894689469 ] ] ] } },
{ "type": "Feature", "properties": { "year": 2033, "layer": "atrisk" }, "geometry": { "type": "Polygon", "coordinates": [ [ [ 110.42656765676567, -6.943369336933701 ], [ 110.426417641764175, -6.944344434443437 ], [ 110.427017701770183, -6.945169516951691 ], [ 110.42656765676567, -6.943369336933701 ] ] ] } },
{ "type": "Feature", "properties": { "year": 2033, "layer": "atrisk" }, "geometry": { "type": "Polygon", "coordinates": [ [ [ 110.392439243924386, -6.946069606960696 ], [ 110.390714071407146, -6.947044704470444 ], [ 110.388988898889892, -6.948394839483953 ], [ 110.388988898889892, -6.948844884488444 ], [ 110.392439243924386, -6.946069606960696 ] ] ] } },
{ "type": "Feature", "properties": { "year": 2033, "layer": "atrisk" }, "geometry": { "type": "Polygon", "coordinates": [ [ [ 110.435193519351941, -6.940369036903689 ], [ 110.433093309330928, -6.94194419441945 ], [ 110.434368436843684, -6.946294629462945 ], [ 110.433093309330928, -6.943144314431438 ], [ 110.431668166816678, -6.942769276927698 ], [ 110.430843084308435, -6.944344434443447 ], [ 110.432343234323426, -6.944194419441936 ], [ 110.432943294329434, -6.949294929492943 ], [ 110.43564356435644, -6.9480198019802 ], [ 110.434143414341435, -6.947119711971196 ], [ 110.436618661866191, -6.943294329432949 ], [ 110.435193519351941, -6.940369036903689 ] ], [ [ 110.431818181818187, -6.943594359435939 ], [ 110.431893189318941, -6.94336933693369 ], [ 110.431968196819682, -6.943669366936699 ], [ 110.431818181818187, -6.943594359435939 ] ], [ [ 110.431968196819682, -6.943894389438941 ], [ 110.432043204320436, -6.943744374437442 ], [ 110.432043204320436, -6.943894389438936 ], [ 110.431968196819682, -6.943894389438941 ] ] ] } },
{ "type": "Feature", "properties": { "year": 2033, "layer": "atrisk" }, "geometry": { "type": "Polygon", "coordinates": [ [ [ 110.418166816681662, -6.950795079507942 ], [ 110.41711671167117, -6.951170117011708 ], [ 110.417341734173419, -6.951695169516944 ], [ 110.418391839183911, -6.951395139513944 ], [ 110.418391839183911, -6.950945094509451 ], [ 110.418166816681662, -6.950795079507942 ] ], [ [ 110.418016801680182, -6.950945094509456 ], [ 110.418091809180922, -6.950870087008695 ], [ 110.418091809180922, -6.950945094509458 ], [ 110.418016801680182, -6.950945094509456 ] ] ] } },
{ "type": "Feature", "properties": { "year": 2033, "layer": "atrisk" }, "geometry": { "type": "Polygon", "coordinates": [ [ [ 110.432718271827184, -6.951020102010203 ], [ 110.430918091809176, -6.952145214521453 ], [ 110.431368136813688, -6.952820282028195 ], [ 110.43264326432643, -6.952070207020696 ], [ 110.432718271827184, -6.951020102010203 ] ] ] } },
{ "type": "Feature", "properties": { "year": 2033, "layer": "atrisk" }, "geometry": { "type": "Polygon", "coordinates": [ [ [ 110.428742874287423, -6.951470147014705 ], [ 110.428667866786682, -6.951545154515451 ], [ 110.428742874287423, -6.951845184518453 ], [ 110.428067806780675, -6.953120312031198 ], [ 110.429192919291935, -6.952520252025207 ], [ 110.428517851785173, -6.952520252025199 ], [ 110.429042904290426, -6.951845184518442 ], [ 110.428742874287423, -6.951470147014705 ] ], [ [ 110.428742874287423, -6.951695169516945 ], [ 110.428817881788177, -6.951620162016197 ], [ 110.428817881788177, -6.95169516951695 ], [ 110.428742874287423, -6.951695169516945 ] ] ] } },
{ "type": "Feature", "properties": { "year": 2033, "layer": "atrisk" }, "geometry": { "type": "Polygon", "coordinates": [ [ [ 110.405640564056412, -6.953570357035695 ], [ 110.405190519051899, -6.953495349534945 ], [ 110.403090309030901, -6.953870387038698 ], [ 110.405640564056412, -6.953570357035695 ] ] ] } },
{ "type": "Feature", "properties": { "year": 2033, "layer": "atrisk" }, "geometry": { "type": "Polygon", "coordinates": [ [ [ 110.382238223822384, -6.951020102010206 ], [ 110.38193819381938, -6.952745274527446 ], [ 110.382988298829886, -6.954245424542449 ], [ 110.382238223822384, -6.951020102010206 ] ] ] } },
{ "type": "Feature", "properties": { "year": 2033, "layer": "atrisk" }, "geometry": { "type": "Polygon", "coordinates": [ [ [ 110.430318031803182, -6.953945394539452 ], [ 110.429192919291935, -6.953795379537961 ], [ 110.429192919291935, -6.954245424542461 ], [ 110.430318031803182, -6.953945394539452 ] ] ] } },
{ "type": "Feature", "properties": { "year": 2033, "layer": "atrisk" }, "geometry": { "type": "Polygon", "coordinates": [ [ [ 110.377812781278124, -6.954545454545448 ], [ 110.376162616261624, -6.95447044704471 ], [ 110.376087608760869, -6.954620462046202 ], [ 110.377812781278124, -6.954545454545448 ] ] ] } },
{ "type": "Feature", "properties": { "year": 2033, "layer": "atrisk" }, "geometry": { "type": "Polygon", "coordinates": [ [ [ 110.417266726672665, -6.952295229522953 ], [ 110.41576657665766, -6.952745274527446 ], [ 110.416291629162913, -6.954545454545455 ], [ 110.416816681668166, -6.955070507050704 ], [ 110.418241824182417, -6.954545454545452 ], [ 110.417266726672665, -6.952295229522953 ] ], [ [ 110.41704170417043, -6.954545454545448 ], [ 110.417416741674174, -6.954545454545444 ], [ 110.41704170417043, -6.9546204620462 ], [ 110.41704170417043, -6.954545454545448 ] ], [ [ 110.416741674167412, -6.954845484548462 ], [ 110.41704170417043, -6.9546204620462 ], [ 110.41704170417043, -6.954695469546955 ], [ 110.416741674167412, -6.954845484548462 ] ] ] } },
{ "type": "Feature", "properties": { "year": 2033, "layer": "atrisk" }, "geometry": { "type": "Polygon", "coordinates": [ [ [ 110.423567356735674, -6.953570357035701 ], [ 110.424242424242422, -6.955670567056705 ], [ 110.422067206720669, -6.954470447044701 ], [ 110.421542154215416, -6.95514551455145 ], [ 110.423717371737169, -6.956270627062706 ], [ 110.42461746174618, -6.955970597059708 ], [ 110.42491749174917, -6.954545454545459 ], [ 110.42634263426342, -6.955295529552957 ], [ 110.426792679267933, -6.955145514551452 ], [ 110.423567356735674, -6.953570357035701 ] ] ] } },
{ "type": "Feature", "properties": { "year": 2033, "layer": "atrisk" }, "geometry": { "type": "Polygon", "coordinates": [ [ [ 110.419141914191414, -6.95214521452145 ], [ 110.420042004200425, -6.956495649564958 ], [ 110.420492049204924, -6.956795679567952 ], [ 110.419141914191414, -6.95214521452145 ] ] ] } },
{ "type": "Feature", "properties": { "year": 2033, "layer": "atrisk" }, "geometry": { "type": "Polygon", "coordinates": [ [ [ 110.420267026702675, -6.957095709570964 ], [ 110.42019201920192, -6.958520852085214 ], [ 110.419891989198916, -6.958970897089704 ], [ 110.421392139213921, -6.95799579957995 ], [ 110.420267026702675, -6.957095709570964 ] ], [ [ 110.420267026702675, -6.957695769576953 ], [ 110.420492049204924, -6.957695769576952 ], [ 110.420492049204924, -6.957920792079203 ], [ 110.420267026702675, -6.957695769576953 ] ], [ [ 110.420642064206419, -6.957620762076212 ], [ 110.420717071707173, -6.957470747074701 ], [ 110.420717071707173, -6.957620762076202 ], [ 110.420642064206419, -6.957620762076212 ] ], [ [ 110.420492049204924, -6.957995799579957 ], [ 110.420567056705664, -6.957920792079204 ], [ 110.420567056705664, -6.957995799579948 ], [ 110.420492049204924, -6.957995799579957 ] ] ] } },
{ "type": "Feature", "properties": { "year": 2033, "layer": "atrisk" }, "geometry": { "type": "Polygon", "coordinates": [ [ [ 110.405865586558662, -6.9583708370837 ], [ 110.405865586558662, -6.959045904590448 ], [ 110.407215721572157, -6.958595859585961 ], [ 110.407140714071403, -6.958370837083701 ], [ 110.405865586558662, -6.9583708370837 ] ], [ [ 110.40631563156316, -6.958595859585952 ], [ 110.40654065406541, -6.958445844584459 ], [ 110.40654065406541, -6.958595859585953 ], [ 110.40631563156316, -6.958595859585952 ] ] ] } },
{ "type": "Feature", "properties": { "year": 2033, "layer": "atrisk" }, "geometry": { "type": "Polygon", "coordinates": [ [ [ 110.392439243924386, -6.959195919591965 ], [ 110.391164116411645, -6.958820882088201 ], [ 110.39108910891089, -6.959270927092714 ], [ 110.392439243924386, -6.959195919591965 ] ] ] } },
{ "type": "Feature", "properties": { "year": 2033, "layer": "atrisk" }, "geometry": { "type": "Polygon", "coordinates": [ [ [ 110.408565856585653, -6.958445844584453 ], [ 110.408265826582664, -6.958370837083711 ], [ 110.407290729072912, -6.958445844584462 ], [ 110.407140714071403, -6.959345934593467 ], [ 110.407815781578151, -6.959420942094214 ], [ 110.408565856585653, -6.958445844584453 ] ], [ [ 110.407590759075902, -6.959045904590463 ], [ 110.407665766576656, -6.958895889588964 ], [ 110.407665766576656, -6.959045904590459 ], [ 110.407590759075902, -6.959045904590463 ] ] ] } },
{ "type": "Feature", "properties": { "year": 2033, "layer": "atrisk" }, "geometry": { "type": "Polygon", "coordinates": [ [ [ 110.40489048904891, -6.958520852085213 ], [ 110.4035403540354, -6.958745874587453 ], [ 110.405040504050405, -6.9595709570957 ], [ 110.40489048904891, -6.958520852085213 ] ] ] } },
{ "type": "Feature", "properties": { "year": 2033, "layer": "atrisk" }, "geometry": { "type": "Polygon", "coordinates": [ [ [ 110.38336333633363, -6.955370537053708 ], [ 110.377587758775874, -6.954770477047704 ], [ 110.377062706270635, -6.956045604560453 ], [ 110.368436843684364, -6.955970597059711 ], [ 110.367911791179111, -6.957845784578447 ], [ 110.36671167116711, -6.9576207620762 ], [ 110.367386738673872, -6.956270627062705 ], [ 110.367086708670868, -6.95574557455745 ], [ 110.364011401140118, -6.956495649564951 ], [ 110.364836483648375, -6.955820582058214 ], [ 110.364161416141613, -6.955070507050706 ], [ 110.363561356135619, -6.954995499549948 ], [ 110.360036003600356, -6.955820582058204 ], [ 110.359885988598876, -6.95867086708671 ], [ 110.360636063606364, -6.959720972097205 ], [ 110.387863786378631, -6.959720972097203 ], [ 110.38358835883588, -6.958745874587465 ], [ 110.38336333633363, -6.955370537053708 ] ], [ [ 110.363561356135619, -6.955295529552956 ], [ 110.363936393639364, -6.955595559555951 ], [ 110.363486348634865, -6.955520552055211 ], [ 110.363561356135619, -6.955295529552956 ] ], [ [ 110.382088208820889, -6.955520552055201 ], [ 110.382238223822384, -6.955370537053698 ], [ 110.382163216321629, -6.955520552055197 ], [ 110.382088208820889, -6.955520552055201 ] ], [ [ 110.364011401140118, -6.955595559555955 ], [ 110.364086408640858, -6.9555205520552 ], [ 110.364086408640858, -6.955595559555952 ], [ 110.364011401140118, -6.955595559555955 ] ], [ [ 110.363786378637869, -6.955745574557451 ], [ 110.364011401140118, -6.95582058205821 ], [ 110.363786378637869, -6.95582058205821 ], [ 110.363786378637869, -6.955745574557451 ] ], [ [ 110.363186318631875, -6.955895589558948 ], [ 110.36333633363337, -6.955820582058211 ], [ 110.36333633363337, -6.955970597059713 ], [ 110.363186318631875, -6.955895589558948 ] ], [ [ 110.360036003600356, -6.956195619561949 ], [ 110.360186018601865, -6.956120612061204 ], [ 110.360186018601865, -6.956195619561951 ], [ 110.360036003600356, -6.956195619561949 ] ], [ [ 110.366936693669373, -6.956495649564955 ], [ 110.367011701170114, -6.956345634563453 ], [ 110.367011701170114, -6.956495649564951 ], [ 110.366936693669373, -6.956495649564955 ] ], [ [ 110.366861686168619, -6.956645664566457 ], [ 110.366936693669373, -6.956495649564955 ], [ 110.366936693669373, -6.95664566456646 ], [ 110.366861686168619, -6.956645664566457 ] ], [ [ 110.366786678667864, -6.956795679567964 ], [ 110.366861686168619, -6.956645664566457 ], [ 110.366861686168619, -6.956795679567957 ], [ 110.366786678667864, -6.956795679567964 ] ], [ [ 110.361911191119106, -6.957545754575454 ], [ 110.362811281128117, -6.956795679567954 ], [ 110.362961296129612, -6.957170717071707 ], [ 110.361911191119106, -6.957545754575454 ] ], [ [ 110.38051305130513, -6.956795679567959 ], [ 110.380588058805884, -6.956720672067206 ], [ 110.380588058805884, -6.956795679567958 ], [ 110.38051305130513, -6.956795679567959 ] ], [ [ 110.36671167116711, -6.957020702070203 ], [ 110.366786678667864, -6.956795679567964 ], [ 110.366786678667864, -6.957020702070202 ], [ 110.36671167116711, -6.957020702070203 ] ], [ [ 110.36663666366637, -6.957170717071715 ], [ 110.36671167116711, -6.957020702070203 ], [ 110.36671167116711, -6.957170717071706 ], [ 110.36663666366637, -6.957170717071715 ] ], [ [ 110.361236123612358, -6.957320732073208 ], [ 110.361686168616856, -6.957245724572451 ], [ 110.361686168616856, -6.95754575457545 ], [ 110.361236123612358, -6.957320732073208 ] ], [ [ 110.366561656165615, -6.957470747074712 ], [ 110.36663666366637, -6.957320732073208 ], [ 110.36663666366637, -6.957470747074709 ], [ 110.366561656165615, -6.957470747074712 ] ] ] } },
{ "type": "Feature", "properties": { "year": 2033, "layer": "atrisk" }, "geometry": { "type": "Polygon", "coordinates": [ [ [ 110.396489648964902, -6.948394839483944 ], [ 110.396339633963393, -6.950720072007194 ], [ 110.3957395739574, -6.950945094509443 ], [ 110.39551455145515, -6.950570057005704 ], [ 110.395364536453641, -6.95064506450645 ], [ 110.398964896489645, -6.959720972097203 ], [ 110.400690069006899, -6.959720972097211 ], [ 110.398664866486655, -6.954320432043208 ], [ 110.402790279027897, -6.953870387038696 ], [ 110.402865286528652, -6.952895289528957 ], [ 110.399189918991908, -6.952670267026707 ], [ 110.399189918991908, -6.954170417041706 ], [ 110.398964896489645, -6.952445244524458 ], [ 110.397764776477644, -6.952370237023695 ], [ 110.39723972397239, -6.951695169516955 ], [ 110.397014701470141, -6.950795079507954 ], [ 110.399489948994898, -6.952370237023697 ], [ 110.400540054005418, -6.951245124512456 ], [ 110.396489648964902, -6.948394839483944 ] ], [ [ 110.397989798979893, -6.950795079507948 ], [ 110.398289828982897, -6.950495049504954 ], [ 110.398439843984391, -6.951095109510948 ], [ 110.397989798979893, -6.950795079507948 ] ], [ [ 110.398214821482142, -6.953645364536459 ], [ 110.398514851485146, -6.953795379537952 ], [ 110.398664866486655, -6.954320432043208 ], [ 110.398214821482142, -6.953645364536459 ] ], [ [ 110.400090009000905, -6.958820882088212 ], [ 110.40016501650166, -6.958670867086712 ], [ 110.40016501650166, -6.958820882088212 ], [ 110.400090009000905, -6.958820882088212 ] ], [ [ 110.4002400240024, -6.959420942094207 ], [ 110.400390039003895, -6.958970897089705 ], [ 110.400390039003895, -6.959570957095714 ], [ 110.4002400240024, -6.959420942094207 ] ] ] } },
{ "type": "Feature", "properties": { "year": 2033, "layer": "atrisk" }, "geometry": { "type": "Polygon", "coordinates": [ [ [ 110.319456945694569, -6.938268826882693 ], [ 110.312406240624057, -6.943744374437443 ], [ 110.318106810681073, -6.952895289528954 ], [ 110.319456945694569, -6.950570057005696 ], [ 110.319081908190824, -6.953795379537956 ], [ 110.327557755775572, -6.958595859585952 ], [ 110.3497599759976, -6.95972097209721 ], [ 110.352160216021602, -6.958220822082202 ], [ 110.350810081008106, -6.959720972097208 ], [ 110.359135913591359, -6.959720972097215 ], [ 110.359060906090605, -6.954770477047708 ], [ 110.355460546054601, -6.95469546954696 ], [ 110.358835883588355, -6.954245424542448 ], [ 110.359435943594363, -6.954320432043199 ], [ 110.359660966096612, -6.959720972097211 ], [ 110.359885988598876, -6.954620462046204 ], [ 110.367086708670868, -6.955145514551461 ], [ 110.375187518751872, -6.954695469546957 ], [ 110.349309930993115, -6.952220222022198 ], [ 110.344884488448841, -6.949144914491447 ], [ 110.327632763276327, -6.942844284428435 ], [ 110.319456945694569, -6.938268826882693 ] ], [ [ 110.318256825682582, -6.939993999399944 ], [ 110.318331833183322, -6.939918991899191 ], [ 110.318331833183322, -6.939993999399935 ], [ 110.318256825682582, -6.939993999399944 ] ], [ [ 110.318406840684062, -6.940144014401447 ], [ 110.318706870687066, -6.940069006900685 ], [ 110.318706870687066, -6.940219021902196 ], [ 110.318406840684062, -6.940144014401447 ] ], [ [ 110.318181818181813, -6.940219021902193 ], [ 110.318256825682582, -6.940144014401432 ], [ 110.318256825682582, -6.940219021902187 ], [ 110.318181818181813, -6.940219021902193 ] ], [ [ 110.31735673567357, -6.940519051905193 ], [ 110.317431743174311, -6.940369036903682 ], [ 110.317431743174311, -6.940519051905195 ], [ 110.31735673567357, -6.940519051905193 ] ], [ [ 110.318181818181813, -6.940669066906691 ], [ 110.318256825682582, -6.940594059405941 ], [ 110.318256825682582, -6.940669066906696 ], [ 110.318181818181813, -6.940669066906691 ] ], [ [ 110.319981998199822, -6.940669066906695 ], [ 110.320057005700576, -6.940594059405934 ], [ 110.320057005700576, -6.940669066906698 ], [ 110.319981998199822, -6.940669066906695 ] ], [ [ 110.318256825682582, -6.940744074407437 ], [ 110.318406840684062, -6.940669066906693 ], [ 110.318406840684062, -6.940744074407443 ], [ 110.318256825682582, -6.940744074407437 ] ], [ [ 110.320057005700576, -6.940744074407449 ], [ 110.320132013201317, -6.940669066906686 ], [ 110.320132013201317, -6.940744074407447 ], [ 110.320057005700576, -6.940744074407449 ] ], [ [ 110.318406840684062, -6.940819081908196 ], [ 110.318481848184817, -6.940744074407447 ], [ 110.318481848184817, -6.940819081908195 ], [ 110.318406840684062, -6.940819081908196 ] ], [ [ 110.318556855685571, -6.940894089408941 ], [ 110.318631863186312, -6.940819081908195 ], [ 110.318631863186312, -6.940894089408936 ], [ 110.318556855685571, -6.940894089408941 ] ], [ [ 110.320807080708065, -6.941044104410435 ], [ 110.320882088208819, -6.940969096909692 ], [ 110.320882088208819, -6.941044104410438 ], [ 110.320807080708065, -6.941044104410435 ] ], [ [ 110.321107110711068, -6.941269126912699 ], [ 110.321407140714072, -6.941119111911192 ], [ 110.321407140714072, -6.941344134413444 ], [ 110.321107110711068, -6.941269126912699 ] ], [ [ 110.321407140714072, -6.941419141914193 ], [ 110.321482148214827, -6.941344134413445 ], [ 110.321482148214827, -6.941419141914188 ], [ 110.321407140714072, -6.941419141914193 ] ], [ [ 110.321482148214827, -6.941569156915691 ], [ 110.321632163216321, -6.941494149414945 ], [ 110.321632163216321, -6.941569156915691 ], [ 110.321482148214827, -6.941569156915691 ] ], [ [ 110.322382238223824, -6.942244224422448 ], [ 110.322607260726073, -6.942094209420946 ], [ 110.322682268226828, -6.942319231923189 ], [ 110.322382238223824, -6.942244224422448 ] ], [ [ 110.322907290729091, -6.942319231923184 ], [ 110.322982298229817, -6.942244224422446 ], [ 110.322982298229817, -6.942319231923194 ], [ 110.322907290729091, -6.942319231923184 ] ], [ [ 110.322982298229817, -6.942619261926199 ], [ 110.323057305730572, -6.942544254425447 ], [ 110.323057305730572, -6.942619261926194 ], [ 110.322982298229817, -6.942619261926199 ] ], [ [ 110.322907290729091, -6.94269426942694 ], [ 110.322982298229817, -6.942619261926199 ], [ 110.322982298229817, -6.942694269426943 ], [ 110.322907290729091, -6.94269426942694 ] ], [ [ 110.325607560756069, -6.945769576957703 ], [ 110.326882688268824, -6.948019801980199 ], [ 110.326432643264326, -6.948394839483955 ], [ 110.324857485748581, -6.946594659465939 ], [ 110.320807080708065, -6.948394839483942 ], [ 110.321857185718571, -6.946219621962203 ], [ 110.325607560756069, -6.945769576957703 ] ], [ [ 110.323057305730572, -6.947569756975694 ], [ 110.323132313231326, -6.947494749474947 ], [ 110.323132313231326, -6.947569756975693 ], [ 110.323057305730572, -6.947569756975694 ] ], [ [ 110.32065706570657, -6.950570057005704 ], [ 110.320732073207324, -6.950495049504949 ], [ 110.320732073207324, -6.950570057005702 ], [ 110.32065706570657, -6.950570057005704 ] ], [ [ 110.320507050705075, -6.950645064506453 ], [ 110.320582058205815, -6.950570057005705 ], [ 110.320582058205815, -6.950645064506459 ], [ 110.320507050705075, -6.950645064506453 ] ], [ [ 110.32043204320432, -6.950720072007202 ], [ 110.320507050705075, -6.950645064506453 ], [ 110.320507050705075, -6.950720072007201 ], [ 110.32043204320432, -6.950720072007202 ] ], [ [ 110.320357035703566, -6.950795079507953 ], [ 110.32043204320432, -6.950720072007202 ], [ 110.32043204320432, -6.950795079507944 ], [ 110.320357035703566, -6.950795079507953 ] ], [ [ 110.320057005700576, -6.950870087008709 ], [ 110.320132013201317, -6.950795079507951 ], [ 110.320132013201317, -6.950870087008706 ], [ 110.320057005700576, -6.950870087008709 ] ], [ [ 110.320282028202826, -6.950870087008704 ], [ 110.320357035703566, -6.950795079507953 ], [ 110.320357035703566, -6.950870087008703 ], [ 110.320282028202826, -6.950870087008704 ] ], [ [ 110.319981998199822, -6.950945094509449 ], [ 110.320057005700576, -6.950870087008709 ], [ 110.320057005700576, -6.950945094509457 ], [ 110.319981998199822, -6.950945094509449 ] ], [ [ 110.319906990699081, -6.951020102010204 ], [ 110.319981998199822, -6.950945094509449 ], [ 110.319981998199822, -6.951020102010205 ], [ 110.319906990699081, -6.951020102010204 ] ], [ [ 110.320132013201317, -6.951020102010209 ], [ 110.320207020702071, -6.950945094509458 ], [ 110.320207020702071, -6.951020102010192 ], [ 110.320132013201317, -6.951020102010209 ] ], [ [ 110.319981998199822, -6.95117011701171 ], [ 110.320057005700576, -6.951095109510944 ], [ 110.320057005700576, -6.951170117011699 ], [ 110.319981998199822, -6.95117011701171 ] ], [ [ 110.319906990699081, -6.951245124512441 ], [ 110.319981998199822, -6.95117011701171 ], [ 110.319981998199822, -6.951245124512456 ], [ 110.319906990699081, -6.951245124512441 ] ], [ [ 110.35283528352835, -6.957470747074707 ], [ 110.352985298529859, -6.957320732073211 ], [ 110.352910291029104, -6.957470747074714 ], [ 110.35283528352835, -6.957470747074707 ] ], [ [ 110.35276027602761, -6.957545754575451 ], [ 110.35283528352835, -6.957470747074707 ], [ 110.35283528352835, -6.957545754575456 ], [ 110.35276027602761, -6.957545754575451 ] ], [ [ 110.352685268526855, -6.957620762076208 ], [ 110.35276027602761, -6.957545754575451 ], [ 110.35276027602761, -6.957620762076214 ], [ 110.352685268526855, -6.957620762076208 ] ], [ [ 110.352385238523851, -6.958070807080701 ], [ 110.35276027602761, -6.957845784578462 ], [ 110.35283528352835, -6.958145814581452 ], [ 110.35276027602761, -6.958070807080712 ], [ 110.352385238523851, -6.958070807080701 ] ], [ [ 110.352310231023097, -6.95814581458146 ], [ 110.352385238523851, -6.958070807080701 ], [ 110.352385238523851, -6.958145814581463 ], [ 110.352310231023097, -6.95814581458146 ] ], [ [ 110.352235223522356, -6.958295829582951 ], [ 110.352310231023097, -6.95814581458146 ], [ 110.352310231023097, -6.95829582958296 ], [ 110.352235223522356, -6.958295829582951 ] ] ] } },
{ "type": "Feature", "properties": { "year": 2033, "layer": "atrisk" }, "geometry": { "type": "Polygon", "coordinates": [ [ [ 110.402415241524153, -6.959270927092718 ], [ 110.400990099009903, -6.958970897089714 ], [ 110.400840084008408, -6.959570957095714 ], [ 110.40181518151816, -6.959720972097211 ], [ 110.402415241524153, -6.959270927092718 ] ], [ [ 110.401215121512152, -6.959570957095704 ], [ 110.401290129012907, -6.959495949594965 ], [ 110.401290129012907, -6.959570957095711 ], [ 110.401215121512152, -6.959570957095704 ] ] ] } },
{ "type": "Feature", "properties": { "year": 2033, "layer": "atrisk" }, "geometry": { "type": "Polygon", "coordinates": [ [ [ 110.406090609060911, -6.947494749474947 ], [ 110.403015301530147, -6.947044704470442 ], [ 110.406240624062406, -6.948319831983197 ], [ 110.406465646564669, -6.950495049504954 ], [ 110.40489048904891, -6.951845184518449 ], [ 110.407365736573652, -6.951770177017696 ], [ 110.409840984098409, -6.956045604560448 ], [ 110.413441344134412, -6.958220822082208 ], [ 110.410516051605157, -6.958895889588962 ], [ 110.409840984098409, -6.95634563456346 ], [ 110.410216021602167, -6.959720972097218 ], [ 110.41704170417043, -6.959645964596452 ], [ 110.414191419141915, -6.95859585958596 ], [ 110.414266426642669, -6.958370837083708 ], [ 110.41411641164116, -6.957920792079203 ], [ 110.413591359135907, -6.957395739573957 ], [ 110.413891389138911, -6.957020702070198 ], [ 110.413516351635167, -6.95679567956796 ], [ 110.415241524152421, -6.956120612061211 ], [ 110.413366336633658, -6.956270627062702 ], [ 110.413366336633658, -6.957170717071702 ], [ 110.41074107410742, -6.955895589558949 ], [ 110.406090609060911, -6.947494749474947 ] ], [ [ 110.41411641164116, -6.958520852085202 ], [ 110.414191419141915, -6.958445844584456 ], [ 110.414191419141915, -6.958520852085216 ], [ 110.41411641164116, -6.958520852085202 ] ], [ [ 110.412091209120931, -6.958895889588958 ], [ 110.412316231623166, -6.958745874587453 ], [ 110.412316231623166, -6.958895889588963 ], [ 110.412091209120931, -6.958895889588958 ] ], [ [ 110.413666366636662, -6.959120912091206 ], [ 110.413816381638171, -6.958970897089714 ], [ 110.413891389138911, -6.959120912091204 ], [ 110.413666366636662, -6.959120912091206 ] ] ] } }
]
}
