{
"type": "FeatureCollection",
"name": "atrisk_2045",
"crs": { "type": "name", "properties": { "name": "urn:ogc:def:crs:OGC:1.3:CRS84" } },
"features": [
{ "type": "Feature", "properties": { "year": 2045, "layer": "atrisk" }, "geometry": { "type": "Polygon", "coordinates": [ [ [ 110.576957695769579, -6.75 ], [ 110.572757275727568, -6.750675067506756 ], [ 110.576957695769579, -6.750075007500751 ], [ 110.576957695769579, -6.75 ] ] ] } },
{ "type": "Feature", "properties": { "year": 2045, "layer": "atrisk" }, "geometry": { "type": "Polygon", "coordinates": [ [ [ 110.53990399039904, -6.750675067506744 ], [ 110.53990399039904, -6.751500150015003 ], [ 110.540354035403539, -6.751575157515749 ], [ 110.53990399039904, -6.750675067506744 ] ] ] } },
{ "type": "Feature", "properties": { "year": 2045, "layer": "atrisk" }, "geometry": { "type": "Polygon", "coordinates": [ [ [ 110.583783378337827, -6.750900090009002 ], [ 110.58280828082809, -6.751125112511244 ], [ 110.582733273327335, -6.752025202520253 ], [ 110.583333333333329, -6.752025202520245 ], [ 110.583783378337827, -6.750900090009002 ] ] ] } },
{ "type": "Feature", "properties": { "year": 2045, "layer": "atrisk" }, "geometry": { "type": "Polygon", "coordinates": [ [ [ 110.563981398139816, -6.75 ], [ 110.567056705670566, -6.752325232523257 ], [ 110.571782178217816, -6.750150015001494 ], [ 110.571782178217816, -6.75 ], [ 110.563981398139816, -6.75 ] ] ] } },
{ "type": "Feature", "properties": { "year": 2045, "layer": "atrisk" }, "geometry": { "type": "Polygon", "coordinates": [ [ [ 110.584458445844589, -6.752025202520257 ], [ 110.583558355835578, -6.752850285028503 ], [ 110.583483348334838, -6.753825382538253 ], [ 110.58453345334533, -6.753525352535251 ], [ 110.584458445844589, -6.752025202520257 ] ] ] } },
{ "type": "Feature", "properties": { "year": 2045, "layer": "atrisk" }, "geometry": { "type": "Polygon", "coordinates": [ [ [ 110.580483048304828, -6.752625262526246 ], [ 110.577932793279345, -6.753000300030009 ], [ 110.577782778277822, -6.753900390038999 ], [ 110.581008100810081, -6.753900390038996 ], [ 110.580483048304828, -6.752625262526246 ] ] ] } },
{ "type": "Feature", "properties": { "year": 2045, "layer": "atrisk" }, "geometry": { "type": "Polygon", "coordinates": [ [ [ 110.583258325832588, -6.752700270027009 ], [ 110.581983198319833, -6.752400240024 ], [ 110.582283228322837, -6.754275427542762 ], [ 110.583258325832588, -6.752700270027009 ] ] ] } },
{ "type": "Feature", "properties": { "year": 2045, "layer": "atrisk" }, "geometry": { "type": "Polygon", "coordinates": [ [ [ 110.568781878187821, -6.753300330033001 ], [ 110.568331833183322, -6.754500450045009 ], [ 110.569381938193814, -6.754725472547261 ], [ 110.569756975697572, -6.754050405040499 ], [ 110.568781878187821, -6.753300330033001 ] ] ] } },
{ "type": "Feature", "properties": { "year": 2045, "layer": "atrisk" }, "geometry": { "type": "Polygon", "coordinates": [ [ [ 110.572307230723084, -6.753150315031508 ], [ 110.570657065706584, -6.753300330033006 ], [ 110.570732073207324, -6.756075607560752 ], [ 110.571482148214827, -6.75592559255926 ], [ 110.571407140714072, -6.754125412541255 ], [ 110.571632163216336, -6.755700570056999 ], [ 110.572457245724578, -6.755550555055502 ], [ 110.572757275727568, -6.754725472547247 ], [ 110.572307230723084, -6.753150315031508 ] ], [ [ 110.57208220822082, -6.753900390039005 ], [ 110.572157215721575, -6.753375337533758 ], [ 110.572232223222329, -6.753900390039003 ], [ 110.57208220822082, -6.753900390039005 ] ], [ [ 110.571857185718571, -6.753750375037511 ], [ 110.571932193219325, -6.753675367536749 ], [ 110.571932193219325, -6.753750375037501 ], [ 110.571857185718571, -6.753750375037511 ] ], [ [ 110.571932193219325, -6.753825382538261 ], [ 110.572007200720066, -6.753750375037504 ], [ 110.572007200720066, -6.753825382538259 ], [ 110.571932193219325, -6.753825382538261 ] ], [ [ 110.572307230723084, -6.753975397539752 ], [ 110.572382238223824, -6.753900390039001 ], [ 110.572382238223824, -6.753975397539751 ], [ 110.572307230723084, -6.753975397539752 ] ], [ [ 110.571932193219325, -6.754050405040494 ], [ 110.572007200720066, -6.753975397539749 ], [ 110.572007200720066, -6.754050405040506 ], [ 110.571932193219325, -6.754050405040494 ] ], [ [ 110.571932193219325, -6.754275427542755 ], [ 110.572007200720066, -6.754200420042005 ], [ 110.572007200720066, -6.754275427542748 ], [ 110.571932193219325, -6.754275427542755 ] ], [ [ 110.572007200720066, -6.754350435043498 ], [ 110.57208220822082, -6.754275427542754 ], [ 110.57208220822082, -6.754350435043497 ], [ 110.572007200720066, -6.754350435043498 ] ], [ [ 110.572157215721575, -6.754500450045001 ], [ 110.572307230723084, -6.754425442544246 ], [ 110.572307230723084, -6.75457545754576 ], [ 110.572157215721575, -6.754500450045001 ] ], [ [ 110.572382238223824, -6.754425442544252 ], [ 110.572457245724578, -6.754350435043506 ], [ 110.572457245724578, -6.754425442544255 ], [ 110.572382238223824, -6.754425442544252 ] ], [ [ 110.572382238223824, -6.754725472547262 ], [ 110.572457245724578, -6.75465046504651 ], [ 110.572457245724578, -6.754725472547253 ], [ 110.572382238223824, -6.754725472547262 ] ], [ [ 110.571032103210328, -6.754800480048007 ], [ 110.571107110711068, -6.754725472547262 ], [ 110.571107110711068, -6.754800480048004 ], [ 110.571032103210328, -6.754800480048007 ] ], [ [ 110.571857185718571, -6.754875487548763 ], [ 110.572007200720066, -6.754725472547248 ], [ 110.571932193219325, -6.75487548754876 ], [ 110.571857185718571, -6.754875487548763 ] ], [ [ 110.571107110711068, -6.754875487548752 ], [ 110.571257125712577, -6.755025502550247 ], [ 110.571107110711068, -6.755025502550254 ], [ 110.571107110711068, -6.754875487548752 ] ], [ [ 110.57208220822082, -6.754950495049503 ], [ 110.572157215721575, -6.754875487548754 ], [ 110.572157215721575, -6.754950495049513 ], [ 110.57208220822082, -6.754950495049503 ] ], [ [ 110.572007200720066, -6.755250525052506 ], [ 110.572157215721575, -6.755100510051014 ], [ 110.57208220822082, -6.75525052505251 ], [ 110.572007200720066, -6.755250525052506 ] ], [ [ 110.572232223222329, -6.755250525052501 ], [ 110.572307230723084, -6.755025502550262 ], [ 110.572307230723084, -6.755250525052504 ], [ 110.572232223222329, -6.755250525052501 ] ], [ [ 110.571107110711068, -6.755700570057013 ], [ 110.571257125712577, -6.755325532553255 ], [ 110.571257125712577, -6.755700570056999 ], [ 110.571107110711068, -6.755700570057013 ] ], [ [ 110.57208220822082, -6.755325532553258 ], [ 110.572157215721575, -6.755250525052508 ], [ 110.572157215721575, -6.75532553255325 ], [ 110.57208220822082, -6.755325532553258 ] ], [ [ 110.572157215721575, -6.755475547554751 ], [ 110.572232223222329, -6.755325532553251 ], [ 110.572232223222329, -6.755475547554757 ], [ 110.572157215721575, -6.755475547554751 ] ], [ [ 110.571257125712577, -6.755850585058512 ], [ 110.571332133213318, -6.755775577557764 ], [ 110.571332133213318, -6.755850585058502 ], [ 110.571257125712577, -6.755850585058512 ] ] ] } },
{ "type": "Feature", "properties": { "year": 2045, "layer": "atrisk" }, "geometry": { "type": "Polygon", "coordinates": [ [ [ 110.541104110411041, -6.75 ], [ 110.545829582958291, -6.75592559255925 ], [ 110.547479747974791, -6.75577557755776 ], [ 110.543429342934289, -6.75 ], [ 110.541104110411041, -6.75 ] ] ] } },
{ "type": "Feature", "properties": { "year": 2045, "layer": "atrisk" }, "geometry": { "type": "Polygon", "coordinates": [ [ [ 110.549279927992799, -6.755775577557748 ], [ 110.548754875487546, -6.756450645064505 ], [ 110.549429942994294, -6.756675667566756 ], [ 110.549279927992799, -6.755775577557748 ] ] ] } },
{ "type": "Feature", "properties": { "year": 2045, "layer": "atrisk" }, "geometry": { "type": "Polygon", "coordinates": [ [ [ 110.571332133213318, -6.756525652565253 ], [ 110.569906990699067, -6.757425742574256 ], [ 110.569981998199836, -6.758775877587751 ], [ 110.571482148214827, -6.757650765076515 ], [ 110.571332133213318, -6.756525652565253 ] ] ] } },
{ "type": "Feature", "properties": { "year": 2045, "layer": "atrisk" }, "geometry": { "type": "Polygon", "coordinates": [ [ [ 110.547329732973296, -6.759000900090014 ], [ 110.546354635463544, -6.759825982598256 ], [ 110.546654665466548, -6.760126012601257 ], [ 110.547329732973296, -6.759000900090014 ] ] ] } },
{ "type": "Feature", "properties": { "year": 2045, "layer": "atrisk" }, "geometry": { "type": "Polygon", "coordinates": [ [ [ 110.566681668166822, -6.759225922592264 ], [ 110.565556555655562, -6.760051005100517 ], [ 110.566231623162309, -6.761626162616259 ], [ 110.567206720672061, -6.760426042604259 ], [ 110.566681668166822, -6.759225922592264 ] ] ] } },
{ "type": "Feature", "properties": { "year": 2045, "layer": "atrisk" }, "geometry": { "type": "Polygon", "coordinates": [ [ [ 110.577407740774078, -6.759600960096007 ], [ 110.577332733273323, -6.760501050105006 ], [ 110.577782778277822, -6.761401140114009 ], [ 110.578607860786079, -6.761851185118517 ], [ 110.579132913291332, -6.76132613261326 ], [ 110.579207920792086, -6.760651065106508 ], [ 110.577407740774078, -6.759600960096007 ] ], [ [ 110.577407740774078, -6.760426042604266 ], [ 110.577482748274832, -6.760276027602753 ], [ 110.577482748274832, -6.760426042604252 ], [ 110.577407740774078, -6.760426042604266 ] ], [ [ 110.577557755775587, -6.760426042604257 ], [ 110.577782778277822, -6.760351035103509 ], [ 110.577782778277822, -6.760426042604267 ], [ 110.577557755775587, -6.760426042604257 ] ], [ [ 110.577857785778576, -6.76050105010501 ], [ 110.577932793279345, -6.760426042604261 ], [ 110.577932793279345, -6.76050105010501 ], [ 110.577857785778576, -6.76050105010501 ] ], [ [ 110.578682868286833, -6.760876087608757 ], [ 110.578757875787574, -6.760726072607261 ], [ 110.578757875787574, -6.760876087608755 ], [ 110.578682868286833, -6.760876087608757 ] ], [ [ 110.578757875787574, -6.761026102610262 ], [ 110.578832883288328, -6.760951095109505 ], [ 110.578832883288328, -6.76102610261026 ], [ 110.578757875787574, -6.761026102610262 ] ], [ [ 110.578607860786079, -6.761326132613267 ], [ 110.578682868286833, -6.761401140114014 ], [ 110.578532853285324, -6.761401140114017 ], [ 110.578607860786079, -6.761326132613267 ] ], [ [ 110.578457845784584, -6.761701170117005 ], [ 110.578532853285324, -6.76162616261626 ], [ 110.578532853285324, -6.761701170117011 ], [ 110.578457845784584, -6.761701170117005 ] ] ] } },
{ "type": "Feature", "properties": { "year": 2045, "layer": "atrisk" }, "geometry": { "type": "Polygon", "coordinates": [ [ [ 110.554605460546057, -6.760876087608755 ], [ 110.554830483048306, -6.762376237623768 ], [ 110.555655565556549, -6.762526252625259 ], [ 110.555955595559553, -6.761101110111017 ], [ 110.554605460546057, -6.760876087608755 ] ] ] } },
{ "type": "Feature", "properties": { "year": 2045, "layer": "atrisk" }, "geometry": { "type": "Polygon", "coordinates": [ [ [ 110.583483348334838, -6.754275427542747 ], [ 110.582508250825086, -6.759000900090015 ], [ 110.581608160816089, -6.757575757575766 ], [ 110.57515751575157, -6.757125712571251 ], [ 110.575232523252325, -6.755550555055506 ], [ 110.57365736573658, -6.755625562556251 ], [ 110.57208220822082, -6.756375637563761 ], [ 110.57508250825083, -6.757425742574253 ], [ 110.574107410741078, -6.759975997599752 ], [ 110.577707770777081, -6.759150915091514 ], [ 110.583333333333329, -6.761101110111017 ], [ 110.583633363336332, -6.763726372637266 ], [ 110.583483348334838, -6.754275427542747 ] ], [ [ 110.574707470747072, -6.756750675067502 ], [ 110.574782478247826, -6.756600660066009 ], [ 110.574782478247826, -6.756750675067502 ], [ 110.574707470747072, -6.756750675067502 ] ], [ [ 110.574932493249335, -6.757050705070505 ], [ 110.57508250825083, -6.756900690068998 ], [ 110.57508250825083, -6.757125712571252 ], [ 110.574932493249335, -6.757050705070505 ] ], [ [ 110.580183018301824, -6.758025802580263 ], [ 110.580258025802578, -6.757950795079503 ], [ 110.580258025802578, -6.758025802580251 ], [ 110.580183018301824, -6.758025802580263 ] ] ] } },
{ "type": "Feature", "properties": { "year": 2045, "layer": "atrisk" }, "geometry": { "type": "Polygon", "coordinates": [ [ [ 110.569606960696063, -6.763726372637268 ], [ 110.567431743174311, -6.763351335133514 ], [ 110.566381638163818, -6.763501350135004 ], [ 110.569606960696063, -6.763726372637268 ] ] ] } },
{ "type": "Feature", "properties": { "year": 2045, "layer": "atrisk" }, "geometry": { "type": "Polygon", "coordinates": [ [ [ 110.584083408340831, -6.766501650165009 ], [ 110.58288328832883, -6.767401740174013 ], [ 110.583408340834083, -6.767701770177021 ], [ 110.584083408340831, -6.766501650165009 ] ], [ [ 110.583333333333329, -6.767401740174012 ], [ 110.583408340834083, -6.767326732673259 ], [ 110.583408340834083, -6.767401740174021 ], [ 110.583333333333329, -6.767401740174012 ] ] ] } },
{ "type": "Feature", "properties": { "year": 2045, "layer": "atrisk" }, "geometry": { "type": "Polygon", "coordinates": [ [ [ 110.58430843084308, -6.769501950195018 ], [ 110.583558355835578, -6.769651965196519 ], [ 110.584383438343835, -6.769876987698772 ], [ 110.58430843084308, -6.769501950195018 ] ] ] } },
{ "type": "Feature", "properties": { "year": 2045, "layer": "atrisk" }, "geometry": { "type": "Polygon", "coordinates": [ [ [ 110.443069306930695, -6.938268826882689 ], [ 110.439468946894692, -6.938943894389444 ], [ 110.443894389438938, -6.938943894389443 ], [ 110.443069306930695, -6.938268826882689 ] ] ] } },
{ "type": "Feature", "properties": { "year": 2045, "layer": "atrisk" }, "geometry": { "type": "Polygon", "coordinates": [ [ [ 110.576357635763571, -6.759750975097516 ], [ 110.572232223222329, -6.761701170117019 ], [ 110.575007500750075, -6.761326132613262 ], [ 110.57538253825382, -6.762826282628257 ], [ 110.573132313231326, -6.762976297629756 ], [ 110.570657065706584, -6.763951395139509 ], [ 110.570582058205815, -6.764251425142512 ], [ 110.575607560756069, -6.764326432643267 ], [ 110.575457545754574, -6.770027002700273 ], [ 110.576882688268824, -6.770702070207025 ], [ 110.576057605760582, -6.769201920192023 ], [ 110.577482748274832, -6.767626762676272 ], [ 110.578007800780071, -6.770702070207015 ], [ 110.575532553255329, -6.771452145214529 ], [ 110.575457545754574, -6.770402040204012 ], [ 110.575232523252325, -6.773477347734771 ], [ 110.569456945694569, -6.775202520252023 ], [ 110.569531953195323, -6.775502550255033 ], [ 110.568706870687066, -6.775652565256522 ], [ 110.567731773177314, -6.776852685268533 ], [ 110.565706570657085, -6.786528652865289 ], [ 110.566981698169812, -6.788178817881795 ], [ 110.565406540654067, -6.78780378037804 ], [ 110.562631263126306, -6.793054305430537 ], [ 110.563006300630065, -6.795079507950796 ], [ 110.564656465646564, -6.795754575457546 ], [ 110.565031503150323, -6.796204620462054 ], [ 110.562556255625566, -6.794929492949303 ], [ 110.561656165616569, -6.795154515451549 ], [ 110.559555955595556, -6.798154815481547 ], [ 110.560081008100823, -6.803705370537059 ], [ 110.556705670567055, -6.805880588058803 ], [ 110.554230423042299, -6.809030903090314 ], [ 110.555955595559553, -6.810306030603056 ], [ 110.557080708070814, -6.811806180618061 ], [ 110.551080108010808, -6.808430843084302 ], [ 110.549504950495063, -6.811281128112816 ], [ 110.551455145514552, -6.80955595559556 ], [ 110.551755175517556, -6.809405940594065 ], [ 110.552130213021314, -6.809480948094805 ], [ 110.551305130513057, -6.810081008100807 ], [ 110.549204920492045, -6.812931293129317 ], [ 110.549579957995803, -6.817731773177314 ], [ 110.54740474047405, -6.820432043204314 ], [ 110.542454245424537, -6.820657065706573 ], [ 110.530603060306035, -6.832958295829591 ], [ 110.520102010201029, -6.834983498349827 ], [ 110.523402340234028, -6.838508850885088 ], [ 110.527527752775271, -6.839333933393331 ], [ 110.528352835283542, -6.846984698469852 ], [ 110.521827182718269, -6.848709870987097 ], [ 110.525202520252023, -6.850660066006603 ], [ 110.521752175217529, -6.851335133513351 ], [ 110.52137713771377, -6.849309930993102 ], [ 110.519126912691263, -6.855085508550851 ], [ 110.520402040204019, -6.855760576057614 ], [ 110.51852685268527, -6.857035703570356 ], [ 110.518451845184529, -6.855010501050103 ], [ 110.51522652265227, -6.85913591359135 ], [ 110.516126612661267, -6.860711071107118 ], [ 110.515901590159018, -6.859885988598856 ], [ 110.517326732673268, -6.858985898589856 ], [ 110.516501650165011, -6.860636063606361 ], [ 110.519351935193512, -6.861836183618368 ], [ 110.508700870087011, -6.880063006300624 ], [ 110.478997899789974, -6.918241824182414 ], [ 110.47562256225622, -6.920942094209425 ], [ 110.475847584758469, -6.924392439243932 ], [ 110.470672067206721, -6.925292529252926 ], [ 110.467671767176711, -6.928292829282924 ], [ 110.467521752175216, -6.930393039303931 ], [ 110.46482148214821, -6.929717971797172 ], [ 110.461221122112207, -6.932418241824185 ], [ 110.46009600960096, -6.931818181818182 ], [ 110.459870987098711, -6.933318331833183 ], [ 110.458820882088204, -6.932343234323429 ], [ 110.456870687068701, -6.935343534353427 ], [ 110.452970297029708, -6.936318631863181 ], [ 110.452145214521451, -6.935043504350432 ], [ 110.449369936993705, -6.936918691869188 ], [ 110.448394839483953, -6.935418541854187 ], [ 110.444419441944191, -6.938943894389443 ], [ 110.460996099609957, -6.938943894389444 ], [ 110.461296129612975, -6.937593759375938 ], [ 110.461446144614456, -6.938193819381945 ], [ 110.462421242124208, -6.938943894389431 ], [ 110.466021602160211, -6.938943894389443 ], [ 110.464971497149719, -6.937443744374435 ], [ 110.466621662166219, -6.938943894389442 ], [ 110.482073207320738, -6.938493849384936 ], [ 110.490474047404746, -6.935193519351929 ], [ 110.496399639963997, -6.929792979297926 ], [ 110.501050105010506, -6.919141914191428 ], [ 110.50142514251425, -6.896939693969404 ], [ 110.508325832583253, -6.894989498949901 ], [ 110.51357635763577, -6.891764176417639 ], [ 110.520777077707791, -6.881488148814877 ], [ 110.522202220222027, -6.873912391239132 ], [ 110.522202220222027, -6.85523552355235 ], [ 110.530228022802277, -6.852760276027608 ], [ 110.536453645364531, -6.84803480348035 ], [ 110.540804080408037, -6.841584158415835 ], [ 110.542754275427541, -6.834383438343829 ], [ 110.547329732973296, -6.833408340834082 ], [ 110.546729672967302, -6.832358235823587 ], [ 110.547779777977794, -6.833258325832576 ], [ 110.552130213021314, -6.831233123312331 ], [ 110.549579957995803, -6.83070807080708 ], [ 110.548679867986792, -6.828157815781583 ], [ 110.550930093009299, -6.829507950795082 ], [ 110.55370537053706, -6.830183018301824 ], [ 110.551230123012303, -6.829282928292828 ], [ 110.549654965496543, -6.828232823282335 ], [ 110.554530453045302, -6.829582958295822 ], [ 110.558355835583555, -6.825907590759074 ], [ 110.562706270627075, -6.817431743174322 ], [ 110.561956195619558, -6.816006600660057 ], [ 110.559255925592552, -6.814206420642066 ], [ 110.559705970597065, -6.814056405640556 ], [ 110.558880888088808, -6.813831383138306 ], [ 110.558655865586559, -6.813081308130811 ], [ 110.557155715571554, -6.812481248124805 ], [ 110.557155715571554, -6.812106210621065 ], [ 110.558130813081306, -6.812256225622562 ], [ 110.563156315631559, -6.816006600660062 ], [ 110.563531353135318, -6.81345634563457 ], [ 110.570657065706584, -6.811506150615057 ], [ 110.573957395739569, -6.809705970597055 ], [ 110.575907590759073, -6.808280828082799 ], [ 110.582358235823577, -6.799879987998802 ], [ 110.584458445844589, -6.791779177917794 ], [ 110.582058205820587, -6.790129012901284 ], [ 110.581983198319833, -6.792604260426041 ], [ 110.581533153315334, -6.793654365436537 ], [ 110.581533153315334, -6.789903990399039 ], [ 110.578832883288328, -6.788703870387034 ], [ 110.580933093309326, -6.78900390039004 ], [ 110.584458445844589, -6.791479147914792 ], [ 110.584683468346839, -6.771152115211522 ], [ 110.581908190819078, -6.77055205520552 ], [ 110.582208220822096, -6.770327032703276 ], [ 110.583033303330339, -6.766501650165009 ], [ 110.581833183318338, -6.767101710171012 ], [ 110.582283228322837, -6.76432643264326 ], [ 110.584083408340831, -6.76485148514851 ], [ 110.58423342334234, -6.764101410141012 ], [ 110.578382838283829, -6.761851185118505 ], [ 110.576582658265835, -6.762826282628261 ], [ 110.577107710771074, -6.760501050105011 ], [ 110.576357635763571, -6.759750975097516 ] ], [ [ 110.57673267326733, -6.760576057605758 ], [ 110.57680768076807, -6.760426042604252 ], [ 110.57680768076807, -6.760576057605764 ], [ 110.57673267326733, -6.760576057605758 ] ], [ [ 110.576882688268824, -6.760501050105002 ], [ 110.576957695769579, -6.76042604260426 ], [ 110.576957695769579, -6.760501050105009 ], [ 110.576882688268824, -6.760501050105002 ] ], [ [ 110.576657665766575, -6.760651065106507 ], [ 110.57673267326733, -6.760576057605758 ], [ 110.57673267326733, -6.760651065106513 ], [ 110.576657665766575, -6.760651065106507 ] ], [ [ 110.57673267326733, -6.76072607260726 ], [ 110.57680768076807, -6.760651065106505 ], [ 110.57680768076807, -6.760726072607268 ], [ 110.57673267326733, -6.76072607260726 ] ], [ [ 110.576357635763571, -6.761551155115506 ], [ 110.576432643264326, -6.761476147614768 ], [ 110.576432643264326, -6.761551155115508 ], [ 110.576357635763571, -6.761551155115506 ] ], [ [ 110.575457545754574, -6.761926192619259 ], [ 110.575532553255329, -6.761851185118519 ], [ 110.575532553255329, -6.761926192619263 ], [ 110.575457545754574, -6.761926192619259 ] ], [ [ 110.575532553255329, -6.762001200120014 ], [ 110.575607560756069, -6.761926192619268 ], [ 110.575607560756069, -6.762001200120006 ], [ 110.575532553255329, -6.762001200120014 ] ], [ [ 110.576132613261322, -6.762301230123011 ], [ 110.576432643264326, -6.762001200120011 ], [ 110.576282628262845, -6.762376237623766 ], [ 110.576132613261322, -6.762301230123011 ] ], [ [ 110.576207620762077, -6.762526252625266 ], [ 110.576357635763571, -6.762451245124512 ], [ 110.576357635763571, -6.762526252625266 ], [ 110.576207620762077, -6.762526252625266 ] ], [ [ 110.576432643264326, -6.762601260126019 ], [ 110.57650765076508, -6.762526252625261 ], [ 110.57650765076508, -6.762601260126009 ], [ 110.576432643264326, -6.762601260126019 ] ], [ [ 110.576357635763571, -6.762676267626759 ], [ 110.576432643264326, -6.762601260126019 ], [ 110.576432643264326, -6.762676267626755 ], [ 110.576357635763571, -6.762676267626759 ] ], [ [ 110.576057605760582, -6.762826282628255 ], [ 110.576207620762077, -6.762676267626765 ], [ 110.576132613261322, -6.762826282628266 ], [ 110.576057605760582, -6.762826282628255 ] ], [ [ 110.576432643264326, -6.762751275127514 ], [ 110.57650765076508, -6.762676267626764 ], [ 110.57650765076508, -6.762751275127511 ], [ 110.576432643264326, -6.762751275127514 ] ], [ [ 110.580258025802578, -6.764551455145517 ], [ 110.581683168316829, -6.763876387638757 ], [ 110.582283228322837, -6.76432643264326 ], [ 110.580258025802578, -6.764551455145517 ] ], [ [ 110.576957695769579, -6.764851485148512 ], [ 110.577632763276327, -6.765376537653766 ], [ 110.577032703270334, -6.765826582658264 ], [ 110.576957695769579, -6.764851485148512 ] ], [ [ 110.582133213321328, -6.764626462646258 ], [ 110.582208220822096, -6.764551455145517 ], [ 110.582208220822096, -6.76462646264627 ], [ 110.582133213321328, -6.764626462646258 ] ], [ [ 110.581983198319833, -6.767326732673268 ], [ 110.582058205820587, -6.767251725172513 ], [ 110.582058205820587, -6.767326732673273 ], [ 110.581983198319833, -6.767326732673268 ] ], [ [ 110.581908190819078, -6.770327032703268 ], [ 110.581983198319833, -6.770252025202528 ], [ 110.581983198319833, -6.770327032703277 ], [ 110.581908190819078, -6.770327032703268 ] ], [ [ 110.570357035703566, -6.775277527752782 ], [ 110.570582058205815, -6.775127512751276 ], [ 110.570582058205815, -6.775277527752783 ], [ 110.570357035703566, -6.775277527752782 ] ], [ [ 110.569756975697572, -6.775577557755776 ], [ 110.570057005700576, -6.775802580258029 ], [ 110.569756975697572, -6.775877587758781 ], [ 110.569756975697572, -6.775577557755776 ] ], [ [ 110.569606960696063, -6.775727572757273 ], [ 110.569681968196818, -6.775577557755778 ], [ 110.569681968196818, -6.775727572757273 ], [ 110.569606960696063, -6.775727572757273 ] ], [ [ 110.568931893189315, -6.776027602760282 ], [ 110.569081908190824, -6.775652565256532 ], [ 110.569006900690084, -6.776027602760269 ], [ 110.568931893189315, -6.776027602760282 ] ], [ [ 110.569231923192319, -6.775877587758786 ], [ 110.569381938193814, -6.77617761776177 ], [ 110.569231923192319, -6.776177617761784 ], [ 110.569231923192319, -6.775877587758786 ] ], [ [ 110.568631863186312, -6.776252625262527 ], [ 110.568781878187821, -6.776402640264031 ], [ 110.568631863186312, -6.776552655265528 ], [ 110.568631863186312, -6.776252625262527 ] ], [ [ 110.569756975697572, -6.776252625262519 ], [ 110.569831983198327, -6.776177617761783 ], [ 110.569831983198327, -6.776252625262519 ], [ 110.569756975697572, -6.776252625262519 ] ], [ [ 110.570657065706584, -6.776552655265534 ], [ 110.571032103210328, -6.776252625262534 ], [ 110.570882088208819, -6.77662766276628 ], [ 110.570657065706584, -6.776552655265534 ] ], [ [ 110.578457845784584, -6.776177617761778 ], [ 110.583258325832588, -6.778202820282022 ], [ 110.584458445844589, -6.780003000300034 ], [ 110.580858085808586, -6.779327932793286 ], [ 110.578457845784584, -6.776177617761778 ] ], [ [ 110.568931893189315, -6.776327632763272 ], [ 110.569081908190824, -6.776477647764779 ], [ 110.568931893189315, -6.776552655265534 ], [ 110.568931893189315, -6.776327632763272 ] ], [ [ 110.569156915691565, -6.776702670267026 ], [ 110.569231923192319, -6.776402640264023 ], [ 110.569231923192319, -6.776702670267025 ], [ 110.569156915691565, -6.776702670267026 ] ], [ [ 110.569681968196818, -6.776477647764777 ], [ 110.569756975697572, -6.776402640264036 ], [ 110.569756975697572, -6.776477647764777 ], [ 110.569681968196818, -6.776477647764777 ] ], [ [ 110.570357035703566, -6.776552655265521 ], [ 110.570507050705075, -6.776402640264022 ], [ 110.57043204320432, -6.776552655265527 ], [ 110.570357035703566, -6.776552655265521 ] ], [ [ 110.570357035703566, -6.776777677767772 ], [ 110.570507050705075, -6.776927692769283 ], [ 110.570282028202826, -6.777077707770784 ], [ 110.570357035703566, -6.776777677767772 ] ], [ [ 110.570207020702071, -6.776927692769282 ], [ 110.570282028202826, -6.776777677767767 ], [ 110.570282028202826, -6.776927692769271 ], [ 110.570207020702071, -6.776927692769282 ] ], [ [ 110.570582058205815, -6.776852685268532 ], [ 110.570657065706584, -6.776777677767784 ], [ 110.570657065706584, -6.77685268526853 ], [ 110.570582058205815, -6.776852685268532 ] ], [ [ 110.570132013201317, -6.777077707770777 ], [ 110.570207020702071, -6.776927692769282 ], [ 110.570207020702071, -6.777077707770785 ], [ 110.570132013201317, -6.777077707770777 ] ], [ [ 110.570057005700576, -6.777302730273031 ], [ 110.570207020702071, -6.777152715271529 ], [ 110.570132013201317, -6.77730273027302 ], [ 110.570057005700576, -6.777302730273031 ] ], [ [ 110.570057005700576, -6.777602760276024 ], [ 110.570282028202826, -6.77730273027302 ], [ 110.570282028202826, -6.77760276027602 ], [ 110.570057005700576, -6.777602760276024 ] ], [ [ 110.570657065706584, -6.77752775277528 ], [ 110.570882088208819, -6.777452745274535 ], [ 110.570807080708065, -6.777602760276035 ], [ 110.570657065706584, -6.77752775277528 ] ], [ [ 110.57043204320432, -6.777602760276035 ], [ 110.570582058205815, -6.777677767776777 ], [ 110.57043204320432, -6.777827782778275 ], [ 110.57043204320432, -6.777602760276035 ] ], [ [ 110.570057005700576, -6.777752775277532 ], [ 110.570207020702071, -6.777677767776783 ], [ 110.570207020702071, -6.777752775277525 ], [ 110.570057005700576, -6.777752775277532 ] ], [ [ 110.568931893189315, -6.777827782778282 ], [ 110.569006900690084, -6.777752775277528 ], [ 110.569006900690084, -6.777827782778283 ], [ 110.568931893189315, -6.777827782778282 ] ], [ [ 110.569081908190824, -6.777902790279034 ], [ 110.569231923192319, -6.77805280528053 ], [ 110.569081908190824, -6.778202820282033 ], [ 110.569081908190824, -6.777902790279034 ] ], [ [ 110.570357035703566, -6.777977797779783 ], [ 110.57043204320432, -6.777827782778275 ], [ 110.57043204320432, -6.777977797779783 ], [ 110.570357035703566, -6.777977797779783 ] ], [ [ 110.569306930693074, -6.778127812781272 ], [ 110.569681968196818, -6.778052805280534 ], [ 110.569681968196818, -6.778127812781276 ], [ 110.569306930693074, -6.778127812781272 ] ], [ [ 110.568856885688575, -6.778052805280531 ], [ 110.568931893189315, -6.777977797779781 ], [ 110.568931893189315, -6.778052805280522 ], [ 110.568856885688575, -6.778052805280531 ] ], [ [ 110.569756975697572, -6.778052805280524 ], [ 110.569831983198327, -6.777977797779775 ], [ 110.569831983198327, -6.778052805280522 ], [ 110.569756975697572, -6.778052805280524 ] ], [ [ 110.570132013201317, -6.778052805280524 ], [ 110.570207020702071, -6.777977797779784 ], [ 110.570207020702071, -6.778052805280534 ], [ 110.570132013201317, -6.778052805280524 ] ], [ [ 110.569831983198327, -6.778127812781277 ], [ 110.570057005700576, -6.778127812781279 ], [ 110.569831983198327, -6.778352835283526 ], [ 110.569831983198327, -6.778127812781277 ] ], [ [ 110.568781878187821, -6.778202820282035 ], [ 110.568856885688575, -6.778127812781278 ], [ 110.568856885688575, -6.778202820282033 ], [ 110.568781878187821, -6.778202820282035 ] ], [ [ 110.570207020702071, -6.778352835283521 ], [ 110.570282028202826, -6.778127812781285 ], [ 110.570282028202826, -6.778352835283526 ], [ 110.570207020702071, -6.778352835283521 ] ], [ [ 110.569006900690084, -6.778427842784274 ], [ 110.569081908190824, -6.778202820282033 ], [ 110.569081908190824, -6.77842784278427 ], [ 110.569006900690084, -6.778427842784274 ] ], [ [ 110.570057005700576, -6.778277827782771 ], [ 110.570132013201317, -6.778202820282028 ], [ 110.570132013201317, -6.778277827782782 ], [ 110.570057005700576, -6.778277827782771 ] ], [ [ 110.57043204320432, -6.778277827782786 ], [ 110.570507050705075, -6.778202820282024 ], [ 110.570507050705075, -6.778277827782776 ], [ 110.57043204320432, -6.778277827782786 ] ], [ [ 110.570357035703566, -6.778427842784271 ], [ 110.57043204320432, -6.778277827782786 ], [ 110.57043204320432, -6.778427842784281 ], [ 110.570357035703566, -6.778427842784271 ] ], [ [ 110.568706870687066, -6.778502850285029 ], [ 110.568781878187821, -6.778352835283531 ], [ 110.568781878187821, -6.778502850285036 ], [ 110.568706870687066, -6.778502850285029 ] ], [ [ 110.568931893189315, -6.778652865286535 ], [ 110.569006900690084, -6.778427842784274 ], [ 110.569006900690084, -6.778652865286536 ], [ 110.568931893189315, -6.778652865286535 ] ], [ [ 110.569156915691565, -6.779477947794775 ], [ 110.569756975697572, -6.778802880288032 ], [ 110.569156915691565, -6.779702970297028 ], [ 110.569156915691565, -6.779477947794775 ] ], [ [ 110.570357035703566, -6.778652865286538 ], [ 110.57043204320432, -6.778502850285021 ], [ 110.57043204320432, -6.778652865286535 ], [ 110.570357035703566, -6.778652865286538 ] ], [ [ 110.568331833183322, -6.778952895289534 ], [ 110.568706870687066, -6.778577857785783 ], [ 110.568631863186312, -6.778952895289531 ], [ 110.568331833183322, -6.778952895289534 ] ], [ [ 110.568781878187821, -6.778802880288032 ], [ 110.568931893189315, -6.778877887788772 ], [ 110.568781878187821, -6.779027902790279 ], [ 110.568781878187821, -6.778802880288032 ] ], [ [ 110.569306930693074, -6.779627962796282 ], [ 110.569381938193814, -6.779552955295526 ], [ 110.569381938193814, -6.779627962796281 ], [ 110.569306930693074, -6.779627962796282 ] ], [ [ 110.569081908190824, -6.779927992799286 ], [ 110.569156915691565, -6.779702970297028 ], [ 110.569156915691565, -6.779927992799284 ], [ 110.569081908190824, -6.779927992799286 ] ], [ [ 110.569081908190824, -6.780153015301531 ], [ 110.569306930693074, -6.780003000300027 ], [ 110.569081908190824, -6.780378037803782 ], [ 110.569081908190824, -6.780153015301531 ] ], [ [ 110.569006900690084, -6.780153015301524 ], [ 110.569081908190824, -6.780003000300027 ], [ 110.569081908190824, -6.780153015301531 ], [ 110.569006900690084, -6.780153015301524 ] ], [ [ 110.568931893189315, -6.780303030303037 ], [ 110.569006900690084, -6.780153015301524 ], [ 110.569006900690084, -6.780303030303021 ], [ 110.568931893189315, -6.780303030303037 ] ], [ [ 110.569531953195323, -6.780303030303033 ], [ 110.569606960696063, -6.780228022802284 ], [ 110.569606960696063, -6.780303030303036 ], [ 110.569531953195323, -6.780303030303033 ] ], [ [ 110.568856885688575, -6.780528052805288 ], [ 110.568931893189315, -6.780378037803781 ], [ 110.568931893189315, -6.780528052805283 ], [ 110.568856885688575, -6.780528052805288 ] ], [ [ 110.569006900690084, -6.78052805280528 ], [ 110.569081908190824, -6.780378037803782 ], [ 110.569081908190824, -6.78052805280528 ], [ 110.569006900690084, -6.78052805280528 ] ], [ [ 110.569006900690084, -6.780903090309033 ], [ 110.569456945694569, -6.780903090309032 ], [ 110.569006900690084, -6.781353135313534 ], [ 110.569006900690084, -6.780903090309033 ] ], [ [ 110.568781878187821, -6.780678067806777 ], [ 110.568856885688575, -6.780528052805288 ], [ 110.568856885688575, -6.780678067806783 ], [ 110.568781878187821, -6.780678067806777 ] ], [ [ 110.568706870687066, -6.780903090309033 ], [ 110.568781878187821, -6.780753075307534 ], [ 110.568781878187821, -6.780903090309036 ], [ 110.568706870687066, -6.780903090309033 ] ], [ [ 110.568631863186312, -6.781128112811284 ], [ 110.568706870687066, -6.780978097809777 ], [ 110.568706870687066, -6.781128112811282 ], [ 110.568631863186312, -6.781128112811284 ] ], [ [ 110.568556855685571, -6.781278127812787 ], [ 110.568631863186312, -6.781128112811284 ], [ 110.568631863186312, -6.781278127812783 ], [ 110.568556855685571, -6.781278127812787 ] ], [ [ 110.568481848184817, -6.781503150315038 ], [ 110.568556855685571, -6.781353135313529 ], [ 110.568556855685571, -6.78150315031503 ], [ 110.568481848184817, -6.781503150315038 ] ], [ [ 110.568931893189315, -6.781428142814279 ], [ 110.569006900690084, -6.781353135313534 ], [ 110.569006900690084, -6.781428142814273 ], [ 110.568931893189315, -6.781428142814279 ] ], [ [ 110.568031803180318, -6.78180318031803 ], [ 110.568481848184817, -6.781503150315038 ], [ 110.568406840684062, -6.781953195319534 ], [ 110.568031803180318, -6.78180318031803 ] ], [ [ 110.567956795679564, -6.781728172817276 ], [ 110.568031803180318, -6.781653165316526 ], [ 110.568031803180318, -6.781728172817283 ], [ 110.567956795679564, -6.781728172817276 ] ], [ [ 110.568406840684062, -6.78202820282028 ], [ 110.568556855685571, -6.781878187818787 ], [ 110.568631863186312, -6.782028202820287 ], [ 110.568406840684062, -6.78202820282028 ] ], [ [ 110.568031803180318, -6.782103210321027 ], [ 110.568256825682568, -6.782028202820287 ], [ 110.568256825682568, -6.782178217821783 ], [ 110.568031803180318, -6.782103210321027 ] ], [ [ 110.568631863186312, -6.782178217821776 ], [ 110.569006900690084, -6.782103210321036 ], [ 110.569006900690084, -6.782253225322538 ], [ 110.568631863186312, -6.782178217821776 ] ], [ [ 110.574932493249335, -6.782253225322531 ], [ 110.57508250825083, -6.782103210321037 ], [ 110.575007500750075, -6.782253225322524 ], [ 110.574932493249335, -6.782253225322531 ] ], [ [ 110.568331833183322, -6.782253225322534 ], [ 110.568406840684062, -6.782178217821789 ], [ 110.568406840684062, -6.782253225322536 ], [ 110.568331833183322, -6.782253225322534 ] ], [ [ 110.569006900690084, -6.782328232823284 ], [ 110.569381938193814, -6.782253225322533 ], [ 110.569381938193814, -6.782403240324025 ], [ 110.569006900690084, -6.782328232823284 ] ], [ [ 110.568031803180318, -6.782478247824779 ], [ 110.568256825682568, -6.782403240324028 ], [ 110.568031803180318, -6.782628262826281 ], [ 110.568031803180318, -6.782478247824779 ] ], [ [ 110.568631863186312, -6.782403240324028 ], [ 110.568856885688575, -6.782328232823279 ], [ 110.568856885688575, -6.782478247824788 ], [ 110.568631863186312, -6.782403240324028 ] ], [ [ 110.574857485748581, -6.782403240324026 ], [ 110.574932493249335, -6.782253225322531 ], [ 110.574932493249335, -6.78240324032403 ], [ 110.574857485748581, -6.782403240324026 ] ], [ [ 110.569456945694569, -6.78232823282329 ], [ 110.57208220822082, -6.783378337833789 ], [ 110.573357335733576, -6.785028502850292 ], [ 110.572307230723084, -6.783828382838277 ], [ 110.570057005700576, -6.783228322832285 ], [ 110.569456945694569, -6.78232823282329 ] ], [ [ 110.574482448244822, -6.782403240324026 ], [ 110.574557455745577, -6.782328232823278 ], [ 110.574557455745577, -6.782403240324035 ], [ 110.574482448244822, -6.782403240324026 ] ], [ [ 110.574407440744068, -6.782478247824784 ], [ 110.574482448244822, -6.782403240324026 ], [ 110.574482448244822, -6.782478247824784 ], [ 110.574407440744068, -6.782478247824784 ] ], [ [ 110.574782478247826, -6.782478247824785 ], [ 110.574857485748581, -6.782403240324026 ], [ 110.574857485748581, -6.782478247824779 ], [ 110.574782478247826, -6.782478247824785 ] ], [ [ 110.569006900690084, -6.782553255325533 ], [ 110.569231923192319, -6.782478247824786 ], [ 110.569231923192319, -6.782553255325523 ], [ 110.569006900690084, -6.782553255325533 ] ], [ [ 110.570207020702071, -6.782553255325533 ], [ 110.570282028202826, -6.782478247824782 ], [ 110.570282028202826, -6.782553255325531 ], [ 110.570207020702071, -6.782553255325533 ] ], [ [ 110.574332433243328, -6.78262826282629 ], [ 110.574407440744068, -6.782478247824784 ], [ 110.574407440744068, -6.782628262826288 ], [ 110.574332433243328, -6.78262826282629 ] ], [ [ 110.574707470747072, -6.782553255325537 ], [ 110.574782478247826, -6.782478247824785 ], [ 110.574782478247826, -6.782553255325538 ], [ 110.574707470747072, -6.782553255325537 ] ], [ [ 110.569231923192319, -6.782628262826288 ], [ 110.569381938193814, -6.782553255325523 ], [ 110.569381938193814, -6.782628262826281 ], [ 110.569231923192319, -6.782628262826288 ] ], [ [ 110.567956795679564, -6.782778277827778 ], [ 110.568031803180318, -6.782628262826281 ], [ 110.568031803180318, -6.782778277827785 ], [ 110.567956795679564, -6.782778277827778 ] ], [ [ 110.569456945694569, -6.782703270327038 ], [ 110.569606960696063, -6.78262826282628 ], [ 110.569606960696063, -6.782703270327035 ], [ 110.569456945694569, -6.782703270327038 ] ], [ [ 110.574257425742573, -6.782703270327032 ], [ 110.574332433243328, -6.78262826282629 ], [ 110.574332433243328, -6.782703270327036 ], [ 110.574257425742573, -6.782703270327032 ] ], [ [ 110.574632463246346, -6.782703270327037 ], [ 110.574707470747072, -6.78262826282629 ], [ 110.574707470747072, -6.782703270327032 ], [ 110.574632463246346, -6.782703270327037 ] ], [ [ 110.574557455745577, -6.782778277827775 ], [ 110.574632463246346, -6.782703270327037 ], [ 110.574632463246346, -6.782778277827779 ], [ 110.574557455745577, -6.782778277827775 ] ], [ [ 110.570807080708065, -6.782853285328523 ], [ 110.570882088208819, -6.782778277827788 ], [ 110.570882088208819, -6.782853285328526 ], [ 110.570807080708065, -6.782853285328523 ] ], [ [ 110.574182418241818, -6.782853285328527 ], [ 110.574257425742573, -6.782778277827776 ], [ 110.574257425742573, -6.78285328532853 ], [ 110.574182418241818, -6.782853285328527 ] ], [ [ 110.574107410741078, -6.782928292829284 ], [ 110.574182418241818, -6.782853285328527 ], [ 110.574182418241818, -6.782928292829277 ], [ 110.574107410741078, -6.782928292829284 ] ], [ [ 110.574407440744068, -6.783003300330037 ], [ 110.574482448244822, -6.782928292829281 ], [ 110.574482448244822, -6.783003300330027 ], [ 110.574407440744068, -6.783003300330037 ] ], [ [ 110.574182418241818, -6.783078307830779 ], [ 110.574407440744068, -6.783078307830785 ], [ 110.574182418241818, -6.783228322832286 ], [ 110.574182418241818, -6.783078307830779 ] ], [ [ 110.567731773177314, -6.783228322832283 ], [ 110.567806780678069, -6.783153315331524 ], [ 110.567806780678069, -6.783228322832282 ], [ 110.567731773177314, -6.783228322832283 ] ], [ [ 110.568031803180318, -6.783453345334537 ], [ 110.568406840684062, -6.78315331533154 ], [ 110.568556855685571, -6.78330333033304 ], [ 110.568031803180318, -6.783453345334537 ] ], [ [ 110.574107410741078, -6.78330333033304 ], [ 110.574182418241818, -6.783228322832286 ], [ 110.574182418241818, -6.783303330333032 ], [ 110.574107410741078, -6.78330333033304 ] ], [ [ 110.574032403240324, -6.783453345334527 ], [ 110.574107410741078, -6.78330333033304 ], [ 110.574107410741078, -6.783453345334537 ], [ 110.574032403240324, -6.783453345334527 ] ], [ [ 110.573957395739569, -6.783528352835276 ], [ 110.574032403240324, -6.783453345334527 ], [ 110.574032403240324, -6.783528352835279 ], [ 110.573957395739569, -6.783528352835276 ] ], [ [ 110.573882388238829, -6.783603360336031 ], [ 110.573957395739569, -6.783528352835276 ], [ 110.573957395739569, -6.783603360336041 ], [ 110.573882388238829, -6.783603360336031 ] ], [ [ 110.57365736573658, -6.783753375337536 ], [ 110.57373237323732, -6.783678367836781 ], [ 110.57373237323732, -6.783753375337538 ], [ 110.57365736573658, -6.783753375337536 ] ], [ [ 110.573807380738074, -6.78382838283829 ], [ 110.573882388238829, -6.783678367836777 ], [ 110.573882388238829, -6.783828382838275 ], [ 110.573807380738074, -6.78382838283829 ] ], [ [ 110.57373237323732, -6.783903390339034 ], [ 110.573807380738074, -6.78382838283829 ], [ 110.573807380738074, -6.78390339033903 ], [ 110.57373237323732, -6.783903390339034 ] ], [ [ 110.57365736573658, -6.784053405340539 ], [ 110.57373237323732, -6.783903390339034 ], [ 110.57373237323732, -6.784053405340537 ], [ 110.57365736573658, -6.784053405340539 ] ], [ [ 110.573807380738074, -6.783978397839779 ], [ 110.573882388238829, -6.78390339033904 ], [ 110.573882388238829, -6.783978397839778 ], [ 110.573807380738074, -6.783978397839779 ] ], [ [ 110.573357335733576, -6.784053405340526 ], [ 110.57343234323433, -6.783978397839789 ], [ 110.57343234323433, -6.78405340534054 ], [ 110.573357335733576, -6.784053405340526 ] ], [ [ 110.57343234323433, -6.784128412841278 ], [ 110.573507350735071, -6.784053405340533 ], [ 110.573507350735071, -6.784128412841279 ], [ 110.57343234323433, -6.784128412841278 ] ], [ [ 110.573582358235825, -6.78412841284129 ], [ 110.57365736573658, -6.784053405340539 ], [ 110.57365736573658, -6.784128412841284 ], [ 110.573582358235825, -6.78412841284129 ] ], [ [ 110.573282328232835, -6.784278427842778 ], [ 110.573357335733576, -6.784128412841291 ], [ 110.57343234323433, -6.784278427842789 ], [ 110.573282328232835, -6.784278427842778 ] ], [ [ 110.572457245724578, -6.78442844284428 ], [ 110.572532253225319, -6.784353435343527 ], [ 110.572532253225319, -6.784428442844288 ], [ 110.572457245724578, -6.78442844284428 ] ], [ [ 110.566681668166822, -6.785103510351028 ], [ 110.566756675667563, -6.784878487848779 ], [ 110.566906690669072, -6.785028502850285 ], [ 110.566681668166822, -6.785103510351028 ] ], [ [ 110.583333333333329, -6.787278727872785 ], [ 110.584383438343835, -6.786828682868282 ], [ 110.583633363336332, -6.787803780378032 ], [ 110.583333333333329, -6.787278727872785 ] ], [ [ 110.569681968196818, -6.787203720372032 ], [ 110.569906990699067, -6.787128712871286 ], [ 110.569681968196818, -6.787353735373531 ], [ 110.569681968196818, -6.787203720372032 ] ], [ [ 110.570207020702071, -6.787203720372034 ], [ 110.570282028202826, -6.787128712871283 ], [ 110.570282028202826, -6.787203720372037 ], [ 110.570207020702071, -6.787203720372034 ] ], [ [ 110.569906990699067, -6.787278727872788 ], [ 110.569981998199836, -6.787203720372033 ], [ 110.569981998199836, -6.787278727872792 ], [ 110.569906990699067, -6.787278727872788 ] ], [ [ 110.569831983198327, -6.787503750375039 ], [ 110.570207020702071, -6.787428742874282 ], [ 110.569756975697572, -6.787953795379544 ], [ 110.569831983198327, -6.787503750375039 ] ], [ [ 110.575607560756069, -6.787578757875791 ], [ 110.575907590759073, -6.787878787878788 ], [ 110.575457545754574, -6.788178817881781 ], [ 110.575607560756069, -6.787578757875791 ] ], [ [ 110.576057605760582, -6.787353735373538 ], [ 110.576132613261322, -6.787278727872794 ], [ 110.576132613261322, -6.78735373537354 ], [ 110.576057605760582, -6.787353735373538 ] ], [ [ 110.576057605760582, -6.787653765376537 ], [ 110.576132613261322, -6.787578757875783 ], [ 110.576132613261322, -6.787653765376536 ], [ 110.576057605760582, -6.787653765376537 ] ], [ [ 110.569831983198327, -6.78802880288028 ], [ 110.570357035703566, -6.788028802880289 ], [ 110.569981998199836, -6.788328832883289 ], [ 110.569831983198327, -6.78802880288028 ] ], [ [ 110.569681968196818, -6.788103810381034 ], [ 110.569756975697572, -6.787953795379544 ], [ 110.569756975697572, -6.788103810381032 ], [ 110.569681968196818, -6.788103810381034 ] ], [ [ 110.575607560756069, -6.788178817881785 ], [ 110.575682568256823, -6.788103810381033 ], [ 110.575682568256823, -6.788178817881787 ], [ 110.575607560756069, -6.788178817881785 ] ], [ [ 110.569456945694569, -6.788778877887797 ], [ 110.569756975697572, -6.788328832883295 ], [ 110.569606960696063, -6.78877887788779 ], [ 110.569456945694569, -6.788778877887797 ] ], [ [ 110.565331533153312, -6.788478847884787 ], [ 110.565481548154821, -6.78832883288328 ], [ 110.565406540654067, -6.788478847884793 ], [ 110.565331533153312, -6.788478847884787 ] ], [ [ 110.569906990699067, -6.788853885388534 ], [ 110.570807080708065, -6.788703870387033 ], [ 110.570882088208819, -6.789078907890784 ], [ 110.569906990699067, -6.788853885388534 ] ], [ [ 110.565256525652572, -6.788703870387046 ], [ 110.565331533153312, -6.788628862886295 ], [ 110.565331533153312, -6.788703870387042 ], [ 110.565256525652572, -6.788703870387046 ] ], [ [ 110.565181518151817, -6.788853885388546 ], [ 110.565256525652572, -6.788778877887793 ], [ 110.565256525652572, -6.788853885388528 ], [ 110.565181518151817, -6.788853885388546 ] ], [ [ 110.569606960696063, -6.788853885388532 ], [ 110.569756975697572, -6.788778877887787 ], [ 110.569756975697572, -6.788853885388541 ], [ 110.569606960696063, -6.788853885388532 ] ], [ [ 110.571032103210328, -6.788853885388531 ], [ 110.57538253825382, -6.790054005400532 ], [ 110.576357635763571, -6.792304230423036 ], [ 110.578982898289823, -6.792754275427543 ], [ 110.576657665766575, -6.792904290429035 ], [ 110.575532553255329, -6.790804080408039 ], [ 110.571032103210328, -6.788853885388531 ] ], [ [ 110.575007500750075, -6.789003900390032 ], [ 110.57508250825083, -6.788928892889294 ], [ 110.57508250825083, -6.789003900390042 ], [ 110.575007500750075, -6.789003900390032 ] ], [ [ 110.565856585658565, -6.791854185418547 ], [ 110.567731773177314, -6.789528952895288 ], [ 110.567056705670566, -6.790879087908795 ], [ 110.565856585658565, -6.791854185418547 ] ], [ [ 110.570132013201317, -6.789978997899793 ], [ 110.570957095709574, -6.789378937893797 ], [ 110.571632163216336, -6.789753975397534 ], [ 110.570132013201317, -6.789978997899793 ] ], [ [ 110.582133213321328, -6.789678967896794 ], [ 110.582208220822096, -6.789603960396044 ], [ 110.582208220822096, -6.789678967896784 ], [ 110.582133213321328, -6.789678967896794 ] ], [ [ 110.571707170717076, -6.789828982898286 ], [ 110.571782178217816, -6.789678967896791 ], [ 110.571782178217816, -6.789828982898293 ], [ 110.571707170717076, -6.789828982898286 ] ], [ [ 110.582208220822096, -6.789753975397544 ], [ 110.582283228322837, -6.789678967896793 ], [ 110.582283228322837, -6.789753975397546 ], [ 110.582208220822096, -6.789753975397544 ] ], [ [ 110.569606960696063, -6.789828982898288 ], [ 110.569681968196818, -6.789753975397542 ], [ 110.569681968196818, -6.789828982898288 ], [ 110.569606960696063, -6.789828982898288 ] ], [ [ 110.571857185718571, -6.789753975397539 ], [ 110.57508250825083, -6.79080408040804 ], [ 110.575757575757578, -6.792304230423039 ], [ 110.575232523252325, -6.792229222922298 ], [ 110.574107410741078, -6.791179117911789 ], [ 110.571857185718571, -6.789753975397539 ] ], [ [ 110.564506450645069, -6.791029102910297 ], [ 110.56458145814581, -6.790954095409534 ], [ 110.56458145814581, -6.791029102910289 ], [ 110.564506450645069, -6.791029102910297 ] ], [ [ 110.56458145814581, -6.791104110411046 ], [ 110.564731473147319, -6.79102910291029 ], [ 110.564731473147319, -6.791104110411044 ], [ 110.56458145814581, -6.791104110411046 ] ], [ [ 110.565031503150323, -6.791254125412535 ], [ 110.565106510651063, -6.791179117911793 ], [ 110.565106510651063, -6.791254125412532 ], [ 110.565031503150323, -6.791254125412535 ] ], [ [ 110.564956495649568, -6.791329132913291 ], [ 110.565031503150323, -6.791254125412535 ], [ 110.565031503150323, -6.791329132913294 ], [ 110.564956495649568, -6.791329132913291 ] ], [ [ 110.565406540654067, -6.791329132913297 ], [ 110.565481548154821, -6.791254125412533 ], [ 110.565481548154821, -6.791329132913285 ], [ 110.565406540654067, -6.791329132913297 ] ], [ [ 110.565631563156316, -6.791404140414047 ], [ 110.565706570657085, -6.791329132913291 ], [ 110.565706570657085, -6.791404140414043 ], [ 110.565631563156316, -6.791404140414047 ] ], [ [ 110.565556555655562, -6.791479147914787 ], [ 110.565631563156316, -6.791404140414047 ], [ 110.565631563156316, -6.791479147914784 ], [ 110.565556555655562, -6.791479147914787 ] ], [ [ 110.565706570657085, -6.791554155415533 ], [ 110.565781578157811, -6.791479147914785 ], [ 110.565781578157811, -6.791554155415536 ], [ 110.565706570657085, -6.791554155415533 ] ], [ [ 110.563981398139816, -6.791704170417045 ], [ 110.564056405640585, -6.791554155415537 ], [ 110.564056405640585, -6.791704170417038 ], [ 110.563981398139816, -6.791704170417045 ] ], [ [ 110.574482448244822, -6.791704170417037 ], [ 110.574557455745577, -6.791629162916285 ], [ 110.574557455745577, -6.791704170417043 ], [ 110.574482448244822, -6.791704170417037 ] ], [ [ 110.563831383138307, -6.791779177917789 ], [ 110.563981398139816, -6.791854185418537 ], [ 110.563831383138307, -6.7919291929193 ], [ 110.563831383138307, -6.791779177917789 ] ], [ [ 110.575532553255329, -6.792454245424539 ], [ 110.575607560756069, -6.792379237923788 ], [ 110.575607560756069, -6.792454245424537 ], [ 110.575532553255329, -6.792454245424539 ] ], [ [ 110.575682568256823, -6.792529252925295 ], [ 110.575757575757578, -6.792454245424548 ], [ 110.575757575757578, -6.792529252925295 ], [ 110.575682568256823, -6.792529252925295 ] ], [ [ 110.567056705670566, -6.792754275427546 ], [ 110.567131713171321, -6.792679267926793 ], [ 110.567131713171321, -6.792754275427545 ], [ 110.567056705670566, -6.792754275427546 ] ], [ [ 110.566831683168317, -6.792829282928286 ], [ 110.567131713171321, -6.792979297929786 ], [ 110.566831683168317, -6.792904290429044 ], [ 110.566831683168317, -6.792829282928286 ] ], [ [ 110.566831683168317, -6.793129312931297 ], [ 110.566906690669072, -6.793054305430536 ], [ 110.566906690669072, -6.793129312931296 ], [ 110.566831683168317, -6.793129312931297 ] ], [ [ 110.566981698169812, -6.793054305430549 ], [ 110.567131713171321, -6.793279327932785 ], [ 110.566231623162309, -6.794404440444043 ], [ 110.566531653165313, -6.794779477947798 ], [ 110.565406540654067, -6.796204620462039 ], [ 110.569156915691565, -6.795304530453053 ], [ 110.569681968196818, -6.79822982298229 ], [ 110.568781878187821, -6.797779777977789 ], [ 110.567731773177314, -6.797779777977794 ], [ 110.56758175817582, -6.798154815481555 ], [ 110.566681668166822, -6.797329732973297 ], [ 110.568031803180318, -6.797179717971789 ], [ 110.566231623162309, -6.7971797179718 ], [ 110.56458145814581, -6.795604560456037 ], [ 110.565256525652572, -6.795754575457543 ], [ 110.566981698169812, -6.793054305430549 ] ], [ [ 110.567131713171321, -6.793129312931291 ], [ 110.567206720672061, -6.793054305430549 ], [ 110.567206720672061, -6.793129312931297 ], [ 110.567131713171321, -6.793129312931291 ] ], [ [ 110.566756675667563, -6.793204320432042 ], [ 110.566831683168317, -6.793129312931297 ], [ 110.566831683168317, -6.793204320432044 ], [ 110.566756675667563, -6.793204320432042 ] ], [ [ 110.581758175817583, -6.79350435043504 ], [ 110.581833183318338, -6.79335433543355 ], [ 110.581833183318338, -6.793504350435044 ], [ 110.581758175817583, -6.79350435043504 ] ], [ [ 110.573207320732067, -6.793429342934291 ], [ 110.57373237323732, -6.7940294029403 ], [ 110.572982298229817, -6.794554455445543 ], [ 110.572607260726073, -6.795229522952287 ], [ 110.573207320732067, -6.793429342934291 ] ], [ [ 110.574257425742573, -6.793804380438046 ], [ 110.574782478247826, -6.793879387938802 ], [ 110.574332433243328, -6.794029402940292 ], [ 110.574257425742573, -6.793804380438046 ] ], [ [ 110.566231623162309, -6.79395439543954 ], [ 110.566306630663064, -6.793879387938788 ], [ 110.566306630663064, -6.793954395439539 ], [ 110.566231623162309, -6.79395439543954 ] ], [ [ 110.566156615661569, -6.79402940294029 ], [ 110.566231623162309, -6.79395439543954 ], [ 110.566231623162309, -6.794029402940295 ], [ 110.566156615661569, -6.79402940294029 ] ], [ [ 110.57373237323732, -6.794104410441046 ], [ 110.573807380738074, -6.794029402940292 ], [ 110.573807380738074, -6.794104410441044 ], [ 110.57373237323732, -6.794104410441046 ] ], [ [ 110.57365736573658, -6.794179417941789 ], [ 110.57373237323732, -6.794104410441046 ], [ 110.57373237323732, -6.794179417941798 ], [ 110.57365736573658, -6.794179417941789 ] ], [ [ 110.573807380738074, -6.794479447944792 ], [ 110.573957395739569, -6.794179417941787 ], [ 110.574107410741078, -6.794554455445545 ], [ 110.573807380738074, -6.794479447944792 ] ], [ [ 110.574107410741078, -6.794254425442543 ], [ 110.574182418241818, -6.794179417941788 ], [ 110.574182418241818, -6.794254425442552 ], [ 110.574107410741078, -6.794254425442543 ] ], [ [ 110.573057305730572, -6.79470447044705 ], [ 110.57343234323433, -6.794704470447045 ], [ 110.573132313231326, -6.7949294929493 ], [ 110.573057305730572, -6.79470447044705 ] ], [ [ 110.573882388238829, -6.794779477947793 ], [ 110.573957395739569, -6.794704470447046 ], [ 110.573957395739569, -6.794779477947796 ], [ 110.573882388238829, -6.794779477947793 ] ], [ [ 110.574557455745577, -6.794779477947799 ], [ 110.574632463246346, -6.794704470447052 ], [ 110.574632463246346, -6.79477947794779 ], [ 110.574557455745577, -6.794779477947799 ] ], [ [ 110.565631563156316, -6.794929492949291 ], [ 110.565706570657085, -6.794854485448539 ], [ 110.565706570657085, -6.794929492949301 ], [ 110.565631563156316, -6.794929492949291 ] ], [ [ 110.57365736573658, -6.794929492949299 ], [ 110.57373237323732, -6.794854485448543 ], [ 110.57373237323732, -6.794929492949298 ], [ 110.57365736573658, -6.794929492949299 ] ], [ [ 110.574482448244822, -6.794929492949292 ], [ 110.574557455745577, -6.794854485448539 ], [ 110.574557455745577, -6.794929492949299 ], [ 110.574482448244822, -6.794929492949292 ] ], [ [ 110.57373237323732, -6.795004500450043 ], [ 110.573807380738074, -6.79492949294929 ], [ 110.573807380738074, -6.795004500450043 ], [ 110.57373237323732, -6.795004500450043 ] ], [ [ 110.573882388238829, -6.795004500450037 ], [ 110.573957395739569, -6.794929492949294 ], [ 110.573957395739569, -6.795004500450042 ], [ 110.573882388238829, -6.795004500450037 ] ], [ [ 110.563681368136812, -6.795154515451553 ], [ 110.563756375637567, -6.795004500450053 ], [ 110.563906390639062, -6.795154515451543 ], [ 110.563681368136812, -6.795154515451553 ] ], [ [ 110.573957395739569, -6.795079507950797 ], [ 110.574032403240324, -6.795004500450043 ], [ 110.574032403240324, -6.795079507950788 ], [ 110.573957395739569, -6.795079507950797 ] ], [ [ 110.574407440744068, -6.795079507950793 ], [ 110.574482448244822, -6.795004500450052 ], [ 110.574482448244822, -6.795079507950801 ], [ 110.574407440744068, -6.795079507950793 ] ], [ [ 110.564056405640585, -6.795154515451542 ], [ 110.564206420642066, -6.795079507950792 ], [ 110.564206420642066, -6.795154515451552 ], [ 110.564056405640585, -6.795154515451542 ] ], [ [ 110.565031503150323, -6.795229522952296 ], [ 110.565106510651063, -6.795079507950791 ], [ 110.565106510651063, -6.795229522952301 ], [ 110.565031503150323, -6.795229522952296 ] ], [ [ 110.563906390639062, -6.795229522952302 ], [ 110.564056405640585, -6.795154515451542 ], [ 110.564056405640585, -6.795229522952297 ], [ 110.563906390639062, -6.795229522952302 ] ], [ [ 110.56428142814282, -6.795229522952288 ], [ 110.564431443144315, -6.795154515451541 ], [ 110.564431443144315, -6.795229522952292 ], [ 110.56428142814282, -6.795229522952288 ] ], [ [ 110.57373237323732, -6.795229522952291 ], [ 110.573807380738074, -6.795154515451546 ], [ 110.573807380738074, -6.795229522952296 ], [ 110.57373237323732, -6.795229522952291 ] ], [ [ 110.581533153315334, -6.797404740474041 ], [ 110.582358235823577, -6.79530453045304 ], [ 110.582583258325826, -6.795829582958304 ], [ 110.581533153315334, -6.797404740474041 ] ], [ [ 110.564056405640585, -6.795304530453039 ], [ 110.564206420642066, -6.795229522952304 ], [ 110.564206420642066, -6.795304530453041 ], [ 110.564056405640585, -6.795304530453039 ] ], [ [ 110.564956495649568, -6.795304530453047 ], [ 110.565031503150323, -6.795229522952296 ], [ 110.565031503150323, -6.795304530453046 ], [ 110.564956495649568, -6.795304530453047 ] ], [ [ 110.573807380738074, -6.795379537953798 ], [ 110.573882388238829, -6.795229522952296 ], [ 110.573882388238829, -6.795379537953795 ], [ 110.573807380738074, -6.795379537953798 ] ], [ [ 110.564206420642066, -6.795379537953802 ], [ 110.564356435643575, -6.795304530453053 ], [ 110.564356435643575, -6.79537953795379 ], [ 110.564206420642066, -6.795379537953802 ] ], [ [ 110.564356435643575, -6.795454545454538 ], [ 110.564431443144315, -6.795379537953796 ], [ 110.564431443144315, -6.795454545454547 ], [ 110.564356435643575, -6.795454545454538 ] ], [ [ 110.564881488148814, -6.795454545454553 ], [ 110.564956495649568, -6.795379537953798 ], [ 110.564956495649568, -6.795454545454552 ], [ 110.564881488148814, -6.795454545454553 ] ], [ [ 110.56293129312931, -6.795679567956802 ], [ 110.563306330633068, -6.795679567956793 ], [ 110.563081308130833, -6.795904590459053 ], [ 110.56293129312931, -6.795679567956802 ] ], [ [ 110.564506450645069, -6.795529552955295 ], [ 110.56458145814581, -6.795454545454546 ], [ 110.56458145814581, -6.795529552955298 ], [ 110.564506450645069, -6.795529552955295 ] ], [ [ 110.56285628562857, -6.795829582958293 ], [ 110.56293129312931, -6.795754575457549 ], [ 110.56293129312931, -6.7958295829583 ], [ 110.56285628562857, -6.795829582958293 ] ], [ [ 110.563981398139816, -6.795904590459044 ], [ 110.564056405640585, -6.795754575457541 ], [ 110.564056405640585, -6.79590459045904 ], [ 110.563981398139816, -6.795904590459044 ] ], [ [ 110.575682568256823, -6.795829582958301 ], [ 110.575757575757578, -6.795754575457551 ], [ 110.575757575757578, -6.795829582958304 ], [ 110.575682568256823, -6.795829582958301 ] ], [ [ 110.564131413141311, -6.795979597959793 ], [ 110.564206420642066, -6.795829582958295 ], [ 110.564206420642066, -6.795979597959797 ], [ 110.564131413141311, -6.795979597959793 ] ], [ [ 110.575457545754574, -6.796054605460539 ], [ 110.575757575757578, -6.795904590459044 ], [ 110.575682568256823, -6.796129612961295 ], [ 110.575457545754574, -6.796054605460539 ] ], [ [ 110.575757575757578, -6.795904590459044 ], [ 110.575832583258332, -6.795829582958302 ], [ 110.575832583258332, -6.795904590459044 ], [ 110.575757575757578, -6.795904590459044 ] ], [ [ 110.563906390639062, -6.795979597959802 ], [ 110.563981398139816, -6.795904590459044 ], [ 110.563981398139816, -6.795979597959795 ], [ 110.563906390639062, -6.795979597959802 ] ], [ [ 110.569531953195323, -6.79597959795979 ], [ 110.569606960696063, -6.795904590459037 ], [ 110.569606960696063, -6.79597959795979 ], [ 110.569531953195323, -6.79597959795979 ] ], [ [ 110.575907590759073, -6.796204620462048 ], [ 110.576882688268824, -6.796354635463544 ], [ 110.576582658265835, -6.797104710471038 ], [ 110.575232523252325, -6.796729672967304 ], [ 110.575907590759073, -6.796204620462048 ] ], [ [ 110.564056405640585, -6.796054605460546 ], [ 110.564131413141311, -6.795979597959793 ], [ 110.564131413141311, -6.796054605460546 ], [ 110.564056405640585, -6.796054605460546 ] ], [ [ 110.569456945694569, -6.796129612961293 ], [ 110.569531953195323, -6.796054605460547 ], [ 110.569531953195323, -6.796129612961294 ], [ 110.569456945694569, -6.796129612961293 ] ], [ [ 110.563756375637567, -6.796204620462055 ], [ 110.563831383138307, -6.796129612961295 ], [ 110.563831383138307, -6.796204620462048 ], [ 110.563756375637567, -6.796204620462055 ] ], [ [ 110.575532553255329, -6.796204620462052 ], [ 110.575607560756069, -6.796129612961303 ], [ 110.575607560756069, -6.796204620462039 ], [ 110.575532553255329, -6.796204620462052 ] ], [ [ 110.562031203120313, -6.796279627962789 ], [ 110.562331233123317, -6.796504650465048 ], [ 110.562031203120313, -6.796879687968798 ], [ 110.562031203120313, -6.796279627962789 ] ], [ [ 110.563831383138307, -6.796279627962791 ], [ 110.563906390639062, -6.796204620462053 ], [ 110.563906390639062, -6.796279627962803 ], [ 110.563831383138307, -6.796279627962791 ] ], [ [ 110.563381338133823, -6.79635463546354 ], [ 110.563456345634563, -6.796279627962791 ], [ 110.563456345634563, -6.796354635463555 ], [ 110.563381338133823, -6.79635463546354 ] ], [ [ 110.57538253825382, -6.796354635463554 ], [ 110.575457545754574, -6.796279627962791 ], [ 110.575457545754574, -6.796354635463548 ], [ 110.57538253825382, -6.796354635463554 ] ], [ [ 110.570657065706584, -6.7965796579658 ], [ 110.571032103210328, -6.796729672967305 ], [ 110.570657065706584, -6.796954695469548 ], [ 110.570657065706584, -6.7965796579658 ] ], [ [ 110.562481248124811, -6.796504650465053 ], [ 110.562556255625566, -6.796429642964304 ], [ 110.562556255625566, -6.796504650465045 ], [ 110.562481248124811, -6.796504650465053 ] ], [ [ 110.563306330633068, -6.796504650465045 ], [ 110.563381338133823, -6.796429642964299 ], [ 110.563381338133823, -6.796504650465049 ], [ 110.563306330633068, -6.796504650465045 ] ], [ [ 110.562406240624057, -6.796654665466549 ], [ 110.562481248124811, -6.796504650465053 ], [ 110.562481248124811, -6.796654665466549 ], [ 110.562406240624057, -6.796654665466549 ] ], [ [ 110.563006300630065, -6.7965796579658 ], [ 110.563081308130833, -6.796504650465053 ], [ 110.563081308130833, -6.796579657965793 ], [ 110.563006300630065, -6.7965796579658 ] ], [ [ 110.563231323132314, -6.79657965796579 ], [ 110.563306330633068, -6.796504650465045 ], [ 110.563306330633068, -6.796579657965792 ], [ 110.563231323132314, -6.79657965796579 ] ], [ [ 110.563156315631559, -6.796729672967291 ], [ 110.563231323132314, -6.79657965796579 ], [ 110.563231323132314, -6.7967296729673 ], [ 110.563156315631559, -6.796729672967291 ] ], [ [ 110.56458145814581, -6.796654665466551 ], [ 110.564656465646564, -6.796579657965792 ], [ 110.564656465646564, -6.796654665466548 ], [ 110.56458145814581, -6.796654665466551 ] ], [ [ 110.565031503150323, -6.7968796879688 ], [ 110.565556555655562, -6.79695469546954 ], [ 110.565556555655562, -6.79710471047104 ], [ 110.565031503150323, -6.7968796879688 ] ], [ [ 110.578607860786079, -6.797929792979303 ], [ 110.579732973297325, -6.796879687968797 ], [ 110.578757875787574, -6.798604860486043 ], [ 110.578607860786079, -6.797929792979303 ] ], [ [ 110.562256225622562, -6.796729672967294 ], [ 110.562406240624057, -6.796804680468048 ], [ 110.562256225622562, -6.7968796879688 ], [ 110.562256225622562, -6.796729672967294 ] ], [ [ 110.571257125712577, -6.797104710471046 ], [ 110.571857185718571, -6.796654665466548 ], [ 110.572007200720066, -6.797179717971801 ], [ 110.571257125712577, -6.797104710471046 ] ], [ [ 110.56285628562857, -6.796804680468049 ], [ 110.56293129312931, -6.796729672967294 ], [ 110.56293129312931, -6.79680468046805 ], [ 110.56285628562857, -6.796804680468049 ] ], [ [ 110.563081308130833, -6.796804680468044 ], [ 110.563156315631559, -6.796729672967291 ], [ 110.563156315631559, -6.796804680468036 ], [ 110.563081308130833, -6.796804680468044 ] ], [ [ 110.564506450645069, -6.79680468046805 ], [ 110.56458145814581, -6.796729672967306 ], [ 110.56458145814581, -6.79680468046805 ], [ 110.564506450645069, -6.79680468046805 ] ], [ [ 110.56428142814282, -6.796879687968793 ], [ 110.564356435643575, -6.796804680468042 ], [ 110.564356435643575, -6.79687968796879 ], [ 110.56428142814282, -6.796879687968793 ] ], [ [ 110.571032103210328, -6.796879687968799 ], [ 110.571107110711068, -6.796804680468043 ], [ 110.571107110711068, -6.796879687968797 ], [ 110.571032103210328, -6.796879687968799 ] ], [ [ 110.57208220822082, -6.796879687968791 ], [ 110.572307230723084, -6.796954695469548 ], [ 110.57208220822082, -6.797029702970292 ], [ 110.57208220822082, -6.796879687968791 ] ], [ [ 110.561956195619558, -6.797029702970303 ], [ 110.562031203120313, -6.796879687968798 ], [ 110.562031203120313, -6.7970297029703 ], [ 110.561956195619558, -6.797029702970303 ] ], [ [ 110.562181218121808, -6.79695469546954 ], [ 110.562256225622562, -6.7968796879688 ], [ 110.562256225622562, -6.796954695469552 ], [ 110.562181218121808, -6.79695469546954 ] ], [ [ 110.562106210621067, -6.797104710471051 ], [ 110.562181218121808, -6.79695469546954 ], [ 110.562181218121808, -6.797104710471041 ], [ 110.562106210621067, -6.797104710471051 ] ], [ [ 110.561881188118818, -6.79710471047104 ], [ 110.561956195619558, -6.797029702970303 ], [ 110.561956195619558, -6.797104710471042 ], [ 110.561881188118818, -6.79710471047104 ] ], [ [ 110.576657665766575, -6.797104710471054 ], [ 110.576882688268824, -6.797254725472541 ], [ 110.57673267326733, -6.797254725472552 ], [ 110.576657665766575, -6.797104710471054 ] ], [ [ 110.562031203120313, -6.797179717971789 ], [ 110.562106210621067, -6.797104710471051 ], [ 110.562106210621067, -6.797179717971801 ], [ 110.562031203120313, -6.797179717971789 ] ], [ [ 110.565256525652572, -6.797254725472549 ], [ 110.565331533153312, -6.797104710471044 ], [ 110.565331533153312, -6.797254725472541 ], [ 110.565256525652572, -6.797254725472549 ] ], [ [ 110.565556555655562, -6.79717971797179 ], [ 110.565631563156316, -6.797104710471056 ], [ 110.565631563156316, -6.797179717971793 ], [ 110.565556555655562, -6.79717971797179 ] ], [ [ 110.565781578157811, -6.797254725472552 ], [ 110.565856585658565, -6.797179717971794 ], [ 110.565856585658565, -6.797254725472548 ], [ 110.565781578157811, -6.797254725472552 ] ], [ [ 110.565481548154821, -6.797329732973289 ], [ 110.565556555655562, -6.797254725472547 ], [ 110.565556555655562, -6.797329732973291 ], [ 110.565481548154821, -6.797329732973289 ] ], [ [ 110.565706570657085, -6.797479747974804 ], [ 110.565781578157811, -6.797404740474054 ], [ 110.565781578157811, -6.797479747974802 ], [ 110.565706570657085, -6.797479747974804 ] ], [ [ 110.566231623162309, -6.797554755475553 ], [ 110.566456645664573, -6.797404740474051 ], [ 110.566456645664573, -6.797629762976299 ], [ 110.566231623162309, -6.797554755475553 ] ], [ [ 110.566531653165313, -6.797629762976293 ], [ 110.566681668166822, -6.797479747974794 ], [ 110.566606660666068, -6.797629762976291 ], [ 110.566531653165313, -6.797629762976293 ] ], [ [ 110.579507950795076, -6.79860486048604 ], [ 110.580183018301824, -6.797554755475549 ], [ 110.579582958295845, -6.798829882988294 ], [ 110.579507950795076, -6.79860486048604 ] ], [ [ 110.560156015601564, -6.798079807980791 ], [ 110.560381038103813, -6.797779777977803 ], [ 110.560381038103813, -6.798079807980799 ], [ 110.560156015601564, -6.798079807980791 ] ], [ [ 110.566831683168317, -6.797779777977794 ], [ 110.566906690669072, -6.797704770477043 ], [ 110.566906690669072, -6.797779777977805 ], [ 110.566831683168317, -6.797779777977794 ] ], [ [ 110.577857785778576, -6.798604860486043 ], [ 110.578532853285324, -6.798154815481543 ], [ 110.578307830783075, -6.798679867986791 ], [ 110.577857785778576, -6.798604860486043 ] ], [ [ 110.566756675667563, -6.798004800480045 ], [ 110.566831683168317, -6.797929792979296 ], [ 110.566831683168317, -6.798004800480056 ], [ 110.566756675667563, -6.798004800480045 ] ], [ [ 110.573807380738074, -6.798679867986801 ], [ 110.574857485748581, -6.798379837983804 ], [ 110.574407440744068, -6.798754875487549 ], [ 110.574707470747072, -6.79905490549054 ], [ 110.573807380738074, -6.798679867986801 ] ], [ [ 110.579957995799575, -6.799054905490551 ], [ 110.580708070807077, -6.798304830483041 ], [ 110.580033003300329, -6.799354935493554 ], [ 110.579957995799575, -6.799054905490551 ] ], [ [ 110.566606660666068, -6.798079807980796 ], [ 110.566756675667563, -6.798154815481542 ], [ 110.566606660666068, -6.798229822982295 ], [ 110.566606660666068, -6.798079807980796 ] ], [ [ 110.567806780678069, -6.798154815481555 ], [ 110.567881788178823, -6.798079807980804 ], [ 110.567881788178823, -6.798154815481539 ], [ 110.567806780678069, -6.798154815481555 ] ], [ [ 110.568706870687066, -6.798154815481553 ], [ 110.568781878187821, -6.798079807980798 ], [ 110.568781878187821, -6.798154815481542 ], [ 110.568706870687066, -6.798154815481553 ] ], [ [ 110.567731773177314, -6.798304830483044 ], [ 110.567806780678069, -6.798154815481555 ], [ 110.567881788178823, -6.798304830483042 ], [ 110.567731773177314, -6.798304830483044 ] ], [ [ 110.567956795679564, -6.798229822982305 ], [ 110.568031803180318, -6.798154815481545 ], [ 110.568031803180318, -6.798229822982301 ], [ 110.567956795679564, -6.798229822982305 ] ], [ [ 110.568856885688575, -6.798304830483057 ], [ 110.568931893189315, -6.798229822982305 ], [ 110.568931893189315, -6.798304830483057 ], [ 110.568856885688575, -6.798304830483057 ] ], [ [ 110.569081908190824, -6.798454845484553 ], [ 110.569156915691565, -6.798379837983794 ], [ 110.569156915691565, -6.798454845484551 ], [ 110.569081908190824, -6.798454845484553 ] ], [ [ 110.569156915691565, -6.798529852985296 ], [ 110.569306930693074, -6.798454845484543 ], [ 110.569306930693074, -6.798529852985303 ], [ 110.569156915691565, -6.798529852985296 ] ], [ [ 110.568106810681073, -6.798679867986806 ], [ 110.568181818181813, -6.798604860486041 ], [ 110.568181818181813, -6.798679867986796 ], [ 110.568106810681073, -6.798679867986806 ] ], [ [ 110.582358235823577, -6.798754875487548 ], [ 110.582433243324331, -6.79867986798679 ], [ 110.582433243324331, -6.798754875487557 ], [ 110.582358235823577, -6.798754875487548 ] ], [ [ 110.574632463246346, -6.798829882988308 ], [ 110.574707470747072, -6.798754875487546 ], [ 110.574707470747072, -6.798829882988294 ], [ 110.574632463246346, -6.798829882988308 ] ], [ [ 110.560681068106817, -6.799054905490546 ], [ 110.560756075607557, -6.798904890489049 ], [ 110.560756075607557, -6.799054905490554 ], [ 110.560681068106817, -6.799054905490546 ] ], [ [ 110.582208220822096, -6.798979897989792 ], [ 110.582283228322837, -6.798904890489057 ], [ 110.582283228322837, -6.798979897989804 ], [ 110.582208220822096, -6.798979897989792 ] ], [ [ 110.582508250825086, -6.798979897989803 ], [ 110.582583258325826, -6.798904890489048 ], [ 110.582583258325826, -6.7989798979898 ], [ 110.582508250825086, -6.798979897989803 ] ], [ [ 110.560981098109806, -6.799054905490552 ], [ 110.561056105610575, -6.798979897989793 ], [ 110.561056105610575, -6.799054905490545 ], [ 110.560981098109806, -6.799054905490552 ] ], [ [ 110.582133213321328, -6.799129912991307 ], [ 110.582208220822096, -6.799054905490552 ], [ 110.582208220822096, -6.799129912991301 ], [ 110.582133213321328, -6.799129912991307 ] ], [ [ 110.560906090609066, -6.799279927992799 ], [ 110.560981098109806, -6.799129912991299 ], [ 110.560981098109806, -6.799279927992805 ], [ 110.560906090609066, -6.799279927992799 ] ], [ [ 110.582058205820587, -6.799204920492054 ], [ 110.582133213321328, -6.799129912991307 ], [ 110.582133213321328, -6.799204920492052 ], [ 110.582058205820587, -6.799204920492054 ] ], [ [ 110.560831083108312, -6.799429942994297 ], [ 110.560906090609066, -6.799279927992799 ], [ 110.560906090609066, -6.799429942994304 ], [ 110.560831083108312, -6.799429942994297 ] ], [ [ 110.561131113111315, -6.799354935493547 ], [ 110.561206120612056, -6.799279927992798 ], [ 110.561206120612056, -6.799354935493543 ], [ 110.561131113111315, -6.799354935493547 ] ], [ [ 110.582283228322837, -6.799354935493556 ], [ 110.582358235823577, -6.799279927992804 ], [ 110.582358235823577, -6.799354935493554 ], [ 110.582283228322837, -6.799354935493556 ] ], [ [ 110.560681068106817, -6.799354935493554 ], [ 110.560756075607557, -6.799504950495044 ], [ 110.560531053105308, -6.799804980498056 ], [ 110.560456045604568, -6.800255025502556 ], [ 110.560231023102304, -6.800330033003302 ], [ 110.560681068106817, -6.799354935493554 ] ], [ [ 110.560981098109806, -6.799504950495039 ], [ 110.561056105610575, -6.799354935493555 ], [ 110.561056105610575, -6.79950495049505 ], [ 110.560981098109806, -6.799504950495039 ] ], [ [ 110.581908190819078, -6.799429942994293 ], [ 110.581983198319833, -6.799354935493557 ], [ 110.581983198319833, -6.799429942994296 ], [ 110.581908190819078, -6.799429942994293 ] ], [ [ 110.560456045604568, -6.79950495049505 ], [ 110.560531053105308, -6.7994299429943 ], [ 110.560531053105308, -6.799504950495051 ], [ 110.560456045604568, -6.79950495049505 ] ], [ [ 110.581833183318338, -6.79950495049505 ], [ 110.581908190819078, -6.799429942994293 ], [ 110.581908190819078, -6.799504950495044 ], [ 110.581833183318338, -6.79950495049505 ] ], [ [ 110.560381038103813, -6.799579957995799 ], [ 110.560456045604568, -6.79950495049505 ], [ 110.560456045604568, -6.799579957995793 ], [ 110.560381038103813, -6.799579957995799 ] ], [ [ 110.560906090609066, -6.799504950495049 ], [ 110.560906090609066, -6.799879987998798 ], [ 110.560681068106817, -6.800105010501057 ], [ 110.560756075607557, -6.800405040504055 ], [ 110.560456045604568, -6.800480048004796 ], [ 110.560906090609066, -6.799504950495049 ] ], [ [ 110.560081008100823, -6.799729972997302 ], [ 110.560306030603059, -6.799954995499546 ], [ 110.559930993099314, -6.800330033003302 ], [ 110.560081008100823, -6.799729972997302 ] ], [ [ 110.582058205820587, -6.799654965496552 ], [ 110.582133213321328, -6.799579957995801 ], [ 110.582133213321328, -6.799654965496544 ], [ 110.582058205820587, -6.799654965496552 ] ], [ [ 110.581983198319833, -6.799804980498057 ], [ 110.582058205820587, -6.799729972997306 ], [ 110.582058205820587, -6.799804980498047 ], [ 110.581983198319833, -6.799804980498057 ] ], [ [ 110.581908190819078, -6.799879987998797 ], [ 110.581983198319833, -6.799804980498057 ], [ 110.581983198319833, -6.799879987998795 ], [ 110.581908190819078, -6.799879987998797 ] ], [ [ 110.581758175817583, -6.800105010501046 ], [ 110.581908190819078, -6.800030003000301 ], [ 110.581908190819078, -6.800105010501044 ], [ 110.581758175817583, -6.800105010501046 ] ], [ [ 110.560231023102304, -6.800930093009295 ], [ 110.560456045604568, -6.800705070507049 ], [ 110.560456045604568, -6.800930093009298 ], [ 110.560231023102304, -6.800930093009295 ] ], [ [ 110.56128112811281, -6.80115511551156 ], [ 110.561806180618063, -6.800855085508543 ], [ 110.561581158115814, -6.801380138013807 ], [ 110.56128112811281, -6.80115511551156 ] ], [ [ 110.561656165616569, -6.801755175517546 ], [ 110.562181218121808, -6.802130213021299 ], [ 110.561806180618063, -6.801980198019797 ], [ 110.561206120612056, -6.802355235523547 ], [ 110.560831083108312, -6.802055205520547 ], [ 110.560981098109806, -6.802205220522059 ], [ 110.560906090609066, -6.802355235523549 ], [ 110.560381038103813, -6.802055205520559 ], [ 110.560456045604568, -6.801455145514554 ], [ 110.561656165616569, -6.801755175517546 ] ], [ [ 110.560831083108312, -6.801455145514546 ], [ 110.560981098109806, -6.801380138013809 ], [ 110.560981098109806, -6.801455145514552 ], [ 110.560831083108312, -6.801455145514546 ] ], [ [ 110.560981098109806, -6.8015301530153 ], [ 110.561056105610575, -6.801455145514545 ], [ 110.561056105610575, -6.801530153015307 ], [ 110.560981098109806, -6.8015301530153 ] ], [ [ 110.561056105610575, -6.801605160516055 ], [ 110.561131113111315, -6.801530153015296 ], [ 110.561131113111315, -6.801605160516057 ], [ 110.561056105610575, -6.801605160516055 ] ], [ [ 110.562706270627075, -6.801980198019798 ], [ 110.562781278127815, -6.801830183018293 ], [ 110.562781278127815, -6.8019801980198 ], [ 110.562706270627075, -6.801980198019798 ] ], [ [ 110.561806180618063, -6.802130213021297 ], [ 110.561881188118818, -6.80205520552055 ], [ 110.561881188118818, -6.802130213021305 ], [ 110.561806180618063, -6.802130213021297 ] ], [ [ 110.561956195619558, -6.803105310531058 ], [ 110.562631263126306, -6.802430243024306 ], [ 110.563381338133823, -6.802130213021301 ], [ 110.563756375637567, -6.803180318031808 ], [ 110.561956195619558, -6.803105310531058 ] ], [ [ 110.563231323132314, -6.802130213021308 ], [ 110.563306330633068, -6.802055205520547 ], [ 110.563306330633068, -6.802130213021305 ], [ 110.563231323132314, -6.802130213021308 ] ], [ [ 110.561881188118818, -6.802205220522047 ], [ 110.561956195619558, -6.802130213021297 ], [ 110.561956195619558, -6.802205220522049 ], [ 110.561881188118818, -6.802205220522047 ] ], [ [ 110.562781278127815, -6.80220522052205 ], [ 110.56285628562857, -6.802130213021296 ], [ 110.56285628562857, -6.802205220522059 ], [ 110.562781278127815, -6.80220522052205 ] ], [ [ 110.563006300630065, -6.802205220522059 ], [ 110.563081308130833, -6.802130213021294 ], [ 110.563081308130833, -6.80220522052205 ], [ 110.563006300630065, -6.802205220522059 ] ], [ [ 110.561806180618063, -6.802355235523559 ], [ 110.561881188118818, -6.802280228022796 ], [ 110.561881188118818, -6.802355235523549 ], [ 110.561806180618063, -6.802355235523559 ] ], [ [ 110.561056105610575, -6.802430243024306 ], [ 110.561206120612056, -6.802355235523547 ], [ 110.561206120612056, -6.802430243024309 ], [ 110.561056105610575, -6.802430243024306 ] ], [ [ 110.561731173117323, -6.802430243024308 ], [ 110.561806180618063, -6.802355235523559 ], [ 110.561806180618063, -6.802430243024308 ], [ 110.561731173117323, -6.802430243024308 ] ], [ [ 110.561581158115814, -6.802730273027308 ], [ 110.561881188118818, -6.802505250525055 ], [ 110.562031203120313, -6.802730273027302 ], [ 110.561581158115814, -6.802730273027308 ] ], [ [ 110.564056405640585, -6.802580258025808 ], [ 110.564131413141311, -6.802505250525055 ], [ 110.564131413141311, -6.802580258025803 ], [ 110.564056405640585, -6.802580258025808 ] ], [ [ 110.563606360636058, -6.80265526552656 ], [ 110.563681368136812, -6.802580258025808 ], [ 110.563681368136812, -6.802655265526554 ], [ 110.563606360636058, -6.80265526552656 ] ], [ [ 110.56428142814282, -6.802805280528061 ], [ 110.564356435643575, -6.802730273027304 ], [ 110.564356435643575, -6.802805280528051 ], [ 110.56428142814282, -6.802805280528061 ] ], [ [ 110.564431443144315, -6.802880288028807 ], [ 110.56458145814581, -6.802730273027306 ], [ 110.564506450645069, -6.802880288028802 ], [ 110.564431443144315, -6.802880288028807 ] ], [ [ 110.564131413141311, -6.802880288028804 ], [ 110.564206420642066, -6.802805280528045 ], [ 110.564206420642066, -6.802880288028808 ], [ 110.564131413141311, -6.802880288028804 ] ], [ [ 110.564356435643575, -6.803030303030301 ], [ 110.564506450645069, -6.802955295529556 ], [ 110.564506450645069, -6.803030303030303 ], [ 110.564356435643575, -6.803030303030301 ] ], [ [ 110.56458145814581, -6.803030303030307 ], [ 110.564656465646564, -6.802955295529555 ], [ 110.564656465646564, -6.803030303030295 ], [ 110.56458145814581, -6.803030303030307 ] ], [ [ 110.564731473147319, -6.803030303030296 ], [ 110.564806480648059, -6.802955295529546 ], [ 110.564806480648059, -6.803030303030295 ], [ 110.564731473147319, -6.803030303030296 ] ], [ [ 110.564656465646564, -6.803180318031805 ], [ 110.564731473147319, -6.803030303030296 ], [ 110.564731473147319, -6.803180318031799 ], [ 110.564656465646564, -6.803180318031805 ] ], [ [ 110.563006300630065, -6.80325532553255 ], [ 110.563081308130833, -6.803180318031808 ], [ 110.563081308130833, -6.803255325532553 ], [ 110.563006300630065, -6.80325532553255 ] ], [ [ 110.564056405640585, -6.803480348034794 ], [ 110.56428142814282, -6.803255325532549 ], [ 110.56428142814282, -6.80340534053405 ], [ 110.564056405640585, -6.803480348034794 ] ], [ [ 110.564356435643575, -6.803480348034804 ], [ 110.564731473147319, -6.803330333033307 ], [ 110.564731473147319, -6.803480348034803 ], [ 110.564356435643575, -6.803480348034804 ] ], [ [ 110.56458145814581, -6.803255325532554 ], [ 110.564656465646564, -6.803180318031805 ], [ 110.564656465646564, -6.803255325532559 ], [ 110.56458145814581, -6.803255325532554 ] ], [ [ 110.563681368136812, -6.803480348034802 ], [ 110.563756375637567, -6.803405340534045 ], [ 110.563756375637567, -6.803480348034808 ], [ 110.563681368136812, -6.803480348034802 ] ], [ [ 110.565331533153312, -6.803480348034809 ], [ 110.565406540654067, -6.803405340534048 ], [ 110.565406540654067, -6.803480348034801 ], [ 110.565331533153312, -6.803480348034809 ] ], [ [ 110.565631563156316, -6.803555355535545 ], [ 110.565706570657085, -6.803405340534056 ], [ 110.565706570657085, -6.803555355535546 ], [ 110.565631563156316, -6.803555355535545 ] ], [ [ 110.563756375637567, -6.803555355535558 ], [ 110.563906390639062, -6.803480348034807 ], [ 110.563906390639062, -6.803555355535553 ], [ 110.563756375637567, -6.803555355535558 ] ], [ [ 110.564356435643575, -6.80370537053706 ], [ 110.565406540654067, -6.803780378037809 ], [ 110.565181518151817, -6.80415541554156 ], [ 110.566156615661569, -6.804755475547553 ], [ 110.566456645664573, -6.805280528052801 ], [ 110.564356435643575, -6.80370537053706 ] ], [ [ 110.563906390639062, -6.803630363036306 ], [ 110.564056405640585, -6.803555355535556 ], [ 110.564056405640585, -6.803630363036304 ], [ 110.563906390639062, -6.803630363036306 ] ], [ [ 110.564131413141311, -6.803630363036306 ], [ 110.564206420642066, -6.803555355535546 ], [ 110.564206420642066, -6.803630363036307 ], [ 110.564131413141311, -6.803630363036306 ] ], [ [ 110.565556555655562, -6.803630363036295 ], [ 110.565631563156316, -6.803555355535545 ], [ 110.565631563156316, -6.803630363036302 ], [ 110.565556555655562, -6.803630363036295 ] ], [ [ 110.565331533153312, -6.803705370537046 ], [ 110.565406540654067, -6.803630363036302 ], [ 110.565406540654067, -6.803705370537053 ], [ 110.565331533153312, -6.803705370537046 ] ], [ [ 110.565481548154821, -6.803705370537054 ], [ 110.565556555655562, -6.803630363036295 ], [ 110.565556555655562, -6.803705370537053 ], [ 110.565481548154821, -6.803705370537054 ] ], [ [ 110.56593159315932, -6.803855385538553 ], [ 110.566231623162309, -6.803705370537048 ], [ 110.566156615661569, -6.803855385538552 ], [ 110.56593159315932, -6.803855385538553 ] ], [ [ 110.565406540654067, -6.803780378037809 ], [ 110.565481548154821, -6.803705370537054 ], [ 110.565481548154821, -6.803780378037799 ], [ 110.565406540654067, -6.803780378037809 ] ], [ [ 110.565706570657085, -6.803855385538557 ], [ 110.565781578157811, -6.803780378037806 ], [ 110.565781578157811, -6.803855385538554 ], [ 110.565706570657085, -6.803855385538557 ] ], [ [ 110.565481548154821, -6.8039303930393 ], [ 110.565631563156316, -6.803855385538557 ], [ 110.565631563156316, -6.803930393039301 ], [ 110.565481548154821, -6.8039303930393 ] ], [ [ 110.565631563156316, -6.804005400540053 ], [ 110.565781578157811, -6.803930393039305 ], [ 110.565781578157811, -6.804005400540046 ], [ 110.565631563156316, -6.804005400540053 ] ], [ [ 110.56593159315932, -6.80400540054006 ], [ 110.566006600660074, -6.803930393039301 ], [ 110.566006600660074, -6.804005400540055 ], [ 110.56593159315932, -6.80400540054006 ] ], [ [ 110.565781578157811, -6.80408040804081 ], [ 110.565856585658565, -6.804005400540047 ], [ 110.565856585658565, -6.804080408040796 ], [ 110.565781578157811, -6.80408040804081 ] ], [ [ 110.566381638163818, -6.804005400540044 ], [ 110.566456645664573, -6.804230423042304 ], [ 110.566381638163818, -6.804155415541558 ], [ 110.566156615661569, -6.804155415541557 ], [ 110.566381638163818, -6.804005400540044 ] ], [ [ 110.566531653165313, -6.80408040804081 ], [ 110.566606660666068, -6.804005400540047 ], [ 110.566606660666068, -6.804080408040809 ], [ 110.566531653165313, -6.80408040804081 ] ], [ [ 110.565856585658565, -6.804155415541551 ], [ 110.56593159315932, -6.804080408040797 ], [ 110.56593159315932, -6.804155415541555 ], [ 110.565856585658565, -6.804155415541551 ] ], [ [ 110.565631563156316, -6.804380438043798 ], [ 110.566381638163818, -6.804530453045301 ], [ 110.566531653165313, -6.804905490549053 ], [ 110.565631563156316, -6.804380438043798 ] ], [ [ 110.566081608160815, -6.804230423042303 ], [ 110.566156615661569, -6.804155415541557 ], [ 110.566156615661569, -6.804230423042297 ], [ 110.566081608160815, -6.804230423042303 ] ], [ [ 110.566531653165313, -6.804305430543052 ], [ 110.566606660666068, -6.804230423042297 ], [ 110.566606660666068, -6.804305430543058 ], [ 110.566531653165313, -6.804305430543052 ] ], [ [ 110.566456645664573, -6.804380438043802 ], [ 110.566531653165313, -6.804305430543052 ], [ 110.566531653165313, -6.8043804380438 ], [ 110.566456645664573, -6.804380438043802 ] ], [ [ 110.566831683168317, -6.804380438043808 ], [ 110.566906690669072, -6.804305430543057 ], [ 110.566906690669072, -6.804380438043798 ], [ 110.566831683168317, -6.804380438043808 ] ], [ [ 110.566981698169812, -6.804380438043801 ], [ 110.567056705670566, -6.804305430543057 ], [ 110.567056705670566, -6.8043804380438 ], [ 110.566981698169812, -6.804380438043801 ] ], [ [ 110.566906690669072, -6.804455445544559 ], [ 110.566981698169812, -6.804380438043801 ], [ 110.566981698169812, -6.804455445544547 ], [ 110.566906690669072, -6.804455445544559 ] ], [ [ 110.567056705670566, -6.804455445544547 ], [ 110.567131713171321, -6.804380438043796 ], [ 110.567131713171321, -6.804455445544562 ], [ 110.567056705670566, -6.804455445544547 ] ], [ [ 110.566906690669072, -6.804605460546049 ], [ 110.566981698169812, -6.804530453045301 ], [ 110.566981698169812, -6.804605460546059 ], [ 110.566906690669072, -6.804605460546049 ] ], [ [ 110.567056705670566, -6.804680468046809 ], [ 110.567356735673584, -6.804530453045301 ], [ 110.567206720672061, -6.804830483048304 ], [ 110.567056705670566, -6.804680468046809 ] ], [ [ 110.563231323132314, -6.805055505550553 ], [ 110.563456345634563, -6.804755475547556 ], [ 110.563981398139816, -6.805505550555052 ], [ 110.563231323132314, -6.805055505550553 ] ], [ [ 110.558730873087313, -6.80483048304831 ], [ 110.563831383138307, -6.807155715571555 ], [ 110.566081608160815, -6.809705970597059 ], [ 110.559030903090303, -6.80558055805581 ], [ 110.559105910591057, -6.805280528052813 ], [ 110.558505850585064, -6.805130513051296 ], [ 110.558730873087313, -6.80483048304831 ] ], [ [ 110.567056705670566, -6.8049804980498 ], [ 110.567131713171321, -6.804830483048305 ], [ 110.567131713171321, -6.804980498049807 ], [ 110.567056705670566, -6.8049804980498 ] ], [ [ 110.567281728172816, -6.804980498049803 ], [ 110.567356735673584, -6.804905490549054 ], [ 110.567356735673584, -6.804980498049811 ], [ 110.567281728172816, -6.804980498049803 ] ], [ [ 110.567356735673584, -6.805055505550555 ], [ 110.567431743174311, -6.804980498049813 ], [ 110.567431743174311, -6.805055505550557 ], [ 110.567356735673584, -6.805055505550555 ] ], [ [ 110.566531653165313, -6.805130513051298 ], [ 110.566606660666068, -6.805055505550563 ], [ 110.566606660666068, -6.805130513051312 ], [ 110.566531653165313, -6.805130513051298 ] ], [ [ 110.566531653165313, -6.805430543054307 ], [ 110.567206720672061, -6.80520552055205 ], [ 110.567731773177314, -6.805130513051303 ], [ 110.567731773177314, -6.8054305430543 ], [ 110.568256825682568, -6.805955595559554 ], [ 110.569831983198327, -6.807005700570057 ], [ 110.569756975697572, -6.807230723072303 ], [ 110.567356735673584, -6.806630663066304 ], [ 110.567431743174311, -6.805805580558061 ], [ 110.566531653165313, -6.805430543054307 ] ], [ [ 110.567281728172816, -6.805130513051313 ], [ 110.567356735673584, -6.805055505550555 ], [ 110.567356735673584, -6.805130513051305 ], [ 110.567281728172816, -6.805130513051313 ] ], [ [ 110.567881788178823, -6.805130513051299 ], [ 110.567956795679564, -6.805055505550562 ], [ 110.567956795679564, -6.805130513051298 ], [ 110.567881788178823, -6.805130513051299 ] ], [ [ 110.567806780678069, -6.805205520552054 ], [ 110.567881788178823, -6.805130513051299 ], [ 110.567881788178823, -6.805205520552058 ], [ 110.567806780678069, -6.805205520552054 ] ], [ [ 110.568031803180318, -6.80535553555355 ], [ 110.568256825682568, -6.805205520552062 ], [ 110.568256825682568, -6.805430543054299 ], [ 110.568031803180318, -6.80535553555355 ] ], [ [ 110.566456645664573, -6.805355535553561 ], [ 110.566531653165313, -6.80528052805281 ], [ 110.566531653165313, -6.805355535553555 ], [ 110.566456645664573, -6.805355535553561 ] ], [ [ 110.558955895589563, -6.805430543054307 ], [ 110.559030903090303, -6.80535553555355 ], [ 110.559030903090303, -6.805430543054309 ], [ 110.558955895589563, -6.805430543054307 ] ], [ [ 110.567881788178823, -6.805430543054299 ], [ 110.567956795679564, -6.805355535553557 ], [ 110.567956795679564, -6.805430543054298 ], [ 110.567881788178823, -6.805430543054299 ] ], [ [ 110.567956795679564, -6.80550555055506 ], [ 110.568106810681073, -6.80543054305431 ], [ 110.568106810681073, -6.805505550555057 ], [ 110.567956795679564, -6.80550555055506 ] ], [ [ 110.563981398139816, -6.805505550555052 ], [ 110.566531653165313, -6.807905790579061 ], [ 110.566606660666068, -6.808730873087306 ], [ 110.564731473147319, -6.806780678067805 ], [ 110.563981398139816, -6.805505550555052 ] ], [ [ 110.568106810681073, -6.805580558055807 ], [ 110.568181818181813, -6.805505550555054 ], [ 110.568181818181813, -6.805580558055804 ], [ 110.568106810681073, -6.805580558055807 ] ], [ [ 110.558955895589563, -6.805730573057303 ], [ 110.559030903090303, -6.805655565556552 ], [ 110.559030903090303, -6.8057305730573 ], [ 110.558955895589563, -6.805730573057303 ] ], [ [ 110.558505850585064, -6.806030603060303 ], [ 110.558805880588054, -6.80573057305731 ], [ 110.558730873087313, -6.806030603060309 ], [ 110.558505850585064, -6.806030603060303 ] ], [ [ 110.558880888088808, -6.805805580558058 ], [ 110.558955895589563, -6.805730573057303 ], [ 110.558955895589563, -6.805805580558057 ], [ 110.558880888088808, -6.805805580558058 ] ], [ [ 110.567056705670566, -6.806180618061813 ], [ 110.567131713171321, -6.806105610561059 ], [ 110.567131713171321, -6.806180618061809 ], [ 110.567056705670566, -6.806180618061813 ] ], [ [ 110.567131713171321, -6.806255625562565 ], [ 110.567281728172816, -6.806180618061813 ], [ 110.567281728172816, -6.806255625562554 ], [ 110.567131713171321, -6.806255625562565 ] ], [ [ 110.556405640564051, -6.807605760576054 ], [ 110.557230723072308, -6.807380738073805 ], [ 110.556405640564051, -6.807830783078308 ], [ 110.556405640564051, -6.807605760576054 ] ], [ [ 110.566606660666068, -6.807530753075306 ], [ 110.566681668166822, -6.807455745574551 ], [ 110.566681668166822, -6.807530753075299 ], [ 110.566606660666068, -6.807530753075306 ] ], [ [ 110.566756675667563, -6.80895589558956 ], [ 110.566831683168317, -6.808880888088808 ], [ 110.566831683168317, -6.808955895589555 ], [ 110.566756675667563, -6.80895589558956 ] ], [ [ 110.566906690669072, -6.809180918091816 ], [ 110.567881788178823, -6.809630963096309 ], [ 110.568031803180318, -6.810081008100802 ], [ 110.566906690669072, -6.809180918091816 ] ], [ [ 110.552130213021314, -6.809405940594058 ], [ 110.552205220522055, -6.809330933093304 ], [ 110.552205220522055, -6.809405940594056 ], [ 110.552130213021314, -6.809405940594058 ] ], [ [ 110.551455145514552, -6.810156015601567 ], [ 110.551530153015307, -6.810081008100806 ], [ 110.551530153015307, -6.81015601560155 ], [ 110.551455145514552, -6.810156015601567 ] ], [ [ 110.568031803180318, -6.81015601560156 ], [ 110.568106810681073, -6.810081008100811 ], [ 110.568106810681073, -6.810156015601568 ], [ 110.568031803180318, -6.81015601560156 ] ], [ [ 110.568106810681073, -6.810231023102314 ], [ 110.568181818181813, -6.810156015601561 ], [ 110.568181818181813, -6.810231023102307 ], [ 110.568106810681073, -6.810231023102314 ] ], [ [ 110.568181818181813, -6.810306030603055 ], [ 110.568331833183322, -6.810231023102318 ], [ 110.568331833183322, -6.810306030603066 ], [ 110.568181818181813, -6.810306030603055 ] ], [ [ 110.568781878187821, -6.81060606060606 ], [ 110.569381938193814, -6.810606060606065 ], [ 110.569381938193814, -6.810906090609069 ], [ 110.568781878187821, -6.81060606060606 ] ], [ [ 110.550930093009299, -6.81075607560757 ], [ 110.551005100510054, -6.81068106810682 ], [ 110.551005100510054, -6.810756075607561 ], [ 110.550930093009299, -6.81075607560757 ] ], [ [ 110.571557155715567, -6.810756075607562 ], [ 110.571632163216336, -6.810681068106809 ], [ 110.571632163216336, -6.810756075607554 ], [ 110.571557155715567, -6.810756075607562 ] ], [ [ 110.569531953195323, -6.810906090609054 ], [ 110.569606960696063, -6.810831083108315 ], [ 110.569606960696063, -6.810906090609056 ], [ 110.569531953195323, -6.810906090609054 ] ], [ [ 110.571632163216336, -6.81090609060906 ], [ 110.571707170717076, -6.810831083108309 ], [ 110.571707170717076, -6.810906090609058 ], [ 110.571632163216336, -6.81090609060906 ] ], [ [ 110.569831983198327, -6.811206120612058 ], [ 110.570357035703566, -6.811131113111314 ], [ 110.570282028202826, -6.811431143114315 ], [ 110.569831983198327, -6.811206120612058 ] ], [ [ 110.569681968196818, -6.811131113111309 ], [ 110.569756975697572, -6.811056105610557 ], [ 110.569756975697572, -6.811131113111307 ], [ 110.569681968196818, -6.811131113111309 ] ], [ [ 110.570282028202826, -6.811506150615065 ], [ 110.570357035703566, -6.811431143114304 ], [ 110.570357035703566, -6.811506150615068 ], [ 110.570282028202826, -6.811506150615065 ] ], [ [ 110.558580858085804, -6.813381338133808 ], [ 110.558655865586559, -6.813306330633063 ], [ 110.558655865586559, -6.813381338133813 ], [ 110.558580858085804, -6.813381338133808 ] ], [ [ 110.550255025502551, -6.814431443144309 ], [ 110.550405040504046, -6.814506450645069 ], [ 110.550255025502551, -6.814506450645062 ], [ 110.550255025502551, -6.814431443144309 ] ], [ [ 110.550405040504046, -6.814806480648067 ], [ 110.550855085508545, -6.814506450645067 ], [ 110.551080108010808, -6.814956495649559 ], [ 110.550405040504046, -6.814806480648067 ] ], [ [ 110.550180018001797, -6.814656465646565 ], [ 110.550255025502551, -6.814581458145804 ], [ 110.550255025502551, -6.81465646564657 ], [ 110.550180018001797, -6.814656465646565 ] ], [ [ 110.550255025502551, -6.81473147314732 ], [ 110.550330033003306, -6.814656465646566 ], [ 110.550330033003306, -6.814731473147313 ], [ 110.550255025502551, -6.81473147314732 ] ], [ [ 110.551005100510054, -6.814806480648063 ], [ 110.551080108010808, -6.814731473147314 ], [ 110.551080108010808, -6.814806480648068 ], [ 110.551005100510054, -6.814806480648063 ] ], [ [ 110.551305130513057, -6.814956495649563 ], [ 110.551380138013798, -6.814881488148814 ], [ 110.551380138013798, -6.814956495649572 ], [ 110.551305130513057, -6.814956495649563 ] ], [ [ 110.551080108010808, -6.815031503150312 ], [ 110.551230123012303, -6.814956495649566 ], [ 110.551230123012303, -6.815031503150308 ], [ 110.551080108010808, -6.815031503150312 ] ], [ [ 110.551230123012303, -6.815106510651072 ], [ 110.551380138013798, -6.815031503150316 ], [ 110.551380138013798, -6.815106510651071 ], [ 110.551230123012303, -6.815106510651072 ] ], [ [ 110.551680168016802, -6.815181518151813 ], [ 110.551755175517556, -6.815031503150311 ], [ 110.551830183018296, -6.815181518151813 ], [ 110.551680168016802, -6.815181518151813 ] ], [ [ 110.551380138013798, -6.815181518151809 ], [ 110.551455145514552, -6.815106510651059 ], [ 110.551455145514552, -6.815181518151809 ], [ 110.551380138013798, -6.815181518151809 ] ], [ [ 110.551830183018296, -6.81525652565257 ], [ 110.551905190519051, -6.815181518151813 ], [ 110.551905190519051, -6.815256525652566 ], [ 110.551830183018296, -6.81525652565257 ] ], [ [ 110.551605160516047, -6.815331533153321 ], [ 110.551680168016802, -6.815256525652566 ], [ 110.551680168016802, -6.815331533153309 ], [ 110.551605160516047, -6.815331533153321 ] ], [ [ 110.544179417941791, -6.82268226822683 ], [ 110.545229522952312, -6.821482148214819 ], [ 110.545004500450048, -6.823132313231316 ], [ 110.544854485448553, -6.822757275727568 ], [ 110.544479447944795, -6.822757275727568 ], [ 110.544479447944795, -6.822682268226829 ], [ 110.544179417941791, -6.82268226822683 ] ], [ [ 110.551605160516047, -6.821707170717075 ], [ 110.551905190519051, -6.821857185718569 ], [ 110.551605160516047, -6.821857185718578 ], [ 110.551605160516047, -6.821707170717075 ] ], [ [ 110.551680168016802, -6.822007200720073 ], [ 110.551830183018296, -6.821932193219315 ], [ 110.551830183018296, -6.822082208220825 ], [ 110.551680168016802, -6.822007200720073 ] ], [ [ 110.551155115511563, -6.822682268226817 ], [ 110.551755175517556, -6.822382238223827 ], [ 110.551005100510054, -6.823057305730568 ], [ 110.551155115511563, -6.822682268226817 ] ], [ [ 110.551305130513057, -6.822382238223823 ], [ 110.551380138013798, -6.822307230723071 ], [ 110.551380138013798, -6.822382238223818 ], [ 110.551305130513057, -6.822382238223823 ] ], [ [ 110.544104410441051, -6.822682268226819 ], [ 110.547329732973296, -6.825307530753072 ], [ 110.548454845484542, -6.824557455745572 ], [ 110.548154815481553, -6.825682568256823 ], [ 110.546504650465053, -6.826507650765078 ], [ 110.544854485448553, -6.82545754575458 ], [ 110.544104410441051, -6.822682268226819 ] ], [ [ 110.549429942994294, -6.823132313231315 ], [ 110.549504950495063, -6.823057305730569 ], [ 110.549504950495063, -6.823132313231322 ], [ 110.549429942994294, -6.823132313231315 ] ], [ [ 110.549729972997298, -6.824782478247825 ], [ 110.550930093009299, -6.823282328232827 ], [ 110.550630063006295, -6.823807380738074 ], [ 110.549729972997298, -6.824782478247825 ] ], [ [ 110.548679867986792, -6.824032403240316 ], [ 110.549354935493554, -6.823882388238824 ], [ 110.548604860486051, -6.82433243324333 ], [ 110.548679867986792, -6.824032403240316 ] ], [ [ 110.548454845484542, -6.824332433243316 ], [ 110.548529852985297, -6.82425742574258 ], [ 110.548529852985297, -6.824332433243317 ], [ 110.548454845484542, -6.824332433243316 ] ], [ [ 110.548529852985297, -6.824482448244821 ], [ 110.548604860486051, -6.824407440744069 ], [ 110.548604860486051, -6.824482448244831 ], [ 110.548529852985297, -6.824482448244821 ] ], [ [ 110.548679867986792, -6.82463246324632 ], [ 110.54905490549055, -6.824482448244817 ], [ 110.54905490549055, -6.824632463246333 ], [ 110.548679867986792, -6.82463246324632 ] ], [ [ 110.552880288028803, -6.824782478247827 ], [ 110.552955295529557, -6.824707470747073 ], [ 110.552955295529557, -6.824782478247831 ], [ 110.552880288028803, -6.824782478247827 ] ], [ [ 110.549579957995803, -6.824857485748578 ], [ 110.549729972997298, -6.824782478247825 ], [ 110.549729972997298, -6.824857485748574 ], [ 110.549579957995803, -6.824857485748578 ] ], [ [ 110.552805280528062, -6.824932493249316 ], [ 110.552880288028803, -6.824857485748582 ], [ 110.552880288028803, -6.824932493249325 ], [ 110.552805280528062, -6.824932493249316 ] ], [ [ 110.552730273027308, -6.825232523252319 ], [ 110.552805280528062, -6.825007500750072 ], [ 110.552805280528062, -6.825232523252332 ], [ 110.552730273027308, -6.825232523252319 ] ], [ [ 110.552505250525073, -6.82568256825683 ], [ 110.552580258025799, -6.825532553255328 ], [ 110.552580258025799, -6.825682568256832 ], [ 110.552505250525073, -6.82568256825683 ] ], [ [ 110.552580258025799, -6.825757575757573 ], [ 110.552730273027308, -6.825532553255323 ], [ 110.552730273027308, -6.825832583258333 ], [ 110.552580258025799, -6.825757575757573 ] ], [ [ 110.540654065406542, -6.826282628262821 ], [ 110.540804080408037, -6.826357635763583 ], [ 110.540654065406542, -6.826432643264332 ], [ 110.540654065406542, -6.826282628262821 ] ], [ [ 110.546579657965793, -6.82740774077407 ], [ 110.546654665466548, -6.827332733273322 ], [ 110.546654665466548, -6.827407740774071 ], [ 110.546579657965793, -6.82740774077407 ] ], [ [ 110.546654665466548, -6.827482748274824 ], [ 110.546729672967302, -6.827407740774081 ], [ 110.546729672967302, -6.827482748274835 ], [ 110.546654665466548, -6.827482748274824 ] ], [ [ 110.546729672967302, -6.827482748274835 ], [ 110.547479747974791, -6.828157815781585 ], [ 110.546579657965793, -6.828907890789083 ], [ 110.546204620462063, -6.830033003300334 ], [ 110.546729672967302, -6.827482748274835 ] ], [ [ 110.548829882988301, -6.827932793279336 ], [ 110.549354935493554, -6.827857785778579 ], [ 110.549354935493554, -6.828157815781585 ], [ 110.548829882988301, -6.827932793279336 ] ], [ [ 110.549429942994294, -6.828157815781583 ], [ 110.549504950495063, -6.82808280828083 ], [ 110.549504950495063, -6.82815781578157 ], [ 110.549429942994294, -6.828157815781583 ] ], [ [ 110.536453645364531, -6.828307830783073 ], [ 110.536528652865286, -6.828232823282329 ], [ 110.536528652865286, -6.828307830783079 ], [ 110.536453645364531, -6.828307830783073 ] ], [ [ 110.546804680468043, -6.828982898289831 ], [ 110.546879687968811, -6.828907890789074 ], [ 110.546879687968811, -6.828982898289821 ], [ 110.546804680468043, -6.828982898289831 ] ], [ [ 110.536753675367535, -6.829132913291323 ], [ 110.53682868286829, -6.828982898289826 ], [ 110.53682868286829, -6.829132913291335 ], [ 110.536753675367535, -6.829132913291323 ] ], [ [ 110.536978697869785, -6.829207920792071 ], [ 110.537128712871294, -6.828982898289827 ], [ 110.537128712871294, -6.829282928292833 ], [ 110.536978697869785, -6.829207920792071 ] ], [ [ 110.546804680468043, -6.829132913291335 ], [ 110.546879687968811, -6.829057905790572 ], [ 110.546879687968811, -6.829132913291328 ], [ 110.546804680468043, -6.829132913291335 ] ], [ [ 110.53682868286829, -6.829282928292828 ], [ 110.53690369036903, -6.829132913291336 ], [ 110.53690369036903, -6.829282928292833 ], [ 110.53682868286829, -6.829282928292828 ] ], [ [ 110.53690369036903, -6.829357935793588 ], [ 110.536978697869785, -6.829282928292824 ], [ 110.536978697869785, -6.82935793579358 ], [ 110.53690369036903, -6.829357935793588 ] ], [ [ 110.536978697869785, -6.829507950795072 ], [ 110.537053705370539, -6.829432943294338 ], [ 110.537053705370539, -6.829507950795088 ], [ 110.536978697869785, -6.829507950795072 ] ], [ [ 110.537203720372034, -6.829882988298822 ], [ 110.537353735373543, -6.829582958295825 ], [ 110.537428742874283, -6.82980798079808 ], [ 110.537203720372034, -6.829882988298822 ] ], [ [ 110.537278727872803, -6.830033003300333 ], [ 110.537353735373543, -6.829882988298835 ], [ 110.537353735373543, -6.830033003300334 ], [ 110.537278727872803, -6.830033003300333 ] ], [ [ 110.537428742874283, -6.829957995799588 ], [ 110.537503750375038, -6.829882988298829 ], [ 110.537503750375038, -6.829957995799577 ], [ 110.537428742874283, -6.829957995799588 ] ], [ [ 110.537353735373543, -6.830108010801073 ], [ 110.537428742874283, -6.830033003300322 ], [ 110.537428742874283, -6.830108010801079 ], [ 110.537353735373543, -6.830108010801073 ] ], [ [ 110.546129612961295, -6.830258025802573 ], [ 110.546204620462063, -6.830183018301828 ], [ 110.546204620462063, -6.830258025802585 ], [ 110.546129612961295, -6.830258025802573 ] ], [ [ 110.546204620462063, -6.830483048304838 ], [ 110.54627962796279, -6.830408040804087 ], [ 110.54627962796279, -6.830483048304825 ], [ 110.546204620462063, -6.830483048304838 ] ], [ [ 110.545529552955301, -6.831083108310835 ], [ 110.546129612961295, -6.830933093309335 ], [ 110.545754575457551, -6.831158115811579 ], [ 110.545679567956796, -6.831608160816083 ], [ 110.545529552955301, -6.831083108310835 ] ], [ [ 110.537578757875792, -6.831158115811584 ], [ 110.53825382538254, -6.831758175817572 ], [ 110.538178817881786, -6.832283228322831 ], [ 110.537578757875792, -6.831158115811584 ] ], [ [ 110.545454545454547, -6.831233123312328 ], [ 110.545529552955301, -6.831158115811579 ], [ 110.545529552955301, -6.831233123312328 ], [ 110.545454545454547, -6.831233123312328 ] ], [ [ 110.550930093009299, -6.83130813081309 ], [ 110.551305130513057, -6.831533153315323 ], [ 110.550855085508545, -6.831608160816078 ], [ 110.550930093009299, -6.83130813081309 ] ], [ [ 110.545379537953792, -6.831308130813073 ], [ 110.545454545454547, -6.831233123312328 ], [ 110.545454545454547, -6.831308130813079 ], [ 110.545379537953792, -6.831308130813073 ] ], [ [ 110.545829582958291, -6.831308130813079 ], [ 110.545904590459045, -6.831233123312333 ], [ 110.545904590459045, -6.831308130813089 ], [ 110.545829582958291, -6.831308130813079 ] ], [ [ 110.545679567956796, -6.83205820582058 ], [ 110.545679567956796, -6.83183318331833 ], [ 110.546729672967302, -6.832058205820579 ], [ 110.546579657965793, -6.832133213321331 ], [ 110.546729672967302, -6.832358235823587 ], [ 110.545679567956796, -6.83205820582058 ] ], [ [ 110.53825382538254, -6.832058205820574 ], [ 110.538328832883295, -6.831983198319836 ], [ 110.538328832883295, -6.832058205820587 ], [ 110.53825382538254, -6.832058205820574 ] ], [ [ 110.538328832883295, -6.832208220822089 ], [ 110.538403840384035, -6.832133213321324 ], [ 110.538403840384035, -6.832208220822083 ], [ 110.538328832883295, -6.832208220822089 ] ], [ [ 110.546729672967302, -6.832208220822075 ], [ 110.546804680468043, -6.832133213321329 ], [ 110.546804680468043, -6.832208220822082 ], [ 110.546729672967302, -6.832208220822075 ] ], [ [ 110.534503450345028, -6.832583258325826 ], [ 110.534878487848786, -6.832658265826578 ], [ 110.534578457845782, -6.832808280828075 ], [ 110.534503450345028, -6.832583258325826 ] ], [ [ 110.547104710471046, -6.832358235823578 ], [ 110.547254725472541, -6.832283228322837 ], [ 110.547254725472541, -6.832358235823587 ], [ 110.547104710471046, -6.832358235823578 ] ], [ [ 110.538778877887793, -6.832658265826589 ], [ 110.538853885388534, -6.832583258325824 ], [ 110.538853885388534, -6.832658265826583 ], [ 110.538778877887793, -6.832658265826589 ] ], [ [ 110.539303930393032, -6.832883288328834 ], [ 110.539978997899794, -6.832808280828076 ], [ 110.540054005400535, -6.833033303330336 ], [ 110.539303930393032, -6.832883288328834 ] ], [ [ 110.538928892889302, -6.832733273327325 ], [ 110.539003900390043, -6.83265826582659 ], [ 110.539003900390043, -6.832733273327332 ], [ 110.538928892889302, -6.832733273327325 ] ], [ [ 110.534503450345028, -6.832883288328828 ], [ 110.534578457845782, -6.832808280828075 ], [ 110.534578457845782, -6.832883288328838 ], [ 110.534503450345028, -6.832883288328828 ] ], [ [ 110.534353435343533, -6.832958295829586 ], [ 110.534428442844288, -6.832883288328833 ], [ 110.534428442844288, -6.832958295829588 ], [ 110.534353435343533, -6.832958295829586 ] ], [ [ 110.530603060306035, -6.833033303330329 ], [ 110.530678067806789, -6.832958295829576 ], [ 110.530678067806789, -6.833033303330326 ], [ 110.530603060306035, -6.833033303330329 ] ], [ [ 110.534278427842779, -6.833033303330332 ], [ 110.534353435343533, -6.832958295829586 ], [ 110.534353435343533, -6.833033303330342 ], [ 110.534278427842779, -6.833033303330332 ] ], [ [ 110.530678067806789, -6.833108310831079 ], [ 110.53075307530753, -6.833033303330336 ], [ 110.53075307530753, -6.833108310831084 ], [ 110.530678067806789, -6.833108310831079 ] ], [ [ 110.533978397839789, -6.833258325832587 ], [ 110.534278427842779, -6.833033303330332 ], [ 110.534203420342038, -6.833408340834086 ], [ 110.533978397839789, -6.833258325832587 ] ], [ [ 110.531203120312028, -6.833933393339325 ], [ 110.531503150315032, -6.833633363336335 ], [ 110.53217821782178, -6.834458445844584 ], [ 110.531203120312028, -6.833933393339325 ] ], [ [ 110.540504050405048, -6.83333333333334 ], [ 110.540729072907297, -6.833108310831088 ], [ 110.540654065406542, -6.833333333333332 ], [ 110.540504050405048, -6.83333333333334 ] ], [ [ 110.532553255325539, -6.834833483348326 ], [ 110.534278427842779, -6.833858385838584 ], [ 110.533003300330051, -6.835133513351343 ], [ 110.533228322832286, -6.835733573357328 ], [ 110.533078307830777, -6.835883588358829 ], [ 110.532553255325539, -6.834833483348326 ] ], [ [ 110.541704170417049, -6.833483348334825 ], [ 110.541779177917789, -6.833408340834085 ], [ 110.541779177917789, -6.833483348334825 ], [ 110.541704170417049, -6.833483348334825 ] ], [ [ 110.541779177917789, -6.833558355835588 ], [ 110.541929192919312, -6.833483348334838 ], [ 110.541929192919312, -6.833633363336335 ], [ 110.541779177917789, -6.833558355835588 ] ], [ [ 110.541704170417049, -6.834083408340835 ], [ 110.542454245424537, -6.834083408340829 ], [ 110.542379237923797, -6.834608460846082 ], [ 110.541704170417049, -6.834083408340835 ] ], [ [ 110.542154215421547, -6.833858385838578 ], [ 110.542304230423042, -6.833783378337825 ], [ 110.542304230423042, -6.833858385838588 ], [ 110.542154215421547, -6.833858385838578 ] ], [ [ 110.52572757275729, -6.834458445844583 ], [ 110.526552655265533, -6.835283528352838 ], [ 110.526402640264024, -6.836408640864079 ], [ 110.524977497749774, -6.835583558355832 ], [ 110.52572757275729, -6.834458445844583 ] ], [ [ 110.532478247824784, -6.834833483348326 ], [ 110.532553255325539, -6.834758475847585 ], [ 110.532553255325539, -6.834833483348326 ], [ 110.532478247824784, -6.834833483348326 ] ], [ [ 110.522502250225017, -6.834908490849092 ], [ 110.524227422742271, -6.835658565856593 ], [ 110.524752475247524, -6.837533753375344 ], [ 110.523327332733274, -6.83640864086408 ], [ 110.521977197719778, -6.836408640864079 ], [ 110.522502250225017, -6.834908490849092 ] ], [ [ 110.52437743774378, -6.835208520852086 ], [ 110.525052505250528, -6.835058505850586 ], [ 110.524977497749774, -6.835508550855078 ], [ 110.52437743774378, -6.835208520852086 ] ], [ [ 110.523552355235523, -6.835358535853584 ], [ 110.523627362736278, -6.835283528352833 ], [ 110.523627362736278, -6.835358535853591 ], [ 110.523552355235523, -6.835358535853584 ] ], [ [ 110.533153315331532, -6.835958595859583 ], [ 110.533228322832286, -6.835883588358837 ], [ 110.533228322832286, -6.835958595859582 ], [ 110.533153315331532, -6.835958595859583 ] ], [ [ 110.533228322832286, -6.836033603360331 ], [ 110.533303330333041, -6.835958595859592 ], [ 110.533303330333041, -6.836033603360332 ], [ 110.533228322832286, -6.836033603360331 ] ], [ [ 110.526627662766273, -6.836333633363337 ], [ 110.527602760276025, -6.836633663366327 ], [ 110.527227722772281, -6.836858685868582 ], [ 110.527752775277534, -6.837158715871579 ], [ 110.527227722772281, -6.837008700870088 ], [ 110.526627662766273, -6.836333633363337 ] ], [ [ 110.524827482748279, -6.836408640864089 ], [ 110.524902490249019, -6.836258625862583 ], [ 110.524977497749774, -6.836408640864084 ], [ 110.524827482748279, -6.836408640864089 ] ], [ [ 110.526552655265533, -6.836633663366329 ], [ 110.526627662766273, -6.836483648364831 ], [ 110.526702670267042, -6.836633663366328 ], [ 110.526552655265533, -6.836633663366329 ] ], [ [ 110.52302730273027, -6.836783678367831 ], [ 110.523102310231025, -6.83663366336633 ], [ 110.523102310231025, -6.836783678367841 ], [ 110.52302730273027, -6.836783678367831 ] ], [ [ 110.534653465346551, -6.836858685868578 ], [ 110.534803480348032, -6.836783678367839 ], [ 110.534803480348032, -6.836858685868579 ], [ 110.534653465346551, -6.836858685868578 ] ], [ [ 110.535328532853285, -6.837308730873088 ], [ 110.535553555355534, -6.837008700870093 ], [ 110.536003600360033, -6.837308730873096 ], [ 110.535328532853285, -6.837308730873088 ] ], [ [ 110.527902790279029, -6.837233723372344 ], [ 110.528202820282033, -6.837158715871579 ], [ 110.528202820282033, -6.837233723372338 ], [ 110.527902790279029, -6.837233723372344 ] ], [ [ 110.528877887788781, -6.837233723372345 ], [ 110.528952895289535, -6.837158715871595 ], [ 110.528952895289535, -6.83723372337234 ], [ 110.528877887788781, -6.837233723372345 ] ], [ [ 110.528952895289535, -6.837308730873088 ], [ 110.52910291029103, -6.837233723372333 ], [ 110.52910291029103, -6.837308730873093 ], [ 110.528952895289535, -6.837308730873088 ] ], [ [ 110.529402940294034, -6.83723372337233 ], [ 110.532478247824784, -6.837608760876081 ], [ 110.532928292829283, -6.838133813381339 ], [ 110.53217821782178, -6.838133813381338 ], [ 110.529402940294034, -6.83723372337233 ] ], [ [ 110.536003600360033, -6.837383738373845 ], [ 110.536078607860787, -6.837308730873083 ], [ 110.536078607860787, -6.837383738373834 ], [ 110.536003600360033, -6.837383738373845 ] ], [ [ 110.527902790279029, -6.837833783378339 ], [ 110.528502850285022, -6.837683768376833 ], [ 110.528652865286531, -6.837833783378334 ], [ 110.527902790279029, -6.837833783378339 ] ], [ [ 110.529552955295529, -6.837983798379836 ], [ 110.529627962796283, -6.837908790879088 ], [ 110.529627962796283, -6.837983798379832 ], [ 110.529552955295529, -6.837983798379836 ] ], [ [ 110.529852985298533, -6.837983798379844 ], [ 110.530078007800782, -6.83790879087909 ], [ 110.530078007800782, -6.83798379837983 ], [ 110.529852985298533, -6.837983798379844 ] ], [ [ 110.533228322832286, -6.838208820882093 ], [ 110.533603360336031, -6.837983798379842 ], [ 110.53375337533754, -6.838133813381343 ], [ 110.533228322832286, -6.838208820882093 ] ], [ [ 110.536378637863791, -6.83843384338434 ], [ 110.536528652865286, -6.838358835883585 ], [ 110.536528652865286, -6.838508850885087 ], [ 110.536378637863791, -6.83843384338434 ] ], [ [ 110.534803480348032, -6.838508850885087 ], [ 110.534878487848786, -6.83843384338434 ], [ 110.534878487848786, -6.838508850885079 ], [ 110.534803480348032, -6.838508850885087 ] ], [ [ 110.53352835283529, -6.838733873387342 ], [ 110.534053405340529, -6.838583858385837 ], [ 110.534053405340529, -6.838733873387335 ], [ 110.53352835283529, -6.838733873387342 ] ], [ [ 110.53690369036903, -6.838808880888091 ], [ 110.537128712871294, -6.838658865886585 ], [ 110.537578757875792, -6.839183918391832 ], [ 110.53690369036903, -6.838808880888091 ] ], [ [ 110.537728772877287, -6.839408940894081 ], [ 110.537878787878782, -6.839333933393339 ], [ 110.537878787878782, -6.839483948394844 ], [ 110.537728772877287, -6.839408940894081 ] ], [ [ 110.538103810381031, -6.839708970897092 ], [ 110.53847884788479, -6.839858985898595 ], [ 110.53847884788479, -6.840009000900097 ], [ 110.538103810381031, -6.839708970897092 ] ], [ [ 110.539303930393032, -6.839558955895586 ], [ 110.539378937893787, -6.839483948394836 ], [ 110.539378937893787, -6.839558955895589 ], [ 110.539303930393032, -6.839558955895586 ] ], [ [ 110.539453945394541, -6.839708970897091 ], [ 110.539528952895296, -6.83963396339634 ], [ 110.539528952895296, -6.839708970897094 ], [ 110.539453945394541, -6.839708970897091 ] ], [ [ 110.539528952895296, -6.839783978397839 ], [ 110.539603960396036, -6.839708970897087 ], [ 110.539603960396036, -6.839783978397843 ], [ 110.539528952895296, -6.839783978397839 ] ], [ [ 110.539603960396036, -6.839858985898587 ], [ 110.539678967896791, -6.839783978397834 ], [ 110.539678967896791, -6.83985898589859 ], [ 110.539603960396036, -6.839858985898587 ] ], [ [ 110.538553855385544, -6.839933993399331 ], [ 110.538703870387039, -6.839858985898588 ], [ 110.538703870387039, -6.840009000900097 ], [ 110.538553855385544, -6.839933993399331 ] ], [ [ 110.539678967896791, -6.839933993399335 ], [ 110.539753975397545, -6.839858985898582 ], [ 110.539753975397545, -6.839933993399342 ], [ 110.539678967896791, -6.839933993399335 ] ], [ [ 110.539753975397545, -6.840009000900087 ], [ 110.539828982898285, -6.839933993399348 ], [ 110.539828982898285, -6.840009000900091 ], [ 110.539753975397545, -6.840009000900087 ] ], [ [ 110.538928892889302, -6.84000900090009 ], [ 110.539303930393032, -6.84023402340234 ], [ 110.539453945394541, -6.840609060906099 ], [ 110.539678967896791, -6.840759075907584 ], [ 110.539678967896791, -6.840984098409847 ], [ 110.538928892889302, -6.84000900090009 ] ], [ [ 110.539828982898285, -6.840084008400837 ], [ 110.53990399039904, -6.840009000900081 ], [ 110.53990399039904, -6.84008400840084 ], [ 110.539828982898285, -6.840084008400837 ] ], [ [ 110.53990399039904, -6.840159015901587 ], [ 110.539978997899794, -6.840084008400848 ], [ 110.539978997899794, -6.840159015901592 ], [ 110.53990399039904, -6.840159015901587 ] ], [ [ 110.539978997899794, -6.840234023402338 ], [ 110.540054005400535, -6.840159015901597 ], [ 110.540054005400535, -6.840234023402339 ], [ 110.539978997899794, -6.840234023402338 ] ], [ [ 110.540054005400535, -6.840309030903087 ], [ 110.540129012901289, -6.840234023402346 ], [ 110.540129012901289, -6.840309030903087 ], [ 110.540054005400535, -6.840309030903087 ] ], [ [ 110.540129012901289, -6.840384038403834 ], [ 110.540204020402044, -6.840309030903089 ], [ 110.540204020402044, -6.840384038403833 ], [ 110.540129012901289, -6.840384038403834 ] ], [ [ 110.540204020402044, -6.840459045904599 ], [ 110.540279027902784, -6.840384038403836 ], [ 110.540279027902784, -6.840459045904596 ], [ 110.540204020402044, -6.840459045904599 ] ], [ [ 110.539603960396036, -6.840684068406842 ], [ 110.539678967896791, -6.840534053405343 ], [ 110.539678967896791, -6.840684068406845 ], [ 110.539603960396036, -6.840684068406842 ] ], [ [ 110.539753975397545, -6.840759075907585 ], [ 110.539828982898285, -6.840684068406839 ], [ 110.539828982898285, -6.840759075907588 ], [ 110.539753975397545, -6.840759075907585 ] ], [ [ 110.539678967896791, -6.841134113411347 ], [ 110.539828982898285, -6.840984098409847 ], [ 110.539828982898285, -6.841134113411349 ], [ 110.539678967896791, -6.841134113411347 ] ], [ [ 110.538553855385544, -6.841734173417334 ], [ 110.538628862886284, -6.841659165916593 ], [ 110.538628862886284, -6.841734173417338 ], [ 110.538553855385544, -6.841734173417334 ] ], [ [ 110.539228922892292, -6.842409240924094 ], [ 110.539078907890783, -6.842034203420337 ], [ 110.539378937893787, -6.842409240924089 ], [ 110.539228922892292, -6.842409240924094 ] ], [ [ 110.528202820282033, -6.844209420942097 ], [ 110.528427842784282, -6.843909390939093 ], [ 110.528427842784282, -6.844284428442845 ], [ 110.528202820282033, -6.844209420942097 ] ], [ [ 110.528877887788781, -6.845784578457842 ], [ 110.529177917791785, -6.84563456345634 ], [ 110.529177917791785, -6.845784578457838 ], [ 110.528877887788781, -6.845784578457842 ] ], [ [ 110.529177917791785, -6.846309630963101 ], [ 110.529402940294034, -6.846234623462349 ], [ 110.529402940294034, -6.846309630963095 ], [ 110.529177917791785, -6.846309630963101 ] ], [ [ 110.52910291029103, -6.846459645964595 ], [ 110.529177917791785, -6.846309630963101 ], [ 110.529177917791785, -6.846459645964603 ], [ 110.52910291029103, -6.846459645964595 ] ], [ [ 110.529327932793279, -6.846759675967596 ], [ 110.529627962796283, -6.846459645964591 ], [ 110.529627962796283, -6.846759675967591 ], [ 110.529327932793279, -6.846759675967596 ] ], [ [ 110.528952895289535, -6.847434743474356 ], [ 110.529702970297024, -6.847134713471343 ], [ 110.52902790279029, -6.848034803480343 ], [ 110.528952895289535, -6.847434743474356 ] ], [ [ 110.52602760276028, -6.848334833483353 ], [ 110.529252925292525, -6.848409840984096 ], [ 110.525502550255027, -6.850360036003593 ], [ 110.52602760276028, -6.848334833483353 ] ], [ [ 110.51687668766877, -6.858160816081612 ], [ 110.517401740174023, -6.858235823582365 ], [ 110.51687668766877, -6.858460846084603 ], [ 110.51687668766877, -6.858160816081612 ] ], [ [ 110.517926792679262, -6.858385838583851 ], [ 110.518451845184529, -6.858235823582365 ], [ 110.517926792679262, -6.858535853585365 ], [ 110.517926792679262, -6.858385838583851 ] ], [ [ 110.517626762676272, -6.85876087608761 ], [ 110.517701770177013, -6.858685868586865 ], [ 110.517701770177013, -6.858760876087602 ], [ 110.517626762676272, -6.85876087608761 ] ], [ [ 110.486348634863489, -6.911791179117918 ], [ 110.486723672367248, -6.911716171617162 ], [ 110.48642364236423, -6.912016201620158 ], [ 110.486348634863489, -6.911791179117918 ] ], [ [ 110.487098709871006, -6.912391239123913 ], [ 110.487323732373241, -6.912241224122417 ], [ 110.487323732373241, -6.912466246624665 ], [ 110.487098709871006, -6.912391239123913 ] ], [ [ 110.485673567356741, -6.914191419141913 ], [ 110.486048604860486, -6.91419141914192 ], [ 110.485973597359731, -6.914566456645654 ], [ 110.485673567356741, -6.914191419141913 ] ], [ [ 110.482823282328226, -6.917041704170415 ], [ 110.483348334833479, -6.917041704170424 ], [ 110.483423342334234, -6.917491749174911 ], [ 110.482823282328226, -6.917041704170415 ] ], [ [ 110.479897989798985, -6.925592559255933 ], [ 110.480573057305733, -6.925892589258917 ], [ 110.480573057305733, -6.926042604260427 ], [ 110.479897989798985, -6.925592559255933 ] ], [ [ 110.459720972097216, -6.933993399339927 ], [ 110.459870987098711, -6.933918391839191 ], [ 110.459870987098711, -6.933993399339927 ], [ 110.459720972097216, -6.933993399339927 ] ], [ [ 110.46009600960096, -6.934893489348942 ], [ 110.461596159615965, -6.934968496849681 ], [ 110.460621062106213, -6.93534353435343 ], [ 110.461596159615965, -6.936543654365438 ], [ 110.459795979597956, -6.938268826882683 ], [ 110.458745874587464, -6.93684368436843 ], [ 110.459870987098711, -6.935268526852692 ], [ 110.459420942094212, -6.936393639363941 ], [ 110.461071107110712, -6.936843684368437 ], [ 110.46009600960096, -6.934893489348942 ] ], [ [ 110.462196219621958, -6.937668766876696 ], [ 110.463471347134714, -6.936993699369934 ], [ 110.463696369636963, -6.937743774377432 ], [ 110.462196219621958, -6.937668766876696 ] ], [ [ 110.464071407140707, -6.937968796879693 ], [ 110.464146414641462, -6.937893789378944 ], [ 110.464146414641462, -6.937968796879692 ], [ 110.464071407140707, -6.937968796879693 ] ], [ [ 110.46174617461746, -6.938193819381936 ], [ 110.461821182118214, -6.938118811881187 ], [ 110.461821182118214, -6.938193819381938 ], [ 110.46174617461746, -6.938193819381936 ] ], [ [ 110.46174617461746, -6.938343834383444 ], [ 110.461821182118214, -6.938268826882691 ], [ 110.461821182118214, -6.938343834383445 ], [ 110.46174617461746, -6.938343834383444 ] ] ] } },
{ "type": "Feature", "properties": { "year": 2045, "layer": "atrisk" }, "geometry": { "type": "Polygon", "coordinates": [ [ [ 110.438643864386435, -6.93946894689469 ], [ 110.437293729372939, -6.940444044404442 ], [ 110.437743774377438, -6.94314431443144 ], [ 110.438643864386435, -6.93946894689469 ] ] ] } },
{ "type": "Feature", "properties": { "year": 2045, "layer": "atrisk" }, "geometry": { "type": "Polygon", "coordinates": [ [ [ 110.399039903990399, -6.947194719471939 ], [ 110.39881488148815, -6.946819681968202 ], [ 110.397089708970896, -6.94816981698169 ], [ 110.399039903990399, -6.947194719471939 ] ] ] } },
{ "type": "Feature", "properties": { "year": 2045, "layer": "atrisk" }, "geometry": { "type": "Polygon", "coordinates": [ [ [ 110.39266426642665, -6.946294629462954 ], [ 110.388988898889892, -6.948394839483953 ], [ 110.388988898889892, -6.948844884488444 ], [ 110.39266426642665, -6.946294629462954 ] ] ] } },
{ "type": "Feature", "properties": { "year": 2045, "layer": "atrisk" }, "geometry": { "type": "Polygon", "coordinates": [ [ [ 110.407890789078905, -6.948244824482443 ], [ 110.407215721572157, -6.948469846984707 ], [ 110.407590759075902, -6.949969996999692 ], [ 110.407890789078905, -6.948244824482443 ] ] ] } },
{ "type": "Feature", "properties": { "year": 2045, "layer": "atrisk" }, "geometry": { "type": "Polygon", "coordinates": [ [ [ 110.419741974197422, -6.947719771977199 ], [ 110.419666966696681, -6.948544854485451 ], [ 110.421467146714676, -6.951620162016197 ], [ 110.424242424242422, -6.95169516951696 ], [ 110.419741974197422, -6.947719771977199 ] ], [ [ 110.420267026702675, -6.949144914491445 ], [ 110.420717071707173, -6.9487698769877 ], [ 110.420717071707173, -6.949219921992206 ], [ 110.420267026702675, -6.949144914491445 ] ], [ [ 110.421992199219929, -6.950195019501955 ], [ 110.422217221722178, -6.950045004500442 ], [ 110.422142214221424, -6.950195019501942 ], [ 110.421992199219929, -6.950195019501955 ] ], [ [ 110.421692169216925, -6.951320132013197 ], [ 110.421917191719174, -6.951020102010197 ], [ 110.42184218421842, -6.951320132013203 ], [ 110.421692169216925, -6.951320132013197 ] ], [ [ 110.422292229222919, -6.951620162016205 ], [ 110.422517251725168, -6.951470147014697 ], [ 110.422517251725168, -6.951545154515454 ], [ 110.422292229222919, -6.951620162016205 ] ] ] } },
{ "type": "Feature", "properties": { "year": 2045, "layer": "atrisk" }, "geometry": { "type": "Polygon", "coordinates": [ [ [ 110.381863186318625, -6.950795079507953 ], [ 110.38193819381938, -6.952895289528955 ], [ 110.382388238823879, -6.954020402040205 ], [ 110.383063306330627, -6.954245424542456 ], [ 110.381863186318625, -6.950795079507953 ] ] ] } },
{ "type": "Feature", "properties": { "year": 2045, "layer": "atrisk" }, "geometry": { "type": "Polygon", "coordinates": [ [ [ 110.435193519351941, -6.940369036903689 ], [ 110.433093309330928, -6.94194419441945 ], [ 110.434368436843684, -6.946294629462945 ], [ 110.431818181818187, -6.942769276927698 ], [ 110.431443144314429, -6.944269426942694 ], [ 110.427767776777671, -6.945994599459945 ], [ 110.425742574257427, -6.941794179417937 ], [ 110.423942394239418, -6.941644164416448 ], [ 110.42349234923492, -6.944119411941189 ], [ 110.426867686768674, -6.950645064506457 ], [ 110.425967596759691, -6.952595259525955 ], [ 110.424542454245426, -6.951770177017708 ], [ 110.424242424242422, -6.952070207020706 ], [ 110.427017701770183, -6.954245424542456 ], [ 110.423567356735674, -6.953570357035701 ], [ 110.424242424242422, -6.955670567056705 ], [ 110.421167116711672, -6.955070507050704 ], [ 110.421617161716171, -6.953945394539446 ], [ 110.420567056705664, -6.953120312031204 ], [ 110.421242124212426, -6.953120312031202 ], [ 110.421092109210917, -6.952520252025209 ], [ 110.420417041704169, -6.952220222022198 ], [ 110.419516951695172, -6.953345334533455 ], [ 110.418691869186929, -6.9520702070207 ], [ 110.418616861686175, -6.948694869486952 ], [ 110.418316831683171, -6.949594959495943 ], [ 110.417491749174914, -6.948844884488445 ], [ 110.418616861686175, -6.948394839483944 ], [ 110.418691869186929, -6.945769576957694 ], [ 110.416966696669661, -6.945694569456939 ], [ 110.416741674167412, -6.946069606960693 ], [ 110.417491749174914, -6.948619861986197 ], [ 110.416141614161418, -6.949144914491447 ], [ 110.417641764176423, -6.950645064506443 ], [ 110.412916291629159, -6.951395139513954 ], [ 110.413591359135907, -6.950570057005705 ], [ 110.413216321632163, -6.950045004500443 ], [ 110.411866186618667, -6.951020102010198 ], [ 110.412616261626169, -6.952220222022207 ], [ 110.408790879087903, -6.953195319531948 ], [ 110.407815781578151, -6.950570057005703 ], [ 110.405640564056412, -6.94719471947195 ], [ 110.402940294029406, -6.946369636963693 ], [ 110.406240624062406, -6.948319831983197 ], [ 110.405265526552654, -6.94884488448845 ], [ 110.404590459045906, -6.951770177017695 ], [ 110.406690669066904, -6.952070207020697 ], [ 110.405265526552654, -6.9523702370237 ], [ 110.400840084008408, -6.951920192019196 ], [ 110.396039603960389, -6.948169816981695 ], [ 110.396564656465642, -6.950195019501953 ], [ 110.395139513951392, -6.950495049504947 ], [ 110.398364836483651, -6.959195919591959 ], [ 110.417641764176423, -6.959645964596466 ], [ 110.42184218421842, -6.958820882088203 ], [ 110.42626762676268, -6.957020702070202 ], [ 110.428742874287423, -6.955445544554451 ], [ 110.422367236723673, -6.957170717071703 ], [ 110.430243024302442, -6.954395439543953 ], [ 110.433243324332452, -6.951395139513948 ], [ 110.432343234323426, -6.950045004500457 ], [ 110.434293429342929, -6.950120012001206 ], [ 110.436393639363942, -6.946744674467441 ], [ 110.437293729372939, -6.94449444944494 ], [ 110.436018601860184, -6.94441944194419 ], [ 110.436918691869181, -6.943819381938193 ], [ 110.435193519351941, -6.940369036903689 ] ], [ [ 110.424767476747675, -6.941869186918683 ], [ 110.42484248424843, -6.94179417941795 ], [ 110.42484248424843, -6.941869186918699 ], [ 110.424767476747675, -6.941869186918683 ] ], [ [ 110.424092409240927, -6.942919291929193 ], [ 110.424167416741668, -6.942844284428443 ], [ 110.424167416741668, -6.942919291929184 ], [ 110.424092409240927, -6.942919291929193 ] ], [ [ 110.423867386738678, -6.943144314431436 ], [ 110.424317431743191, -6.943369336933688 ], [ 110.423867386738678, -6.943744374437436 ], [ 110.423867386738678, -6.943144314431436 ] ], [ [ 110.42491749174917, -6.943369336933698 ], [ 110.425217521752174, -6.943219321932191 ], [ 110.425217521752174, -6.943444344434445 ], [ 110.42491749174917, -6.943369336933698 ] ], [ [ 110.436468646864682, -6.943744374437443 ], [ 110.436618661866191, -6.94366936693669 ], [ 110.436618661866191, -6.943819381938191 ], [ 110.436468646864682, -6.943744374437443 ] ], [ [ 110.431068106810685, -6.945019501950203 ], [ 110.432043204320436, -6.945094509450938 ], [ 110.431068106810685, -6.945244524452449 ], [ 110.431068106810685, -6.945019501950203 ] ], [ [ 110.436168616861693, -6.944944494449442 ], [ 110.436918691869181, -6.944794479447939 ], [ 110.436918691869181, -6.945094509450953 ], [ 110.436168616861693, -6.944944494449442 ] ], [ [ 110.42491749174917, -6.946219621962202 ], [ 110.425517551755178, -6.94531953195319 ], [ 110.425367536753669, -6.946444644464448 ], [ 110.42491749174917, -6.946219621962202 ] ], [ [ 110.436168616861693, -6.945394539453948 ], [ 110.436468646864682, -6.945094509450946 ], [ 110.436468646864682, -6.945244524452452 ], [ 110.436168616861693, -6.945394539453948 ] ], [ [ 110.426042604260431, -6.945469546954698 ], [ 110.426417641764175, -6.945244524452442 ], [ 110.426492649264929, -6.94554455445544 ], [ 110.426042604260431, -6.945469546954698 ] ], [ [ 110.429642964296434, -6.945544554455456 ], [ 110.431068106810685, -6.945694569456947 ], [ 110.429642964296434, -6.945994599459943 ], [ 110.429642964296434, -6.945544554455456 ] ], [ [ 110.436618661866191, -6.945394539453947 ], [ 110.436693669366932, -6.945244524452447 ], [ 110.436693669366932, -6.945394539453944 ], [ 110.436618661866191, -6.945394539453947 ] ], [ [ 110.435793579357934, -6.945769576957704 ], [ 110.435943594359429, -6.945694569456945 ], [ 110.435943594359429, -6.945769576957688 ], [ 110.435793579357934, -6.945769576957704 ] ], [ [ 110.41704170417043, -6.946219621962202 ], [ 110.417566756675669, -6.945994599459937 ], [ 110.417491749174914, -6.946294629462952 ], [ 110.41704170417043, -6.946219621962202 ] ], [ [ 110.430543054305431, -6.945994599459945 ], [ 110.431893189318941, -6.946069606960698 ], [ 110.430468046804677, -6.946519651965191 ], [ 110.430543054305431, -6.945994599459945 ] ], [ [ 110.417716771677163, -6.946369636963693 ], [ 110.418466846684666, -6.946144614461443 ], [ 110.41711671167117, -6.946744674467441 ], [ 110.41711671167117, -6.946369636963699 ], [ 110.417716771677163, -6.946369636963693 ] ], [ [ 110.427992799279934, -6.945994599459945 ], [ 110.429042904290426, -6.947344734473447 ], [ 110.42791779177918, -6.948319831983201 ], [ 110.427467746774681, -6.9480198019802 ], [ 110.427992799279934, -6.945994599459945 ] ], [ [ 110.432568256825704, -6.946894689468954 ], [ 110.432868286828679, -6.946294629462941 ], [ 110.432868286828679, -6.946894689468951 ], [ 110.432568256825704, -6.946894689468954 ] ], [ [ 110.430018001800178, -6.94666966696669 ], [ 110.430318031803182, -6.946444644464444 ], [ 110.430318031803182, -6.94659465946594 ], [ 110.430018001800178, -6.94666966696669 ] ], [ [ 110.435193519351941, -6.947044704470448 ], [ 110.43564356435644, -6.946894689468951 ], [ 110.435568556855685, -6.947119711971191 ], [ 110.435193519351941, -6.947044704470448 ] ], [ [ 110.42656765676567, -6.94719471947194 ], [ 110.426867686768674, -6.946969696969699 ], [ 110.426792679267933, -6.947194719471939 ], [ 110.42656765676567, -6.94719471947194 ] ], [ [ 110.429492949294925, -6.947794779477952 ], [ 110.431743174317432, -6.947869786978692 ], [ 110.429492949294925, -6.948394839483957 ], [ 110.429492949294925, -6.947794779477952 ] ], [ [ 110.418316831683171, -6.947719771977196 ], [ 110.41854185418542, -6.947419741974199 ], [ 110.41854185418542, -6.948019801980196 ], [ 110.418316831683171, -6.947719771977196 ] ], [ [ 110.434293429342929, -6.947269726972691 ], [ 110.434743474347428, -6.947119711971197 ], [ 110.434818481848183, -6.947344734473446 ], [ 110.434293429342929, -6.947269726972691 ] ], [ [ 110.417491749174914, -6.947494749474949 ], [ 110.417716771677163, -6.947344734473442 ], [ 110.417641764176423, -6.947569756975704 ], [ 110.417491749174914, -6.947494749474949 ] ], [ [ 110.434893489348951, -6.947344734473448 ], [ 110.435118511851186, -6.947269726972701 ], [ 110.435118511851186, -6.947344734473452 ], [ 110.434893489348951, -6.947344734473448 ] ], [ [ 110.431818181818187, -6.948244824482442 ], [ 110.432493249324935, -6.948919891989191 ], [ 110.432118211821177, -6.948994899489952 ], [ 110.431818181818187, -6.948244824482442 ] ], [ [ 110.426492649264929, -6.948394839483941 ], [ 110.426792679267933, -6.94801980198019 ], [ 110.427017701770183, -6.947794779477953 ], [ 110.427317731773172, -6.947869786978698 ], [ 110.426492649264929, -6.948394839483941 ] ], [ [ 110.427017701770183, -6.948544854485442 ], [ 110.427242724272432, -6.9481698169817 ], [ 110.427317731773172, -6.948544854485447 ], [ 110.427017701770183, -6.948544854485442 ] ], [ [ 110.428142814281429, -6.948544854485457 ], [ 110.42934293429343, -6.949219921992195 ], [ 110.428142814281429, -6.949369936993705 ], [ 110.428142814281429, -6.948544854485457 ] ], [ [ 110.432568256825704, -6.948469846984694 ], [ 110.432718271827184, -6.948319831983193 ], [ 110.432718271827184, -6.948469846984692 ], [ 110.432568256825704, -6.948469846984694 ] ], [ [ 110.432718271827184, -6.948619861986193 ], [ 110.432793279327939, -6.948469846984698 ], [ 110.432793279327939, -6.948619861986195 ], [ 110.432718271827184, -6.948619861986193 ] ], [ [ 110.431518151815183, -6.949669966996707 ], [ 110.432043204320436, -6.948919891989191 ], [ 110.432343234323426, -6.949744974497442 ], [ 110.431518151815183, -6.949669966996707 ] ], [ [ 110.427542754275422, -6.949069906990703 ], [ 110.42761776177619, -6.948994899489957 ], [ 110.42761776177619, -6.949069906990693 ], [ 110.427542754275422, -6.949069906990703 ] ], [ [ 110.43399339933994, -6.949294929492952 ], [ 110.434293429342929, -6.949069906990704 ], [ 110.434368436843684, -6.949444944494442 ], [ 110.43399339933994, -6.949294929492952 ] ], [ [ 110.427392739273927, -6.949144914491444 ], [ 110.427542754275422, -6.949069906990703 ], [ 110.427542754275422, -6.949144914491442 ], [ 110.427392739273927, -6.949144914491444 ] ], [ [ 110.42761776177619, -6.949894989498943 ], [ 110.428067806780675, -6.949819981998193 ], [ 110.428067806780675, -6.950045004500446 ], [ 110.42761776177619, -6.949894989498943 ] ], [ [ 110.430468046804677, -6.949444944494444 ], [ 110.430618061806186, -6.949369936993697 ], [ 110.430618061806186, -6.949444944494456 ], [ 110.430468046804677, -6.949444944494444 ] ], [ [ 110.427317731773172, -6.949594959495953 ], [ 110.427392739273927, -6.949519951995204 ], [ 110.427392739273927, -6.949594959495953 ], [ 110.427317731773172, -6.949594959495953 ] ], [ [ 110.427392739273927, -6.949669966996704 ], [ 110.427467746774681, -6.949594959495943 ], [ 110.427467746774681, -6.949669966996692 ], [ 110.427392739273927, -6.949669966996704 ] ], [ [ 110.405565556555658, -6.950045004500439 ], [ 110.406165616561651, -6.949669966996701 ], [ 110.4063906390639, -6.950420042004197 ], [ 110.405565556555658, -6.950045004500439 ] ], [ [ 110.431368136813688, -6.949819981998196 ], [ 110.431443144314429, -6.949744974497441 ], [ 110.431443144314429, -6.949819981998193 ], [ 110.431368136813688, -6.949819981998196 ] ], [ [ 110.429117911791181, -6.950570057005703 ], [ 110.431218121812179, -6.950495049504958 ], [ 110.430543054305431, -6.951470147014698 ], [ 110.429117911791181, -6.950570057005703 ] ], [ [ 110.427692769276931, -6.950270027002698 ], [ 110.428367836783679, -6.950195019501956 ], [ 110.428517851785173, -6.950495049504958 ], [ 110.427692769276931, -6.950270027002698 ] ], [ [ 110.417491749174914, -6.950195019501948 ], [ 110.417641764176423, -6.950120012001193 ], [ 110.417641764176423, -6.950270027002702 ], [ 110.417491749174914, -6.950195019501948 ] ], [ [ 110.417941794179413, -6.950345034503443 ], [ 110.418241824182417, -6.950120012001203 ], [ 110.418241824182417, -6.950195019501948 ], [ 110.417941794179413, -6.950345034503443 ] ], [ [ 110.428667866786682, -6.950345034503454 ], [ 110.428967896789672, -6.950420042004197 ], [ 110.428667866786682, -6.950420042004195 ], [ 110.428667866786682, -6.950345034503454 ] ], [ [ 110.431518151815183, -6.950795079507955 ], [ 110.432193219321931, -6.950270027002695 ], [ 110.43241824182418, -6.9507200720072 ], [ 110.431518151815183, -6.950795079507955 ] ], [ [ 110.427392739273927, -6.950270027002695 ], [ 110.428592859285942, -6.951620162016204 ], [ 110.428367836783679, -6.952220222022209 ], [ 110.426867686768674, -6.95124512451245 ], [ 110.427392739273927, -6.950270027002695 ] ], [ [ 110.431893189318941, -6.951245124512457 ], [ 110.432193219321931, -6.951170117011698 ], [ 110.432193219321931, -6.951320132013196 ], [ 110.431893189318941, -6.951245124512457 ] ], [ [ 110.412991299129914, -6.951545154515458 ], [ 110.417416741674174, -6.952070207020703 ], [ 110.414566456645659, -6.952445244524448 ], [ 110.413891389138911, -6.952895289528953 ], [ 110.415616561656165, -6.952820282028208 ], [ 110.416291629162913, -6.954995499549956 ], [ 110.412541254125415, -6.953870387038704 ], [ 110.412991299129914, -6.952745274527454 ], [ 110.412991299129914, -6.951545154515458 ] ], [ [ 110.41239123912392, -6.951545154515443 ], [ 110.41246624662466, -6.951470147014699 ], [ 110.41246624662466, -6.95154515451545 ], [ 110.41239123912392, -6.951545154515443 ] ], [ [ 110.427017701770183, -6.951695169516953 ], [ 110.427092709270923, -6.951620162016194 ], [ 110.427092709270923, -6.951695169516952 ], [ 110.427017701770183, -6.951695169516953 ] ], [ [ 110.39881488148815, -6.952145214521448 ], [ 110.399189918991908, -6.951995199519947 ], [ 110.399114911491154, -6.952295229522948 ], [ 110.39881488148815, -6.952145214521448 ] ], [ [ 110.407590759075902, -6.953345334533454 ], [ 110.407440744074421, -6.951995199519958 ], [ 110.408040804080414, -6.953270327032697 ], [ 110.407590759075902, -6.953345334533454 ] ], [ [ 110.427467746774681, -6.952595259525959 ], [ 110.428067806780675, -6.952295229522951 ], [ 110.427992799279934, -6.9526702670267 ], [ 110.427467746774681, -6.952595259525959 ] ], [ [ 110.430843084308435, -6.951920192019196 ], [ 110.431068106810685, -6.951845184518458 ], [ 110.431068106810685, -6.951920192019202 ], [ 110.430843084308435, -6.951920192019196 ] ], [ [ 110.400540054005418, -6.952220222022207 ], [ 110.400990099009903, -6.952295229522946 ], [ 110.400540054005418, -6.952295229522945 ], [ 110.400540054005418, -6.952220222022207 ] ], [ [ 110.424767476747675, -6.952295229522954 ], [ 110.42484248424843, -6.952145214521451 ], [ 110.42491749174917, -6.952295229522955 ], [ 110.424767476747675, -6.952295229522954 ] ], [ [ 110.417791779177918, -6.952295229522951 ], [ 110.417941794179413, -6.952220222022196 ], [ 110.417941794179413, -6.952370237023699 ], [ 110.417791779177918, -6.952295229522951 ] ], [ [ 110.412316231623166, -6.952595259525954 ], [ 110.412841284128419, -6.952820282028201 ], [ 110.41239123912392, -6.953120312031194 ], [ 110.412316231623166, -6.952595259525954 ] ], [ [ 110.403390339033905, -6.952670267026707 ], [ 110.40496549654965, -6.953420342034201 ], [ 110.403390339033905, -6.953495349534958 ], [ 110.403390339033905, -6.952670267026707 ] ], [ [ 110.426942694269442, -6.953420342034196 ], [ 110.427392739273927, -6.952970297029704 ], [ 110.427842784278425, -6.953045304530452 ], [ 110.426942694269442, -6.953420342034196 ] ], [ [ 110.406765676567659, -6.953045304530449 ], [ 110.407140714071403, -6.952595259525948 ], [ 110.407290729072912, -6.952895289528955 ], [ 110.406765676567659, -6.953045304530449 ] ], [ [ 110.420567056705664, -6.952670267026707 ], [ 110.420717071707173, -6.952520252025207 ], [ 110.420717071707173, -6.952670267026695 ], [ 110.420567056705664, -6.952670267026707 ] ], [ [ 110.418316831683171, -6.953420342034201 ], [ 110.418691869186929, -6.952820282028206 ], [ 110.418841884188424, -6.95334533453345 ], [ 110.418316831683171, -6.953420342034201 ] ], [ [ 110.41434143414341, -6.952820282028201 ], [ 110.414416441644164, -6.952745274527453 ], [ 110.414416441644164, -6.952820282028209 ], [ 110.41434143414341, -6.952820282028201 ] ], [ [ 110.428667866786682, -6.953345334533448 ], [ 110.429717971797174, -6.952895289528943 ], [ 110.429117911791181, -6.953720372037199 ], [ 110.428667866786682, -6.953345334533448 ] ], [ [ 110.421017101710191, -6.952895289528948 ], [ 110.421092109210917, -6.9528202820282 ], [ 110.421092109210917, -6.952895289528946 ], [ 110.421017101710191, -6.952895289528948 ] ], [ [ 110.410516051605157, -6.9531203120312 ], [ 110.41074107410742, -6.952970297029702 ], [ 110.410966096609656, -6.95319531953195 ], [ 110.410516051605157, -6.9531203120312 ] ], [ [ 110.40939093909391, -6.953195319531948 ], [ 110.411341134113414, -6.953570357035709 ], [ 110.414866486648663, -6.956045604560456 ], [ 110.410516051605157, -6.955520552055201 ], [ 110.40939093909391, -6.953195319531948 ] ], [ [ 110.427992799279934, -6.953645364536451 ], [ 110.428367836783679, -6.953570357035696 ], [ 110.427992799279934, -6.953870387038704 ], [ 110.427992799279934, -6.953645364536451 ] ], [ [ 110.407740774077411, -6.953795379537961 ], [ 110.40796579657966, -6.95364536453646 ], [ 110.40796579657966, -6.953795379537955 ], [ 110.407740774077411, -6.953795379537961 ] ], [ [ 110.405565556555658, -6.953795379537945 ], [ 110.405790579057907, -6.953720372037207 ], [ 110.405790579057907, -6.953795379537957 ], [ 110.405565556555658, -6.953795379537945 ] ], [ [ 110.428967896789672, -6.953870387038708 ], [ 110.429042904290426, -6.953795379537951 ], [ 110.429042904290426, -6.953870387038697 ], [ 110.428967896789672, -6.953870387038708 ] ], [ [ 110.402715271527157, -6.954170417041703 ], [ 110.403615361536154, -6.95402040204021 ], [ 110.403615361536154, -6.954170417041704 ], [ 110.402715271527157, -6.954170417041703 ] ], [ [ 110.405490549054903, -6.954320432043207 ], [ 110.405865586558662, -6.954170417041702 ], [ 110.405865586558662, -6.954395439543955 ], [ 110.405490549054903, -6.954320432043207 ] ], [ [ 110.399039903990399, -6.954470447044704 ], [ 110.400090009000905, -6.954320432043209 ], [ 110.39881488148815, -6.95469546954696 ], [ 110.399039903990399, -6.954470447044704 ] ], [ [ 110.40016501650166, -6.954320432043197 ], [ 110.4002400240024, -6.954245424542461 ], [ 110.4002400240024, -6.954320432043196 ], [ 110.40016501650166, -6.954320432043197 ] ], [ [ 110.408340834083404, -6.954770477047705 ], [ 110.409015901590152, -6.954620462046198 ], [ 110.409165916591661, -6.954995499549955 ], [ 110.408340834083404, -6.954770477047705 ] ], [ [ 110.400690069006899, -6.95439543954395 ], [ 110.400990099009903, -6.954320432043202 ], [ 110.400990099009903, -6.954395439543954 ], [ 110.400690069006899, -6.95439543954395 ] ], [ [ 110.404290429042902, -6.954995499549956 ], [ 110.404515451545151, -6.954470447044706 ], [ 110.404515451545151, -6.954995499549962 ], [ 110.404290429042902, -6.954995499549956 ] ], [ [ 110.421017101710191, -6.954395439543962 ], [ 110.421317131713181, -6.954695469546951 ], [ 110.421092109210917, -6.954845484548451 ], [ 110.421017101710191, -6.954395439543962 ] ], [ [ 110.405040504050405, -6.954470447044705 ], [ 110.405190519051899, -6.954545454545458 ], [ 110.405040504050405, -6.954545454545451 ], [ 110.405040504050405, -6.954470447044705 ] ], [ [ 110.41854185418542, -6.954695469546955 ], [ 110.419066906690674, -6.954470447044705 ], [ 110.419066906690674, -6.954545454545455 ], [ 110.41854185418542, -6.954695469546955 ] ], [ [ 110.39986498649867, -6.954770477047702 ], [ 110.400090009000905, -6.95484548454846 ], [ 110.39986498649867, -6.954920492049207 ], [ 110.39986498649867, -6.954770477047702 ] ], [ [ 110.399414941494143, -6.955070507050711 ], [ 110.399714971497147, -6.95484548454846 ], [ 110.399714971497147, -6.954995499549957 ], [ 110.399414941494143, -6.955070507050711 ] ], [ [ 110.401965196519654, -6.954995499549962 ], [ 110.402190219021918, -6.954920492049202 ], [ 110.402190219021918, -6.954995499549962 ], [ 110.401965196519654, -6.954995499549962 ] ], [ [ 110.424692469246921, -6.955070507050703 ], [ 110.42491749174917, -6.954920492049195 ], [ 110.42491749174917, -6.955145514551452 ], [ 110.424692469246921, -6.955070507050703 ] ], [ [ 110.40181518151816, -6.955070507050696 ], [ 110.401965196519654, -6.954995499549962 ], [ 110.401965196519654, -6.9550705070507 ], [ 110.40181518151816, -6.955070507050696 ] ], [ [ 110.414566456645659, -6.955145514551463 ], [ 110.414716471647168, -6.955070507050702 ], [ 110.414716471647168, -6.955145514551448 ], [ 110.414566456645659, -6.955145514551463 ] ], [ [ 110.420342034203429, -6.955145514551456 ], [ 110.420567056705664, -6.955295529552962 ], [ 110.420417041704169, -6.955445544554463 ], [ 110.420342034203429, -6.955145514551456 ] ], [ [ 110.420642064206419, -6.955295529552953 ], [ 110.420717071707173, -6.9552205220522 ], [ 110.420717071707173, -6.955295529552955 ], [ 110.420642064206419, -6.955295529552953 ] ], [ [ 110.400990099009903, -6.955520552055201 ], [ 110.401065106510657, -6.955370537053701 ], [ 110.401065106510657, -6.955520552055197 ], [ 110.400990099009903, -6.955520552055201 ] ], [ [ 110.41546654665467, -6.955520552055214 ], [ 110.415541554155411, -6.955445544554463 ], [ 110.415541554155411, -6.955520552055207 ], [ 110.41546654665467, -6.955520552055214 ] ], [ [ 110.400315031503155, -6.955895589558955 ], [ 110.400990099009903, -6.955520552055201 ], [ 110.401215121512152, -6.955820582058198 ], [ 110.400315031503155, -6.955895589558955 ] ], [ [ 110.399639963996393, -6.955820582058212 ], [ 110.399939993999396, -6.955670567056697 ], [ 110.39986498649867, -6.95604560456045 ], [ 110.399639963996393, -6.955820582058212 ] ], [ [ 110.407740774077411, -6.955670567056706 ], [ 110.407890789078905, -6.955595559555954 ], [ 110.407890789078905, -6.955745574557458 ], [ 110.407740774077411, -6.955670567056706 ] ], [ [ 110.409240924092416, -6.955820582058199 ], [ 110.409465946594679, -6.955595559555957 ], [ 110.409540954095405, -6.955820582058208 ], [ 110.409240924092416, -6.955820582058199 ] ], [ [ 110.41546654665467, -6.955820582058211 ], [ 110.415841584158414, -6.95574557455746 ], [ 110.415916591659169, -6.955970597059713 ], [ 110.41546654665467, -6.955820582058211 ] ], [ [ 110.42491749174917, -6.955970597059701 ], [ 110.425067506750679, -6.955820582058214 ], [ 110.425067506750679, -6.956045604560462 ], [ 110.42491749174917, -6.955970597059701 ] ], [ [ 110.422367236723673, -6.956045604560464 ], [ 110.422442244224428, -6.955895589558952 ], [ 110.422442244224428, -6.956045604560451 ], [ 110.422367236723673, -6.956045604560464 ] ], [ [ 110.399939993999396, -6.95604560456045 ], [ 110.400015001500151, -6.955970597059709 ], [ 110.400015001500151, -6.956045604560464 ], [ 110.399939993999396, -6.95604560456045 ] ], [ [ 110.41569156915692, -6.956345634563458 ], [ 110.416891689168921, -6.956420642064204 ], [ 110.416966696669661, -6.95657065706571 ], [ 110.415616561656165, -6.956795679567957 ], [ 110.41569156915692, -6.956345634563458 ] ], [ [ 110.410216021602167, -6.956495649564955 ], [ 110.410291029102908, -6.956120612061207 ], [ 110.410291029102908, -6.956495649564957 ], [ 110.410216021602167, -6.956495649564955 ] ], [ [ 110.41539153915393, -6.956345634563456 ], [ 110.41546654665467, -6.956270627062702 ], [ 110.41546654665467, -6.956345634563458 ], [ 110.41539153915393, -6.956345634563456 ] ], [ [ 110.419216921692168, -6.956495649564949 ], [ 110.419291929192923, -6.956420642064204 ], [ 110.419291929192923, -6.956495649564956 ], [ 110.419216921692168, -6.956495649564949 ] ], [ [ 110.421092109210917, -6.956495649564956 ], [ 110.421242124212426, -6.956420642064201 ], [ 110.421242124212426, -6.956495649564959 ], [ 110.421092109210917, -6.956495649564956 ] ], [ [ 110.421392139213921, -6.956645664566464 ], [ 110.421692169216925, -6.956420642064201 ], [ 110.421767176717665, -6.956570657065709 ], [ 110.421392139213921, -6.956645664566464 ] ], [ [ 110.418916891689165, -6.956945694569455 ], [ 110.42019201920192, -6.957020702070209 ], [ 110.419366936693663, -6.958520852085218 ], [ 110.418916891689165, -6.956945694569455 ] ], [ [ 110.417866786678672, -6.956720672067211 ], [ 110.418016801680182, -6.956570657065705 ], [ 110.418091809180922, -6.956720672067211 ], [ 110.417866786678672, -6.956720672067211 ] ], [ [ 110.408790879087903, -6.957020702070198 ], [ 110.408940894089412, -6.956795679567954 ], [ 110.408940894089412, -6.957020702070203 ], [ 110.408790879087903, -6.957020702070198 ] ], [ [ 110.420642064206419, -6.957170717071713 ], [ 110.421392139213921, -6.957020702070201 ], [ 110.421692169216925, -6.957245724572455 ], [ 110.420642064206419, -6.957170717071713 ] ], [ [ 110.41711671167117, -6.95754575457546 ], [ 110.417791779177918, -6.957170717071707 ], [ 110.417641764176423, -6.957620762076203 ], [ 110.41711671167117, -6.95754575457546 ] ], [ [ 110.425142514251419, -6.957170717071716 ], [ 110.425217521752174, -6.957095709570949 ], [ 110.425217521752174, -6.957170717071713 ], [ 110.425142514251419, -6.957170717071716 ] ], [ [ 110.42491749174917, -6.957320732073211 ], [ 110.425067506750679, -6.95717071707171 ], [ 110.424992499249925, -6.957320732073206 ], [ 110.42491749174917, -6.957320732073211 ] ], [ [ 110.416891689168921, -6.957395739573962 ], [ 110.416966696669661, -6.957320732073205 ], [ 110.416966696669661, -6.957395739573953 ], [ 110.416891689168921, -6.957395739573962 ] ], [ [ 110.410891089108915, -6.958145814581455 ], [ 110.411116111611179, -6.957470747074703 ], [ 110.411191119111905, -6.95822082208221 ], [ 110.410891089108915, -6.958145814581455 ] ], [ [ 110.422742274227417, -6.95754575457546 ], [ 110.422967296729681, -6.957470747074709 ], [ 110.423042304230421, -6.957620762076205 ], [ 110.422742274227417, -6.95754575457546 ] ], [ [ 110.415616561656165, -6.958295829582955 ], [ 110.416366636663682, -6.957920792079214 ], [ 110.416216621662173, -6.958370837083712 ], [ 110.415616561656165, -6.958295829582955 ] ], [ [ 110.400840084008408, -6.958370837083702 ], [ 110.400915091509148, -6.957845784578453 ], [ 110.401440144014401, -6.95814581458146 ], [ 110.400840084008408, -6.958370837083702 ] ], [ [ 110.408865886588657, -6.957995799579963 ], [ 110.409015901590152, -6.957920792079204 ], [ 110.409015901590152, -6.957995799579961 ], [ 110.408865886588657, -6.957995799579963 ] ], [ [ 110.423117311731176, -6.958220822082214 ], [ 110.42326732673267, -6.957995799579959 ], [ 110.42326732673267, -6.958220822082202 ], [ 110.423117311731176, -6.958220822082214 ] ], [ [ 110.416666666666671, -6.958970897089714 ], [ 110.416741674167412, -6.958820882088212 ], [ 110.416741674167412, -6.95897089708971 ], [ 110.416666666666671, -6.958970897089714 ] ], [ [ 110.415916591659169, -6.959045904590464 ], [ 110.416066606660664, -6.958970897089708 ], [ 110.416066606660664, -6.959045904590452 ], [ 110.415916591659169, -6.959045904590464 ] ], [ [ 110.41854185418542, -6.959045904590452 ], [ 110.418616861686175, -6.958970897089702 ], [ 110.418616861686175, -6.959045904590464 ], [ 110.41854185418542, -6.959045904590452 ] ] ] } },
{ "type": "Feature", "properties": { "year": 2045, "layer": "atrisk" }, "geometry": { "type": "Polygon", "coordinates": [ [ [ 110.319456945694569, -6.938268826882693 ], [ 110.312406240624057, -6.943744374437443 ], [ 110.314881488148814, -6.948919891989195 ], [ 110.316381638163818, -6.951020102010196 ], [ 110.318181818181813, -6.952970297029702 ], [ 110.319381938193814, -6.950870087008705 ], [ 110.318556855685571, -6.953195319531948 ], [ 110.319081908190824, -6.953795379537956 ], [ 110.327557755775572, -6.958595859585952 ], [ 110.333558355835578, -6.95972097209721 ], [ 110.359135913591359, -6.959720972097215 ], [ 110.359135913591359, -6.9588208820882 ], [ 110.359285928592854, -6.958595859585965 ], [ 110.359660966096612, -6.959720972097211 ], [ 110.359885988598876, -6.954845484548454 ], [ 110.362511251125113, -6.954770477047705 ], [ 110.360111011101111, -6.955295529552959 ], [ 110.359885988598876, -6.9597209720972 ], [ 110.392514251425141, -6.959420942094205 ], [ 110.392364236423646, -6.958445844584451 ], [ 110.383738373837389, -6.958445844584462 ], [ 110.383663366336648, -6.955595559555958 ], [ 110.382013201320149, -6.954620462046197 ], [ 110.363036303630366, -6.9543204320432 ], [ 110.349309930993115, -6.952220222022198 ], [ 110.344884488448841, -6.949144914491447 ], [ 110.327632763276327, -6.942844284428435 ], [ 110.319456945694569, -6.938268826882693 ] ], [ [ 110.322532253225319, -6.942244224422435 ], [ 110.322607260726073, -6.942169216921697 ], [ 110.322607260726073, -6.942244224422448 ], [ 110.322532253225319, -6.942244224422435 ] ], [ [ 110.323207320732081, -6.946294629462938 ], [ 110.324932493249321, -6.946444644464449 ], [ 110.323957395739569, -6.947419741974192 ], [ 110.323207320732081, -6.946294629462938 ] ], [ [ 110.322532253225319, -6.946444644464449 ], [ 110.322982298229817, -6.946219621962191 ], [ 110.323057305730572, -6.946369636963699 ], [ 110.322532253225319, -6.946444644464449 ] ], [ [ 110.315856585658565, -6.950120012001199 ], [ 110.31593159315932, -6.950045004500451 ], [ 110.31593159315932, -6.950120012001189 ], [ 110.315856585658565, -6.950120012001199 ] ], [ [ 110.31600660066006, -6.950345034503455 ], [ 110.316231623162309, -6.950120012001196 ], [ 110.316306630663064, -6.950345034503447 ], [ 110.31600660066006, -6.950345034503455 ] ], [ [ 110.319831983198313, -6.951095109510943 ], [ 110.319906990699081, -6.951020102010204 ], [ 110.319906990699081, -6.951095109510955 ], [ 110.319831983198313, -6.951095109510943 ] ], [ [ 110.319456945694569, -6.951320132013194 ], [ 110.319831983198313, -6.9511701170117 ], [ 110.319456945694569, -6.951470147014703 ], [ 110.319456945694569, -6.951320132013194 ] ], [ [ 110.319381938193814, -6.951545154515459 ], [ 110.319456945694569, -6.951470147014703 ], [ 110.319456945694569, -6.951545154515453 ], [ 110.319381938193814, -6.951545154515459 ] ], [ [ 110.319231923192319, -6.951620162016206 ], [ 110.319306930693074, -6.951545154515448 ], [ 110.319306930693074, -6.951620162016194 ], [ 110.319231923192319, -6.951620162016206 ] ], [ [ 110.319231923192319, -6.951845184518442 ], [ 110.319306930693074, -6.951770177017695 ], [ 110.319306930693074, -6.951845184518449 ], [ 110.319231923192319, -6.951845184518442 ] ], [ [ 110.355685568556851, -6.954620462046208 ], [ 110.359435943594363, -6.954470447044697 ], [ 110.359360936093609, -6.956945694569455 ], [ 110.359060906090605, -6.95469546954696 ], [ 110.355685568556851, -6.954620462046208 ] ], [ [ 110.363861386138609, -6.954995499549962 ], [ 110.377437743774379, -6.955520552055209 ], [ 110.371512151215128, -6.955445544554453 ], [ 110.369936993699369, -6.9564206420642 ], [ 110.370837083708366, -6.955445544554462 ], [ 110.36948694869487, -6.955220522052202 ], [ 110.367611761176121, -6.956495649564953 ], [ 110.365661566156618, -6.955445544554463 ], [ 110.365361536153614, -6.95657065706571 ], [ 110.363861386138609, -6.954995499549962 ] ], [ [ 110.373612361236127, -6.95559555955596 ], [ 110.373687368736867, -6.955520552055207 ], [ 110.373687368736867, -6.955595559555963 ], [ 110.373612361236127, -6.95559555955596 ] ], [ [ 110.373837383738376, -6.955595559555962 ], [ 110.373912391239131, -6.955520552055209 ], [ 110.373912391239131, -6.95559555955596 ], [ 110.373837383738376, -6.955595559555962 ] ], [ [ 110.365811581158127, -6.95627062706271 ], [ 110.365961596159622, -6.956195619561959 ], [ 110.365961596159622, -6.956270627062709 ], [ 110.365811581158127, -6.95627062706271 ] ], [ [ 110.366786678667864, -6.957620762076209 ], [ 110.36806180618062, -6.956795679567964 ], [ 110.367836783678385, -6.957770777077712 ], [ 110.366786678667864, -6.957620762076209 ] ], [ [ 110.362061206120615, -6.957095709570957 ], [ 110.362736273627362, -6.957245724572453 ], [ 110.361911191119106, -6.957470747074713 ], [ 110.362061206120615, -6.957095709570957 ] ], [ [ 110.367986798679866, -6.957620762076203 ], [ 110.368136813681375, -6.957095709570963 ], [ 110.368136813681375, -6.957695769576953 ], [ 110.367986798679866, -6.957620762076203 ] ], [ [ 110.361386138613867, -6.957395739573951 ], [ 110.361686168616856, -6.957245724572451 ], [ 110.361686168616856, -6.957470747074716 ], [ 110.361386138613867, -6.957395739573951 ] ], [ [ 110.359210921092114, -6.958295829582966 ], [ 110.359285928592854, -6.957995799579958 ], [ 110.359285928592854, -6.958295829582955 ], [ 110.359210921092114, -6.958295829582966 ] ], [ [ 110.390039003900384, -6.959270927092712 ], [ 110.390189018901893, -6.959120912091207 ], [ 110.390264026402647, -6.959345934593466 ], [ 110.390039003900384, -6.959270927092712 ] ], [ [ 110.390414041404142, -6.959195919591956 ], [ 110.390489048904897, -6.959120912091205 ], [ 110.390489048904897, -6.95919591959196 ], [ 110.390414041404142, -6.959195919591956 ] ] ] } },
{ "type": "Feature", "properties": { "year": 2045, "layer": "atrisk" }, "geometry": { "type": "Polygon", "coordinates": [ [ [ 110.395064506450652, -6.957245724572457 ], [ 110.394539453945399, -6.959720972097211 ], [ 110.395889588958909, -6.959720972097205 ], [ 110.39581458145814, -6.95784578457846 ], [ 110.395064506450652, -6.957245724572457 ] ] ] } }
]
}
