{
"type": "FeatureCollection",
"name": "atrisk_2049",
"crs": { "type": "name", "properties": { "name": "urn:ogc:def:crs:OGC:1.3:CRS84" } },
"features": [
{ "type": "Feature", "properties": { "year": 2049, "layer": "atrisk" }, "geometry": { "type": "Polygon", "coordinates": [ [ [ 110.53990399039904, -6.750675067506744 ], [ 110.539603960396036, -6.751275127512747 ], [ 110.540354035403539, -6.751575157515749 ], [ 110.53990399039904, -6.750675067506744 ] ] ] } },
{ "type": "Feature", "properties": { "year": 2049, "layer": "atrisk" }, "geometry": { "type": "Polygon", "coordinates": [ [ [ 110.584083408340831, -6.751125112511255 ], [ 110.58280828082809, -6.751050105010501 ], [ 110.58280828082809, -6.752100210021005 ], [ 110.584083408340831, -6.751125112511255 ] ] ] } },
{ "type": "Feature", "properties": { "year": 2049, "layer": "atrisk" }, "geometry": { "type": "Polygon", "coordinates": [ [ [ 110.584383438343835, -6.75202520252025 ], [ 110.583558355835578, -6.752850285028503 ], [ 110.583483348334838, -6.753825382538253 ], [ 110.58453345334533, -6.753525352535251 ], [ 110.584383438343835, -6.75202520252025 ] ] ] } },
{ "type": "Feature", "properties": { "year": 2049, "layer": "atrisk" }, "geometry": { "type": "Polygon", "coordinates": [ [ [ 110.58145814581458, -6.752475247524755 ], [ 110.577857785778576, -6.753000300030006 ], [ 110.577782778277822, -6.753900390038999 ], [ 110.581158115811576, -6.753900390039009 ], [ 110.58145814581458, -6.752475247524755 ] ] ] } },
{ "type": "Feature", "properties": { "year": 2049, "layer": "atrisk" }, "geometry": { "type": "Polygon", "coordinates": [ [ [ 110.583033303330339, -6.753450345034508 ], [ 110.581683168316829, -6.752400240024009 ], [ 110.582133213321328, -6.754350435043496 ], [ 110.583033303330339, -6.753450345034508 ] ] ] } },
{ "type": "Feature", "properties": { "year": 2049, "layer": "atrisk" }, "geometry": { "type": "Polygon", "coordinates": [ [ [ 110.568856885688575, -6.753150315031509 ], [ 110.567881788178823, -6.754650465046496 ], [ 110.569456945694569, -6.754950495049507 ], [ 110.569831983198327, -6.754125412541258 ], [ 110.568856885688575, -6.753150315031509 ] ], [ [ 110.569306930693074, -6.754800480047998 ], [ 110.569381938193814, -6.754725472547261 ], [ 110.569381938193814, -6.754800480048001 ], [ 110.569306930693074, -6.754800480047998 ] ] ] } },
{ "type": "Feature", "properties": { "year": 2049, "layer": "atrisk" }, "geometry": { "type": "Polygon", "coordinates": [ [ [ 110.572607260726073, -6.752625262526249 ], [ 110.570657065706584, -6.753225322532255 ], [ 110.570657065706584, -6.756150615061508 ], [ 110.572532253225319, -6.755550555055508 ], [ 110.573207320732067, -6.753225322532257 ], [ 110.573057305730572, -6.752925292529248 ], [ 110.572607260726073, -6.752625262526249 ] ], [ [ 110.572607260726073, -6.752775277527748 ], [ 110.572682268226828, -6.752700270027004 ], [ 110.572682268226828, -6.75277527752775 ], [ 110.572607260726073, -6.752775277527748 ] ], [ [ 110.572307230723084, -6.753225322532244 ], [ 110.572382238223824, -6.753075307530758 ], [ 110.572382238223824, -6.753225322532248 ], [ 110.572307230723084, -6.753225322532244 ] ], [ [ 110.572907290729077, -6.753225322532251 ], [ 110.572982298229817, -6.753150315031511 ], [ 110.572982298229817, -6.753225322532248 ], [ 110.572907290729077, -6.753225322532251 ] ], [ [ 110.571782178217816, -6.753600360035994 ], [ 110.571857185718571, -6.7534503450345 ], [ 110.571857185718571, -6.753600360036001 ], [ 110.571782178217816, -6.753600360035994 ] ], [ [ 110.572307230723084, -6.753750375037503 ], [ 110.572682268226828, -6.753675367536751 ], [ 110.572607260726073, -6.753825382538259 ], [ 110.572307230723084, -6.753750375037503 ] ], [ [ 110.572457245724578, -6.754050405040511 ], [ 110.572532253225319, -6.753900390039002 ], [ 110.572532253225319, -6.754050405040512 ], [ 110.572457245724578, -6.754050405040511 ] ], [ [ 110.571707170717076, -6.754200420041998 ], [ 110.571782178217816, -6.754125412541256 ], [ 110.571782178217816, -6.754200420042011 ], [ 110.571707170717076, -6.754200420041998 ] ], [ [ 110.571407140714072, -6.754275427542744 ], [ 110.571482148214827, -6.754200420042001 ], [ 110.571482148214827, -6.754275427542752 ], [ 110.571407140714072, -6.754275427542744 ] ], [ [ 110.571782178217816, -6.754275427542756 ], [ 110.571857185718571, -6.754200420042002 ], [ 110.571857185718571, -6.754275427542758 ], [ 110.571782178217816, -6.754275427542756 ] ], [ [ 110.571332133213318, -6.754350435043502 ], [ 110.571407140714072, -6.754275427542744 ], [ 110.571407140714072, -6.754350435043508 ], [ 110.571332133213318, -6.754350435043502 ] ], [ [ 110.571707170717076, -6.754350435043508 ], [ 110.571782178217816, -6.754275427542756 ], [ 110.571782178217816, -6.754350435043508 ], [ 110.571707170717076, -6.754350435043508 ] ], [ [ 110.571407140714072, -6.754650465046497 ], [ 110.571632163216336, -6.754425442544254 ], [ 110.571707170717076, -6.754575457545753 ], [ 110.571407140714072, -6.754650465046497 ] ], [ [ 110.572532253225319, -6.754575457545758 ], [ 110.572607260726073, -6.754500450045004 ], [ 110.572607260726073, -6.754575457545752 ], [ 110.572532253225319, -6.754575457545758 ] ], [ [ 110.572532253225319, -6.754725472547255 ], [ 110.572607260726073, -6.754650465046507 ], [ 110.572607260726073, -6.754725472547252 ], [ 110.572532253225319, -6.754725472547255 ] ], [ [ 110.571932193219325, -6.754800480048008 ], [ 110.572007200720066, -6.754725472547248 ], [ 110.572007200720066, -6.754800480048004 ], [ 110.571932193219325, -6.754800480048008 ] ], [ [ 110.571482148214827, -6.75532553255325 ], [ 110.571782178217816, -6.755100510050997 ], [ 110.571782178217816, -6.755400540054008 ], [ 110.571482148214827, -6.75532553255325 ] ], [ [ 110.572007200720066, -6.755175517551758 ], [ 110.57208220822082, -6.755025502550257 ], [ 110.57208220822082, -6.755175517551752 ], [ 110.572007200720066, -6.755175517551758 ] ], [ [ 110.571182118211823, -6.75570057005701 ], [ 110.571257125712577, -6.755325532553255 ], [ 110.571257125712577, -6.755700570056999 ], [ 110.571182118211823, -6.75570057005701 ] ] ] } },
{ "type": "Feature", "properties": { "year": 2049, "layer": "atrisk" }, "geometry": { "type": "Polygon", "coordinates": [ [ [ 110.541104110411041, -6.75 ], [ 110.545904590459045, -6.756000600060001 ], [ 110.547479747974791, -6.75577557755776 ], [ 110.543429342934289, -6.75 ], [ 110.541104110411041, -6.75 ] ] ] } },
{ "type": "Feature", "properties": { "year": 2049, "layer": "atrisk" }, "geometry": { "type": "Polygon", "coordinates": [ [ [ 110.580858085808586, -6.754875487548746 ], [ 110.580333033303333, -6.756225622562252 ], [ 110.581083108310835, -6.756375637563764 ], [ 110.581233123312344, -6.754950495049511 ], [ 110.580858085808586, -6.754875487548746 ] ], [ [ 110.580933093309326, -6.755475547554753 ], [ 110.581008100810081, -6.755250525052511 ], [ 110.581008100810081, -6.755475547554759 ], [ 110.580933093309326, -6.755475547554753 ] ], [ [ 110.580858085808586, -6.755850585058505 ], [ 110.580933093309326, -6.755550555055499 ], [ 110.580933093309326, -6.755850585058512 ], [ 110.580858085808586, -6.755850585058505 ] ], [ [ 110.580783078307832, -6.755925592559263 ], [ 110.580858085808586, -6.755850585058505 ], [ 110.580858085808586, -6.755925592559256 ], [ 110.580783078307832, -6.755925592559263 ] ] ] } },
{ "type": "Feature", "properties": { "year": 2049, "layer": "atrisk" }, "geometry": { "type": "Polygon", "coordinates": [ [ [ 110.549279927992799, -6.755775577557748 ], [ 110.548754875487546, -6.756450645064505 ], [ 110.549429942994294, -6.756675667566756 ], [ 110.549279927992799, -6.755775577557748 ] ] ] } },
{ "type": "Feature", "properties": { "year": 2049, "layer": "atrisk" }, "geometry": { "type": "Polygon", "coordinates": [ [ [ 110.571407140714072, -6.756450645064513 ], [ 110.569906990699067, -6.757425742574256 ], [ 110.570057005700576, -6.758850885088514 ], [ 110.571482148214827, -6.757725772577258 ], [ 110.571407140714072, -6.756450645064513 ] ], [ [ 110.570657065706584, -6.757725772577258 ], [ 110.570732073207324, -6.757650765076505 ], [ 110.570732073207324, -6.757725772577265 ], [ 110.570657065706584, -6.757725772577258 ] ] ] } },
{ "type": "Feature", "properties": { "year": 2049, "layer": "atrisk" }, "geometry": { "type": "Polygon", "coordinates": [ [ [ 110.547329732973296, -6.758925892589266 ], [ 110.546354635463544, -6.759975997599765 ], [ 110.546879687968811, -6.760201020102007 ], [ 110.547329732973296, -6.758925892589266 ] ] ] } },
{ "type": "Feature", "properties": { "year": 2049, "layer": "atrisk" }, "geometry": { "type": "Polygon", "coordinates": [ [ [ 110.566606660666068, -6.759225922592256 ], [ 110.565481548154821, -6.760051005100506 ], [ 110.566231623162309, -6.761701170117004 ], [ 110.567281728172816, -6.760276027602765 ], [ 110.566606660666068, -6.759225922592256 ] ] ] } },
{ "type": "Feature", "properties": { "year": 2049, "layer": "atrisk" }, "geometry": { "type": "Polygon", "coordinates": [ [ [ 110.554530453045302, -6.760876087608767 ], [ 110.554830483048306, -6.762376237623768 ], [ 110.556255625562557, -6.761926192619257 ], [ 110.555955595559553, -6.761101110111017 ], [ 110.554530453045302, -6.760876087608767 ] ], [ [ 110.55520552055205, -6.762151215121514 ], [ 110.555730573057303, -6.761776177617768 ], [ 110.555880588058812, -6.761926192619257 ], [ 110.55520552055205, -6.762151215121514 ] ] ] } },
{ "type": "Feature", "properties": { "year": 2049, "layer": "atrisk" }, "geometry": { "type": "Polygon", "coordinates": [ [ [ 110.583483348334838, -6.754275427542747 ], [ 110.582508250825086, -6.759000900090015 ], [ 110.581608160816089, -6.757500750075006 ], [ 110.577557755775587, -6.756750675067511 ], [ 110.575607560756069, -6.75720072007201 ], [ 110.575232523252325, -6.755550555055506 ], [ 110.574632463246346, -6.755400540054006 ], [ 110.572607260726073, -6.755925592559252 ], [ 110.57208220822082, -6.75660066006601 ], [ 110.57508250825083, -6.757500750075 ], [ 110.574032403240324, -6.7600510051005 ], [ 110.577707770777081, -6.759150915091514 ], [ 110.583333333333329, -6.761101110111017 ], [ 110.583633363336332, -6.763726372637266 ], [ 110.583483348334838, -6.754275427542747 ] ], [ [ 110.574782478247826, -6.75570057005701 ], [ 110.574857485748581, -6.755625562556253 ], [ 110.574857485748581, -6.755700570057007 ], [ 110.574782478247826, -6.75570057005701 ] ], [ [ 110.574782478247826, -6.756450645064508 ], [ 110.574857485748581, -6.756225622562255 ], [ 110.574857485748581, -6.756450645064512 ], [ 110.574782478247826, -6.756450645064508 ] ], [ [ 110.574707470747072, -6.756750675067502 ], [ 110.574782478247826, -6.756675667566761 ], [ 110.574782478247826, -6.756750675067502 ], [ 110.574707470747072, -6.756750675067502 ] ], [ [ 110.575007500750075, -6.756825682568251 ], [ 110.57515751575157, -6.75675067506751 ], [ 110.57515751575157, -6.756825682568252 ], [ 110.575007500750075, -6.756825682568251 ] ], [ [ 110.574782478247826, -6.756900690069005 ], [ 110.574932493249335, -6.756825682568254 ], [ 110.574932493249335, -6.756900690069003 ], [ 110.574782478247826, -6.756900690069005 ] ], [ [ 110.574932493249335, -6.756975697569759 ], [ 110.575007500750075, -6.756900690069005 ], [ 110.575007500750075, -6.75697569756975 ], [ 110.574932493249335, -6.756975697569759 ] ], [ [ 110.57515751575157, -6.757125712571251 ], [ 110.575232523252325, -6.756900690069009 ], [ 110.575232523252325, -6.757125712571259 ], [ 110.57515751575157, -6.757125712571251 ] ], [ [ 110.57673267326733, -6.757125712571254 ], [ 110.57680768076807, -6.757050705070503 ], [ 110.57680768076807, -6.757125712571251 ], [ 110.57673267326733, -6.757125712571254 ] ], [ [ 110.577707770777081, -6.757350735073511 ], [ 110.577782778277822, -6.757275727572757 ], [ 110.577782778277822, -6.757350735073511 ], [ 110.577707770777081, -6.757350735073511 ] ], [ [ 110.579132913291332, -6.757725772577255 ], [ 110.579207920792086, -6.757650765076504 ], [ 110.579207920792086, -6.757725772577265 ], [ 110.579132913291332, -6.757725772577255 ] ] ] } },
{ "type": "Feature", "properties": { "year": 2049, "layer": "atrisk" }, "geometry": { "type": "Polygon", "coordinates": [ [ [ 110.568931893189315, -6.76402640264026 ], [ 110.568856885688575, -6.763051305130509 ], [ 110.566381638163818, -6.763501350135004 ], [ 110.568931893189315, -6.76402640264026 ] ] ] } },
{ "type": "Feature", "properties": { "year": 2049, "layer": "atrisk" }, "geometry": { "type": "Polygon", "coordinates": [ [ [ 110.583333333333329, -6.765526552655271 ], [ 110.58280828082809, -6.767551755175512 ], [ 110.583408340834083, -6.767776777677764 ], [ 110.58430843084308, -6.767701770177024 ], [ 110.583333333333329, -6.765526552655271 ] ], [ [ 110.583333333333329, -6.766126612661263 ], [ 110.583408340834083, -6.766051605160517 ], [ 110.583408340834083, -6.766126612661272 ], [ 110.583333333333329, -6.766126612661263 ] ], [ [ 110.583333333333329, -6.767401740174012 ], [ 110.583408340834083, -6.767326732673259 ], [ 110.583408340834083, -6.767401740174021 ], [ 110.583333333333329, -6.767401740174012 ] ], [ [ 110.583258325832588, -6.76747674767476 ], [ 110.583333333333329, -6.767401740174012 ], [ 110.583333333333329, -6.767476747674773 ], [ 110.583258325832588, -6.76747674767476 ] ], [ [ 110.583183318331834, -6.767551755175523 ], [ 110.583258325832588, -6.76747674767476 ], [ 110.583258325832588, -6.76755175517552 ], [ 110.583183318331834, -6.767551755175523 ] ], [ [ 110.583333333333329, -6.767626762676264 ], [ 110.583408340834083, -6.767551755175516 ], [ 110.583408340834083, -6.767626762676266 ], [ 110.583333333333329, -6.767626762676264 ] ] ] } },
{ "type": "Feature", "properties": { "year": 2049, "layer": "atrisk" }, "geometry": { "type": "Polygon", "coordinates": [ [ [ 110.58453345334533, -6.768826882688272 ], [ 110.583408340834083, -6.768001800180019 ], [ 110.583408340834083, -6.768526852685266 ], [ 110.58453345334533, -6.768826882688272 ] ] ] } },
{ "type": "Feature", "properties": { "year": 2049, "layer": "atrisk" }, "geometry": { "type": "Polygon", "coordinates": [ [ [ 110.583783378337827, -6.768976897689763 ], [ 110.583483348334838, -6.769651965196512 ], [ 110.584383438343835, -6.769876987698772 ], [ 110.583783378337827, -6.768976897689763 ] ] ] } },
{ "type": "Feature", "properties": { "year": 2049, "layer": "atrisk" }, "geometry": { "type": "Polygon", "coordinates": [ [ [ 110.522577257725771, -6.835058505850578 ], [ 110.522052205220518, -6.835808580858086 ], [ 110.522127212721273, -6.836258625862581 ], [ 110.522652265226526, -6.83625862586258 ], [ 110.52295229522953, -6.835208520852089 ], [ 110.522577257725771, -6.835058505850578 ] ], [ [ 110.522577257725771, -6.835358535853593 ], [ 110.52272727272728, -6.835208520852089 ], [ 110.522652265226526, -6.835358535853578 ], [ 110.522577257725771, -6.835358535853593 ] ] ] } },
{ "type": "Feature", "properties": { "year": 2049, "layer": "atrisk" }, "geometry": { "type": "Polygon", "coordinates": [ [ [ 110.443069306930695, -6.938268826882689 ], [ 110.439468946894692, -6.938943894389444 ], [ 110.443894389438938, -6.938943894389443 ], [ 110.443069306930695, -6.938268826882689 ] ] ] } },
{ "type": "Feature", "properties": { "year": 2049, "layer": "atrisk" }, "geometry": { "type": "Polygon", "coordinates": [ [ [ 110.577257725772597, -6.759600960096004 ], [ 110.572457245724578, -6.761401140114007 ], [ 110.572907290729077, -6.763126312631257 ], [ 110.570507050705075, -6.763876387638762 ], [ 110.575607560756069, -6.764326432643267 ], [ 110.575457545754574, -6.770027002700273 ], [ 110.577707770777081, -6.770102010201017 ], [ 110.576882688268824, -6.769276927692767 ], [ 110.577332733273323, -6.768301830183017 ], [ 110.578007800780071, -6.770627062706273 ], [ 110.575532553255329, -6.771452145214529 ], [ 110.575457545754574, -6.770402040204012 ], [ 110.575232523252325, -6.773477347734771 ], [ 110.569456945694569, -6.775202520252023 ], [ 110.569531953195323, -6.775502550255033 ], [ 110.568706870687066, -6.775652565256522 ], [ 110.567731773177314, -6.776852685268533 ], [ 110.565706570657085, -6.786528652865289 ], [ 110.566981698169812, -6.788178817881795 ], [ 110.565406540654067, -6.78780378037804 ], [ 110.562256225622562, -6.794104410441046 ], [ 110.563531353135318, -6.795004500450037 ], [ 110.561881188118818, -6.794929492949299 ], [ 110.559555955595556, -6.798154815481547 ], [ 110.560081008100823, -6.803705370537059 ], [ 110.556705670567055, -6.805880588058803 ], [ 110.554230423042299, -6.809030903090314 ], [ 110.557005700570059, -6.811731173117319 ], [ 110.551080108010808, -6.808430843084302 ], [ 110.549504950495063, -6.811131113111306 ], [ 110.550930093009299, -6.810531053105308 ], [ 110.549204920492045, -6.812931293129317 ], [ 110.549354935493554, -6.818181818181809 ], [ 110.54740474047405, -6.820432043204314 ], [ 110.542454245424537, -6.820657065706573 ], [ 110.537503750375038, -6.827032703270317 ], [ 110.534953495349541, -6.82778277827782 ], [ 110.5303780378038, -6.832733273327329 ], [ 110.520102010201029, -6.834983498349827 ], [ 110.523402340234028, -6.838508850885088 ], [ 110.527527752775271, -6.839333933393331 ], [ 110.528127812781278, -6.847509750975099 ], [ 110.521827182718269, -6.848709870987097 ], [ 110.52437743774378, -6.850135013501354 ], [ 110.521977197719778, -6.851260126012606 ], [ 110.522202220222027, -6.849609960996101 ], [ 110.521077107710781, -6.849684968496851 ], [ 110.519651965196516, -6.854710471047105 ], [ 110.518451845184529, -6.855010501050103 ], [ 110.51522652265227, -6.85913591359135 ], [ 110.516051605160513, -6.860711071107104 ], [ 110.515976597659773, -6.859885988598855 ], [ 110.517026702670265, -6.859210921092103 ], [ 110.51695169516951, -6.861386138613863 ], [ 110.519351935193512, -6.861836183618368 ], [ 110.508700870087011, -6.880063006300624 ], [ 110.478997899789974, -6.918241824182414 ], [ 110.47562256225622, -6.920942094209425 ], [ 110.476072607260733, -6.924167416741672 ], [ 110.470447044704471, -6.925442544254425 ], [ 110.467371737173721, -6.930468046804684 ], [ 110.46482148214821, -6.929717971797172 ], [ 110.461221122112207, -6.932418241824185 ], [ 110.46009600960096, -6.931818181818182 ], [ 110.459870987098711, -6.933318331833183 ], [ 110.458820882088204, -6.932343234323429 ], [ 110.455520552055205, -6.935943594359435 ], [ 110.452970297029708, -6.936318631863181 ], [ 110.452145214521451, -6.935043504350432 ], [ 110.449219921992196, -6.936918691869195 ], [ 110.448394839483953, -6.935418541854187 ], [ 110.444419441944191, -6.938943894389443 ], [ 110.482073207320738, -6.938493849384936 ], [ 110.490474047404746, -6.935193519351929 ], [ 110.496399639963997, -6.929792979297926 ], [ 110.501050105010506, -6.919141914191428 ], [ 110.50142514251425, -6.896939693969404 ], [ 110.508325832583253, -6.894989498949901 ], [ 110.51357635763577, -6.891764176417639 ], [ 110.520777077707791, -6.881488148814877 ], [ 110.522202220222027, -6.873912391239132 ], [ 110.522202220222027, -6.85523552355235 ], [ 110.530228022802277, -6.852760276027608 ], [ 110.536453645364531, -6.84803480348035 ], [ 110.540804080408037, -6.841584158415835 ], [ 110.542079207920793, -6.838133813381342 ], [ 110.542754275427541, -6.834383438343829 ], [ 110.547779777977794, -6.833258325832576 ], [ 110.552130213021314, -6.831233123312331 ], [ 110.550030003000302, -6.830483048304826 ], [ 110.549654965496543, -6.830633063306324 ], [ 110.548754875487546, -6.828157815781576 ], [ 110.549579957995803, -6.829057905790578 ], [ 110.553630363036305, -6.830258025802574 ], [ 110.552580258025799, -6.829432943294325 ], [ 110.554680468046811, -6.829507950795079 ], [ 110.557905790579056, -6.82643264326432 ], [ 110.562706270627075, -6.817656765676574 ], [ 110.562031203120313, -6.816081608160815 ], [ 110.560606060606062, -6.81465646564657 ], [ 110.560306030603059, -6.814881488148807 ], [ 110.559405940594061, -6.81353135313531 ], [ 110.561806180618063, -6.815481548154819 ], [ 110.563081308130833, -6.816081608160813 ], [ 110.563531353135318, -6.81345634563457 ], [ 110.568481848184817, -6.81240624062406 ], [ 110.568331833183322, -6.811431143114318 ], [ 110.569381938193814, -6.812031203120305 ], [ 110.573207320732067, -6.810156015601554 ], [ 110.575907590759073, -6.808280828082799 ], [ 110.578607860786079, -6.805655565556562 ], [ 110.582358235823577, -6.799879987998802 ], [ 110.584458445844589, -6.791779177917794 ], [ 110.581983198319833, -6.790129012901291 ], [ 110.581983198319833, -6.792604260426041 ], [ 110.581533153315334, -6.793579357935786 ], [ 110.581533153315334, -6.789903990399039 ], [ 110.578832883288328, -6.788703870387034 ], [ 110.579582958295845, -6.78847884788479 ], [ 110.581083108310835, -6.789453945394544 ], [ 110.581158115811576, -6.789153915391544 ], [ 110.581608160816089, -6.789978997899796 ], [ 110.582433243324331, -6.789903990399041 ], [ 110.584458445844589, -6.791479147914792 ], [ 110.584683468346839, -6.771152115211522 ], [ 110.582058205820587, -6.770102010201015 ], [ 110.582658265826581, -6.768901890189013 ], [ 110.582508250825086, -6.76800180018001 ], [ 110.583183318331834, -6.766576657665764 ], [ 110.583183318331834, -6.765976597659768 ], [ 110.581908190819078, -6.767176717671763 ], [ 110.582283228322837, -6.76432643264326 ], [ 110.584083408340831, -6.76485148514851 ], [ 110.58423342334234, -6.764026402640264 ], [ 110.578382838283829, -6.762676267626753 ], [ 110.579582958295845, -6.761251125112516 ], [ 110.579432943294336, -6.760651065106503 ], [ 110.577257725772597, -6.759600960096004 ] ], [ [ 110.577407740774078, -6.760426042604266 ], [ 110.577482748274832, -6.760276027602753 ], [ 110.577482748274832, -6.760426042604252 ], [ 110.577407740774078, -6.760426042604266 ] ], [ [ 110.577632763276327, -6.760426042604265 ], [ 110.577707770777081, -6.760351035103517 ], [ 110.577707770777081, -6.760426042604256 ], [ 110.577632763276327, -6.760426042604265 ] ], [ [ 110.577257725772597, -6.760501050105006 ], [ 110.578307830783075, -6.761626162616258 ], [ 110.578007800780071, -6.76200120012001 ], [ 110.578082808280826, -6.762601260126019 ], [ 110.578307830783075, -6.76275127512751 ], [ 110.57650765076508, -6.762451245124517 ], [ 110.577257725772597, -6.760501050105006 ] ], [ [ 110.578832883288328, -6.760876087608756 ], [ 110.578982898289823, -6.760651065106511 ], [ 110.578982898289823, -6.760951095109506 ], [ 110.578832883288328, -6.760876087608756 ] ], [ [ 110.579132913291332, -6.76132613261326 ], [ 110.579207920792086, -6.760951095109518 ], [ 110.579207920792086, -6.761326132613256 ], [ 110.579132913291332, -6.76132613261326 ] ], [ [ 110.572982298229817, -6.761626162616258 ], [ 110.57538253825382, -6.76267626762677 ], [ 110.572982298229817, -6.762976297629764 ], [ 110.573282328232835, -6.762076207620765 ], [ 110.572982298229817, -6.761626162616258 ] ], [ [ 110.575457545754574, -6.761926192619259 ], [ 110.575532553255329, -6.761851185118519 ], [ 110.575532553255329, -6.761926192619263 ], [ 110.575457545754574, -6.761926192619259 ] ], [ [ 110.572907290729077, -6.762601260126021 ], [ 110.573057305730572, -6.762226222622253 ], [ 110.573057305730572, -6.762676267626764 ], [ 110.572907290729077, -6.762601260126021 ] ], [ [ 110.576207620762077, -6.762076207620762 ], [ 110.576282628262845, -6.762001200120006 ], [ 110.576282628262845, -6.762076207620769 ], [ 110.576207620762077, -6.762076207620762 ] ], [ [ 110.576132613261322, -6.762301230123011 ], [ 110.576282628262845, -6.762151215121521 ], [ 110.576207620762077, -6.76230123012301 ], [ 110.576132613261322, -6.762301230123011 ] ], [ [ 110.578382838283829, -6.762376237623769 ], [ 110.578457845784584, -6.762151215121512 ], [ 110.578457845784584, -6.762376237623754 ], [ 110.578382838283829, -6.762376237623769 ] ], [ [ 110.578082808280826, -6.762301230123007 ], [ 110.57815781578158, -6.762226222622259 ], [ 110.57815781578158, -6.762301230123014 ], [ 110.578082808280826, -6.762301230123007 ] ], [ [ 110.573507350735071, -6.763051305130504 ], [ 110.573582358235825, -6.762976297629765 ], [ 110.573582358235825, -6.763051305130518 ], [ 110.573507350735071, -6.763051305130504 ] ], [ [ 110.572682268226828, -6.763276327632756 ], [ 110.572757275727568, -6.763201320132008 ], [ 110.572757275727568, -6.763276327632756 ], [ 110.572682268226828, -6.763276327632756 ] ], [ [ 110.580333033303333, -6.764551455145519 ], [ 110.581383138313825, -6.76380138013802 ], [ 110.582133213321328, -6.764251425142521 ], [ 110.580333033303333, -6.764551455145519 ] ], [ [ 110.582133213321328, -6.764326432643256 ], [ 110.582283228322837, -6.76425142514252 ], [ 110.582283228322837, -6.76432643264326 ], [ 110.582133213321328, -6.764326432643256 ] ], [ [ 110.576957695769579, -6.764851485148512 ], [ 110.577707770777081, -6.765151515151521 ], [ 110.577107710771074, -6.765826582658267 ], [ 110.576957695769579, -6.764851485148512 ] ], [ [ 110.583108310831079, -6.766201620162024 ], [ 110.583183318331834, -6.766126612661274 ], [ 110.583183318331834, -6.766201620162011 ], [ 110.583108310831079, -6.766201620162024 ] ], [ [ 110.583033303330339, -6.766351635163523 ], [ 110.583108310831079, -6.76627662766276 ], [ 110.583108310831079, -6.766351635163519 ], [ 110.583033303330339, -6.766351635163523 ] ], [ [ 110.577257725772597, -6.767926792679265 ], [ 110.577407740774078, -6.767701770177012 ], [ 110.577407740774078, -6.767926792679268 ], [ 110.577257725772597, -6.767926792679265 ] ], [ [ 110.577407740774078, -6.768226822682263 ], [ 110.577482748274832, -6.768151815181521 ], [ 110.577482748274832, -6.76822682268227 ], [ 110.577407740774078, -6.768226822682263 ] ], [ [ 110.577107710771074, -6.768376837683765 ], [ 110.577182718271828, -6.76830183018301 ], [ 110.577182718271828, -6.768376837683769 ], [ 110.577107710771074, -6.768376837683765 ] ], [ [ 110.577557755775587, -6.768451845184512 ], [ 110.577632763276327, -6.768376837683761 ], [ 110.577632763276327, -6.768451845184517 ], [ 110.577557755775587, -6.768451845184512 ] ], [ [ 110.576057605760582, -6.769501950195026 ], [ 110.57680768076807, -6.768826882688277 ], [ 110.576657665766575, -6.769726972697269 ], [ 110.576057605760582, -6.769501950195026 ] ], [ [ 110.57815781578158, -6.769126912691273 ], [ 110.578232823282335, -6.768976897689766 ], [ 110.578232823282335, -6.769126912691269 ], [ 110.57815781578158, -6.769126912691273 ] ], [ [ 110.582358235823577, -6.769126912691261 ], [ 110.582433243324331, -6.769051905190524 ], [ 110.582433243324331, -6.769126912691267 ], [ 110.582358235823577, -6.769126912691261 ] ], [ [ 110.578007800780071, -6.77025202520251 ], [ 110.578082808280826, -6.770177017701779 ], [ 110.578082808280826, -6.770252025202518 ], [ 110.578007800780071, -6.77025202520251 ] ], [ [ 110.582133213321328, -6.770477047704764 ], [ 110.582283228322837, -6.770402040204025 ], [ 110.582283228322837, -6.770477047704775 ], [ 110.582133213321328, -6.770477047704764 ] ], [ [ 110.582058205820587, -6.770627062706273 ], [ 110.582208220822096, -6.770552055205516 ], [ 110.582208220822096, -6.770627062706269 ], [ 110.582058205820587, -6.770627062706273 ] ], [ [ 110.582208220822096, -6.770702070207014 ], [ 110.582283228322837, -6.770627062706263 ], [ 110.582283228322837, -6.770702070207018 ], [ 110.582208220822096, -6.770702070207014 ] ], [ [ 110.583258325832588, -6.771002100210018 ], [ 110.583333333333329, -6.770927092709274 ], [ 110.583333333333329, -6.771002100210027 ], [ 110.583258325832588, -6.771002100210018 ] ], [ [ 110.57043204320432, -6.775277527752773 ], [ 110.570507050705075, -6.775127512751275 ], [ 110.570582058205815, -6.775277527752783 ], [ 110.57043204320432, -6.775277527752773 ] ], [ [ 110.569756975697572, -6.775577557755776 ], [ 110.570057005700576, -6.775727572757272 ], [ 110.569756975697572, -6.775877587758781 ], [ 110.569756975697572, -6.775577557755776 ] ], [ [ 110.569606960696063, -6.775652565256519 ], [ 110.569681968196818, -6.775577557755778 ], [ 110.569681968196818, -6.775652565256521 ], [ 110.569606960696063, -6.775652565256519 ] ], [ [ 110.568931893189315, -6.776027602760282 ], [ 110.569081908190824, -6.775652565256532 ], [ 110.569006900690084, -6.776027602760269 ], [ 110.568931893189315, -6.776027602760282 ] ], [ [ 110.569231923192319, -6.775877587758786 ], [ 110.569381938193814, -6.776102610261024 ], [ 110.569231923192319, -6.776177617761784 ], [ 110.569231923192319, -6.775877587758786 ] ], [ [ 110.568706870687066, -6.776327632763281 ], [ 110.568781878187821, -6.776102610261019 ], [ 110.568781878187821, -6.776327632763269 ], [ 110.568706870687066, -6.776327632763281 ] ], [ [ 110.569756975697572, -6.776252625262519 ], [ 110.569831983198327, -6.776177617761783 ], [ 110.569831983198327, -6.776252625262519 ], [ 110.569756975697572, -6.776252625262519 ] ], [ [ 110.570657065706584, -6.776552655265534 ], [ 110.571032103210328, -6.776252625262534 ], [ 110.570882088208819, -6.77662766276628 ], [ 110.570657065706584, -6.776552655265534 ] ], [ [ 110.578457845784584, -6.776177617761778 ], [ 110.583258325832588, -6.778202820282022 ], [ 110.584458445844589, -6.780003000300034 ], [ 110.580858085808586, -6.779252925292532 ], [ 110.578457845784584, -6.776177617761778 ] ], [ [ 110.568931893189315, -6.776327632763272 ], [ 110.569081908190824, -6.776477647764779 ], [ 110.568931893189315, -6.776552655265534 ], [ 110.568931893189315, -6.776327632763272 ] ], [ [ 110.568631863186312, -6.776552655265528 ], [ 110.568706870687066, -6.776327632763281 ], [ 110.568706870687066, -6.77655265526552 ], [ 110.568631863186312, -6.776552655265528 ] ], [ [ 110.569156915691565, -6.776702670267026 ], [ 110.569231923192319, -6.776402640264023 ], [ 110.569231923192319, -6.776702670267025 ], [ 110.569156915691565, -6.776702670267026 ] ], [ [ 110.57043204320432, -6.776477647764776 ], [ 110.570507050705075, -6.776402640264022 ], [ 110.570507050705075, -6.776477647764779 ], [ 110.57043204320432, -6.776477647764776 ] ], [ [ 110.570357035703566, -6.776552655265521 ], [ 110.57043204320432, -6.776477647764776 ], [ 110.57043204320432, -6.776552655265527 ], [ 110.570357035703566, -6.776552655265521 ] ], [ [ 110.570357035703566, -6.776777677767772 ], [ 110.57043204320432, -6.777077707770784 ], [ 110.570282028202826, -6.777077707770784 ], [ 110.570357035703566, -6.776777677767772 ] ], [ [ 110.570207020702071, -6.776927692769282 ], [ 110.570282028202826, -6.776777677767767 ], [ 110.570282028202826, -6.776927692769271 ], [ 110.570207020702071, -6.776927692769282 ] ], [ [ 110.570582058205815, -6.776852685268532 ], [ 110.570657065706584, -6.776777677767784 ], [ 110.570657065706584, -6.77685268526853 ], [ 110.570582058205815, -6.776852685268532 ] ], [ [ 110.570132013201317, -6.777077707770777 ], [ 110.570207020702071, -6.776927692769282 ], [ 110.570207020702071, -6.777077707770785 ], [ 110.570132013201317, -6.777077707770777 ] ], [ [ 110.570057005700576, -6.777302730273031 ], [ 110.570207020702071, -6.777152715271529 ], [ 110.570132013201317, -6.77730273027302 ], [ 110.570057005700576, -6.777302730273031 ] ], [ [ 110.570132013201317, -6.777452745274522 ], [ 110.570282028202826, -6.777377737773777 ], [ 110.570282028202826, -6.777527752775277 ], [ 110.570132013201317, -6.777452745274522 ] ], [ [ 110.570657065706584, -6.77752775277528 ], [ 110.570882088208819, -6.777452745274535 ], [ 110.570882088208819, -6.777527752775286 ], [ 110.570657065706584, -6.77752775277528 ] ], [ [ 110.57043204320432, -6.777602760276035 ], [ 110.570582058205815, -6.777677767776777 ], [ 110.57043204320432, -6.777827782778275 ], [ 110.57043204320432, -6.777602760276035 ] ], [ [ 110.570057005700576, -6.777752775277532 ], [ 110.570207020702071, -6.777677767776783 ], [ 110.570207020702071, -6.777752775277525 ], [ 110.570057005700576, -6.777752775277532 ] ], [ [ 110.568931893189315, -6.777827782778282 ], [ 110.569006900690084, -6.777752775277528 ], [ 110.569006900690084, -6.777827782778283 ], [ 110.568931893189315, -6.777827782778282 ] ], [ [ 110.570357035703566, -6.777977797779783 ], [ 110.57043204320432, -6.777827782778275 ], [ 110.57043204320432, -6.777977797779783 ], [ 110.570357035703566, -6.777977797779783 ] ], [ [ 110.569081908190824, -6.778202820282033 ], [ 110.569231923192319, -6.777902790279034 ], [ 110.569156915691565, -6.778202820282021 ], [ 110.569081908190824, -6.778202820282033 ] ], [ [ 110.569306930693074, -6.778052805280535 ], [ 110.569381938193814, -6.777902790279024 ], [ 110.569381938193814, -6.77805280528053 ], [ 110.569306930693074, -6.778052805280535 ] ], [ [ 110.568856885688575, -6.778052805280531 ], [ 110.568931893189315, -6.777977797779781 ], [ 110.568931893189315, -6.778052805280522 ], [ 110.568856885688575, -6.778052805280531 ] ], [ [ 110.569756975697572, -6.778052805280524 ], [ 110.569831983198327, -6.777977797779775 ], [ 110.569831983198327, -6.778052805280522 ], [ 110.569756975697572, -6.778052805280524 ] ], [ [ 110.570132013201317, -6.778052805280524 ], [ 110.570207020702071, -6.777977797779784 ], [ 110.570207020702071, -6.778052805280534 ], [ 110.570132013201317, -6.778052805280524 ] ], [ [ 110.569831983198327, -6.778127812781277 ], [ 110.569981998199836, -6.778277827782781 ], [ 110.569831983198327, -6.778352835283526 ], [ 110.569831983198327, -6.778127812781277 ] ], [ [ 110.568781878187821, -6.778202820282035 ], [ 110.568856885688575, -6.778127812781278 ], [ 110.568856885688575, -6.778202820282033 ], [ 110.568781878187821, -6.778202820282035 ] ], [ [ 110.569006900690084, -6.778427842784274 ], [ 110.569081908190824, -6.778202820282033 ], [ 110.569081908190824, -6.77842784278427 ], [ 110.569006900690084, -6.778427842784274 ] ], [ [ 110.570057005700576, -6.778277827782771 ], [ 110.570132013201317, -6.778202820282028 ], [ 110.570132013201317, -6.778277827782782 ], [ 110.570057005700576, -6.778277827782771 ] ], [ [ 110.570207020702071, -6.778352835283521 ], [ 110.570282028202826, -6.778202820282025 ], [ 110.570282028202826, -6.778352835283526 ], [ 110.570207020702071, -6.778352835283521 ] ], [ [ 110.57043204320432, -6.778277827782786 ], [ 110.570507050705075, -6.778202820282024 ], [ 110.570507050705075, -6.778277827782776 ], [ 110.57043204320432, -6.778277827782786 ] ], [ [ 110.570357035703566, -6.778427842784271 ], [ 110.57043204320432, -6.778277827782786 ], [ 110.57043204320432, -6.778427842784281 ], [ 110.570357035703566, -6.778427842784271 ] ], [ [ 110.568706870687066, -6.778502850285029 ], [ 110.568781878187821, -6.778427842784272 ], [ 110.568781878187821, -6.778502850285036 ], [ 110.568706870687066, -6.778502850285029 ] ], [ [ 110.568931893189315, -6.778652865286535 ], [ 110.569006900690084, -6.778427842784274 ], [ 110.569006900690084, -6.778652865286536 ], [ 110.568931893189315, -6.778652865286535 ] ], [ [ 110.569306930693074, -6.779102910291036 ], [ 110.569756975697572, -6.778802880288032 ], [ 110.569381938193814, -6.779477947794775 ], [ 110.569306930693074, -6.779102910291036 ] ], [ [ 110.568331833183322, -6.77887788778878 ], [ 110.568706870687066, -6.778577857785783 ], [ 110.568631863186312, -6.778952895289531 ], [ 110.568331833183322, -6.77887788778878 ] ], [ [ 110.568856885688575, -6.77880288028802 ], [ 110.568931893189315, -6.778652865286535 ], [ 110.568931893189315, -6.778802880288032 ], [ 110.568856885688575, -6.77880288028802 ] ], [ [ 110.568781878187821, -6.779027902790279 ], [ 110.568856885688575, -6.77880288028802 ], [ 110.568856885688575, -6.779027902790282 ], [ 110.568781878187821, -6.779027902790279 ] ], [ [ 110.569231923192319, -6.779477947794772 ], [ 110.569306930693074, -6.779327932793286 ], [ 110.569306930693074, -6.779477947794772 ], [ 110.569231923192319, -6.779477947794772 ] ], [ [ 110.569156915691565, -6.779702970297028 ], [ 110.569231923192319, -6.779477947794772 ], [ 110.569231923192319, -6.779702970297036 ], [ 110.569156915691565, -6.779702970297028 ] ], [ [ 110.569306930693074, -6.779627962796282 ], [ 110.569381938193814, -6.779552955295526 ], [ 110.569381938193814, -6.779627962796281 ], [ 110.569306930693074, -6.779627962796282 ] ], [ [ 110.569081908190824, -6.779927992799286 ], [ 110.569156915691565, -6.779702970297028 ], [ 110.569156915691565, -6.779927992799284 ], [ 110.569081908190824, -6.779927992799286 ] ], [ [ 110.569231923192319, -6.780003000300023 ], [ 110.569306930693074, -6.779777977797782 ], [ 110.569306930693074, -6.780003000300027 ], [ 110.569231923192319, -6.780003000300023 ] ], [ [ 110.569081908190824, -6.780153015301531 ], [ 110.569231923192319, -6.780228022802277 ], [ 110.569081908190824, -6.780378037803782 ], [ 110.569081908190824, -6.780153015301531 ] ], [ [ 110.568931893189315, -6.780303030303037 ], [ 110.569006900690084, -6.780153015301524 ], [ 110.569006900690084, -6.780303030303021 ], [ 110.568931893189315, -6.780303030303037 ] ], [ [ 110.569006900690084, -6.78052805280528 ], [ 110.569081908190824, -6.780378037803782 ], [ 110.569081908190824, -6.78052805280528 ], [ 110.569006900690084, -6.78052805280528 ] ], [ [ 110.569156915691565, -6.78075307530753 ], [ 110.569531953195323, -6.780453045304526 ], [ 110.569006900690084, -6.781353135313534 ], [ 110.569156915691565, -6.78075307530753 ] ], [ [ 110.568781878187821, -6.780678067806777 ], [ 110.568856885688575, -6.780603060306033 ], [ 110.568856885688575, -6.780678067806783 ], [ 110.568781878187821, -6.780678067806777 ] ], [ [ 110.568706870687066, -6.780903090309033 ], [ 110.568781878187821, -6.780753075307534 ], [ 110.568781878187821, -6.780903090309036 ], [ 110.568706870687066, -6.780903090309033 ] ], [ [ 110.568631863186312, -6.781053105310527 ], [ 110.568706870687066, -6.780978097809777 ], [ 110.568706870687066, -6.781053105310527 ], [ 110.568631863186312, -6.781053105310527 ] ], [ [ 110.568556855685571, -6.781278127812787 ], [ 110.568631863186312, -6.781128112811284 ], [ 110.568631863186312, -6.781278127812783 ], [ 110.568556855685571, -6.781278127812787 ] ], [ [ 110.568481848184817, -6.781503150315038 ], [ 110.568556855685571, -6.781353135313529 ], [ 110.568556855685571, -6.78150315031503 ], [ 110.568481848184817, -6.781503150315038 ] ], [ [ 110.568031803180318, -6.78180318031803 ], [ 110.568481848184817, -6.781653165316532 ], [ 110.568406840684062, -6.781953195319534 ], [ 110.568031803180318, -6.78180318031803 ] ], [ [ 110.568406840684062, -6.781953195319534 ], [ 110.568556855685571, -6.782028202820286 ], [ 110.568406840684062, -6.78202820282028 ], [ 110.568406840684062, -6.781953195319534 ] ], [ [ 110.568031803180318, -6.782103210321027 ], [ 110.568256825682568, -6.782028202820287 ], [ 110.568256825682568, -6.782178217821783 ], [ 110.568031803180318, -6.782103210321027 ] ], [ [ 110.568631863186312, -6.782178217821776 ], [ 110.568856885688575, -6.782028202820275 ], [ 110.568931893189315, -6.782178217821787 ], [ 110.568631863186312, -6.782178217821776 ] ], [ [ 110.568331833183322, -6.782253225322534 ], [ 110.568406840684062, -6.782178217821789 ], [ 110.568406840684062, -6.782253225322536 ], [ 110.568331833183322, -6.782253225322534 ] ], [ [ 110.568931893189315, -6.782253225322527 ], [ 110.569006900690084, -6.782178217821784 ], [ 110.569006900690084, -6.782253225322538 ], [ 110.568931893189315, -6.782253225322527 ] ], [ [ 110.569081908190824, -6.782328232823276 ], [ 110.569381938193814, -6.782253225322533 ], [ 110.569381938193814, -6.782403240324025 ], [ 110.569081908190824, -6.782328232823276 ] ], [ [ 110.568631863186312, -6.782403240324028 ], [ 110.568856885688575, -6.782328232823279 ], [ 110.568856885688575, -6.782478247824788 ], [ 110.568631863186312, -6.782403240324028 ] ], [ [ 110.568106810681073, -6.782478247824787 ], [ 110.568256825682568, -6.782328232823285 ], [ 110.568181818181813, -6.782478247824774 ], [ 110.568106810681073, -6.782478247824787 ] ], [ [ 110.569456945694569, -6.782403240324027 ], [ 110.569531953195323, -6.782328232823276 ], [ 110.569531953195323, -6.782403240324029 ], [ 110.569456945694569, -6.782403240324027 ] ], [ [ 110.569531953195323, -6.782403240324029 ], [ 110.57208220822082, -6.783378337833789 ], [ 110.572457245724578, -6.78435343534353 ], [ 110.570057005700576, -6.783228322832285 ], [ 110.569531953195323, -6.782403240324029 ] ], [ [ 110.574407440744068, -6.782478247824784 ], [ 110.574482448244822, -6.782403240324026 ], [ 110.574482448244822, -6.782478247824784 ], [ 110.574407440744068, -6.782478247824784 ] ], [ [ 110.568031803180318, -6.782628262826281 ], [ 110.568106810681073, -6.782478247824787 ], [ 110.568106810681073, -6.782628262826285 ], [ 110.568031803180318, -6.782628262826281 ] ], [ [ 110.569006900690084, -6.782553255325533 ], [ 110.569156915691565, -6.782478247824782 ], [ 110.569156915691565, -6.78255325532554 ], [ 110.569006900690084, -6.782553255325533 ] ], [ [ 110.569306930693074, -6.782628262826285 ], [ 110.569381938193814, -6.782553255325523 ], [ 110.569381938193814, -6.782628262826281 ], [ 110.569306930693074, -6.782628262826285 ] ], [ [ 110.574332433243328, -6.78262826282629 ], [ 110.574407440744068, -6.782553255325524 ], [ 110.574407440744068, -6.782628262826288 ], [ 110.574332433243328, -6.78262826282629 ] ], [ [ 110.567956795679564, -6.782778277827778 ], [ 110.568031803180318, -6.782628262826281 ], [ 110.568031803180318, -6.782778277827785 ], [ 110.567956795679564, -6.782778277827778 ] ], [ [ 110.569456945694569, -6.782703270327038 ], [ 110.569606960696063, -6.78262826282628 ], [ 110.569606960696063, -6.782703270327035 ], [ 110.569456945694569, -6.782703270327038 ] ], [ [ 110.57043204320432, -6.782703270327026 ], [ 110.570507050705075, -6.78262826282628 ], [ 110.570507050705075, -6.782703270327029 ], [ 110.57043204320432, -6.782703270327026 ] ], [ [ 110.574182418241818, -6.783153315331529 ], [ 110.574257425742573, -6.783078307830782 ], [ 110.574257425742573, -6.783153315331524 ], [ 110.574182418241818, -6.783153315331529 ] ], [ [ 110.567731773177314, -6.783228322832283 ], [ 110.567806780678069, -6.783153315331524 ], [ 110.567806780678069, -6.783228322832282 ], [ 110.567731773177314, -6.783228322832283 ] ], [ [ 110.567881788178823, -6.783303330333042 ], [ 110.568406840684062, -6.783228322832279 ], [ 110.568406840684062, -6.783378337833776 ], [ 110.567881788178823, -6.783303330333042 ] ], [ [ 110.574107410741078, -6.78330333033304 ], [ 110.574182418241818, -6.783228322832286 ], [ 110.574182418241818, -6.783303330333032 ], [ 110.574107410741078, -6.78330333033304 ] ], [ [ 110.57373237323732, -6.783903390339034 ], [ 110.573807380738074, -6.78382838283829 ], [ 110.573807380738074, -6.78390339033903 ], [ 110.57373237323732, -6.783903390339034 ] ], [ [ 110.57365736573658, -6.783978397839784 ], [ 110.57373237323732, -6.783903390339034 ], [ 110.57373237323732, -6.783978397839774 ], [ 110.57365736573658, -6.783978397839784 ] ], [ [ 110.572982298229817, -6.784578457845787 ], [ 110.573282328232835, -6.784353435343535 ], [ 110.573282328232835, -6.785103510351037 ], [ 110.572757275727568, -6.784728472847283 ], [ 110.572982298229817, -6.784578457845787 ] ], [ [ 110.573357335733576, -6.784053405340526 ], [ 110.57343234323433, -6.783978397839789 ], [ 110.57343234323433, -6.78405340534054 ], [ 110.573357335733576, -6.784053405340526 ] ], [ [ 110.573282328232835, -6.784203420342027 ], [ 110.573357335733576, -6.784128412841291 ], [ 110.573357335733576, -6.784203420342026 ], [ 110.573282328232835, -6.784203420342027 ] ], [ [ 110.572682268226828, -6.784653465346538 ], [ 110.572757275727568, -6.784578457845785 ], [ 110.572757275727568, -6.78465346534654 ], [ 110.572682268226828, -6.784653465346538 ] ], [ [ 110.566531653165313, -6.785028502850289 ], [ 110.566756675667563, -6.784878487848779 ], [ 110.566906690669072, -6.785028502850285 ], [ 110.566531653165313, -6.785028502850289 ] ], [ [ 110.583333333333329, -6.787278727872785 ], [ 110.584383438343835, -6.786828682868282 ], [ 110.583633363336332, -6.787803780378032 ], [ 110.583333333333329, -6.787278727872785 ] ], [ [ 110.569756975697572, -6.787053705370529 ], [ 110.569906990699067, -6.787128712871286 ], [ 110.569756975697572, -6.787203720372032 ], [ 110.569756975697572, -6.787053705370529 ] ], [ [ 110.569681968196818, -6.787278727872787 ], [ 110.569756975697572, -6.787203720372032 ], [ 110.569756975697572, -6.787278727872787 ], [ 110.569681968196818, -6.787278727872787 ] ], [ [ 110.570057005700576, -6.787278727872788 ], [ 110.570207020702071, -6.787353735373539 ], [ 110.570057005700576, -6.787428742874283 ], [ 110.570057005700576, -6.787278727872788 ] ], [ [ 110.575907590759073, -6.787353735373538 ], [ 110.575982598259827, -6.787203720372034 ], [ 110.575982598259827, -6.787353735373542 ], [ 110.575907590759073, -6.787353735373538 ] ], [ [ 110.575532553255329, -6.787803780378032 ], [ 110.575982598259827, -6.787653765376544 ], [ 110.575532553255329, -6.788028802880285 ], [ 110.575532553255329, -6.787803780378032 ] ], [ [ 110.575982598259827, -6.787428742874289 ], [ 110.576057605760582, -6.787353735373538 ], [ 110.576057605760582, -6.787428742874288 ], [ 110.575982598259827, -6.787428742874289 ] ], [ [ 110.569756975697572, -6.787728772877284 ], [ 110.570057005700576, -6.787653765376538 ], [ 110.569756975697572, -6.787953795379544 ], [ 110.569756975697572, -6.787728772877284 ] ], [ [ 110.569831983198327, -6.788103810381041 ], [ 110.570357035703566, -6.787878787878781 ], [ 110.570132013201317, -6.788328832883292 ], [ 110.569831983198327, -6.788103810381041 ] ], [ [ 110.569681968196818, -6.788103810381034 ], [ 110.569756975697572, -6.788028802880286 ], [ 110.569756975697572, -6.788103810381032 ], [ 110.569681968196818, -6.788103810381034 ] ], [ [ 110.575457545754574, -6.788103810381039 ], [ 110.575532553255329, -6.788028802880285 ], [ 110.575532553255329, -6.788103810381042 ], [ 110.575457545754574, -6.788103810381039 ] ], [ [ 110.569456945694569, -6.788628862886284 ], [ 110.569681968196818, -6.788328832883286 ], [ 110.569606960696063, -6.78877887788779 ], [ 110.569456945694569, -6.788628862886284 ] ], [ [ 110.565331533153312, -6.788478847884787 ], [ 110.565481548154821, -6.78832883288328 ], [ 110.565406540654067, -6.788478847884793 ], [ 110.565331533153312, -6.788478847884787 ] ], [ [ 110.569906990699067, -6.788853885388534 ], [ 110.570807080708065, -6.788703870387033 ], [ 110.570882088208819, -6.789078907890784 ], [ 110.569906990699067, -6.788853885388534 ] ], [ [ 110.571032103210328, -6.788853885388531 ], [ 110.57515751575157, -6.789978997899787 ], [ 110.575757575757578, -6.790504050405036 ], [ 110.576357635763571, -6.792304230423036 ], [ 110.578982898289823, -6.792754275427543 ], [ 110.576657665766575, -6.792904290429035 ], [ 110.575532553255329, -6.790804080408039 ], [ 110.571032103210328, -6.788853885388531 ] ], [ [ 110.580933093309326, -6.789153915391547 ], [ 110.581008100810081, -6.789078907890786 ], [ 110.581008100810081, -6.78915391539153 ], [ 110.580933093309326, -6.789153915391547 ] ], [ [ 110.567206720672061, -6.789828982898295 ], [ 110.567506750675065, -6.789978997899788 ], [ 110.566531653165313, -6.790804080408035 ], [ 110.567206720672061, -6.789828982898295 ] ], [ [ 110.565031503150323, -6.789453945394542 ], [ 110.565106510651063, -6.789303930393032 ], [ 110.565106510651063, -6.789453945394539 ], [ 110.565031503150323, -6.789453945394542 ] ], [ [ 110.567656765676574, -6.789453945394536 ], [ 110.567731773177314, -6.789303930393041 ], [ 110.567731773177314, -6.789453945394534 ], [ 110.567656765676574, -6.789453945394536 ] ], [ [ 110.57043204320432, -6.789978997899786 ], [ 110.571182118211823, -6.789453945394541 ], [ 110.571632163216336, -6.789753975397534 ], [ 110.57043204320432, -6.789978997899786 ] ], [ [ 110.56758175817582, -6.789528952895297 ], [ 110.567656765676574, -6.789453945394536 ], [ 110.567656765676574, -6.78952895289529 ], [ 110.56758175817582, -6.789528952895297 ] ], [ [ 110.581908190819078, -6.789753975397533 ], [ 110.581983198319833, -6.789603960396033 ], [ 110.581983198319833, -6.789753975397539 ], [ 110.581908190819078, -6.789753975397533 ] ], [ [ 110.582133213321328, -6.789678967896794 ], [ 110.582208220822096, -6.789603960396044 ], [ 110.582208220822096, -6.789678967896784 ], [ 110.582133213321328, -6.789678967896794 ] ], [ [ 110.571707170717076, -6.789828982898286 ], [ 110.571782178217816, -6.789678967896791 ], [ 110.571782178217816, -6.789828982898293 ], [ 110.571707170717076, -6.789828982898286 ] ], [ [ 110.582208220822096, -6.789753975397544 ], [ 110.582283228322837, -6.789678967896793 ], [ 110.582283228322837, -6.789753975397546 ], [ 110.582208220822096, -6.789753975397544 ] ], [ [ 110.571857185718571, -6.789753975397539 ], [ 110.57515751575157, -6.790879087908796 ], [ 110.575757575757578, -6.792304230423039 ], [ 110.575232523252325, -6.792229222922298 ], [ 110.574257425742573, -6.791254125412544 ], [ 110.571857185718571, -6.789753975397539 ] ], [ [ 110.570207020702071, -6.789978997899789 ], [ 110.570282028202826, -6.789903990399042 ], [ 110.570282028202826, -6.789978997899791 ], [ 110.570207020702071, -6.789978997899789 ] ], [ [ 110.567056705670566, -6.790579057905794 ], [ 110.567131713171321, -6.790504050405041 ], [ 110.567131713171321, -6.790579057905783 ], [ 110.567056705670566, -6.790579057905794 ] ], [ [ 110.566981698169812, -6.790654065406535 ], [ 110.567056705670566, -6.790579057905794 ], [ 110.567056705670566, -6.790654065406541 ], [ 110.566981698169812, -6.790654065406535 ] ], [ [ 110.566531653165313, -6.790954095409538 ], [ 110.566606660666068, -6.790879087908785 ], [ 110.566606660666068, -6.790954095409542 ], [ 110.566531653165313, -6.790954095409538 ] ], [ [ 110.566756675667563, -6.791029102910288 ], [ 110.566831683168317, -6.790879087908784 ], [ 110.566831683168317, -6.791029102910297 ], [ 110.566756675667563, -6.791029102910288 ] ], [ [ 110.566456645664573, -6.791029102910293 ], [ 110.566531653165313, -6.790954095409538 ], [ 110.566531653165313, -6.791029102910298 ], [ 110.566456645664573, -6.791029102910293 ] ], [ [ 110.56458145814581, -6.791104110411046 ], [ 110.564731473147319, -6.79102910291029 ], [ 110.564731473147319, -6.791104110411044 ], [ 110.56458145814581, -6.791104110411046 ] ], [ [ 110.566381638163818, -6.791029102910286 ], [ 110.566756675667563, -6.791254125412537 ], [ 110.566606660666068, -6.791254125412539 ], [ 110.566381638163818, -6.79155415541554 ], [ 110.566306630663064, -6.791929192919287 ], [ 110.56593159315932, -6.79185418541855 ], [ 110.566381638163818, -6.791029102910286 ] ], [ [ 110.566681668166822, -6.791104110411048 ], [ 110.566756675667563, -6.791029102910288 ], [ 110.566756675667563, -6.791104110411044 ], [ 110.566681668166822, -6.791104110411048 ] ], [ [ 110.565031503150323, -6.791254125412535 ], [ 110.565106510651063, -6.791179117911793 ], [ 110.565106510651063, -6.791254125412532 ], [ 110.565031503150323, -6.791254125412535 ] ], [ [ 110.573957395739569, -6.791254125412547 ], [ 110.574032403240324, -6.791179117911797 ], [ 110.574032403240324, -6.791254125412545 ], [ 110.573957395739569, -6.791254125412547 ] ], [ [ 110.564956495649568, -6.791329132913291 ], [ 110.565031503150323, -6.791254125412535 ], [ 110.565031503150323, -6.791329132913294 ], [ 110.564956495649568, -6.791329132913291 ] ], [ [ 110.566606660666068, -6.791404140414047 ], [ 110.566681668166822, -6.791329132913291 ], [ 110.566681668166822, -6.791404140414032 ], [ 110.566606660666068, -6.791404140414047 ] ], [ [ 110.574107410741078, -6.79140414041404 ], [ 110.574182418241818, -6.791329132913296 ], [ 110.574182418241818, -6.791404140414035 ], [ 110.574107410741078, -6.79140414041404 ] ], [ [ 110.574182418241818, -6.791479147914798 ], [ 110.574257425742573, -6.791404140414047 ], [ 110.574257425742573, -6.791479147914782 ], [ 110.574182418241818, -6.791479147914798 ] ], [ [ 110.565706570657085, -6.791554155415533 ], [ 110.565781578157811, -6.791479147914785 ], [ 110.565781578157811, -6.791554155415536 ], [ 110.565706570657085, -6.791554155415533 ] ], [ [ 110.566456645664573, -6.791629162916297 ], [ 110.566531653165313, -6.791554155415535 ], [ 110.566531653165313, -6.79162916291629 ], [ 110.566456645664573, -6.791629162916297 ] ], [ [ 110.574482448244822, -6.791704170417037 ], [ 110.574557455745577, -6.791629162916285 ], [ 110.574557455745577, -6.791704170417043 ], [ 110.574482448244822, -6.791704170417037 ] ], [ [ 110.563831383138307, -6.791779177917789 ], [ 110.563981398139816, -6.791854185418537 ], [ 110.563831383138307, -6.7919291929193 ], [ 110.563831383138307, -6.791779177917789 ] ], [ [ 110.567056705670566, -6.792754275427546 ], [ 110.567131713171321, -6.792679267926793 ], [ 110.567131713171321, -6.792754275427545 ], [ 110.567056705670566, -6.792754275427546 ] ], [ [ 110.566831683168317, -6.792829282928286 ], [ 110.567131713171321, -6.792979297929786 ], [ 110.566831683168317, -6.792904290429044 ], [ 110.566831683168317, -6.792829282928286 ] ], [ [ 110.566906690669072, -6.793279327932797 ], [ 110.566981698169812, -6.793204320432041 ], [ 110.566981698169812, -6.793279327932796 ], [ 110.566906690669072, -6.793279327932797 ] ], [ [ 110.566531653165313, -6.793504350435041 ], [ 110.566981698169812, -6.793429342934289 ], [ 110.566606660666068, -6.793729372937293 ], [ 110.566531653165313, -6.793504350435041 ] ], [ [ 110.573207320732067, -6.793429342934291 ], [ 110.57365736573658, -6.793879387938793 ], [ 110.572832283228323, -6.794479447944788 ], [ 110.572907290729077, -6.79515451545154 ], [ 110.572532253225319, -6.795154515451543 ], [ 110.573207320732067, -6.793429342934291 ] ], [ [ 110.581383138313825, -6.793504350435038 ], [ 110.58145814581458, -6.793429342934293 ], [ 110.58145814581458, -6.79350435043504 ], [ 110.581383138313825, -6.793504350435038 ] ], [ [ 110.581758175817583, -6.79350435043504 ], [ 110.581833183318338, -6.793429342934293 ], [ 110.581833183318338, -6.793504350435044 ], [ 110.581758175817583, -6.79350435043504 ] ], [ [ 110.574407440744068, -6.793804380438035 ], [ 110.574557455745577, -6.793504350435043 ], [ 110.574632463246346, -6.793879387938801 ], [ 110.574407440744068, -6.793804380438035 ] ], [ [ 110.573582358235825, -6.793654365436546 ], [ 110.57365736573658, -6.793579357935801 ], [ 110.57365736573658, -6.793654365436541 ], [ 110.573582358235825, -6.793654365436546 ] ], [ [ 110.566531653165313, -6.793804380438049 ], [ 110.566606660666068, -6.793729372937293 ], [ 110.566606660666068, -6.793804380438043 ], [ 110.566531653165313, -6.793804380438049 ] ], [ [ 110.566456645664573, -6.793804380438051 ], [ 110.566531653165313, -6.794704470447045 ], [ 110.565631563156316, -6.795229522952294 ], [ 110.565331533153312, -6.795904590459047 ], [ 110.565406540654067, -6.796354635463548 ], [ 110.56758175817582, -6.795004500450054 ], [ 110.568031803180318, -6.79545454545455 ], [ 110.567881788178823, -6.796729672967294 ], [ 110.568106810681073, -6.796804680468055 ], [ 110.569231923192319, -6.795454545454549 ], [ 110.569081908190824, -6.796804680468043 ], [ 110.570057005700576, -6.796354635463548 ], [ 110.569456945694569, -6.79755475547554 ], [ 110.569681968196818, -6.79822982298229 ], [ 110.566906690669072, -6.797629762976304 ], [ 110.568106810681073, -6.797179717971795 ], [ 110.566081608160815, -6.797104710471055 ], [ 110.564656465646564, -6.795604560456039 ], [ 110.565256525652572, -6.795754575457543 ], [ 110.566456645664573, -6.793804380438051 ] ], [ [ 110.566231623162309, -6.79395439543954 ], [ 110.566306630663064, -6.793879387938788 ], [ 110.566306630663064, -6.793954395439539 ], [ 110.566231623162309, -6.79395439543954 ] ], [ [ 110.572982298229817, -6.794554455445543 ], [ 110.573057305730572, -6.794404440444051 ], [ 110.573057305730572, -6.794554455445548 ], [ 110.572982298229817, -6.794554455445543 ] ], [ [ 110.573357335733576, -6.794479447944791 ], [ 110.573507350735071, -6.794554455445539 ], [ 110.573357335733576, -6.794629462946296 ], [ 110.573357335733576, -6.794479447944791 ] ], [ [ 110.573957395739569, -6.794479447944797 ], [ 110.574032403240324, -6.794404440444049 ], [ 110.574032403240324, -6.7944794479448 ], [ 110.573957395739569, -6.794479447944797 ] ], [ [ 110.572532253225319, -6.794629462946297 ], [ 110.572607260726073, -6.79455445544554 ], [ 110.572607260726073, -6.794629462946288 ], [ 110.572532253225319, -6.794629462946297 ] ], [ [ 110.572907290729077, -6.794629462946301 ], [ 110.572982298229817, -6.794554455445543 ], [ 110.572982298229817, -6.7946294629463 ], [ 110.572907290729077, -6.794629462946301 ] ], [ [ 110.573282328232835, -6.794779477947797 ], [ 110.573357335733576, -6.794629462946296 ], [ 110.573357335733576, -6.794779477947789 ], [ 110.573282328232835, -6.794779477947797 ] ], [ [ 110.573207320732067, -6.794854485448549 ], [ 110.573282328232835, -6.794779477947797 ], [ 110.573282328232835, -6.794854485448536 ], [ 110.573207320732067, -6.794854485448549 ] ], [ [ 110.573132313231326, -6.7949294929493 ], [ 110.573207320732067, -6.794854485448549 ], [ 110.573207320732067, -6.794929492949302 ], [ 110.573132313231326, -6.7949294929493 ] ], [ [ 110.563681368136812, -6.795154515451553 ], [ 110.563756375637567, -6.795004500450053 ], [ 110.563906390639062, -6.795154515451543 ], [ 110.563681368136812, -6.795154515451553 ] ], [ [ 110.565031503150323, -6.795154515451552 ], [ 110.565106510651063, -6.795079507950791 ], [ 110.565106510651063, -6.79515451545155 ], [ 110.565031503150323, -6.795154515451552 ] ], [ [ 110.563906390639062, -6.795229522952302 ], [ 110.564056405640585, -6.795154515451542 ], [ 110.564056405640585, -6.795229522952297 ], [ 110.563906390639062, -6.795229522952302 ] ], [ [ 110.56428142814282, -6.795229522952288 ], [ 110.564356435643575, -6.79515451545154 ], [ 110.564356435643575, -6.795229522952303 ], [ 110.56428142814282, -6.795229522952288 ] ], [ [ 110.581533153315334, -6.79665466546654 ], [ 110.582358235823577, -6.79530453045304 ], [ 110.582583258325826, -6.795829582958304 ], [ 110.581533153315334, -6.79665466546654 ] ], [ [ 110.564131413141311, -6.795679567956802 ], [ 110.563756375637567, -6.795304530453047 ], [ 110.564356435643575, -6.795679567956805 ], [ 110.564131413141311, -6.795679567956802 ] ], [ [ 110.564056405640585, -6.795304530453039 ], [ 110.564206420642066, -6.795229522952304 ], [ 110.564206420642066, -6.795304530453041 ], [ 110.564056405640585, -6.795304530453039 ] ], [ [ 110.573807380738074, -6.795379537953798 ], [ 110.573882388238829, -6.795229522952296 ], [ 110.573882388238829, -6.795379537953795 ], [ 110.573807380738074, -6.795379537953798 ] ], [ [ 110.564206420642066, -6.795379537953802 ], [ 110.56428142814282, -6.795304530453051 ], [ 110.56428142814282, -6.7953795379538 ], [ 110.564206420642066, -6.795379537953802 ] ], [ [ 110.568931893189315, -6.795454545454549 ], [ 110.569006900690084, -6.795304530453046 ], [ 110.569006900690084, -6.79545454545455 ], [ 110.568931893189315, -6.795454545454549 ] ], [ [ 110.564356435643575, -6.795454545454538 ], [ 110.564431443144315, -6.795379537953796 ], [ 110.564431443144315, -6.795454545454547 ], [ 110.564356435643575, -6.795454545454538 ] ], [ [ 110.564881488148814, -6.795454545454553 ], [ 110.564956495649568, -6.795379537953798 ], [ 110.564956495649568, -6.795454545454552 ], [ 110.564881488148814, -6.795454545454553 ] ], [ [ 110.569081908190824, -6.795454545454546 ], [ 110.569156915691565, -6.79537953795379 ], [ 110.569156915691565, -6.795454545454549 ], [ 110.569081908190824, -6.795454545454546 ] ], [ [ 110.564506450645069, -6.795529552955295 ], [ 110.56458145814581, -6.795454545454546 ], [ 110.56458145814581, -6.795529552955298 ], [ 110.564506450645069, -6.795529552955295 ] ], [ [ 110.563081308130833, -6.795679567956797 ], [ 110.563231323132314, -6.795604560456044 ], [ 110.563231323132314, -6.795679567956802 ], [ 110.563081308130833, -6.795679567956797 ] ], [ [ 110.563006300630065, -6.795829582958302 ], [ 110.563081308130833, -6.795679567956797 ], [ 110.563156315631559, -6.7958295829583 ], [ 110.563006300630065, -6.795829582958302 ] ], [ [ 110.564356435643575, -6.79575457545754 ], [ 110.564431443144315, -6.795679567956798 ], [ 110.564431443144315, -6.795754575457538 ], [ 110.564356435643575, -6.79575457545754 ] ], [ [ 110.564731473147319, -6.796129612961294 ], [ 110.564656465646564, -6.795754575457546 ], [ 110.565031503150323, -6.796204620462054 ], [ 110.564731473147319, -6.796129612961294 ] ], [ [ 110.575682568256823, -6.795829582958301 ], [ 110.575757575757578, -6.795754575457551 ], [ 110.575757575757578, -6.795829582958304 ], [ 110.575682568256823, -6.795829582958301 ] ], [ [ 110.569381938193814, -6.795979597959802 ], [ 110.569456945694569, -6.795829582958294 ], [ 110.569456945694569, -6.795979597959799 ], [ 110.569381938193814, -6.795979597959802 ] ], [ [ 110.575532553255329, -6.795979597959801 ], [ 110.575607560756069, -6.79582958295829 ], [ 110.575607560756069, -6.795979597959795 ], [ 110.575532553255329, -6.795979597959801 ] ], [ [ 110.575682568256823, -6.795979597959795 ], [ 110.575757575757578, -6.795904590459044 ], [ 110.575757575757578, -6.79597959795979 ], [ 110.575682568256823, -6.795979597959795 ] ], [ [ 110.575832583258332, -6.795979597959793 ], [ 110.575982598259827, -6.795904590459041 ], [ 110.575982598259827, -6.795979597959798 ], [ 110.575832583258332, -6.795979597959793 ] ], [ [ 110.575607560756069, -6.796129612961303 ], [ 110.575682568256823, -6.795979597959795 ], [ 110.575682568256823, -6.796129612961295 ], [ 110.575607560756069, -6.796129612961303 ] ], [ [ 110.575232523252325, -6.796729672967304 ], [ 110.57673267326733, -6.796429642964301 ], [ 110.57650765076508, -6.797104710471051 ], [ 110.575232523252325, -6.796729672967304 ] ], [ [ 110.565406540654067, -6.796129612961301 ], [ 110.565481548154821, -6.796054605460542 ], [ 110.565481548154821, -6.796129612961295 ], [ 110.565406540654067, -6.796129612961301 ] ], [ [ 110.569606960696063, -6.79620462046204 ], [ 110.569681968196818, -6.796054605460551 ], [ 110.569681968196818, -6.796204620462041 ], [ 110.569606960696063, -6.79620462046204 ] ], [ [ 110.569531953195323, -6.796354635463552 ], [ 110.569606960696063, -6.79620462046204 ], [ 110.569606960696063, -6.796354635463556 ], [ 110.569531953195323, -6.796354635463552 ] ], [ [ 110.57538253825382, -6.796354635463554 ], [ 110.575457545754574, -6.796279627962791 ], [ 110.575457545754574, -6.796354635463548 ], [ 110.57538253825382, -6.796354635463554 ] ], [ [ 110.57673267326733, -6.796429642964301 ], [ 110.57680768076807, -6.796279627962798 ], [ 110.57680768076807, -6.796429642964295 ], [ 110.57673267326733, -6.796429642964301 ] ], [ [ 110.562106210621067, -6.796654665466551 ], [ 110.562256225622562, -6.796429642964299 ], [ 110.562256225622562, -6.796654665466541 ], [ 110.562106210621067, -6.796654665466551 ] ], [ [ 110.570657065706584, -6.796654665466548 ], [ 110.571032103210328, -6.79665466546654 ], [ 110.570732073207324, -6.796954695469552 ], [ 110.570657065706584, -6.796654665466548 ] ], [ [ 110.581608160816089, -6.796729672967291 ], [ 110.582133213321328, -6.796654665466543 ], [ 110.581608160816089, -6.797179717971794 ], [ 110.581608160816089, -6.796729672967291 ] ], [ [ 110.563231323132314, -6.79657965796579 ], [ 110.563306330633068, -6.796504650465045 ], [ 110.563306330633068, -6.796579657965792 ], [ 110.563231323132314, -6.79657965796579 ] ], [ [ 110.569231923192319, -6.796579657965795 ], [ 110.569306930693074, -6.796504650465052 ], [ 110.569306930693074, -6.796579657965789 ], [ 110.569231923192319, -6.796579657965795 ] ], [ [ 110.563156315631559, -6.796654665466548 ], [ 110.563231323132314, -6.79657965796579 ], [ 110.563231323132314, -6.79665466546655 ], [ 110.563156315631559, -6.796654665466548 ] ], [ [ 110.562331233123317, -6.796729672967302 ], [ 110.562406240624057, -6.796654665466549 ], [ 110.562406240624057, -6.796729672967305 ], [ 110.562331233123317, -6.796729672967302 ] ], [ [ 110.569156915691565, -6.79672967296729 ], [ 110.569231923192319, -6.796654665466538 ], [ 110.569231923192319, -6.796729672967305 ], [ 110.569156915691565, -6.79672967296729 ] ], [ [ 110.571182118211823, -6.797029702970299 ], [ 110.571857185718571, -6.7967296729673 ], [ 110.571782178217816, -6.79710471047104 ], [ 110.571182118211823, -6.797029702970299 ] ], [ [ 110.579132913291332, -6.797779777977803 ], [ 110.579657965796585, -6.797029702970295 ], [ 110.578832883288328, -6.798529852985294 ], [ 110.579132913291332, -6.797779777977803 ] ], [ [ 110.562256225622562, -6.796804680468052 ], [ 110.562331233123317, -6.796729672967302 ], [ 110.562331233123317, -6.796804680468055 ], [ 110.562256225622562, -6.796804680468052 ] ], [ [ 110.565181518151817, -6.796954695469545 ], [ 110.565406540654067, -6.796879687968794 ], [ 110.565481548154821, -6.797104710471052 ], [ 110.565181518151817, -6.796954695469545 ] ], [ [ 110.57208220822082, -6.796954695469538 ], [ 110.572307230723084, -6.796804680468051 ], [ 110.572232223222329, -6.797029702970299 ], [ 110.57208220822082, -6.796954695469538 ] ], [ [ 110.576657665766575, -6.797179717971803 ], [ 110.57680768076807, -6.797104710471053 ], [ 110.57680768076807, -6.797179717971789 ], [ 110.576657665766575, -6.797179717971803 ] ], [ [ 110.57680768076807, -6.79725472547255 ], [ 110.576882688268824, -6.797179717971794 ], [ 110.576882688268824, -6.797254725472541 ], [ 110.57680768076807, -6.79725472547255 ] ], [ [ 110.581533153315334, -6.797254725472542 ], [ 110.581608160816089, -6.797179717971794 ], [ 110.581608160816089, -6.797254725472547 ], [ 110.581533153315334, -6.797254725472542 ] ], [ [ 110.566306630663064, -6.797479747974791 ], [ 110.566456645664573, -6.797554755475545 ], [ 110.566306630663064, -6.797554755475556 ], [ 110.566306630663064, -6.797479747974791 ] ], [ [ 110.566531653165313, -6.797554755475551 ], [ 110.566606660666068, -6.797479747974792 ], [ 110.566606660666068, -6.797554755475549 ], [ 110.566531653165313, -6.797554755475551 ] ], [ [ 110.579582958295845, -6.798454845484542 ], [ 110.580108010801084, -6.797779777977802 ], [ 110.579582958295845, -6.79875487548755 ], [ 110.579582958295845, -6.798454845484542 ] ], [ [ 110.569531953195323, -6.797629762976299 ], [ 110.569681968196818, -6.797779777977803 ], [ 110.569531953195323, -6.79777977797779 ], [ 110.569531953195323, -6.797629762976299 ] ], [ [ 110.578682868286833, -6.7979297929793 ], [ 110.578757875787574, -6.797779777977805 ], [ 110.578757875787574, -6.797929792979304 ], [ 110.578682868286833, -6.7979297929793 ] ], [ [ 110.560156015601564, -6.797929792979293 ], [ 110.560306030603059, -6.797854785478545 ], [ 110.560306030603059, -6.798004800480052 ], [ 110.560156015601564, -6.797929792979293 ] ], [ [ 110.577857785778576, -6.798004800480049 ], [ 110.57815781578158, -6.797854785478546 ], [ 110.57815781578158, -6.798154815481545 ], [ 110.577857785778576, -6.798004800480049 ] ], [ [ 110.573957395739569, -6.798529852985293 ], [ 110.574782478247826, -6.798229822982297 ], [ 110.574632463246346, -6.798754875487547 ], [ 110.573957395739569, -6.798529852985293 ] ], [ [ 110.579957995799575, -6.799054905490551 ], [ 110.580633063306337, -6.798454845484542 ], [ 110.580033003300329, -6.799354935493554 ], [ 110.579957995799575, -6.799054905490551 ] ], [ [ 110.566681668166822, -6.798154815481547 ], [ 110.566756675667563, -6.798004800480045 ], [ 110.566756675667563, -6.798154815481542 ], [ 110.566681668166822, -6.798154815481547 ] ], [ [ 110.578607860786079, -6.798229822982289 ], [ 110.578682868286833, -6.798004800480042 ], [ 110.578682868286833, -6.798229822982298 ], [ 110.578607860786079, -6.798229822982289 ] ], [ [ 110.568706870687066, -6.798154815481553 ], [ 110.568781878187821, -6.798079807980798 ], [ 110.568781878187821, -6.798154815481542 ], [ 110.568706870687066, -6.798154815481553 ] ], [ [ 110.578232823282335, -6.798154815481549 ], [ 110.578307830783075, -6.798079807980792 ], [ 110.578307830783075, -6.798154815481547 ], [ 110.578232823282335, -6.798154815481549 ] ], [ [ 110.566606660666068, -6.798229822982295 ], [ 110.566681668166822, -6.798154815481547 ], [ 110.566681668166822, -6.798229822982302 ], [ 110.566606660666068, -6.798229822982295 ] ], [ [ 110.577857785778576, -6.798604860486043 ], [ 110.57815781578158, -6.798304830483057 ], [ 110.578007800780071, -6.798679867986795 ], [ 110.577857785778576, -6.798604860486043 ] ], [ [ 110.578232823282335, -6.798304830483047 ], [ 110.578307830783075, -6.798229822982294 ], [ 110.578307830783075, -6.798304830483041 ], [ 110.578232823282335, -6.798304830483047 ] ], [ [ 110.569081908190824, -6.798454845484553 ], [ 110.569156915691565, -6.798379837983794 ], [ 110.569156915691565, -6.798454845484551 ], [ 110.569081908190824, -6.798454845484553 ] ], [ [ 110.574782478247826, -6.7985298529853 ], [ 110.574857485748581, -6.798379837983804 ], [ 110.574857485748581, -6.798529852985292 ], [ 110.574782478247826, -6.7985298529853 ] ], [ [ 110.57815781578158, -6.798679867986807 ], [ 110.578307830783075, -6.798379837983799 ], [ 110.578307830783075, -6.798679867986791 ], [ 110.57815781578158, -6.798679867986807 ] ], [ [ 110.573882388238829, -6.798754875487544 ], [ 110.574032403240324, -6.798604860486055 ], [ 110.574032403240324, -6.798754875487545 ], [ 110.573882388238829, -6.798754875487544 ] ], [ [ 110.574707470747072, -6.798679867986801 ], [ 110.574782478247826, -6.798604860486054 ], [ 110.574782478247826, -6.7986798679868 ], [ 110.574707470747072, -6.798679867986801 ] ], [ [ 110.574032403240324, -6.798829882988306 ], [ 110.574107410741078, -6.798754875487552 ], [ 110.574107410741078, -6.798829882988302 ], [ 110.574032403240324, -6.798829882988306 ] ], [ [ 110.574632463246346, -6.798829882988308 ], [ 110.574707470747072, -6.798754875487546 ], [ 110.574707470747072, -6.798829882988294 ], [ 110.574632463246346, -6.798829882988308 ] ], [ [ 110.574257425742573, -6.798979897989806 ], [ 110.574707470747072, -6.79890489048905 ], [ 110.574707470747072, -6.79905490549054 ], [ 110.574257425742573, -6.798979897989806 ] ], [ [ 110.582133213321328, -6.799129912991307 ], [ 110.582208220822096, -6.799054905490552 ], [ 110.582208220822096, -6.799129912991301 ], [ 110.582133213321328, -6.799129912991307 ] ], [ [ 110.581833183318338, -6.79950495049505 ], [ 110.581908190819078, -6.799429942994293 ], [ 110.581908190819078, -6.799504950495044 ], [ 110.581833183318338, -6.79950495049505 ] ], [ [ 110.582058205820587, -6.799654965496552 ], [ 110.582133213321328, -6.799579957995801 ], [ 110.582133213321328, -6.799654965496544 ], [ 110.582058205820587, -6.799654965496552 ] ], [ [ 110.560756075607557, -6.799879987998794 ], [ 110.560906090609066, -6.799729972997297 ], [ 110.560831083108312, -6.799879987998803 ], [ 110.560756075607557, -6.799879987998794 ] ], [ [ 110.560081008100823, -6.799804980498047 ], [ 110.560306030603059, -6.799804980498045 ], [ 110.560006000600055, -6.800180018001806 ], [ 110.560081008100823, -6.799804980498047 ] ], [ [ 110.560456045604568, -6.799804980498055 ], [ 110.560531053105308, -6.799729972997301 ], [ 110.560531053105308, -6.799804980498056 ], [ 110.560456045604568, -6.799804980498055 ] ], [ [ 110.581983198319833, -6.799804980498057 ], [ 110.582058205820587, -6.799729972997306 ], [ 110.582058205820587, -6.799804980498047 ], [ 110.581983198319833, -6.799804980498057 ] ], [ [ 110.560306030603059, -6.800030003000297 ], [ 110.560456045604568, -6.800105010501045 ], [ 110.560306030603059, -6.800105010501052 ], [ 110.560306030603059, -6.800030003000297 ] ], [ [ 110.581833183318338, -6.800105010501052 ], [ 110.581908190819078, -6.800030003000301 ], [ 110.581908190819078, -6.800105010501044 ], [ 110.581833183318338, -6.800105010501052 ] ], [ [ 110.560456045604568, -6.800330033003302 ], [ 110.560606060606062, -6.800405040504057 ], [ 110.560456045604568, -6.800405040504056 ], [ 110.560456045604568, -6.800330033003302 ] ], [ [ 110.56150615061506, -6.801080108010804 ], [ 110.561581158115814, -6.801005100510059 ], [ 110.561581158115814, -6.801080108010797 ], [ 110.56150615061506, -6.801080108010804 ] ], [ [ 110.561806180618063, -6.801530153015306 ], [ 110.562031203120313, -6.801305130513058 ], [ 110.561656165616569, -6.801755175517546 ], [ 110.561806180618063, -6.801530153015306 ] ], [ [ 110.56150615061506, -6.801380138013802 ], [ 110.561581158115814, -6.801230123012291 ], [ 110.561581158115814, -6.801380138013807 ], [ 110.56150615061506, -6.801380138013802 ] ], [ [ 110.560831083108312, -6.801455145514546 ], [ 110.560906090609066, -6.801380138013809 ], [ 110.560906090609066, -6.801455145514558 ], [ 110.560831083108312, -6.801455145514546 ] ], [ [ 110.560681068106817, -6.801905190519048 ], [ 110.561056105610575, -6.80168016801681 ], [ 110.561056105610575, -6.802130213021295 ], [ 110.560681068106817, -6.801905190519048 ] ], [ [ 110.560981098109806, -6.8015301530153 ], [ 110.561056105610575, -6.801455145514545 ], [ 110.561056105610575, -6.801530153015307 ], [ 110.560981098109806, -6.8015301530153 ] ], [ [ 110.561131113111315, -6.801830183018302 ], [ 110.56128112811281, -6.801755175517559 ], [ 110.56128112811281, -6.801830183018306 ], [ 110.561131113111315, -6.801830183018302 ] ], [ [ 110.561581158115814, -6.801830183018297 ], [ 110.561656165616569, -6.801755175517546 ], [ 110.561656165616569, -6.801830183018299 ], [ 110.561581158115814, -6.801830183018297 ] ], [ [ 110.561731173117323, -6.801905190519051 ], [ 110.561806180618063, -6.8018301830183 ], [ 110.561806180618063, -6.801905190519046 ], [ 110.561731173117323, -6.801905190519051 ] ], [ [ 110.560606060606062, -6.802055205520547 ], [ 110.560681068106817, -6.801980198019797 ], [ 110.560681068106817, -6.802055205520552 ], [ 110.560606060606062, -6.802055205520547 ] ], [ [ 110.561656165616569, -6.802055205520554 ], [ 110.561731173117323, -6.801980198019809 ], [ 110.561731173117323, -6.802055205520555 ], [ 110.561656165616569, -6.802055205520554 ] ], [ [ 110.561956195619558, -6.802055205520548 ], [ 110.562181218121808, -6.801980198019801 ], [ 110.562181218121808, -6.802130213021299 ], [ 110.561956195619558, -6.802055205520548 ] ], [ [ 110.560681068106817, -6.802130213021297 ], [ 110.560756075607557, -6.802055205520559 ], [ 110.560756075607557, -6.802130213021298 ], [ 110.560681068106817, -6.802130213021297 ] ], [ [ 110.561056105610575, -6.802205220522052 ], [ 110.561206120612056, -6.802130213021306 ], [ 110.561206120612056, -6.802205220522054 ], [ 110.561056105610575, -6.802205220522052 ] ], [ [ 110.562331233123317, -6.802205220522044 ], [ 110.562406240624057, -6.802130213021298 ], [ 110.562406240624057, -6.802205220522058 ], [ 110.562331233123317, -6.802205220522044 ] ], [ [ 110.562031203120313, -6.802280228022801 ], [ 110.562106210621067, -6.802205220522049 ], [ 110.562106210621067, -6.802280228022794 ], [ 110.562031203120313, -6.802280228022801 ] ], [ [ 110.562256225622562, -6.802280228022793 ], [ 110.562331233123317, -6.802205220522044 ], [ 110.562331233123317, -6.802280228022801 ], [ 110.562256225622562, -6.802280228022793 ] ], [ [ 110.563156315631559, -6.802280228022807 ], [ 110.563231323132314, -6.802205220522045 ], [ 110.563231323132314, -6.802280228022805 ], [ 110.563156315631559, -6.802280228022807 ] ], [ [ 110.56150615061506, -6.802355235523544 ], [ 110.561581158115814, -6.802280228022808 ], [ 110.561581158115814, -6.802355235523554 ], [ 110.56150615061506, -6.802355235523544 ] ], [ [ 110.562106210621067, -6.802355235523543 ], [ 110.562181218121808, -6.802280228022803 ], [ 110.562181218121808, -6.802355235523546 ], [ 110.562106210621067, -6.802355235523543 ] ], [ [ 110.563006300630065, -6.803030303030305 ], [ 110.563606360636058, -6.802505250525052 ], [ 110.563456345634563, -6.803255325532558 ], [ 110.563006300630065, -6.803030303030305 ] ], [ [ 110.563231323132314, -6.802355235523553 ], [ 110.563306330633068, -6.8022802280228 ], [ 110.563306330633068, -6.802355235523557 ], [ 110.563231323132314, -6.802355235523553 ] ], [ [ 110.562481248124811, -6.802505250525052 ], [ 110.562631263126306, -6.802430243024306 ], [ 110.562631263126306, -6.802505250525048 ], [ 110.562481248124811, -6.802505250525052 ] ], [ [ 110.561431143114305, -6.802580258025803 ], [ 110.561806180618063, -6.802505250525047 ], [ 110.561806180618063, -6.802655265526552 ], [ 110.561431143114305, -6.802580258025803 ] ], [ [ 110.562406240624057, -6.802655265526549 ], [ 110.562481248124811, -6.802580258025799 ], [ 110.562481248124811, -6.80265526552655 ], [ 110.562406240624057, -6.802655265526549 ] ], [ [ 110.562556255625566, -6.802730273027297 ], [ 110.562706270627075, -6.802805280528048 ], [ 110.562556255625566, -6.802805280528051 ], [ 110.562556255625566, -6.802730273027297 ] ], [ [ 110.562106210621067, -6.803180318031801 ], [ 110.56285628562857, -6.80295529552955 ], [ 110.562781278127815, -6.803180318031806 ], [ 110.562106210621067, -6.803180318031801 ] ], [ [ 110.564431443144315, -6.802880288028807 ], [ 110.564506450645069, -6.802805280528051 ], [ 110.564506450645069, -6.802880288028802 ], [ 110.564431443144315, -6.802880288028807 ] ], [ [ 110.564431443144315, -6.803030303030295 ], [ 110.564506450645069, -6.802955295529556 ], [ 110.564506450645069, -6.803030303030303 ], [ 110.564431443144315, -6.803030303030295 ] ], [ [ 110.564731473147319, -6.803030303030296 ], [ 110.564806480648059, -6.802955295529546 ], [ 110.564806480648059, -6.803030303030295 ], [ 110.564731473147319, -6.803030303030296 ] ], [ [ 110.564656465646564, -6.803105310531055 ], [ 110.564731473147319, -6.803030303030296 ], [ 110.564731473147319, -6.803105310531045 ], [ 110.564656465646564, -6.803105310531055 ] ], [ [ 110.563681368136812, -6.803180318031799 ], [ 110.563756375637567, -6.80310531053105 ], [ 110.563756375637567, -6.803180318031808 ], [ 110.563681368136812, -6.803180318031799 ] ], [ [ 110.563756375637567, -6.803255325532554 ], [ 110.563831383138307, -6.803180318031798 ], [ 110.563831383138307, -6.803255325532552 ], [ 110.563756375637567, -6.803255325532554 ] ], [ [ 110.563906390639062, -6.803405340534049 ], [ 110.564206420642066, -6.803255325532552 ], [ 110.56428142814282, -6.80340534053405 ], [ 110.563906390639062, -6.803405340534049 ] ], [ [ 110.564356435643575, -6.803405340534058 ], [ 110.56458145814581, -6.803255325532554 ], [ 110.564731473147319, -6.803480348034803 ], [ 110.564356435643575, -6.803405340534058 ] ], [ [ 110.564806480648059, -6.803555355535554 ], [ 110.564956495649568, -6.803480348034805 ], [ 110.565031503150323, -6.803705370537063 ], [ 110.564806480648059, -6.803555355535554 ] ], [ [ 110.564356435643575, -6.80370537053706 ], [ 110.564881488148814, -6.803705370537051 ], [ 110.565106510651063, -6.804080408040805 ], [ 110.564356435643575, -6.80370537053706 ] ], [ [ 110.565556555655562, -6.803630363036295 ], [ 110.565631563156316, -6.803555355535545 ], [ 110.565631563156316, -6.803630363036302 ], [ 110.565556555655562, -6.803630363036295 ] ], [ [ 110.565481548154821, -6.803705370537054 ], [ 110.565556555655562, -6.803630363036295 ], [ 110.565556555655562, -6.803705370537053 ], [ 110.565481548154821, -6.803705370537054 ] ], [ [ 110.565331533153312, -6.804080408040807 ], [ 110.565406540654067, -6.803780378037809 ], [ 110.565481548154821, -6.804080408040807 ], [ 110.565331533153312, -6.804080408040807 ] ], [ [ 110.565406540654067, -6.803780378037809 ], [ 110.565481548154821, -6.803705370537054 ], [ 110.565481548154821, -6.803780378037799 ], [ 110.565406540654067, -6.803780378037809 ] ], [ [ 110.566006600660074, -6.803855385538555 ], [ 110.566081608160815, -6.803705370537055 ], [ 110.566081608160815, -6.803855385538556 ], [ 110.566006600660074, -6.803855385538555 ] ], [ [ 110.565481548154821, -6.8039303930393 ], [ 110.565631563156316, -6.803855385538557 ], [ 110.565631563156316, -6.803930393039301 ], [ 110.565481548154821, -6.8039303930393 ] ], [ [ 110.566156615661569, -6.804155415541557 ], [ 110.566381638163818, -6.8040804080408 ], [ 110.566381638163818, -6.804155415541558 ], [ 110.566156615661569, -6.804155415541557 ] ], [ [ 110.566456645664573, -6.804155415541553 ], [ 110.566531653165313, -6.80408040804081 ], [ 110.566531653165313, -6.804155415541557 ], [ 110.566456645664573, -6.804155415541553 ] ], [ [ 110.565181518151817, -6.804305430543047 ], [ 110.565256525652572, -6.804155415541549 ], [ 110.565331533153312, -6.804305430543054 ], [ 110.565181518151817, -6.804305430543047 ] ], [ [ 110.565556555655562, -6.804305430543061 ], [ 110.56593159315932, -6.804230423042302 ], [ 110.566006600660074, -6.804455445544551 ], [ 110.565556555655562, -6.804305430543061 ] ], [ [ 110.566381638163818, -6.804230423042307 ], [ 110.566456645664573, -6.804155415541553 ], [ 110.566456645664573, -6.804230423042304 ], [ 110.566381638163818, -6.804230423042307 ] ], [ [ 110.56593159315932, -6.80483048304831 ], [ 110.565856585658565, -6.804530453045302 ], [ 110.566081608160815, -6.804830483048296 ], [ 110.56593159315932, -6.80483048304831 ] ], [ [ 110.566381638163818, -6.804905490549054 ], [ 110.566231623162309, -6.804455445544546 ], [ 110.566531653165313, -6.804830483048304 ], [ 110.566381638163818, -6.804905490549054 ] ], [ [ 110.567131713171321, -6.804605460546063 ], [ 110.567206720672061, -6.80453045304531 ], [ 110.567206720672061, -6.804605460546056 ], [ 110.567131713171321, -6.804605460546063 ] ], [ [ 110.563081308130833, -6.804905490549051 ], [ 110.563606360636058, -6.804905490549046 ], [ 110.563681368136812, -6.805280528052798 ], [ 110.563081308130833, -6.804905490549051 ] ], [ [ 110.567131713171321, -6.804830483048305 ], [ 110.567206720672061, -6.804755475547561 ], [ 110.567206720672061, -6.804830483048304 ], [ 110.567131713171321, -6.804830483048305 ] ], [ [ 110.566081608160815, -6.8049804980498 ], [ 110.566456645664573, -6.80513051305131 ], [ 110.566456645664573, -6.805280528052801 ], [ 110.566081608160815, -6.8049804980498 ] ], [ [ 110.567056705670566, -6.804905490549049 ], [ 110.567131713171321, -6.804830483048305 ], [ 110.567131713171321, -6.804905490549054 ], [ 110.567056705670566, -6.804905490549049 ] ], [ [ 110.558730873087313, -6.804905490549056 ], [ 110.564356435643575, -6.80760576057606 ], [ 110.566006600660074, -6.809555955595565 ], [ 110.562481248124811, -6.807755775577554 ], [ 110.558730873087313, -6.804905490549056 ] ], [ [ 110.567356735673584, -6.805055505550555 ], [ 110.567431743174311, -6.804980498049813 ], [ 110.567431743174311, -6.805055505550557 ], [ 110.567356735673584, -6.805055505550555 ] ], [ [ 110.567431743174311, -6.80513051305131 ], [ 110.567506750675065, -6.805055505550555 ], [ 110.567506750675065, -6.805130513051309 ], [ 110.567431743174311, -6.80513051305131 ] ], [ [ 110.566606660666068, -6.805130513051312 ], [ 110.567806780678069, -6.805205520552054 ], [ 110.567731773177314, -6.805505550555062 ], [ 110.568781878187821, -6.80640564056405 ], [ 110.566606660666068, -6.805130513051312 ] ], [ [ 110.567806780678069, -6.805205520552054 ], [ 110.567881788178823, -6.805130513051299 ], [ 110.567881788178823, -6.805205520552058 ], [ 110.567806780678069, -6.805205520552054 ] ], [ [ 110.563681368136812, -6.805355535553547 ], [ 110.563831383138307, -6.805280528052805 ], [ 110.563906390639062, -6.805505550555061 ], [ 110.563681368136812, -6.805355535553547 ] ], [ [ 110.567881788178823, -6.805430543054299 ], [ 110.567956795679564, -6.805355535553557 ], [ 110.567956795679564, -6.805430543054298 ], [ 110.567881788178823, -6.805430543054299 ] ], [ [ 110.568106810681073, -6.805580558055807 ], [ 110.568181818181813, -6.805505550555054 ], [ 110.568181818181813, -6.805580558055804 ], [ 110.568106810681073, -6.805580558055807 ] ], [ [ 110.564056405640585, -6.805655565556558 ], [ 110.564131413141311, -6.805580558055808 ], [ 110.564131413141311, -6.805655565556552 ], [ 110.564056405640585, -6.805655565556558 ] ], [ [ 110.564131413141311, -6.805730573057301 ], [ 110.564206420642066, -6.805655565556555 ], [ 110.564206420642066, -6.805730573057311 ], [ 110.564131413141311, -6.805730573057301 ] ], [ [ 110.558505850585064, -6.805955595559558 ], [ 110.558730873087313, -6.80573057305731 ], [ 110.558655865586559, -6.806030603060308 ], [ 110.558505850585064, -6.805955595559558 ] ], [ [ 110.56428142814282, -6.805730573057312 ], [ 110.566531653165313, -6.807905790579061 ], [ 110.566381638163818, -6.808355835583552 ], [ 110.564656465646564, -6.806630663066315 ], [ 110.56428142814282, -6.805730573057312 ] ], [ [ 110.577707770777081, -6.806180618061813 ], [ 110.577857785778576, -6.8060306030603 ], [ 110.578007800780071, -6.806180618061812 ], [ 110.577707770777081, -6.806180618061813 ] ], [ [ 110.567431743174311, -6.806555655565556 ], [ 110.567506750675065, -6.806405640564062 ], [ 110.567506750675065, -6.806555655565554 ], [ 110.567431743174311, -6.806555655565556 ] ], [ [ 110.569006900690084, -6.807080708070813 ], [ 110.569456945694569, -6.806705670567057 ], [ 110.569531953195323, -6.806930693069298 ], [ 110.569006900690084, -6.807080708070813 ] ], [ [ 110.568406840684062, -6.806555655565554 ], [ 110.568556855685571, -6.806480648064805 ], [ 110.568556855685571, -6.806555655565552 ], [ 110.568406840684062, -6.806555655565554 ] ], [ [ 110.568631863186312, -6.806630663066295 ], [ 110.568706870687066, -6.80655565556555 ], [ 110.568706870687066, -6.8066306630663 ], [ 110.568631863186312, -6.806630663066295 ] ], [ [ 110.569531953195323, -6.807155715571556 ], [ 110.569756975697572, -6.806930693069312 ], [ 110.569681968196818, -6.807230723072302 ], [ 110.569531953195323, -6.807155715571556 ] ], [ [ 110.556405640564051, -6.807605760576054 ], [ 110.557230723072308, -6.807305730573054 ], [ 110.556480648064806, -6.807830783078312 ], [ 110.556405640564051, -6.807605760576054 ] ], [ [ 110.569306930693074, -6.807305730573061 ], [ 110.569381938193814, -6.807230723072309 ], [ 110.569381938193814, -6.807305730573054 ], [ 110.569306930693074, -6.807305730573061 ] ], [ [ 110.569381938193814, -6.807380738073804 ], [ 110.569456945694569, -6.807305730573056 ], [ 110.569456945694569, -6.807380738073803 ], [ 110.569381938193814, -6.807380738073804 ] ], [ [ 110.566456645664573, -6.808580858085807 ], [ 110.566531653165313, -6.808505850585059 ], [ 110.566531653165313, -6.808580858085804 ], [ 110.566456645664573, -6.808580858085807 ] ], [ [ 110.566906690669072, -6.809180918091816 ], [ 110.567506750675065, -6.809255925592555 ], [ 110.567881788178823, -6.809855985598555 ], [ 110.566906690669072, -6.809180918091816 ] ], [ [ 110.550930093009299, -6.81030603060306 ], [ 110.551830183018296, -6.809555955595563 ], [ 110.551605160516047, -6.809855985598561 ], [ 110.550930093009299, -6.81030603060306 ] ], [ [ 110.567956795679564, -6.810081008100815 ], [ 110.568031803180318, -6.810006000600067 ], [ 110.568031803180318, -6.810081008100802 ], [ 110.567956795679564, -6.810081008100815 ] ], [ [ 110.568031803180318, -6.81015601560156 ], [ 110.568106810681073, -6.810081008100811 ], [ 110.568106810681073, -6.810156015601568 ], [ 110.568031803180318, -6.81015601560156 ] ], [ [ 110.568106810681073, -6.810231023102314 ], [ 110.568181818181813, -6.810156015601561 ], [ 110.568181818181813, -6.810231023102307 ], [ 110.568106810681073, -6.810231023102314 ] ], [ [ 110.568181818181813, -6.810306030603055 ], [ 110.568331833183322, -6.810231023102318 ], [ 110.568331833183322, -6.810306030603066 ], [ 110.568181818181813, -6.810306030603055 ] ], [ [ 110.569006900690084, -6.810681068106809 ], [ 110.569381938193814, -6.810681068106817 ], [ 110.569306930693074, -6.810831083108318 ], [ 110.569006900690084, -6.810681068106809 ] ], [ [ 110.569981998199836, -6.811281128112805 ], [ 110.570282028202826, -6.811056105610564 ], [ 110.570207020702071, -6.811356135613555 ], [ 110.569981998199836, -6.811281128112805 ] ], [ [ 110.570207020702071, -6.811431143114306 ], [ 110.570282028202826, -6.811356135613567 ], [ 110.570282028202826, -6.811431143114315 ], [ 110.570207020702071, -6.811431143114306 ] ], [ [ 110.556105610561062, -6.81165616561656 ], [ 110.556255625562557, -6.811506150615059 ], [ 110.556405640564051, -6.811731173117308 ], [ 110.556105610561062, -6.81165616561656 ] ], [ [ 110.556480648064806, -6.811881188118805 ], [ 110.556780678067824, -6.811806180618065 ], [ 110.556780678067824, -6.811956195619558 ], [ 110.556480648064806, -6.811881188118805 ] ], [ [ 110.557455745574558, -6.812556255625553 ], [ 110.557605760576052, -6.812256225622569 ], [ 110.557680768076807, -6.812481248124813 ], [ 110.557455745574558, -6.812556255625553 ] ], [ [ 110.558955895589563, -6.813756375637555 ], [ 110.558355835583555, -6.812481248124818 ], [ 110.559330933093307, -6.813531353135318 ], [ 110.558955895589563, -6.813756375637555 ] ], [ [ 110.557830783078302, -6.812631263126308 ], [ 110.557905790579056, -6.812556255625565 ], [ 110.557905790579056, -6.812631263126306 ], [ 110.557830783078302, -6.812631263126308 ] ], [ [ 110.559330933093307, -6.813306330633071 ], [ 110.559405940594061, -6.813231323132312 ], [ 110.559405940594061, -6.81330633063307 ], [ 110.559330933093307, -6.813306330633071 ] ], [ [ 110.559180918091812, -6.814056405640561 ], [ 110.559330933093307, -6.813906390639072 ], [ 110.559405940594061, -6.814056405640563 ], [ 110.559180918091812, -6.814056405640561 ] ], [ [ 110.559405940594061, -6.814131413141309 ], [ 110.559480948094816, -6.814056405640567 ], [ 110.559480948094816, -6.814131413141311 ], [ 110.559405940594061, -6.814131413141309 ] ], [ [ 110.559330933093307, -6.814206420642057 ], [ 110.559405940594061, -6.814131413141309 ], [ 110.559405940594061, -6.814206420642059 ], [ 110.559330933093307, -6.814206420642057 ] ], [ [ 110.559555955595556, -6.814281428142821 ], [ 110.559780978097805, -6.814206420642066 ], [ 110.559780978097805, -6.814281428142806 ], [ 110.559555955595556, -6.814281428142821 ] ], [ [ 110.559780978097805, -6.81435643564357 ], [ 110.55985598559856, -6.814281428142815 ], [ 110.55985598559856, -6.814356435643559 ], [ 110.559780978097805, -6.81435643564357 ] ], [ [ 110.550405040504046, -6.814656465646559 ], [ 110.550855085508545, -6.814506450645067 ], [ 110.550930093009299, -6.81473147314732 ], [ 110.550405040504046, -6.814656465646559 ] ], [ [ 110.550555055505555, -6.814881488148816 ], [ 110.550780078007804, -6.814731473147306 ], [ 110.550855085508545, -6.814881488148812 ], [ 110.550555055505555, -6.814881488148816 ] ], [ [ 110.551080108010808, -6.815031503150312 ], [ 110.551230123012303, -6.814956495649566 ], [ 110.551230123012303, -6.815031503150308 ], [ 110.551080108010808, -6.815031503150312 ] ], [ [ 110.560756075607557, -6.815181518151816 ], [ 110.560831083108312, -6.815031503150315 ], [ 110.560906090609066, -6.815181518151824 ], [ 110.560756075607557, -6.815181518151816 ] ], [ [ 110.562106210621067, -6.815481548154823 ], [ 110.562256225622562, -6.81540654065406 ], [ 110.562256225622562, -6.815481548154823 ], [ 110.562106210621067, -6.815481548154823 ] ], [ [ 110.544179417941791, -6.822457245724574 ], [ 110.545154515451543, -6.82163216321632 ], [ 110.544479447944795, -6.822757275727568 ], [ 110.544179417941791, -6.822457245724574 ] ], [ [ 110.551755175517556, -6.821707170717071 ], [ 110.551830183018296, -6.821632163216319 ], [ 110.551830183018296, -6.821707170717068 ], [ 110.551755175517556, -6.821707170717071 ] ], [ [ 110.551455145514552, -6.822382238223829 ], [ 110.551755175517556, -6.822307230723078 ], [ 110.551455145514552, -6.822457245724573 ], [ 110.551455145514552, -6.822382238223829 ] ], [ [ 110.544854485448553, -6.822982298229825 ], [ 110.545154515451543, -6.822757275727564 ], [ 110.545079507950788, -6.822982298229817 ], [ 110.544854485448553, -6.822982298229825 ] ], [ [ 110.551230123012303, -6.822832283228326 ], [ 110.551305130513057, -6.82268226822683 ], [ 110.551305130513057, -6.82283228322832 ], [ 110.551230123012303, -6.822832283228326 ] ], [ [ 110.543804380438047, -6.824107410741076 ], [ 110.544104410441051, -6.823732373237329 ], [ 110.544929492949294, -6.823282328232828 ], [ 110.548079807980798, -6.82545754575457 ], [ 110.548004800480044, -6.825832583258322 ], [ 110.545229522952312, -6.825682568256819 ], [ 110.543804380438047, -6.824107410741076 ] ], [ [ 110.54440444044404, -6.822907290729074 ], [ 110.544479447944795, -6.822832283228313 ], [ 110.544479447944795, -6.822907290729079 ], [ 110.54440444044404, -6.822907290729074 ] ], [ [ 110.551155115511563, -6.822907290729075 ], [ 110.551230123012303, -6.822832283228326 ], [ 110.551230123012303, -6.822907290729066 ], [ 110.551155115511563, -6.822907290729075 ] ], [ [ 110.551080108010808, -6.822982298229825 ], [ 110.551155115511563, -6.822907290729075 ], [ 110.551155115511563, -6.822982298229825 ], [ 110.551080108010808, -6.822982298229825 ] ], [ [ 110.548679867986792, -6.824107410741068 ], [ 110.549354935493554, -6.82380738073807 ], [ 110.548754875487546, -6.824332433243328 ], [ 110.548679867986792, -6.824107410741068 ] ], [ [ 110.549954995499547, -6.824182418241823 ], [ 110.550855085508545, -6.823432343234316 ], [ 110.549954995499547, -6.824407440744078 ], [ 110.549954995499547, -6.824182418241823 ] ], [ [ 110.548679867986792, -6.824482448244821 ], [ 110.548829882988301, -6.824557455745579 ], [ 110.548679867986792, -6.824557455745568 ], [ 110.548679867986792, -6.824482448244821 ] ], [ [ 110.549879987998793, -6.824482448244831 ], [ 110.549954995499547, -6.824407440744078 ], [ 110.549954995499547, -6.824482448244829 ], [ 110.549879987998793, -6.824482448244831 ] ], [ [ 110.548079807980798, -6.825007500750079 ], [ 110.548379837983802, -6.824782478247821 ], [ 110.548079807980798, -6.825157515751573 ], [ 110.548079807980798, -6.825007500750079 ] ], [ [ 110.548379837983802, -6.824932493249318 ], [ 110.548454845484542, -6.824857485748574 ], [ 110.548454845484542, -6.824932493249331 ], [ 110.548379837983802, -6.824932493249318 ] ], [ [ 110.548229822982293, -6.825157515751583 ], [ 110.548304830483048, -6.825082508250831 ], [ 110.548304830483048, -6.825157515751572 ], [ 110.548229822982293, -6.825157515751583 ] ], [ [ 110.548004800480044, -6.825232523252335 ], [ 110.548079807980798, -6.825157515751573 ], [ 110.548079807980798, -6.825232523252319 ], [ 110.548004800480044, -6.825232523252335 ] ], [ [ 110.546579657965793, -6.826357635763569 ], [ 110.546654665466548, -6.826282628262826 ], [ 110.546654665466548, -6.826357635763578 ], [ 110.546579657965793, -6.826357635763569 ] ], [ [ 110.546804680468043, -6.82755775577558 ], [ 110.54740474047405, -6.82830783078307 ], [ 110.546804680468043, -6.828382838283825 ], [ 110.54627962796279, -6.830033003300339 ], [ 110.546804680468043, -6.82755775577558 ] ], [ [ 110.548754875487546, -6.827857785778583 ], [ 110.548829882988301, -6.827782778277828 ], [ 110.548829882988301, -6.827857785778571 ], [ 110.548754875487546, -6.827857785778583 ] ], [ [ 110.548904890489055, -6.82793279327933 ], [ 110.549279927992799, -6.827857785778575 ], [ 110.549354935493554, -6.828157815781585 ], [ 110.548904890489055, -6.82793279327933 ] ], [ [ 110.549804980498052, -6.828382838283827 ], [ 110.549879987998793, -6.828307830783078 ], [ 110.549879987998793, -6.828382838283833 ], [ 110.549804980498052, -6.828382838283827 ] ], [ [ 110.549879987998793, -6.828457845784573 ], [ 110.549954995499547, -6.828382838283829 ], [ 110.549954995499547, -6.828457845784585 ], [ 110.549879987998793, -6.828457845784573 ] ], [ [ 110.550630063006295, -6.828982898289828 ], [ 110.551005100510054, -6.828832883288328 ], [ 110.551230123012303, -6.829207920792085 ], [ 110.550630063006295, -6.828982898289828 ] ], [ [ 110.546879687968811, -6.828607860786079 ], [ 110.546954695469552, -6.828532853285324 ], [ 110.546954695469552, -6.828607860786084 ], [ 110.546879687968811, -6.828607860786079 ] ], [ [ 110.547029702970292, -6.828682868286826 ], [ 110.547104710471046, -6.828607860786076 ], [ 110.547104710471046, -6.828682868286825 ], [ 110.547029702970292, -6.828682868286826 ] ], [ [ 110.546954695469552, -6.828757875787583 ], [ 110.547029702970292, -6.828682868286826 ], [ 110.547029702970292, -6.828757875787579 ], [ 110.546954695469552, -6.828757875787583 ] ], [ [ 110.546879687968811, -6.828832883288332 ], [ 110.546954695469552, -6.828757875787583 ], [ 110.546954695469552, -6.828832883288323 ], [ 110.546879687968811, -6.828832883288332 ] ], [ [ 110.546804680468043, -6.828982898289831 ], [ 110.546879687968811, -6.828907890789074 ], [ 110.546879687968811, -6.828982898289821 ], [ 110.546804680468043, -6.828982898289831 ] ], [ [ 110.536978697869785, -6.829132913291325 ], [ 110.537128712871294, -6.829057905790584 ], [ 110.537128712871294, -6.829207920792079 ], [ 110.536978697869785, -6.829132913291325 ] ], [ [ 110.53682868286829, -6.829282928292828 ], [ 110.53690369036903, -6.829132913291336 ], [ 110.53690369036903, -6.829282928292833 ], [ 110.53682868286829, -6.829282928292828 ] ], [ [ 110.551305130513057, -6.829282928292827 ], [ 110.551455145514552, -6.829132913291324 ], [ 110.551455145514552, -6.829282928292833 ], [ 110.551305130513057, -6.829282928292827 ] ], [ [ 110.551530153015307, -6.829357935793584 ], [ 110.551755175517556, -6.829207920792087 ], [ 110.551755175517556, -6.829432943294328 ], [ 110.551530153015307, -6.829357935793584 ] ], [ [ 110.53690369036903, -6.829357935793588 ], [ 110.536978697869785, -6.829282928292824 ], [ 110.536978697869785, -6.82935793579358 ], [ 110.53690369036903, -6.829357935793588 ] ], [ [ 110.552130213021314, -6.829507950795085 ], [ 110.552430243024304, -6.829432943294336 ], [ 110.552430243024304, -6.829507950795083 ], [ 110.552130213021314, -6.829507950795085 ] ], [ [ 110.552430243024304, -6.829432943294336 ], [ 110.552505250525073, -6.829357935793587 ], [ 110.552505250525073, -6.829432943294337 ], [ 110.552430243024304, -6.829432943294336 ] ], [ [ 110.537053705370539, -6.829657965796583 ], [ 110.537128712871294, -6.829507950795073 ], [ 110.537128712871294, -6.829657965796588 ], [ 110.537053705370539, -6.829657965796583 ] ], [ [ 110.546579657965793, -6.829657965796585 ], [ 110.546654665466548, -6.829582958295829 ], [ 110.546654665466548, -6.829657965796577 ], [ 110.546579657965793, -6.829657965796585 ] ], [ [ 110.537128712871294, -6.829807980798088 ], [ 110.537278727872803, -6.829732973297324 ], [ 110.537278727872803, -6.829882988298835 ], [ 110.537128712871294, -6.829807980798088 ] ], [ [ 110.537278727872803, -6.830033003300333 ], [ 110.537353735373543, -6.829882988298835 ], [ 110.537353735373543, -6.830033003300334 ], [ 110.537278727872803, -6.830033003300333 ] ], [ [ 110.546204620462063, -6.830483048304838 ], [ 110.54627962796279, -6.830408040804087 ], [ 110.54627962796279, -6.830483048304825 ], [ 110.546204620462063, -6.830483048304838 ] ], [ [ 110.546129612961295, -6.830558055805573 ], [ 110.546204620462063, -6.830483048304838 ], [ 110.546204620462063, -6.830558055805575 ], [ 110.546129612961295, -6.830558055805573 ] ], [ [ 110.537578757875792, -6.831158115811584 ], [ 110.537953795379551, -6.830783078307822 ], [ 110.537878787878782, -6.831458145814575 ], [ 110.537578757875792, -6.831158115811584 ] ], [ [ 110.537803780378042, -6.830708070807081 ], [ 110.537878787878782, -6.830633063306326 ], [ 110.537878787878782, -6.830708070807084 ], [ 110.537803780378042, -6.830708070807081 ] ], [ [ 110.5459795979598, -6.830783078307824 ], [ 110.546129612961295, -6.830933093309335 ], [ 110.5459795979598, -6.831083108310822 ], [ 110.5459795979598, -6.830783078307824 ] ], [ [ 110.549579957995803, -6.83070807080708 ], [ 110.549654965496543, -6.830633063306324 ], [ 110.549654965496543, -6.830708070807076 ], [ 110.549579957995803, -6.83070807080708 ] ], [ [ 110.545754575457551, -6.830858085808583 ], [ 110.545904590459045, -6.830783078307832 ], [ 110.545529552955301, -6.831158115811579 ], [ 110.545754575457551, -6.830858085808583 ] ], [ [ 110.551155115511563, -6.831383138313824 ], [ 110.551380138013798, -6.831383138313829 ], [ 110.550930093009299, -6.831608160816077 ], [ 110.551155115511563, -6.831383138313824 ] ], [ [ 110.545829582958291, -6.831308130813079 ], [ 110.545904590459045, -6.831233123312333 ], [ 110.545904590459045, -6.831308130813089 ], [ 110.545829582958291, -6.831308130813079 ] ], [ [ 110.545679567956796, -6.831383138313827 ], [ 110.545829582958291, -6.831458145814577 ], [ 110.545679567956796, -6.831533153315338 ], [ 110.545679567956796, -6.831383138313827 ] ], [ [ 110.538028802880291, -6.831533153315337 ], [ 110.538103810381031, -6.831383138313829 ], [ 110.538103810381031, -6.831533153315322 ], [ 110.538028802880291, -6.831533153315337 ] ], [ [ 110.537878787878782, -6.831983198319826 ], [ 110.538103810381031, -6.831758175817587 ], [ 110.538178817881786, -6.832283228322831 ], [ 110.537878787878782, -6.831983198319826 ] ], [ [ 110.545604560456042, -6.831983198319837 ], [ 110.546204620462063, -6.831983198319837 ], [ 110.546729672967302, -6.832358235823587 ], [ 110.545604560456042, -6.831983198319837 ] ], [ [ 110.538103810381031, -6.831683168316833 ], [ 110.538178817881786, -6.831608160816087 ], [ 110.538178817881786, -6.831683168316836 ], [ 110.538103810381031, -6.831683168316833 ] ], [ [ 110.538178817881786, -6.831908190819074 ], [ 110.53825382538254, -6.831833183318329 ], [ 110.53825382538254, -6.831908190819073 ], [ 110.538178817881786, -6.831908190819074 ] ], [ [ 110.546204620462063, -6.831983198319837 ], [ 110.54627962796279, -6.831908190819084 ], [ 110.54627962796279, -6.831983198319825 ], [ 110.546204620462063, -6.831983198319837 ] ], [ [ 110.546429642964299, -6.83205820582058 ], [ 110.546504650465053, -6.831983198319834 ], [ 110.546504650465053, -6.832058205820583 ], [ 110.546429642964299, -6.83205820582058 ] ], [ [ 110.546579657965793, -6.832133213321331 ], [ 110.546654665466548, -6.832058205820577 ], [ 110.546654665466548, -6.832133213321337 ], [ 110.546579657965793, -6.832133213321331 ] ], [ [ 110.538328832883295, -6.832208220822089 ], [ 110.538403840384035, -6.832133213321324 ], [ 110.538403840384035, -6.832208220822083 ], [ 110.538328832883295, -6.832208220822089 ] ], [ [ 110.534503450345028, -6.832583258325826 ], [ 110.534878487848786, -6.832658265826578 ], [ 110.534578457845782, -6.832808280828075 ], [ 110.534503450345028, -6.832583258325826 ] ], [ [ 110.547179717971801, -6.832358235823583 ], [ 110.547254725472541, -6.832283228322837 ], [ 110.547254725472541, -6.832358235823587 ], [ 110.547179717971801, -6.832358235823583 ] ], [ [ 110.546729672967302, -6.832433243324333 ], [ 110.546954695469552, -6.83235823582358 ], [ 110.546954695469552, -6.832433243324332 ], [ 110.546729672967302, -6.832433243324333 ] ], [ [ 110.54740474047405, -6.832658265826581 ], [ 110.547704770477054, -6.832658265826589 ], [ 110.547554755475545, -6.833108310831082 ], [ 110.54740474047405, -6.832658265826581 ] ], [ [ 110.539153915391537, -6.832733273327328 ], [ 110.539228922892292, -6.832658265826577 ], [ 110.539228922892292, -6.832733273327332 ], [ 110.539153915391537, -6.832733273327328 ] ], [ [ 110.539453945394541, -6.832883288328838 ], [ 110.539753975397545, -6.83273327332733 ], [ 110.540054005400535, -6.833033303330336 ], [ 110.539453945394541, -6.832883288328838 ] ], [ [ 110.5303780378038, -6.832808280828084 ], [ 110.530453045304526, -6.832733273327333 ], [ 110.530453045304526, -6.832808280828084 ], [ 110.5303780378038, -6.832808280828084 ] ], [ [ 110.530453045304526, -6.83288328832884 ], [ 110.530603060306035, -6.832808280828077 ], [ 110.530603060306035, -6.832958295829591 ], [ 110.530453045304526, -6.83288328832884 ] ], [ [ 110.534503450345028, -6.832883288328828 ], [ 110.534578457845782, -6.832808280828075 ], [ 110.534578457845782, -6.832883288328838 ], [ 110.534503450345028, -6.832883288328828 ] ], [ [ 110.534353435343533, -6.832958295829586 ], [ 110.534428442844288, -6.832883288328833 ], [ 110.534428442844288, -6.832958295829588 ], [ 110.534353435343533, -6.832958295829586 ] ], [ [ 110.530603060306035, -6.833033303330329 ], [ 110.530678067806789, -6.832958295829576 ], [ 110.530678067806789, -6.833033303330326 ], [ 110.530603060306035, -6.833033303330329 ] ], [ [ 110.534278427842779, -6.833033303330332 ], [ 110.534353435343533, -6.832958295829586 ], [ 110.534353435343533, -6.833033303330342 ], [ 110.534278427842779, -6.833033303330332 ] ], [ [ 110.534203420342038, -6.833108310831084 ], [ 110.534278427842779, -6.833033303330332 ], [ 110.534278427842779, -6.833108310831085 ], [ 110.534203420342038, -6.833108310831084 ] ], [ [ 110.53075307530753, -6.833183318331838 ], [ 110.530828082808284, -6.833108310831088 ], [ 110.530828082808284, -6.833183318331838 ], [ 110.53075307530753, -6.833183318331838 ] ], [ [ 110.534053405340529, -6.833333333333326 ], [ 110.534278427842779, -6.833183318331828 ], [ 110.534203420342038, -6.833408340834086 ], [ 110.534053405340529, -6.833333333333326 ] ], [ [ 110.540579057905802, -6.833258325832587 ], [ 110.540729072907297, -6.833108310831088 ], [ 110.540729072907297, -6.833258325832584 ], [ 110.540579057905802, -6.833258325832587 ] ], [ [ 110.54740474047405, -6.833183318331836 ], [ 110.547479747974791, -6.833108310831078 ], [ 110.547479747974791, -6.833183318331828 ], [ 110.54740474047405, -6.833183318331836 ] ], [ [ 110.531203120312028, -6.833933393339325 ], [ 110.531578157815787, -6.833708370837091 ], [ 110.53217821782178, -6.834458445844584 ], [ 110.531203120312028, -6.833933393339325 ] ], [ [ 110.533978397839789, -6.833258325832587 ], [ 110.534053405340529, -6.833183318331832 ], [ 110.534053405340529, -6.833258325832576 ], [ 110.533978397839789, -6.833258325832587 ] ], [ [ 110.534203420342038, -6.833483348334824 ], [ 110.534278427842779, -6.833408340834078 ], [ 110.534278427842779, -6.833483348334838 ], [ 110.534203420342038, -6.833483348334824 ] ], [ [ 110.534278427842779, -6.833633363336338 ], [ 110.534353435343533, -6.833483348334832 ], [ 110.534353435343533, -6.833633363336343 ], [ 110.534278427842779, -6.833633363336338 ] ], [ [ 110.534203420342038, -6.833708370837079 ], [ 110.534278427842779, -6.833633363336338 ], [ 110.534278427842779, -6.833708370837074 ], [ 110.534203420342038, -6.833708370837079 ] ], [ [ 110.534128412841284, -6.833783378337825 ], [ 110.534203420342038, -6.833708370837079 ], [ 110.534203420342038, -6.833783378337833 ], [ 110.534128412841284, -6.833783378337825 ] ], [ [ 110.541929192919312, -6.834308430843092 ], [ 110.542379237923797, -6.834083408340831 ], [ 110.542454245424537, -6.834533453345335 ], [ 110.541929192919312, -6.834308430843092 ] ], [ [ 110.534203420342038, -6.833858385838576 ], [ 110.534278427842779, -6.833783378337837 ], [ 110.534278427842779, -6.833858385838584 ], [ 110.534203420342038, -6.833858385838576 ] ], [ [ 110.533903390339034, -6.833933393339326 ], [ 110.534203420342038, -6.833933393339339 ], [ 110.533903390339034, -6.834083408340835 ], [ 110.533903390339034, -6.833933393339326 ] ], [ [ 110.533603360336031, -6.834233423342336 ], [ 110.533903390339034, -6.834233423342326 ], [ 110.533678367836785, -6.834383438343827 ], [ 110.533603360336031, -6.834233423342336 ] ], [ [ 110.53352835283529, -6.834383438343838 ], [ 110.533603360336031, -6.834308430843087 ], [ 110.533603360336031, -6.834383438343827 ], [ 110.53352835283529, -6.834383438343838 ] ], [ [ 110.525277527752777, -6.83475847584759 ], [ 110.52610261026102, -6.834908490849079 ], [ 110.525877587758771, -6.835358535853585 ], [ 110.525277527752777, -6.83475847584759 ] ], [ [ 110.532553255325539, -6.834833483348326 ], [ 110.533453345334536, -6.834758475847585 ], [ 110.532853285328528, -6.835658565856581 ], [ 110.532553255325539, -6.834833483348326 ] ], [ [ 110.533453345334536, -6.83460846084608 ], [ 110.53352835283529, -6.834533453345331 ], [ 110.53352835283529, -6.834608460846077 ], [ 110.533453345334536, -6.83460846084608 ] ], [ [ 110.522052205220518, -6.836483648364831 ], [ 110.52295229522953, -6.835583558355842 ], [ 110.524302430243026, -6.836033603360332 ], [ 110.522052205220518, -6.836483648364831 ] ], [ [ 110.52460246024603, -6.835208520852088 ], [ 110.524977497749774, -6.834983498349837 ], [ 110.524977497749774, -6.835208520852088 ], [ 110.52460246024603, -6.835208520852088 ] ], [ [ 110.52572757275729, -6.83580858085808 ], [ 110.526627662766273, -6.836258625862588 ], [ 110.52610261026102, -6.83633363336334 ], [ 110.52572757275729, -6.83580858085808 ] ], [ [ 110.525577557755781, -6.835508550855089 ], [ 110.52572757275729, -6.835358535853578 ], [ 110.52572757275729, -6.835508550855084 ], [ 110.525577557755781, -6.835508550855089 ] ], [ [ 110.525277527752777, -6.835733573357334 ], [ 110.525352535253532, -6.835658565856588 ], [ 110.525352535253532, -6.835733573357337 ], [ 110.525277527752777, -6.835733573357334 ] ], [ [ 110.533153315331532, -6.835808580858078 ], [ 110.533228322832286, -6.835733573357328 ], [ 110.533228322832286, -6.835808580858082 ], [ 110.533153315331532, -6.835808580858078 ] ], [ [ 110.526627662766273, -6.836033603360335 ], [ 110.526702670267042, -6.835958595859577 ], [ 110.526702670267042, -6.836033603360342 ], [ 110.526627662766273, -6.836033603360335 ] ], [ [ 110.533228322832286, -6.836033603360331 ], [ 110.533303330333041, -6.835958595859592 ], [ 110.533303330333041, -6.836033603360332 ], [ 110.533228322832286, -6.836033603360331 ] ], [ [ 110.526852685268523, -6.836408640864081 ], [ 110.527602760276025, -6.836633663366327 ], [ 110.527227722772281, -6.837008700870088 ], [ 110.526852685268523, -6.836408640864081 ] ], [ [ 110.526627662766273, -6.836333633363337 ], [ 110.526702670267042, -6.836258625862585 ], [ 110.526702670267042, -6.836333633363335 ], [ 110.526627662766273, -6.836333633363337 ] ], [ [ 110.527527752775271, -6.836333633363337 ], [ 110.527602760276025, -6.836258625862583 ], [ 110.527602760276025, -6.836333633363328 ], [ 110.527527752775271, -6.836333633363337 ] ], [ [ 110.523777377737773, -6.836408640864085 ], [ 110.523927392739267, -6.836333633363337 ], [ 110.523927392739267, -6.836483648364831 ], [ 110.523777377737773, -6.836408640864085 ] ], [ [ 110.523402340234028, -6.836783678367842 ], [ 110.524152415241531, -6.837083708370836 ], [ 110.523477347734769, -6.837008700870085 ], [ 110.523402340234028, -6.836783678367842 ] ], [ [ 110.534878487848786, -6.836933693369335 ], [ 110.535028502850281, -6.836858685868584 ], [ 110.535028502850281, -6.836933693369327 ], [ 110.534878487848786, -6.836933693369335 ] ], [ [ 110.535328532853285, -6.837083708370843 ], [ 110.535703570357029, -6.837083708370843 ], [ 110.535928592859293, -6.837383738373846 ], [ 110.535403540354039, -6.837308730873089 ], [ 110.535328532853285, -6.837083708370843 ] ], [ [ 110.527527752775271, -6.837083708370842 ], [ 110.527602760276025, -6.837008700870079 ], [ 110.527602760276025, -6.837083708370833 ], [ 110.527527752775271, -6.837083708370842 ] ], [ [ 110.527977797779783, -6.837233723372339 ], [ 110.528127812781278, -6.837158715871595 ], [ 110.528127812781278, -6.837233723372336 ], [ 110.527977797779783, -6.837233723372339 ] ], [ [ 110.53525352535253, -6.837233723372332 ], [ 110.535328532853285, -6.837158715871582 ], [ 110.535328532853285, -6.837233723372339 ], [ 110.53525352535253, -6.837233723372332 ] ], [ [ 110.529477947794774, -6.83730873087309 ], [ 110.529552955295529, -6.837233723372332 ], [ 110.529552955295529, -6.837308730873092 ], [ 110.529477947794774, -6.83730873087309 ] ], [ [ 110.524527452745275, -6.83745874587459 ], [ 110.52467746774677, -6.837308730873088 ], [ 110.52467746774677, -6.837458745874589 ], [ 110.524527452745275, -6.83745874587459 ] ], [ [ 110.529627962796283, -6.837308730873083 ], [ 110.53240324032403, -6.837608760876085 ], [ 110.532853285328528, -6.838133813381346 ], [ 110.532253225322535, -6.838133813381341 ], [ 110.529627962796283, -6.837308730873083 ] ], [ [ 110.527827782778274, -6.83775877587759 ], [ 110.527977797779783, -6.837683768376845 ], [ 110.527977797779783, -6.837758775877583 ], [ 110.527827782778274, -6.83775877587759 ] ], [ [ 110.533378337833781, -6.838208820882092 ], [ 110.533678367836785, -6.838058805880588 ], [ 110.533678367836785, -6.838133813381333 ], [ 110.533378337833781, -6.838208820882092 ] ], [ [ 110.536978697869785, -6.838733873387339 ], [ 110.537053705370539, -6.838658865886592 ], [ 110.537053705370539, -6.838733873387343 ], [ 110.536978697869785, -6.838733873387339 ] ], [ [ 110.537203720372034, -6.838883888388839 ], [ 110.537278727872803, -6.838808880888083 ], [ 110.537278727872803, -6.838883888388845 ], [ 110.537203720372034, -6.838883888388839 ] ], [ [ 110.537803780378042, -6.839408940894089 ], [ 110.537878787878782, -6.839333933393339 ], [ 110.537878787878782, -6.839408940894082 ], [ 110.537803780378042, -6.839408940894089 ] ], [ [ 110.538178817881786, -6.839708970897083 ], [ 110.53825382538254, -6.839558955895584 ], [ 110.53825382538254, -6.839708970897093 ], [ 110.538178817881786, -6.839708970897083 ] ], [ [ 110.539828982898285, -6.840084008400837 ], [ 110.53990399039904, -6.840009000900081 ], [ 110.53990399039904, -6.84008400840084 ], [ 110.539828982898285, -6.840084008400837 ] ], [ [ 110.538928892889302, -6.840459045904598 ], [ 110.539378937893787, -6.840384038403846 ], [ 110.539303930393032, -6.840684068406836 ], [ 110.538928892889302, -6.840459045904598 ] ], [ [ 110.53990399039904, -6.840159015901587 ], [ 110.539978997899794, -6.840084008400848 ], [ 110.539978997899794, -6.840159015901592 ], [ 110.53990399039904, -6.840159015901587 ] ], [ [ 110.539978997899794, -6.840234023402338 ], [ 110.540054005400535, -6.840159015901597 ], [ 110.540054005400535, -6.840234023402339 ], [ 110.539978997899794, -6.840234023402338 ] ], [ [ 110.540054005400535, -6.840309030903087 ], [ 110.540129012901289, -6.840234023402346 ], [ 110.540129012901289, -6.840309030903087 ], [ 110.540054005400535, -6.840309030903087 ] ], [ [ 110.540129012901289, -6.840384038403834 ], [ 110.540204020402044, -6.840309030903089 ], [ 110.540204020402044, -6.840384038403833 ], [ 110.540129012901289, -6.840384038403834 ] ], [ [ 110.540204020402044, -6.840459045904599 ], [ 110.540279027902784, -6.840384038403836 ], [ 110.540279027902784, -6.840459045904596 ], [ 110.540204020402044, -6.840459045904599 ] ], [ [ 110.540354035403539, -6.840609060906084 ], [ 110.540429042904293, -6.840534053405336 ], [ 110.540429042904293, -6.840609060906096 ], [ 110.540354035403539, -6.840609060906084 ] ], [ [ 110.539303930393032, -6.840759075907591 ], [ 110.539378937893787, -6.840684068406845 ], [ 110.539378937893787, -6.8407590759076 ], [ 110.539303930393032, -6.840759075907591 ] ], [ [ 110.540504050405048, -6.840759075907594 ], [ 110.540579057905802, -6.840684068406842 ], [ 110.540579057905802, -6.840759075907583 ], [ 110.540504050405048, -6.840759075907594 ] ], [ [ 110.539378937893787, -6.84083408340834 ], [ 110.539528952895296, -6.840759075907589 ], [ 110.539528952895296, -6.840834083408339 ], [ 110.539378937893787, -6.84083408340834 ] ], [ [ 110.540654065406542, -6.840834083408345 ], [ 110.540729072907297, -6.840759075907598 ], [ 110.540729072907297, -6.840834083408349 ], [ 110.540654065406542, -6.840834083408345 ] ], [ [ 110.540729072907297, -6.840909090909087 ], [ 110.540804080408037, -6.840834083408335 ], [ 110.540804080408037, -6.84090909090909 ], [ 110.540729072907297, -6.840909090909087 ] ], [ [ 110.540804080408037, -6.840984098409843 ], [ 110.540879087908792, -6.84090909090909 ], [ 110.540879087908792, -6.840984098409841 ], [ 110.540804080408037, -6.840984098409843 ] ], [ [ 110.540879087908792, -6.841059105910595 ], [ 110.540954095409546, -6.840984098409836 ], [ 110.540954095409546, -6.841059105910586 ], [ 110.540879087908792, -6.841059105910595 ] ], [ [ 110.539678967896791, -6.841134113411347 ], [ 110.539753975397545, -6.84105910591059 ], [ 110.539753975397545, -6.841134113411331 ], [ 110.539678967896791, -6.841134113411347 ] ], [ [ 110.528277827782773, -6.844134413441347 ], [ 110.528352835283542, -6.843984398439849 ], [ 110.528352835283542, -6.844134413441342 ], [ 110.528277827782773, -6.844134413441347 ] ], [ [ 110.528952895289535, -6.845784578457843 ], [ 110.52902790279029, -6.845634563456343 ], [ 110.52902790279029, -6.845784578457852 ], [ 110.528952895289535, -6.845784578457843 ] ], [ [ 110.529327932793279, -6.846534653465342 ], [ 110.529477947794774, -6.846384638463843 ], [ 110.529477947794774, -6.84660966096609 ], [ 110.529327932793279, -6.846534653465342 ] ], [ [ 110.528952895289535, -6.847509750975097 ], [ 110.529627962796283, -6.8473597359736 ], [ 110.52910291029103, -6.847884788478849 ], [ 110.528952895289535, -6.847509750975097 ] ], [ [ 110.525952595259525, -6.849309930993107 ], [ 110.527902790279029, -6.848334833483355 ], [ 110.526477647764779, -6.850435043504359 ], [ 110.525952595259525, -6.849309930993107 ] ], [ [ 110.527977797779783, -6.84818481848185 ], [ 110.528652865286531, -6.848184818481845 ], [ 110.528652865286531, -6.848259825982601 ], [ 110.527977797779783, -6.84818481848185 ] ], [ [ 110.528652865286531, -6.848259825982601 ], [ 110.529177917791785, -6.848334833483349 ], [ 110.528577857785777, -6.848409840984106 ], [ 110.528652865286531, -6.848259825982601 ] ], [ [ 110.528277827782773, -6.848409840984106 ], [ 110.528502850285022, -6.848334833483342 ], [ 110.528502850285022, -6.848409840984093 ], [ 110.528277827782773, -6.848409840984106 ] ], [ [ 110.52460246024603, -6.850510051005104 ], [ 110.524827482748279, -6.850360036003591 ], [ 110.524977497749774, -6.850585058505843 ], [ 110.52460246024603, -6.850510051005104 ] ], [ [ 110.519126912691263, -6.855910591059106 ], [ 110.519351935193512, -6.855460546054613 ], [ 110.519351935193512, -6.856060606060604 ], [ 110.519126912691263, -6.855910591059106 ] ], [ [ 110.519651965196516, -6.855760576057609 ], [ 110.519726972697271, -6.8556105610561 ], [ 110.519726972697271, -6.855760576057603 ], [ 110.519651965196516, -6.855760576057609 ] ], [ [ 110.518601860186024, -6.856735673567361 ], [ 110.519051905190523, -6.856810681068104 ], [ 110.518751875187519, -6.856960696069613 ], [ 110.518601860186024, -6.856735673567361 ] ], [ [ 110.51695169516951, -6.858235823582357 ], [ 110.517326732673268, -6.858160816081612 ], [ 110.51695169516951, -6.858385838583854 ], [ 110.51695169516951, -6.858235823582357 ] ], [ [ 110.518226822682266, -6.858310831083108 ], [ 110.51830183018302, -6.858235823582358 ], [ 110.51830183018302, -6.858310831083102 ], [ 110.518226822682266, -6.858310831083108 ] ], [ [ 110.518076807680771, -6.85838583858386 ], [ 110.518226822682266, -6.858310831083108 ], [ 110.518226822682266, -6.858385838583859 ], [ 110.518076807680771, -6.85838583858386 ] ], [ [ 110.460021002100206, -6.935268526852688 ], [ 110.460396039603964, -6.935043504350433 ], [ 110.460396039603964, -6.935493549354931 ], [ 110.460021002100206, -6.935268526852688 ] ], [ [ 110.460996099609957, -6.935193519351942 ], [ 110.461221122112207, -6.935043504350437 ], [ 110.461221122112207, -6.93519351935194 ], [ 110.460996099609957, -6.935193519351942 ] ], [ [ 110.459870987098711, -6.935493549354929 ], [ 110.459945994599465, -6.935418541854191 ], [ 110.459945994599465, -6.93549354935494 ], [ 110.459870987098711, -6.935493549354929 ] ], [ [ 110.459495949594952, -6.93594359435944 ], [ 110.459945994599465, -6.935568556855689 ], [ 110.459945994599465, -6.935793579357929 ], [ 110.459495949594952, -6.93594359435944 ] ], [ [ 110.459420942094212, -6.936468646864692 ], [ 110.461221122112207, -6.937068706870693 ], [ 110.459945994599465, -6.937668766876685 ], [ 110.459420942094212, -6.936468646864692 ] ], [ [ 110.459345934593458, -6.936468646864693 ], [ 110.459420942094212, -6.936393639363941 ], [ 110.459420942094212, -6.936468646864692 ], [ 110.459345934593458, -6.936468646864693 ] ], [ [ 110.462121212121218, -6.937143714371434 ], [ 110.462196219621958, -6.937068706870685 ], [ 110.462196219621958, -6.937143714371438 ], [ 110.462121212121218, -6.937143714371434 ] ], [ [ 110.462046204620464, -6.937218721872191 ], [ 110.462646264626457, -6.937518751875195 ], [ 110.462196219621958, -6.93759375937593 ], [ 110.462046204620464, -6.937218721872191 ] ], [ [ 110.463246324632465, -6.937218721872187 ], [ 110.463321332133219, -6.937143714371444 ], [ 110.463321332133219, -6.937218721872186 ], [ 110.463246324632465, -6.937218721872187 ] ], [ [ 110.463021302130215, -6.937293729372938 ], [ 110.46309630963097, -6.937218721872177 ], [ 110.46309630963097, -6.937293729372937 ], [ 110.463021302130215, -6.937293729372938 ] ], [ [ 110.462871287128706, -6.93751875187519 ], [ 110.463546354635469, -6.937218721872179 ], [ 110.463546354635469, -6.937593759375932 ], [ 110.462871287128706, -6.93751875187519 ] ], [ [ 110.459645964596476, -6.937893789378933 ], [ 110.459870987098711, -6.937743774377436 ], [ 110.459870987098711, -6.937818781878187 ], [ 110.459645964596476, -6.937893789378933 ] ], [ [ 110.459495949594952, -6.938193819381945 ], [ 110.459645964596476, -6.937893789378933 ], [ 110.459870987098711, -6.938193819381941 ], [ 110.459495949594952, -6.938193819381945 ] ], [ [ 110.460621062106213, -6.938418841884182 ], [ 110.461296129612975, -6.938118811881187 ], [ 110.461221122112207, -6.938493849384938 ], [ 110.460621062106213, -6.938418841884182 ] ] ] } },
{ "type": "Feature", "properties": { "year": 2049, "layer": "atrisk" }, "geometry": { "type": "Polygon", "coordinates": [ [ [ 110.438643864386435, -6.93946894689469 ], [ 110.437293729372939, -6.940444044404442 ], [ 110.437743774377438, -6.94314431443144 ], [ 110.438643864386435, -6.93946894689469 ] ] ] } },
{ "type": "Feature", "properties": { "year": 2049, "layer": "atrisk" }, "geometry": { "type": "Polygon", "coordinates": [ [ [ 110.39273927392739, -6.946444644464443 ], [ 110.388988898889892, -6.948394839483953 ], [ 110.388988898889892, -6.948844884488444 ], [ 110.39273927392739, -6.946444644464443 ] ] ] } },
{ "type": "Feature", "properties": { "year": 2049, "layer": "atrisk" }, "geometry": { "type": "Polygon", "coordinates": [ [ [ 110.407890789078905, -6.948244824482443 ], [ 110.407215721572157, -6.948469846984707 ], [ 110.407665766576656, -6.950120012001207 ], [ 110.407890789078905, -6.948244824482443 ] ] ] } },
{ "type": "Feature", "properties": { "year": 2049, "layer": "atrisk" }, "geometry": { "type": "Polygon", "coordinates": [ [ [ 110.390339033903388, -6.949594959495953 ], [ 110.389213921392141, -6.949144914491452 ], [ 110.390564056405637, -6.950945094509458 ], [ 110.390339033903388, -6.949594959495953 ] ] ] } },
{ "type": "Feature", "properties": { "year": 2049, "layer": "atrisk" }, "geometry": { "type": "Polygon", "coordinates": [ [ [ 110.383963396339638, -6.95094509450946 ], [ 110.383513351335139, -6.950420042004205 ], [ 110.382913291329132, -6.950795079507955 ], [ 110.383963396339638, -6.95094509450946 ] ] ] } },
{ "type": "Feature", "properties": { "year": 2049, "layer": "atrisk" }, "geometry": { "type": "Polygon", "coordinates": [ [ [ 110.386738673867384, -6.952295229522949 ], [ 110.38658865886589, -6.953420342034199 ], [ 110.387338733873392, -6.953870387038711 ], [ 110.387863786378631, -6.953195319531957 ], [ 110.386738673867384, -6.952295229522949 ] ] ] } },
{ "type": "Feature", "properties": { "year": 2049, "layer": "atrisk" }, "geometry": { "type": "Polygon", "coordinates": [ [ [ 110.382238223822384, -6.950870087008693 ], [ 110.382238223822384, -6.953795379537946 ], [ 110.38328832883289, -6.954695469546954 ], [ 110.382238223822384, -6.950870087008693 ] ], [ [ 110.382988298829886, -6.954095409540954 ], [ 110.383063306330627, -6.953945394539452 ], [ 110.383063306330627, -6.954095409540953 ], [ 110.382988298829886, -6.954095409540954 ] ] ] } },
{ "type": "Feature", "properties": { "year": 2049, "layer": "atrisk" }, "geometry": { "type": "Polygon", "coordinates": [ [ [ 110.435193519351941, -6.940369036903689 ], [ 110.433093309330928, -6.94194419441945 ], [ 110.434368436843684, -6.946294629462945 ], [ 110.433093309330928, -6.943144314431438 ], [ 110.431668166816678, -6.942769276927698 ], [ 110.431443144314429, -6.944269426942694 ], [ 110.427392739273927, -6.945619561956188 ], [ 110.425742574257427, -6.941644164416436 ], [ 110.423942394239418, -6.941644164416448 ], [ 110.42349234923492, -6.944119411941189 ], [ 110.426867686768674, -6.950645064506457 ], [ 110.425967596759691, -6.952595259525955 ], [ 110.420267026702675, -6.947794779477954 ], [ 110.419591959195913, -6.947944794479442 ], [ 110.421467146714676, -6.951620162016197 ], [ 110.423942394239418, -6.951770177017695 ], [ 110.424692469246921, -6.952970297029704 ], [ 110.426942694269442, -6.954245424542446 ], [ 110.423567356735674, -6.953570357035701 ], [ 110.424242424242422, -6.955670567056705 ], [ 110.421167116711672, -6.955070507050704 ], [ 110.421617161716171, -6.953945394539446 ], [ 110.421092109210917, -6.952520252025209 ], [ 110.419516951695172, -6.953345334533455 ], [ 110.418691869186929, -6.9520702070207 ], [ 110.418691869186929, -6.945769576957694 ], [ 110.416816681668166, -6.9457695769577 ], [ 110.417491749174914, -6.948619861986197 ], [ 110.415991599159909, -6.949144914491451 ], [ 110.41569156915692, -6.947869786978706 ], [ 110.415091509150912, -6.94794479447944 ], [ 110.41539153915393, -6.9492199219922 ], [ 110.417341734173419, -6.949744974497445 ], [ 110.416741674167412, -6.951095109510945 ], [ 110.409990999099904, -6.950120012001205 ], [ 110.411641164116418, -6.951020102010204 ], [ 110.410366036603662, -6.951620162016208 ], [ 110.410891089108915, -6.952370237023699 ], [ 110.408490849084913, -6.952145214521459 ], [ 110.408865886588657, -6.953120312031204 ], [ 110.406090609060911, -6.947494749474947 ], [ 110.403090309030901, -6.946294629462949 ], [ 110.406015601560156, -6.947794779477945 ], [ 110.404590459045906, -6.951845184518458 ], [ 110.40654065406541, -6.952070207020698 ], [ 110.400840084008408, -6.951845184518442 ], [ 110.397989798979893, -6.950270027002695 ], [ 110.397089708970896, -6.948319831983195 ], [ 110.399339933993403, -6.946894689468949 ], [ 110.398964896489645, -6.94636963696369 ], [ 110.396039603960389, -6.948169816981695 ], [ 110.396339633963393, -6.950720072007194 ], [ 110.395139513951392, -6.950345034503444 ], [ 110.398439843984391, -6.957170717071707 ], [ 110.397389738973899, -6.959570957095708 ], [ 110.417641764176423, -6.959645964596466 ], [ 110.42626762676268, -6.957020702070202 ], [ 110.428817881788177, -6.955370537053708 ], [ 110.42656765676567, -6.956420642064201 ], [ 110.426117611761171, -6.956120612061198 ], [ 110.423792379237923, -6.956945694569458 ], [ 110.422517251725168, -6.956945694569451 ], [ 110.430243024302442, -6.954395439543953 ], [ 110.433243324332452, -6.951395139513948 ], [ 110.432493249324935, -6.9499699969997 ], [ 110.434218421842203, -6.950195019501958 ], [ 110.436393639363942, -6.946744674467441 ], [ 110.437293729372939, -6.94449444944494 ], [ 110.435193519351941, -6.940369036903689 ] ], [ [ 110.424767476747675, -6.942244224422445 ], [ 110.424992499249925, -6.942544254425438 ], [ 110.424767476747675, -6.942619261926195 ], [ 110.424767476747675, -6.942244224422445 ] ], [ [ 110.423942394239418, -6.943444344434444 ], [ 110.424092409240927, -6.943219321932188 ], [ 110.424017401740173, -6.943444344434435 ], [ 110.423942394239418, -6.943444344434444 ] ], [ [ 110.424992499249925, -6.946219621962195 ], [ 110.425442544254423, -6.945394539453948 ], [ 110.425292529252943, -6.946294629462951 ], [ 110.424992499249925, -6.946219621962195 ] ], [ [ 110.429792979297929, -6.945994599459941 ], [ 110.429942994299424, -6.945769576957698 ], [ 110.429867986798683, -6.945994599459937 ], [ 110.429792979297929, -6.945994599459941 ] ], [ [ 110.41704170417043, -6.946069606960699 ], [ 110.417266726672665, -6.945919591959193 ], [ 110.417341734173419, -6.946144614461442 ], [ 110.41704170417043, -6.946069606960699 ] ], [ [ 110.418091809180922, -6.946219621962197 ], [ 110.418241824182417, -6.946144614461444 ], [ 110.418241824182417, -6.946219621962193 ], [ 110.418091809180922, -6.946219621962197 ] ], [ [ 110.417866786678672, -6.94636963696369 ], [ 110.417941794179413, -6.946294629462948 ], [ 110.417941794179413, -6.946369636963693 ], [ 110.417866786678672, -6.94636963696369 ] ], [ [ 110.41711671167117, -6.946744674467441 ], [ 110.417491749174914, -6.946369636963691 ], [ 110.417341734173419, -6.946744674467441 ], [ 110.41711671167117, -6.946744674467441 ] ], [ [ 110.43264326432643, -6.946669666966696 ], [ 110.432793279327939, -6.94636963696369 ], [ 110.432868286828679, -6.946744674467453 ], [ 110.43264326432643, -6.946669666966696 ] ], [ [ 110.427992799279934, -6.947044704470444 ], [ 110.428142814281429, -6.946894689468949 ], [ 110.428067806780675, -6.947044704470442 ], [ 110.427992799279934, -6.947044704470444 ] ], [ [ 110.428667866786682, -6.947269726972692 ], [ 110.428817881788177, -6.947044704470443 ], [ 110.428892889288932, -6.947269726972693 ], [ 110.428667866786682, -6.947269726972692 ] ], [ [ 110.430693069306926, -6.947269726972703 ], [ 110.431368136813688, -6.947494749474954 ], [ 110.430843084308435, -6.94764476447644 ], [ 110.430693069306926, -6.947269726972703 ] ], [ [ 110.432343234323426, -6.947719771977204 ], [ 110.432493249324935, -6.947644764476453 ], [ 110.432493249324935, -6.947719771977193 ], [ 110.432343234323426, -6.947719771977204 ] ], [ [ 110.42791779177918, -6.947944794479445 ], [ 110.428142814281429, -6.947869786978706 ], [ 110.427842784278425, -6.948019801980198 ], [ 110.42791779177918, -6.947944794479445 ] ], [ [ 110.432268226822686, -6.947794779477941 ], [ 110.432343234323426, -6.947719771977204 ], [ 110.432343234323426, -6.947794779477948 ], [ 110.432268226822686, -6.947794779477941 ] ], [ [ 110.42634263426342, -6.948244824482442 ], [ 110.42656765676567, -6.947869786978692 ], [ 110.42656765676567, -6.948169816981703 ], [ 110.42634263426342, -6.948244824482442 ] ], [ [ 110.429642964296434, -6.948094809480946 ], [ 110.430543054305431, -6.947869786978694 ], [ 110.430468046804677, -6.948319831983196 ], [ 110.429642964296434, -6.948094809480946 ] ], [ [ 110.425892589258922, -6.948019801980198 ], [ 110.425967596759691, -6.94794479447945 ], [ 110.425967596759691, -6.948019801980205 ], [ 110.425892589258922, -6.948019801980198 ] ], [ [ 110.425967596759691, -6.948094809480947 ], [ 110.426042604260431, -6.948019801980204 ], [ 110.426042604260431, -6.948094809480946 ], [ 110.425967596759691, -6.948094809480947 ] ], [ [ 110.426042604260431, -6.948169816981704 ], [ 110.426117611761171, -6.94809480948095 ], [ 110.426117611761171, -6.948169816981692 ], [ 110.426042604260431, -6.948169816981704 ] ], [ [ 110.431818181818187, -6.9484698469847 ], [ 110.432118211821177, -6.94824482448244 ], [ 110.432043204320436, -6.948544854485446 ], [ 110.431818181818187, -6.9484698469847 ] ], [ [ 110.428967896789672, -6.948544854485442 ], [ 110.429267926792676, -6.948544854485447 ], [ 110.429042904290426, -6.948694869486946 ], [ 110.428967896789672, -6.948544854485442 ] ], [ [ 110.418316831683171, -6.94884488448844 ], [ 110.418316831683171, -6.949144914491452 ], [ 110.417641764176423, -6.948994899489957 ], [ 110.418316831683171, -6.94884488448844 ] ], [ [ 110.428292829282924, -6.949219921992202 ], [ 110.428742874287423, -6.948469846984705 ], [ 110.428967896789672, -6.949144914491449 ], [ 110.428292829282924, -6.949219921992202 ] ], [ [ 110.42019201920192, -6.948919891989197 ], [ 110.420642064206419, -6.948694869486954 ], [ 110.420642064206419, -6.949144914491443 ], [ 110.42019201920192, -6.948919891989197 ] ], [ [ 110.432043204320436, -6.948844884488456 ], [ 110.43241824182418, -6.948619861986202 ], [ 110.432343234323426, -6.948919891989192 ], [ 110.432043204320436, -6.948844884488456 ] ], [ [ 110.428967896789672, -6.948844884488443 ], [ 110.429042904290426, -6.948769876987703 ], [ 110.429042904290426, -6.948844884488448 ], [ 110.428967896789672, -6.948844884488443 ] ], [ [ 110.431518151815183, -6.948919891989199 ], [ 110.431593159315952, -6.948844884488446 ], [ 110.431593159315952, -6.9489198919892 ], [ 110.431518151815183, -6.948919891989199 ] ], [ [ 110.431593159315952, -6.949369936993698 ], [ 110.432043204320436, -6.948994899489945 ], [ 110.432268226822686, -6.949669966996693 ], [ 110.431593159315952, -6.949369936993698 ] ], [ [ 110.43406840684068, -6.949219921992199 ], [ 110.434143414341435, -6.949069906990689 ], [ 110.434218421842203, -6.949219921992206 ], [ 110.43406840684068, -6.949219921992199 ] ], [ [ 110.41711671167117, -6.949294929492948 ], [ 110.417266726672665, -6.949219921992201 ], [ 110.417266726672665, -6.949369936993691 ], [ 110.41711671167117, -6.949294929492948 ] ], [ [ 110.417641764176423, -6.949594959495943 ], [ 110.418316831683171, -6.949369936993707 ], [ 110.418316831683171, -6.949594959495943 ], [ 110.417641764176423, -6.949594959495943 ] ], [ [ 110.405790579057907, -6.949819981998192 ], [ 110.406090609060911, -6.9496699669967 ], [ 110.406015601560156, -6.949894989498949 ], [ 110.405790579057907, -6.949819981998192 ] ], [ [ 110.427767776777671, -6.949894989498949 ], [ 110.427992799279934, -6.949819981998197 ], [ 110.427992799279934, -6.949969996999698 ], [ 110.427767776777671, -6.949894989498949 ] ], [ [ 110.421017101710191, -6.950045004500454 ], [ 110.421092109210917, -6.949969996999706 ], [ 110.421092109210917, -6.950045004500452 ], [ 110.421017101710191, -6.950045004500454 ] ], [ [ 110.429492949294925, -6.950120012001199 ], [ 110.429792979297929, -6.950195019501958 ], [ 110.42956795679568, -6.950270027002701 ], [ 110.429492949294925, -6.950120012001199 ] ], [ [ 110.429642964296434, -6.950870087008701 ], [ 110.431068106810685, -6.950495049504958 ], [ 110.430393039303937, -6.951470147014706 ], [ 110.429642964296434, -6.950870087008701 ] ], [ [ 110.406090609060911, -6.950270027002695 ], [ 110.406240624062406, -6.950195019501956 ], [ 110.406240624062406, -6.950345034503448 ], [ 110.406090609060911, -6.950270027002695 ] ], [ [ 110.42934293429343, -6.950345034503448 ], [ 110.429417941794185, -6.950270027002706 ], [ 110.429417941794185, -6.950345034503455 ], [ 110.42934293429343, -6.950345034503448 ] ], [ [ 110.431518151815183, -6.950720072007209 ], [ 110.432043204320436, -6.950345034503457 ], [ 110.432193219321931, -6.950720072007197 ], [ 110.431518151815183, -6.950720072007209 ] ], [ [ 110.426942694269442, -6.951245124512452 ], [ 110.428442844284433, -6.951470147014699 ], [ 110.428367836783679, -6.952145214521458 ], [ 110.426942694269442, -6.951245124512452 ] ], [ [ 110.412991299129914, -6.951095109510956 ], [ 110.413516351635167, -6.951320132013201 ], [ 110.412991299129914, -6.95132013201321 ], [ 110.412991299129914, -6.951095109510956 ] ], [ [ 110.413066306630668, -6.95154515451545 ], [ 110.416741674167412, -6.952295229522945 ], [ 110.412916291629159, -6.952220222022198 ], [ 110.413066306630668, -6.95154515451545 ] ], [ [ 110.407590759075902, -6.953120312031208 ], [ 110.407590759075902, -6.952220222022196 ], [ 110.40796579657966, -6.953270327032699 ], [ 110.407590759075902, -6.953120312031208 ] ], [ [ 110.41719171917191, -6.951920192019197 ], [ 110.417266726672665, -6.951845184518453 ], [ 110.417266726672665, -6.951920192019204 ], [ 110.41719171917191, -6.951920192019197 ] ], [ [ 110.398889888988919, -6.952070207020705 ], [ 110.398964896489645, -6.951920192019208 ], [ 110.398964896489645, -6.952070207020705 ], [ 110.398889888988919, -6.952070207020705 ] ], [ [ 110.410816081608161, -6.952070207020701 ], [ 110.410966096609656, -6.9519201920192 ], [ 110.410891089108915, -6.9520702070207 ], [ 110.410816081608161, -6.952070207020701 ] ], [ [ 110.427317731773172, -6.95199519951995 ], [ 110.427542754275422, -6.951995199519951 ], [ 110.427317731773172, -6.952220222022203 ], [ 110.427317731773172, -6.95199519951995 ] ], [ [ 110.427392739273927, -6.952295229522957 ], [ 110.427542754275422, -6.952220222022209 ], [ 110.427542754275422, -6.952295229522954 ], [ 110.427392739273927, -6.952295229522957 ] ], [ [ 110.427692769276931, -6.952595259525952 ], [ 110.427842784278425, -6.952370237023706 ], [ 110.427992799279934, -6.952520252025208 ], [ 110.427692769276931, -6.952595259525952 ] ], [ [ 110.426867686768674, -6.952670267026694 ], [ 110.427167716771677, -6.952520252025193 ], [ 110.427242724272432, -6.952745274527448 ], [ 110.426867686768674, -6.952670267026694 ] ], [ [ 110.41239123912392, -6.952745274527458 ], [ 110.412766276627664, -6.952820282028205 ], [ 110.41246624662466, -6.953045304530448 ], [ 110.41239123912392, -6.952745274527458 ] ], [ [ 110.403390339033905, -6.952895289528954 ], [ 110.40496549654965, -6.953345334533445 ], [ 110.4035403540354, -6.953570357035707 ], [ 110.403390339033905, -6.952895289528954 ] ], [ [ 110.406765676567659, -6.952895289528954 ], [ 110.407140714071403, -6.95274527452746 ], [ 110.407065706570663, -6.952970297029695 ], [ 110.406765676567659, -6.952895289528954 ] ], [ [ 110.42491749174917, -6.952745274527451 ], [ 110.425217521752174, -6.952820282028209 ], [ 110.424992499249925, -6.952970297029706 ], [ 110.42491749174917, -6.952745274527451 ] ], [ [ 110.427317731773172, -6.952970297029708 ], [ 110.427392739273927, -6.952820282028204 ], [ 110.427392739273927, -6.952970297029704 ], [ 110.427317731773172, -6.952970297029708 ] ], [ [ 110.428667866786682, -6.953345334533448 ], [ 110.429642964296434, -6.95304530453046 ], [ 110.429267926792676, -6.953645364536446 ], [ 110.428667866786682, -6.953345334533448 ] ], [ [ 110.412916291629159, -6.952895289528945 ], [ 110.41569156915692, -6.953195319531956 ], [ 110.416141614161418, -6.954695469546959 ], [ 110.413066306630668, -6.95424542454246 ], [ 110.412916291629159, -6.952895289528945 ] ], [ [ 110.418316831683171, -6.953270327032702 ], [ 110.41854185418542, -6.952970297029697 ], [ 110.418691869186929, -6.953345334533454 ], [ 110.418316831683171, -6.953270327032702 ] ], [ [ 110.427392739273927, -6.953120312031206 ], [ 110.42761776177619, -6.952970297029696 ], [ 110.42761776177619, -6.953120312031206 ], [ 110.427392739273927, -6.953120312031206 ] ], [ [ 110.420717071707173, -6.953195319531949 ], [ 110.420867086708668, -6.953045304530454 ], [ 110.420792079207928, -6.95319531953196 ], [ 110.420717071707173, -6.953195319531949 ] ], [ [ 110.426942694269442, -6.953345334533458 ], [ 110.427317731773172, -6.953045304530452 ], [ 110.427317731773172, -6.953120312031198 ], [ 110.426942694269442, -6.953345334533458 ] ], [ [ 110.420867086708668, -6.95319531953195 ], [ 110.421017101710191, -6.9531203120312 ], [ 110.421017101710191, -6.953195319531958 ], [ 110.420867086708668, -6.95319531953195 ] ], [ [ 110.409165916591661, -6.953720372037197 ], [ 110.410291029102908, -6.953570357035706 ], [ 110.410066006600658, -6.954170417041698 ], [ 110.409165916591661, -6.953720372037197 ] ], [ [ 110.410291029102908, -6.953270327032701 ], [ 110.411266126612659, -6.953570357035707 ], [ 110.414791479147908, -6.95604560456045 ], [ 110.410666066606666, -6.955445544554451 ], [ 110.410291029102908, -6.953270327032701 ] ], [ [ 110.409690969096914, -6.954170417041706 ], [ 110.409765976597669, -6.954095409540952 ], [ 110.409765976597669, -6.954170417041711 ], [ 110.409690969096914, -6.954170417041706 ] ], [ [ 110.398889888988919, -6.954545454545461 ], [ 110.399789978997902, -6.954395439543956 ], [ 110.398889888988919, -6.954770477047708 ], [ 110.398889888988919, -6.954545454545461 ] ], [ [ 110.421092109210917, -6.954770477047705 ], [ 110.421167116711672, -6.954620462046204 ], [ 110.421167116711672, -6.95477047704771 ], [ 110.421092109210917, -6.954770477047705 ] ], [ [ 110.400315031503155, -6.955745574557456 ], [ 110.40046504650465, -6.95582058205821 ], [ 110.400315031503155, -6.955820582058197 ], [ 110.400315031503155, -6.955745574557456 ] ], [ [ 110.399789978997902, -6.955820582058199 ], [ 110.39986498649867, -6.955745574557461 ], [ 110.39986498649867, -6.955820582058208 ], [ 110.399789978997902, -6.955820582058199 ] ], [ [ 110.41576657665766, -6.956570657065707 ], [ 110.416216621662173, -6.956345634563462 ], [ 110.415991599159909, -6.956795679567954 ], [ 110.41576657665766, -6.956570657065707 ] ], [ [ 110.419441944194418, -6.956870687068714 ], [ 110.419966996699671, -6.956645664566459 ], [ 110.42019201920192, -6.957020702070209 ], [ 110.419441944194418, -6.956870687068714 ] ], [ [ 110.420942094209423, -6.957245724572465 ], [ 110.421317131713181, -6.957170717071704 ], [ 110.421317131713181, -6.957245724572466 ], [ 110.420942094209423, -6.957245724572465 ] ], [ [ 110.417341734173419, -6.957545754575451 ], [ 110.417641764176423, -6.957245724572458 ], [ 110.417716771677163, -6.957470747074701 ], [ 110.417341734173419, -6.957545754575451 ] ], [ [ 110.415841584158414, -6.958220822082199 ], [ 110.416216621662173, -6.9579207920792 ], [ 110.416216621662173, -6.958220822082215 ], [ 110.415841584158414, -6.958220822082199 ] ], [ [ 110.419516951695172, -6.958295829582962 ], [ 110.419591959195913, -6.958070807080706 ], [ 110.419591959195913, -6.95829582958295 ], [ 110.419516951695172, -6.958295829582962 ] ], [ [ 110.398064806480647, -6.958895889588969 ], [ 110.398139813981402, -6.958820882088204 ], [ 110.398139813981402, -6.958895889588953 ], [ 110.398064806480647, -6.958895889588969 ] ] ] } },
{ "type": "Feature", "properties": { "year": 2049, "layer": "atrisk" }, "geometry": { "type": "Polygon", "coordinates": [ [ [ 110.319456945694569, -6.938268826882693 ], [ 110.312406240624057, -6.943744374437443 ], [ 110.318181818181813, -6.952970297029702 ], [ 110.318931893189315, -6.952070207020708 ], [ 110.319831983198313, -6.954470447044705 ], [ 110.327557755775572, -6.958595859585952 ], [ 110.333558355835578, -6.95972097209721 ], [ 110.359735973597353, -6.959720972097204 ], [ 110.359810981098107, -6.955520552055205 ], [ 110.360036003600356, -6.954995499549957 ], [ 110.359810981098107, -6.959720972097218 ], [ 110.39273927392739, -6.959120912091202 ], [ 110.392364236423646, -6.958445844584451 ], [ 110.387563756375641, -6.957995799579964 ], [ 110.386213621362131, -6.959195919591964 ], [ 110.386438643864381, -6.957845784578451 ], [ 110.384638463846386, -6.958295829582964 ], [ 110.382013201320149, -6.954620462046197 ], [ 110.363036303630366, -6.9543204320432 ], [ 110.349309930993115, -6.952220222022198 ], [ 110.344884488448841, -6.949144914491447 ], [ 110.327632763276327, -6.942844284428435 ], [ 110.319456945694569, -6.938268826882693 ] ], [ [ 110.323807380738074, -6.946594659465949 ], [ 110.324707470747072, -6.946294629462948 ], [ 110.324257425742573, -6.94726972697269 ], [ 110.323807380738074, -6.946594659465949 ] ], [ [ 110.319081908190824, -6.951245124512448 ], [ 110.319231923192319, -6.950945094509449 ], [ 110.319306930693074, -6.951245124512449 ], [ 110.319081908190824, -6.951245124512448 ] ], [ [ 110.319606960696063, -6.951170117011701 ], [ 110.319831983198313, -6.9511701170117 ], [ 110.319606960696063, -6.951245124512448 ], [ 110.319606960696063, -6.951170117011701 ] ], [ [ 110.31900690069007, -6.951320132013207 ], [ 110.319081908190824, -6.951245124512448 ], [ 110.319081908190824, -6.951320132013202 ], [ 110.31900690069007, -6.951320132013207 ] ], [ [ 110.319456945694569, -6.951320132013194 ], [ 110.319606960696063, -6.951395139513947 ], [ 110.319456945694569, -6.951470147014703 ], [ 110.319456945694569, -6.951320132013194 ] ], [ [ 110.318931893189315, -6.951470147014694 ], [ 110.31900690069007, -6.95139513951395 ], [ 110.31900690069007, -6.951470147014698 ], [ 110.318931893189315, -6.951470147014694 ] ], [ [ 110.318856885688575, -6.951545154515451 ], [ 110.318931893189315, -6.951470147014694 ], [ 110.318931893189315, -6.95154515451545 ], [ 110.318856885688575, -6.951545154515451 ] ], [ [ 110.319381938193814, -6.951545154515459 ], [ 110.319456945694569, -6.951470147014703 ], [ 110.319456945694569, -6.951545154515453 ], [ 110.319381938193814, -6.951545154515459 ] ], [ [ 110.318406840684062, -6.952520252025193 ], [ 110.318481848184817, -6.952445244524449 ], [ 110.318481848184817, -6.952520252025209 ], [ 110.318406840684062, -6.952520252025193 ] ], [ [ 110.318331833183322, -6.952595259525944 ], [ 110.318406840684062, -6.952520252025193 ], [ 110.318406840684062, -6.952595259525943 ], [ 110.318331833183322, -6.952595259525944 ] ], [ [ 110.355760576057605, -6.954620462046201 ], [ 110.359435943594363, -6.954545454545448 ], [ 110.359360936093609, -6.956045604560448 ], [ 110.359060906090605, -6.95469546954696 ], [ 110.355760576057605, -6.954620462046201 ] ], [ [ 110.376237623762378, -6.955145514551455 ], [ 110.37556255625563, -6.955145514551458 ], [ 110.375712571257125, -6.955070507050706 ], [ 110.376237623762378, -6.955145514551455 ] ], [ [ 110.360561056105624, -6.955895589558954 ], [ 110.363186318631875, -6.954845484548454 ], [ 110.363261326132616, -6.954995499549958 ], [ 110.360561056105624, -6.955895589558954 ] ], [ [ 110.364236423642367, -6.95499549954995 ], [ 110.374962496249623, -6.954920492049196 ], [ 110.370537053705377, -6.956195619561956 ], [ 110.369786978697874, -6.955970597059709 ], [ 110.369786978697874, -6.955670567056697 ], [ 110.371212121212125, -6.955295529552961 ], [ 110.368961896189617, -6.955220522052208 ], [ 110.367761776177616, -6.956495649564955 ], [ 110.364236423642367, -6.95499549954995 ] ], [ [ 110.356510651065108, -6.954995499549948 ], [ 110.356585658565876, -6.954920492049202 ], [ 110.356585658565876, -6.954995499549962 ], [ 110.356510651065108, -6.954995499549948 ] ], [ [ 110.374962496249623, -6.955145514551461 ], [ 110.375037503750377, -6.954995499549956 ], [ 110.375037503750377, -6.955145514551461 ], [ 110.374962496249623, -6.955145514551461 ] ], [ [ 110.360411041104115, -6.955370537053713 ], [ 110.360561056105624, -6.955220522052209 ], [ 110.360561056105624, -6.955445544554453 ], [ 110.360411041104115, -6.955370537053713 ] ], [ [ 110.374887488748868, -6.95529552955296 ], [ 110.374962496249623, -6.955220522052215 ], [ 110.374962496249623, -6.955295529552952 ], [ 110.374887488748868, -6.95529552955296 ] ], [ [ 110.368586858685873, -6.955820582058198 ], [ 110.368661866186613, -6.955745574557453 ], [ 110.368661866186613, -6.955820582058214 ], [ 110.368586858685873, -6.955820582058198 ] ], [ [ 110.365736573657372, -6.956045604560458 ], [ 110.366261626162611, -6.955895589558955 ], [ 110.366336633663366, -6.9561206120612 ], [ 110.365736573657372, -6.956045604560458 ] ], [ [ 110.368811881188137, -6.955970597059712 ], [ 110.368961896189617, -6.955820582058201 ], [ 110.368961896189617, -6.955895589558961 ], [ 110.368811881188137, -6.955970597059712 ] ], [ [ 110.364461446144617, -6.956420642064213 ], [ 110.365661566156618, -6.955970597059699 ], [ 110.365736573657372, -6.956570657065711 ], [ 110.364461446144617, -6.956420642064213 ] ], [ [ 110.369636963696365, -6.95627062706271 ], [ 110.370237023702373, -6.956120612061207 ], [ 110.370312031203127, -6.956345634563455 ], [ 110.369636963696365, -6.95627062706271 ] ], [ [ 110.370762076207626, -6.956270627062712 ], [ 110.370837083708366, -6.956195619561954 ], [ 110.370837083708366, -6.956270627062704 ], [ 110.370762076207626, -6.956270627062712 ] ], [ [ 110.370912091209121, -6.95634563456345 ], [ 110.371212121212125, -6.956270627062701 ], [ 110.371212121212125, -6.956345634563463 ], [ 110.370912091209121, -6.95634563456345 ] ], [ [ 110.367161716171637, -6.956495649564951 ], [ 110.367386738673872, -6.956420642064201 ], [ 110.367386738673872, -6.956495649564957 ], [ 110.367161716171637, -6.956495649564951 ] ], [ [ 110.366861686168619, -6.957020702070209 ], [ 110.367761776177616, -6.957770777077701 ], [ 110.366786678667864, -6.957620762076209 ], [ 110.366861686168619, -6.957020702070209 ] ], [ [ 110.361911191119106, -6.957320732073204 ], [ 110.362736273627362, -6.957245724572453 ], [ 110.36198619861986, -6.957470747074716 ], [ 110.361911191119106, -6.957320732073204 ] ], [ [ 110.361536153615376, -6.957395739573952 ], [ 110.361611161116116, -6.957245724572449 ], [ 110.361686168616856, -6.957395739573965 ], [ 110.361536153615376, -6.957395739573952 ] ], [ [ 110.383813381338129, -6.958070807080705 ], [ 110.384038403840378, -6.957995799579966 ], [ 110.384038403840378, -6.958070807080714 ], [ 110.383813381338129, -6.958070807080705 ] ], [ [ 110.383888388838884, -6.958295829582958 ], [ 110.384038403840378, -6.958220822082201 ], [ 110.384038403840378, -6.958295829582955 ], [ 110.383888388838884, -6.958295829582958 ] ], [ [ 110.387413741374132, -6.958370837083705 ], [ 110.387488748874887, -6.95829582958295 ], [ 110.387488748874887, -6.958370837083701 ], [ 110.387413741374132, -6.958370837083705 ] ], [ [ 110.387563756375641, -6.958370837083701 ], [ 110.387788778877891, -6.958295829582959 ], [ 110.387788778877891, -6.958370837083717 ], [ 110.387563756375641, -6.958370837083701 ] ], [ [ 110.391014101410136, -6.958520852085202 ], [ 110.39108910891089, -6.95844584458446 ], [ 110.39108910891089, -6.958520852085209 ], [ 110.391014101410136, -6.958520852085202 ] ], [ [ 110.359135913591359, -6.959120912091212 ], [ 110.359210921092114, -6.958970897089701 ], [ 110.359210921092114, -6.959120912091208 ], [ 110.359135913591359, -6.959120912091212 ] ], [ [ 110.359135913591359, -6.959645964596459 ], [ 110.359210921092114, -6.959195919591965 ], [ 110.359210921092114, -6.959645964596454 ], [ 110.359135913591359, -6.959645964596459 ] ] ] } },
{ "type": "Feature", "properties": { "year": 2049, "layer": "atrisk" }, "geometry": { "type": "Polygon", "coordinates": [ [ [ 110.395064506450652, -6.957545754575459 ], [ 110.395664566456645, -6.956195619561951 ], [ 110.39438943894389, -6.958295829582959 ], [ 110.394464446444644, -6.959720972097214 ], [ 110.395889588958909, -6.959720972097205 ], [ 110.395064506450652, -6.957545754575459 ] ] ] } }
]
}
