{
"type": "FeatureCollection",
"name": "atrisk_2037",
"crs": { "type": "name", "properties": { "name": "urn:ogc:def:crs:OGC:1.3:CRS84" } },
"features": [
{ "type": "Feature", "properties": { "year": 2037, "layer": "atrisk" }, "geometry": { "type": "Polygon", "coordinates": [ [ [ 110.57680768076807, -6.75 ], [ 110.572757275727568, -6.750600060005993 ], [ 110.57680768076807, -6.750075007500755 ], [ 110.57680768076807, -6.75 ] ] ] } },
{ "type": "Feature", "properties": { "year": 2037, "layer": "atrisk" }, "geometry": { "type": "Polygon", "coordinates": [ [ [ 110.53990399039904, -6.750750075007499 ], [ 110.539678967896791, -6.751275127512749 ], [ 110.540279027902784, -6.751500150015008 ], [ 110.53990399039904, -6.750750075007499 ] ] ] } },
{ "type": "Feature", "properties": { "year": 2037, "layer": "atrisk" }, "geometry": { "type": "Polygon", "coordinates": [ [ [ 110.583858385838596, -6.750900090009003 ], [ 110.58280828082809, -6.751200120011998 ], [ 110.58280828082809, -6.752025202520256 ], [ 110.583408340834083, -6.751875187518745 ], [ 110.583858385838596, -6.750900090009003 ] ] ] } },
{ "type": "Feature", "properties": { "year": 2037, "layer": "atrisk" }, "geometry": { "type": "Polygon", "coordinates": [ [ [ 110.564056405640585, -6.75 ], [ 110.566981698169812, -6.752250225022503 ], [ 110.571707170717076, -6.750150015001493 ], [ 110.571707170717076, -6.75 ], [ 110.564056405640585, -6.75 ] ] ] } },
{ "type": "Feature", "properties": { "year": 2037, "layer": "atrisk" }, "geometry": { "type": "Polygon", "coordinates": [ [ [ 110.584458445844589, -6.752100210020992 ], [ 110.583633363336332, -6.752850285028502 ], [ 110.583408340834083, -6.753750375037506 ], [ 110.584458445844589, -6.753600360036009 ], [ 110.584458445844589, -6.752100210020992 ] ] ] } },
{ "type": "Feature", "properties": { "year": 2037, "layer": "atrisk" }, "geometry": { "type": "Polygon", "coordinates": [ [ [ 110.580558055805596, -6.752625262526255 ], [ 110.578007800780071, -6.753000300030009 ], [ 110.577857785778576, -6.753900390039011 ], [ 110.581008100810081, -6.753900390038996 ], [ 110.580558055805596, -6.752625262526255 ] ] ] } },
{ "type": "Feature", "properties": { "year": 2037, "layer": "atrisk" }, "geometry": { "type": "Polygon", "coordinates": [ [ [ 110.571707170717076, -6.753300330032997 ], [ 110.570732073207324, -6.754125412541248 ], [ 110.571632163216336, -6.754125412541248 ], [ 110.571707170717076, -6.753300330032997 ] ] ] } },
{ "type": "Feature", "properties": { "year": 2037, "layer": "atrisk" }, "geometry": { "type": "Polygon", "coordinates": [ [ [ 110.583033303330339, -6.753300330033002 ], [ 110.582058205820587, -6.75247524752475 ], [ 110.582358235823577, -6.754275427542747 ], [ 110.583033303330339, -6.753300330033002 ] ] ] } },
{ "type": "Feature", "properties": { "year": 2037, "layer": "atrisk" }, "geometry": { "type": "Polygon", "coordinates": [ [ [ 110.569681968196818, -6.754050405040497 ], [ 110.568406840684062, -6.754275427542751 ], [ 110.569531953195323, -6.75465046504651 ], [ 110.569681968196818, -6.754050405040497 ] ] ] } },
{ "type": "Feature", "properties": { "year": 2037, "layer": "atrisk" }, "geometry": { "type": "Polygon", "coordinates": [ [ [ 110.541104110411041, -6.75 ], [ 110.545829582958291, -6.75592559255925 ], [ 110.547479747974791, -6.755700570057004 ], [ 110.543429342934289, -6.75 ], [ 110.541104110411041, -6.75 ] ] ] } },
{ "type": "Feature", "properties": { "year": 2037, "layer": "atrisk" }, "geometry": { "type": "Polygon", "coordinates": [ [ [ 110.549504950495063, -6.756300630063011 ], [ 110.548829882988301, -6.756450645064513 ], [ 110.549354935493554, -6.756675667566754 ], [ 110.549504950495063, -6.756300630063011 ] ] ] } },
{ "type": "Feature", "properties": { "year": 2037, "layer": "atrisk" }, "geometry": { "type": "Polygon", "coordinates": [ [ [ 110.571407140714072, -6.756525652565255 ], [ 110.569981998199836, -6.757425742574261 ], [ 110.570057005700576, -6.758775877587755 ], [ 110.571407140714072, -6.757725772577253 ], [ 110.571407140714072, -6.756525652565255 ] ] ] } },
{ "type": "Feature", "properties": { "year": 2037, "layer": "atrisk" }, "geometry": { "type": "Polygon", "coordinates": [ [ [ 110.547254725472541, -6.759075907590766 ], [ 110.546354635463544, -6.759900990099009 ], [ 110.546654665466548, -6.760126012601257 ], [ 110.547254725472541, -6.759075907590766 ] ] ] } },
{ "type": "Feature", "properties": { "year": 2037, "layer": "atrisk" }, "geometry": { "type": "Polygon", "coordinates": [ [ [ 110.577482748274832, -6.759675967596768 ], [ 110.577932793279345, -6.761326132613258 ], [ 110.578457845784584, -6.761401140114007 ], [ 110.578607860786079, -6.759975997599751 ], [ 110.577482748274832, -6.759675967596768 ] ] ] } },
{ "type": "Feature", "properties": { "year": 2037, "layer": "atrisk" }, "geometry": { "type": "Polygon", "coordinates": [ [ [ 110.566756675667563, -6.759225922592256 ], [ 110.565631563156316, -6.759975997599761 ], [ 110.566231623162309, -6.761551155115503 ], [ 110.567206720672061, -6.760276027602756 ], [ 110.566756675667563, -6.759225922592256 ] ] ] } },
{ "type": "Feature", "properties": { "year": 2037, "layer": "atrisk" }, "geometry": { "type": "Polygon", "coordinates": [ [ [ 110.555955595559553, -6.761176117611768 ], [ 110.554905490549061, -6.762376237623767 ], [ 110.555655565556549, -6.762526252625259 ], [ 110.555955595559553, -6.761176117611768 ] ] ] } },
{ "type": "Feature", "properties": { "year": 2037, "layer": "atrisk" }, "geometry": { "type": "Polygon", "coordinates": [ [ [ 110.58423342334234, -6.754275427542751 ], [ 110.582058205820587, -6.757725772577265 ], [ 110.582583258325826, -6.759000900090013 ], [ 110.581533153315334, -6.757575757575752 ], [ 110.57515751575157, -6.757200720072009 ], [ 110.574782478247826, -6.755550555055503 ], [ 110.572982298229817, -6.755850585058509 ], [ 110.572157215721575, -6.756450645064502 ], [ 110.57515751575157, -6.757425742574257 ], [ 110.574107410741078, -6.759900990099014 ], [ 110.576882688268824, -6.759000900090016 ], [ 110.582433243324331, -6.760501050105007 ], [ 110.583633363336332, -6.763726372637266 ], [ 110.58423342334234, -6.754275427542751 ] ] ] } },
{ "type": "Feature", "properties": { "year": 2037, "layer": "atrisk" }, "geometry": { "type": "Polygon", "coordinates": [ [ [ 110.568706870687066, -6.763876387638763 ], [ 110.569006900690084, -6.763126312631258 ], [ 110.566381638163818, -6.763501350135004 ], [ 110.568706870687066, -6.763876387638763 ] ] ] } },
{ "type": "Feature", "properties": { "year": 2037, "layer": "atrisk" }, "geometry": { "type": "Polygon", "coordinates": [ [ [ 110.576432643264326, -6.759825982598252 ], [ 110.572307230723084, -6.761626162616257 ], [ 110.574932493249335, -6.76125112511251 ], [ 110.575457545754574, -6.762826282628267 ], [ 110.573057305730572, -6.763051305130517 ], [ 110.570657065706584, -6.764176417641769 ], [ 110.575607560756069, -6.764326432643267 ], [ 110.575457545754574, -6.769951995199527 ], [ 110.576882688268824, -6.770627062706262 ], [ 110.576057605760582, -6.768976897689773 ], [ 110.577407740774078, -6.767551755175523 ], [ 110.578082808280826, -6.770627062706263 ], [ 110.575532553255329, -6.771452145214529 ], [ 110.575457545754574, -6.770402040204012 ], [ 110.575232523252325, -6.773477347734771 ], [ 110.572982298229817, -6.77475247524752 ], [ 110.569456945694569, -6.775202520252023 ], [ 110.568331833183322, -6.775952595259531 ], [ 110.56593159315932, -6.784428442844288 ], [ 110.565706570657085, -6.787203720372032 ], [ 110.566681668166822, -6.787728772877283 ], [ 110.566981698169812, -6.788253825382541 ], [ 110.565331533153312, -6.78795379537953 ], [ 110.562706270627075, -6.792904290429049 ], [ 110.564806480648059, -6.795529552955299 ], [ 110.567281728172816, -6.792679267926785 ], [ 110.565406540654067, -6.796054605460551 ], [ 110.569156915691565, -6.795229522952286 ], [ 110.569756975697572, -6.798154815481551 ], [ 110.568106810681073, -6.798904890489053 ], [ 110.568106810681073, -6.798604860486051 ], [ 110.567431743174311, -6.797854785478546 ], [ 110.566981698169812, -6.797779777977794 ], [ 110.566456645664573, -6.798454845484541 ], [ 110.566306630663064, -6.797554755475556 ], [ 110.564656465646564, -6.796954695469554 ], [ 110.566456645664573, -6.797329732973296 ], [ 110.565331533153312, -6.796354635463551 ], [ 110.564206420642066, -6.795979597959797 ], [ 110.562781278127815, -6.796879687968799 ], [ 110.563831383138307, -6.796054605460546 ], [ 110.563831383138307, -6.795529552955291 ], [ 110.561881188118818, -6.795004500450043 ], [ 110.559555955595556, -6.798154815481547 ], [ 110.55985598559856, -6.800330033003299 ], [ 110.56128112811281, -6.799054905490548 ], [ 110.560081008100823, -6.800930093009298 ], [ 110.560231023102304, -6.801830183018302 ], [ 110.562181218121808, -6.800855085508553 ], [ 110.561731173117323, -6.8018301830183 ], [ 110.562706270627075, -6.802280228022807 ], [ 110.563981398139816, -6.8019801980198 ], [ 110.563906390639062, -6.802730273027303 ], [ 110.56758175817582, -6.805130513051301 ], [ 110.568106810681073, -6.805205520552054 ], [ 110.568556855685571, -6.804680468046797 ], [ 110.567956795679564, -6.80558055805581 ], [ 110.569831983198327, -6.807155715571555 ], [ 110.567731773177314, -6.806405640564052 ], [ 110.566381638163818, -6.808205820582054 ], [ 110.568106810681073, -6.809855985598554 ], [ 110.568106810681073, -6.810306030603063 ], [ 110.56293129312931, -6.804605460546056 ], [ 110.566306630663064, -6.807755775577551 ], [ 110.567131713171321, -6.806930693069313 ], [ 110.567431743174311, -6.805805580558061 ], [ 110.560231023102304, -6.801980198019796 ], [ 110.560081008100823, -6.803705370537059 ], [ 110.556705670567055, -6.805880588058803 ], [ 110.554230423042299, -6.809030903090314 ], [ 110.56293129312931, -6.816006600660069 ], [ 110.563531353135318, -6.81345634563457 ], [ 110.568481848184817, -6.81240624062406 ], [ 110.568256825682568, -6.811356135613554 ], [ 110.569456945694569, -6.811956195619564 ], [ 110.571182118211823, -6.811281128112814 ], [ 110.577257725772597, -6.807080708070805 ], [ 110.581533153315334, -6.801530153015299 ], [ 110.582358235823577, -6.799879987998802 ], [ 110.582283228322837, -6.799654965496553 ], [ 110.582433243324331, -6.799654965496546 ], [ 110.583108310831079, -6.798004800480045 ], [ 110.583933393339336, -6.795154515451541 ], [ 110.584458445844589, -6.791779177917794 ], [ 110.582058205820587, -6.790279027902787 ], [ 110.58145814581458, -6.79365436543655 ], [ 110.581533153315334, -6.789978997899788 ], [ 110.578757875787574, -6.788703870387039 ], [ 110.582133213321328, -6.789528952895292 ], [ 110.584458445844589, -6.791404140414036 ], [ 110.584608460846084, -6.770702070207022 ], [ 110.581908190819078, -6.77070207020702 ], [ 110.582958295829584, -6.76650165016502 ], [ 110.581908190819078, -6.767326732673271 ], [ 110.582133213321328, -6.764476447644761 ], [ 110.579732973297325, -6.763951395139514 ], [ 110.583858385838596, -6.764851485148519 ], [ 110.58423342334234, -6.764101410141012 ], [ 110.581158115811576, -6.762601260126014 ], [ 110.576057605760582, -6.762901290129014 ], [ 110.576432643264326, -6.759825982598252 ] ], [ [ 110.576957695769579, -6.764776477647773 ], [ 110.577782778277822, -6.765076507650763 ], [ 110.577032703270334, -6.765826582658264 ], [ 110.576957695769579, -6.764776477647773 ] ], [ [ 110.570357035703566, -6.775277527752782 ], [ 110.570582058205815, -6.775127512751276 ], [ 110.570582058205815, -6.775277527752783 ], [ 110.570357035703566, -6.775277527752782 ] ], [ [ 110.571107110711068, -6.77535253525352 ], [ 110.571182118211823, -6.775202520252019 ], [ 110.571182118211823, -6.775352535253528 ], [ 110.571107110711068, -6.77535253525352 ] ], [ [ 110.569756975697572, -6.775877587758781 ], [ 110.570132013201317, -6.775577557755772 ], [ 110.570132013201317, -6.77580258025802 ], [ 110.569756975697572, -6.775877587758781 ] ], [ [ 110.569606960696063, -6.775802580258032 ], [ 110.569681968196818, -6.775577557755778 ], [ 110.569681968196818, -6.775802580258028 ], [ 110.569606960696063, -6.775802580258032 ] ], [ [ 110.568931893189315, -6.776027602760282 ], [ 110.569081908190824, -6.775652565256532 ], [ 110.569006900690084, -6.776027602760269 ], [ 110.568931893189315, -6.776027602760282 ] ], [ [ 110.569231923192319, -6.775877587758786 ], [ 110.569456945694569, -6.775802580258032 ], [ 110.569231923192319, -6.776177617761784 ], [ 110.569231923192319, -6.775877587758786 ] ], [ [ 110.568706870687066, -6.775877587758782 ], [ 110.568781878187821, -6.775802580258024 ], [ 110.568781878187821, -6.775877587758775 ], [ 110.568706870687066, -6.775877587758782 ] ], [ [ 110.568631863186312, -6.776252625262527 ], [ 110.568781878187821, -6.776402640264031 ], [ 110.568631863186312, -6.776552655265528 ], [ 110.568631863186312, -6.776252625262527 ] ], [ [ 110.569756975697572, -6.776327632763282 ], [ 110.569831983198327, -6.776102610261017 ], [ 110.569831983198327, -6.776327632763279 ], [ 110.569756975697572, -6.776327632763282 ] ], [ [ 110.570657065706584, -6.776552655265534 ], [ 110.571032103210328, -6.776252625262534 ], [ 110.570882088208819, -6.776702670267034 ], [ 110.570657065706584, -6.776552655265534 ] ], [ [ 110.578457845784584, -6.776177617761778 ], [ 110.583333333333329, -6.778202820282023 ], [ 110.584458445844589, -6.780078007800785 ], [ 110.581008100810081, -6.77947794779478 ], [ 110.578457845784584, -6.776177617761778 ] ], [ [ 110.568931893189315, -6.776327632763272 ], [ 110.569081908190824, -6.776477647764779 ], [ 110.568931893189315, -6.776627662766278 ], [ 110.568931893189315, -6.776327632763272 ] ], [ [ 110.569681968196818, -6.776477647764777 ], [ 110.569756975697572, -6.776327632763282 ], [ 110.569756975697572, -6.776477647764777 ], [ 110.569681968196818, -6.776477647764777 ] ], [ [ 110.570357035703566, -6.776552655265521 ], [ 110.570507050705075, -6.776327632763272 ], [ 110.57043204320432, -6.776552655265527 ], [ 110.570357035703566, -6.776552655265521 ] ], [ [ 110.569156915691565, -6.776702670267026 ], [ 110.569231923192319, -6.776402640264023 ], [ 110.569231923192319, -6.776702670267025 ], [ 110.569156915691565, -6.776702670267026 ] ], [ [ 110.570357035703566, -6.776777677767772 ], [ 110.570507050705075, -6.776927692769283 ], [ 110.570282028202826, -6.777152715271523 ], [ 110.570357035703566, -6.776777677767772 ] ], [ [ 110.570207020702071, -6.776927692769282 ], [ 110.570282028202826, -6.776777677767767 ], [ 110.570282028202826, -6.776927692769271 ], [ 110.570207020702071, -6.776927692769282 ] ], [ [ 110.570582058205815, -6.776927692769271 ], [ 110.570732073207324, -6.77677767776778 ], [ 110.570657065706584, -6.776927692769282 ], [ 110.570582058205815, -6.776927692769271 ] ], [ [ 110.570882088208819, -6.776927692769282 ], [ 110.570957095709574, -6.776852685268523 ], [ 110.570957095709574, -6.776927692769275 ], [ 110.570882088208819, -6.776927692769282 ] ], [ [ 110.570132013201317, -6.777077707770777 ], [ 110.570207020702071, -6.776927692769282 ], [ 110.570207020702071, -6.777077707770785 ], [ 110.570132013201317, -6.777077707770777 ] ], [ [ 110.570807080708065, -6.777077707770782 ], [ 110.570882088208819, -6.777002700270025 ], [ 110.570882088208819, -6.777077707770776 ], [ 110.570807080708065, -6.777077707770782 ] ], [ [ 110.570507050705075, -6.777152715271534 ], [ 110.570582058205815, -6.777077707770784 ], [ 110.570582058205815, -6.777152715271525 ], [ 110.570507050705075, -6.777152715271534 ] ], [ [ 110.569981998199836, -6.777602760276022 ], [ 110.570357035703566, -6.777377737773786 ], [ 110.570132013201317, -6.777827782778283 ], [ 110.569981998199836, -6.777602760276022 ] ], [ [ 110.570657065706584, -6.77752775277528 ], [ 110.570882088208819, -6.777452745274535 ], [ 110.570957095709574, -6.777677767776771 ], [ 110.570882088208819, -6.777602760276028 ], [ 110.570732073207324, -6.777602760276032 ], [ 110.570732073207324, -6.777527752775281 ], [ 110.570657065706584, -6.77752775277528 ] ], [ [ 110.57043204320432, -6.777602760276035 ], [ 110.570657065706584, -6.77767776777678 ], [ 110.570357035703566, -6.777977797779783 ], [ 110.57043204320432, -6.777602760276035 ] ], [ [ 110.569756975697572, -6.777677767776779 ], [ 110.569831983198327, -6.777602760276022 ], [ 110.569831983198327, -6.777677767776773 ], [ 110.569756975697572, -6.777677767776779 ] ], [ [ 110.570807080708065, -6.77775277527753 ], [ 110.570882088208819, -6.777677767776777 ], [ 110.570882088208819, -6.777752775277531 ], [ 110.570807080708065, -6.77775277527753 ] ], [ [ 110.568931893189315, -6.777827782778282 ], [ 110.569006900690084, -6.777752775277528 ], [ 110.569006900690084, -6.777827782778283 ], [ 110.568931893189315, -6.777827782778282 ] ], [ [ 110.568856885688575, -6.777902790279034 ], [ 110.568931893189315, -6.777827782778282 ], [ 110.568931893189315, -6.777902790279027 ], [ 110.568856885688575, -6.777902790279034 ] ], [ [ 110.569156915691565, -6.777827782778273 ], [ 110.569681968196818, -6.778127812781276 ], [ 110.569156915691565, -6.778052805280531 ], [ 110.569006900690084, -6.778427842784274 ], [ 110.569156915691565, -6.777827782778273 ] ], [ [ 110.569756975697572, -6.778052805280524 ], [ 110.569831983198327, -6.777902790279032 ], [ 110.569831983198327, -6.778052805280522 ], [ 110.569756975697572, -6.778052805280524 ] ], [ [ 110.568781878187821, -6.778052805280527 ], [ 110.568931893189315, -6.777977797779781 ], [ 110.568931893189315, -6.778052805280522 ], [ 110.568781878187821, -6.778052805280527 ] ], [ [ 110.570132013201317, -6.778052805280524 ], [ 110.570207020702071, -6.777977797779784 ], [ 110.570207020702071, -6.778052805280534 ], [ 110.570132013201317, -6.778052805280524 ] ], [ [ 110.569831983198327, -6.778352835283526 ], [ 110.570057005700576, -6.778052805280534 ], [ 110.569906990699067, -6.778352835283534 ], [ 110.569831983198327, -6.778352835283526 ] ], [ [ 110.568781878187821, -6.778352835283531 ], [ 110.568856885688575, -6.778127812781278 ], [ 110.568856885688575, -6.778352835283528 ], [ 110.568781878187821, -6.778352835283531 ] ], [ [ 110.570057005700576, -6.778277827782771 ], [ 110.570132013201317, -6.778127812781281 ], [ 110.570132013201317, -6.778277827782782 ], [ 110.570057005700576, -6.778277827782771 ] ], [ [ 110.570207020702071, -6.778352835283521 ], [ 110.570357035703566, -6.778127812781271 ], [ 110.570282028202826, -6.778352835283526 ], [ 110.570207020702071, -6.778352835283521 ] ], [ [ 110.570357035703566, -6.778652865286538 ], [ 110.570582058205815, -6.778202820282024 ], [ 110.570507050705075, -6.778652865286523 ], [ 110.570357035703566, -6.778652865286538 ] ], [ [ 110.568331833183322, -6.778952895289534 ], [ 110.568781878187821, -6.778352835283531 ], [ 110.568706870687066, -6.778877887788775 ], [ 110.568331833183322, -6.778952895289534 ] ], [ [ 110.569531953195323, -6.778352835283532 ], [ 110.569606960696063, -6.778277827782786 ], [ 110.569606960696063, -6.778352835283534 ], [ 110.569531953195323, -6.778352835283532 ] ], [ [ 110.569156915691565, -6.778502850285026 ], [ 110.569231923192319, -6.778352835283528 ], [ 110.569231923192319, -6.77850285028503 ], [ 110.569156915691565, -6.778502850285026 ] ], [ [ 110.568706870687066, -6.779102910291027 ], [ 110.569006900690084, -6.778652865286536 ], [ 110.568856885688575, -6.779102910291023 ], [ 110.568706870687066, -6.779102910291027 ] ], [ [ 110.569306930693074, -6.778502850285022 ], [ 110.569381938193814, -6.778427842784271 ], [ 110.569381938193814, -6.778502850285021 ], [ 110.569306930693074, -6.778502850285022 ] ], [ [ 110.568031803180318, -6.78180318031803 ], [ 110.569831983198327, -6.778652865286524 ], [ 110.568856885688575, -6.780828082808288 ], [ 110.569456945694569, -6.780078007800779 ], [ 110.569681968196818, -6.780378037803779 ], [ 110.569006900690084, -6.782103210321036 ], [ 110.571032103210328, -6.783078307830782 ], [ 110.572007200720066, -6.783228322832279 ], [ 110.573357335733576, -6.785103510351032 ], [ 110.572457245724578, -6.783978397839778 ], [ 110.568031803180318, -6.78180318031803 ] ], [ [ 110.569081908190824, -6.778727872787286 ], [ 110.569156915691565, -6.778577857785771 ], [ 110.569156915691565, -6.778727872787278 ], [ 110.569081908190824, -6.778727872787286 ] ], [ [ 110.570282028202826, -6.778727872787275 ], [ 110.570357035703566, -6.778652865286538 ], [ 110.570357035703566, -6.778727872787282 ], [ 110.570282028202826, -6.778727872787275 ] ], [ [ 110.569006900690084, -6.77895289528953 ], [ 110.569081908190824, -6.778802880288033 ], [ 110.569081908190824, -6.778952895289531 ], [ 110.569006900690084, -6.77895289528953 ] ], [ [ 110.570207020702071, -6.778877887788781 ], [ 110.570282028202826, -6.778802880288031 ], [ 110.570282028202826, -6.778877887788775 ], [ 110.570207020702071, -6.778877887788781 ] ], [ [ 110.570132013201317, -6.779027902790279 ], [ 110.570207020702071, -6.778952895289534 ], [ 110.570207020702071, -6.779027902790277 ], [ 110.570132013201317, -6.779027902790279 ] ], [ [ 110.568931893189315, -6.779102910291029 ], [ 110.569006900690084, -6.779027902790282 ], [ 110.569006900690084, -6.779102910291021 ], [ 110.568931893189315, -6.779102910291029 ] ], [ [ 110.569981998199836, -6.779402940294032 ], [ 110.570057005700576, -6.779252925292536 ], [ 110.570057005700576, -6.779402940294022 ], [ 110.569981998199836, -6.779402940294032 ] ], [ [ 110.569906990699067, -6.779552955295537 ], [ 110.569981998199836, -6.779402940294032 ], [ 110.569981998199836, -6.779552955295533 ], [ 110.569906990699067, -6.779552955295537 ] ], [ [ 110.569531953195323, -6.779702970297031 ], [ 110.569606960696063, -6.779627962796283 ], [ 110.569606960696063, -6.779702970297022 ], [ 110.569531953195323, -6.779702970297031 ] ], [ [ 110.569606960696063, -6.779777977797781 ], [ 110.569831983198327, -6.779702970297029 ], [ 110.569831983198327, -6.779852985298522 ], [ 110.569606960696063, -6.779777977797781 ] ], [ [ 110.569831983198327, -6.779702970297029 ], [ 110.569906990699067, -6.779627962796274 ], [ 110.569906990699067, -6.779702970297032 ], [ 110.569831983198327, -6.779702970297029 ] ], [ [ 110.569531953195323, -6.779927992799286 ], [ 110.569606960696063, -6.779852985298532 ], [ 110.569606960696063, -6.779927992799287 ], [ 110.569531953195323, -6.779927992799286 ] ], [ [ 110.569681968196818, -6.780078007800779 ], [ 110.569756975697572, -6.779927992799279 ], [ 110.569756975697572, -6.78007800780078 ], [ 110.569681968196818, -6.780078007800779 ] ], [ [ 110.567956795679564, -6.781728172817276 ], [ 110.568031803180318, -6.781653165316526 ], [ 110.568031803180318, -6.781728172817283 ], [ 110.567956795679564, -6.781728172817276 ] ], [ [ 110.574857485748581, -6.781728172817287 ], [ 110.575007500750075, -6.781653165316526 ], [ 110.575007500750075, -6.781728172817282 ], [ 110.574857485748581, -6.781728172817287 ] ], [ [ 110.573582358235825, -6.784278427842783 ], [ 110.575307530753079, -6.781803180318033 ], [ 110.57508250825083, -6.782328232823288 ], [ 110.573582358235825, -6.784278427842783 ] ], [ [ 110.568181818181813, -6.782178217821778 ], [ 110.568331833183322, -6.782103210321028 ], [ 110.568031803180318, -6.782778277827785 ], [ 110.568181818181813, -6.782178217821778 ] ], [ [ 110.568331833183322, -6.782253225322534 ], [ 110.568406840684062, -6.782178217821789 ], [ 110.568406840684062, -6.782253225322536 ], [ 110.568331833183322, -6.782253225322534 ] ], [ [ 110.568781878187821, -6.78247824782478 ], [ 110.569081908190824, -6.782403240324039 ], [ 110.569231923192319, -6.782553255325523 ], [ 110.568781878187821, -6.78247824782478 ] ], [ [ 110.569381938193814, -6.782703270327028 ], [ 110.569456945694569, -6.782553255325537 ], [ 110.569606960696063, -6.782703270327035 ], [ 110.569381938193814, -6.782703270327028 ] ], [ [ 110.567881788178823, -6.782853285328532 ], [ 110.567956795679564, -6.782778277827778 ], [ 110.567956795679564, -6.78285328532854 ], [ 110.567881788178823, -6.782853285328532 ] ], [ [ 110.571182118211823, -6.783003300330039 ], [ 110.571257125712577, -6.78292829282928 ], [ 110.571257125712577, -6.783003300330039 ], [ 110.571182118211823, -6.783003300330039 ] ], [ [ 110.571557155715567, -6.783078307830789 ], [ 110.571632163216336, -6.783003300330035 ], [ 110.571632163216336, -6.783078307830789 ], [ 110.571557155715567, -6.783078307830789 ] ], [ [ 110.567731773177314, -6.783228322832283 ], [ 110.567806780678069, -6.78307830783079 ], [ 110.567806780678069, -6.783228322832282 ], [ 110.567731773177314, -6.783228322832283 ] ], [ [ 110.567956795679564, -6.78345334533453 ], [ 110.568556855685571, -6.783228322832279 ], [ 110.568556855685571, -6.783378337833788 ], [ 110.567956795679564, -6.78345334533453 ] ], [ [ 110.573882388238829, -6.783153315331529 ], [ 110.573957395739569, -6.783078307830787 ], [ 110.573957395739569, -6.783153315331534 ], [ 110.573882388238829, -6.783153315331529 ] ], [ [ 110.57365736573658, -6.783303330333029 ], [ 110.573882388238829, -6.783303330333029 ], [ 110.57365736573658, -6.783378337833782 ], [ 110.57365736573658, -6.783303330333029 ] ], [ [ 110.567656765676574, -6.783378337833778 ], [ 110.567731773177314, -6.783228322832283 ], [ 110.567731773177314, -6.78337833783378 ], [ 110.567656765676574, -6.783378337833778 ] ], [ [ 110.56758175817582, -6.783528352835274 ], [ 110.567656765676574, -6.783453345334535 ], [ 110.567656765676574, -6.783528352835281 ], [ 110.56758175817582, -6.783528352835274 ] ], [ [ 110.573807380738074, -6.783528352835281 ], [ 110.573882388238829, -6.783453345334534 ], [ 110.573882388238829, -6.783528352835289 ], [ 110.573807380738074, -6.783528352835281 ] ], [ [ 110.573582358235825, -6.783678367836789 ], [ 110.57365736573658, -6.78352835283529 ], [ 110.57365736573658, -6.783678367836788 ], [ 110.573582358235825, -6.783678367836789 ] ], [ [ 110.573507350735071, -6.783753375337537 ], [ 110.573582358235825, -6.783678367836789 ], [ 110.573582358235825, -6.783753375337531 ], [ 110.573507350735071, -6.783753375337537 ] ], [ [ 110.57343234323433, -6.783828382838291 ], [ 110.573507350735071, -6.783753375337537 ], [ 110.573507350735071, -6.783828382838277 ], [ 110.57343234323433, -6.783828382838291 ] ], [ [ 110.573357335733576, -6.783903390339032 ], [ 110.57343234323433, -6.783828382838291 ], [ 110.57343234323433, -6.78390339033903 ], [ 110.573357335733576, -6.783903390339032 ] ], [ [ 110.572757275727568, -6.783978397839791 ], [ 110.572832283228323, -6.78390339033903 ], [ 110.572832283228323, -6.783978397839776 ], [ 110.572757275727568, -6.783978397839791 ] ], [ [ 110.572832283228323, -6.784053405340543 ], [ 110.572907290729077, -6.78397839783979 ], [ 110.572907290729077, -6.784053405340533 ], [ 110.572832283228323, -6.784053405340543 ] ], [ [ 110.573357335733576, -6.784053405340526 ], [ 110.57343234323433, -6.783978397839789 ], [ 110.57343234323433, -6.78405340534054 ], [ 110.573357335733576, -6.784053405340526 ] ], [ [ 110.57343234323433, -6.784128412841278 ], [ 110.573507350735071, -6.784053405340533 ], [ 110.573507350735071, -6.784128412841279 ], [ 110.57343234323433, -6.784128412841278 ] ], [ [ 110.572832283228323, -6.784203420342027 ], [ 110.572907290729077, -6.78412841284128 ], [ 110.572907290729077, -6.784203420342035 ], [ 110.572832283228323, -6.784203420342027 ] ], [ [ 110.573132313231326, -6.784203420342034 ], [ 110.573357335733576, -6.784128412841291 ], [ 110.57343234323433, -6.784278427842789 ], [ 110.573132313231326, -6.784203420342034 ] ], [ [ 110.57343234323433, -6.784353435343529 ], [ 110.573507350735071, -6.784278427842789 ], [ 110.573507350735071, -6.784353435343536 ], [ 110.57343234323433, -6.784353435343529 ] ], [ [ 110.566531653165313, -6.785028502850289 ], [ 110.566906690669072, -6.784953495349537 ], [ 110.566906690669072, -6.785028502850285 ], [ 110.566531653165313, -6.785028502850289 ] ], [ [ 110.56758175817582, -6.785178517851791 ], [ 110.567731773177314, -6.78495349534954 ], [ 110.567656765676574, -6.785178517851779 ], [ 110.56758175817582, -6.785178517851791 ] ], [ [ 110.566381638163818, -6.786303630363046 ], [ 110.566456645664573, -6.786153615361536 ], [ 110.566456645664573, -6.786303630363031 ], [ 110.566381638163818, -6.786303630363046 ] ], [ [ 110.583258325832588, -6.787353735373537 ], [ 110.584383438343835, -6.786903690369043 ], [ 110.583783378337827, -6.787878787878791 ], [ 110.583258325832588, -6.787353735373537 ] ], [ [ 110.569906990699067, -6.786978697869789 ], [ 110.569981998199836, -6.786903690369035 ], [ 110.569981998199836, -6.786978697869789 ], [ 110.569906990699067, -6.786978697869789 ] ], [ [ 110.569606960696063, -6.788103810381038 ], [ 110.569906990699067, -6.787428742874281 ], [ 110.570357035703566, -6.787053705370534 ], [ 110.570132013201317, -6.788403840384031 ], [ 110.569606960696063, -6.788103810381038 ] ], [ [ 110.569981998199836, -6.787203720372033 ], [ 110.570057005700576, -6.78712871287128 ], [ 110.570057005700576, -6.787203720372031 ], [ 110.569981998199836, -6.787203720372033 ] ], [ [ 110.57538253825382, -6.788028802880294 ], [ 110.576207620762077, -6.787578757875786 ], [ 110.575457545754574, -6.788253825382545 ], [ 110.57538253825382, -6.788028802880294 ] ], [ [ 110.569906990699067, -6.787278727872788 ], [ 110.569981998199836, -6.787203720372033 ], [ 110.569981998199836, -6.787278727872792 ], [ 110.569906990699067, -6.787278727872788 ] ], [ [ 110.575307530753079, -6.788328832883282 ], [ 110.57538253825382, -6.788178817881779 ], [ 110.57538253825382, -6.788328832883288 ], [ 110.575307530753079, -6.788328832883282 ] ], [ [ 110.569456945694569, -6.788778877887797 ], [ 110.569756975697572, -6.788328832883295 ], [ 110.569606960696063, -6.78877887788779 ], [ 110.569456945694569, -6.788778877887797 ] ], [ [ 110.574932493249335, -6.788403840384038 ], [ 110.575007500750075, -6.788328832883288 ], [ 110.575007500750075, -6.788403840384036 ], [ 110.574932493249335, -6.788403840384038 ] ], [ [ 110.574932493249335, -6.789003900390044 ], [ 110.57538253825382, -6.788478847884784 ], [ 110.57515751575157, -6.788928892889287 ], [ 110.574932493249335, -6.789003900390044 ] ], [ [ 110.569981998199836, -6.788478847884785 ], [ 110.570057005700576, -6.788403840384047 ], [ 110.570057005700576, -6.788478847884793 ], [ 110.569981998199836, -6.788478847884785 ] ], [ [ 110.569606960696063, -6.788853885388532 ], [ 110.570882088208819, -6.788703870387038 ], [ 110.570882088208819, -6.789078907890784 ], [ 110.569606960696063, -6.788853885388532 ] ], [ [ 110.574857485748581, -6.788553855385535 ], [ 110.574932493249335, -6.788478847884785 ], [ 110.574932493249335, -6.788553855385539 ], [ 110.574857485748581, -6.788553855385535 ] ], [ [ 110.574857485748581, -6.788703870387033 ], [ 110.574932493249335, -6.788628862886283 ], [ 110.574932493249335, -6.788703870387046 ], [ 110.574857485748581, -6.788703870387033 ] ], [ [ 110.574932493249335, -6.788778877887782 ], [ 110.575007500750075, -6.788703870387047 ], [ 110.575007500750075, -6.78877887788779 ], [ 110.574932493249335, -6.788778877887782 ] ], [ [ 110.571032103210328, -6.788853885388531 ], [ 110.575457545754574, -6.790054005400545 ], [ 110.576282628262845, -6.7922292229223 ], [ 110.578982898289823, -6.792754275427543 ], [ 110.57680768076807, -6.792979297929794 ], [ 110.576132613261322, -6.79245424542455 ], [ 110.575532553255329, -6.790804080408039 ], [ 110.571032103210328, -6.788853885388531 ] ], [ [ 110.565031503150323, -6.789153915391538 ], [ 110.565106510651063, -6.789078907890783 ], [ 110.565106510651063, -6.789153915391533 ], [ 110.565031503150323, -6.789153915391538 ] ], [ [ 110.565631563156316, -6.791779177917793 ], [ 110.567806780678069, -6.78952895289529 ], [ 110.566531653165313, -6.791779177917799 ], [ 110.565631563156316, -6.791779177917793 ] ], [ [ 110.570207020702071, -6.790054005400548 ], [ 110.57515751575157, -6.790804080408039 ], [ 110.575832583258332, -6.792454245424544 ], [ 110.570207020702071, -6.790054005400548 ] ], [ [ 110.569531953195323, -6.789753975397541 ], [ 110.569756975697572, -6.789753975397547 ], [ 110.569531953195323, -6.789903990399035 ], [ 110.569531953195323, -6.789753975397541 ] ], [ [ 110.56458145814581, -6.790879087908786 ], [ 110.564656465646564, -6.790804080408036 ], [ 110.564656465646564, -6.790879087908785 ], [ 110.56458145814581, -6.790879087908786 ] ], [ [ 110.56458145814581, -6.791104110411046 ], [ 110.564731473147319, -6.79102910291029 ], [ 110.564731473147319, -6.791179117911787 ], [ 110.56458145814581, -6.791104110411046 ] ], [ [ 110.564956495649568, -6.791329132913291 ], [ 110.565106510651063, -6.791179117911793 ], [ 110.565106510651063, -6.791329132913296 ], [ 110.564956495649568, -6.791329132913291 ] ], [ [ 110.565406540654067, -6.791329132913297 ], [ 110.565481548154821, -6.791254125412533 ], [ 110.565481548154821, -6.791329132913285 ], [ 110.565406540654067, -6.791329132913297 ] ], [ [ 110.564881488148814, -6.791404140414043 ], [ 110.564956495649568, -6.791329132913291 ], [ 110.564956495649568, -6.791404140414033 ], [ 110.564881488148814, -6.791404140414043 ] ], [ [ 110.563831383138307, -6.791779177917789 ], [ 110.564131413141311, -6.791629162916297 ], [ 110.563831383138307, -6.7919291929193 ], [ 110.563831383138307, -6.791779177917789 ] ], [ [ 110.565331533153312, -6.791479147914794 ], [ 110.565406540654067, -6.791404140414032 ], [ 110.565406540654067, -6.79147914791479 ], [ 110.565331533153312, -6.791479147914794 ] ], [ [ 110.565481548154821, -6.791629162916282 ], [ 110.565556555655562, -6.791554155415544 ], [ 110.565556555655562, -6.791629162916289 ], [ 110.565481548154821, -6.791629162916282 ] ], [ [ 110.581833183318338, -6.79335433543355 ], [ 110.581908190819078, -6.792979297929786 ], [ 110.581908190819078, -6.793354335433547 ], [ 110.581833183318338, -6.79335433543355 ] ], [ [ 110.581758175817583, -6.793579357935802 ], [ 110.581833183318338, -6.79335433543355 ], [ 110.581833183318338, -6.7935793579358 ], [ 110.581758175817583, -6.793579357935802 ] ], [ [ 110.573132313231326, -6.793429342934284 ], [ 110.574782478247826, -6.793579357935795 ], [ 110.574407440744068, -6.794404440444036 ], [ 110.574632463246346, -6.794929492949302 ], [ 110.572232223222329, -6.794929492949292 ], [ 110.573132313231326, -6.793429342934284 ] ], [ [ 110.581683168316829, -6.793654365436538 ], [ 110.581758175817583, -6.793579357935802 ], [ 110.581758175817583, -6.79365436543655 ], [ 110.581683168316829, -6.793654365436538 ] ], [ [ 110.574632463246346, -6.794704470447052 ], [ 110.574707470747072, -6.794629462946295 ], [ 110.574707470747072, -6.79470447044705 ], [ 110.574632463246346, -6.794704470447052 ] ], [ [ 110.574707470747072, -6.794929492949298 ], [ 110.574782478247826, -6.794854485448545 ], [ 110.574782478247826, -6.79492949294929 ], [ 110.574707470747072, -6.794929492949298 ] ], [ [ 110.574632463246346, -6.795004500450039 ], [ 110.574707470747072, -6.794929492949298 ], [ 110.574707470747072, -6.79500450045004 ], [ 110.574632463246346, -6.795004500450039 ] ], [ [ 110.574407440744068, -6.795079507950793 ], [ 110.574482448244822, -6.795004500450052 ], [ 110.574482448244822, -6.795079507950801 ], [ 110.574407440744068, -6.795079507950793 ] ], [ [ 110.574332433243328, -6.795229522952303 ], [ 110.574407440744068, -6.795079507950793 ], [ 110.574407440744068, -6.795229522952296 ], [ 110.574332433243328, -6.795229522952303 ] ], [ [ 110.581908190819078, -6.795079507950794 ], [ 110.582658265826581, -6.795829582958293 ], [ 110.581533153315334, -6.797479747974798 ], [ 110.581533153315334, -6.796279627962799 ], [ 110.581908190819078, -6.795079507950794 ] ], [ [ 110.574032403240324, -6.795379537953805 ], [ 110.574332433243328, -6.795229522952303 ], [ 110.574332433243328, -6.795379537953797 ], [ 110.574032403240324, -6.795379537953805 ] ], [ [ 110.573882388238829, -6.795454545454553 ], [ 110.573957395739569, -6.795379537953803 ], [ 110.573957395739569, -6.79545454545455 ], [ 110.573882388238829, -6.795454545454553 ] ], [ [ 110.574032403240324, -6.795529552955301 ], [ 110.574182418241818, -6.795454545454555 ], [ 110.574182418241818, -6.795529552955294 ], [ 110.574032403240324, -6.795529552955301 ] ], [ [ 110.575532553255329, -6.795754575457551 ], [ 110.577107710771074, -6.796429642964291 ], [ 110.576882688268824, -6.79732973297329 ], [ 110.57515751575157, -6.796729672967297 ], [ 110.575532553255329, -6.795754575457551 ] ], [ [ 110.562631263126306, -6.795904590459052 ], [ 110.562706270627075, -6.795829582958289 ], [ 110.562706270627075, -6.795904590459054 ], [ 110.562631263126306, -6.795904590459052 ] ], [ [ 110.563456345634563, -6.795979597959797 ], [ 110.563531353135318, -6.795904590459039 ], [ 110.563531353135318, -6.795979597959799 ], [ 110.563456345634563, -6.795979597959797 ] ], [ [ 110.562256225622562, -6.795979597959792 ], [ 110.562706270627075, -6.796804680468037 ], [ 110.562406240624057, -6.796804680468048 ], [ 110.561881188118818, -6.797404740474051 ], [ 110.562256225622562, -6.795979597959792 ] ], [ [ 110.563381338133823, -6.796054605460554 ], [ 110.563456345634563, -6.795979597959797 ], [ 110.563456345634563, -6.796054605460554 ], [ 110.563381338133823, -6.796054605460554 ] ], [ [ 110.576432643264326, -6.796129612961291 ], [ 110.57650765076508, -6.796054605460551 ], [ 110.57650765076508, -6.796129612961288 ], [ 110.576432643264326, -6.796129612961291 ] ], [ [ 110.562631263126306, -6.79635463546355 ], [ 110.56285628562857, -6.796354635463547 ], [ 110.562706270627075, -6.796504650465052 ], [ 110.562631263126306, -6.79635463546355 ] ], [ [ 110.564206420642066, -6.796429642964303 ], [ 110.56428142814282, -6.796279627962793 ], [ 110.56428142814282, -6.796429642964288 ], [ 110.564206420642066, -6.796429642964303 ] ], [ [ 110.570582058205815, -6.796954695469553 ], [ 110.572382238223824, -6.796729672967306 ], [ 110.572457245724578, -6.797029702970301 ], [ 110.570582058205815, -6.796954695469553 ] ], [ [ 110.564806480648059, -6.796429642964302 ], [ 110.564881488148814, -6.796354635463554 ], [ 110.564881488148814, -6.796429642964292 ], [ 110.564806480648059, -6.796429642964302 ] ], [ [ 110.564881488148814, -6.796504650465052 ], [ 110.564956495649568, -6.796429642964291 ], [ 110.564956495649568, -6.796504650465055 ], [ 110.564881488148814, -6.796504650465052 ] ], [ [ 110.563831383138307, -6.7965796579658 ], [ 110.563906390639062, -6.796504650465049 ], [ 110.563906390639062, -6.796579657965805 ], [ 110.563831383138307, -6.7965796579658 ] ], [ [ 110.56428142814282, -6.796879687968793 ], [ 110.564881488148814, -6.796654665466539 ], [ 110.56458145814581, -6.796954695469552 ], [ 110.56428142814282, -6.796879687968793 ] ], [ [ 110.579132913291332, -6.796504650465046 ], [ 110.579432943294336, -6.798454845484548 ], [ 110.577932793279345, -6.798679867986804 ], [ 110.577782778277822, -6.797929792979295 ], [ 110.579132913291332, -6.796504650465046 ] ], [ [ 110.563981398139816, -6.796654665466551 ], [ 110.564131413141311, -6.796579657965805 ], [ 110.564131413141311, -6.796654665466549 ], [ 110.563981398139816, -6.796654665466551 ] ], [ [ 110.564206420642066, -6.796654665466546 ], [ 110.56428142814282, -6.796579657965792 ], [ 110.56428142814282, -6.796654665466549 ], [ 110.564206420642066, -6.796654665466546 ] ], [ [ 110.564881488148814, -6.796804680468046 ], [ 110.564956495649568, -6.796729672967301 ], [ 110.564956495649568, -6.796804680468053 ], [ 110.564881488148814, -6.796804680468046 ] ], [ [ 110.563006300630065, -6.796954695469553 ], [ 110.563081308130833, -6.796879687968805 ], [ 110.563081308130833, -6.796954695469554 ], [ 110.563006300630065, -6.796954695469553 ] ], [ [ 110.562406240624057, -6.797029702970296 ], [ 110.562481248124811, -6.796954695469538 ], [ 110.562481248124811, -6.797029702970291 ], [ 110.562406240624057, -6.797029702970296 ] ], [ [ 110.563081308130833, -6.797029702970293 ], [ 110.563156315631559, -6.796954695469546 ], [ 110.563156315631559, -6.797029702970292 ], [ 110.563081308130833, -6.797029702970293 ] ], [ [ 110.563231323132314, -6.797104710471046 ], [ 110.563456345634563, -6.796954695469545 ], [ 110.563456345634563, -6.797179717971794 ], [ 110.563231323132314, -6.797104710471046 ] ], [ [ 110.564206420642066, -6.797104710471043 ], [ 110.56428142814282, -6.797029702970292 ], [ 110.56428142814282, -6.797104710471052 ], [ 110.564206420642066, -6.797104710471043 ] ], [ [ 110.563231323132314, -6.797329732973289 ], [ 110.563381338133823, -6.797329732973291 ], [ 110.563081308130833, -6.797704770477048 ], [ 110.563006300630065, -6.797554755475546 ], [ 110.563231323132314, -6.797329732973289 ] ], [ [ 110.561731173117323, -6.797329732973293 ], [ 110.561806180618063, -6.79725472547254 ], [ 110.561806180618063, -6.797329732973292 ], [ 110.561731173117323, -6.797329732973293 ] ], [ [ 110.563081308130833, -6.7973297329733 ], [ 110.563156315631559, -6.797254725472549 ], [ 110.563156315631559, -6.797329732973299 ], [ 110.563081308130833, -6.7973297329733 ] ], [ [ 110.560081008100823, -6.797779777977798 ], [ 110.560456045604568, -6.798154815481551 ], [ 110.560156015601564, -6.798154815481549 ], [ 110.560081008100823, -6.797779777977798 ] ], [ [ 110.579507950795076, -6.79860486048604 ], [ 110.580108010801084, -6.79785478547854 ], [ 110.579582958295845, -6.798829882988294 ], [ 110.579507950795076, -6.79860486048604 ] ], [ [ 110.566081608160815, -6.797629762976293 ], [ 110.566156615661569, -6.797554755475542 ], [ 110.566156615661569, -6.797629762976302 ], [ 110.566081608160815, -6.797629762976293 ] ], [ [ 110.566156615661569, -6.797704770477052 ], [ 110.566231623162309, -6.7976297629763 ], [ 110.566231623162309, -6.797704770477052 ], [ 110.566156615661569, -6.797704770477052 ] ], [ [ 110.57373237323732, -6.798604860486047 ], [ 110.574932493249335, -6.798304830483058 ], [ 110.574632463246346, -6.799129912991301 ], [ 110.57373237323732, -6.798604860486047 ] ], [ [ 110.567206720672061, -6.797929792979296 ], [ 110.567281728172816, -6.797854785478547 ], [ 110.567281728172816, -6.797929792979295 ], [ 110.567206720672061, -6.797929792979296 ] ], [ [ 110.580333033303333, -6.797929792979303 ], [ 110.580408040804087, -6.797854785478555 ], [ 110.580408040804087, -6.7979297929793 ], [ 110.580333033303333, -6.797929792979303 ] ], [ [ 110.579957995799575, -6.798679867986791 ], [ 110.580708070807077, -6.798304830483041 ], [ 110.580108010801084, -6.799429942994308 ], [ 110.579957995799575, -6.798679867986791 ] ], [ [ 110.567881788178823, -6.798679867986801 ], [ 110.567956795679564, -6.798604860486053 ], [ 110.567956795679564, -6.798679867986791 ], [ 110.567881788178823, -6.798679867986801 ] ], [ [ 110.579882988298834, -6.798679867986797 ], [ 110.579957995799575, -6.798604860486053 ], [ 110.579957995799575, -6.798679867986791 ], [ 110.579882988298834, -6.798679867986797 ] ], [ [ 110.581533153315334, -6.799879987998805 ], [ 110.582658265826581, -6.798979897989804 ], [ 110.581908190819078, -6.800255025502545 ], [ 110.581533153315334, -6.799879987998805 ] ], [ [ 110.568031803180318, -6.798979897989797 ], [ 110.568106810681073, -6.798904890489053 ], [ 110.568106810681073, -6.798979897989797 ], [ 110.568031803180318, -6.798979897989797 ] ], [ [ 110.56128112811281, -6.799054905490548 ], [ 110.561356135613565, -6.798979897989793 ], [ 110.561356135613565, -6.799054905490541 ], [ 110.56128112811281, -6.799054905490548 ] ], [ [ 110.582208220822096, -6.799879987998792 ], [ 110.582283228322837, -6.799804980498043 ], [ 110.582283228322837, -6.799879987998803 ], [ 110.582208220822096, -6.799879987998792 ] ], [ [ 110.582133213321328, -6.799954995499546 ], [ 110.582208220822096, -6.799879987998792 ], [ 110.582208220822096, -6.799954995499548 ], [ 110.582133213321328, -6.799954995499546 ] ], [ [ 110.582058205820587, -6.800105010501054 ], [ 110.582133213321328, -6.800030003000298 ], [ 110.582133213321328, -6.800105010501055 ], [ 110.582058205820587, -6.800105010501054 ] ], [ [ 110.560531053105308, -6.801380138013806 ], [ 110.560606060606062, -6.801230123012299 ], [ 110.560606060606062, -6.801380138013802 ], [ 110.560531053105308, -6.801380138013806 ] ], [ [ 110.56285628562857, -6.801680168016806 ], [ 110.56293129312931, -6.801605160516055 ], [ 110.56293129312931, -6.801680168016806 ], [ 110.56285628562857, -6.801680168016806 ] ], [ [ 110.561956195619558, -6.801755175517544 ], [ 110.562031203120313, -6.801680168016803 ], [ 110.562031203120313, -6.80175517551755 ], [ 110.561956195619558, -6.801755175517544 ] ], [ [ 110.562781278127815, -6.801830183018293 ], [ 110.56285628562857, -6.801680168016806 ], [ 110.56285628562857, -6.801830183018309 ], [ 110.562781278127815, -6.801830183018293 ] ], [ [ 110.562556255625566, -6.801830183018308 ], [ 110.562631263126306, -6.801755175517548 ], [ 110.562631263126306, -6.801830183018308 ], [ 110.562556255625566, -6.801830183018308 ] ], [ [ 110.563606360636058, -6.801980198019803 ], [ 110.563681368136812, -6.801905190519047 ], [ 110.563681368136812, -6.801980198019797 ], [ 110.563606360636058, -6.801980198019803 ] ], [ [ 110.564206420642066, -6.802355235523548 ], [ 110.56428142814282, -6.802280228022811 ], [ 110.56428142814282, -6.802355235523557 ], [ 110.564206420642066, -6.802355235523548 ] ], [ [ 110.564131413141311, -6.802505250525055 ], [ 110.564206420642066, -6.802430243024309 ], [ 110.564206420642066, -6.80250525052506 ], [ 110.564131413141311, -6.802505250525055 ] ], [ [ 110.565031503150323, -6.803030303030297 ], [ 110.565106510651063, -6.802955295529554 ], [ 110.565106510651063, -6.803030303030305 ], [ 110.565031503150323, -6.803030303030297 ] ], [ [ 110.565256525652572, -6.80325532553255 ], [ 110.565331533153312, -6.803180318031798 ], [ 110.565331533153312, -6.803255325532548 ], [ 110.565256525652572, -6.80325532553255 ] ], [ [ 110.565106510651063, -6.803330333033301 ], [ 110.565181518151817, -6.803255325532549 ], [ 110.565181518151817, -6.803330333033309 ], [ 110.565106510651063, -6.803330333033301 ] ], [ [ 110.565856585658565, -6.803555355535558 ], [ 110.56593159315932, -6.8034803480348 ], [ 110.56593159315932, -6.80355535553555 ], [ 110.565856585658565, -6.803555355535558 ] ], [ [ 110.565781578157811, -6.803705370537048 ], [ 110.565856585658565, -6.80363036303631 ], [ 110.565856585658565, -6.803705370537051 ], [ 110.565781578157811, -6.803705370537048 ] ], [ [ 110.565706570657085, -6.803855385538557 ], [ 110.565781578157811, -6.803705370537048 ], [ 110.565781578157811, -6.803855385538554 ], [ 110.565706570657085, -6.803855385538557 ] ], [ [ 110.566906690669072, -6.804230423042305 ], [ 110.566981698169812, -6.804155415541556 ], [ 110.566981698169812, -6.804230423042306 ], [ 110.566906690669072, -6.804230423042305 ] ], [ [ 110.56758175817582, -6.804830483048305 ], [ 110.567656765676574, -6.804755475547558 ], [ 110.567656765676574, -6.804830483048307 ], [ 110.56758175817582, -6.804830483048305 ] ], [ [ 110.558355835583555, -6.804830483048304 ], [ 110.563606360636058, -6.80708070807081 ], [ 110.56293129312931, -6.806330633063304 ], [ 110.563081308130833, -6.806105610561053 ], [ 110.566156615661569, -6.809630963096302 ], [ 110.560006000600055, -6.805730573057311 ], [ 110.558505850585064, -6.806255625562549 ], [ 110.558355835583555, -6.804830483048304 ] ], [ [ 110.567506750675065, -6.80498049804981 ], [ 110.56758175817582, -6.804830483048305 ], [ 110.56758175817582, -6.804980498049801 ], [ 110.567506750675065, -6.80498049804981 ] ], [ [ 110.567731773177314, -6.804905490549059 ], [ 110.567806780678069, -6.804830483048296 ], [ 110.567806780678069, -6.804905490549051 ], [ 110.567731773177314, -6.804905490549059 ] ], [ [ 110.568031803180318, -6.804905490549062 ], [ 110.568106810681073, -6.804830483048312 ], [ 110.568106810681073, -6.80490549054905 ], [ 110.568031803180318, -6.804905490549062 ] ], [ [ 110.567656765676574, -6.805055505550551 ], [ 110.567731773177314, -6.804905490549059 ], [ 110.567731773177314, -6.805055505550549 ], [ 110.567656765676574, -6.805055505550551 ] ], [ [ 110.567956795679564, -6.804980498049797 ], [ 110.568031803180318, -6.804905490549062 ], [ 110.568031803180318, -6.804980498049806 ], [ 110.567956795679564, -6.804980498049797 ] ], [ [ 110.56128112811281, -6.805430543054301 ], [ 110.561356135613565, -6.805355535553558 ], [ 110.561356135613565, -6.805430543054299 ], [ 110.56128112811281, -6.805430543054301 ] ], [ [ 110.568106810681073, -6.805580558055807 ], [ 110.568256825682568, -6.805505550555061 ], [ 110.568256825682568, -6.805655565556549 ], [ 110.568106810681073, -6.805580558055807 ] ], [ [ 110.561881188118818, -6.805880588058799 ], [ 110.561956195619558, -6.805805580558052 ], [ 110.561956195619558, -6.80588058805881 ], [ 110.561881188118818, -6.805880588058799 ] ], [ [ 110.562631263126306, -6.805955595559565 ], [ 110.562706270627075, -6.80588058805881 ], [ 110.562706270627075, -6.805955595559547 ], [ 110.562631263126306, -6.805955595559565 ] ], [ [ 110.562781278127815, -6.80610561056105 ], [ 110.56285628562857, -6.805955595559561 ], [ 110.56293129312931, -6.806105610561049 ], [ 110.562781278127815, -6.80610561056105 ] ], [ [ 110.558130813081306, -6.806480648064801 ], [ 110.558505850585064, -6.806405640564051 ], [ 110.558355835583555, -6.80655565556555 ], [ 110.558130813081306, -6.806480648064801 ] ], [ [ 110.55820582058206, -6.806630663066302 ], [ 110.558280828082815, -6.806555655565552 ], [ 110.558280828082815, -6.806630663066307 ], [ 110.55820582058206, -6.806630663066302 ] ], [ [ 110.567056705670566, -6.806780678067809 ], [ 110.567131713171321, -6.806705670567058 ], [ 110.567131713171321, -6.806780678067798 ], [ 110.567056705670566, -6.806780678067809 ] ], [ [ 110.568481848184817, -6.806855685568554 ], [ 110.568556855685571, -6.806705670567058 ], [ 110.568631863186312, -6.806855685568561 ], [ 110.568481848184817, -6.806855685568554 ] ], [ [ 110.557080708070814, -6.807005700570056 ], [ 110.557380738073803, -6.807305730573066 ], [ 110.556030603060307, -6.808580858085814 ], [ 110.556405640564051, -6.807455745574563 ], [ 110.556780678067824, -6.807305730573058 ], [ 110.557080708070814, -6.807005700570056 ] ], [ [ 110.556930693069305, -6.807005700570064 ], [ 110.557005700570059, -6.806930693069308 ], [ 110.557005700570059, -6.807005700570064 ], [ 110.556930693069305, -6.807005700570064 ] ], [ [ 110.558505850585064, -6.807380738073803 ], [ 110.558580858085804, -6.807305730573066 ], [ 110.558580858085804, -6.8073807380738 ], [ 110.558505850585064, -6.807380738073803 ] ], [ [ 110.557905790579056, -6.8075307530753 ], [ 110.557980798079811, -6.807455745574553 ], [ 110.557980798079811, -6.807530753075304 ], [ 110.557905790579056, -6.8075307530753 ] ], [ [ 110.558055805580551, -6.807680768076813 ], [ 110.55820582058206, -6.807530753075307 ], [ 110.558130813081306, -6.807680768076812 ], [ 110.558055805580551, -6.807680768076813 ] ], [ [ 110.557380738073803, -6.807905790579055 ], [ 110.557680768076807, -6.8078307830783 ], [ 110.557680768076807, -6.807905790579059 ], [ 110.557380738073803, -6.807905790579055 ] ], [ [ 110.557680768076807, -6.8078307830783 ], [ 110.557755775577562, -6.807755775577564 ], [ 110.557755775577562, -6.8078307830783 ], [ 110.557680768076807, -6.8078307830783 ] ], [ [ 110.557230723072308, -6.807905790579061 ], [ 110.557305730573063, -6.807830783078316 ], [ 110.557305730573063, -6.807905790579055 ], [ 110.557230723072308, -6.807905790579061 ] ], [ [ 110.570582058205815, -6.808955895589557 ], [ 110.570657065706584, -6.808880888088803 ], [ 110.570657065706584, -6.808955895589564 ], [ 110.570582058205815, -6.808955895589557 ] ], [ [ 110.570507050705075, -6.809030903090314 ], [ 110.570582058205815, -6.808955895589557 ], [ 110.570582058205815, -6.809030903090314 ], [ 110.570507050705075, -6.809030903090314 ] ], [ [ 110.570357035703566, -6.809255925592566 ], [ 110.57043204320432, -6.809180918091815 ], [ 110.57043204320432, -6.80925592559256 ], [ 110.570357035703566, -6.809255925592566 ] ], [ [ 110.570282028202826, -6.809330933093302 ], [ 110.570357035703566, -6.809255925592566 ], [ 110.570357035703566, -6.809330933093304 ], [ 110.570282028202826, -6.809330933093302 ] ], [ [ 110.570207020702071, -6.809405940594056 ], [ 110.570282028202826, -6.809330933093302 ], [ 110.570282028202826, -6.809405940594066 ], [ 110.570207020702071, -6.809405940594056 ] ], [ [ 110.570132013201317, -6.809480948094807 ], [ 110.570207020702071, -6.809405940594056 ], [ 110.570207020702071, -6.809480948094812 ], [ 110.570132013201317, -6.809480948094807 ] ], [ [ 110.570057005700576, -6.809555955595561 ], [ 110.570132013201317, -6.809480948094807 ], [ 110.570132013201317, -6.809555955595557 ], [ 110.570057005700576, -6.809555955595561 ] ], [ [ 110.569981998199836, -6.809630963096313 ], [ 110.570057005700576, -6.809555955595561 ], [ 110.570057005700576, -6.809630963096301 ], [ 110.569981998199836, -6.809630963096313 ] ], [ [ 110.569906990699067, -6.809705970597062 ], [ 110.569981998199836, -6.809630963096313 ], [ 110.569981998199836, -6.809705970597062 ], [ 110.569906990699067, -6.809705970597062 ] ], [ [ 110.569831983198327, -6.809780978097811 ], [ 110.569906990699067, -6.809705970597062 ], [ 110.569906990699067, -6.809780978097802 ], [ 110.569831983198327, -6.809780978097811 ] ], [ [ 110.569681968196818, -6.810006000600065 ], [ 110.569756975697572, -6.809930993099313 ], [ 110.569756975697572, -6.810006000600056 ], [ 110.569681968196818, -6.810006000600065 ] ], [ [ 110.569681968196818, -6.810306030603053 ], [ 110.569756975697572, -6.810231023102318 ], [ 110.569756975697572, -6.810306030603066 ], [ 110.569681968196818, -6.810306030603053 ] ], [ [ 110.568856885688575, -6.810756075607556 ], [ 110.570282028202826, -6.810831083108313 ], [ 110.57043204320432, -6.811506150615057 ], [ 110.568856885688575, -6.810756075607556 ] ], [ [ 110.571782178217816, -6.810456045604557 ], [ 110.571857185718571, -6.810381038103806 ], [ 110.571857185718571, -6.810456045604562 ], [ 110.571782178217816, -6.810456045604557 ] ], [ [ 110.571707170717076, -6.81053105310531 ], [ 110.571782178217816, -6.810456045604557 ], [ 110.571782178217816, -6.810531053105308 ], [ 110.571707170717076, -6.81053105310531 ] ], [ [ 110.571857185718571, -6.810606060606057 ], [ 110.571932193219325, -6.810456045604553 ], [ 110.571932193219325, -6.810606060606053 ], [ 110.571857185718571, -6.810606060606057 ] ], [ [ 110.571632163216336, -6.810606060606052 ], [ 110.571707170717076, -6.81053105310531 ], [ 110.571707170717076, -6.810606060606057 ], [ 110.571632163216336, -6.810606060606052 ] ], [ [ 110.571782178217816, -6.810681068106808 ], [ 110.571857185718571, -6.810606060606057 ], [ 110.571857185718571, -6.810681068106812 ], [ 110.571782178217816, -6.810681068106808 ] ] ] } },
{ "type": "Feature", "properties": { "year": 2037, "layer": "atrisk" }, "geometry": { "type": "Polygon", "coordinates": [ [ [ 110.551005100510054, -6.829132913291332 ], [ 110.552805280528062, -6.830108010801085 ], [ 110.553780378037814, -6.830108010801084 ], [ 110.551005100510054, -6.829132913291332 ] ] ] } },
{ "type": "Feature", "properties": { "year": 2037, "layer": "atrisk" }, "geometry": { "type": "Polygon", "coordinates": [ [ [ 110.52737773777379, -6.848109810981089 ], [ 110.522652265226526, -6.848334833483343 ], [ 110.521827182718269, -6.848859885988604 ], [ 110.524902490249019, -6.850210021002101 ], [ 110.52737773777379, -6.848109810981089 ] ] ] } },
{ "type": "Feature", "properties": { "year": 2037, "layer": "atrisk" }, "geometry": { "type": "Polygon", "coordinates": [ [ [ 110.442694269426937, -6.938943894389436 ], [ 110.440819081908202, -6.938043804380433 ], [ 110.439468946894692, -6.938943894389444 ], [ 110.442694269426937, -6.938943894389436 ] ] ] } },
{ "type": "Feature", "properties": { "year": 2037, "layer": "atrisk" }, "geometry": { "type": "Polygon", "coordinates": [ [ [ 110.551455145514552, -6.808280828082807 ], [ 110.549504950495063, -6.811131113111306 ], [ 110.552355235523549, -6.80910591059106 ], [ 110.549204920492045, -6.812931293129317 ], [ 110.549429942994294, -6.818181818181825 ], [ 110.546204620462063, -6.821332133213324 ], [ 110.544029402940296, -6.819906990699073 ], [ 110.542454245424537, -6.820657065706573 ], [ 110.537353735373543, -6.827182718271833 ], [ 110.534953495349541, -6.82778277827782 ], [ 110.53052805280528, -6.832133213321325 ], [ 110.532703270327033, -6.834908490849092 ], [ 110.534953495349541, -6.832133213321325 ], [ 110.533453345334536, -6.836183618361834 ], [ 110.529777977797778, -6.832283228322838 ], [ 110.520102010201029, -6.834983498349827 ], [ 110.523402340234028, -6.838508850885088 ], [ 110.52572757275729, -6.839333933393334 ], [ 110.527527752775271, -6.839333933393331 ], [ 110.528727872787272, -6.844584458445837 ], [ 110.527527752775271, -6.848109810981098 ], [ 110.529777977797778, -6.846159615961599 ], [ 110.529327932793279, -6.848334833483356 ], [ 110.527602760276025, -6.848634863486352 ], [ 110.526477647764779, -6.850960096009591 ], [ 110.52160216021602, -6.851410141014102 ], [ 110.522202220222027, -6.849759975997596 ], [ 110.521077107710781, -6.849684968496851 ], [ 110.519726972697271, -6.854035403540348 ], [ 110.520777077707791, -6.855610561056111 ], [ 110.51852685268527, -6.857260726072608 ], [ 110.518451845184529, -6.855085508550848 ], [ 110.51522652265227, -6.85913591359135 ], [ 110.516051605160513, -6.86063606360636 ], [ 110.516276627662762, -6.859510951095101 ], [ 110.520102010201029, -6.85658565856585 ], [ 110.519051905190523, -6.858460846084607 ], [ 110.517776777677767, -6.858610861086112 ], [ 110.516351635163517, -6.860111011101105 ], [ 110.519576957695776, -6.862211221122116 ], [ 110.519126912691263, -6.862136213621366 ], [ 110.515076507650761, -6.867386738673869 ], [ 110.508700870087011, -6.880063006300624 ], [ 110.478997899789974, -6.918241824182414 ], [ 110.47562256225622, -6.920942094209425 ], [ 110.476072607260733, -6.924167416741672 ], [ 110.470447044704471, -6.925442544254425 ], [ 110.467371737173721, -6.930468046804684 ], [ 110.46482148214821, -6.929717971797172 ], [ 110.461221122112207, -6.932418241824185 ], [ 110.46009600960096, -6.931818181818182 ], [ 110.459870987098711, -6.933318331833183 ], [ 110.458820882088204, -6.932343234323429 ], [ 110.455520552055205, -6.935943594359435 ], [ 110.452970297029708, -6.936318631863181 ], [ 110.452145214521451, -6.935043504350432 ], [ 110.449219921992196, -6.936918691869195 ], [ 110.448394839483953, -6.935418541854187 ], [ 110.446069606960691, -6.936393639363937 ], [ 110.444419441944191, -6.938943894389443 ], [ 110.459570957095707, -6.938943894389435 ], [ 110.458595859585955, -6.936768676867691 ], [ 110.460171017101715, -6.934743474347442 ], [ 110.462871287128706, -6.935943594359441 ], [ 110.461446144614456, -6.937293729372935 ], [ 110.462946294629475, -6.936393639363931 ], [ 110.465271527152709, -6.938943894389434 ], [ 110.465871587158716, -6.93886888688869 ], [ 110.464371437143711, -6.936693669366943 ], [ 110.466846684668468, -6.938943894389434 ], [ 110.482073207320738, -6.938493849384936 ], [ 110.490474047404746, -6.935193519351929 ], [ 110.496174617461747, -6.930093009300924 ], [ 110.501050105010506, -6.919141914191428 ], [ 110.50142514251425, -6.896939693969404 ], [ 110.508325832583253, -6.894989498949901 ], [ 110.51357635763577, -6.891764176417639 ], [ 110.518151815181511, -6.886738673867383 ], [ 110.520852085208517, -6.881263126312628 ], [ 110.522277227722768, -6.872337233723364 ], [ 110.521527152715265, -6.855685568556848 ], [ 110.530903090309025, -6.852385238523851 ], [ 110.534053405340529, -6.850285028502846 ], [ 110.537728772877287, -6.846609660966095 ], [ 110.540954095409546, -6.841209120912096 ], [ 110.539153915391537, -6.839408940894092 ], [ 110.541179117911796, -6.840684068406834 ], [ 110.542754275427541, -6.834383438343829 ], [ 110.54740474047405, -6.833108310831086 ], [ 110.545154515451543, -6.83160816081608 ], [ 110.54605460546054, -6.830633063306327 ], [ 110.5459795979598, -6.828757875787574 ], [ 110.546654665466548, -6.828457845784582 ], [ 110.546129612961295, -6.826882688268819 ], [ 110.547554755475545, -6.828082808280823 ], [ 110.54627962796279, -6.830033003300339 ], [ 110.545829582958291, -6.831758175817576 ], [ 110.547779777977794, -6.833258325832576 ], [ 110.551155115511563, -6.831758175817588 ], [ 110.549429942994294, -6.830633063306334 ], [ 110.548754875487546, -6.827632763276327 ], [ 110.550180018001797, -6.829057905790577 ], [ 110.549429942994294, -6.827932793279334 ], [ 110.554680468046811, -6.829507950795079 ], [ 110.561656165616569, -6.820582058205828 ], [ 110.561881188118818, -6.81608160816082 ], [ 110.551455145514552, -6.808280828082807 ] ], [ [ 110.552355235523549, -6.80910591059106 ], [ 110.552430243024304, -6.809030903090306 ], [ 110.552430243024304, -6.809105910591066 ], [ 110.552355235523549, -6.80910591059106 ] ], [ [ 110.550105010501056, -6.814731473147317 ], [ 110.551830183018296, -6.815031503150312 ], [ 110.551755175517556, -6.815406540654064 ], [ 110.550105010501056, -6.814731473147317 ] ], [ [ 110.551830183018296, -6.81525652565257 ], [ 110.551980198019805, -6.815181518151809 ], [ 110.551980198019805, -6.815331533153317 ], [ 110.551830183018296, -6.81525652565257 ] ], [ [ 110.549654965496543, -6.817431743174315 ], [ 110.549729972997298, -6.817356735673568 ], [ 110.549729972997298, -6.81743174317432 ], [ 110.549654965496543, -6.817431743174315 ] ], [ [ 110.551830183018296, -6.821182118211814 ], [ 110.551980198019805, -6.822382238223824 ], [ 110.549579957995803, -6.82500750075007 ], [ 110.549654965496543, -6.824482448244829 ], [ 110.551830183018296, -6.821182118211814 ] ], [ [ 110.544779477947799, -6.821257125712567 ], [ 110.545004500450048, -6.823582358235822 ], [ 110.547554755475545, -6.825307530753074 ], [ 110.549729972997298, -6.822982298229816 ], [ 110.548079807980798, -6.825907590759075 ], [ 110.547179717971801, -6.825682568256817 ], [ 110.546504650465053, -6.826507650765078 ], [ 110.543729372937293, -6.824407440744077 ], [ 110.544779477947799, -6.821257125712567 ] ], [ [ 110.552430243024304, -6.825307530753072 ], [ 110.553255325532547, -6.824707470747072 ], [ 110.552505250525073, -6.825982598259823 ], [ 110.552430243024304, -6.825307530753072 ] ], [ [ 110.549429942994294, -6.824782478247819 ], [ 110.549579957995803, -6.824557455745568 ], [ 110.549579957995803, -6.824707470747073 ], [ 110.549429942994294, -6.824782478247819 ] ], [ [ 110.549204920492045, -6.824782478247818 ], [ 110.549279927992799, -6.824707470747067 ], [ 110.549279927992799, -6.824782478247828 ], [ 110.549204920492045, -6.824782478247818 ] ], [ [ 110.542004200420038, -6.825532553255332 ], [ 110.542079207920793, -6.825457545754577 ], [ 110.542079207920793, -6.825532553255331 ], [ 110.542004200420038, -6.825532553255332 ] ], [ [ 110.54740474047405, -6.825907590759078 ], [ 110.547479747974791, -6.825832583258328 ], [ 110.547479747974791, -6.825907590759082 ], [ 110.54740474047405, -6.825907590759078 ] ], [ [ 110.540579057905802, -6.826207620762081 ], [ 110.541029102910286, -6.826207620762072 ], [ 110.540579057905802, -6.826582658265828 ], [ 110.540579057905802, -6.826207620762081 ] ], [ [ 110.540279027902784, -6.826807680768074 ], [ 110.540354035403539, -6.826732673267327 ], [ 110.540354035403539, -6.826807680768077 ], [ 110.540279027902784, -6.826807680768074 ] ], [ [ 110.536303630363051, -6.827932793279323 ], [ 110.536378637863791, -6.827857785778582 ], [ 110.536378637863791, -6.827932793279322 ], [ 110.536303630363051, -6.827932793279323 ] ], [ [ 110.536378637863791, -6.828157815781585 ], [ 110.536453645364531, -6.828007800780076 ], [ 110.536453645364531, -6.828157815781581 ], [ 110.536378637863791, -6.828157815781585 ] ], [ [ 110.536528652865286, -6.828607860786073 ], [ 110.53660366036604, -6.828232823282322 ], [ 110.536753675367535, -6.828607860786081 ], [ 110.536528652865286, -6.828607860786073 ] ], [ [ 110.536378637863791, -6.828532853285321 ], [ 110.536453645364531, -6.828457845784583 ], [ 110.536453645364531, -6.828532853285329 ], [ 110.536378637863791, -6.828532853285321 ] ], [ [ 110.536753675367535, -6.828682868286827 ], [ 110.53682868286829, -6.828607860786082 ], [ 110.53682868286829, -6.82868286828683 ], [ 110.536753675367535, -6.828682868286827 ] ], [ [ 110.536528652865286, -6.828757875787574 ], [ 110.53660366036604, -6.828682868286836 ], [ 110.53660366036604, -6.828757875787582 ], [ 110.536528652865286, -6.828757875787574 ] ], [ [ 110.53682868286829, -6.828832883288334 ], [ 110.53690369036903, -6.828682868286822 ], [ 110.53690369036903, -6.82883288328833 ], [ 110.53682868286829, -6.828832883288334 ] ], [ [ 110.53660366036604, -6.828907890789085 ], [ 110.536678667866781, -6.828757875787574 ], [ 110.536678667866781, -6.828907890789084 ], [ 110.53660366036604, -6.828907890789085 ] ], [ [ 110.536753675367535, -6.829132913291323 ], [ 110.537203720372034, -6.828982898289827 ], [ 110.537503750375038, -6.83025802580258 ], [ 110.536753675367535, -6.829132913291323 ] ], [ [ 110.536678667866781, -6.828982898289829 ], [ 110.536753675367535, -6.828907890789086 ], [ 110.536753675367535, -6.828982898289834 ], [ 110.536678667866781, -6.828982898289829 ] ], [ [ 110.546504650465053, -6.830108010801074 ], [ 110.546579657965793, -6.829957995799583 ], [ 110.546579657965793, -6.830108010801076 ], [ 110.546504650465053, -6.830108010801074 ] ], [ [ 110.537578757875792, -6.830183018301826 ], [ 110.537653765376533, -6.830108010801076 ], [ 110.537653765376533, -6.830183018301822 ], [ 110.537578757875792, -6.830183018301826 ] ], [ [ 110.537503750375038, -6.830408040804075 ], [ 110.537578757875792, -6.830258025802576 ], [ 110.537578757875792, -6.830408040804087 ], [ 110.537503750375038, -6.830408040804075 ] ], [ [ 110.537653765376533, -6.830258025802571 ], [ 110.538328832883295, -6.832058205820587 ], [ 110.538703870387039, -6.832358235823578 ], [ 110.537803780378042, -6.831908190819074 ], [ 110.537653765376533, -6.830258025802571 ] ], [ [ 110.546354635463544, -6.830333033303322 ], [ 110.546429642964299, -6.830258025802576 ], [ 110.546429642964299, -6.830333033303325 ], [ 110.546354635463544, -6.830333033303322 ] ], [ [ 110.545904590459045, -6.830483048304833 ], [ 110.5459795979598, -6.830408040804084 ], [ 110.5459795979598, -6.830483048304828 ], [ 110.545904590459045, -6.830483048304833 ] ], [ [ 110.538778877887793, -6.832433243324332 ], [ 110.538928892889302, -6.832358235823589 ], [ 110.538928892889302, -6.832433243324332 ], [ 110.538778877887793, -6.832433243324332 ] ], [ [ 110.538328832883295, -6.832508250825076 ], [ 110.53847884788479, -6.832433243324331 ], [ 110.53847884788479, -6.832508250825073 ], [ 110.538328832883295, -6.832508250825076 ] ], [ [ 110.53847884788479, -6.832583258325836 ], [ 110.538703870387039, -6.832508250825083 ], [ 110.538703870387039, -6.832583258325827 ], [ 110.53847884788479, -6.832583258325836 ] ], [ [ 110.538703870387039, -6.832583258325827 ], [ 110.53990399039904, -6.832658265826586 ], [ 110.54155415541554, -6.833708370837085 ], [ 110.541779177917789, -6.833333333333336 ], [ 110.542754275427541, -6.834008400840087 ], [ 110.542154215421547, -6.834683468346832 ], [ 110.538703870387039, -6.832583258325827 ] ], [ [ 110.540354035403539, -6.832883288328834 ], [ 110.540579057905802, -6.832808280828076 ], [ 110.540579057905802, -6.83288328832884 ], [ 110.540354035403539, -6.832883288328834 ] ], [ [ 110.525802580258031, -6.83438343834383 ], [ 110.52737773777379, -6.836933693369334 ], [ 110.528652865286531, -6.83730873087308 ], [ 110.527302730273021, -6.837083708370833 ], [ 110.524302430243026, -6.835208520852084 ], [ 110.525802580258031, -6.83438343834383 ] ], [ [ 110.542079207920793, -6.834908490849082 ], [ 110.542154215421547, -6.834983498349835 ], [ 110.542004200420038, -6.834983498349831 ], [ 110.542079207920793, -6.834908490849082 ] ], [ [ 110.522652265226526, -6.834833483348332 ], [ 110.525277527752777, -6.83633363336333 ], [ 110.524752475247524, -6.837758775877595 ], [ 110.521977197719778, -6.836558655865594 ], [ 110.522652265226526, -6.834833483348332 ] ], [ [ 110.534353435343533, -6.836633663366341 ], [ 110.534503450345028, -6.836558655865586 ], [ 110.534503450345028, -6.836633663366328 ], [ 110.534353435343533, -6.836633663366341 ] ], [ [ 110.534503450345028, -6.836633663366328 ], [ 110.535628562856303, -6.837008700870087 ], [ 110.536303630363051, -6.837458745874593 ], [ 110.53547854785478, -6.837383738373841 ], [ 110.534503450345028, -6.836633663366328 ] ], [ [ 110.529852985298533, -6.837083708370833 ], [ 110.530303030303031, -6.836708670867084 ], [ 110.5303780378038, -6.837008700870078 ], [ 110.529852985298533, -6.837083708370833 ] ], [ [ 110.527527752775271, -6.83693369336934 ], [ 110.527602760276025, -6.836858685868586 ], [ 110.527602760276025, -6.836933693369331 ], [ 110.527527752775271, -6.83693369336934 ] ], [ [ 110.528802880288026, -6.837083708370836 ], [ 110.53240324032403, -6.837533753375336 ], [ 110.533978397839789, -6.838133813381343 ], [ 110.532478247824784, -6.838208820882084 ], [ 110.528802880288026, -6.837083708370836 ] ], [ [ 110.535853585358538, -6.837158715871591 ], [ 110.535928592859293, -6.83708370837084 ], [ 110.535928592859293, -6.837158715871589 ], [ 110.535853585358538, -6.837158715871591 ] ], [ [ 110.536078607860787, -6.837158715871595 ], [ 110.536153615361542, -6.837083708370842 ], [ 110.536153615361542, -6.837158715871582 ], [ 110.536078607860787, -6.837158715871595 ] ], [ [ 110.536153615361542, -6.837233723372344 ], [ 110.536378637863791, -6.837158715871579 ], [ 110.536453645364531, -6.837308730873096 ], [ 110.536153615361542, -6.837233723372344 ] ], [ [ 110.527152715271527, -6.83745874587459 ], [ 110.530078007800782, -6.837758775877591 ], [ 110.530453045304526, -6.837983798379833 ], [ 110.528427842784282, -6.837983798379844 ], [ 110.527152715271527, -6.83745874587459 ] ], [ [ 110.53052805280528, -6.838133813381345 ], [ 110.531203120312028, -6.838133813381341 ], [ 110.531203120312028, -6.838208820882087 ], [ 110.53052805280528, -6.838133813381345 ] ], [ [ 110.531203120312028, -6.838283828382835 ], [ 110.531353135313552, -6.838208820882095 ], [ 110.531353135313552, -6.838283828382831 ], [ 110.531203120312028, -6.838283828382835 ] ], [ [ 110.536078607860787, -6.838358835883596 ], [ 110.539378937893787, -6.840234023402336 ], [ 110.540354035403539, -6.841659165916593 ], [ 110.536078607860787, -6.838358835883596 ] ], [ [ 110.534053405340529, -6.838433843384339 ], [ 110.535328532853285, -6.838433843384334 ], [ 110.535628562856303, -6.838583858385838 ], [ 110.535703570357029, -6.838808880888096 ], [ 110.534053405340529, -6.838433843384339 ] ], [ [ 110.525652565256522, -6.839183918391837 ], [ 110.52572757275729, -6.838808880888085 ], [ 110.52572757275729, -6.839183918391839 ], [ 110.525652565256522, -6.839183918391837 ] ], [ [ 110.536228622862282, -6.838958895889586 ], [ 110.536303630363051, -6.838883888388833 ], [ 110.536303630363051, -6.838958895889581 ], [ 110.536228622862282, -6.838958895889586 ] ], [ [ 110.536453645364531, -6.839108910891081 ], [ 110.536528652865286, -6.839033903390333 ], [ 110.536528652865286, -6.839108910891095 ], [ 110.536453645364531, -6.839108910891081 ] ], [ [ 110.53660366036604, -6.839258925892586 ], [ 110.53682868286829, -6.83918391839183 ], [ 110.53682868286829, -6.839333933393338 ], [ 110.53660366036604, -6.839258925892586 ] ], [ [ 110.539078907890783, -6.839408940894096 ], [ 110.539153915391537, -6.839333933393339 ], [ 110.539153915391537, -6.839408940894092 ], [ 110.539078907890783, -6.839408940894096 ] ], [ [ 110.535328532853285, -6.840384038403841 ], [ 110.535553555355534, -6.840309030903081 ], [ 110.535553555355534, -6.840384038403846 ], [ 110.535328532853285, -6.840384038403841 ] ], [ [ 110.538403840384035, -6.840984098409843 ], [ 110.53847884788479, -6.840909090909085 ], [ 110.53847884788479, -6.840984098409842 ], [ 110.538403840384035, -6.840984098409843 ] ], [ [ 110.538628862886284, -6.841134113411347 ], [ 110.538853885388534, -6.840984098409844 ], [ 110.539003900390043, -6.841359135913593 ], [ 110.538628862886284, -6.841134113411347 ] ], [ [ 110.538103810381031, -6.841284128412845 ], [ 110.539153915391537, -6.842109210921083 ], [ 110.539453945394541, -6.842184218421846 ], [ 110.539678967896791, -6.842709270927098 ], [ 110.538103810381031, -6.841284128412845 ] ], [ [ 110.539078907890783, -6.841584158415837 ], [ 110.539303930393032, -6.841809180918093 ], [ 110.539153915391537, -6.841884188418843 ], [ 110.539078907890783, -6.841584158415837 ] ], [ [ 110.539453945394541, -6.841809180918084 ], [ 110.539678967896791, -6.841734173417347 ], [ 110.539678967896791, -6.841884188418847 ], [ 110.539453945394541, -6.841809180918084 ] ], [ [ 110.539078907890783, -6.841959195919587 ], [ 110.539153915391537, -6.841884188418843 ], [ 110.539153915391537, -6.841959195919587 ], [ 110.539078907890783, -6.841959195919587 ] ], [ [ 110.530603060306035, -6.842184218421842 ], [ 110.530678067806789, -6.842109210921094 ], [ 110.530678067806789, -6.842184218421848 ], [ 110.530603060306035, -6.842184218421842 ] ], [ [ 110.530603060306035, -6.842934293429344 ], [ 110.530678067806789, -6.84248424842484 ], [ 110.530678067806789, -6.842934293429333 ], [ 110.530603060306035, -6.842934293429344 ] ], [ [ 110.53052805280528, -6.84330933093309 ], [ 110.530603060306035, -6.843234323432337 ], [ 110.530603060306035, -6.843309330933092 ], [ 110.53052805280528, -6.84330933093309 ] ], [ [ 110.530453045304526, -6.843534353435336 ], [ 110.53052805280528, -6.843459345934588 ], [ 110.53052805280528, -6.843534353435341 ], [ 110.530453045304526, -6.843534353435336 ] ], [ [ 110.530303030303031, -6.843759375937599 ], [ 110.5303780378038, -6.843534353435346 ], [ 110.5303780378038, -6.843759375937595 ], [ 110.530303030303031, -6.843759375937599 ] ], [ [ 110.530453045304526, -6.843759375937589 ], [ 110.53052805280528, -6.843684368436848 ], [ 110.53052805280528, -6.843759375937598 ], [ 110.530453045304526, -6.843759375937589 ] ], [ [ 110.5303780378038, -6.843909390939094 ], [ 110.530453045304526, -6.843759375937589 ], [ 110.530453045304526, -6.843909390939095 ], [ 110.5303780378038, -6.843909390939094 ] ], [ [ 110.528802880288026, -6.845784578457851 ], [ 110.529177917791785, -6.845559555955605 ], [ 110.529327932793279, -6.845784578457846 ], [ 110.528802880288026, -6.845784578457851 ] ], [ [ 110.530078007800782, -6.846234623462347 ], [ 110.530603060306035, -6.846084608460847 ], [ 110.53075307530753, -6.846309630963104 ], [ 110.530078007800782, -6.846234623462347 ] ], [ [ 110.531578157815787, -6.847059705970592 ], [ 110.531653165316541, -6.846984698469853 ], [ 110.531653165316541, -6.847059705970593 ], [ 110.531578157815787, -6.847059705970592 ] ], [ [ 110.531653165316541, -6.847134713471354 ], [ 110.531728172817282, -6.8470597059706 ], [ 110.531728172817282, -6.84713471347134 ], [ 110.531653165316541, -6.847134713471354 ] ], [ [ 110.531728172817282, -6.847284728472842 ], [ 110.531803180318036, -6.8472097209721 ], [ 110.531803180318036, -6.847284728472839 ], [ 110.531728172817282, -6.847284728472842 ] ], [ [ 110.532478247824784, -6.847734773477351 ], [ 110.532553255325539, -6.847659765976604 ], [ 110.532553255325539, -6.847734773477341 ], [ 110.532478247824784, -6.847734773477351 ] ], [ [ 110.532328232823289, -6.847884788478841 ], [ 110.53240324032403, -6.84780978097809 ], [ 110.53240324032403, -6.847884788478851 ], [ 110.532328232823289, -6.847884788478841 ] ], [ [ 110.53240324032403, -6.847959795979598 ], [ 110.532553255325539, -6.847884788478841 ], [ 110.532553255325539, -6.847959795979605 ], [ 110.53240324032403, -6.847959795979598 ] ], [ [ 110.532553255325539, -6.848034803480341 ], [ 110.532628262826279, -6.847959795979594 ], [ 110.532628262826279, -6.848034803480355 ], [ 110.532553255325539, -6.848034803480341 ] ], [ [ 110.533378337833781, -6.848484848484847 ], [ 110.533453345334536, -6.848409840984105 ], [ 110.533453345334536, -6.848484848484857 ], [ 110.533378337833781, -6.848484848484847 ] ], [ [ 110.533453345334536, -6.848559855985593 ], [ 110.53352835283529, -6.848484848484854 ], [ 110.53352835283529, -6.8485598559856 ], [ 110.533453345334536, -6.848559855985593 ] ], [ [ 110.53352835283529, -6.848634863486348 ], [ 110.533603360336031, -6.848559855985593 ], [ 110.533603360336031, -6.848634863486349 ], [ 110.53352835283529, -6.848634863486348 ] ], [ [ 110.533603360336031, -6.848709870987093 ], [ 110.533678367836785, -6.848634863486354 ], [ 110.533678367836785, -6.848709870987105 ], [ 110.533603360336031, -6.848709870987093 ] ], [ [ 110.533678367836785, -6.848784878487842 ], [ 110.53375337533754, -6.848709870987106 ], [ 110.53375337533754, -6.84878487848785 ], [ 110.533678367836785, -6.848784878487842 ] ], [ [ 110.53382838283828, -6.849159915991605 ], [ 110.533903390339034, -6.849084908490844 ], [ 110.533903390339034, -6.849159915991604 ], [ 110.53382838283828, -6.849159915991605 ] ], [ [ 110.533903390339034, -6.849234923492349 ], [ 110.533978397839789, -6.849159915991607 ], [ 110.533978397839789, -6.849234923492342 ], [ 110.533903390339034, -6.849234923492349 ] ], [ [ 110.534353435343533, -6.849684968496843 ], [ 110.534428442844288, -6.849534953495347 ], [ 110.534503450345028, -6.849684968496851 ], [ 110.534353435343533, -6.849684968496843 ] ], [ [ 110.526252625262529, -6.852910291029094 ], [ 110.526477647764779, -6.852685268526848 ], [ 110.526477647764779, -6.852910291029102 ], [ 110.526252625262529, -6.852910291029094 ] ], [ [ 110.526627662766273, -6.853285328532844 ], [ 110.527077707770772, -6.853060306030604 ], [ 110.526927692769277, -6.85343534353435 ], [ 110.526627662766273, -6.853285328532844 ] ], [ [ 110.527152715271527, -6.853210321032111 ], [ 110.527227722772281, -6.853135313531358 ], [ 110.527227722772281, -6.853210321032096 ], [ 110.527152715271527, -6.853210321032111 ] ], [ [ 110.523327332733274, -6.853735373537361 ], [ 110.523402340234028, -6.853660366036604 ], [ 110.523402340234028, -6.853735373537345 ], [ 110.523327332733274, -6.853735373537361 ] ], [ [ 110.521977197719778, -6.854560456045608 ], [ 110.522427242724291, -6.854560456045597 ], [ 110.521902190219024, -6.854710471047108 ], [ 110.521977197719778, -6.854560456045608 ] ], [ [ 110.521677167716774, -6.854785478547847 ], [ 110.521902190219024, -6.854785478547853 ], [ 110.521677167716774, -6.854860486048602 ], [ 110.521677167716774, -6.854785478547847 ] ], [ [ 110.522577257725771, -6.854935493549353 ], [ 110.522802280228021, -6.854860486048607 ], [ 110.522802280228021, -6.854935493549347 ], [ 110.522577257725771, -6.854935493549353 ] ], [ [ 110.52137713771377, -6.85508550855085 ], [ 110.521452145214539, -6.855010501050098 ], [ 110.521452145214539, -6.855085508550851 ], [ 110.52137713771377, -6.85508550855085 ] ], [ [ 110.521302130213016, -6.855160516051613 ], [ 110.52137713771377, -6.85508550855085 ], [ 110.52137713771377, -6.855160516051612 ], [ 110.521302130213016, -6.855160516051613 ] ], [ [ 110.521152115211521, -6.855235523552348 ], [ 110.521227122712276, -6.855160516051606 ], [ 110.521227122712276, -6.855235523552353 ], [ 110.521152115211521, -6.855235523552348 ] ], [ [ 110.52160216021602, -6.855310531053108 ], [ 110.521977197719778, -6.855310531053105 ], [ 110.52137713771377, -6.855610561056101 ], [ 110.52160216021602, -6.855310531053108 ] ], [ [ 110.520777077707791, -6.855460546054601 ], [ 110.520852085208517, -6.855385538553848 ], [ 110.520852085208517, -6.855460546054601 ], [ 110.520777077707791, -6.855460546054601 ] ], [ [ 110.521302130213016, -6.85568556855685 ], [ 110.52137713771377, -6.855610561056101 ], [ 110.52137713771377, -6.855685568556856 ], [ 110.521302130213016, -6.85568556855685 ] ], [ [ 110.521452145214539, -6.855985598559855 ], [ 110.521527152715265, -6.855910591059113 ], [ 110.521527152715265, -6.855985598559854 ], [ 110.521452145214539, -6.855985598559855 ] ], [ [ 110.517626762676272, -6.857485748574851 ], [ 110.517701770177013, -6.857635763576362 ], [ 110.517401740174023, -6.857860786078602 ], [ 110.517476747674763, -6.858310831083109 ], [ 110.51687668766877, -6.858610861086104 ], [ 110.517626762676272, -6.857485748574851 ] ], [ [ 110.517851785178522, -6.858760876087607 ], [ 110.517926792679262, -6.858685868586862 ], [ 110.517926792679262, -6.858760876087615 ], [ 110.517851785178522, -6.858760876087607 ] ], [ [ 110.517776777677767, -6.858835883588362 ], [ 110.517851785178522, -6.858760876087607 ], [ 110.517851785178522, -6.858835883588363 ], [ 110.517776777677767, -6.858835883588362 ] ], [ [ 110.516426642664271, -6.86603660366036 ], [ 110.516576657665766, -6.865811581158114 ], [ 110.516501650165011, -6.86603660366037 ], [ 110.516426642664271, -6.86603660366036 ] ], [ [ 110.516351635163517, -6.872262226222628 ], [ 110.516651665166521, -6.872112211221121 ], [ 110.516651665166521, -6.872562256225628 ], [ 110.516351635163517, -6.872262226222628 ] ], [ [ 110.516651665166521, -6.872712271227114 ], [ 110.517176717671774, -6.872712271227118 ], [ 110.517176717671774, -6.87293729372937 ], [ 110.516651665166521, -6.872712271227114 ] ], [ [ 110.513276327632767, -6.873687368736872 ], [ 110.513651365136511, -6.873312331233115 ], [ 110.513426342634261, -6.873762376237623 ], [ 110.513276327632767, -6.873687368736872 ] ], [ [ 110.511026102610259, -6.875862586258622 ], [ 110.511101110111014, -6.875787578757874 ], [ 110.511101110111014, -6.875862586258624 ], [ 110.511026102610259, -6.875862586258622 ] ], [ [ 110.509450945094514, -6.879987998799882 ], [ 110.509450945094514, -6.879537953795375 ], [ 110.509525952595268, -6.879987998799882 ], [ 110.509450945094514, -6.879987998799882 ] ], [ [ 110.509000900090015, -6.881563156315636 ], [ 110.509675967596763, -6.88111311131113 ], [ 110.509075907590756, -6.882088208820886 ], [ 110.509000900090015, -6.881563156315636 ] ], [ [ 110.520327032703264, -6.88171317131714 ], [ 110.520477047704773, -6.88133813381339 ], [ 110.520552055205528, -6.881713171317124 ], [ 110.520327032703264, -6.88171317131714 ] ], [ [ 110.515076507650761, -6.885163516351643 ], [ 110.51515151515153, -6.885088508850891 ], [ 110.51515151515153, -6.885163516351644 ], [ 110.515076507650761, -6.885163516351643 ] ], [ [ 110.506675667566753, -6.88576357635763 ], [ 110.507650765076505, -6.885538553855386 ], [ 110.506675667566753, -6.88598859885988 ], [ 110.506675667566753, -6.88576357635763 ] ], [ [ 110.514776477647771, -6.885463546354639 ], [ 110.514926492649266, -6.88531353135313 ], [ 110.514926492649266, -6.885463546354634 ], [ 110.514776477647771, -6.885463546354639 ] ], [ [ 110.515976597659773, -6.88598859885988 ], [ 110.516126612661267, -6.885913591359129 ], [ 110.516126612661267, -6.886063606360644 ], [ 110.515976597659773, -6.88598859885988 ] ], [ [ 110.515826582658264, -6.886138613861384 ], [ 110.515901590159018, -6.886063606360629 ], [ 110.515901590159018, -6.886138613861383 ], [ 110.515826582658264, -6.886138613861384 ] ], [ [ 110.516126612661267, -6.886138613861388 ], [ 110.516201620162022, -6.88606360636063 ], [ 110.516201620162022, -6.886138613861394 ], [ 110.516126612661267, -6.886138613861388 ] ], [ [ 110.515976597659773, -6.88643864386438 ], [ 110.516426642664271, -6.886513651365132 ], [ 110.516126612661267, -6.886663666366628 ], [ 110.515976597659773, -6.88643864386438 ] ], [ [ 110.515976597659773, -6.88628862886288 ], [ 110.516051605160513, -6.886213621362139 ], [ 110.516051605160513, -6.886288628862888 ], [ 110.515976597659773, -6.88628862886288 ] ], [ [ 110.506600660066013, -6.88643864386438 ], [ 110.506825682568262, -6.886288628862891 ], [ 110.506825682568262, -6.886363636363645 ], [ 110.506600660066013, -6.88643864386438 ] ], [ [ 110.517326732673268, -6.887188718871887 ], [ 110.517476747674763, -6.887038703870384 ], [ 110.517476747674763, -6.887188718871882 ], [ 110.517326732673268, -6.887188718871887 ] ], [ [ 110.505850585058511, -6.890864086408636 ], [ 110.506000600060005, -6.890489048904884 ], [ 110.50607560756076, -6.890639063906396 ], [ 110.505850585058511, -6.890864086408636 ] ], [ [ 110.505775577557756, -6.891239123912388 ], [ 110.506000600060005, -6.891014101410144 ], [ 110.5061506150615, -6.891314131413145 ], [ 110.505775577557756, -6.891239123912388 ] ], [ [ 110.507650765076505, -6.892664266426637 ], [ 110.507875787578769, -6.892514251425134 ], [ 110.507950795079509, -6.89266426642665 ], [ 110.507650765076505, -6.892664266426637 ] ], [ [ 110.504275427542751, -6.893789378937893 ], [ 110.504350435043506, -6.893639363936395 ], [ 110.504350435043506, -6.893789378937897 ], [ 110.504275427542751, -6.893789378937893 ] ], [ [ 110.499849984998505, -6.898739873987396 ], [ 110.499924992499245, -6.898664866486656 ], [ 110.499924992499245, -6.898739873987394 ], [ 110.499849984998505, -6.898739873987396 ] ], [ [ 110.499924992499245, -6.898814881488152 ], [ 110.5, -6.898739873987398 ], [ 110.5, -6.898814881488152 ], [ 110.499924992499245, -6.898814881488152 ] ], [ [ 110.500300030003018, -6.899489948994903 ], [ 110.500450045004499, -6.899339933993407 ], [ 110.500450045004499, -6.899489948994897 ], [ 110.500300030003018, -6.899489948994903 ] ], [ [ 110.499024902490248, -6.904890489048912 ], [ 110.499324932493252, -6.90466546654666 ], [ 110.499399939993992, -6.904890489048905 ], [ 110.499024902490248, -6.904890489048912 ] ], [ [ 110.500150015001495, -6.905265526552663 ], [ 110.500300030003018, -6.905115511551149 ], [ 110.500300030003018, -6.905265526552656 ], [ 110.500150015001495, -6.905265526552663 ] ], [ [ 110.497974797479742, -6.905940594059397 ], [ 110.498724872487244, -6.90594059405941 ], [ 110.498724872487244, -6.90609060906091 ], [ 110.497974797479742, -6.905940594059397 ] ], [ [ 110.493699369936991, -6.907290729072905 ], [ 110.493774377437745, -6.907215721572166 ], [ 110.493774377437745, -6.907290729072907 ], [ 110.493699369936991, -6.907290729072905 ] ], [ [ 110.4938493849385, -6.907515751575154 ], [ 110.494224422442244, -6.907440744074403 ], [ 110.494374437443739, -6.907740774077412 ], [ 110.4938493849385, -6.907515751575154 ] ], [ [ 110.490474047404746, -6.908640864086413 ], [ 110.491599159915992, -6.909390939093915 ], [ 110.491674167416747, -6.909765976597651 ], [ 110.490549054905486, -6.910141014101407 ], [ 110.490474047404746, -6.908640864086413 ] ], [ [ 110.496174617461747, -6.908715871587163 ], [ 110.496249624962502, -6.908640864086417 ], [ 110.496249624962502, -6.908715871587153 ], [ 110.496174617461747, -6.908715871587163 ] ], [ [ 110.48619861986198, -6.911716171617152 ], [ 110.488898889888986, -6.909990999099907 ], [ 110.487023702370237, -6.911791179117909 ], [ 110.488748874887492, -6.913066306630667 ], [ 110.487173717371732, -6.913891389138921 ], [ 110.486798679867988, -6.914866486648661 ], [ 110.48619861986198, -6.91494149414941 ], [ 110.485523552355232, -6.913141314131414 ], [ 110.485823582358236, -6.913216321632158 ], [ 110.486348634863489, -6.912166216621665 ], [ 110.48619861986198, -6.911716171617152 ] ], [ [ 110.49249924992499, -6.910141014101409 ], [ 110.493174317431738, -6.910591059105919 ], [ 110.49249924992499, -6.910741074107401 ], [ 110.49249924992499, -6.910141014101409 ] ], [ [ 110.4938493849385, -6.911866186618659 ], [ 110.494224422442244, -6.911716171617162 ], [ 110.494074407440749, -6.912016201620159 ], [ 110.4938493849385, -6.911866186618659 ] ], [ [ 110.486048604860486, -6.912466246624655 ], [ 110.48612361236124, -6.912316231623154 ], [ 110.48612361236124, -6.912466246624669 ], [ 110.486048604860486, -6.912466246624655 ] ], [ [ 110.487248724872487, -6.915091509150908 ], [ 110.488673867386737, -6.913816381638155 ], [ 110.488223822382238, -6.914866486648657 ], [ 110.487248724872487, -6.915091509150908 ] ], [ [ 110.499099909991003, -6.91449144914491 ], [ 110.499249924992498, -6.914416441644156 ], [ 110.499249924992498, -6.914491449144913 ], [ 110.499099909991003, -6.91449144914491 ] ], [ [ 110.482073207320738, -6.916366636663676 ], [ 110.483873387338733, -6.917116711671159 ], [ 110.483873387338733, -6.917941794179413 ], [ 110.482073207320738, -6.916366636663676 ] ], [ [ 110.491074107410739, -6.916516651665165 ], [ 110.491149114911494, -6.916216621662159 ], [ 110.491224122412248, -6.916516651665176 ], [ 110.491074107410739, -6.916516651665165 ] ], [ [ 110.492724272427239, -6.916666666666666 ], [ 110.493024302430257, -6.916441644164423 ], [ 110.492949294929488, -6.916666666666675 ], [ 110.492724272427239, -6.916666666666666 ] ], [ [ 110.493399339933987, -6.916741674167421 ], [ 110.493549354935496, -6.916591659165914 ], [ 110.49362436243625, -6.916741674167421 ], [ 110.493399339933987, -6.916741674167421 ] ], [ [ 110.491149114911494, -6.91689168916892 ], [ 110.491449144914498, -6.916666666666674 ], [ 110.491599159915992, -6.917041704170425 ], [ 110.491149114911494, -6.91689168916892 ] ], [ [ 110.488673867386737, -6.916816681668166 ], [ 110.488823882388232, -6.916741674167421 ], [ 110.488823882388232, -6.916891689168918 ], [ 110.488673867386737, -6.916816681668166 ] ], [ [ 110.491899189918996, -6.917566756675668 ], [ 110.492124212421245, -6.917491749174918 ], [ 110.492124212421245, -6.91771677167717 ], [ 110.491899189918996, -6.917566756675668 ] ], [ [ 110.493099309930997, -6.91764176417641 ], [ 110.493399339933987, -6.917491749174915 ], [ 110.493324332433247, -6.91779177917791 ], [ 110.493099309930997, -6.91764176417641 ] ], [ [ 110.487698769876985, -6.922217221722167 ], [ 110.487923792379235, -6.92199219921992 ], [ 110.487848784878494, -6.922217221722165 ], [ 110.487698769876985, -6.922217221722167 ] ], [ [ 110.486798679867988, -6.922367236723677 ], [ 110.487173717371732, -6.922367236723669 ], [ 110.487173717371732, -6.922517251725181 ], [ 110.486798679867988, -6.922367236723677 ] ], [ [ 110.478547854785475, -6.92461746174618 ], [ 110.478772877287724, -6.924392439243916 ], [ 110.478847884788479, -6.924542454245431 ], [ 110.478547854785475, -6.92461746174618 ] ], [ [ 110.479897989798985, -6.925742574257426 ], [ 110.480273027302729, -6.925217521752182 ], [ 110.481248124812481, -6.92626762676268 ], [ 110.479897989798985, -6.925742574257426 ] ], [ [ 110.481173117311727, -6.924992499249933 ], [ 110.482598259825977, -6.925067506750676 ], [ 110.483498349834989, -6.925967596759678 ], [ 110.482448244824496, -6.926117611761172 ], [ 110.481173117311727, -6.924992499249933 ] ], [ [ 110.48169816981698, -6.927242724272435 ], [ 110.482148214821478, -6.926717671767181 ], [ 110.481923192319229, -6.927242724272432 ], [ 110.48169816981698, -6.927242724272435 ] ], [ [ 110.483273327332739, -6.926567656765672 ], [ 110.483348334833479, -6.926417641764169 ], [ 110.483423342334234, -6.926567656765679 ], [ 110.483273327332739, -6.926567656765672 ] ], [ [ 110.484173417341736, -6.926942694269423 ], [ 110.485223522352229, -6.926942694269424 ], [ 110.484848484848484, -6.927767776777674 ], [ 110.484173417341736, -6.926942694269423 ] ], [ [ 110.483723372337238, -6.926942694269428 ], [ 110.483948394839487, -6.926867686768669 ], [ 110.483948394839487, -6.927017701770173 ], [ 110.483723372337238, -6.926942694269428 ] ], [ [ 110.482673267326732, -6.927542754275435 ], [ 110.48447344734474, -6.928067806780674 ], [ 110.484623462346235, -6.928592859285936 ], [ 110.483873387338733, -6.928817881788173 ], [ 110.482673267326732, -6.927542754275435 ] ], [ [ 110.485298529852983, -6.928967896789684 ], [ 110.485598559855987, -6.928817881788185 ], [ 110.485673567356741, -6.929042904290437 ], [ 110.485298529852983, -6.928967896789684 ] ], [ [ 110.482373237323728, -6.929867986798686 ], [ 110.482448244824496, -6.92979297929792 ], [ 110.482448244824496, -6.929867986798674 ], [ 110.482373237323728, -6.929867986798686 ] ], [ [ 110.482223222322233, -6.930393039303923 ], [ 110.482673267326732, -6.930468046804682 ], [ 110.482298229822987, -6.930543054305429 ], [ 110.482223222322233, -6.930393039303923 ] ], [ [ 110.461671167116705, -6.933618361836175 ], [ 110.462196219621958, -6.93361836183619 ], [ 110.462196219621958, -6.934293429342929 ], [ 110.461671167116705, -6.933618361836175 ] ], [ [ 110.459570957095707, -6.933693369336929 ], [ 110.460021002100206, -6.934068406840677 ], [ 110.459720972097216, -6.934218421842177 ], [ 110.459570957095707, -6.933693369336929 ] ], [ [ 110.462946294629475, -6.936393639363931 ], [ 110.463021302130215, -6.936318631863194 ], [ 110.463021302130215, -6.936393639363928 ], [ 110.462946294629475, -6.936393639363931 ] ], [ [ 110.457995799579962, -6.937743774377429 ], [ 110.458220822082211, -6.937668766876691 ], [ 110.458220822082211, -6.937968796879681 ], [ 110.457995799579962, -6.937743774377429 ] ], [ [ 110.464146414641462, -6.937668766876693 ], [ 110.464221422142217, -6.937593759375934 ], [ 110.464221422142217, -6.93766876687668 ], [ 110.464146414641462, -6.937668766876693 ] ], [ [ 110.464221422142217, -6.937743774377444 ], [ 110.464296429642985, -6.937668766876693 ], [ 110.464296429642985, -6.937743774377445 ], [ 110.464221422142217, -6.937743774377444 ] ], [ [ 110.458220822082211, -6.938118811881185 ], [ 110.458370837083706, -6.938043804380446 ], [ 110.458370837083706, -6.938193819381945 ], [ 110.458220822082211, -6.938118811881185 ] ], [ [ 110.465046504650459, -6.938043804380444 ], [ 110.465121512151214, -6.937968796879685 ], [ 110.465121512151214, -6.938043804380432 ], [ 110.465046504650459, -6.938043804380444 ] ], [ [ 110.445094509450954, -6.93811881188118 ], [ 110.445169516951694, -6.938043804380433 ], [ 110.445169516951694, -6.938118811881187 ], [ 110.445094509450954, -6.93811881188118 ] ] ] } },
{ "type": "Feature", "properties": { "year": 2037, "layer": "atrisk" }, "geometry": { "type": "Polygon", "coordinates": [ [ [ 110.438643864386435, -6.93946894689469 ], [ 110.437368736873694, -6.939618961896188 ], [ 110.437743774377438, -6.942319231923186 ], [ 110.438643864386435, -6.93946894689469 ] ] ] } },
{ "type": "Feature", "properties": { "year": 2037, "layer": "atrisk" }, "geometry": { "type": "Polygon", "coordinates": [ [ [ 110.424542454245426, -6.943369336933689 ], [ 110.424017401740173, -6.94434443444345 ], [ 110.424467446744671, -6.945919591959201 ], [ 110.42484248424843, -6.945019501950198 ], [ 110.424542454245426, -6.943369336933689 ] ] ] } },
{ "type": "Feature", "properties": { "year": 2037, "layer": "atrisk" }, "geometry": { "type": "Polygon", "coordinates": [ [ [ 110.429417941794185, -6.945919591959201 ], [ 110.428292829282924, -6.94569456945694 ], [ 110.428292829282924, -6.945994599459944 ], [ 110.429417941794185, -6.945919591959201 ] ] ] } },
{ "type": "Feature", "properties": { "year": 2037, "layer": "atrisk" }, "geometry": { "type": "Polygon", "coordinates": [ [ [ 110.418691869186929, -6.945769576957694 ], [ 110.418616861686175, -6.946294629462939 ], [ 110.417941794179413, -6.946369636963693 ], [ 110.417866786678672, -6.946819681968194 ], [ 110.418691869186929, -6.946819681968202 ], [ 110.418691869186929, -6.945769576957694 ] ] ] } },
{ "type": "Feature", "properties": { "year": 2037, "layer": "atrisk" }, "geometry": { "type": "Polygon", "coordinates": [ [ [ 110.432118211821177, -6.946369636963696 ], [ 110.431143114311425, -6.946744674467454 ], [ 110.431893189318941, -6.947344734473447 ], [ 110.432118211821177, -6.946369636963696 ] ] ] } },
{ "type": "Feature", "properties": { "year": 2037, "layer": "atrisk" }, "geometry": { "type": "Polygon", "coordinates": [ [ [ 110.399339933993403, -6.946894689468949 ], [ 110.398964896489645, -6.946669666966699 ], [ 110.397614761476149, -6.947794779477951 ], [ 110.399339933993403, -6.946894689468949 ] ] ] } },
{ "type": "Feature", "properties": { "year": 2037, "layer": "atrisk" }, "geometry": { "type": "Polygon", "coordinates": [ [ [ 110.425967596759691, -6.94246924692469 ], [ 110.427242724272432, -6.946069606960688 ], [ 110.425967596759691, -6.945844584458438 ], [ 110.424767476747675, -6.947269726972694 ], [ 110.425517551755178, -6.948019801980204 ], [ 110.427692769276931, -6.946369636963702 ], [ 110.425967596759691, -6.94246924692469 ] ], [ [ 110.42626762676268, -6.946744674467439 ], [ 110.42634263426342, -6.946669666966701 ], [ 110.42634263426342, -6.946744674467451 ], [ 110.42626762676268, -6.946744674467439 ] ], [ [ 110.425367536753669, -6.947419741974198 ], [ 110.425442544254423, -6.947344734473446 ], [ 110.425442544254423, -6.947419741974195 ], [ 110.425367536753669, -6.947419741974198 ] ], [ [ 110.425442544254423, -6.947494749474947 ], [ 110.425517551755178, -6.947419741974199 ], [ 110.425517551755178, -6.947494749474954 ], [ 110.425442544254423, -6.947494749474947 ] ] ] } },
{ "type": "Feature", "properties": { "year": 2037, "layer": "atrisk" }, "geometry": { "type": "Polygon", "coordinates": [ [ [ 110.430843084308435, -6.94689468946894 ], [ 110.429642964296434, -6.94719471947194 ], [ 110.428442844284433, -6.948169816981702 ], [ 110.430843084308435, -6.94689468946894 ] ] ] } },
{ "type": "Feature", "properties": { "year": 2037, "layer": "atrisk" }, "geometry": { "type": "Polygon", "coordinates": [ [ [ 110.419741974197422, -6.947719771977199 ], [ 110.419666966696681, -6.948544854485451 ], [ 110.419891989198916, -6.948769876987708 ], [ 110.420642064206419, -6.948169816981695 ], [ 110.419741974197422, -6.947719771977199 ] ], [ [ 110.419741974197422, -6.948019801980193 ], [ 110.419891989198916, -6.94794479447944 ], [ 110.419891989198916, -6.948019801980202 ], [ 110.419741974197422, -6.948019801980193 ] ] ] } },
{ "type": "Feature", "properties": { "year": 2037, "layer": "atrisk" }, "geometry": { "type": "Polygon", "coordinates": [ [ [ 110.418241824182417, -6.948319831983205 ], [ 110.417416741674174, -6.948094809480946 ], [ 110.417566756675669, -6.948769876987696 ], [ 110.418241824182417, -6.948319831983205 ] ] ] } },
{ "type": "Feature", "properties": { "year": 2037, "layer": "atrisk" }, "geometry": { "type": "Polygon", "coordinates": [ [ [ 110.392439243924386, -6.946069606960696 ], [ 110.390714071407146, -6.947044704470444 ], [ 110.388988898889892, -6.948394839483953 ], [ 110.388988898889892, -6.948844884488444 ], [ 110.392439243924386, -6.946069606960696 ] ] ] } },
{ "type": "Feature", "properties": { "year": 2037, "layer": "atrisk" }, "geometry": { "type": "Polygon", "coordinates": [ [ [ 110.435193519351941, -6.940369036903689 ], [ 110.433093309330928, -6.94194419441945 ], [ 110.434368436843684, -6.946294629462945 ], [ 110.431818181818187, -6.942769276927698 ], [ 110.429642964296434, -6.945169516951693 ], [ 110.432268226822686, -6.944344434443452 ], [ 110.432868286828679, -6.949369936993693 ], [ 110.434743474347428, -6.949444944494446 ], [ 110.435868586858703, -6.947644764476441 ], [ 110.434893489348951, -6.947719771977194 ], [ 110.434143414341435, -6.947119711971196 ], [ 110.436618661866191, -6.943294329432949 ], [ 110.435193519351941, -6.940369036903689 ] ], [ [ 110.432043204320436, -6.944269426942689 ], [ 110.432193219321931, -6.944119411941185 ], [ 110.432118211821177, -6.9442694269427 ], [ 110.432043204320436, -6.944269426942689 ] ], [ [ 110.434593459345933, -6.949369936993707 ], [ 110.434668466846688, -6.949294929492944 ], [ 110.434668466846688, -6.949369936993697 ], [ 110.434593459345933, -6.949369936993707 ] ] ] } },
{ "type": "Feature", "properties": { "year": 2037, "layer": "atrisk" }, "geometry": { "type": "Polygon", "coordinates": [ [ [ 110.420642064206419, -6.94824482448245 ], [ 110.420567056705664, -6.949519951995208 ], [ 110.421767176717665, -6.949519951995207 ], [ 110.421692169216925, -6.949219921992196 ], [ 110.420642064206419, -6.94824482448245 ] ], [ [ 110.421392139213921, -6.949219921992197 ], [ 110.421542154215416, -6.949144914491455 ], [ 110.421542154215416, -6.949294929492955 ], [ 110.421392139213921, -6.949219921992197 ] ] ] } },
{ "type": "Feature", "properties": { "year": 2037, "layer": "atrisk" }, "geometry": { "type": "Polygon", "coordinates": [ [ [ 110.407890789078905, -6.948244824482443 ], [ 110.407215721572157, -6.948469846984707 ], [ 110.407590759075902, -6.949969996999692 ], [ 110.407890789078905, -6.948244824482443 ] ] ] } },
{ "type": "Feature", "properties": { "year": 2037, "layer": "atrisk" }, "geometry": { "type": "Polygon", "coordinates": [ [ [ 110.430918091809176, -6.94831983198319 ], [ 110.429042904290426, -6.949669966996708 ], [ 110.428442844284433, -6.9495199519952 ], [ 110.428067806780675, -6.949594959495954 ], [ 110.431143114311425, -6.949894989498948 ], [ 110.430918091809176, -6.94831983198319 ] ], [ [ 110.430468046804677, -6.949069906990693 ], [ 110.430543054305431, -6.948994899489954 ], [ 110.430543054305431, -6.949069906990696 ], [ 110.430468046804677, -6.949069906990693 ] ], [ [ 110.430018001800178, -6.949369936993691 ], [ 110.430768076807681, -6.9492199219922 ], [ 110.430618061806186, -6.949669966996693 ], [ 110.430018001800178, -6.949369936993691 ] ] ] } },
{ "type": "Feature", "properties": { "year": 2037, "layer": "atrisk" }, "geometry": { "type": "Polygon", "coordinates": [ [ [ 110.421092109210917, -6.950345034503447 ], [ 110.420867086708668, -6.950795079507949 ], [ 110.421467146714676, -6.951395139513948 ], [ 110.421692169216925, -6.9505700570057 ], [ 110.421092109210917, -6.950345034503447 ] ], [ [ 110.421167116711672, -6.950645064506454 ], [ 110.421242124212426, -6.950570057005706 ], [ 110.421242124212426, -6.950645064506446 ], [ 110.421167116711672, -6.950645064506454 ] ] ] } },
{ "type": "Feature", "properties": { "year": 2037, "layer": "atrisk" }, "geometry": { "type": "Polygon", "coordinates": [ [ [ 110.41854185418542, -6.951395139513944 ], [ 110.41704170417043, -6.951170117011709 ], [ 110.417416741674174, -6.951770177017702 ], [ 110.41854185418542, -6.951395139513944 ] ] ] } },
{ "type": "Feature", "properties": { "year": 2037, "layer": "atrisk" }, "geometry": { "type": "Polygon", "coordinates": [ [ [ 110.429267926792676, -6.951095109510949 ], [ 110.430018001800178, -6.952895289528946 ], [ 110.430693069306926, -6.952895289528954 ], [ 110.430693069306926, -6.95214521452146 ], [ 110.429267926792676, -6.951095109510949 ] ] ] } },
{ "type": "Feature", "properties": { "year": 2037, "layer": "atrisk" }, "geometry": { "type": "Polygon", "coordinates": [ [ [ 110.426417641764175, -6.951620162016206 ], [ 110.42626762676268, -6.952745274527451 ], [ 110.426042604260431, -6.952445244524455 ], [ 110.424992499249925, -6.952520252025202 ], [ 110.42656765676567, -6.953120312031199 ], [ 110.427242724272432, -6.952070207020699 ], [ 110.426417641764175, -6.951620162016206 ] ], [ [ 110.426642664266424, -6.952520252025206 ], [ 110.426717671767179, -6.952445244524446 ], [ 110.426717671767179, -6.952520252025204 ], [ 110.426642664266424, -6.952520252025206 ] ] ] } },
{ "type": "Feature", "properties": { "year": 2037, "layer": "atrisk" }, "geometry": { "type": "Polygon", "coordinates": [ [ [ 110.432868286828679, -6.951845184518456 ], [ 110.431293129312934, -6.951395139513952 ], [ 110.430918091809176, -6.953045304530458 ], [ 110.431518151815183, -6.953270327032711 ], [ 110.432868286828679, -6.951845184518456 ] ], [ [ 110.431218121812179, -6.952895289528947 ], [ 110.431293129312934, -6.9528202820282 ], [ 110.431293129312934, -6.952895289528953 ], [ 110.431218121812179, -6.952895289528947 ] ], [ [ 110.431518151815183, -6.952895289528946 ], [ 110.431593159315952, -6.952820282028206 ], [ 110.431593159315952, -6.952895289528944 ], [ 110.431518151815183, -6.952895289528946 ] ] ] } },
{ "type": "Feature", "properties": { "year": 2037, "layer": "atrisk" }, "geometry": { "type": "Polygon", "coordinates": [ [ [ 110.412166216621657, -6.953495349534946 ], [ 110.410891089108915, -6.952820282028195 ], [ 110.410891089108915, -6.952970297029696 ], [ 110.412166216621657, -6.953495349534946 ] ] ] } },
{ "type": "Feature", "properties": { "year": 2037, "layer": "atrisk" }, "geometry": { "type": "Polygon", "coordinates": [ [ [ 110.381863186318625, -6.950795079507953 ], [ 110.38193819381938, -6.952745274527446 ], [ 110.382463246324633, -6.953945394539453 ], [ 110.383063306330627, -6.954245424542456 ], [ 110.381863186318625, -6.950795079507953 ] ] ] } },
{ "type": "Feature", "properties": { "year": 2037, "layer": "atrisk" }, "geometry": { "type": "Polygon", "coordinates": [ [ [ 110.430843084308435, -6.953870387038707 ], [ 110.429117911791181, -6.953795379537959 ], [ 110.429042904290426, -6.954320432043206 ], [ 110.430843084308435, -6.953870387038707 ] ] ] } },
{ "type": "Feature", "properties": { "year": 2037, "layer": "atrisk" }, "geometry": { "type": "Polygon", "coordinates": [ [ [ 110.411191119111905, -6.953420342034205 ], [ 110.412766276627664, -6.954695469546962 ], [ 110.413291329132917, -6.954920492049203 ], [ 110.412991299129914, -6.954245424542458 ], [ 110.411191119111905, -6.953420342034205 ] ] ] } },
{ "type": "Feature", "properties": { "year": 2037, "layer": "atrisk" }, "geometry": { "type": "Polygon", "coordinates": [ [ [ 110.376987698769881, -6.955370537053711 ], [ 110.376162616261624, -6.95447044704471 ], [ 110.376087608760869, -6.954620462046202 ], [ 110.376987698769881, -6.955370537053711 ] ] ] } },
{ "type": "Feature", "properties": { "year": 2037, "layer": "atrisk" }, "geometry": { "type": "Polygon", "coordinates": [ [ [ 110.41539153915393, -6.955295529552961 ], [ 110.413366336633658, -6.954695469546953 ], [ 110.414791479147908, -6.955445544554462 ], [ 110.41539153915393, -6.955295529552961 ] ] ] } },
{ "type": "Feature", "properties": { "year": 2037, "layer": "atrisk" }, "geometry": { "type": "Polygon", "coordinates": [ [ [ 110.41719171917191, -6.952295229522951 ], [ 110.41576657665766, -6.952670267026698 ], [ 110.415841584158414, -6.955520552055203 ], [ 110.41876687668767, -6.956120612061209 ], [ 110.418391839183911, -6.953870387038702 ], [ 110.41719171917191, -6.952295229522951 ] ], [ [ 110.418241824182417, -6.954095409540956 ], [ 110.418316831683171, -6.953945394539454 ], [ 110.418316831683171, -6.954095409540958 ], [ 110.418241824182417, -6.954095409540956 ] ], [ [ 110.41704170417043, -6.95499549954995 ], [ 110.417266726672665, -6.954920492049205 ], [ 110.417266726672665, -6.954995499549961 ], [ 110.41704170417043, -6.95499549954995 ] ], [ [ 110.41704170417043, -6.955220522052202 ], [ 110.417266726672665, -6.955220522052204 ], [ 110.41704170417043, -6.955370537053699 ], [ 110.41704170417043, -6.955220522052202 ] ], [ [ 110.418466846684666, -6.955520552055213 ], [ 110.41854185418542, -6.955445544554448 ], [ 110.41854185418542, -6.955520552055209 ], [ 110.418466846684666, -6.955520552055213 ] ] ] } },
{ "type": "Feature", "properties": { "year": 2037, "layer": "atrisk" }, "geometry": { "type": "Polygon", "coordinates": [ [ [ 110.428292829282924, -6.9511701170117 ], [ 110.427017701770183, -6.954845484548457 ], [ 110.423567356735674, -6.953570357035701 ], [ 110.424242424242422, -6.955670567056705 ], [ 110.422067206720669, -6.954470447044701 ], [ 110.421017101710191, -6.955295529552962 ], [ 110.422742274227417, -6.956870687068706 ], [ 110.424767476747675, -6.95612061206121 ], [ 110.42484248424843, -6.954620462046201 ], [ 110.425967596759691, -6.955520552055203 ], [ 110.426792679267933, -6.955445544554449 ], [ 110.429417941794185, -6.952445244524458 ], [ 110.428292829282924, -6.9511701170117 ] ], [ [ 110.425742574257427, -6.955295529552954 ], [ 110.425817581758182, -6.954995499549953 ], [ 110.425967596759691, -6.955220522052202 ], [ 110.425742574257427, -6.955295529552954 ] ], [ [ 110.425967596759691, -6.9553705370537 ], [ 110.42634263426342, -6.955295529552957 ], [ 110.42634263426342, -6.955370537053711 ], [ 110.425967596759691, -6.9553705370537 ] ], [ [ 110.422967296729681, -6.956045604560463 ], [ 110.423117311731176, -6.955970597059705 ], [ 110.423117311731176, -6.956045604560454 ], [ 110.422967296729681, -6.956045604560463 ] ] ] } },
{ "type": "Feature", "properties": { "year": 2037, "layer": "atrisk" }, "geometry": { "type": "Polygon", "coordinates": [ [ [ 110.422742274227417, -6.956945694569455 ], [ 110.42184218421842, -6.95679567956796 ], [ 110.420792079207928, -6.956720672067205 ], [ 110.420792079207928, -6.956945694569464 ], [ 110.422742274227417, -6.956945694569455 ] ] ] } },
{ "type": "Feature", "properties": { "year": 2037, "layer": "atrisk" }, "geometry": { "type": "Polygon", "coordinates": [ [ [ 110.401590159015896, -6.955820582058201 ], [ 110.400840084008408, -6.957470747074707 ], [ 110.401740174017405, -6.957920792079206 ], [ 110.401590159015896, -6.955820582058201 ] ] ] } },
{ "type": "Feature", "properties": { "year": 2037, "layer": "atrisk" }, "geometry": { "type": "Polygon", "coordinates": [ [ [ 110.418466846684666, -6.95184518451846 ], [ 110.419816981698176, -6.958970897089709 ], [ 110.421167116711672, -6.958970897089716 ], [ 110.422367236723673, -6.957245724572457 ], [ 110.420342034203429, -6.957095709570964 ], [ 110.419591959195913, -6.954095409540951 ], [ 110.420792079207928, -6.954995499549947 ], [ 110.421617161716171, -6.953945394539446 ], [ 110.418466846684666, -6.95184518451846 ] ], [ [ 110.419591959195913, -6.955895589558965 ], [ 110.419666966696681, -6.955745574557457 ], [ 110.419666966696681, -6.955895589558958 ], [ 110.419591959195913, -6.955895589558965 ] ], [ [ 110.420567056705664, -6.958445844584465 ], [ 110.420717071707173, -6.958370837083714 ], [ 110.420717071707173, -6.958595859585952 ], [ 110.420567056705664, -6.958445844584465 ] ], [ [ 110.420717071707173, -6.958820882088216 ], [ 110.420792079207928, -6.958595859585957 ], [ 110.420792079207928, -6.958820882088217 ], [ 110.420717071707173, -6.958820882088216 ] ] ] } },
{ "type": "Feature", "properties": { "year": 2037, "layer": "atrisk" }, "geometry": { "type": "Polygon", "coordinates": [ [ [ 110.392514251425141, -6.959270927092702 ], [ 110.390714071407146, -6.959270927092712 ], [ 110.389813981398135, -6.959645964596455 ], [ 110.392514251425141, -6.959270927092702 ] ] ] } },
{ "type": "Feature", "properties": { "year": 2037, "layer": "atrisk" }, "geometry": { "type": "Polygon", "coordinates": [ [ [ 110.319456945694569, -6.938268826882693 ], [ 110.312406240624057, -6.943744374437443 ], [ 110.318106810681073, -6.952895289528954 ], [ 110.319381938193814, -6.950570057005696 ], [ 110.319081908190824, -6.953795379537956 ], [ 110.327557755775572, -6.958595859585952 ], [ 110.3497599759976, -6.95972097209721 ], [ 110.352160216021602, -6.958370837083713 ], [ 110.350810081008106, -6.959720972097208 ], [ 110.359135913591359, -6.959720972097215 ], [ 110.359135913591359, -6.954845484548462 ], [ 110.355460546054601, -6.95469546954696 ], [ 110.358610861086106, -6.954245424542449 ], [ 110.359435943594363, -6.954395439543948 ], [ 110.359210921092114, -6.959720972097205 ], [ 110.359885988598876, -6.954770477047695 ], [ 110.362211221122109, -6.954695469546953 ], [ 110.363561356135619, -6.954920492049204 ], [ 110.359960996099616, -6.955670567056704 ], [ 110.359885988598876, -6.958745874587456 ], [ 110.360561056105624, -6.959720972097211 ], [ 110.38801380138014, -6.959495949594965 ], [ 110.387938793879385, -6.958445844584452 ], [ 110.383663366336648, -6.958745874587459 ], [ 110.383663366336648, -6.955745574557455 ], [ 110.382013201320149, -6.954620462046197 ], [ 110.377512751275134, -6.954770477047699 ], [ 110.376987698769881, -6.955895589558962 ], [ 110.371587158715869, -6.955445544554463 ], [ 110.371287128712865, -6.956495649564961 ], [ 110.366861686168619, -6.955745574557456 ], [ 110.36498649864987, -6.956645664566454 ], [ 110.363936393639364, -6.956345634563458 ], [ 110.364836483648375, -6.955820582058214 ], [ 110.364236423642367, -6.955745574557447 ], [ 110.364236423642367, -6.955145514551448 ], [ 110.363711371137114, -6.954920492049197 ], [ 110.367011701170114, -6.955445544554459 ], [ 110.375262526252627, -6.954620462046196 ], [ 110.349309930993115, -6.952220222022198 ], [ 110.344884488448841, -6.949144914491447 ], [ 110.327632763276327, -6.942844284428435 ], [ 110.319456945694569, -6.938268826882693 ] ], [ [ 110.321107110711068, -6.941194119411935 ], [ 110.321182118211823, -6.941119111911189 ], [ 110.321182118211823, -6.941194119411939 ], [ 110.321107110711068, -6.941194119411935 ] ], [ [ 110.321257125712592, -6.94126912691269 ], [ 110.321407140714072, -6.941194119411935 ], [ 110.321407140714072, -6.941269126912696 ], [ 110.321257125712592, -6.94126912691269 ] ], [ [ 110.322307230723069, -6.942169216921699 ], [ 110.322607260726073, -6.942094209420946 ], [ 110.322682268226828, -6.942319231923189 ], [ 110.322307230723069, -6.942169216921699 ] ], [ [ 110.325007500750075, -6.946594659465949 ], [ 110.325832583258332, -6.945919591959193 ], [ 110.326207620762091, -6.947494749474941 ], [ 110.325007500750075, -6.946594659465949 ] ], [ [ 110.321782178217816, -6.946519651965205 ], [ 110.32515751575157, -6.946219621962189 ], [ 110.324107410741078, -6.94756975697569 ], [ 110.321782178217816, -6.946519651965205 ] ], [ [ 110.322007200720066, -6.947194719471945 ], [ 110.322682268226828, -6.9474197419742 ], [ 110.321932193219325, -6.947344734473439 ], [ 110.322007200720066, -6.947194719471945 ] ], [ [ 110.321032103210328, -6.947494749474942 ], [ 110.321332133213318, -6.948019801980206 ], [ 110.320807080708065, -6.948244824482453 ], [ 110.321032103210328, -6.947494749474942 ] ], [ [ 110.322157215721575, -6.947569756975696 ], [ 110.322382238223824, -6.947494749474944 ], [ 110.322382238223824, -6.947644764476448 ], [ 110.322157215721575, -6.947569756975696 ] ], [ [ 110.326282628262831, -6.947719771977199 ], [ 110.326357635763571, -6.947569756975702 ], [ 110.326357635763571, -6.947719771977203 ], [ 110.326282628262831, -6.947719771977199 ] ], [ [ 110.326357635763571, -6.948019801980203 ], [ 110.32673267326733, -6.948019801980192 ], [ 110.32650765076508, -6.948244824482441 ], [ 110.326357635763571, -6.948019801980203 ] ], [ [ 110.32373237323732, -6.947944794479451 ], [ 110.323807380738074, -6.947869786978694 ], [ 110.323807380738074, -6.947944794479439 ], [ 110.32373237323732, -6.947944794479451 ] ], [ [ 110.323357335733576, -6.948019801980191 ], [ 110.32343234323433, -6.947944794479445 ], [ 110.32343234323433, -6.948019801980192 ], [ 110.323357335733576, -6.948019801980191 ] ], [ [ 110.326357635763571, -6.948319831983203 ], [ 110.326432643264326, -6.948244824482447 ], [ 110.326432643264326, -6.948319831983191 ], [ 110.326357635763571, -6.948319831983203 ] ], [ [ 110.319981998199822, -6.950945094509449 ], [ 110.320057005700576, -6.950870087008709 ], [ 110.320057005700576, -6.950945094509457 ], [ 110.319981998199822, -6.950945094509449 ] ], [ [ 110.319906990699081, -6.951020102010204 ], [ 110.319981998199822, -6.950945094509449 ], [ 110.319981998199822, -6.951020102010205 ], [ 110.319906990699081, -6.951020102010204 ] ], [ [ 110.36363636363636, -6.955220522052207 ], [ 110.363711371137114, -6.955070507050704 ], [ 110.363786378637869, -6.955220522052205 ], [ 110.36363636363636, -6.955220522052207 ] ], [ [ 110.364086408640858, -6.955295529552953 ], [ 110.364161416141613, -6.955145514551451 ], [ 110.364161416141613, -6.955295529552961 ], [ 110.364086408640858, -6.955295529552953 ] ], [ [ 110.364011401140118, -6.955445544554459 ], [ 110.364086408640858, -6.9553705370537 ], [ 110.364086408640858, -6.955445544554449 ], [ 110.364011401140118, -6.955445544554459 ] ], [ [ 110.363711371137114, -6.955595559555948 ], [ 110.363861386138609, -6.95544554455446 ], [ 110.363936393639364, -6.955595559555951 ], [ 110.363711371137114, -6.955595559555948 ] ], [ [ 110.363936393639364, -6.955820582058211 ], [ 110.364011401140118, -6.955745574557456 ], [ 110.364011401140118, -6.95582058205821 ], [ 110.363936393639364, -6.955820582058211 ] ], [ [ 110.366786678667864, -6.956120612061205 ], [ 110.366861686168619, -6.956045604560464 ], [ 110.366861686168619, -6.956120612061206 ], [ 110.366786678667864, -6.956120612061205 ] ], [ [ 110.360111011101111, -6.956195619561962 ], [ 110.360186018601865, -6.956120612061204 ], [ 110.360186018601865, -6.956195619561951 ], [ 110.360111011101111, -6.956195619561962 ] ], [ [ 110.366786678667864, -6.957620762076209 ], [ 110.368211821182115, -6.956720672067203 ], [ 110.368136813681375, -6.957770777077712 ], [ 110.366786678667864, -6.957620762076209 ] ], [ [ 110.368811881188137, -6.956420642064206 ], [ 110.368886888688863, -6.956345634563453 ], [ 110.368886888688863, -6.956420642064214 ], [ 110.368811881188137, -6.956420642064206 ] ], [ [ 110.366861686168619, -6.956645664566457 ], [ 110.366936693669373, -6.956495649564955 ], [ 110.366936693669373, -6.95664566456646 ], [ 110.366861686168619, -6.956645664566457 ] ], [ [ 110.366786678667864, -6.956720672067205 ], [ 110.366861686168619, -6.956645664566457 ], [ 110.366861686168619, -6.956720672067198 ], [ 110.366786678667864, -6.956720672067205 ] ], [ [ 110.362136213621369, -6.956945694569454 ], [ 110.362736273627362, -6.957245724572453 ], [ 110.361911191119106, -6.957470747074713 ], [ 110.362136213621369, -6.956945694569454 ] ], [ [ 110.359960996099616, -6.957245724572461 ], [ 110.360036003600356, -6.957170717071711 ], [ 110.360036003600356, -6.957245724572461 ], [ 110.359960996099616, -6.957245724572461 ] ], [ [ 110.361311131113112, -6.95739573957396 ], [ 110.361686168616856, -6.957245724572451 ], [ 110.361686168616856, -6.95754575457545 ], [ 110.361311131113112, -6.95739573957396 ] ], [ [ 110.35283528352835, -6.957470747074707 ], [ 110.352910291029104, -6.95739573957396 ], [ 110.352910291029104, -6.957470747074714 ], [ 110.35283528352835, -6.957470747074707 ] ], [ [ 110.35276027602761, -6.957545754575451 ], [ 110.35283528352835, -6.957470747074707 ], [ 110.35283528352835, -6.957545754575456 ], [ 110.35276027602761, -6.957545754575451 ] ], [ [ 110.359960996099616, -6.957770777077704 ], [ 110.360036003600356, -6.957470747074705 ], [ 110.360036003600356, -6.957770777077706 ], [ 110.359960996099616, -6.957770777077704 ] ], [ [ 110.352460246024606, -6.957995799579952 ], [ 110.352685268526855, -6.957845784578457 ], [ 110.352685268526855, -6.957920792079204 ], [ 110.352460246024606, -6.957995799579952 ] ], [ [ 110.352385238523851, -6.958070807080701 ], [ 110.352460246024606, -6.957995799579952 ], [ 110.352460246024606, -6.958070807080701 ], [ 110.352385238523851, -6.958070807080701 ] ], [ [ 110.359960996099616, -6.958220822082214 ], [ 110.360036003600356, -6.957995799579951 ], [ 110.360036003600356, -6.958220822082213 ], [ 110.359960996099616, -6.958220822082214 ] ], [ [ 110.352235223522356, -6.958295829582951 ], [ 110.352310231023097, -6.958220822082202 ], [ 110.352310231023097, -6.95829582958296 ], [ 110.352235223522356, -6.958295829582951 ] ], [ [ 110.352160216021602, -6.958370837083713 ], [ 110.352235223522356, -6.958295829582951 ], [ 110.352235223522356, -6.958370837083706 ], [ 110.352160216021602, -6.958370837083713 ] ], [ [ 110.387338733873392, -6.959345934593456 ], [ 110.387413741374132, -6.959270927092703 ], [ 110.387413741374132, -6.959345934593457 ], [ 110.387338733873392, -6.959345934593456 ] ] ] } },
{ "type": "Feature", "properties": { "year": 2037, "layer": "atrisk" }, "geometry": { "type": "Polygon", "coordinates": [ [ [ 110.406090609060911, -6.947494749474947 ], [ 110.403015301530147, -6.947044704470442 ], [ 110.406015601560156, -6.947794779477945 ], [ 110.4063906390639, -6.950495049504954 ], [ 110.404815481548169, -6.952145214521446 ], [ 110.407365736573652, -6.951770177017696 ], [ 110.408115811581169, -6.953345334533442 ], [ 110.407290729072912, -6.953420342034201 ], [ 110.406915691569154, -6.953645364536448 ], [ 110.409165916591661, -6.954620462046197 ], [ 110.409765976597669, -6.956945694569462 ], [ 110.408265826582664, -6.957095709570964 ], [ 110.407815781578151, -6.958370837083716 ], [ 110.400015001500151, -6.958370837083714 ], [ 110.398739873987395, -6.954395439543954 ], [ 110.403840384038403, -6.953945394539451 ], [ 110.402190219021918, -6.955520552055198 ], [ 110.40331533153315, -6.955670567056704 ], [ 110.404065406540653, -6.953870387038702 ], [ 110.405640564056412, -6.953645364536458 ], [ 110.406090609060911, -6.952820282028198 ], [ 110.405865586558662, -6.953495349534958 ], [ 110.407215721572157, -6.953345334533454 ], [ 110.407515751575161, -6.952970297029695 ], [ 110.406165616561651, -6.952145214521447 ], [ 110.40316531653167, -6.953720372037204 ], [ 110.401365136513647, -6.952070207020695 ], [ 110.399189918991908, -6.953645364536447 ], [ 110.398664866486655, -6.951995199519954 ], [ 110.400840084008408, -6.952145214521461 ], [ 110.400540054005418, -6.951170117011704 ], [ 110.396339633963393, -6.948319831983191 ], [ 110.396414641464148, -6.950570057005701 ], [ 110.395289528952901, -6.95064506450645 ], [ 110.398964896489645, -6.959720972097203 ], [ 110.417266726672665, -6.959645964596465 ], [ 110.414266426642669, -6.958370837083708 ], [ 110.415316531653161, -6.956120612061207 ], [ 110.410816081608161, -6.955895589558953 ], [ 110.408940894089412, -6.953495349534949 ], [ 110.410366036603662, -6.953120312031198 ], [ 110.408640864086408, -6.95319531953196 ], [ 110.406090609060911, -6.947494749474947 ] ], [ [ 110.398139813981402, -6.950870087008702 ], [ 110.398289828982897, -6.950570057005706 ], [ 110.398364836483651, -6.951020102010193 ], [ 110.398139813981402, -6.950870087008702 ] ], [ [ 110.397314731473145, -6.951770177017701 ], [ 110.397539753975408, -6.951395139513957 ], [ 110.397389738973899, -6.951770177017704 ], [ 110.397314731473145, -6.951770177017701 ] ], [ [ 110.397764776477644, -6.952295229522956 ], [ 110.398214821482142, -6.951920192019212 ], [ 110.398214821482142, -6.952295229522958 ], [ 110.397764776477644, -6.952295229522956 ] ], [ [ 110.400615061506144, -6.952070207020704 ], [ 110.400690069006899, -6.951995199519952 ], [ 110.400690069006899, -6.952070207020705 ], [ 110.400615061506144, -6.952070207020704 ] ], [ [ 110.398364836483651, -6.953870387038696 ], [ 110.398439843984391, -6.953720372037199 ], [ 110.398439843984391, -6.953870387038704 ], [ 110.398364836483651, -6.953870387038696 ] ], [ [ 110.398514851485146, -6.954095409540958 ], [ 110.3985898589859, -6.954020402040205 ], [ 110.3985898589859, -6.954095409540949 ], [ 110.398514851485146, -6.954095409540958 ] ], [ [ 110.3985898589859, -6.954245424542454 ], [ 110.398664866486655, -6.954095409540952 ], [ 110.398664866486655, -6.95424542454245 ], [ 110.3985898589859, -6.954245424542454 ] ], [ [ 110.398664866486655, -6.954395439543953 ], [ 110.398739873987395, -6.954320432043197 ], [ 110.398739873987395, -6.954395439543954 ], [ 110.398664866486655, -6.954395439543953 ] ], [ [ 110.410066006600658, -6.955970597059715 ], [ 110.411941194119407, -6.956795679567947 ], [ 110.411116111611179, -6.958445844584454 ], [ 110.410516051605157, -6.958370837083703 ], [ 110.410366036603662, -6.958595859585963 ], [ 110.410066006600658, -6.955970597059715 ] ], [ [ 110.412841284128419, -6.956570657065712 ], [ 110.412916291629159, -6.956420642064203 ], [ 110.412916291629159, -6.95657065706571 ], [ 110.412841284128419, -6.956570657065712 ] ], [ [ 110.413141314131408, -6.956795679567949 ], [ 110.413216321632163, -6.956720672067209 ], [ 110.413216321632163, -6.956795679567965 ], [ 110.413141314131408, -6.956795679567949 ] ], [ [ 110.413216321632163, -6.956870687068705 ], [ 110.413366336633658, -6.956795679567953 ], [ 110.413366336633658, -6.956870687068704 ], [ 110.413216321632163, -6.956870687068705 ] ], [ [ 110.412241224122411, -6.957095709570951 ], [ 110.412541254125415, -6.95687068706871 ], [ 110.412541254125415, -6.957095709570957 ], [ 110.412241224122411, -6.957095709570951 ] ], [ [ 110.412616261626169, -6.95739573957396 ], [ 110.412841284128419, -6.957320732073206 ], [ 110.412841284128419, -6.957545754575452 ], [ 110.412616261626169, -6.95739573957396 ] ], [ [ 110.409090909090921, -6.957470747074705 ], [ 110.409165916591661, -6.95739573957396 ], [ 110.409165916591661, -6.957470747074701 ], [ 110.409090909090921, -6.957470747074705 ] ], [ [ 110.411866186618667, -6.957470747074708 ], [ 110.412016201620162, -6.957620762076216 ], [ 110.411866186618667, -6.957620762076209 ], [ 110.411866186618667, -6.957470747074708 ] ], [ [ 110.408865886588657, -6.957545754575454 ], [ 110.408940894089412, -6.957470747074702 ], [ 110.408940894089412, -6.957545754575456 ], [ 110.408865886588657, -6.957545754575454 ] ], [ [ 110.408715871587162, -6.957620762076203 ], [ 110.408790879087903, -6.957545754575457 ], [ 110.408790879087903, -6.957620762076205 ], [ 110.408715871587162, -6.957620762076203 ] ], [ [ 110.412916291629159, -6.95784578457845 ], [ 110.412991299129914, -6.95762076207621 ], [ 110.412991299129914, -6.957845784578457 ], [ 110.412916291629159, -6.95784578457845 ] ], [ [ 110.408790879087903, -6.957845784578452 ], [ 110.409915991599163, -6.958070807080701 ], [ 110.408490849084913, -6.958295829582961 ], [ 110.408790879087903, -6.957845784578452 ] ], [ [ 110.41239123912392, -6.958370837083706 ], [ 110.412841284128419, -6.957920792079213 ], [ 110.413141314131408, -6.958370837083706 ], [ 110.41239123912392, -6.958370837083706 ] ], [ [ 110.412991299129914, -6.957995799579954 ], [ 110.413066306630668, -6.957920792079217 ], [ 110.413066306630668, -6.957995799579962 ], [ 110.412991299129914, -6.957995799579954 ] ], [ [ 110.41239123912392, -6.958070807080711 ], [ 110.41246624662466, -6.95799579957996 ], [ 110.41246624662466, -6.958070807080708 ], [ 110.41239123912392, -6.958070807080711 ] ], [ [ 110.413066306630668, -6.95807080708071 ], [ 110.413141314131408, -6.957995799579961 ], [ 110.413141314131408, -6.958070807080714 ], [ 110.413066306630668, -6.95807080708071 ] ], [ [ 110.412241224122411, -6.958145814581464 ], [ 110.41239123912392, -6.958070807080711 ], [ 110.41239123912392, -6.958145814581453 ], [ 110.412241224122411, -6.958145814581464 ] ], [ [ 110.409465946594679, -6.95852085208521 ], [ 110.409915991599163, -6.958295829582956 ], [ 110.409840984098409, -6.958745874587459 ], [ 110.409465946594679, -6.95852085208521 ] ], [ [ 110.410816081608161, -6.958595859585952 ], [ 110.410966096609656, -6.958595859585958 ], [ 110.410666066606666, -6.958745874587457 ], [ 110.410816081608161, -6.958595859585952 ] ], [ [ 110.408040804080414, -6.958895889588965 ], [ 110.408940894089412, -6.958520852085208 ], [ 110.408940894089412, -6.958895889588961 ], [ 110.408040804080414, -6.958895889588965 ] ], [ [ 110.409090909090921, -6.958895889588951 ], [ 110.409240924092416, -6.958670867086705 ], [ 110.409315931593156, -6.958820882088212 ], [ 110.409090909090921, -6.958895889588951 ] ], [ [ 110.40046504650465, -6.95889588958896 ], [ 110.400540054005418, -6.958745874587458 ], [ 110.400540054005418, -6.95889588958896 ], [ 110.40046504650465, -6.95889588958896 ] ], [ [ 110.402715271527157, -6.959045904590459 ], [ 110.403465346534659, -6.958895889588967 ], [ 110.403465346534659, -6.958970897089715 ], [ 110.402715271527157, -6.959045904590459 ] ], [ [ 110.400540054005418, -6.959195919591962 ], [ 110.400690069006899, -6.959045904590454 ], [ 110.400765076507653, -6.959570957095711 ], [ 110.400540054005418, -6.959195919591962 ] ], [ [ 110.405265526552654, -6.959045904590462 ], [ 110.405490549054903, -6.958895889588951 ], [ 110.405490549054903, -6.958970897089705 ], [ 110.405265526552654, -6.959045904590462 ] ], [ [ 110.402490249024908, -6.959120912091216 ], [ 110.402640264026402, -6.959045904590462 ], [ 110.402640264026402, -6.959120912091216 ], [ 110.402490249024908, -6.959120912091216 ] ], [ [ 110.405190519051899, -6.959270927092707 ], [ 110.405640564056412, -6.959120912091208 ], [ 110.405640564056412, -6.959195919591952 ], [ 110.405190519051899, -6.959270927092707 ] ], [ [ 110.40331533153315, -6.959270927092705 ], [ 110.403465346534659, -6.959195919591967 ], [ 110.403465346534659, -6.959270927092703 ], [ 110.40331533153315, -6.959270927092705 ] ], [ [ 110.415166516651666, -6.959270927092705 ], [ 110.415241524152421, -6.959195919591955 ], [ 110.415241524152421, -6.9592709270927 ], [ 110.415166516651666, -6.959270927092705 ] ], [ [ 110.414191419141915, -6.95942094209421 ], [ 110.414266426642669, -6.959270927092703 ], [ 110.414266426642669, -6.959420942094207 ], [ 110.414191419141915, -6.95942094209421 ] ], [ [ 110.40796579657966, -6.959495949594957 ], [ 110.408040804080414, -6.959345934593458 ], [ 110.408040804080414, -6.959495949594959 ], [ 110.40796579657966, -6.959495949594957 ] ], [ [ 110.408715871587162, -6.959495949594967 ], [ 110.408865886588657, -6.959345934593455 ], [ 110.408940894089412, -6.959495949594965 ], [ 110.408715871587162, -6.959495949594967 ] ], [ [ 110.414266426642669, -6.959495949594953 ], [ 110.414416441644164, -6.959420942094214 ], [ 110.414416441644164, -6.959495949594966 ], [ 110.414266426642669, -6.959495949594953 ] ], [ [ 110.414416441644164, -6.959570957095704 ], [ 110.414491449144919, -6.959495949594961 ], [ 110.414491449144919, -6.959570957095703 ], [ 110.414416441644164, -6.959570957095704 ] ], [ [ 110.401065106510657, -6.959645964596451 ], [ 110.401140114011397, -6.959570957095715 ], [ 110.401140114011397, -6.959645964596461 ], [ 110.401065106510657, -6.959645964596451 ] ], [ [ 110.404515451545151, -6.959645964596461 ], [ 110.404590459045906, -6.959570957095711 ], [ 110.404590459045906, -6.959645964596462 ], [ 110.404515451545151, -6.959645964596461 ] ], [ [ 110.414491449144919, -6.959645964596461 ], [ 110.414641464146413, -6.959570957095712 ], [ 110.414641464146413, -6.959645964596461 ], [ 110.414491449144919, -6.959645964596461 ] ] ] } }
]
}
