{
"type": "FeatureCollection",
"name": "atrisk_2041",
"crs": { "type": "name", "properties": { "name": "urn:ogc:def:crs:OGC:1.3:CRS84" } },
"features": [
{ "type": "Feature", "properties": { "year": 2041, "layer": "atrisk" }, "geometry": { "type": "Polygon", "coordinates": [ [ [ 110.576882688268824, -6.75 ], [ 110.572757275727568, -6.750600060005993 ], [ 110.576882688268824, -6.750075007500751 ], [ 110.576882688268824, -6.75 ] ] ] } },
{ "type": "Feature", "properties": { "year": 2041, "layer": "atrisk" }, "geometry": { "type": "Polygon", "coordinates": [ [ [ 110.539978997899794, -6.750825082508252 ], [ 110.539078907890783, -6.750600060005994 ], [ 110.540279027902784, -6.751575157515758 ], [ 110.539978997899794, -6.750825082508252 ] ] ] } },
{ "type": "Feature", "properties": { "year": 2041, "layer": "atrisk" }, "geometry": { "type": "Polygon", "coordinates": [ [ [ 110.583858385838596, -6.750900090009003 ], [ 110.58288328832883, -6.751050105010504 ], [ 110.582733273327335, -6.752025202520253 ], [ 110.583258325832588, -6.752025202520247 ], [ 110.583858385838596, -6.750900090009003 ] ] ] } },
{ "type": "Feature", "properties": { "year": 2041, "layer": "atrisk" }, "geometry": { "type": "Polygon", "coordinates": [ [ [ 110.563981398139816, -6.75 ], [ 110.567131713171321, -6.752325232523245 ], [ 110.571707170717076, -6.750225022502258 ], [ 110.571707170717076, -6.75 ], [ 110.563981398139816, -6.75 ] ] ] } },
{ "type": "Feature", "properties": { "year": 2041, "layer": "atrisk" }, "geometry": { "type": "Polygon", "coordinates": [ [ [ 110.584458445844589, -6.752100210020992 ], [ 110.583633363336332, -6.752850285028502 ], [ 110.583408340834083, -6.753750375037506 ], [ 110.58453345334533, -6.753525352535251 ], [ 110.584458445844589, -6.752100210020992 ] ] ] } },
{ "type": "Feature", "properties": { "year": 2041, "layer": "atrisk" }, "geometry": { "type": "Polygon", "coordinates": [ [ [ 110.580483048304828, -6.752625262526246 ], [ 110.57815781578158, -6.75292529252925 ], [ 110.577782778277822, -6.753825382538252 ], [ 110.581008100810081, -6.753900390038996 ], [ 110.580483048304828, -6.752625262526246 ] ] ] } },
{ "type": "Feature", "properties": { "year": 2041, "layer": "atrisk" }, "geometry": { "type": "Polygon", "coordinates": [ [ [ 110.571707170717076, -6.753300330032997 ], [ 110.570807080708065, -6.754200420042011 ], [ 110.571707170717076, -6.754125412541254 ], [ 110.571707170717076, -6.753300330032997 ] ] ] } },
{ "type": "Feature", "properties": { "year": 2041, "layer": "atrisk" }, "geometry": { "type": "Polygon", "coordinates": [ [ [ 110.583258325832588, -6.752625262526252 ], [ 110.582058205820587, -6.752400240023996 ], [ 110.582358235823577, -6.754275427542747 ], [ 110.583258325832588, -6.752625262526252 ] ] ] } },
{ "type": "Feature", "properties": { "year": 2041, "layer": "atrisk" }, "geometry": { "type": "Polygon", "coordinates": [ [ [ 110.568781878187821, -6.753300330033001 ], [ 110.568406840684062, -6.754425442544254 ], [ 110.569531953195323, -6.75465046504651 ], [ 110.569681968196818, -6.753975397539754 ], [ 110.568781878187821, -6.753300330033001 ] ] ] } },
{ "type": "Feature", "properties": { "year": 2041, "layer": "atrisk" }, "geometry": { "type": "Polygon", "coordinates": [ [ [ 110.541104110411041, -6.75 ], [ 110.545829582958291, -6.75592559255925 ], [ 110.547479747974791, -6.755700570057004 ], [ 110.543429342934289, -6.75 ], [ 110.541104110411041, -6.75 ] ] ] } },
{ "type": "Feature", "properties": { "year": 2041, "layer": "atrisk" }, "geometry": { "type": "Polygon", "coordinates": [ [ [ 110.549279927992799, -6.755775577557748 ], [ 110.548829882988301, -6.75652565256525 ], [ 110.549429942994294, -6.756675667566756 ], [ 110.549279927992799, -6.755775577557748 ] ] ] } },
{ "type": "Feature", "properties": { "year": 2041, "layer": "atrisk" }, "geometry": { "type": "Polygon", "coordinates": [ [ [ 110.571407140714072, -6.756525652565255 ], [ 110.569981998199836, -6.757425742574261 ], [ 110.570057005700576, -6.758775877587755 ], [ 110.571407140714072, -6.757725772577253 ], [ 110.571407140714072, -6.756525652565255 ] ] ] } },
{ "type": "Feature", "properties": { "year": 2041, "layer": "atrisk" }, "geometry": { "type": "Polygon", "coordinates": [ [ [ 110.547329732973296, -6.759000900090014 ], [ 110.546354635463544, -6.759825982598256 ], [ 110.546654665466548, -6.760126012601257 ], [ 110.547329732973296, -6.759000900090014 ] ] ] } },
{ "type": "Feature", "properties": { "year": 2041, "layer": "atrisk" }, "geometry": { "type": "Polygon", "coordinates": [ [ [ 110.577407740774078, -6.759675967596759 ], [ 110.577857785778576, -6.761251125112519 ], [ 110.578457845784584, -6.761401140114007 ], [ 110.578607860786079, -6.759900990099002 ], [ 110.577407740774078, -6.759675967596759 ] ] ] } },
{ "type": "Feature", "properties": { "year": 2041, "layer": "atrisk" }, "geometry": { "type": "Polygon", "coordinates": [ [ [ 110.566681668166822, -6.759225922592264 ], [ 110.565631563156316, -6.759975997599761 ], [ 110.566231623162309, -6.761626162616259 ], [ 110.567206720672061, -6.760426042604259 ], [ 110.566681668166822, -6.759225922592264 ] ] ] } },
{ "type": "Feature", "properties": { "year": 2041, "layer": "atrisk" }, "geometry": { "type": "Polygon", "coordinates": [ [ [ 110.555955595559553, -6.761101110111017 ], [ 110.554830483048306, -6.762376237623768 ], [ 110.555655565556549, -6.762526252625259 ], [ 110.555955595559553, -6.761101110111017 ] ] ] } },
{ "type": "Feature", "properties": { "year": 2041, "layer": "atrisk" }, "geometry": { "type": "Polygon", "coordinates": [ [ [ 110.58423342334234, -6.754275427542751 ], [ 110.583408340834083, -6.754350435043498 ], [ 110.582958295829584, -6.75787578757876 ], [ 110.581983198319833, -6.757725772577256 ], [ 110.582508250825086, -6.759000900090015 ], [ 110.581608160816089, -6.757575757575766 ], [ 110.57515751575157, -6.757200720072009 ], [ 110.574782478247826, -6.755550555055503 ], [ 110.572907290729077, -6.755850585058509 ], [ 110.572157215721575, -6.756525652565251 ], [ 110.572907290729077, -6.757275727572764 ], [ 110.57373237323732, -6.756075607560754 ], [ 110.57515751575157, -6.757500750075008 ], [ 110.574107410741078, -6.759975997599752 ], [ 110.577632763276327, -6.759075907590758 ], [ 110.582283228322837, -6.760426042604268 ], [ 110.583783378337827, -6.761551155115518 ], [ 110.583183318331834, -6.763426342634266 ], [ 110.583633363336332, -6.763726372637266 ], [ 110.58423342334234, -6.763201320132019 ], [ 110.58423342334234, -6.754275427542751 ] ], [ [ 110.583633363336332, -6.754650465046508 ], [ 110.583708370837087, -6.754575457545758 ], [ 110.583708370837087, -6.754650465046502 ], [ 110.583633363336332, -6.754650465046508 ] ] ] } },
{ "type": "Feature", "properties": { "year": 2041, "layer": "atrisk" }, "geometry": { "type": "Polygon", "coordinates": [ [ [ 110.569531953195323, -6.763726372637266 ], [ 110.568931893189315, -6.763126312631268 ], [ 110.566381638163818, -6.763501350135004 ], [ 110.569531953195323, -6.763726372637266 ] ] ] } },
{ "type": "Feature", "properties": { "year": 2041, "layer": "atrisk" }, "geometry": { "type": "Polygon", "coordinates": [ [ [ 110.441419141914196, -6.937893789378932 ], [ 110.439468946894692, -6.938943894389444 ], [ 110.443894389438938, -6.938943894389443 ], [ 110.442769276927692, -6.938868886888697 ], [ 110.441419141914196, -6.937893789378932 ] ] ] } },
{ "type": "Feature", "properties": { "year": 2041, "layer": "atrisk" }, "geometry": { "type": "Polygon", "coordinates": [ [ [ 110.576357635763571, -6.759825982598251 ], [ 110.572307230723084, -6.761626162616257 ], [ 110.574857485748581, -6.761251125112516 ], [ 110.575532553255329, -6.762751275127518 ], [ 110.572982298229817, -6.763051305130521 ], [ 110.570732073207324, -6.763951395139512 ], [ 110.570582058205815, -6.764251425142512 ], [ 110.575607560756069, -6.764326432643267 ], [ 110.575457545754574, -6.769951995199527 ], [ 110.576882688268824, -6.770702070207025 ], [ 110.576057605760582, -6.769051905190517 ], [ 110.577482748274832, -6.767626762676272 ], [ 110.578082808280826, -6.770552055205527 ], [ 110.575532553255329, -6.771452145214529 ], [ 110.575457545754574, -6.770402040204012 ], [ 110.575232523252325, -6.773477347734771 ], [ 110.572982298229817, -6.77475247524752 ], [ 110.569456945694569, -6.775202520252023 ], [ 110.568331833183322, -6.775952595259531 ], [ 110.56593159315932, -6.784428442844288 ], [ 110.565706570657085, -6.787203720372032 ], [ 110.566981698169812, -6.788178817881795 ], [ 110.565331533153312, -6.78795379537953 ], [ 110.562631263126306, -6.793054305430537 ], [ 110.563081308130833, -6.795154515451542 ], [ 110.563756375637567, -6.795304530453047 ], [ 110.565106510651063, -6.796054605460554 ], [ 110.567281728172816, -6.792679267926785 ], [ 110.565406540654067, -6.796054605460551 ], [ 110.569306930693074, -6.795379537953802 ], [ 110.569681968196818, -6.79822982298229 ], [ 110.567881788178823, -6.79785478547855 ], [ 110.567806780678069, -6.798454845484547 ], [ 110.567356735673584, -6.797779777977794 ], [ 110.565481548154821, -6.797404740474051 ], [ 110.565481548154821, -6.797104710471052 ], [ 110.565031503150323, -6.796804680468052 ], [ 110.566381638163818, -6.797404740474042 ], [ 110.567956795679564, -6.79732973297329 ], [ 110.567881788178823, -6.797104710471057 ], [ 110.561956195619558, -6.794929492949292 ], [ 110.559555955595556, -6.798154815481547 ], [ 110.55985598559856, -6.800330033003299 ], [ 110.560981098109806, -6.799504950495039 ], [ 110.560231023102304, -6.801830183018302 ], [ 110.562106210621067, -6.800855085508546 ], [ 110.561731173117323, -6.8018301830183 ], [ 110.562781278127815, -6.802355235523558 ], [ 110.563906390639062, -6.802130213021296 ], [ 110.563606360636058, -6.80265526552656 ], [ 110.563681368136812, -6.803030303030304 ], [ 110.564356435643575, -6.803405340534058 ], [ 110.564731473147319, -6.802880288028796 ], [ 110.564656465646564, -6.8033303330333 ], [ 110.565031503150323, -6.803705370537063 ], [ 110.566156615661569, -6.804155415541557 ], [ 110.56593159315932, -6.804305430543052 ], [ 110.566681668166822, -6.805430543054299 ], [ 110.567356735673584, -6.804530453045301 ], [ 110.567356735673584, -6.804980498049811 ], [ 110.568106810681073, -6.805805580558056 ], [ 110.569831983198327, -6.806930693069298 ], [ 110.569756975697572, -6.80730573057305 ], [ 110.560231023102304, -6.801980198019796 ], [ 110.560081008100823, -6.803705370537059 ], [ 110.556705670567055, -6.805880588058803 ], [ 110.554230423042299, -6.809030903090314 ], [ 110.557230723072308, -6.811806180618058 ], [ 110.556480648064806, -6.812031203120309 ], [ 110.551755175517556, -6.808280828082801 ], [ 110.551080108010808, -6.808430843084302 ], [ 110.549504950495063, -6.811281128112816 ], [ 110.551305130513057, -6.809630963096315 ], [ 110.552205220522055, -6.809180918091815 ], [ 110.552280228022809, -6.809330933093312 ], [ 110.551080108010808, -6.81038103810382 ], [ 110.549204920492045, -6.812931293129317 ], [ 110.549279927992799, -6.818331833183313 ], [ 110.546204620462063, -6.821332133213324 ], [ 110.544029402940296, -6.819906990699073 ], [ 110.542454245424537, -6.820657065706573 ], [ 110.537353735373543, -6.827182718271833 ], [ 110.530303030303031, -6.831983198319834 ], [ 110.532253225322535, -6.834458445844593 ], [ 110.529702970297024, -6.832283228322833 ], [ 110.520327032703264, -6.834683468346832 ], [ 110.521002100210026, -6.837008700870084 ], [ 110.527902790279029, -6.840534053405345 ], [ 110.528127812781278, -6.847509750975099 ], [ 110.521827182718269, -6.848859885988604 ], [ 110.525052505250528, -6.850210021002094 ], [ 110.525952595259525, -6.848259825982594 ], [ 110.528952895289535, -6.848034803480349 ], [ 110.529552955295529, -6.846834683468344 ], [ 110.52910291029103, -6.846234623462347 ], [ 110.529777977797778, -6.846234623462342 ], [ 110.529627962796283, -6.847584758475849 ], [ 110.526477647764779, -6.850885088508845 ], [ 110.523552355235523, -6.850585058505852 ], [ 110.52160216021602, -6.85133513351335 ], [ 110.522202220222027, -6.849759975997596 ], [ 110.521077107710781, -6.849684968496851 ], [ 110.519201920192017, -6.855085508550848 ], [ 110.520552055205528, -6.855760576057612 ], [ 110.51852685268527, -6.857110711071104 ], [ 110.518451845184529, -6.855010501050103 ], [ 110.51522652265227, -6.85913591359135 ], [ 110.516051605160513, -6.86063606360636 ], [ 110.515901590159018, -6.859885988598856 ], [ 110.517476747674763, -6.858835883588363 ], [ 110.516351635163517, -6.860411041104118 ], [ 110.519351935193512, -6.861836183618368 ], [ 110.508700870087011, -6.880063006300624 ], [ 110.478997899789974, -6.918241824182414 ], [ 110.47562256225622, -6.920942094209425 ], [ 110.475847584758469, -6.924392439243932 ], [ 110.470672067206721, -6.925292529252926 ], [ 110.467671767176711, -6.928292829282924 ], [ 110.467521752175216, -6.930393039303931 ], [ 110.46482148214821, -6.929717971797172 ], [ 110.461221122112207, -6.932418241824185 ], [ 110.46009600960096, -6.931818181818182 ], [ 110.459870987098711, -6.933318331833183 ], [ 110.458820882088204, -6.932343234323429 ], [ 110.456870687068701, -6.935343534353427 ], [ 110.452970297029708, -6.936318631863181 ], [ 110.452145214521451, -6.935043504350432 ], [ 110.449369936993705, -6.936918691869188 ], [ 110.448394839483953, -6.935418541854187 ], [ 110.444419441944191, -6.938943894389443 ], [ 110.460996099609957, -6.938943894389444 ], [ 110.461296129612975, -6.937443744374435 ], [ 110.462796279627966, -6.938943894389438 ], [ 110.462346234623467, -6.936768676867692 ], [ 110.465046504650459, -6.938943894389444 ], [ 110.465946594659485, -6.938868886888685 ], [ 110.464596459645975, -6.937068706870681 ], [ 110.466846684668468, -6.938943894389434 ], [ 110.482073207320738, -6.938493849384936 ], [ 110.490474047404746, -6.935193519351929 ], [ 110.496399639963997, -6.929792979297926 ], [ 110.501050105010506, -6.919141914191428 ], [ 110.50142514251425, -6.896939693969404 ], [ 110.508325832583253, -6.894989498949901 ], [ 110.51357635763577, -6.891764176417639 ], [ 110.520777077707791, -6.881488148814877 ], [ 110.522202220222027, -6.873912391239132 ], [ 110.522202220222027, -6.85523552355235 ], [ 110.530228022802277, -6.852760276027608 ], [ 110.536453645364531, -6.84803480348035 ], [ 110.540804080408037, -6.841584158415835 ], [ 110.539828982898285, -6.840009000900091 ], [ 110.541104110411041, -6.84083408340834 ], [ 110.542754275427541, -6.834383438343829 ], [ 110.547329732973296, -6.833408340834082 ], [ 110.545154515451543, -6.83160816081608 ], [ 110.545829582958291, -6.830558055805582 ], [ 110.545604560456042, -6.831683168316826 ], [ 110.547479747974791, -6.833258325832582 ], [ 110.551305130513057, -6.831683168316837 ], [ 110.548529852985297, -6.82823282328232 ], [ 110.550930093009299, -6.829507950795082 ], [ 110.55370537053706, -6.830183018301824 ], [ 110.549579957995803, -6.828232823282323 ], [ 110.554680468046811, -6.829507950795079 ], [ 110.558355835583555, -6.825907590759074 ], [ 110.562706270627075, -6.817506750675068 ], [ 110.556930693069305, -6.811956195619564 ], [ 110.563156315631559, -6.816006600660062 ], [ 110.563531353135318, -6.81345634563457 ], [ 110.570657065706584, -6.811506150615057 ], [ 110.575907590759073, -6.808280828082799 ], [ 110.582358235823577, -6.799879987998802 ], [ 110.583858385838596, -6.795454545454543 ], [ 110.584458445844589, -6.791779177917794 ], [ 110.582058205820587, -6.790279027902787 ], [ 110.581533153315334, -6.793654365436537 ], [ 110.581533153315334, -6.789903990399039 ], [ 110.578832883288328, -6.788628862886285 ], [ 110.582358235823577, -6.789678967896789 ], [ 110.584458445844589, -6.791479147914792 ], [ 110.584683468346839, -6.771152115211522 ], [ 110.581908190819078, -6.770627062706267 ], [ 110.583033303330339, -6.766501650165009 ], [ 110.581908190819078, -6.767326732673271 ], [ 110.582133213321328, -6.764476447644761 ], [ 110.57980798079808, -6.763951395139505 ], [ 110.583858385838596, -6.764851485148519 ], [ 110.58423342334234, -6.764101410141012 ], [ 110.581008100810081, -6.762526252625267 ], [ 110.576132613261322, -6.762901290129007 ], [ 110.576357635763571, -6.759825982598251 ] ], [ [ 110.576957695769579, -6.764851485148512 ], [ 110.577782778277822, -6.765001500150023 ], [ 110.577032703270334, -6.765826582658264 ], [ 110.576957695769579, -6.764851485148512 ] ], [ [ 110.570357035703566, -6.775277527752782 ], [ 110.570582058205815, -6.775127512751276 ], [ 110.570582058205815, -6.775277527752783 ], [ 110.570357035703566, -6.775277527752782 ] ], [ [ 110.571107110711068, -6.775277527752773 ], [ 110.571182118211823, -6.775202520252019 ], [ 110.571182118211823, -6.775277527752769 ], [ 110.571107110711068, -6.775277527752773 ] ], [ [ 110.569756975697572, -6.775877587758781 ], [ 110.570132013201317, -6.775577557755772 ], [ 110.570132013201317, -6.77580258025802 ], [ 110.569756975697572, -6.775877587758781 ] ], [ [ 110.569606960696063, -6.775727572757273 ], [ 110.569681968196818, -6.775577557755778 ], [ 110.569681968196818, -6.775727572757273 ], [ 110.569606960696063, -6.775727572757273 ] ], [ [ 110.568931893189315, -6.776027602760282 ], [ 110.569081908190824, -6.775652565256532 ], [ 110.569006900690084, -6.776027602760269 ], [ 110.568931893189315, -6.776027602760282 ] ], [ [ 110.569231923192319, -6.775877587758786 ], [ 110.569381938193814, -6.77617761776177 ], [ 110.569231923192319, -6.776177617761784 ], [ 110.569231923192319, -6.775877587758786 ] ], [ [ 110.568706870687066, -6.775877587758782 ], [ 110.568781878187821, -6.775802580258024 ], [ 110.568781878187821, -6.775877587758775 ], [ 110.568706870687066, -6.775877587758782 ] ], [ [ 110.568631863186312, -6.776252625262527 ], [ 110.568781878187821, -6.776402640264031 ], [ 110.568631863186312, -6.776552655265528 ], [ 110.568631863186312, -6.776252625262527 ] ], [ [ 110.569756975697572, -6.776252625262519 ], [ 110.569831983198327, -6.776102610261017 ], [ 110.569831983198327, -6.776252625262519 ], [ 110.569756975697572, -6.776252625262519 ] ], [ [ 110.570657065706584, -6.776552655265534 ], [ 110.571032103210328, -6.776252625262534 ], [ 110.570882088208819, -6.77662766276628 ], [ 110.570657065706584, -6.776552655265534 ] ], [ [ 110.578457845784584, -6.776177617761778 ], [ 110.583333333333329, -6.778202820282023 ], [ 110.584458445844589, -6.780078007800785 ], [ 110.580933093309326, -6.779402940294033 ], [ 110.578457845784584, -6.776177617761778 ] ], [ [ 110.568931893189315, -6.776327632763272 ], [ 110.569081908190824, -6.776477647764779 ], [ 110.568931893189315, -6.776627662766278 ], [ 110.568931893189315, -6.776327632763272 ] ], [ [ 110.570357035703566, -6.776402640264034 ], [ 110.570507050705075, -6.776477647764779 ], [ 110.570357035703566, -6.776552655265521 ], [ 110.570357035703566, -6.776402640264034 ] ], [ [ 110.569156915691565, -6.776702670267026 ], [ 110.569231923192319, -6.776402640264023 ], [ 110.569231923192319, -6.776702670267025 ], [ 110.569156915691565, -6.776702670267026 ] ], [ [ 110.569681968196818, -6.776477647764777 ], [ 110.569756975697572, -6.776402640264036 ], [ 110.569756975697572, -6.776477647764777 ], [ 110.569681968196818, -6.776477647764777 ] ], [ [ 110.570357035703566, -6.776777677767772 ], [ 110.570507050705075, -6.776927692769283 ], [ 110.570282028202826, -6.777077707770784 ], [ 110.570357035703566, -6.776777677767772 ] ], [ [ 110.570207020702071, -6.776927692769282 ], [ 110.570282028202826, -6.776777677767767 ], [ 110.570282028202826, -6.776927692769271 ], [ 110.570207020702071, -6.776927692769282 ] ], [ [ 110.570582058205815, -6.776927692769271 ], [ 110.570657065706584, -6.776777677767784 ], [ 110.570657065706584, -6.776927692769282 ], [ 110.570582058205815, -6.776927692769271 ] ], [ [ 110.570132013201317, -6.777077707770777 ], [ 110.570207020702071, -6.776927692769282 ], [ 110.570207020702071, -6.777077707770785 ], [ 110.570132013201317, -6.777077707770777 ] ], [ [ 110.570507050705075, -6.777152715271534 ], [ 110.570582058205815, -6.777077707770784 ], [ 110.570582058205815, -6.777152715271525 ], [ 110.570507050705075, -6.777152715271534 ] ], [ [ 110.569981998199836, -6.777602760276022 ], [ 110.570357035703566, -6.777377737773786 ], [ 110.570207020702071, -6.777752775277525 ], [ 110.569981998199836, -6.777602760276022 ] ], [ [ 110.570657065706584, -6.77752775277528 ], [ 110.570882088208819, -6.777452745274535 ], [ 110.570807080708065, -6.777602760276035 ], [ 110.570657065706584, -6.77752775277528 ] ], [ [ 110.57043204320432, -6.777602760276035 ], [ 110.570582058205815, -6.777752775277532 ], [ 110.57043204320432, -6.777827782778275 ], [ 110.57043204320432, -6.777602760276035 ] ], [ [ 110.568931893189315, -6.777827782778282 ], [ 110.569006900690084, -6.777752775277528 ], [ 110.569006900690084, -6.777827782778283 ], [ 110.568931893189315, -6.777827782778282 ] ], [ [ 110.569081908190824, -6.777902790279034 ], [ 110.569231923192319, -6.77805280528053 ], [ 110.569081908190824, -6.778202820282033 ], [ 110.569081908190824, -6.777902790279034 ] ], [ [ 110.569606960696063, -6.777902790279024 ], [ 110.569681968196818, -6.777827782778273 ], [ 110.569681968196818, -6.777902790279032 ], [ 110.569606960696063, -6.777902790279024 ] ], [ [ 110.570357035703566, -6.777977797779783 ], [ 110.57043204320432, -6.777827782778275 ], [ 110.57043204320432, -6.777977797779783 ], [ 110.570357035703566, -6.777977797779783 ] ], [ [ 110.569231923192319, -6.778277827782786 ], [ 110.569681968196818, -6.77797779777978 ], [ 110.569681968196818, -6.778127812781276 ], [ 110.569231923192319, -6.778277827782786 ] ], [ [ 110.569756975697572, -6.778052805280524 ], [ 110.569831983198327, -6.777902790279032 ], [ 110.569831983198327, -6.778052805280522 ], [ 110.569756975697572, -6.778052805280524 ] ], [ [ 110.568781878187821, -6.778052805280527 ], [ 110.568931893189315, -6.777977797779781 ], [ 110.568931893189315, -6.778052805280522 ], [ 110.568781878187821, -6.778052805280527 ] ], [ [ 110.570132013201317, -6.778052805280524 ], [ 110.570207020702071, -6.777977797779784 ], [ 110.570207020702071, -6.778052805280534 ], [ 110.570132013201317, -6.778052805280524 ] ], [ [ 110.569831983198327, -6.778127812781277 ], [ 110.570057005700576, -6.778127812781279 ], [ 110.569831983198327, -6.778352835283526 ], [ 110.569831983198327, -6.778127812781277 ] ], [ [ 110.568781878187821, -6.778352835283531 ], [ 110.568856885688575, -6.778127812781278 ], [ 110.568856885688575, -6.778352835283528 ], [ 110.568781878187821, -6.778352835283531 ] ], [ [ 110.570057005700576, -6.778277827782771 ], [ 110.570132013201317, -6.778127812781281 ], [ 110.570132013201317, -6.778277827782782 ], [ 110.570057005700576, -6.778277827782771 ] ], [ [ 110.570207020702071, -6.778352835283521 ], [ 110.570357035703566, -6.778127812781271 ], [ 110.570282028202826, -6.778352835283526 ], [ 110.570207020702071, -6.778352835283521 ] ], [ [ 110.569006900690084, -6.778427842784274 ], [ 110.569081908190824, -6.778202820282033 ], [ 110.569081908190824, -6.77842784278427 ], [ 110.569006900690084, -6.778427842784274 ] ], [ [ 110.57043204320432, -6.778277827782786 ], [ 110.570582058205815, -6.778202820282024 ], [ 110.570582058205815, -6.778277827782773 ], [ 110.57043204320432, -6.778277827782786 ] ], [ [ 110.570357035703566, -6.778427842784271 ], [ 110.57043204320432, -6.778277827782786 ], [ 110.570507050705075, -6.77842784278428 ], [ 110.570357035703566, -6.778427842784271 ] ], [ [ 110.568331833183322, -6.778952895289534 ], [ 110.568781878187821, -6.778352835283531 ], [ 110.568706870687066, -6.778877887788775 ], [ 110.568331833183322, -6.778952895289534 ] ], [ [ 110.568781878187821, -6.778802880288032 ], [ 110.569006900690084, -6.778652865286536 ], [ 110.568781878187821, -6.779027902790279 ], [ 110.568781878187821, -6.778802880288032 ] ], [ [ 110.568706870687066, -6.780678067806789 ], [ 110.569681968196818, -6.779027902790279 ], [ 110.568556855685571, -6.781353135313529 ], [ 110.568706870687066, -6.780678067806789 ] ], [ [ 110.570357035703566, -6.778652865286538 ], [ 110.57043204320432, -6.778502850285021 ], [ 110.57043204320432, -6.778652865286535 ], [ 110.570357035703566, -6.778652865286538 ] ], [ [ 110.570282028202826, -6.778727872787275 ], [ 110.570357035703566, -6.778652865286538 ], [ 110.570357035703566, -6.778727872787282 ], [ 110.570282028202826, -6.778727872787275 ] ], [ [ 110.569006900690084, -6.778877887788786 ], [ 110.569081908190824, -6.778802880288033 ], [ 110.569081908190824, -6.778877887788772 ], [ 110.569006900690084, -6.778877887788786 ] ], [ [ 110.568706870687066, -6.779102910291027 ], [ 110.568781878187821, -6.779027902790279 ], [ 110.568781878187821, -6.779102910291023 ], [ 110.568706870687066, -6.779102910291027 ] ], [ [ 110.568931893189315, -6.779102910291029 ], [ 110.569006900690084, -6.779027902790282 ], [ 110.569006900690084, -6.779102910291021 ], [ 110.568931893189315, -6.779102910291029 ] ], [ [ 110.569981998199836, -6.779402940294032 ], [ 110.570057005700576, -6.779252925292536 ], [ 110.570057005700576, -6.779402940294022 ], [ 110.569981998199836, -6.779402940294032 ] ], [ [ 110.569906990699067, -6.779552955295537 ], [ 110.569981998199836, -6.779402940294032 ], [ 110.569981998199836, -6.779552955295533 ], [ 110.569906990699067, -6.779552955295537 ] ], [ [ 110.569831983198327, -6.779702970297029 ], [ 110.569906990699067, -6.779627962796274 ], [ 110.569906990699067, -6.779702970297032 ], [ 110.569831983198327, -6.779702970297029 ] ], [ [ 110.569756975697572, -6.779852985298526 ], [ 110.569831983198327, -6.779777977797782 ], [ 110.569831983198327, -6.779852985298522 ], [ 110.569756975697572, -6.779852985298526 ] ], [ [ 110.569681968196818, -6.780003000300031 ], [ 110.569756975697572, -6.779927992799279 ], [ 110.569756975697572, -6.780003000300034 ], [ 110.569681968196818, -6.780003000300031 ] ], [ [ 110.569531953195323, -6.780378037803776 ], [ 110.569606960696063, -6.780228022802284 ], [ 110.569606960696063, -6.780378037803778 ], [ 110.569531953195323, -6.780378037803776 ] ], [ [ 110.568931893189315, -6.780903090309026 ], [ 110.569456945694569, -6.780903090309032 ], [ 110.568931893189315, -6.781503150315027 ], [ 110.568931893189315, -6.780903090309026 ] ], [ [ 110.568481848184817, -6.781503150315038 ], [ 110.568556855685571, -6.781353135313529 ], [ 110.568556855685571, -6.78150315031503 ], [ 110.568481848184817, -6.781503150315038 ] ], [ [ 110.568031803180318, -6.78180318031803 ], [ 110.568481848184817, -6.781503150315038 ], [ 110.568631863186312, -6.782028202820287 ], [ 110.568031803180318, -6.78180318031803 ] ], [ [ 110.567956795679564, -6.781728172817276 ], [ 110.568031803180318, -6.781653165316526 ], [ 110.568031803180318, -6.781728172817283 ], [ 110.567956795679564, -6.781728172817276 ] ], [ [ 110.568631863186312, -6.781728172817282 ], [ 110.568706870687066, -6.781653165316536 ], [ 110.568706870687066, -6.781728172817289 ], [ 110.568631863186312, -6.781728172817282 ] ], [ [ 110.574857485748581, -6.781728172817287 ], [ 110.575007500750075, -6.781653165316526 ], [ 110.575007500750075, -6.781728172817282 ], [ 110.574857485748581, -6.781728172817287 ] ], [ [ 110.57515751575157, -6.781878187818789 ], [ 110.575232523252325, -6.78180318031804 ], [ 110.575232523252325, -6.781878187818787 ], [ 110.57515751575157, -6.781878187818789 ] ], [ [ 110.568031803180318, -6.782103210321027 ], [ 110.568256825682568, -6.782028202820287 ], [ 110.568256825682568, -6.782178217821783 ], [ 110.568031803180318, -6.782103210321027 ] ], [ [ 110.568631863186312, -6.782028202820287 ], [ 110.572157215721575, -6.783378337833779 ], [ 110.573357335733576, -6.785028502850292 ], [ 110.572382238223824, -6.783903390339034 ], [ 110.568631863186312, -6.782028202820287 ] ], [ [ 110.574332433243328, -6.782853285328528 ], [ 110.575007500750075, -6.782403240324031 ], [ 110.574032403240324, -6.783453345334527 ], [ 110.574332433243328, -6.782853285328528 ] ], [ [ 110.574557455745577, -6.782178217821781 ], [ 110.574632463246346, -6.782103210321027 ], [ 110.574632463246346, -6.782178217821788 ], [ 110.574557455745577, -6.782178217821781 ] ], [ [ 110.568331833183322, -6.782253225322534 ], [ 110.568406840684062, -6.782178217821789 ], [ 110.568406840684062, -6.782253225322536 ], [ 110.568331833183322, -6.782253225322534 ] ], [ [ 110.568031803180318, -6.782478247824779 ], [ 110.568256825682568, -6.782403240324028 ], [ 110.568031803180318, -6.782628262826281 ], [ 110.568031803180318, -6.782478247824779 ] ], [ [ 110.568631863186312, -6.782403240324028 ], [ 110.568856885688575, -6.782328232823279 ], [ 110.568856885688575, -6.782478247824788 ], [ 110.568631863186312, -6.782403240324028 ] ], [ [ 110.574557455745577, -6.782328232823278 ], [ 110.574632463246346, -6.782253225322539 ], [ 110.574632463246346, -6.78232823282328 ], [ 110.574557455745577, -6.782328232823278 ] ], [ [ 110.574482448244822, -6.782403240324026 ], [ 110.574557455745577, -6.782328232823278 ], [ 110.574557455745577, -6.782403240324035 ], [ 110.574482448244822, -6.782403240324026 ] ], [ [ 110.569006900690084, -6.782553255325533 ], [ 110.569231923192319, -6.782478247824786 ], [ 110.569231923192319, -6.782553255325523 ], [ 110.569006900690084, -6.782553255325533 ] ], [ [ 110.574257425742573, -6.782553255325526 ], [ 110.574482448244822, -6.782553255325529 ], [ 110.574182418241818, -6.782853285328527 ], [ 110.574257425742573, -6.782553255325526 ] ], [ [ 110.569231923192319, -6.782628262826288 ], [ 110.569456945694569, -6.782553255325537 ], [ 110.569456945694569, -6.782628262826277 ], [ 110.569231923192319, -6.782628262826288 ] ], [ [ 110.567956795679564, -6.782778277827778 ], [ 110.568031803180318, -6.782628262826281 ], [ 110.568031803180318, -6.782778277827785 ], [ 110.567956795679564, -6.782778277827778 ] ], [ [ 110.569456945694569, -6.782703270327038 ], [ 110.569606960696063, -6.78262826282628 ], [ 110.569606960696063, -6.782703270327035 ], [ 110.569456945694569, -6.782703270327038 ] ], [ [ 110.570807080708065, -6.782853285328523 ], [ 110.570882088208819, -6.782778277827788 ], [ 110.570882088208819, -6.782853285328526 ], [ 110.570807080708065, -6.782853285328523 ] ], [ [ 110.574107410741078, -6.782928292829284 ], [ 110.574182418241818, -6.782853285328527 ], [ 110.574182418241818, -6.782928292829277 ], [ 110.574107410741078, -6.782928292829284 ] ], [ [ 110.574107410741078, -6.783078307830788 ], [ 110.574182418241818, -6.783003300330033 ], [ 110.574182418241818, -6.783078307830779 ], [ 110.574107410741078, -6.783078307830788 ] ], [ [ 110.567956795679564, -6.78345334533453 ], [ 110.568556855685571, -6.783228322832279 ], [ 110.568556855685571, -6.783378337833788 ], [ 110.567956795679564, -6.78345334533453 ] ], [ [ 110.573882388238829, -6.783153315331529 ], [ 110.573957395739569, -6.783078307830787 ], [ 110.573957395739569, -6.783153315331534 ], [ 110.573882388238829, -6.783153315331529 ] ], [ [ 110.574032403240324, -6.783153315331535 ], [ 110.574107410741078, -6.783078307830788 ], [ 110.574107410741078, -6.783153315331534 ], [ 110.574032403240324, -6.783153315331535 ] ], [ [ 110.567731773177314, -6.783228322832283 ], [ 110.567806780678069, -6.783153315331524 ], [ 110.567806780678069, -6.783228322832282 ], [ 110.567731773177314, -6.783228322832283 ] ], [ [ 110.567656765676574, -6.783378337833778 ], [ 110.567731773177314, -6.783228322832283 ], [ 110.567731773177314, -6.78337833783378 ], [ 110.567656765676574, -6.783378337833778 ] ], [ [ 110.573807380738074, -6.783528352835281 ], [ 110.573882388238829, -6.783453345334534 ], [ 110.573882388238829, -6.783528352835289 ], [ 110.573807380738074, -6.783528352835281 ] ], [ [ 110.573957395739569, -6.783528352835276 ], [ 110.574032403240324, -6.783453345334527 ], [ 110.574032403240324, -6.783528352835279 ], [ 110.573957395739569, -6.783528352835276 ] ], [ [ 110.573882388238829, -6.783678367836777 ], [ 110.573957395739569, -6.783528352835276 ], [ 110.573957395739569, -6.783678367836781 ], [ 110.573882388238829, -6.783678367836777 ] ], [ [ 110.57365736573658, -6.783753375337536 ], [ 110.57373237323732, -6.783678367836781 ], [ 110.57373237323732, -6.783753375337538 ], [ 110.57365736573658, -6.783753375337536 ] ], [ [ 110.573582358235825, -6.784053405340537 ], [ 110.573882388238829, -6.784053405340539 ], [ 110.57365736573658, -6.784203420342035 ], [ 110.573582358235825, -6.784053405340537 ] ], [ [ 110.573582358235825, -6.78390339033903 ], [ 110.57365736573658, -6.783828382838291 ], [ 110.57365736573658, -6.783903390339034 ], [ 110.573582358235825, -6.78390339033903 ] ], [ [ 110.573507350735071, -6.783978397839776 ], [ 110.573582358235825, -6.78390339033903 ], [ 110.573582358235825, -6.783978397839791 ], [ 110.573507350735071, -6.783978397839776 ] ], [ [ 110.573357335733576, -6.784053405340526 ], [ 110.57343234323433, -6.783978397839789 ], [ 110.57343234323433, -6.78405340534054 ], [ 110.573357335733576, -6.784053405340526 ] ], [ [ 110.57343234323433, -6.784128412841278 ], [ 110.573507350735071, -6.784053405340533 ], [ 110.573507350735071, -6.784128412841279 ], [ 110.57343234323433, -6.784128412841278 ] ], [ [ 110.573282328232835, -6.784278427842778 ], [ 110.573357335733576, -6.784128412841291 ], [ 110.57343234323433, -6.784278427842789 ], [ 110.573282328232835, -6.784278427842778 ] ], [ [ 110.573507350735071, -6.784203420342031 ], [ 110.573582358235825, -6.78412841284129 ], [ 110.573582358235825, -6.784203420342034 ], [ 110.573507350735071, -6.784203420342031 ] ], [ [ 110.572457245724578, -6.78442844284428 ], [ 110.572532253225319, -6.784353435343527 ], [ 110.572532253225319, -6.784428442844288 ], [ 110.572457245724578, -6.78442844284428 ] ], [ [ 110.566681668166822, -6.785103510351028 ], [ 110.566756675667563, -6.784878487848779 ], [ 110.566906690669072, -6.785028502850285 ], [ 110.566681668166822, -6.785103510351028 ] ], [ [ 110.56758175817582, -6.785178517851791 ], [ 110.567731773177314, -6.78495349534954 ], [ 110.567656765676574, -6.785178517851779 ], [ 110.56758175817582, -6.785178517851791 ] ], [ [ 110.583333333333329, -6.787203720372041 ], [ 110.584383438343835, -6.786828682868282 ], [ 110.583783378337827, -6.787878787878791 ], [ 110.583333333333329, -6.787203720372041 ] ], [ [ 110.569681968196818, -6.787203720372032 ], [ 110.569906990699067, -6.787128712871286 ], [ 110.569681968196818, -6.787353735373531 ], [ 110.569681968196818, -6.787203720372032 ] ], [ [ 110.570207020702071, -6.787053705370536 ], [ 110.570357035703566, -6.788028802880289 ], [ 110.570057005700576, -6.788403840384047 ], [ 110.569606960696063, -6.788028802880285 ], [ 110.570207020702071, -6.787053705370536 ] ], [ [ 110.569981998199836, -6.787203720372033 ], [ 110.570057005700576, -6.78712871287128 ], [ 110.570057005700576, -6.787203720372031 ], [ 110.569981998199836, -6.787203720372033 ] ], [ [ 110.575682568256823, -6.787353735373535 ], [ 110.576132613261322, -6.787728772877294 ], [ 110.57538253825382, -6.788178817881779 ], [ 110.575682568256823, -6.787353735373535 ] ], [ [ 110.569906990699067, -6.787278727872788 ], [ 110.569981998199836, -6.787203720372033 ], [ 110.569981998199836, -6.787278727872792 ], [ 110.569906990699067, -6.787278727872788 ] ], [ [ 110.569831983198327, -6.787428742874289 ], [ 110.569906990699067, -6.787278727872788 ], [ 110.569906990699067, -6.787428742874281 ], [ 110.569831983198327, -6.787428742874289 ] ], [ [ 110.569606960696063, -6.787428742874295 ], [ 110.569681968196818, -6.787353735373531 ], [ 110.569681968196818, -6.787428742874281 ], [ 110.569606960696063, -6.787428742874295 ] ], [ [ 110.569456945694569, -6.788778877887797 ], [ 110.569756975697572, -6.788328832883295 ], [ 110.569606960696063, -6.78877887788779 ], [ 110.569456945694569, -6.788778877887797 ] ], [ [ 110.575232523252325, -6.788403840384045 ], [ 110.575307530753079, -6.788328832883282 ], [ 110.575307530753079, -6.788403840384032 ], [ 110.575232523252325, -6.788403840384045 ] ], [ [ 110.569906990699067, -6.788853885388534 ], [ 110.570882088208819, -6.788703870387038 ], [ 110.570882088208819, -6.789078907890784 ], [ 110.569906990699067, -6.788853885388534 ] ], [ [ 110.57515751575157, -6.788553855385545 ], [ 110.575307530753079, -6.788478847884789 ], [ 110.575307530753079, -6.788553855385532 ], [ 110.57515751575157, -6.788553855385545 ] ], [ [ 110.574857485748581, -6.788703870387033 ], [ 110.574932493249335, -6.788628862886283 ], [ 110.574932493249335, -6.788703870387046 ], [ 110.574857485748581, -6.788703870387033 ] ], [ [ 110.57508250825083, -6.788703870387038 ], [ 110.575232523252325, -6.788628862886281 ], [ 110.575232523252325, -6.788703870387032 ], [ 110.57508250825083, -6.788703870387038 ] ], [ [ 110.565181518151817, -6.788853885388546 ], [ 110.565256525652572, -6.788778877887793 ], [ 110.565256525652572, -6.788853885388528 ], [ 110.565181518151817, -6.788853885388546 ] ], [ [ 110.569606960696063, -6.788853885388532 ], [ 110.569756975697572, -6.788778877887787 ], [ 110.569756975697572, -6.788853885388541 ], [ 110.569606960696063, -6.788853885388532 ] ], [ [ 110.575007500750075, -6.789003900390032 ], [ 110.57515751575157, -6.788778877887785 ], [ 110.57508250825083, -6.789003900390042 ], [ 110.575007500750075, -6.789003900390032 ] ], [ [ 110.571032103210328, -6.788853885388531 ], [ 110.575232523252325, -6.789978997899786 ], [ 110.575757575757578, -6.79042904290429 ], [ 110.576282628262845, -6.7922292229223 ], [ 110.578982898289823, -6.792754275427543 ], [ 110.57680768076807, -6.792979297929794 ], [ 110.576132613261322, -6.79245424542455 ], [ 110.575532553255329, -6.790804080408039 ], [ 110.571032103210328, -6.788853885388531 ] ], [ [ 110.565856585658565, -6.791854185418547 ], [ 110.567806780678069, -6.78952895289529 ], [ 110.567056705670566, -6.790879087908795 ], [ 110.565856585658565, -6.791854185418547 ] ], [ [ 110.570282028202826, -6.790054005400544 ], [ 110.570957095709574, -6.789378937893797 ], [ 110.571632163216336, -6.789753975397534 ], [ 110.570282028202826, -6.790054005400544 ] ], [ [ 110.569531953195323, -6.789753975397541 ], [ 110.569756975697572, -6.789753975397547 ], [ 110.569531953195323, -6.789828982898293 ], [ 110.569531953195323, -6.789753975397541 ] ], [ [ 110.571707170717076, -6.789678967896789 ], [ 110.575232523252325, -6.790879087908784 ], [ 110.575757575757578, -6.792304230423039 ], [ 110.575457545754574, -6.792454245424539 ], [ 110.574107410741078, -6.791179117911789 ], [ 110.571707170717076, -6.789678967896789 ] ], [ [ 110.56458145814581, -6.791104110411046 ], [ 110.564731473147319, -6.79102910291029 ], [ 110.564731473147319, -6.791104110411044 ], [ 110.56458145814581, -6.791104110411046 ] ], [ [ 110.565031503150323, -6.791254125412535 ], [ 110.565106510651063, -6.791179117911793 ], [ 110.565106510651063, -6.791254125412532 ], [ 110.565031503150323, -6.791254125412535 ] ], [ [ 110.564956495649568, -6.791329132913291 ], [ 110.565031503150323, -6.791254125412535 ], [ 110.565031503150323, -6.791329132913294 ], [ 110.564956495649568, -6.791329132913291 ] ], [ [ 110.565406540654067, -6.791329132913297 ], [ 110.565481548154821, -6.791254125412533 ], [ 110.565481548154821, -6.791329132913285 ], [ 110.565406540654067, -6.791329132913297 ] ], [ [ 110.565631563156316, -6.791404140414047 ], [ 110.565706570657085, -6.791329132913291 ], [ 110.565706570657085, -6.791404140414043 ], [ 110.565631563156316, -6.791404140414047 ] ], [ [ 110.565331533153312, -6.791479147914794 ], [ 110.565406540654067, -6.791404140414032 ], [ 110.565406540654067, -6.79147914791479 ], [ 110.565331533153312, -6.791479147914794 ] ], [ [ 110.565556555655562, -6.791554155415544 ], [ 110.565631563156316, -6.791404140414047 ], [ 110.565631563156316, -6.791554155415546 ], [ 110.565556555655562, -6.791554155415544 ] ], [ [ 110.564056405640585, -6.791554155415537 ], [ 110.564131413141311, -6.791479147914795 ], [ 110.564131413141311, -6.791554155415533 ], [ 110.564056405640585, -6.791554155415537 ] ], [ [ 110.563981398139816, -6.791704170417045 ], [ 110.564056405640585, -6.791554155415537 ], [ 110.564056405640585, -6.791704170417038 ], [ 110.563981398139816, -6.791704170417045 ] ], [ [ 110.565631563156316, -6.791629162916297 ], [ 110.565706570657085, -6.791554155415533 ], [ 110.565706570657085, -6.791629162916287 ], [ 110.565631563156316, -6.791629162916297 ] ], [ [ 110.574482448244822, -6.791704170417037 ], [ 110.574557455745577, -6.791629162916285 ], [ 110.574557455745577, -6.791704170417043 ], [ 110.574482448244822, -6.791704170417037 ] ], [ [ 110.563831383138307, -6.791779177917789 ], [ 110.563981398139816, -6.791854185418537 ], [ 110.563831383138307, -6.7919291929193 ], [ 110.563831383138307, -6.791779177917789 ] ], [ [ 110.575607560756069, -6.792529252925293 ], [ 110.575757575757578, -6.792454245424548 ], [ 110.575757575757578, -6.792529252925295 ], [ 110.575607560756069, -6.792529252925293 ] ], [ [ 110.566681668166822, -6.793054305430545 ], [ 110.566831683168317, -6.792979297929789 ], [ 110.566831683168317, -6.793054305430542 ], [ 110.566681668166822, -6.793054305430545 ] ], [ [ 110.581758175817583, -6.793579357935802 ], [ 110.581833183318338, -6.79335433543355 ], [ 110.581833183318338, -6.7935793579358 ], [ 110.581758175817583, -6.793579357935802 ] ], [ [ 110.573207320732067, -6.793429342934291 ], [ 110.574032403240324, -6.794104410441049 ], [ 110.574857485748581, -6.793654365436542 ], [ 110.574032403240324, -6.794179417941796 ], [ 110.573882388238829, -6.795379537953795 ], [ 110.573807380738074, -6.794629462946287 ], [ 110.572232223222329, -6.794929492949292 ], [ 110.573207320732067, -6.793429342934291 ] ], [ [ 110.566381638163818, -6.793729372937288 ], [ 110.566456645664573, -6.793654365436549 ], [ 110.566456645664573, -6.793729372937289 ], [ 110.566381638163818, -6.793729372937288 ] ], [ [ 110.566231623162309, -6.79395439543954 ], [ 110.566306630663064, -6.793879387938788 ], [ 110.566306630663064, -6.793954395439539 ], [ 110.566231623162309, -6.79395439543954 ] ], [ [ 110.573957395739569, -6.793954395439549 ], [ 110.574032403240324, -6.793879387938793 ], [ 110.574032403240324, -6.79395439543954 ], [ 110.573957395739569, -6.793954395439549 ] ], [ [ 110.566156615661569, -6.794104410441046 ], [ 110.566231623162309, -6.79395439543954 ], [ 110.566231623162309, -6.794104410441036 ], [ 110.566156615661569, -6.794104410441046 ] ], [ [ 110.574482448244822, -6.794254425442544 ], [ 110.574557455745577, -6.794179417941788 ], [ 110.574557455745577, -6.79425442544255 ], [ 110.574482448244822, -6.794254425442544 ] ], [ [ 110.574407440744068, -6.794404440444036 ], [ 110.574482448244822, -6.79432943294329 ], [ 110.574482448244822, -6.79440444044404 ], [ 110.574407440744068, -6.794404440444036 ] ], [ [ 110.574332433243328, -6.794479447944786 ], [ 110.574407440744068, -6.794404440444036 ], [ 110.574407440744068, -6.7944794479448 ], [ 110.574332433243328, -6.794479447944786 ] ], [ [ 110.574257425742573, -6.794779477947786 ], [ 110.574632463246346, -6.794704470447052 ], [ 110.574557455745577, -6.794929492949299 ], [ 110.574257425742573, -6.794779477947786 ] ], [ [ 110.57343234323433, -6.794929492949291 ], [ 110.573507350735071, -6.794854485448536 ], [ 110.573507350735071, -6.794929492949289 ], [ 110.57343234323433, -6.794929492949291 ] ], [ [ 110.574632463246346, -6.795004500450039 ], [ 110.574707470747072, -6.794929492949298 ], [ 110.574707470747072, -6.79500450045004 ], [ 110.574632463246346, -6.795004500450039 ] ], [ [ 110.574407440744068, -6.795079507950793 ], [ 110.574482448244822, -6.795004500450052 ], [ 110.574482448244822, -6.795079507950801 ], [ 110.574407440744068, -6.795079507950793 ] ], [ [ 110.563906390639062, -6.795229522952302 ], [ 110.564431443144315, -6.795079507950796 ], [ 110.564506450645069, -6.795304530453041 ], [ 110.563906390639062, -6.795229522952302 ] ], [ [ 110.581983198319833, -6.79507950795079 ], [ 110.582583258325826, -6.795904590459038 ], [ 110.581533153315334, -6.797404740474041 ], [ 110.581533153315334, -6.796354635463543 ], [ 110.581983198319833, -6.79507950795079 ] ], [ [ 110.574032403240324, -6.795304530453036 ], [ 110.574107410741078, -6.795229522952291 ], [ 110.574107410741078, -6.79530453045304 ], [ 110.574032403240324, -6.795304530453036 ] ], [ [ 110.574107410741078, -6.795379537953798 ], [ 110.574257425742573, -6.795304530453051 ], [ 110.574257425742573, -6.795379537953785 ], [ 110.574107410741078, -6.795379537953798 ] ], [ [ 110.564356435643575, -6.795454545454538 ], [ 110.564431443144315, -6.795379537953796 ], [ 110.564431443144315, -6.795454545454547 ], [ 110.564356435643575, -6.795454545454538 ] ], [ [ 110.573882388238829, -6.795454545454553 ], [ 110.573957395739569, -6.795379537953803 ], [ 110.573957395739569, -6.79545454545455 ], [ 110.573882388238829, -6.795454545454553 ] ], [ [ 110.564506450645069, -6.795529552955295 ], [ 110.56458145814581, -6.795454545454546 ], [ 110.56458145814581, -6.795529552955298 ], [ 110.564506450645069, -6.795529552955295 ] ], [ [ 110.562481248124811, -6.795604560456054 ], [ 110.562556255625566, -6.795529552955292 ], [ 110.562556255625566, -6.795604560456051 ], [ 110.562481248124811, -6.795604560456054 ] ], [ [ 110.562556255625566, -6.795679567956797 ], [ 110.562631263126306, -6.795604560456042 ], [ 110.562631263126306, -6.7956795679568 ], [ 110.562556255625566, -6.795679567956797 ] ], [ [ 110.563606360636058, -6.795754575457543 ], [ 110.563756375637567, -6.795829582958289 ], [ 110.563606360636058, -6.7958295829583 ], [ 110.563606360636058, -6.795754575457543 ] ], [ [ 110.563981398139816, -6.795754575457541 ], [ 110.564206420642066, -6.795829582958295 ], [ 110.564056405640585, -6.796204620462054 ], [ 110.564056405640585, -6.79590459045904 ], [ 110.563906390639062, -6.795979597959802 ], [ 110.563981398139816, -6.795754575457541 ] ], [ [ 110.575457545754574, -6.79590459045904 ], [ 110.575832583258332, -6.795904590459044 ], [ 110.575457545754574, -6.796204620462041 ], [ 110.575457545754574, -6.79590459045904 ] ], [ [ 110.569531953195323, -6.79597959795979 ], [ 110.569606960696063, -6.795904590459037 ], [ 110.569606960696063, -6.79597959795979 ], [ 110.569531953195323, -6.79597959795979 ] ], [ [ 110.575232523252325, -6.796729672967304 ], [ 110.576882688268824, -6.796354635463544 ], [ 110.576882688268824, -6.797254725472541 ], [ 110.575232523252325, -6.796729672967304 ] ], [ [ 110.563831383138307, -6.796054605460546 ], [ 110.563906390639062, -6.795979597959802 ], [ 110.563906390639062, -6.796054605460554 ], [ 110.563831383138307, -6.796054605460546 ] ], [ [ 110.576432643264326, -6.796129612961291 ], [ 110.57650765076508, -6.796054605460551 ], [ 110.57650765076508, -6.796129612961288 ], [ 110.576432643264326, -6.796129612961291 ] ], [ [ 110.562031203120313, -6.796279627962789 ], [ 110.562331233123317, -6.7965796579658 ], [ 110.562031203120313, -6.796879687968798 ], [ 110.562031203120313, -6.796279627962789 ] ], [ [ 110.563756375637567, -6.79627962796279 ], [ 110.563831383138307, -6.796129612961295 ], [ 110.563906390639062, -6.796279627962803 ], [ 110.563756375637567, -6.79627962796279 ] ], [ [ 110.563306330633068, -6.796354635463552 ], [ 110.563456345634563, -6.796204620462052 ], [ 110.563456345634563, -6.796354635463555 ], [ 110.563306330633068, -6.796354635463552 ] ], [ [ 110.564731473147319, -6.796354635463543 ], [ 110.564806480648059, -6.796204620462054 ], [ 110.564806480648059, -6.796354635463553 ], [ 110.564731473147319, -6.796354635463543 ] ], [ [ 110.562331233123317, -6.796354635463546 ], [ 110.562406240624057, -6.796279627962789 ], [ 110.562406240624057, -6.79635463546355 ], [ 110.562331233123317, -6.796354635463546 ] ], [ [ 110.563681368136812, -6.796429642964288 ], [ 110.563756375637567, -6.79627962796279 ], [ 110.563831383138307, -6.796429642964292 ], [ 110.563681368136812, -6.796429642964288 ] ], [ [ 110.564206420642066, -6.796429642964303 ], [ 110.56428142814282, -6.796279627962793 ], [ 110.56428142814282, -6.796429642964288 ], [ 110.564206420642066, -6.796429642964303 ] ], [ [ 110.563156315631559, -6.796429642964291 ], [ 110.563231323132314, -6.79635463546354 ], [ 110.563231323132314, -6.796429642964301 ], [ 110.563156315631559, -6.796429642964291 ] ], [ [ 110.565031503150323, -6.796429642964299 ], [ 110.565106510651063, -6.796354635463545 ], [ 110.565106510651063, -6.796429642964297 ], [ 110.565031503150323, -6.796429642964299 ] ], [ [ 110.570657065706584, -6.796954695469548 ], [ 110.572307230723084, -6.796729672967302 ], [ 110.572382238223824, -6.797029702970304 ], [ 110.570657065706584, -6.796954695469548 ] ], [ [ 110.562481248124811, -6.796504650465053 ], [ 110.562556255625566, -6.796429642964304 ], [ 110.562556255625566, -6.796504650465045 ], [ 110.562481248124811, -6.796504650465053 ] ], [ [ 110.563081308130833, -6.796504650465053 ], [ 110.563156315631559, -6.796429642964291 ], [ 110.563156315631559, -6.796504650465048 ], [ 110.563081308130833, -6.796504650465053 ] ], [ [ 110.563306330633068, -6.796504650465045 ], [ 110.563381338133823, -6.796429642964299 ], [ 110.563381338133823, -6.796504650465049 ], [ 110.563306330633068, -6.796504650465045 ] ], [ [ 110.563606360636058, -6.796579657965786 ], [ 110.563681368136812, -6.796429642964288 ], [ 110.563681368136812, -6.7965796579658 ], [ 110.563606360636058, -6.796579657965786 ] ], [ [ 110.562181218121808, -6.796804680468042 ], [ 110.562556255625566, -6.796729672967298 ], [ 110.562106210621067, -6.797104710471051 ], [ 110.562181218121808, -6.796804680468042 ] ], [ [ 110.563006300630065, -6.7965796579658 ], [ 110.563081308130833, -6.796504650465053 ], [ 110.563081308130833, -6.796579657965793 ], [ 110.563006300630065, -6.7965796579658 ] ], [ [ 110.563081308130833, -6.796654665466539 ], [ 110.563306330633068, -6.796654665466543 ], [ 110.563081308130833, -6.796804680468044 ], [ 110.563081308130833, -6.796654665466539 ] ], [ [ 110.564506450645069, -6.796879687968792 ], [ 110.564656465646564, -6.796504650465042 ], [ 110.56458145814581, -6.796879687968797 ], [ 110.564506450645069, -6.796879687968792 ] ], [ [ 110.579132913291332, -6.796504650465046 ], [ 110.579432943294336, -6.798379837983791 ], [ 110.577932793279345, -6.798679867986804 ], [ 110.577782778277822, -6.797929792979295 ], [ 110.579132913291332, -6.796504650465046 ] ], [ [ 110.563531353135318, -6.796654665466543 ], [ 110.563606360636058, -6.796579657965786 ], [ 110.563606360636058, -6.796654665466553 ], [ 110.563531353135318, -6.796654665466543 ] ], [ [ 110.563756375637567, -6.79665466546655 ], [ 110.563831383138307, -6.7965796579658 ], [ 110.563831383138307, -6.796654665466553 ], [ 110.563756375637567, -6.79665466546655 ] ], [ [ 110.576957695769579, -6.796729672967301 ], [ 110.577032703270334, -6.796579657965792 ], [ 110.577032703270334, -6.796729672967294 ], [ 110.576957695769579, -6.796729672967301 ] ], [ [ 110.563606360636058, -6.79672967296729 ], [ 110.563681368136812, -6.796654665466539 ], [ 110.563681368136812, -6.796729672967301 ], [ 110.563606360636058, -6.79672967296729 ] ], [ [ 110.56285628562857, -6.796804680468049 ], [ 110.56293129312931, -6.796729672967294 ], [ 110.56293129312931, -6.79680468046805 ], [ 110.56285628562857, -6.796804680468049 ] ], [ [ 110.564356435643575, -6.796804680468042 ], [ 110.564431443144315, -6.796729672967294 ], [ 110.564431443144315, -6.796804680468042 ], [ 110.564356435643575, -6.796804680468042 ] ], [ [ 110.562781278127815, -6.796879687968799 ], [ 110.56285628562857, -6.796804680468049 ], [ 110.56285628562857, -6.796879687968802 ], [ 110.562781278127815, -6.796879687968799 ] ], [ [ 110.56428142814282, -6.796879687968793 ], [ 110.564356435643575, -6.796804680468042 ], [ 110.564356435643575, -6.79687968796879 ], [ 110.56428142814282, -6.796879687968793 ] ], [ [ 110.561956195619558, -6.797029702970303 ], [ 110.562031203120313, -6.796879687968798 ], [ 110.562031203120313, -6.7970297029703 ], [ 110.561956195619558, -6.797029702970303 ] ], [ [ 110.564881488148814, -6.796954695469543 ], [ 110.564956495649568, -6.796879687968797 ], [ 110.564956495649568, -6.796954695469544 ], [ 110.564881488148814, -6.796954695469543 ] ], [ [ 110.561881188118818, -6.79710471047104 ], [ 110.561956195619558, -6.797029702970303 ], [ 110.561956195619558, -6.797104710471042 ], [ 110.561881188118818, -6.79710471047104 ] ], [ [ 110.565106510651063, -6.797104710471052 ], [ 110.565181518151817, -6.797029702970296 ], [ 110.565181518151817, -6.797104710471053 ], [ 110.565106510651063, -6.797104710471052 ] ], [ [ 110.561956195619558, -6.797179717971789 ], [ 110.562106210621067, -6.79725472547254 ], [ 110.561956195619558, -6.797329732973298 ], [ 110.561956195619558, -6.797179717971789 ] ], [ [ 110.563306330633068, -6.797179717971792 ], [ 110.563381338133823, -6.797104710471051 ], [ 110.563381338133823, -6.797179717971797 ], [ 110.563306330633068, -6.797179717971792 ] ], [ [ 110.565256525652572, -6.797254725472549 ], [ 110.565331533153312, -6.797104710471044 ], [ 110.565406540654067, -6.797254725472542 ], [ 110.565256525652572, -6.797254725472549 ] ], [ [ 110.561881188118818, -6.797404740474051 ], [ 110.561956195619558, -6.797329732973298 ], [ 110.561956195619558, -6.797404740474044 ], [ 110.561881188118818, -6.797404740474051 ] ], [ [ 110.560081008100823, -6.79785478547854 ], [ 110.560456045604568, -6.798079807980792 ], [ 110.560231023102304, -6.798154815481553 ], [ 110.560081008100823, -6.79785478547854 ] ], [ [ 110.579507950795076, -6.79860486048604 ], [ 110.580183018301824, -6.797554755475549 ], [ 110.579582958295845, -6.798829882988294 ], [ 110.579507950795076, -6.79860486048604 ] ], [ [ 110.566156615661569, -6.797704770477052 ], [ 110.566231623162309, -6.7976297629763 ], [ 110.566231623162309, -6.797704770477052 ], [ 110.566156615661569, -6.797704770477052 ] ], [ [ 110.566756675667563, -6.797779777977803 ], [ 110.566906690669072, -6.797704770477043 ], [ 110.566906690669072, -6.797779777977805 ], [ 110.566756675667563, -6.797779777977803 ] ], [ [ 110.566531653165313, -6.798079807980799 ], [ 110.566906690669072, -6.797929792979296 ], [ 110.566531653165313, -6.79830483048305 ], [ 110.566531653165313, -6.798079807980799 ] ], [ [ 110.573807380738074, -6.798754875487552 ], [ 110.574782478247826, -6.79815481548155 ], [ 110.574707470747072, -6.79905490549054 ], [ 110.573807380738074, -6.798754875487552 ] ], [ [ 110.579957995799575, -6.799054905490551 ], [ 110.580708070807077, -6.798304830483041 ], [ 110.580108010801084, -6.799429942994308 ], [ 110.579957995799575, -6.799054905490551 ] ], [ [ 110.567956795679564, -6.798079807980796 ], [ 110.568031803180318, -6.797929792979306 ], [ 110.568031803180318, -6.798079807980791 ], [ 110.567956795679564, -6.798079807980796 ] ], [ [ 110.566906690669072, -6.798154815481546 ], [ 110.566981698169812, -6.798079807980801 ], [ 110.566981698169812, -6.798154815481541 ], [ 110.566906690669072, -6.798154815481546 ] ], [ [ 110.568331833183322, -6.79815481548154 ], [ 110.568406840684062, -6.798079807980801 ], [ 110.568406840684062, -6.79815481548155 ], [ 110.568331833183322, -6.79815481548154 ] ], [ [ 110.566831683168317, -6.7982298229823 ], [ 110.566906690669072, -6.798154815481546 ], [ 110.566906690669072, -6.798229822982291 ], [ 110.566831683168317, -6.7982298229823 ] ], [ [ 110.568181818181813, -6.798229822982295 ], [ 110.568331833183322, -6.798304830483041 ], [ 110.568181818181813, -6.79830483048304 ], [ 110.568181818181813, -6.798229822982295 ] ], [ [ 110.568856885688575, -6.798304830483057 ], [ 110.568931893189315, -6.798229822982305 ], [ 110.568931893189315, -6.798304830483057 ], [ 110.568856885688575, -6.798304830483057 ] ], [ [ 110.568931893189315, -6.798379837983799 ], [ 110.569006900690084, -6.798304830483046 ], [ 110.569006900690084, -6.798379837983802 ], [ 110.568931893189315, -6.798379837983799 ] ], [ [ 110.574857485748581, -6.798379837983804 ], [ 110.574932493249335, -6.798304830483058 ], [ 110.574932493249335, -6.79837983798379 ], [ 110.574857485748581, -6.798379837983804 ] ], [ [ 110.569081908190824, -6.798454845484553 ], [ 110.569156915691565, -6.798379837983794 ], [ 110.569156915691565, -6.798454845484551 ], [ 110.569081908190824, -6.798454845484553 ] ], [ [ 110.569156915691565, -6.798529852985296 ], [ 110.569531953195323, -6.79845484548455 ], [ 110.569531953195323, -6.798529852985301 ], [ 110.569156915691565, -6.798529852985296 ] ], [ [ 110.568031803180318, -6.798754875487549 ], [ 110.568256825682568, -6.798529852985305 ], [ 110.568181818181813, -6.798904890489042 ], [ 110.568031803180318, -6.798754875487549 ] ], [ [ 110.582358235823577, -6.798754875487548 ], [ 110.582433243324331, -6.79867986798679 ], [ 110.582433243324331, -6.798754875487557 ], [ 110.582358235823577, -6.798754875487548 ] ], [ [ 110.582283228322837, -6.798829882988297 ], [ 110.582358235823577, -6.798754875487548 ], [ 110.582358235823577, -6.798829882988294 ], [ 110.582283228322837, -6.798829882988297 ] ], [ [ 110.560681068106817, -6.799129912991294 ], [ 110.560831083108312, -6.798904890489054 ], [ 110.560756075607557, -6.799129912991297 ], [ 110.560681068106817, -6.799129912991294 ] ], [ [ 110.582583258325826, -6.798904890489048 ], [ 110.582658265826581, -6.798829882988302 ], [ 110.582658265826581, -6.798904890489042 ], [ 110.582583258325826, -6.798904890489048 ] ], [ [ 110.560906090609066, -6.799054905490548 ], [ 110.561056105610575, -6.799129912991301 ], [ 110.560906090609066, -6.799279927992799 ], [ 110.560906090609066, -6.799054905490548 ] ], [ [ 110.582208220822096, -6.798979897989792 ], [ 110.582283228322837, -6.798904890489057 ], [ 110.582283228322837, -6.798979897989804 ], [ 110.582208220822096, -6.798979897989792 ] ], [ [ 110.582508250825086, -6.799054905490551 ], [ 110.582583258325826, -6.798904890489048 ], [ 110.582583258325826, -6.799054905490542 ], [ 110.582508250825086, -6.799054905490551 ] ], [ [ 110.56128112811281, -6.799054905490548 ], [ 110.561356135613565, -6.798979897989793 ], [ 110.561356135613565, -6.799054905490541 ], [ 110.56128112811281, -6.799054905490548 ] ], [ [ 110.561206120612056, -6.79920492049204 ], [ 110.56128112811281, -6.799054905490548 ], [ 110.56128112811281, -6.799204920492052 ], [ 110.561206120612056, -6.79920492049204 ] ], [ [ 110.582133213321328, -6.799129912991307 ], [ 110.582208220822096, -6.799054905490552 ], [ 110.582208220822096, -6.799129912991301 ], [ 110.582133213321328, -6.799129912991307 ] ], [ [ 110.582433243324331, -6.799129912991293 ], [ 110.582508250825086, -6.799054905490551 ], [ 110.582508250825086, -6.799129912991304 ], [ 110.582433243324331, -6.799129912991293 ] ], [ [ 110.582058205820587, -6.799204920492054 ], [ 110.582133213321328, -6.799129912991307 ], [ 110.582133213321328, -6.799204920492052 ], [ 110.582058205820587, -6.799204920492054 ] ], [ [ 110.582358235823577, -6.799204920492042 ], [ 110.582433243324331, -6.799129912991293 ], [ 110.582433243324331, -6.799204920492042 ], [ 110.582358235823577, -6.799204920492042 ] ], [ [ 110.561131113111315, -6.799429942994304 ], [ 110.561206120612056, -6.79920492049204 ], [ 110.561206120612056, -6.799429942994294 ], [ 110.561131113111315, -6.799429942994304 ] ], [ [ 110.582283228322837, -6.799354935493556 ], [ 110.582358235823577, -6.799279927992804 ], [ 110.582358235823577, -6.799354935493554 ], [ 110.582283228322837, -6.799354935493556 ] ], [ [ 110.560981098109806, -6.799504950495039 ], [ 110.561056105610575, -6.799354935493555 ], [ 110.561131113111315, -6.79950495049505 ], [ 110.560981098109806, -6.799504950495039 ] ], [ [ 110.581908190819078, -6.799429942994293 ], [ 110.581983198319833, -6.799354935493557 ], [ 110.581983198319833, -6.799429942994296 ], [ 110.581908190819078, -6.799429942994293 ] ], [ [ 110.582208220822096, -6.799429942994299 ], [ 110.582283228322837, -6.799354935493556 ], [ 110.582283228322837, -6.799429942994301 ], [ 110.582208220822096, -6.799429942994299 ] ], [ [ 110.581833183318338, -6.79950495049505 ], [ 110.581908190819078, -6.799429942994293 ], [ 110.581908190819078, -6.799504950495044 ], [ 110.581833183318338, -6.79950495049505 ] ], [ [ 110.581833183318338, -6.799654965496549 ], [ 110.582133213321328, -6.799729972997306 ], [ 110.581908190819078, -6.799879987998797 ], [ 110.581833183318338, -6.799654965496549 ] ], [ [ 110.582133213321328, -6.799579957995801 ], [ 110.582208220822096, -6.79950495049504 ], [ 110.582208220822096, -6.799579957995803 ], [ 110.582133213321328, -6.799579957995801 ] ], [ [ 110.581683168316829, -6.799729972997301 ], [ 110.581758175817583, -6.799654965496555 ], [ 110.581758175817583, -6.799729972997302 ], [ 110.581683168316829, -6.799729972997301 ] ], [ [ 110.581533153315334, -6.799954995499552 ], [ 110.581608160816089, -6.799879987998803 ], [ 110.581608160816089, -6.799954995499544 ], [ 110.581533153315334, -6.799954995499552 ] ], [ [ 110.582133213321328, -6.799954995499546 ], [ 110.582208220822096, -6.799879987998792 ], [ 110.582208220822096, -6.799954995499548 ], [ 110.582133213321328, -6.799954995499546 ] ], [ [ 110.581758175817583, -6.800105010501046 ], [ 110.581908190819078, -6.800030003000301 ], [ 110.581908190819078, -6.800105010501044 ], [ 110.581758175817583, -6.800105010501046 ] ], [ [ 110.581908190819078, -6.800180018001792 ], [ 110.582058205820587, -6.800105010501054 ], [ 110.582058205820587, -6.800180018001806 ], [ 110.581908190819078, -6.800180018001792 ] ], [ [ 110.560531053105308, -6.801380138013806 ], [ 110.560606060606062, -6.801305130513057 ], [ 110.560606060606062, -6.801380138013802 ], [ 110.560531053105308, -6.801380138013806 ] ], [ [ 110.562781278127815, -6.801830183018293 ], [ 110.56285628562857, -6.801755175517555 ], [ 110.56285628562857, -6.801830183018309 ], [ 110.562781278127815, -6.801830183018293 ] ], [ [ 110.562706270627075, -6.801980198019798 ], [ 110.562781278127815, -6.801830183018293 ], [ 110.562781278127815, -6.8019801980198 ], [ 110.562706270627075, -6.801980198019798 ] ], [ [ 110.563456345634563, -6.801980198019807 ], [ 110.563531353135318, -6.801905190519054 ], [ 110.563531353135318, -6.801980198019805 ], [ 110.563456345634563, -6.801980198019807 ] ], [ [ 110.562631263126306, -6.802055205520558 ], [ 110.562706270627075, -6.801980198019798 ], [ 110.562706270627075, -6.80205520552055 ], [ 110.562631263126306, -6.802055205520558 ] ], [ [ 110.563531353135318, -6.80213021302131 ], [ 110.563606360636058, -6.801980198019803 ], [ 110.563606360636058, -6.802130213021305 ], [ 110.563531353135318, -6.80213021302131 ] ], [ [ 110.562706270627075, -6.802130213021293 ], [ 110.562781278127815, -6.802055205520544 ], [ 110.562781278127815, -6.802130213021294 ], [ 110.562706270627075, -6.802130213021293 ] ], [ [ 110.562781278127815, -6.80220522052205 ], [ 110.56285628562857, -6.802130213021296 ], [ 110.56285628562857, -6.802205220522059 ], [ 110.562781278127815, -6.80220522052205 ] ], [ [ 110.56285628562857, -6.802280228022794 ], [ 110.56293129312931, -6.802205220522051 ], [ 110.56293129312931, -6.802280228022812 ], [ 110.56285628562857, -6.802280228022794 ] ], [ [ 110.564131413141311, -6.802505250525055 ], [ 110.564206420642066, -6.802430243024309 ], [ 110.564206420642066, -6.80250525052506 ], [ 110.564131413141311, -6.802505250525055 ] ], [ [ 110.564056405640585, -6.802580258025808 ], [ 110.564131413141311, -6.802505250525055 ], [ 110.564131413141311, -6.802580258025803 ], [ 110.564056405640585, -6.802580258025808 ] ], [ [ 110.563981398139816, -6.802730273027299 ], [ 110.564056405640585, -6.802580258025808 ], [ 110.564056405640585, -6.802730273027309 ], [ 110.563981398139816, -6.802730273027299 ] ], [ [ 110.563756375637567, -6.802730273027307 ], [ 110.563831383138307, -6.802655265526556 ], [ 110.563831383138307, -6.802730273027306 ], [ 110.563756375637567, -6.802730273027307 ] ], [ [ 110.563906390639062, -6.802805280528048 ], [ 110.563981398139816, -6.802730273027299 ], [ 110.563981398139816, -6.802805280528051 ], [ 110.563906390639062, -6.802805280528048 ] ], [ [ 110.564056405640585, -6.802805280528051 ], [ 110.564131413141311, -6.802730273027302 ], [ 110.564131413141311, -6.80280528052805 ], [ 110.564056405640585, -6.802805280528051 ] ], [ [ 110.56428142814282, -6.802805280528061 ], [ 110.564356435643575, -6.802730273027304 ], [ 110.564356435643575, -6.802805280528051 ], [ 110.56428142814282, -6.802805280528061 ] ], [ [ 110.564356435643575, -6.802805280528051 ], [ 110.56458145814581, -6.802805280528057 ], [ 110.564356435643575, -6.802880288028808 ], [ 110.564356435643575, -6.802805280528051 ] ], [ [ 110.563681368136812, -6.802880288028796 ], [ 110.563756375637567, -6.802805280528054 ], [ 110.563756375637567, -6.802880288028808 ], [ 110.563681368136812, -6.802880288028796 ] ], [ [ 110.564131413141311, -6.802880288028804 ], [ 110.564206420642066, -6.802805280528045 ], [ 110.564206420642066, -6.802880288028808 ], [ 110.564131413141311, -6.802880288028804 ] ], [ [ 110.56458145814581, -6.802880288028796 ], [ 110.564656465646564, -6.802805280528061 ], [ 110.564656465646564, -6.802880288028805 ], [ 110.56458145814581, -6.802880288028796 ] ], [ [ 110.564806480648059, -6.802955295529546 ], [ 110.564881488148814, -6.802880288028805 ], [ 110.564881488148814, -6.802955295529555 ], [ 110.564806480648059, -6.802955295529546 ] ], [ [ 110.564056405640585, -6.803030303030308 ], [ 110.564131413141311, -6.802955295529546 ], [ 110.564131413141311, -6.803030303030309 ], [ 110.564056405640585, -6.803030303030308 ] ], [ [ 110.565031503150323, -6.803030303030297 ], [ 110.565106510651063, -6.802955295529554 ], [ 110.565106510651063, -6.803030303030305 ], [ 110.565031503150323, -6.803030303030297 ] ], [ [ 110.564956495649568, -6.803180318031806 ], [ 110.565031503150323, -6.803030303030297 ], [ 110.565031503150323, -6.803180318031809 ], [ 110.564956495649568, -6.803180318031806 ] ], [ [ 110.564806480648059, -6.803330333033296 ], [ 110.564881488148814, -6.803255325532555 ], [ 110.564881488148814, -6.803330333033296 ], [ 110.564806480648059, -6.803330333033296 ] ], [ [ 110.565256525652572, -6.803405340534054 ], [ 110.565331533153312, -6.803330333033302 ], [ 110.565331533153312, -6.80340534053406 ], [ 110.565256525652572, -6.803405340534054 ] ], [ [ 110.565706570657085, -6.803405340534056 ], [ 110.565781578157811, -6.803330333033297 ], [ 110.565781578157811, -6.803405340534047 ], [ 110.565706570657085, -6.803405340534056 ] ], [ [ 110.565331533153312, -6.803480348034809 ], [ 110.565481548154821, -6.80340534053405 ], [ 110.565481548154821, -6.803480348034806 ], [ 110.565331533153312, -6.803480348034809 ] ], [ [ 110.565631563156316, -6.803555355535545 ], [ 110.565706570657085, -6.803405340534056 ], [ 110.565706570657085, -6.803555355535546 ], [ 110.565631563156316, -6.803555355535545 ] ], [ [ 110.565181518151817, -6.803555355535559 ], [ 110.565256525652572, -6.803480348034796 ], [ 110.565256525652572, -6.803555355535545 ], [ 110.565181518151817, -6.803555355535559 ] ], [ [ 110.565556555655562, -6.803630363036295 ], [ 110.565631563156316, -6.803555355535545 ], [ 110.565631563156316, -6.803630363036302 ], [ 110.565556555655562, -6.803630363036295 ] ], [ [ 110.565856585658565, -6.803855385538546 ], [ 110.566231623162309, -6.803705370537048 ], [ 110.566081608160815, -6.804080408040802 ], [ 110.565856585658565, -6.803855385538546 ] ], [ [ 110.565706570657085, -6.803855385538557 ], [ 110.565781578157811, -6.803705370537048 ], [ 110.565781578157811, -6.803855385538554 ], [ 110.565706570657085, -6.803855385538557 ] ], [ [ 110.566156615661569, -6.804155415541557 ], [ 110.566531653165313, -6.80408040804081 ], [ 110.566531653165313, -6.80423042304231 ], [ 110.566156615661569, -6.804155415541557 ] ], [ [ 110.566531653165313, -6.80408040804081 ], [ 110.566606660666068, -6.804005400540047 ], [ 110.566606660666068, -6.804080408040809 ], [ 110.566531653165313, -6.80408040804081 ] ], [ [ 110.566606660666068, -6.804230423042297 ], [ 110.566681668166822, -6.804155415541556 ], [ 110.566681668166822, -6.804230423042297 ], [ 110.566606660666068, -6.804230423042297 ] ], [ [ 110.566756675667563, -6.804230423042309 ], [ 110.566831683168317, -6.804155415541556 ], [ 110.566831683168317, -6.804230423042301 ], [ 110.566756675667563, -6.804230423042309 ] ], [ [ 110.566156615661569, -6.804305430543059 ], [ 110.566231623162309, -6.804230423042305 ], [ 110.566231623162309, -6.804305430543052 ], [ 110.566156615661569, -6.804305430543059 ] ], [ [ 110.566531653165313, -6.804305430543052 ], [ 110.566606660666068, -6.804230423042297 ], [ 110.566606660666068, -6.804305430543058 ], [ 110.566531653165313, -6.804305430543052 ] ], [ [ 110.566306630663064, -6.804380438043798 ], [ 110.566381638163818, -6.804305430543061 ], [ 110.566381638163818, -6.804380438043801 ], [ 110.566306630663064, -6.804380438043798 ] ], [ [ 110.566456645664573, -6.804380438043802 ], [ 110.566531653165313, -6.804305430543052 ], [ 110.566531653165313, -6.8043804380438 ], [ 110.566456645664573, -6.804380438043802 ] ], [ [ 110.566831683168317, -6.804380438043808 ], [ 110.566906690669072, -6.804305430543057 ], [ 110.566906690669072, -6.804380438043798 ], [ 110.566831683168317, -6.804380438043808 ] ], [ [ 110.566906690669072, -6.804380438043798 ], [ 110.567131713171321, -6.804455445544562 ], [ 110.566906690669072, -6.80468046804681 ], [ 110.566906690669072, -6.804380438043798 ] ], [ [ 110.566606660666068, -6.804455445544561 ], [ 110.566681668166822, -6.80438043804381 ], [ 110.566681668166822, -6.804455445544551 ], [ 110.566606660666068, -6.804455445544561 ] ], [ [ 110.567356735673584, -6.804530453045301 ], [ 110.567431743174311, -6.804455445544553 ], [ 110.567431743174311, -6.804530453045297 ], [ 110.567356735673584, -6.804530453045301 ] ], [ [ 110.563081308130833, -6.80453045304531 ], [ 110.565556555655562, -6.806780678067804 ], [ 110.568031803180318, -6.810081008100802 ], [ 110.566906690669072, -6.809255925592553 ], [ 110.563081308130833, -6.80453045304531 ] ], [ [ 110.568406840684062, -6.804905490549051 ], [ 110.568481848184817, -6.804755475547547 ], [ 110.568481848184817, -6.804905490549046 ], [ 110.568406840684062, -6.804905490549051 ] ], [ [ 110.558430843084324, -6.804830483048296 ], [ 110.563831383138307, -6.807080708070801 ], [ 110.566156615661569, -6.809630963096302 ], [ 110.560006000600055, -6.805730573057311 ], [ 110.558580858085804, -6.806180618061802 ], [ 110.559030903090303, -6.805430543054309 ], [ 110.558430843084324, -6.804830483048296 ] ], [ [ 110.567731773177314, -6.804905490549059 ], [ 110.567806780678069, -6.804830483048296 ], [ 110.567806780678069, -6.804905490549051 ], [ 110.567731773177314, -6.804905490549059 ] ], [ [ 110.568556855685571, -6.804905490549053 ], [ 110.568631863186312, -6.804830483048305 ], [ 110.568631863186312, -6.804905490549055 ], [ 110.568556855685571, -6.804905490549053 ] ], [ [ 110.566531653165313, -6.804980498049806 ], [ 110.566681668166822, -6.804905490549062 ], [ 110.566681668166822, -6.804980498049805 ], [ 110.566531653165313, -6.804980498049806 ] ], [ [ 110.567506750675065, -6.80498049804981 ], [ 110.56758175817582, -6.80490549054906 ], [ 110.56758175817582, -6.804980498049801 ], [ 110.567506750675065, -6.80498049804981 ] ], [ [ 110.567656765676574, -6.804980498049804 ], [ 110.567731773177314, -6.804905490549059 ], [ 110.567731773177314, -6.8049804980498 ], [ 110.567656765676574, -6.804980498049804 ] ], [ [ 110.568481848184817, -6.805055505550549 ], [ 110.568556855685571, -6.804905490549053 ], [ 110.568556855685571, -6.805055505550555 ], [ 110.568481848184817, -6.805055505550549 ] ], [ [ 110.567881788178823, -6.805130513051299 ], [ 110.567956795679564, -6.804980498049797 ], [ 110.567956795679564, -6.805130513051298 ], [ 110.567881788178823, -6.805130513051299 ] ], [ [ 110.568256825682568, -6.805130513051305 ], [ 110.568481848184817, -6.805055505550549 ], [ 110.568406840684062, -6.805205520552063 ], [ 110.568256825682568, -6.805130513051305 ] ], [ [ 110.567806780678069, -6.805205520552054 ], [ 110.567881788178823, -6.805130513051299 ], [ 110.567881788178823, -6.805205520552058 ], [ 110.567806780678069, -6.805205520552054 ] ], [ [ 110.567881788178823, -6.805280528052806 ], [ 110.567956795679564, -6.805205520552057 ], [ 110.567956795679564, -6.805280528052804 ], [ 110.567881788178823, -6.805280528052806 ] ], [ [ 110.568106810681073, -6.80543054305431 ], [ 110.568256825682568, -6.805205520552062 ], [ 110.568331833183322, -6.805355535553561 ], [ 110.568106810681073, -6.80543054305431 ] ], [ [ 110.558580858085804, -6.805430543054301 ], [ 110.558655865586559, -6.80535553555355 ], [ 110.558655865586559, -6.805430543054301 ], [ 110.558580858085804, -6.805430543054301 ] ], [ [ 110.568106810681073, -6.805580558055807 ], [ 110.568181818181813, -6.805505550555054 ], [ 110.568181818181813, -6.805580558055804 ], [ 110.568106810681073, -6.805580558055807 ] ], [ [ 110.568181818181813, -6.80565556555656 ], [ 110.568256825682568, -6.80558055805581 ], [ 110.568256825682568, -6.805655565556549 ], [ 110.568181818181813, -6.80565556555656 ] ], [ [ 110.557005700570059, -6.805880588058802 ], [ 110.557155715571554, -6.805730573057311 ], [ 110.557080708070814, -6.805880588058805 ], [ 110.557005700570059, -6.805880588058802 ] ], [ [ 110.558355835583555, -6.805805580558064 ], [ 110.558430843084324, -6.805730573057299 ], [ 110.558430843084324, -6.805805580558062 ], [ 110.558355835583555, -6.805805580558064 ] ], [ [ 110.556930693069305, -6.805955595559556 ], [ 110.557005700570059, -6.805880588058802 ], [ 110.557005700570059, -6.805955595559552 ], [ 110.556930693069305, -6.805955595559556 ] ], [ [ 110.55685568556855, -6.806030603060306 ], [ 110.556930693069305, -6.805955595559556 ], [ 110.556930693069305, -6.806030603060312 ], [ 110.55685568556855, -6.806030603060306 ] ], [ [ 110.563006300630065, -6.806405640564053 ], [ 110.563081308130833, -6.806255625562565 ], [ 110.563156315631559, -6.806405640564057 ], [ 110.563006300630065, -6.806405640564053 ] ], [ [ 110.558280828082815, -6.806480648064802 ], [ 110.558355835583555, -6.806405640564059 ], [ 110.558355835583555, -6.806480648064801 ], [ 110.558280828082815, -6.806480648064802 ] ], [ [ 110.563231323132314, -6.806480648064805 ], [ 110.563306330633068, -6.806405640564064 ], [ 110.563306330633068, -6.806480648064803 ], [ 110.563231323132314, -6.806480648064805 ] ], [ [ 110.563306330633068, -6.806555655565564 ], [ 110.563381338133823, -6.806480648064811 ], [ 110.563381338133823, -6.806555655565563 ], [ 110.563306330633068, -6.806555655565564 ] ], [ [ 110.563531353135318, -6.806780678067804 ], [ 110.563531353135318, -6.806555655565553 ], [ 110.563681368136812, -6.806780678067805 ], [ 110.563531353135318, -6.806780678067804 ] ], [ [ 110.567056705670566, -6.806780678067809 ], [ 110.567131713171321, -6.806705670567058 ], [ 110.567131713171321, -6.806780678067798 ], [ 110.567056705670566, -6.806780678067809 ] ], [ [ 110.568481848184817, -6.806855685568554 ], [ 110.568631863186312, -6.806780678067812 ], [ 110.568631863186312, -6.806855685568561 ], [ 110.568481848184817, -6.806855685568554 ] ], [ [ 110.556405640564051, -6.807530753075305 ], [ 110.557230723072308, -6.80745574557456 ], [ 110.556480648064806, -6.807905790579049 ], [ 110.556405640564051, -6.807530753075305 ] ], [ [ 110.563831383138307, -6.807005700570053 ], [ 110.563906390639062, -6.806930693069305 ], [ 110.563906390639062, -6.807005700570054 ], [ 110.563831383138307, -6.807005700570053 ] ], [ [ 110.563906390639062, -6.807080708070809 ], [ 110.563981398139816, -6.807005700570063 ], [ 110.563981398139816, -6.807080708070807 ], [ 110.563906390639062, -6.807080708070809 ] ], [ [ 110.566831683168317, -6.807230723072302 ], [ 110.567056705670566, -6.807230723072304 ], [ 110.566906690669072, -6.807380738073811 ], [ 110.566831683168317, -6.807230723072302 ] ], [ [ 110.566531653165313, -6.807455745574557 ], [ 110.566906690669072, -6.807530753075314 ], [ 110.566456645664573, -6.807830783078301 ], [ 110.566531653165313, -6.807455745574557 ] ], [ [ 110.564506450645069, -6.807680768076802 ], [ 110.56458145814581, -6.807605760576059 ], [ 110.56458145814581, -6.807680768076809 ], [ 110.564506450645069, -6.807680768076802 ] ], [ [ 110.56458145814581, -6.807755775577565 ], [ 110.564656465646564, -6.807680768076805 ], [ 110.564656465646564, -6.80775577557755 ], [ 110.56458145814581, -6.807755775577565 ] ], [ [ 110.552355235523549, -6.80910591059106 ], [ 110.552430243024304, -6.809030903090306 ], [ 110.552430243024304, -6.809105910591066 ], [ 110.552355235523549, -6.80910591059106 ] ], [ [ 110.552280228022809, -6.809180918091805 ], [ 110.552355235523549, -6.80910591059106 ], [ 110.552355235523549, -6.809180918091815 ], [ 110.552280228022809, -6.809180918091805 ] ], [ [ 110.570282028202826, -6.809330933093302 ], [ 110.570357035703566, -6.809255925592566 ], [ 110.570357035703566, -6.809330933093304 ], [ 110.570282028202826, -6.809330933093302 ] ], [ [ 110.568031803180318, -6.81015601560156 ], [ 110.568106810681073, -6.810081008100811 ], [ 110.568106810681073, -6.810156015601568 ], [ 110.568031803180318, -6.81015601560156 ] ], [ [ 110.568106810681073, -6.810231023102314 ], [ 110.568256825682568, -6.810156015601558 ], [ 110.568331833183322, -6.81038103810382 ], [ 110.568106810681073, -6.810231023102314 ] ], [ [ 110.551230123012303, -6.810381038103816 ], [ 110.551305130513057, -6.810306030603064 ], [ 110.551305130513057, -6.81038103810381 ], [ 110.551230123012303, -6.810381038103816 ] ], [ [ 110.568856885688575, -6.810756075607556 ], [ 110.569756975697572, -6.811056105610557 ], [ 110.570282028202826, -6.810831083108313 ], [ 110.570282028202826, -6.811131113111307 ], [ 110.57043204320432, -6.811356135613559 ], [ 110.568856885688575, -6.810756075607556 ] ], [ [ 110.570057005700576, -6.810831083108302 ], [ 110.570132013201317, -6.810756075607557 ], [ 110.570132013201317, -6.810831083108305 ], [ 110.570057005700576, -6.810831083108302 ] ], [ [ 110.570357035703566, -6.811131113111314 ], [ 110.57043204320432, -6.811056105610554 ], [ 110.57043204320432, -6.811131113111306 ], [ 110.570357035703566, -6.811131113111314 ] ], [ [ 110.570282028202826, -6.811506150615065 ], [ 110.570357035703566, -6.811431143114304 ], [ 110.570357035703566, -6.811506150615068 ], [ 110.570282028202826, -6.811506150615065 ] ], [ [ 110.568331833183322, -6.811806180618068 ], [ 110.568406840684062, -6.811731173117307 ], [ 110.568406840684062, -6.81180618061807 ], [ 110.568331833183322, -6.811806180618068 ] ], [ [ 110.557305730573063, -6.811881188118813 ], [ 110.557380738073803, -6.811806180618056 ], [ 110.557380738073803, -6.811881188118811 ], [ 110.557305730573063, -6.811881188118813 ] ], [ [ 110.557380738073803, -6.811956195619555 ], [ 110.557455745574558, -6.811881188118812 ], [ 110.557455745574558, -6.811956195619555 ], [ 110.557380738073803, -6.811956195619555 ] ], [ [ 110.557530753075312, -6.81210621062106 ], [ 110.557605760576052, -6.811956195619556 ], [ 110.557605760576052, -6.812106210621062 ], [ 110.557530753075312, -6.81210621062106 ] ], [ [ 110.559555955595556, -6.81360636063606 ], [ 110.559705970597065, -6.813531353135317 ], [ 110.559705970597065, -6.813606360636068 ], [ 110.559555955595556, -6.81360636063606 ] ], [ [ 110.5504800480048, -6.814881488148814 ], [ 110.55070507050705, -6.814281428142813 ], [ 110.551455145514552, -6.814956495649557 ], [ 110.5504800480048, -6.814881488148814 ] ], [ [ 110.550105010501056, -6.814731473147317 ], [ 110.550330033003306, -6.814581458145808 ], [ 110.550330033003306, -6.814731473147313 ], [ 110.550105010501056, -6.814731473147317 ] ], [ [ 110.551455145514552, -6.815031503150314 ], [ 110.551605160516047, -6.814956495649562 ], [ 110.551605160516047, -6.815031503150324 ], [ 110.551455145514552, -6.815031503150314 ] ], [ [ 110.551305130513057, -6.81518151815182 ], [ 110.551530153015307, -6.815106510651061 ], [ 110.551605160516047, -6.815256525652572 ], [ 110.551305130513057, -6.81518151815182 ] ], [ [ 110.551680168016802, -6.815181518151813 ], [ 110.551755175517556, -6.815031503150311 ], [ 110.551830183018296, -6.815181518151813 ], [ 110.551680168016802, -6.815181518151813 ] ], [ [ 110.551830183018296, -6.81525652565257 ], [ 110.551905190519051, -6.815181518151813 ], [ 110.551905190519051, -6.815256525652566 ], [ 110.551830183018296, -6.81525652565257 ] ], [ [ 110.551605160516047, -6.815331533153321 ], [ 110.551755175517556, -6.815256525652572 ], [ 110.551755175517556, -6.815406540654064 ], [ 110.551605160516047, -6.815331533153321 ] ], [ [ 110.551905190519051, -6.815331533153319 ], [ 110.551980198019805, -6.815256525652569 ], [ 110.551980198019805, -6.815331533153317 ], [ 110.551905190519051, -6.815331533153319 ] ], [ [ 110.551680168016802, -6.821332133213318 ], [ 110.551830183018296, -6.821407140714079 ], [ 110.551680168016802, -6.821407140714062 ], [ 110.551680168016802, -6.821332133213318 ] ], [ [ 110.551980198019805, -6.82133213321333 ], [ 110.552055205520546, -6.821257125712575 ], [ 110.552055205520546, -6.821332133213313 ], [ 110.551980198019805, -6.82133213321333 ] ], [ [ 110.544779477947799, -6.821332133213321 ], [ 110.545004500450048, -6.823582358235822 ], [ 110.5476297629763, -6.825382538253819 ], [ 110.549579957995803, -6.822907290729076 ], [ 110.548079807980798, -6.825907590759075 ], [ 110.546504650465053, -6.826507650765078 ], [ 110.543729372937293, -6.824407440744077 ], [ 110.544779477947799, -6.821332133213321 ] ], [ [ 110.551905190519051, -6.821407140714071 ], [ 110.551980198019805, -6.82133213321333 ], [ 110.551980198019805, -6.821407140714063 ], [ 110.551905190519051, -6.821407140714071 ] ], [ [ 110.549504950495063, -6.82493249324932 ], [ 110.551905190519051, -6.822307230723069 ], [ 110.551605160516047, -6.822757275727575 ], [ 110.549804980498052, -6.824932493249316 ], [ 110.549504950495063, -6.82493249324932 ] ], [ [ 110.553105310531052, -6.824632463246328 ], [ 110.553180318031806, -6.824407440744079 ], [ 110.553180318031806, -6.824632463246318 ], [ 110.553105310531052, -6.824632463246328 ] ], [ [ 110.552505250525073, -6.825157515751576 ], [ 110.553105310531052, -6.824707470747065 ], [ 110.552580258025799, -6.825907590759069 ], [ 110.552505250525073, -6.825157515751576 ] ], [ [ 110.549279927992799, -6.824632463246326 ], [ 110.549579957995803, -6.824557455745568 ], [ 110.549579957995803, -6.824707470747073 ], [ 110.549279927992799, -6.824632463246326 ] ], [ [ 110.549129912991305, -6.824707470747069 ], [ 110.549204920492045, -6.824632463246326 ], [ 110.549204920492045, -6.82470747074707 ], [ 110.549129912991305, -6.824707470747069 ] ], [ [ 110.540579057905802, -6.826432643264321 ], [ 110.540954095409546, -6.826207620762067 ], [ 110.540954095409546, -6.826282628262828 ], [ 110.540579057905802, -6.826432643264321 ] ], [ [ 110.546129612961295, -6.826957695769574 ], [ 110.546204620462063, -6.826882688268824 ], [ 110.546204620462063, -6.826957695769582 ], [ 110.546129612961295, -6.826957695769574 ] ], [ [ 110.546204620462063, -6.827032703270326 ], [ 110.54627962796279, -6.826957695769583 ], [ 110.54627962796279, -6.827032703270328 ], [ 110.546204620462063, -6.827032703270326 ] ], [ [ 110.54627962796279, -6.827107710771082 ], [ 110.546354635463544, -6.827032703270323 ], [ 110.546354635463544, -6.827107710771077 ], [ 110.54627962796279, -6.827107710771082 ] ], [ [ 110.546354635463544, -6.82718271827182 ], [ 110.546429642964299, -6.82710771077108 ], [ 110.546429642964299, -6.827182718271825 ], [ 110.546354635463544, -6.82718271827182 ] ], [ [ 110.546429642964299, -6.827257725772576 ], [ 110.546504650465053, -6.827182718271823 ], [ 110.546504650465053, -6.827257725772575 ], [ 110.546429642964299, -6.827257725772576 ] ], [ [ 110.546504650465053, -6.827257725772575 ], [ 110.54740474047405, -6.827932793279327 ], [ 110.547479747974791, -6.828232823282328 ], [ 110.546504650465053, -6.829132913291326 ], [ 110.546204620462063, -6.830033003300334 ], [ 110.546504650465053, -6.827257725772575 ] ], [ [ 110.548679867986792, -6.827857785778583 ], [ 110.549279927992799, -6.827782778277829 ], [ 110.549354935493554, -6.828157815781585 ], [ 110.548679867986792, -6.827857785778583 ] ], [ [ 110.547479747974791, -6.82808280828083 ], [ 110.547554755475545, -6.828007800780072 ], [ 110.547554755475545, -6.828082808280823 ], [ 110.547479747974791, -6.82808280828083 ] ], [ [ 110.549429942994294, -6.828157815781583 ], [ 110.549579957995803, -6.828082808280827 ], [ 110.549579957995803, -6.828232823282323 ], [ 110.549429942994294, -6.828157815781583 ] ], [ [ 110.536453645364531, -6.828307830783073 ], [ 110.53660366036604, -6.828232823282322 ], [ 110.53660366036604, -6.82838283828383 ], [ 110.536453645364531, -6.828307830783073 ] ], [ [ 110.53660366036604, -6.828532853285322 ], [ 110.536678667866781, -6.828382838283834 ], [ 110.536678667866781, -6.82853285328533 ], [ 110.53660366036604, -6.828532853285322 ] ], [ [ 110.536378637863791, -6.828532853285321 ], [ 110.536453645364531, -6.828457845784583 ], [ 110.536453645364531, -6.828532853285329 ], [ 110.536378637863791, -6.828532853285321 ] ], [ [ 110.536678667866781, -6.828607860786084 ], [ 110.536753675367535, -6.828532853285322 ], [ 110.536753675367535, -6.828607860786081 ], [ 110.536678667866781, -6.828607860786084 ] ], [ [ 110.53690369036903, -6.828907890789074 ], [ 110.536978697869785, -6.828832883288328 ], [ 110.536978697869785, -6.828907890789075 ], [ 110.53690369036903, -6.828907890789074 ] ], [ [ 110.536678667866781, -6.828982898289829 ], [ 110.536753675367535, -6.828907890789086 ], [ 110.536753675367535, -6.828982898289834 ], [ 110.536678667866781, -6.828982898289829 ] ], [ [ 110.53690369036903, -6.829357935793588 ], [ 110.537128712871294, -6.828982898289827 ], [ 110.537128712871294, -6.829282928292833 ], [ 110.53690369036903, -6.829357935793588 ] ], [ [ 110.546804680468043, -6.829132913291335 ], [ 110.546879687968811, -6.829057905790572 ], [ 110.546879687968811, -6.829132913291328 ], [ 110.546804680468043, -6.829132913291335 ] ], [ [ 110.546729672967302, -6.829282928292833 ], [ 110.546804680468043, -6.829132913291335 ], [ 110.546804680468043, -6.829282928292825 ], [ 110.546729672967302, -6.829282928292833 ] ], [ [ 110.536978697869785, -6.829507950795072 ], [ 110.537053705370539, -6.829357935793577 ], [ 110.537053705370539, -6.829507950795088 ], [ 110.536978697869785, -6.829507950795072 ] ], [ [ 110.537128712871294, -6.829432943294338 ], [ 110.537203720372034, -6.829357935793579 ], [ 110.537203720372034, -6.829432943294327 ], [ 110.537128712871294, -6.829432943294338 ] ], [ [ 110.537053705370539, -6.829732973297331 ], [ 110.537503750375038, -6.829807980798086 ], [ 110.537353735373543, -6.830033003300334 ], [ 110.537053705370539, -6.829732973297331 ] ], [ [ 110.537503750375038, -6.830033003300328 ], [ 110.537578757875792, -6.829957995799587 ], [ 110.537578757875792, -6.830033003300321 ], [ 110.537503750375038, -6.830033003300328 ] ], [ [ 110.537353735373543, -6.830108010801073 ], [ 110.537428742874283, -6.830033003300322 ], [ 110.537428742874283, -6.830108010801079 ], [ 110.537353735373543, -6.830108010801073 ] ], [ [ 110.537578757875792, -6.830183018301826 ], [ 110.537653765376533, -6.830108010801076 ], [ 110.537653765376533, -6.830183018301822 ], [ 110.537578757875792, -6.830183018301826 ] ], [ [ 110.546204620462063, -6.830183018301828 ], [ 110.54627962796279, -6.830108010801085 ], [ 110.54627962796279, -6.830183018301837 ], [ 110.546204620462063, -6.830183018301828 ] ], [ [ 110.537428742874283, -6.830258025802571 ], [ 110.537503750375038, -6.830183018301831 ], [ 110.537503750375038, -6.83025802580258 ], [ 110.537428742874283, -6.830258025802571 ] ], [ [ 110.546129612961295, -6.830258025802573 ], [ 110.546204620462063, -6.830183018301828 ], [ 110.546204620462063, -6.830258025802585 ], [ 110.546129612961295, -6.830258025802573 ] ], [ [ 110.537653765376533, -6.830333033303326 ], [ 110.537728772877287, -6.830258025802572 ], [ 110.537728772877287, -6.830333033303325 ], [ 110.537653765376533, -6.830333033303326 ] ], [ [ 110.54605460546054, -6.830333033303321 ], [ 110.546129612961295, -6.830258025802573 ], [ 110.546129612961295, -6.83033303330333 ], [ 110.54605460546054, -6.830333033303321 ] ], [ [ 110.537503750375038, -6.830408040804075 ], [ 110.537578757875792, -6.830333033303329 ], [ 110.537578757875792, -6.830408040804087 ], [ 110.537503750375038, -6.830408040804075 ] ], [ [ 110.5459795979598, -6.830408040804084 ], [ 110.54605460546054, -6.830333033303321 ], [ 110.54605460546054, -6.830408040804077 ], [ 110.5459795979598, -6.830408040804084 ] ], [ [ 110.54627962796279, -6.830408040804087 ], [ 110.546354635463544, -6.830333033303322 ], [ 110.546354635463544, -6.830408040804073 ], [ 110.54627962796279, -6.830408040804087 ] ], [ [ 110.538028802880291, -6.832283228322838 ], [ 110.537803780378042, -6.830408040804087 ], [ 110.538553855385544, -6.832283228322833 ], [ 110.538028802880291, -6.832283228322838 ] ], [ [ 110.545904590459045, -6.830483048304833 ], [ 110.5459795979598, -6.830408040804084 ], [ 110.5459795979598, -6.830483048304828 ], [ 110.545904590459045, -6.830483048304833 ] ], [ [ 110.546204620462063, -6.830483048304838 ], [ 110.54627962796279, -6.830408040804087 ], [ 110.54627962796279, -6.830483048304825 ], [ 110.546204620462063, -6.830483048304838 ] ], [ [ 110.545754575457551, -6.831683168316823 ], [ 110.545829582958291, -6.831608160816077 ], [ 110.545829582958291, -6.831683168316833 ], [ 110.545754575457551, -6.831683168316823 ] ], [ [ 110.534803480348032, -6.832208220822086 ], [ 110.534878487848786, -6.832133213321336 ], [ 110.534878487848786, -6.832208220822079 ], [ 110.534803480348032, -6.832208220822086 ] ], [ [ 110.534878487848786, -6.832208220822079 ], [ 110.534953495349541, -6.832658265826582 ], [ 110.534278427842779, -6.833033303330332 ], [ 110.534353435343533, -6.833783378337837 ], [ 110.533003300330051, -6.835133513351343 ], [ 110.533303330333041, -6.835808580858094 ], [ 110.533153315331532, -6.835958595859583 ], [ 110.532328232823289, -6.83460846084608 ], [ 110.534878487848786, -6.832208220822079 ] ], [ [ 110.546954695469552, -6.832283228322834 ], [ 110.547104710471046, -6.832208220822085 ], [ 110.547104710471046, -6.832283228322829 ], [ 110.546954695469552, -6.832283228322834 ] ], [ [ 110.538553855385544, -6.832358235823582 ], [ 110.538703870387039, -6.832283228322831 ], [ 110.538703870387039, -6.832358235823578 ], [ 110.538553855385544, -6.832358235823582 ] ], [ [ 110.538553855385544, -6.832583258325839 ], [ 110.538628862886284, -6.83250825082508 ], [ 110.538628862886284, -6.832583258325825 ], [ 110.538553855385544, -6.832583258325839 ] ], [ [ 110.538703870387039, -6.83265826582659 ], [ 110.538853885388534, -6.832583258325824 ], [ 110.538853885388534, -6.832658265826583 ], [ 110.538703870387039, -6.83265826582659 ] ], [ [ 110.538853885388534, -6.832733273327332 ], [ 110.539753975397545, -6.83265826582658 ], [ 110.540129012901289, -6.83303330333034 ], [ 110.538853885388534, -6.832733273327332 ] ], [ [ 110.547854785478563, -6.832658265826584 ], [ 110.547929792979303, -6.832583258325827 ], [ 110.547929792979303, -6.832658265826582 ], [ 110.547854785478563, -6.832658265826584 ] ], [ [ 110.540429042904293, -6.833333333333333 ], [ 110.541104110411041, -6.833408340834084 ], [ 110.541029102910286, -6.833558355835576 ], [ 110.540429042904293, -6.833333333333333 ] ], [ [ 110.541779177917789, -6.833633363336335 ], [ 110.541854185418543, -6.833408340834074 ], [ 110.542004200420038, -6.833708370837081 ], [ 110.541779177917789, -6.833633363336335 ] ], [ [ 110.54132913291329, -6.833783378337831 ], [ 110.541404140414045, -6.833558355835585 ], [ 110.541479147914785, -6.833783378337826 ], [ 110.54132913291329, -6.833783378337831 ] ], [ [ 110.542154215421547, -6.833858385838578 ], [ 110.542604260426046, -6.833858385838581 ], [ 110.542604260426046, -6.833933393339332 ], [ 110.542154215421547, -6.833858385838578 ] ], [ [ 110.541629162916294, -6.834083408340835 ], [ 110.542529252925291, -6.834158415841576 ], [ 110.542379237923797, -6.834608460846082 ], [ 110.541629162916294, -6.834083408340835 ] ], [ [ 110.542604260426046, -6.834008400840086 ], [ 110.542679267926786, -6.833933393339334 ], [ 110.542679267926786, -6.83400840084008 ], [ 110.542604260426046, -6.834008400840086 ] ], [ [ 110.525577557755781, -6.835283528352843 ], [ 110.526852685268523, -6.836408640864081 ], [ 110.528202820282033, -6.837308730873083 ], [ 110.52437743774378, -6.835283528352831 ], [ 110.525577557755781, -6.835283528352843 ] ], [ [ 110.532253225322535, -6.834533453345331 ], [ 110.532328232823289, -6.834458445844579 ], [ 110.532328232823289, -6.834533453345327 ], [ 110.532253225322535, -6.834533453345331 ] ], [ [ 110.542079207920793, -6.834908490849082 ], [ 110.542154215421547, -6.834983498349835 ], [ 110.542004200420038, -6.834983498349831 ], [ 110.542079207920793, -6.834908490849082 ] ], [ [ 110.522652265226526, -6.834833483348332 ], [ 110.525052505250528, -6.83633363336333 ], [ 110.524752475247524, -6.837608760876085 ], [ 110.521977197719778, -6.836483648364843 ], [ 110.522652265226526, -6.834833483348332 ] ], [ [ 110.525052505250528, -6.834908490849084 ], [ 110.525202520252023, -6.834833483348338 ], [ 110.525202520252023, -6.834908490849081 ], [ 110.525052505250528, -6.834908490849084 ] ], [ [ 110.533228322832286, -6.836033603360331 ], [ 110.533303330333041, -6.835958595859592 ], [ 110.533303330333041, -6.836033603360332 ], [ 110.533228322832286, -6.836033603360331 ] ], [ [ 110.52767776777678, -6.83640864086409 ], [ 110.527827782778274, -6.836183618361835 ], [ 110.527827782778274, -6.836408640864082 ], [ 110.52767776777678, -6.83640864086409 ] ], [ [ 110.533303330333041, -6.836108610861094 ], [ 110.533453345334536, -6.836033603360328 ], [ 110.533453345334536, -6.836108610861086 ], [ 110.533303330333041, -6.836108610861094 ] ], [ [ 110.534503450345028, -6.83670867086709 ], [ 110.534578457845782, -6.836633663366333 ], [ 110.534578457845782, -6.836708670867083 ], [ 110.534503450345028, -6.83670867086709 ] ], [ [ 110.534578457845782, -6.836708670867083 ], [ 110.535778577857783, -6.837083708370839 ], [ 110.536078607860787, -6.837383738373834 ], [ 110.53547854785478, -6.837383738373841 ], [ 110.534578457845782, -6.836708670867083 ] ], [ [ 110.529852985298533, -6.837008700870084 ], [ 110.530153015301536, -6.836858685868592 ], [ 110.530228022802277, -6.837008700870083 ], [ 110.529852985298533, -6.837008700870084 ] ], [ [ 110.528652865286531, -6.837158715871591 ], [ 110.528727872787272, -6.837083708370835 ], [ 110.528727872787272, -6.837158715871579 ], [ 110.528652865286531, -6.837158715871591 ] ], [ [ 110.528877887788781, -6.837083708370843 ], [ 110.53240324032403, -6.837533753375336 ], [ 110.533903390339034, -6.83813381338133 ], [ 110.532478247824784, -6.838208820882084 ], [ 110.528877887788781, -6.837083708370843 ] ], [ [ 110.536228622862282, -6.837233723372344 ], [ 110.536303630363051, -6.837158715871585 ], [ 110.536303630363051, -6.837233723372334 ], [ 110.536228622862282, -6.837233723372344 ] ], [ [ 110.527302730273021, -6.837608760876085 ], [ 110.52745274527453, -6.837533753375332 ], [ 110.52745274527453, -6.837608760876084 ], [ 110.527302730273021, -6.837608760876085 ] ], [ [ 110.527752775277534, -6.837833783378342 ], [ 110.528952895289535, -6.837758775877594 ], [ 110.52910291029103, -6.83790879087909 ], [ 110.527752775277534, -6.837833783378342 ] ], [ [ 110.529327932793279, -6.837983798379834 ], [ 110.530003000300042, -6.837758775877594 ], [ 110.5303780378038, -6.837983798379834 ], [ 110.529327932793279, -6.837983798379834 ] ], [ [ 110.530603060306035, -6.838133813381331 ], [ 110.53075307530753, -6.83798379837983 ], [ 110.53075307530753, -6.838133813381339 ], [ 110.530603060306035, -6.838133813381331 ] ], [ [ 110.536303630363051, -6.838433843384341 ], [ 110.536453645364531, -6.838283828382841 ], [ 110.536528652865286, -6.838508850885087 ], [ 110.536303630363051, -6.838433843384341 ] ], [ [ 110.534353435343533, -6.838508850885083 ], [ 110.53525352535253, -6.838433843384346 ], [ 110.53525352535253, -6.838508850885089 ], [ 110.534353435343533, -6.838508850885083 ] ], [ [ 110.53352835283529, -6.838583858385834 ], [ 110.534203420342038, -6.838733873387333 ], [ 110.53352835283529, -6.838733873387342 ], [ 110.53352835283529, -6.838583858385834 ] ], [ [ 110.536753675367535, -6.838733873387335 ], [ 110.539453945394541, -6.84030903090309 ], [ 110.539978997899794, -6.841284128412846 ], [ 110.536753675367535, -6.838733873387335 ] ], [ [ 110.53525352535253, -6.83865886588659 ], [ 110.535403540354039, -6.838583858385834 ], [ 110.535403540354039, -6.838658865886594 ], [ 110.53525352535253, -6.83865886588659 ] ], [ [ 110.535403540354039, -6.838733873387342 ], [ 110.535628562856303, -6.838658865886591 ], [ 110.535628562856303, -6.838733873387334 ], [ 110.535403540354039, -6.838733873387342 ] ], [ [ 110.539078907890783, -6.839408940894096 ], [ 110.539153915391537, -6.839333933393339 ], [ 110.539153915391537, -6.839408940894092 ], [ 110.539078907890783, -6.839408940894096 ] ], [ [ 110.539153915391537, -6.839483948394831 ], [ 110.539228922892292, -6.839408940894091 ], [ 110.539228922892292, -6.839483948394846 ], [ 110.539153915391537, -6.839483948394831 ] ], [ [ 110.539303930393032, -6.839633963396346 ], [ 110.539528952895296, -6.839408940894081 ], [ 110.539678967896791, -6.83985898589859 ], [ 110.539303930393032, -6.839633963396346 ] ], [ [ 110.539678967896791, -6.839933993399335 ], [ 110.539753975397545, -6.839858985898582 ], [ 110.539753975397545, -6.839933993399342 ], [ 110.539678967896791, -6.839933993399335 ] ], [ [ 110.539753975397545, -6.840009000900087 ], [ 110.539828982898285, -6.839933993399348 ], [ 110.539828982898285, -6.840009000900091 ], [ 110.539753975397545, -6.840009000900087 ] ], [ [ 110.539978997899794, -6.841359135913588 ], [ 110.540129012901289, -6.841284128412842 ], [ 110.540129012901289, -6.841434143414348 ], [ 110.539978997899794, -6.841359135913588 ] ], [ [ 110.53825382538254, -6.841509150915097 ], [ 110.538328832883295, -6.841434143414349 ], [ 110.538328832883295, -6.841509150915086 ], [ 110.53825382538254, -6.841509150915097 ] ], [ [ 110.538328832883295, -6.841584158415844 ], [ 110.53847884788479, -6.841509150915083 ], [ 110.53847884788479, -6.841584158415839 ], [ 110.538328832883295, -6.841584158415844 ] ], [ [ 110.53847884788479, -6.841809180918099 ], [ 110.538853885388534, -6.841809180918093 ], [ 110.538778877887793, -6.841959195919594 ], [ 110.53847884788479, -6.841809180918099 ] ], [ [ 110.540504050405048, -6.841809180918088 ], [ 110.540579057905802, -6.841734173417343 ], [ 110.540579057905802, -6.841809180918093 ], [ 110.540504050405048, -6.841809180918088 ] ], [ [ 110.538853885388534, -6.841959195919594 ], [ 110.538928892889302, -6.841884188418842 ], [ 110.538928892889302, -6.841959195919592 ], [ 110.538853885388534, -6.841959195919594 ] ], [ [ 110.539003900390043, -6.842334233423337 ], [ 110.539378937893787, -6.842259225922592 ], [ 110.539453945394541, -6.842484248424846 ], [ 110.539003900390043, -6.842334233423337 ] ], [ [ 110.530603060306035, -6.842784278427848 ], [ 110.530678067806789, -6.842559255925598 ], [ 110.530678067806789, -6.842784278427847 ], [ 110.530603060306035, -6.842784278427848 ] ], [ [ 110.528352835283542, -6.844809480948101 ], [ 110.528502850285022, -6.843909390939086 ], [ 110.528652865286531, -6.8449594959496 ], [ 110.528352835283542, -6.844809480948101 ] ], [ [ 110.528877887788781, -6.845784578457842 ], [ 110.529327932793279, -6.845634563456342 ], [ 110.529327932793279, -6.845784578457846 ], [ 110.528877887788781, -6.845784578457842 ] ], [ [ 110.530228022802277, -6.846234623462347 ], [ 110.53052805280528, -6.846084608460844 ], [ 110.530603060306035, -6.84623462346235 ], [ 110.530228022802277, -6.846234623462347 ] ], [ [ 110.52910291029103, -6.846834683468346 ], [ 110.529177917791785, -6.846759675967592 ], [ 110.529177917791785, -6.846834683468342 ], [ 110.52910291029103, -6.846834683468346 ] ], [ [ 110.53352835283529, -6.848634863486348 ], [ 110.533603360336031, -6.848559855985593 ], [ 110.533603360336031, -6.848634863486349 ], [ 110.53352835283529, -6.848634863486348 ] ], [ [ 110.533603360336031, -6.848709870987093 ], [ 110.533678367836785, -6.848634863486354 ], [ 110.533678367836785, -6.848709870987105 ], [ 110.533603360336031, -6.848709870987093 ] ], [ [ 110.523102310231025, -6.851185118511853 ], [ 110.523177317731779, -6.851110111011091 ], [ 110.523177317731779, -6.851185118511846 ], [ 110.523102310231025, -6.851185118511853 ] ], [ [ 110.526777677767782, -6.853360336033606 ], [ 110.527002700270032, -6.853135313531347 ], [ 110.527002700270032, -6.853360336033599 ], [ 110.526777677767782, -6.853360336033606 ] ], [ [ 110.522202220222027, -6.854560456045607 ], [ 110.522352235223522, -6.854485448544855 ], [ 110.522352235223522, -6.85456045604561 ], [ 110.522202220222027, -6.854560456045607 ] ], [ [ 110.522427242724291, -6.855085508550853 ], [ 110.522577257725771, -6.855010501050106 ], [ 110.522577257725771, -6.855085508550848 ], [ 110.522427242724291, -6.855085508550853 ] ], [ [ 110.521977197719778, -6.855610561056102 ], [ 110.522127212721273, -6.855535553555359 ], [ 110.522127212721273, -6.855610561056109 ], [ 110.521977197719778, -6.855610561056102 ] ], [ [ 110.521902190219024, -6.855685568556848 ], [ 110.521977197719778, -6.855610561056102 ], [ 110.521977197719778, -6.855685568556853 ], [ 110.521902190219024, -6.855685568556848 ] ], [ [ 110.521752175217529, -6.855760576057614 ], [ 110.521827182718269, -6.855685568556854 ], [ 110.521827182718269, -6.855760576057607 ], [ 110.521752175217529, -6.855760576057614 ] ], [ [ 110.520027002700274, -6.856735673567354 ], [ 110.520177017701769, -6.856660666066614 ], [ 110.520177017701769, -6.856735673567358 ], [ 110.520027002700274, -6.856735673567354 ] ], [ [ 110.519651965196516, -6.856810681068112 ], [ 110.519876987698765, -6.856885688568852 ], [ 110.519651965196516, -6.856885688568859 ], [ 110.519651965196516, -6.856810681068112 ] ], [ [ 110.519576957695776, -6.856960696069614 ], [ 110.519651965196516, -6.856885688568859 ], [ 110.519651965196516, -6.856960696069608 ], [ 110.519576957695776, -6.856960696069614 ] ], [ [ 110.519501950195021, -6.857035703570356 ], [ 110.519576957695776, -6.856960696069614 ], [ 110.519576957695776, -6.857035703570354 ], [ 110.519501950195021, -6.857035703570356 ] ], [ [ 110.51687668766877, -6.858085808580856 ], [ 110.517401740174023, -6.858235823582365 ], [ 110.51695169516951, -6.858535853585349 ], [ 110.51687668766877, -6.858085808580856 ] ], [ [ 110.518601860186024, -6.857860786078612 ], [ 110.518826882688273, -6.857860786078614 ], [ 110.518601860186024, -6.857935793579365 ], [ 110.518601860186024, -6.857860786078612 ] ], [ [ 110.518076807680771, -6.858160816081602 ], [ 110.518901890189014, -6.858385838583851 ], [ 110.517476747674763, -6.858835883588363 ], [ 110.518076807680771, -6.858160816081602 ] ], [ [ 110.521677167716774, -6.85973597359736 ], [ 110.521752175217529, -6.859660966096604 ], [ 110.521752175217529, -6.859735973597358 ], [ 110.521677167716774, -6.85973597359736 ] ], [ [ 110.52160216021602, -6.859810981098105 ], [ 110.521677167716774, -6.85973597359736 ], [ 110.521677167716774, -6.859810981098108 ], [ 110.52160216021602, -6.859810981098105 ] ], [ [ 110.519276927692772, -6.862286228622869 ], [ 110.519501950195021, -6.861986198619864 ], [ 110.519351935193512, -6.862286228622869 ], [ 110.519276927692772, -6.862286228622869 ] ], [ [ 110.516501650165011, -6.872187218721876 ], [ 110.516576657665766, -6.872112211221127 ], [ 110.516576657665766, -6.872187218721874 ], [ 110.516501650165011, -6.872187218721876 ] ], [ [ 110.50915091509151, -6.881263126312628 ], [ 110.509450945094514, -6.881188118811879 ], [ 110.50915091509151, -6.881488148814878 ], [ 110.50915091509151, -6.881263126312628 ] ], [ [ 110.507125712571252, -6.885463546354635 ], [ 110.507350735073501, -6.885313531353132 ], [ 110.507350735073501, -6.885388538853884 ], [ 110.507125712571252, -6.885463546354635 ] ], [ [ 110.4938493849385, -6.907440744074401 ], [ 110.49392439243924, -6.907365736573657 ], [ 110.49392439243924, -6.907440744074414 ], [ 110.4938493849385, -6.907440744074401 ] ], [ [ 110.490699069906995, -6.909465946594663 ], [ 110.490699069906995, -6.908865886588659 ], [ 110.49084908490849, -6.909615961596155 ], [ 110.490699069906995, -6.909465946594663 ] ], [ [ 110.488373837383747, -6.909690969096915 ], [ 110.488523852385242, -6.909765976597665 ], [ 110.488373837383747, -6.909765976597667 ], [ 110.488373837383747, -6.909690969096915 ] ], [ [ 110.487398739873996, -6.910516051605165 ], [ 110.487848784878494, -6.910366036603658 ], [ 110.487173717371732, -6.910966096609658 ], [ 110.487398739873996, -6.910516051605165 ] ], [ [ 110.485523552355232, -6.913366336633668 ], [ 110.487173717371732, -6.911116111611154 ], [ 110.486798679867988, -6.912091209120909 ], [ 110.485973597359731, -6.913141314131413 ], [ 110.48642364236423, -6.914716471647158 ], [ 110.485898589858991, -6.914716471647166 ], [ 110.485523552355232, -6.913366336633668 ] ], [ [ 110.486798679867988, -6.912691269126904 ], [ 110.487398739873996, -6.912541254125409 ], [ 110.486873687368742, -6.912991299129919 ], [ 110.486798679867988, -6.912691269126904 ] ], [ [ 110.488448844884488, -6.91299129912991 ], [ 110.488523852385242, -6.912916291629159 ], [ 110.488523852385242, -6.912991299129915 ], [ 110.488448844884488, -6.91299129912991 ] ], [ [ 110.482073207320738, -6.916291629162921 ], [ 110.482748274827486, -6.915991599159912 ], [ 110.482523252325237, -6.916441644164422 ], [ 110.482073207320738, -6.916291629162921 ] ], [ [ 110.482823282328226, -6.917116711671168 ], [ 110.483573357335729, -6.916966696669668 ], [ 110.483798379837978, -6.917791779177917 ], [ 110.482823282328226, -6.917116711671168 ] ], [ [ 110.479897989798985, -6.925742574257426 ], [ 110.481023102310232, -6.926117611761168 ], [ 110.480948094809477, -6.926267626762677 ], [ 110.479897989798985, -6.925742574257426 ] ], [ [ 110.481623162316225, -6.925217521752179 ], [ 110.482448244824496, -6.925742574257419 ], [ 110.481548154815485, -6.92536753675368 ], [ 110.481623162316225, -6.925217521752179 ] ], [ [ 110.482448244824496, -6.925967596759684 ], [ 110.482673267326732, -6.925817581758176 ], [ 110.482673267326732, -6.926042604260432 ], [ 110.482448244824496, -6.925967596759684 ] ], [ [ 110.48469846984699, -6.92754275427543 ], [ 110.484923492349239, -6.927542754275425 ], [ 110.48469846984699, -6.927617761776172 ], [ 110.48469846984699, -6.92754275427543 ] ], [ [ 110.484173417341736, -6.928367836783669 ], [ 110.484398439843986, -6.928367836783678 ], [ 110.484173417341736, -6.928442844284434 ], [ 110.484173417341736, -6.928367836783669 ] ], [ [ 110.461821182118214, -6.933543354335439 ], [ 110.461971197119723, -6.933393339333938 ], [ 110.461971197119723, -6.933543354335431 ], [ 110.461821182118214, -6.933543354335439 ] ], [ [ 110.459720972097216, -6.933768376837691 ], [ 110.459795979597956, -6.933693369336937 ], [ 110.459795979597956, -6.93376837683769 ], [ 110.459720972097216, -6.933768376837691 ] ], [ [ 110.459645964596476, -6.934143414341429 ], [ 110.460021002100206, -6.933918391839187 ], [ 110.460021002100206, -6.933993399339932 ], [ 110.459645964596476, -6.934143414341429 ] ], [ [ 110.460171017101715, -6.934818481848192 ], [ 110.461821182118214, -6.934893489348936 ], [ 110.460696069606968, -6.935493549354939 ], [ 110.46174617461746, -6.93654365436544 ], [ 110.459720972097216, -6.938343834383443 ], [ 110.458670867086724, -6.936843684368431 ], [ 110.460171017101715, -6.934818481848192 ] ], [ [ 110.462346234623467, -6.935943594359442 ], [ 110.462721272127212, -6.935943594359444 ], [ 110.462196219621958, -6.936168616861684 ], [ 110.462346234623467, -6.935943594359442 ] ], [ [ 110.461896189618969, -6.936918691869185 ], [ 110.461971197119723, -6.936768676867691 ], [ 110.461971197119723, -6.936918691869192 ], [ 110.461896189618969, -6.936918691869185 ] ], [ [ 110.461596159615965, -6.937068706870694 ], [ 110.461821182118214, -6.936918691869185 ], [ 110.461821182118214, -6.93699369936993 ], [ 110.461596159615965, -6.937068706870694 ] ], [ [ 110.464971497149719, -6.938718871887186 ], [ 110.465046504650459, -6.938643864386438 ], [ 110.465046504650459, -6.938718871887195 ], [ 110.464971497149719, -6.938718871887186 ] ] ] } },
{ "type": "Feature", "properties": { "year": 2041, "layer": "atrisk" }, "geometry": { "type": "Polygon", "coordinates": [ [ [ 110.438643864386435, -6.93946894689469 ], [ 110.437293729372939, -6.940444044404442 ], [ 110.437743774377438, -6.94314431443144 ], [ 110.438643864386435, -6.93946894689469 ] ], [ [ 110.437743774377438, -6.942619261926191 ], [ 110.437818781878192, -6.942544254425446 ], [ 110.437818781878192, -6.942619261926184 ], [ 110.437743774377438, -6.942619261926191 ] ] ] } },
{ "type": "Feature", "properties": { "year": 2041, "layer": "atrisk" }, "geometry": { "type": "Polygon", "coordinates": [ [ [ 110.399039903990399, -6.947194719471939 ], [ 110.39881488148815, -6.946819681968202 ], [ 110.39716471647165, -6.948094809480952 ], [ 110.399039903990399, -6.947194719471939 ] ] ] } },
{ "type": "Feature", "properties": { "year": 2041, "layer": "atrisk" }, "geometry": { "type": "Polygon", "coordinates": [ [ [ 110.39266426642665, -6.946294629462954 ], [ 110.388988898889892, -6.948394839483953 ], [ 110.388988898889892, -6.948844884488444 ], [ 110.39266426642665, -6.946294629462954 ] ] ] } },
{ "type": "Feature", "properties": { "year": 2041, "layer": "atrisk" }, "geometry": { "type": "Polygon", "coordinates": [ [ [ 110.41854185418542, -6.945769576957698 ], [ 110.416741674167412, -6.946069606960693 ], [ 110.417491749174914, -6.94869486948695 ], [ 110.416141614161418, -6.949144914491447 ], [ 110.418391839183911, -6.948394839483947 ], [ 110.41854185418542, -6.945769576957698 ] ], [ [ 110.417491749174914, -6.948094809480945 ], [ 110.417866786678672, -6.947194719471951 ], [ 110.417641764176423, -6.9481698169817 ], [ 110.417491749174914, -6.948094809480945 ] ] ] } },
{ "type": "Feature", "properties": { "year": 2041, "layer": "atrisk" }, "geometry": { "type": "Polygon", "coordinates": [ [ [ 110.427392739273927, -6.948169816981695 ], [ 110.426417641764175, -6.948469846984692 ], [ 110.427167716771677, -6.949219921992191 ], [ 110.427992799279934, -6.948919891989199 ], [ 110.427392739273927, -6.948169816981695 ] ], [ [ 110.42761776177619, -6.948769876987693 ], [ 110.427692769276931, -6.94869486948695 ], [ 110.427692769276931, -6.948769876987694 ], [ 110.42761776177619, -6.948769876987693 ] ] ] } },
{ "type": "Feature", "properties": { "year": 2041, "layer": "atrisk" }, "geometry": { "type": "Polygon", "coordinates": [ [ [ 110.407890789078905, -6.948244824482443 ], [ 110.407215721572157, -6.948469846984707 ], [ 110.407590759075902, -6.949969996999692 ], [ 110.407890789078905, -6.948244824482443 ] ] ] } },
{ "type": "Feature", "properties": { "year": 2041, "layer": "atrisk" }, "geometry": { "type": "Polygon", "coordinates": [ [ [ 110.41854185418542, -6.94884488448845 ], [ 110.417266726672665, -6.94914491449145 ], [ 110.417341734173419, -6.949894989498954 ], [ 110.41854185418542, -6.950120012001193 ], [ 110.41854185418542, -6.94884488448845 ] ] ] } },
{ "type": "Feature", "properties": { "year": 2041, "layer": "atrisk" }, "geometry": { "type": "Polygon", "coordinates": [ [ [ 110.435193519351941, -6.940369036903689 ], [ 110.433093309330928, -6.94194419441945 ], [ 110.434443444344438, -6.946219621962197 ], [ 110.431668166816678, -6.942769276927698 ], [ 110.431443144314429, -6.944269426942694 ], [ 110.428142814281429, -6.945769576957698 ], [ 110.42956795679568, -6.946969696969694 ], [ 110.428217821782184, -6.948244824482442 ], [ 110.431968196819682, -6.947419741974191 ], [ 110.432193219321931, -6.946144614461443 ], [ 110.429942994299424, -6.946819681968206 ], [ 110.429492949294925, -6.945394539453945 ], [ 110.432268226822686, -6.94441944194419 ], [ 110.433018301830188, -6.948769876987696 ], [ 110.431593159315952, -6.94989498949895 ], [ 110.434293429342929, -6.950120012001206 ], [ 110.435943594359429, -6.947269726972703 ], [ 110.43571857185718, -6.947119711971194 ], [ 110.434968496849692, -6.947569756975701 ], [ 110.434368436843684, -6.947344734473456 ], [ 110.434293429342929, -6.9471197119712 ], [ 110.436693669366932, -6.945919591959203 ], [ 110.43571857185718, -6.945919591959189 ], [ 110.436618661866191, -6.943144314431452 ], [ 110.435193519351941, -6.940369036903689 ] ], [ [ 110.435493549354931, -6.946219621962197 ], [ 110.435568556855685, -6.946144614461444 ], [ 110.435568556855685, -6.946219621962204 ], [ 110.435493549354931, -6.946219621962197 ] ], [ [ 110.43564356435644, -6.946294629462949 ], [ 110.43571857185718, -6.946144614461452 ], [ 110.435793579357934, -6.94629462946295 ], [ 110.43564356435644, -6.946294629462949 ] ], [ [ 110.43571857185718, -6.947344734473456 ], [ 110.435793579357934, -6.947194719471947 ], [ 110.435793579357934, -6.947344734473448 ], [ 110.43571857185718, -6.947344734473456 ] ], [ [ 110.433168316831683, -6.947344734473456 ], [ 110.433243324332452, -6.947269726972696 ], [ 110.433243324332452, -6.947344734473442 ], [ 110.433168316831683, -6.947344734473456 ] ], [ [ 110.434893489348951, -6.947719771977194 ], [ 110.434968496849692, -6.947644764476451 ], [ 110.434968496849692, -6.947719771977202 ], [ 110.434893489348951, -6.947719771977194 ] ], [ [ 110.433618361836182, -6.948994899489954 ], [ 110.434443444344438, -6.949219921992196 ], [ 110.434218421842203, -6.949594959495944 ], [ 110.433618361836182, -6.948994899489954 ] ] ] } },
{ "type": "Feature", "properties": { "year": 2041, "layer": "atrisk" }, "geometry": { "type": "Polygon", "coordinates": [ [ [ 110.431743174317432, -6.948094809480954 ], [ 110.429417941794185, -6.949294929492952 ], [ 110.42791779177918, -6.949669966996693 ], [ 110.431293129312934, -6.949969996999695 ], [ 110.431743174317432, -6.948094809480954 ] ], [ [ 110.430243024302442, -6.949519951995197 ], [ 110.430693069306926, -6.949219921992197 ], [ 110.430618061806186, -6.949594959495946 ], [ 110.430243024302442, -6.949519951995197 ] ] ] } },
{ "type": "Feature", "properties": { "year": 2041, "layer": "atrisk" }, "geometry": { "type": "Polygon", "coordinates": [ [ [ 110.424317431743191, -6.941644164416434 ], [ 110.42349234923492, -6.944119411941189 ], [ 110.424392439243931, -6.946819681968196 ], [ 110.425817581758182, -6.948244824482448 ], [ 110.425742574257427, -6.949144914491452 ], [ 110.426717671767179, -6.949519951995199 ], [ 110.426192619261926, -6.949894989498952 ], [ 110.426792679267933, -6.951320132013203 ], [ 110.42761776177619, -6.9501200120012 ], [ 110.425742574257427, -6.948019801980201 ], [ 110.426792679267933, -6.946819681968198 ], [ 110.427767776777671, -6.94779477947795 ], [ 110.427767776777671, -6.946069606960703 ], [ 110.42626762676268, -6.942469246924698 ], [ 110.426117611761171, -6.944044404440445 ], [ 110.424317431743191, -6.941644164416434 ] ], [ [ 110.42491749174917, -6.944044404440453 ], [ 110.425442544254423, -6.943819381938198 ], [ 110.425592559255932, -6.944494449444946 ], [ 110.42491749174917, -6.944044404440453 ] ], [ [ 110.425592559255932, -6.944794479447946 ], [ 110.425667566756672, -6.944644464446451 ], [ 110.425667566756672, -6.94479447944794 ], [ 110.425592559255932, -6.944794479447946 ] ], [ [ 110.425967596759691, -6.944869486948697 ], [ 110.426042604260431, -6.944644464446436 ], [ 110.426042604260431, -6.944869486948701 ], [ 110.425967596759691, -6.944869486948697 ] ], [ [ 110.426192619261926, -6.944794479447945 ], [ 110.42626762676268, -6.944719471947188 ], [ 110.42626762676268, -6.944794479447951 ], [ 110.426192619261926, -6.944794479447945 ] ], [ [ 110.42626762676268, -6.944869486948699 ], [ 110.42634263426342, -6.944794479447951 ], [ 110.42634263426342, -6.944869486948699 ], [ 110.42626762676268, -6.944869486948699 ] ], [ [ 110.423867386738678, -6.94501950195019 ], [ 110.423942394239418, -6.944944494449441 ], [ 110.423942394239418, -6.945019501950195 ], [ 110.423867386738678, -6.94501950195019 ] ], [ [ 110.425742574257427, -6.945019501950188 ], [ 110.425967596759691, -6.944944494449442 ], [ 110.425967596759691, -6.945019501950189 ], [ 110.425742574257427, -6.945019501950188 ] ], [ [ 110.425817581758182, -6.945394539453939 ], [ 110.427167716771677, -6.945619561956203 ], [ 110.42491749174917, -6.946969696969703 ], [ 110.42484248424843, -6.945169516951702 ], [ 110.425817581758182, -6.945394539453939 ] ], [ [ 110.424692469246921, -6.946669666966701 ], [ 110.424767476747675, -6.946594659465938 ], [ 110.424767476747675, -6.946669666966701 ], [ 110.424692469246921, -6.946669666966701 ] ], [ [ 110.426642664266424, -6.950195019501952 ], [ 110.426792679267933, -6.950120012001207 ], [ 110.426792679267933, -6.950195019501956 ], [ 110.426642664266424, -6.950195019501952 ] ] ] } },
{ "type": "Feature", "properties": { "year": 2041, "layer": "atrisk" }, "geometry": { "type": "Polygon", "coordinates": [ [ [ 110.416666666666671, -6.951245124512456 ], [ 110.413891389138911, -6.951245124512456 ], [ 110.413366336633658, -6.951545154515458 ], [ 110.416666666666671, -6.951245124512456 ] ] ] } },
{ "type": "Feature", "properties": { "year": 2041, "layer": "atrisk" }, "geometry": { "type": "Polygon", "coordinates": [ [ [ 110.420267026702675, -6.947794779477954 ], [ 110.419666966696681, -6.948544854485451 ], [ 110.421467146714676, -6.951620162016197 ], [ 110.422742274227417, -6.952370237023707 ], [ 110.423792379237923, -6.951545154515452 ], [ 110.422517251725168, -6.950645064506442 ], [ 110.421617161716171, -6.951395139513949 ], [ 110.421692169216925, -6.949744974497444 ], [ 110.422592259225922, -6.950645064506452 ], [ 110.42319231923193, -6.9502700270027 ], [ 110.420267026702675, -6.947794779477954 ] ], [ [ 110.419966996699671, -6.948694869486956 ], [ 110.420717071707173, -6.948469846984699 ], [ 110.420717071707173, -6.949294929492957 ], [ 110.419966996699671, -6.948694869486956 ] ], [ [ 110.421092109210917, -6.950345034503447 ], [ 110.421392139213921, -6.950195019501956 ], [ 110.421392139213921, -6.950420042004199 ], [ 110.421092109210917, -6.950345034503447 ] ], [ [ 110.422667266726691, -6.950495049504942 ], [ 110.422742274227417, -6.950420042004202 ], [ 110.422742274227417, -6.950495049504959 ], [ 110.422667266726691, -6.950495049504942 ] ], [ [ 110.422967296729681, -6.95147014701469 ], [ 110.423042304230421, -6.951395139513945 ], [ 110.423042304230421, -6.951470147014696 ], [ 110.422967296729681, -6.95147014701469 ] ] ] } },
{ "type": "Feature", "properties": { "year": 2041, "layer": "atrisk" }, "geometry": { "type": "Polygon", "coordinates": [ [ [ 110.381863186318625, -6.950795079507953 ], [ 110.38193819381938, -6.952820282028201 ], [ 110.382463246324633, -6.954020402040196 ], [ 110.383063306330627, -6.954245424542456 ], [ 110.381863186318625, -6.950795079507953 ] ] ] } },
{ "type": "Feature", "properties": { "year": 2041, "layer": "atrisk" }, "geometry": { "type": "Polygon", "coordinates": [ [ [ 110.389363936393636, -6.958370837083713 ], [ 110.388688868886888, -6.958970897089703 ], [ 110.390114011401138, -6.959045904590462 ], [ 110.389363936393636, -6.958370837083713 ] ] ] } },
{ "type": "Feature", "properties": { "year": 2041, "layer": "atrisk" }, "geometry": { "type": "Polygon", "coordinates": [ [ [ 110.406090609060911, -6.947494749474947 ], [ 110.403015301530147, -6.947044704470442 ], [ 110.406240624062406, -6.948319831983197 ], [ 110.405190519051899, -6.949369936993699 ], [ 110.4063906390639, -6.950495049504954 ], [ 110.404740474047401, -6.952070207020702 ], [ 110.407365736573652, -6.951845184518457 ], [ 110.408115811581169, -6.953270327032709 ], [ 110.407140714071403, -6.951995199519944 ], [ 110.407215721572157, -6.953045304530447 ], [ 110.406015601560156, -6.952145214521456 ], [ 110.40496549654965, -6.9523702370237 ], [ 110.404140414041407, -6.953645364536444 ], [ 110.403015301530147, -6.953420342034201 ], [ 110.404215421542148, -6.951845184518454 ], [ 110.400090009000905, -6.952520252025194 ], [ 110.400540054005418, -6.951095109510956 ], [ 110.396039603960389, -6.948169816981695 ], [ 110.396564656465642, -6.950195019501953 ], [ 110.395139513951392, -6.950495049504947 ], [ 110.398964896489645, -6.959720972097203 ], [ 110.416666666666671, -6.959720972097202 ], [ 110.418316831683171, -6.959270927092707 ], [ 110.418241824182417, -6.956945694569452 ], [ 110.415241524152421, -6.958370837083703 ], [ 110.415616561656165, -6.957470747074709 ], [ 110.416441644164422, -6.957770777077704 ], [ 110.416966696669661, -6.95694569456946 ], [ 110.410816081608161, -6.9558205820582 ], [ 110.40961596159616, -6.9531203120312 ], [ 110.416441644164422, -6.956420642064201 ], [ 110.418841884188424, -6.956870687068714 ], [ 110.419066906690674, -6.955820582058199 ], [ 110.420342034203429, -6.959195919591962 ], [ 110.422667266726691, -6.958520852085202 ], [ 110.422667266726691, -6.957245724572451 ], [ 110.424317431743191, -6.957920792079209 ], [ 110.426792679267933, -6.956720672067208 ], [ 110.426942694269442, -6.956270627062703 ], [ 110.427542754275422, -6.956270627062707 ], [ 110.42761776177619, -6.955970597059705 ], [ 110.424017401740173, -6.957095709570964 ], [ 110.423417341734179, -6.956945694569447 ], [ 110.422217221722178, -6.957245724572465 ], [ 110.421242124212426, -6.957320732073215 ], [ 110.420417041704169, -6.956945694569446 ], [ 110.422142214221424, -6.957170717071704 ], [ 110.42634263426342, -6.955820582058207 ], [ 110.427842784278425, -6.954170417041707 ], [ 110.430318031803182, -6.954320432043207 ], [ 110.433168316831683, -6.951470147014697 ], [ 110.43241824182418, -6.950345034503447 ], [ 110.430693069306926, -6.952070207020692 ], [ 110.427842784278425, -6.950495049504955 ], [ 110.42791779177918, -6.953120312031198 ], [ 110.42656765676567, -6.953120312031199 ], [ 110.42761776177619, -6.952745274527454 ], [ 110.426867686768674, -6.951470147014697 ], [ 110.42491749174917, -6.952070207020706 ], [ 110.427017701770183, -6.954845484548457 ], [ 110.423567356735674, -6.953570357035701 ], [ 110.423042304230421, -6.954545454545458 ], [ 110.424392439243931, -6.955295529552953 ], [ 110.424017401740173, -6.9556705670567 ], [ 110.421017101710191, -6.954995499549959 ], [ 110.421092109210917, -6.952520252025209 ], [ 110.419516951695172, -6.953345334533455 ], [ 110.41854185418542, -6.950270027002707 ], [ 110.417641764176423, -6.95034503450345 ], [ 110.417491749174914, -6.95229522952295 ], [ 110.41569156915692, -6.952745274527453 ], [ 110.41569156915692, -6.955220522052213 ], [ 110.414641464146413, -6.954245424542461 ], [ 110.412541254125415, -6.953945394539454 ], [ 110.41246624662466, -6.952295229522954 ], [ 110.409465946594679, -6.952595259525958 ], [ 110.408715871587162, -6.953195319531954 ], [ 110.406090609060911, -6.947494749474947 ] ], [ [ 110.397314731473145, -6.951545154515456 ], [ 110.397464746474654, -6.951470147014708 ], [ 110.397464746474654, -6.951545154515455 ], [ 110.397314731473145, -6.951545154515456 ] ], [ [ 110.418241824182417, -6.951545154515452 ], [ 110.418916891689165, -6.952820282028208 ], [ 110.418466846684666, -6.953720372037205 ], [ 110.417716771677163, -6.952370237023708 ], [ 110.418241824182417, -6.951545154515452 ] ], [ [ 110.39881488148815, -6.952220222022208 ], [ 110.399264926492648, -6.952070207020695 ], [ 110.399114911491154, -6.952445244524443 ], [ 110.39881488148815, -6.952220222022208 ] ], [ [ 110.397389738973899, -6.951845184518442 ], [ 110.397464746474654, -6.951770177017708 ], [ 110.397464746474654, -6.951845184518445 ], [ 110.397389738973899, -6.951845184518442 ] ], [ [ 110.418466846684666, -6.95184518451846 ], [ 110.41854185418542, -6.951770177017703 ], [ 110.41854185418542, -6.951845184518449 ], [ 110.418466846684666, -6.95184518451846 ] ], [ [ 110.397464746474654, -6.951920192019201 ], [ 110.397689768976903, -6.951845184518449 ], [ 110.397689768976903, -6.951920192019198 ], [ 110.397464746474654, -6.951920192019201 ] ], [ [ 110.429492949294925, -6.952295229522959 ], [ 110.42956795679568, -6.952220222022206 ], [ 110.42956795679568, -6.952295229522943 ], [ 110.429492949294925, -6.952295229522959 ] ], [ [ 110.429492949294925, -6.952595259525948 ], [ 110.429942994299424, -6.95304530453046 ], [ 110.428967896789672, -6.953945394539461 ], [ 110.428592859285942, -6.953270327032707 ], [ 110.429492949294925, -6.952595259525948 ] ], [ [ 110.426192619261926, -6.952520252025202 ], [ 110.426417641764175, -6.952295229522957 ], [ 110.42634263426342, -6.952520252025193 ], [ 110.426192619261926, -6.952520252025202 ] ], [ [ 110.399264926492648, -6.952445244524458 ], [ 110.399414941494143, -6.952370237023704 ], [ 110.399414941494143, -6.952445244524451 ], [ 110.399264926492648, -6.952445244524458 ] ], [ [ 110.429267926792676, -6.952595259525946 ], [ 110.42934293429343, -6.95244524452445 ], [ 110.42934293429343, -6.95259525952595 ], [ 110.429267926792676, -6.952595259525946 ] ], [ [ 110.405040504050405, -6.952745274527458 ], [ 110.405115511551159, -6.952520252025198 ], [ 110.405115511551159, -6.952745274527457 ], [ 110.405040504050405, -6.952745274527458 ] ], [ [ 110.411191119111905, -6.952670267026702 ], [ 110.411341134113414, -6.952595259525945 ], [ 110.411341134113414, -6.952670267026702 ], [ 110.411191119111905, -6.952670267026702 ] ], [ [ 110.41104110411041, -6.952820282028195 ], [ 110.411191119111905, -6.952670267026702 ], [ 110.411116111611179, -6.9528202820282 ], [ 110.41104110411041, -6.952820282028195 ] ], [ [ 110.409690969096914, -6.952970297029696 ], [ 110.409765976597669, -6.952895289528951 ], [ 110.409765976597669, -6.952970297029705 ], [ 110.409690969096914, -6.952970297029696 ] ], [ [ 110.410366036603662, -6.953120312031198 ], [ 110.41074107410742, -6.952895289528944 ], [ 110.411641164116418, -6.953420342034194 ], [ 110.410366036603662, -6.953120312031198 ] ], [ [ 110.406015601560156, -6.953270327032711 ], [ 110.406240624062406, -6.953195319531953 ], [ 110.405865586558662, -6.95342034203421 ], [ 110.406015601560156, -6.953270327032711 ] ], [ [ 110.430768076807681, -6.953045304530454 ], [ 110.430843084308435, -6.952970297029706 ], [ 110.430843084308435, -6.953045304530456 ], [ 110.430768076807681, -6.953045304530454 ] ], [ [ 110.42791779177918, -6.953645364536455 ], [ 110.428367836783679, -6.953645364536455 ], [ 110.427992799279934, -6.953945394539447 ], [ 110.42791779177918, -6.953645364536455 ] ], [ [ 110.426492649264929, -6.953345334533459 ], [ 110.426642664266424, -6.953270327032703 ], [ 110.426642664266424, -6.953345334533458 ], [ 110.426492649264929, -6.953345334533459 ] ], [ [ 110.411641164116418, -6.95349534953495 ], [ 110.411716171617158, -6.9534203420342 ], [ 110.411716171617158, -6.953495349534946 ], [ 110.411641164116418, -6.95349534953495 ] ], [ [ 110.406465646564669, -6.95364536453645 ], [ 110.406915691569154, -6.953495349534947 ], [ 110.406915691569154, -6.953570357035695 ], [ 110.406465646564669, -6.95364536453645 ] ], [ [ 110.4063906390639, -6.953870387038696 ], [ 110.409540954095405, -6.955145514551448 ], [ 110.40961596159616, -6.956870687068704 ], [ 110.408490849084913, -6.955370537053704 ], [ 110.408040804080414, -6.957170717071703 ], [ 110.406990699069908, -6.956945694569463 ], [ 110.4063906390639, -6.953870387038696 ] ], [ [ 110.420342034203429, -6.95364536453645 ], [ 110.420417041704169, -6.953495349534956 ], [ 110.420417041704169, -6.95364536453645 ], [ 110.420342034203429, -6.95364536453645 ] ], [ [ 110.420492049204924, -6.953570357035697 ], [ 110.420567056705664, -6.953495349534958 ], [ 110.420567056705664, -6.953570357035697 ], [ 110.420492049204924, -6.953570357035697 ] ], [ [ 110.405415541554149, -6.953720372037209 ], [ 110.406090609060911, -6.953720372037204 ], [ 110.405415541554149, -6.953870387038697 ], [ 110.405415541554149, -6.953720372037209 ] ], [ [ 110.412316231623166, -6.953795379537952 ], [ 110.41239123912392, -6.953720372037198 ], [ 110.41239123912392, -6.953795379537951 ], [ 110.412316231623166, -6.953795379537952 ] ], [ [ 110.402415241524153, -6.954245424542457 ], [ 110.403390339033905, -6.953945394539459 ], [ 110.403915391539158, -6.954095409540959 ], [ 110.402415241524153, -6.954245424542457 ] ], [ [ 110.404065406540653, -6.954095409540957 ], [ 110.404440444044411, -6.953945394539453 ], [ 110.404440444044411, -6.954020402040199 ], [ 110.404065406540653, -6.954095409540957 ] ], [ [ 110.405490549054903, -6.953945394539445 ], [ 110.405490549054903, -6.955370537053703 ], [ 110.404365436543657, -6.955295529552961 ], [ 110.404140414041407, -6.954170417041703 ], [ 110.405490549054903, -6.953945394539445 ] ], [ [ 110.39881488148815, -6.954470447044705 ], [ 110.4018901890189, -6.954245424542461 ], [ 110.39881488148815, -6.954770477047704 ], [ 110.39881488148815, -6.954470447044705 ] ], [ [ 110.412541254125415, -6.954095409540946 ], [ 110.412616261626169, -6.954020402040197 ], [ 110.412616261626169, -6.954095409540958 ], [ 110.412541254125415, -6.954095409540946 ] ], [ [ 110.402115211521149, -6.954170417041698 ], [ 110.402340234023399, -6.954095409540959 ], [ 110.402340234023399, -6.9541704170417 ], [ 110.402115211521149, -6.954170417041698 ] ], [ [ 110.418391839183911, -6.954395439543955 ], [ 110.419216921692168, -6.955370537053708 ], [ 110.418841884188424, -6.955370537053707 ], [ 110.418391839183911, -6.954395439543955 ] ], [ [ 110.402040204020409, -6.954545454545458 ], [ 110.402115211521149, -6.95447044704471 ], [ 110.402115211521149, -6.954545454545454 ], [ 110.402040204020409, -6.954545454545458 ] ], [ [ 110.403015301530147, -6.954695469546952 ], [ 110.40331533153315, -6.9544704470447 ], [ 110.40331533153315, -6.954545454545459 ], [ 110.403015301530147, -6.954695469546952 ] ], [ [ 110.4018901890189, -6.954695469546952 ], [ 110.401965196519654, -6.954545454545458 ], [ 110.402040204020409, -6.954695469546952 ], [ 110.4018901890189, -6.954695469546952 ] ], [ [ 110.414491449144919, -6.954695469546959 ], [ 110.414641464146413, -6.954545454545448 ], [ 110.414716471647168, -6.95469546954696 ], [ 110.414491449144919, -6.954695469546959 ] ], [ [ 110.420117011701166, -6.954770477047704 ], [ 110.420342034203429, -6.954620462046205 ], [ 110.420267026702675, -6.954770477047705 ], [ 110.420117011701166, -6.954770477047704 ] ], [ [ 110.40016501650166, -6.955895589558962 ], [ 110.402715271527157, -6.955295529552958 ], [ 110.402040204020409, -6.955745574557462 ], [ 110.40016501650166, -6.955895589558962 ] ], [ [ 110.41374137413743, -6.954695469546949 ], [ 110.413816381638171, -6.954620462046212 ], [ 110.413816381638171, -6.954695469546954 ], [ 110.41374137413743, -6.954695469546949 ] ], [ [ 110.402940294029406, -6.954770477047706 ], [ 110.403015301530147, -6.954695469546952 ], [ 110.403015301530147, -6.954770477047711 ], [ 110.402940294029406, -6.954770477047706 ] ], [ [ 110.424692469246921, -6.95522052205221 ], [ 110.42491749174917, -6.954770477047697 ], [ 110.425067506750679, -6.955295529552953 ], [ 110.424692469246921, -6.95522052205221 ] ], [ [ 110.4035403540354, -6.955145514551454 ], [ 110.403915391539158, -6.954920492049199 ], [ 110.403915391539158, -6.954995499549955 ], [ 110.4035403540354, -6.955145514551454 ] ], [ [ 110.405865586558662, -6.955370537053712 ], [ 110.405865586558662, -6.954920492049199 ], [ 110.406015601560156, -6.9553705370537 ], [ 110.405865586558662, -6.955370537053712 ] ], [ [ 110.42019201920192, -6.954920492049197 ], [ 110.420492049204924, -6.956120612061204 ], [ 110.421917191719174, -6.956645664566454 ], [ 110.420567056705664, -6.956570657065703 ], [ 110.42019201920192, -6.954920492049197 ] ], [ [ 110.414491449144919, -6.955145514551454 ], [ 110.414716471647168, -6.954995499549957 ], [ 110.414716471647168, -6.95522052205221 ], [ 110.414491449144919, -6.955145514551454 ] ], [ [ 110.403465346534659, -6.955370537053711 ], [ 110.403615361536154, -6.9552205220522 ], [ 110.4035403540354, -6.955370537053704 ], [ 110.403465346534659, -6.955370537053711 ] ], [ [ 110.421167116711672, -6.95544554455445 ], [ 110.421317131713181, -6.955370537053706 ], [ 110.421317131713181, -6.955445544554456 ], [ 110.421167116711672, -6.95544554455445 ] ], [ [ 110.403990399039898, -6.955670567056708 ], [ 110.404440444044411, -6.955445544554455 ], [ 110.404590459045906, -6.955895589558959 ], [ 110.403990399039898, -6.955670567056708 ] ], [ [ 110.421017101710191, -6.955595559555951 ], [ 110.421167116711672, -6.95544554455445 ], [ 110.421167116711672, -6.95559555955595 ], [ 110.421017101710191, -6.955595559555951 ] ], [ [ 110.421242124212426, -6.95567056705671 ], [ 110.421692169216925, -6.955520552055212 ], [ 110.421542154215416, -6.955895589558949 ], [ 110.421242124212426, -6.95567056705671 ] ], [ [ 110.399564956495652, -6.955520552055205 ], [ 110.400765076507653, -6.956495649564956 ], [ 110.401590159015896, -6.958370837083716 ], [ 110.4002400240024, -6.957995799579953 ], [ 110.399564956495652, -6.955520552055205 ] ], [ [ 110.405865586558662, -6.955595559555963 ], [ 110.406015601560156, -6.955670567056711 ], [ 110.405865586558662, -6.955670567056698 ], [ 110.405865586558662, -6.955595559555963 ] ], [ [ 110.421917191719174, -6.95582058205821 ], [ 110.422067206720669, -6.955670567056698 ], [ 110.421992199219929, -6.955820582058202 ], [ 110.421917191719174, -6.95582058205821 ] ], [ [ 110.422067206720669, -6.955670567056698 ], [ 110.422217221722178, -6.955595559555953 ], [ 110.422217221722178, -6.955745574557452 ], [ 110.422067206720669, -6.955670567056698 ] ], [ [ 110.422142214221424, -6.956345634563454 ], [ 110.422817281728172, -6.955820582058204 ], [ 110.422442244224428, -6.95664566456645 ], [ 110.422142214221424, -6.956345634563454 ] ], [ [ 110.421692169216925, -6.955745574557448 ], [ 110.42184218421842, -6.955820582058212 ], [ 110.421692169216925, -6.955820582058212 ], [ 110.421692169216925, -6.955745574557448 ] ], [ [ 110.40331533153315, -6.955820582058204 ], [ 110.4035403540354, -6.955970597059708 ], [ 110.40331533153315, -6.956045604560463 ], [ 110.40331533153315, -6.955820582058204 ] ], [ [ 110.419066906690674, -6.955820582058199 ], [ 110.419141914191414, -6.95574557455746 ], [ 110.419141914191414, -6.95582058205821 ], [ 110.419066906690674, -6.955820582058199 ] ], [ [ 110.40496549654965, -6.956120612061198 ], [ 110.406090609060911, -6.956195619561953 ], [ 110.405040504050405, -6.956795679567948 ], [ 110.40496549654965, -6.956120612061198 ] ], [ [ 110.410216021602167, -6.956645664566457 ], [ 110.411341134113414, -6.956570657065699 ], [ 110.411341134113414, -6.956795679567951 ], [ 110.410216021602167, -6.956645664566457 ] ], [ [ 110.418241824182417, -6.956120612061207 ], [ 110.418316831683171, -6.956045604560453 ], [ 110.418316831683171, -6.956120612061198 ], [ 110.418241824182417, -6.956120612061207 ] ], [ [ 110.419591959195913, -6.956195619561951 ], [ 110.419741974197422, -6.956045604560457 ], [ 110.419666966696681, -6.956195619561958 ], [ 110.419591959195913, -6.956195619561951 ] ], [ [ 110.4018901890189, -6.958145814581459 ], [ 110.402340234023399, -6.956120612061205 ], [ 110.402415241524153, -6.958370837083706 ], [ 110.4018901890189, -6.958145814581459 ] ], [ [ 110.417866786678672, -6.956195619561958 ], [ 110.417941794179413, -6.956120612061206 ], [ 110.417941794179413, -6.956195619561949 ], [ 110.417866786678672, -6.956195619561958 ] ], [ [ 110.41854185418542, -6.956270627062704 ], [ 110.418616861686175, -6.956120612061206 ], [ 110.418616861686175, -6.956270627062707 ], [ 110.41854185418542, -6.956270627062704 ] ], [ [ 110.421992199219929, -6.956270627062699 ], [ 110.422067206720669, -6.956195619561954 ], [ 110.422067206720669, -6.956270627062714 ], [ 110.421992199219929, -6.956270627062699 ] ], [ [ 110.42326732673267, -6.956570657065704 ], [ 110.423417341734179, -6.956270627062707 ], [ 110.423567356735674, -6.956495649564956 ], [ 110.42326732673267, -6.956570657065704 ] ], [ [ 110.404065406540653, -6.956795679567949 ], [ 110.404740474047401, -6.95679567956795 ], [ 110.404065406540653, -6.957095709570964 ], [ 110.404065406540653, -6.956795679567949 ] ], [ [ 110.413066306630668, -6.956495649564958 ], [ 110.413216321632163, -6.956570657065703 ], [ 110.413066306630668, -6.956570657065714 ], [ 110.413066306630668, -6.956495649564958 ] ], [ [ 110.408565856585653, -6.957095709570956 ], [ 110.409165916591661, -6.956645664566462 ], [ 110.408865886588657, -6.957245724572461 ], [ 110.408565856585653, -6.957095709570956 ] ], [ [ 110.412841284128419, -6.956570657065712 ], [ 110.412916291629159, -6.956495649564948 ], [ 110.412916291629159, -6.95657065706571 ], [ 110.412841284128419, -6.956570657065712 ] ], [ [ 110.42349234923492, -6.956645664566462 ], [ 110.423567356735674, -6.956570657065713 ], [ 110.423567356735674, -6.956645664566453 ], [ 110.42349234923492, -6.956645664566462 ] ], [ [ 110.420492049204924, -6.956795679567952 ], [ 110.420567056705664, -6.956645664566463 ], [ 110.420642064206419, -6.956795679567958 ], [ 110.420492049204924, -6.956795679567952 ] ], [ [ 110.405190519051899, -6.957320732073201 ], [ 110.405490549054903, -6.956945694569451 ], [ 110.405415541554149, -6.957395739573961 ], [ 110.405190519051899, -6.957320732073201 ] ], [ [ 110.424692469246921, -6.95747074707471 ], [ 110.425367536753669, -6.957020702070201 ], [ 110.425442544254423, -6.957320732073206 ], [ 110.424692469246921, -6.95747074707471 ] ], [ [ 110.403690369036909, -6.957245724572464 ], [ 110.403915391539158, -6.957020702070211 ], [ 110.403990399039898, -6.957320732073206 ], [ 110.403690369036909, -6.957245724572464 ] ], [ [ 110.415316531653161, -6.957170717071714 ], [ 110.41546654665467, -6.957095709570951 ], [ 110.41546654665467, -6.957170717071704 ], [ 110.415316531653161, -6.957170717071714 ] ], [ [ 110.423717371737169, -6.957320732073215 ], [ 110.423942394239418, -6.957395739573957 ], [ 110.423642364236429, -6.957470747074712 ], [ 110.423717371737169, -6.957320732073215 ] ], [ [ 110.415541554155411, -6.957320732073214 ], [ 110.41576657665766, -6.957170717071708 ], [ 110.41569156915692, -6.95739573957395 ], [ 110.415541554155411, -6.957320732073214 ] ], [ [ 110.399714971497147, -6.957320732073216 ], [ 110.399789978997902, -6.957245724572458 ], [ 110.399789978997902, -6.957320732073203 ], [ 110.399714971497147, -6.957320732073216 ] ], [ [ 110.406165616561651, -6.957470747074708 ], [ 110.406915691569154, -6.957845784578452 ], [ 110.4063906390639, -6.958070807080716 ], [ 110.406165616561651, -6.957470747074708 ] ], [ [ 110.410366036603662, -6.95732073207321 ], [ 110.411266126612659, -6.958220822082211 ], [ 110.410441044104431, -6.958370837083709 ], [ 110.410366036603662, -6.95732073207321 ] ], [ [ 110.423342334233425, -6.957470747074709 ], [ 110.423417341734179, -6.957395739573964 ], [ 110.423417341734179, -6.957470747074708 ], [ 110.423342334233425, -6.957470747074709 ] ], [ [ 110.404590459045906, -6.957620762076212 ], [ 110.404815481548169, -6.957470747074702 ], [ 110.404740474047401, -6.957770777077704 ], [ 110.404590459045906, -6.957620762076212 ] ], [ [ 110.40496549654965, -6.958070807080711 ], [ 110.405415541554149, -6.958370837083717 ], [ 110.404215421542148, -6.958295829582963 ], [ 110.40496549654965, -6.958070807080711 ] ], [ [ 110.416441644164422, -6.957545754575452 ], [ 110.416516651665162, -6.957470747074714 ], [ 110.416516651665162, -6.957545754575452 ], [ 110.416441644164422, -6.957545754575452 ] ], [ [ 110.403465346534659, -6.957770777077714 ], [ 110.403990399039898, -6.957995799579962 ], [ 110.403465346534659, -6.958220822082207 ], [ 110.403465346534659, -6.957770777077714 ] ], [ [ 110.40796579657966, -6.957695769576959 ], [ 110.408115811581169, -6.9576207620762 ], [ 110.408115811581169, -6.957695769576961 ], [ 110.40796579657966, -6.957695769576959 ] ], [ [ 110.39986498649867, -6.957845784578459 ], [ 110.399939993999396, -6.957770777077711 ], [ 110.399939993999396, -6.957845784578453 ], [ 110.39986498649867, -6.957845784578459 ] ], [ [ 110.408790879087903, -6.958070807080711 ], [ 110.409090909090921, -6.957920792079214 ], [ 110.409015901590152, -6.958070807080703 ], [ 110.408790879087903, -6.958070807080711 ] ], [ [ 110.40961596159616, -6.957995799579948 ], [ 110.409690969096914, -6.957845784578448 ], [ 110.409690969096914, -6.957995799579959 ], [ 110.40961596159616, -6.957995799579948 ] ], [ [ 110.409315931593156, -6.958070807080705 ], [ 110.409465946594679, -6.957920792079206 ], [ 110.409540954095405, -6.958070807080707 ], [ 110.409315931593156, -6.958070807080705 ] ], [ [ 110.41246624662466, -6.958295829582959 ], [ 110.412916291629159, -6.958145814581459 ], [ 110.413066306630668, -6.958370837083714 ], [ 110.41246624662466, -6.958295829582959 ] ], [ [ 110.414416441644164, -6.958370837083713 ], [ 110.414791479147908, -6.958070807080714 ], [ 110.414941494149417, -6.958370837083713 ], [ 110.414416441644164, -6.958370837083713 ] ], [ [ 110.421242124212426, -6.958145814581463 ], [ 110.421542154215416, -6.95814581458146 ], [ 110.421092109210917, -6.95829582958295 ], [ 110.421242124212426, -6.958145814581463 ] ], [ [ 110.407290729072912, -6.958370837083715 ], [ 110.407515751575161, -6.95814581458145 ], [ 110.407515751575161, -6.958370837083703 ], [ 110.407290729072912, -6.958370837083715 ] ], [ [ 110.408790879087903, -6.958295829582964 ], [ 110.408940894089412, -6.958145814581451 ], [ 110.408940894089412, -6.958220822082201 ], [ 110.408790879087903, -6.958295829582964 ] ], [ [ 110.421092109210917, -6.958370837083703 ], [ 110.421392139213921, -6.958445844584461 ], [ 110.421167116711672, -6.958520852085216 ], [ 110.421092109210917, -6.958370837083703 ] ], [ [ 110.416291629162913, -6.958445844584461 ], [ 110.41711671167117, -6.958595859585967 ], [ 110.41704170417043, -6.959420942094208 ], [ 110.416291629162913, -6.958670867086703 ], [ 110.41539153915393, -6.959195919591952 ], [ 110.416291629162913, -6.958445844584461 ] ], [ [ 110.417491749174914, -6.958820882088208 ], [ 110.417791779177918, -6.958520852085216 ], [ 110.417791779177918, -6.958670867086704 ], [ 110.417491749174914, -6.958820882088208 ] ], [ [ 110.415616561656165, -6.958595859585962 ], [ 110.41569156915692, -6.958520852085205 ], [ 110.41569156915692, -6.958595859585952 ], [ 110.415616561656165, -6.958595859585962 ] ], [ [ 110.415541554155411, -6.958670867086704 ], [ 110.415616561656165, -6.958595859585962 ], [ 110.415616561656165, -6.958670867086709 ], [ 110.415541554155411, -6.958670867086704 ] ], [ [ 110.417791779177918, -6.958745874587458 ], [ 110.417866786678672, -6.958670867086715 ], [ 110.417866786678672, -6.95874587458745 ], [ 110.417791779177918, -6.958745874587458 ] ], [ [ 110.415091509150912, -6.959045904590461 ], [ 110.415166516651666, -6.958970897089703 ], [ 110.415166516651666, -6.959045904590461 ], [ 110.415091509150912, -6.959045904590461 ] ], [ [ 110.416441644164422, -6.959120912091207 ], [ 110.416591659165917, -6.959045904590464 ], [ 110.416591659165917, -6.959120912091211 ], [ 110.416441644164422, -6.959120912091207 ] ] ] } },
{ "type": "Feature", "properties": { "year": 2041, "layer": "atrisk" }, "geometry": { "type": "Polygon", "coordinates": [ [ [ 110.394914491449157, -6.95762076207621 ], [ 110.394614461446139, -6.95852085208521 ], [ 110.394614461446139, -6.959720972097212 ], [ 110.39581458145814, -6.959720972097217 ], [ 110.394914491449157, -6.95762076207621 ] ], [ [ 110.394914491449157, -6.958295829582966 ], [ 110.394989498949897, -6.958070807080704 ], [ 110.394989498949897, -6.958295829582953 ], [ 110.394914491449157, -6.958295829582966 ] ], [ [ 110.395364536453641, -6.9595709570957 ], [ 110.395439543954396, -6.959420942094213 ], [ 110.395439543954396, -6.959570957095718 ], [ 110.395364536453641, -6.9595709570957 ] ] ] } },
{ "type": "Feature", "properties": { "year": 2041, "layer": "atrisk" }, "geometry": { "type": "Polygon", "coordinates": [ [ [ 110.392364236423646, -6.958520852085216 ], [ 110.389738973897394, -6.959720972097216 ], [ 110.392514251425141, -6.959345934593461 ], [ 110.392364236423646, -6.958520852085216 ] ] ] } },
{ "type": "Feature", "properties": { "year": 2041, "layer": "atrisk" }, "geometry": { "type": "Polygon", "coordinates": [ [ [ 110.319456945694569, -6.938268826882693 ], [ 110.312406240624057, -6.943744374437443 ], [ 110.318181818181813, -6.952970297029702 ], [ 110.319531953195323, -6.950720072007202 ], [ 110.318631863186312, -6.95304530453046 ], [ 110.319081908190824, -6.953795379537956 ], [ 110.327557755775572, -6.958595859585952 ], [ 110.333558355835578, -6.95972097209721 ], [ 110.359135913591359, -6.959720972097215 ], [ 110.359285928592854, -6.957470747074701 ], [ 110.359660966096612, -6.959720972097211 ], [ 110.359885988598876, -6.954845484548454 ], [ 110.362436243624359, -6.954695469546955 ], [ 110.363261326132616, -6.954845484548462 ], [ 110.363261326132616, -6.95522052205221 ], [ 110.359960996099616, -6.955670567056704 ], [ 110.360411041104115, -6.959720972097212 ], [ 110.38801380138014, -6.959645964596458 ], [ 110.387863786378631, -6.958370837083706 ], [ 110.383663366336648, -6.95844584458445 ], [ 110.383663366336648, -6.955595559555958 ], [ 110.382013201320149, -6.954620462046197 ], [ 110.376162616261624, -6.95447044704471 ], [ 110.377512751275134, -6.9555205520552 ], [ 110.376687668766877, -6.955820582058207 ], [ 110.375037503750377, -6.955295529552957 ], [ 110.371587158715869, -6.955445544554463 ], [ 110.370162016201618, -6.956495649564965 ], [ 110.365661566156618, -6.955445544554463 ], [ 110.365211521152119, -6.95664566456645 ], [ 110.363786378637869, -6.954920492049202 ], [ 110.367011701170114, -6.955445544554459 ], [ 110.368886888688863, -6.954845484548454 ], [ 110.373462346234618, -6.955070507050711 ], [ 110.37556255625563, -6.954545454545451 ], [ 110.349309930993115, -6.952220222022198 ], [ 110.344884488448841, -6.949144914491447 ], [ 110.327632763276327, -6.942844284428435 ], [ 110.319456945694569, -6.938268826882693 ] ], [ [ 110.322382238223824, -6.942169216921697 ], [ 110.322532253225319, -6.942094209420944 ], [ 110.322607260726073, -6.942244224422448 ], [ 110.322382238223824, -6.942169216921697 ] ], [ [ 110.325232523252325, -6.946219621962198 ], [ 110.325757575757578, -6.946594659465949 ], [ 110.32508250825083, -6.946594659465947 ], [ 110.325232523252325, -6.946219621962198 ] ], [ [ 110.321932193219325, -6.946444644464446 ], [ 110.32515751575157, -6.946144614461451 ], [ 110.324182418241833, -6.947494749474954 ], [ 110.321932193219325, -6.946444644464446 ] ], [ [ 110.325757575757578, -6.947119711971193 ], [ 110.325907590759073, -6.946969696969689 ], [ 110.325982598259827, -6.947194719471941 ], [ 110.325757575757578, -6.947119711971193 ] ], [ [ 110.322232223222343, -6.94726972697269 ], [ 110.322757275727568, -6.947194719471954 ], [ 110.322307230723069, -6.947419741974192 ], [ 110.322232223222343, -6.94726972697269 ] ], [ [ 110.325982598259827, -6.947269726972689 ], [ 110.326057605760582, -6.947194719471955 ], [ 110.326057605760582, -6.947269726972703 ], [ 110.325982598259827, -6.947269726972689 ] ], [ [ 110.321032103210328, -6.94809480948094 ], [ 110.321257125712592, -6.948169816981691 ], [ 110.321032103210328, -6.948244824482454 ], [ 110.321032103210328, -6.94809480948094 ] ], [ [ 110.326432643264326, -6.948094809480947 ], [ 110.326657665766575, -6.948019801980198 ], [ 110.326582658265821, -6.948169816981699 ], [ 110.326432643264326, -6.948094809480947 ] ], [ [ 110.326432643264326, -6.948244824482447 ], [ 110.32650765076508, -6.948169816981699 ], [ 110.32650765076508, -6.948244824482441 ], [ 110.326432643264326, -6.948244824482447 ] ], [ [ 110.319906990699081, -6.951020102010204 ], [ 110.319981998199822, -6.950945094509449 ], [ 110.319981998199822, -6.951020102010205 ], [ 110.319906990699081, -6.951020102010204 ] ], [ [ 110.319531953195323, -6.951170117011698 ], [ 110.319906990699081, -6.951095109510955 ], [ 110.319456945694569, -6.951470147014703 ], [ 110.319531953195323, -6.951170117011698 ] ], [ [ 110.319306930693074, -6.951770177017695 ], [ 110.319381938193814, -6.951695169516945 ], [ 110.319381938193814, -6.951770177017706 ], [ 110.319306930693074, -6.951770177017695 ] ], [ [ 110.355535553555356, -6.954620462046204 ], [ 110.359435943594363, -6.954470447044697 ], [ 110.359360936093609, -6.957395739573966 ], [ 110.359135913591359, -6.9547704770477 ], [ 110.355535553555356, -6.954620462046204 ] ], [ [ 110.37721272127213, -6.954920492049203 ], [ 110.377362736273625, -6.954845484548456 ], [ 110.377362736273625, -6.954920492049212 ], [ 110.37721272127213, -6.954920492049203 ] ], [ [ 110.373687368736867, -6.955520552055207 ], [ 110.373762376237636, -6.955445544554456 ], [ 110.373762376237636, -6.955520552055197 ], [ 110.373687368736867, -6.955520552055207 ] ], [ [ 110.373762376237636, -6.955670567056703 ], [ 110.373987398739871, -6.955445544554459 ], [ 110.373987398739871, -6.95574557455745 ], [ 110.373762376237636, -6.955670567056703 ] ], [ [ 110.373612361236127, -6.95559555955596 ], [ 110.373687368736867, -6.955520552055207 ], [ 110.373687368736867, -6.955595559555963 ], [ 110.373612361236127, -6.95559555955596 ] ], [ [ 110.374512451245124, -6.955595559555951 ], [ 110.374587458745879, -6.955520552055205 ], [ 110.374587458745879, -6.955595559555954 ], [ 110.374512451245124, -6.955595559555951 ] ], [ [ 110.366786678667864, -6.957620762076209 ], [ 110.368136813681375, -6.956795679567957 ], [ 110.368136813681375, -6.957695769576953 ], [ 110.366786678667864, -6.957620762076209 ] ], [ [ 110.367986798679866, -6.956645664566459 ], [ 110.368136813681375, -6.95657065706571 ], [ 110.368136813681375, -6.956645664566463 ], [ 110.367986798679866, -6.956645664566459 ] ], [ [ 110.361911191119106, -6.957245724572451 ], [ 110.362736273627362, -6.957245724572453 ], [ 110.361911191119106, -6.957470747074713 ], [ 110.361911191119106, -6.957245724572451 ] ], [ [ 110.361311131113112, -6.957320732073201 ], [ 110.361686168616856, -6.957245724572451 ], [ 110.361686168616856, -6.95754575457545 ], [ 110.361311131113112, -6.957320732073201 ] ], [ [ 110.352535253525346, -6.957920792079214 ], [ 110.352610261026115, -6.957845784578456 ], [ 110.352610261026115, -6.957920792079214 ], [ 110.352535253525346, -6.957920792079214 ] ], [ [ 110.352460246024606, -6.957995799579952 ], [ 110.352535253525346, -6.957920792079214 ], [ 110.352535253525346, -6.957995799579952 ], [ 110.352460246024606, -6.957995799579952 ] ], [ [ 110.352160216021602, -6.958370837083713 ], [ 110.352235223522356, -6.958295829582951 ], [ 110.352235223522356, -6.958370837083706 ], [ 110.352160216021602, -6.958370837083713 ] ], [ [ 110.352085208520847, -6.95852085208521 ], [ 110.352160216021602, -6.958370837083713 ], [ 110.352160216021602, -6.958520852085213 ], [ 110.352085208520847, -6.95852085208521 ] ], [ [ 110.352010201020107, -6.958595859585953 ], [ 110.352085208520847, -6.95852085208521 ], [ 110.352085208520847, -6.958595859585956 ], [ 110.352010201020107, -6.958595859585953 ] ], [ [ 110.383663366336648, -6.958670867086701 ], [ 110.383738373837389, -6.958520852085204 ], [ 110.383738373837389, -6.958670867086708 ], [ 110.383663366336648, -6.958670867086701 ] ], [ [ 110.351935193519353, -6.958670867086703 ], [ 110.352010201020107, -6.958595859585953 ], [ 110.352010201020107, -6.95867086708671 ], [ 110.351935193519353, -6.958670867086703 ] ], [ [ 110.387788778877891, -6.958745874587454 ], [ 110.387863786378631, -6.958670867086703 ], [ 110.387863786378631, -6.958745874587464 ], [ 110.387788778877891, -6.958745874587454 ] ], [ [ 110.351560156015609, -6.958895889588959 ], [ 110.351635163516363, -6.958820882088204 ], [ 110.351635163516363, -6.958895889588966 ], [ 110.351560156015609, -6.958895889588959 ] ], [ [ 110.387788778877891, -6.958895889588952 ], [ 110.387863786378631, -6.958820882088211 ], [ 110.387863786378631, -6.958895889588955 ], [ 110.387788778877891, -6.958895889588952 ] ], [ [ 110.387713771377136, -6.959045904590462 ], [ 110.387788778877891, -6.958895889588952 ], [ 110.387788778877891, -6.959045904590456 ], [ 110.387713771377136, -6.959045904590462 ] ], [ [ 110.351110111011096, -6.959345934593453 ], [ 110.351260126012605, -6.959045904590453 ], [ 110.3514101410141, -6.959195919591957 ], [ 110.351110111011096, -6.959345934593453 ] ], [ [ 110.3514101410141, -6.959120912091213 ], [ 110.351485148514854, -6.959045904590452 ], [ 110.351485148514854, -6.959120912091201 ], [ 110.3514101410141, -6.959120912091213 ] ], [ [ 110.349909990999095, -6.959420942094207 ], [ 110.350135013501344, -6.959345934593466 ], [ 110.350135013501344, -6.959420942094213 ], [ 110.349909990999095, -6.959420942094207 ] ], [ [ 110.350885088508846, -6.959420942094204 ], [ 110.350960096009615, -6.959345934593466 ], [ 110.350960096009615, -6.959420942094217 ], [ 110.350885088508846, -6.959420942094204 ] ], [ [ 110.351035103510355, -6.959420942094217 ], [ 110.351110111011096, -6.959345934593453 ], [ 110.351110111011096, -6.959420942094205 ], [ 110.351035103510355, -6.959420942094217 ] ], [ [ 110.350210021002098, -6.959495949594952 ], [ 110.350285028502853, -6.959420942094212 ], [ 110.350285028502853, -6.959495949594964 ], [ 110.350210021002098, -6.959495949594952 ] ], [ [ 110.350810081008106, -6.95949594959496 ], [ 110.350885088508846, -6.959420942094204 ], [ 110.350885088508846, -6.959495949594962 ], [ 110.350810081008106, -6.95949594959496 ] ], [ [ 110.350360036003607, -6.959570957095708 ], [ 110.350435043504348, -6.959495949594961 ], [ 110.350435043504348, -6.959570957095703 ], [ 110.350360036003607, -6.959570957095708 ] ], [ [ 110.350735073507352, -6.959570957095704 ], [ 110.350810081008106, -6.95949594959496 ], [ 110.350810081008106, -6.959570957095713 ], [ 110.350735073507352, -6.959570957095704 ] ], [ [ 110.350510051005102, -6.959645964596468 ], [ 110.350735073507352, -6.959570957095704 ], [ 110.350735073507352, -6.959645964596467 ], [ 110.350510051005102, -6.959645964596468 ] ], [ [ 110.370237023702373, -6.959645964596455 ], [ 110.370312031203127, -6.959570957095714 ], [ 110.370312031203127, -6.959645964596468 ], [ 110.370237023702373, -6.959645964596455 ] ] ] } }
]
}
