{
"type": "FeatureCollection",
"name": "atrisk_2034",
"crs": { "type": "name", "properties": { "name": "urn:ogc:def:crs:OGC:1.3:CRS84" } },
"features": [
{ "type": "Feature", "properties": { "year": 2034, "layer": "atrisk" }, "geometry": { "type": "Polygon", "coordinates": [ [ [ 110.575532553255329, -6.75 ], [ 110.572832283228323, -6.750600060005998 ], [ 110.575532553255329, -6.750150015001497 ], [ 110.575532553255329, -6.75 ] ] ] } },
{ "type": "Feature", "properties": { "year": 2034, "layer": "atrisk" }, "geometry": { "type": "Polygon", "coordinates": [ [ [ 110.53990399039904, -6.750750075007499 ], [ 110.539153915391537, -6.750600060005994 ], [ 110.540279027902784, -6.751500150015008 ], [ 110.53990399039904, -6.750750075007499 ] ] ] } },
{ "type": "Feature", "properties": { "year": 2034, "layer": "atrisk" }, "geometry": { "type": "Polygon", "coordinates": [ [ [ 110.583708370837087, -6.751200120012001 ], [ 110.58280828082809, -6.752025202520256 ], [ 110.583183318331834, -6.752025202520247 ], [ 110.583708370837087, -6.751200120012001 ] ] ] } },
{ "type": "Feature", "properties": { "year": 2034, "layer": "atrisk" }, "geometry": { "type": "Polygon", "coordinates": [ [ [ 110.564056405640585, -6.75 ], [ 110.566981698169812, -6.752250225022503 ], [ 110.571707170717076, -6.75007500750075 ], [ 110.571707170717076, -6.75 ], [ 110.564056405640585, -6.75 ] ] ] } },
{ "type": "Feature", "properties": { "year": 2034, "layer": "atrisk" }, "geometry": { "type": "Polygon", "coordinates": [ [ [ 110.58453345334533, -6.752100210021005 ], [ 110.583633363336332, -6.752850285028502 ], [ 110.583408340834083, -6.753750375037506 ], [ 110.584458445844589, -6.753600360036009 ], [ 110.58453345334533, -6.752100210021005 ] ] ] } },
{ "type": "Feature", "properties": { "year": 2034, "layer": "atrisk" }, "geometry": { "type": "Polygon", "coordinates": [ [ [ 110.580633063306337, -6.752625262526261 ], [ 110.577857785778576, -6.753075307530745 ], [ 110.577857785778576, -6.753825382538264 ], [ 110.580933093309326, -6.75390039003901 ], [ 110.580633063306337, -6.752625262526261 ] ] ] } },
{ "type": "Feature", "properties": { "year": 2034, "layer": "atrisk" }, "geometry": { "type": "Polygon", "coordinates": [ [ [ 110.571632163216336, -6.753300330033009 ], [ 110.570807080708065, -6.754125412541255 ], [ 110.571707170717076, -6.754050405040497 ], [ 110.571632163216336, -6.753300330033009 ] ] ] } },
{ "type": "Feature", "properties": { "year": 2034, "layer": "atrisk" }, "geometry": { "type": "Polygon", "coordinates": [ [ [ 110.583033303330339, -6.753225322532251 ], [ 110.582058205820587, -6.75247524752475 ], [ 110.582208220822096, -6.754200420042004 ], [ 110.583033303330339, -6.753225322532251 ] ] ] } },
{ "type": "Feature", "properties": { "year": 2034, "layer": "atrisk" }, "geometry": { "type": "Polygon", "coordinates": [ [ [ 110.569681968196818, -6.754050405040497 ], [ 110.568481848184817, -6.754350435043502 ], [ 110.569456945694569, -6.754650465046496 ], [ 110.569681968196818, -6.754050405040497 ] ] ] } },
{ "type": "Feature", "properties": { "year": 2034, "layer": "atrisk" }, "geometry": { "type": "Polygon", "coordinates": [ [ [ 110.541104110411041, -6.75 ], [ 110.545829582958291, -6.75592559255925 ], [ 110.54740474047405, -6.755775577557746 ], [ 110.543429342934289, -6.75 ], [ 110.541104110411041, -6.75 ] ] ] } },
{ "type": "Feature", "properties": { "year": 2034, "layer": "atrisk" }, "geometry": { "type": "Polygon", "coordinates": [ [ [ 110.571332133213318, -6.757725772577254 ], [ 110.57043204320432, -6.756975697569755 ], [ 110.569981998199836, -6.757500750075003 ], [ 110.571332133213318, -6.757725772577254 ] ] ] } },
{ "type": "Feature", "properties": { "year": 2034, "layer": "atrisk" }, "geometry": { "type": "Polygon", "coordinates": [ [ [ 110.547254725472541, -6.759075907590766 ], [ 110.546354635463544, -6.759900990099009 ], [ 110.546654665466548, -6.760126012601257 ], [ 110.547254725472541, -6.759075907590766 ] ] ] } },
{ "type": "Feature", "properties": { "year": 2034, "layer": "atrisk" }, "geometry": { "type": "Polygon", "coordinates": [ [ [ 110.577482748274832, -6.759675967596768 ], [ 110.577932793279345, -6.761251125112507 ], [ 110.578532853285324, -6.761326132613258 ], [ 110.578607860786079, -6.759975997599751 ], [ 110.577482748274832, -6.759675967596768 ] ] ] } },
{ "type": "Feature", "properties": { "year": 2034, "layer": "atrisk" }, "geometry": { "type": "Polygon", "coordinates": [ [ [ 110.566606660666068, -6.759300930093004 ], [ 110.565631563156316, -6.759975997599761 ], [ 110.566231623162309, -6.761551155115503 ], [ 110.567131713171321, -6.760501050105018 ], [ 110.566606660666068, -6.759300930093004 ] ] ] } },
{ "type": "Feature", "properties": { "year": 2034, "layer": "atrisk" }, "geometry": { "type": "Polygon", "coordinates": [ [ [ 110.555955595559553, -6.761176117611768 ], [ 110.554905490549061, -6.762376237623767 ], [ 110.555655565556549, -6.762526252625259 ], [ 110.555955595559553, -6.761176117611768 ] ] ] } },
{ "type": "Feature", "properties": { "year": 2034, "layer": "atrisk" }, "geometry": { "type": "Polygon", "coordinates": [ [ [ 110.58423342334234, -6.754275427542751 ], [ 110.582508250825086, -6.759075907590762 ], [ 110.581608160816089, -6.7576507650765 ], [ 110.575007500750075, -6.757200720072006 ], [ 110.574707470747072, -6.75555055505551 ], [ 110.572832283228323, -6.755925592559263 ], [ 110.572157215721575, -6.756450645064502 ], [ 110.57515751575157, -6.757425742574257 ], [ 110.574107410741078, -6.759900990099014 ], [ 110.577107710771074, -6.759000900090011 ], [ 110.582358235823577, -6.760426042604255 ], [ 110.583783378337827, -6.761551155115518 ], [ 110.583258325832588, -6.763276327632759 ], [ 110.583633363336332, -6.763726372637266 ], [ 110.58423342334234, -6.763201320132019 ], [ 110.58423342334234, -6.754275427542751 ] ] ] } },
{ "type": "Feature", "properties": { "year": 2034, "layer": "atrisk" }, "geometry": { "type": "Polygon", "coordinates": [ [ [ 110.568706870687066, -6.763876387638763 ], [ 110.569006900690084, -6.763126312631258 ], [ 110.566381638163818, -6.763501350135004 ], [ 110.568706870687066, -6.763876387638763 ] ], [ [ 110.568481848184817, -6.763426342634269 ], [ 110.568556855685571, -6.763351335133507 ], [ 110.568556855685571, -6.76342634263427 ], [ 110.568481848184817, -6.763426342634269 ] ] ] } },
{ "type": "Feature", "properties": { "year": 2034, "layer": "atrisk" }, "geometry": { "type": "Polygon", "coordinates": [ [ [ 110.552505250525073, -6.808955895589562 ], [ 110.551080108010808, -6.808430843084302 ], [ 110.549504950495063, -6.811281128112816 ], [ 110.552505250525073, -6.808955895589562 ] ] ] } },
{ "type": "Feature", "properties": { "year": 2034, "layer": "atrisk" }, "geometry": { "type": "Polygon", "coordinates": [ [ [ 110.576282628262845, -6.759900990099013 ], [ 110.572307230723084, -6.761701170117013 ], [ 110.575007500750075, -6.761251125112503 ], [ 110.575457545754574, -6.762826282628267 ], [ 110.573057305730572, -6.763051305130517 ], [ 110.570657065706584, -6.764176417641769 ], [ 110.575607560756069, -6.764326432643267 ], [ 110.575457545754574, -6.769801980198028 ], [ 110.576882688268824, -6.770627062706262 ], [ 110.576057605760582, -6.768976897689773 ], [ 110.577482748274832, -6.76755175517552 ], [ 110.578082808280826, -6.770702070207024 ], [ 110.575532553255329, -6.771452145214529 ], [ 110.575457545754574, -6.770477047704776 ], [ 110.575232523252325, -6.773477347734771 ], [ 110.572982298229817, -6.77475247524752 ], [ 110.569456945694569, -6.775202520252023 ], [ 110.568331833183322, -6.775952595259531 ], [ 110.56593159315932, -6.784428442844288 ], [ 110.565781578157811, -6.78727872787278 ], [ 110.567056705670566, -6.788178817881779 ], [ 110.565331533153312, -6.78795379537953 ], [ 110.562706270627075, -6.792904290429049 ], [ 110.564731473147319, -6.795454545454554 ], [ 110.567281728172816, -6.792679267926785 ], [ 110.565406540654067, -6.795979597959791 ], [ 110.566231623162309, -6.796729672967293 ], [ 110.567431743174311, -6.794929492949302 ], [ 110.568256825682568, -6.79620462046204 ], [ 110.569156915691565, -6.795154515451541 ], [ 110.569756975697572, -6.79822982298229 ], [ 110.568181818181813, -6.799054905490552 ], [ 110.567431743174311, -6.797854785478546 ], [ 110.566606660666068, -6.798529852985292 ], [ 110.566081608160815, -6.797479747974801 ], [ 110.564131413141311, -6.796654665466549 ], [ 110.561956195619558, -6.797479747974796 ], [ 110.561881188118818, -6.795004500450043 ], [ 110.559555955595556, -6.798154815481547 ], [ 110.55985598559856, -6.800330033003299 ], [ 110.561356135613565, -6.798904890489052 ], [ 110.560081008100823, -6.800930093009298 ], [ 110.560231023102304, -6.801680168016795 ], [ 110.561581158115814, -6.80055505550555 ], [ 110.561806180618063, -6.801755175517544 ], [ 110.56758175817582, -6.805130513051301 ], [ 110.568631863186312, -6.804680468046803 ], [ 110.569681968196818, -6.807530753075303 ], [ 110.567731773177314, -6.806405640564052 ], [ 110.566456645664573, -6.808130813081314 ], [ 110.568406840684062, -6.810381038103802 ], [ 110.56293129312931, -6.804605460546056 ], [ 110.566306630663064, -6.807755775577551 ], [ 110.567431743174311, -6.805805580558061 ], [ 110.560306030603059, -6.80198019801981 ], [ 110.560081008100823, -6.803705370537059 ], [ 110.557230723072308, -6.805430543054306 ], [ 110.557080708070814, -6.806105610561058 ], [ 110.556630663066301, -6.805955595559556 ], [ 110.554230423042299, -6.809030903090314 ], [ 110.56293129312931, -6.816006600660069 ], [ 110.563531353135318, -6.81345634563457 ], [ 110.570657065706584, -6.811506150615057 ], [ 110.577257725772597, -6.807080708070805 ], [ 110.581533153315334, -6.801530153015299 ], [ 110.583933393339336, -6.795154515451541 ], [ 110.584458445844589, -6.791779177917794 ], [ 110.582058205820587, -6.790279027902787 ], [ 110.58145814581458, -6.79365436543655 ], [ 110.581533153315334, -6.789978997899788 ], [ 110.578757875787574, -6.788628862886288 ], [ 110.582133213321328, -6.789528952895292 ], [ 110.584458445844589, -6.791404140414036 ], [ 110.584608460846084, -6.770702070207022 ], [ 110.581758175817583, -6.770552055205525 ], [ 110.582958295829584, -6.76650165016502 ], [ 110.581833183318338, -6.767326732673265 ], [ 110.582133213321328, -6.764551455145516 ], [ 110.579732973297325, -6.763951395139514 ], [ 110.583558355835578, -6.764776477647757 ], [ 110.58423342334234, -6.764101410141012 ], [ 110.581083108310835, -6.762601260126003 ], [ 110.576132613261322, -6.762976297629757 ], [ 110.576282628262845, -6.759900990099013 ] ], [ [ 110.57650765076508, -6.76350135013502 ], [ 110.576582658265835, -6.763426342634262 ], [ 110.576582658265835, -6.763501350135008 ], [ 110.57650765076508, -6.76350135013502 ] ], [ [ 110.577257725772597, -6.763726372637258 ], [ 110.577332733273323, -6.763651365136519 ], [ 110.577332733273323, -6.76372637263727 ], [ 110.577257725772597, -6.763726372637258 ] ], [ [ 110.576882688268824, -6.764851485148521 ], [ 110.577782778277822, -6.765076507650763 ], [ 110.576957695769579, -6.765826582658267 ], [ 110.576882688268824, -6.764851485148521 ] ], [ [ 110.575682568256823, -6.768451845184522 ], [ 110.575757575757578, -6.768301830183025 ], [ 110.575757575757578, -6.768451845184527 ], [ 110.575682568256823, -6.768451845184522 ] ], [ [ 110.575532553255329, -6.769501950195015 ], [ 110.575607560756069, -6.769276927692762 ], [ 110.575607560756069, -6.769501950195019 ], [ 110.575532553255329, -6.769501950195015 ] ], [ [ 110.570282028202826, -6.775202520252034 ], [ 110.570582058205815, -6.775277527752783 ], [ 110.570282028202826, -6.775277527752771 ], [ 110.570282028202826, -6.775202520252034 ] ], [ [ 110.571107110711068, -6.77535253525352 ], [ 110.571182118211823, -6.775202520252019 ], [ 110.571182118211823, -6.775352535253528 ], [ 110.571107110711068, -6.77535253525352 ] ], [ [ 110.569756975697572, -6.775427542754276 ], [ 110.569831983198327, -6.775352535253521 ], [ 110.569831983198327, -6.775427542754275 ], [ 110.569756975697572, -6.775427542754276 ] ], [ [ 110.569756975697572, -6.775877587758781 ], [ 110.570132013201317, -6.775577557755772 ], [ 110.570132013201317, -6.77580258025802 ], [ 110.569756975697572, -6.775877587758781 ] ], [ [ 110.569606960696063, -6.775802580258032 ], [ 110.569681968196818, -6.775577557755778 ], [ 110.569681968196818, -6.775802580258028 ], [ 110.569606960696063, -6.775802580258032 ] ], [ [ 110.568931893189315, -6.776027602760282 ], [ 110.569081908190824, -6.775652565256532 ], [ 110.569006900690084, -6.776027602760269 ], [ 110.568931893189315, -6.776027602760282 ] ], [ [ 110.569156915691565, -6.776027602760273 ], [ 110.569456945694569, -6.775802580258032 ], [ 110.569231923192319, -6.776177617761784 ], [ 110.569156915691565, -6.776027602760273 ] ], [ [ 110.568706870687066, -6.775877587758782 ], [ 110.568781878187821, -6.775802580258024 ], [ 110.568781878187821, -6.775877587758775 ], [ 110.568706870687066, -6.775877587758782 ] ], [ [ 110.568631863186312, -6.776252625262527 ], [ 110.568781878187821, -6.776402640264031 ], [ 110.568631863186312, -6.776552655265528 ], [ 110.568631863186312, -6.776252625262527 ] ], [ [ 110.569756975697572, -6.776327632763282 ], [ 110.569831983198327, -6.776102610261017 ], [ 110.569831983198327, -6.776327632763279 ], [ 110.569756975697572, -6.776327632763282 ] ], [ [ 110.570657065706584, -6.776552655265534 ], [ 110.571032103210328, -6.776252625262534 ], [ 110.570882088208819, -6.776702670267034 ], [ 110.570657065706584, -6.776552655265534 ] ], [ [ 110.578457845784584, -6.776177617761778 ], [ 110.583333333333329, -6.778202820282023 ], [ 110.58453345334533, -6.780003000300026 ], [ 110.581008100810081, -6.77947794779478 ], [ 110.578457845784584, -6.776177617761778 ] ], [ [ 110.568931893189315, -6.776327632763272 ], [ 110.569081908190824, -6.776477647764779 ], [ 110.568931893189315, -6.776627662766278 ], [ 110.568931893189315, -6.776327632763272 ] ], [ [ 110.569681968196818, -6.776477647764777 ], [ 110.569756975697572, -6.776327632763282 ], [ 110.569756975697572, -6.776477647764777 ], [ 110.569681968196818, -6.776477647764777 ] ], [ [ 110.570357035703566, -6.776552655265521 ], [ 110.570507050705075, -6.776327632763272 ], [ 110.57043204320432, -6.776552655265527 ], [ 110.570357035703566, -6.776552655265521 ] ], [ [ 110.569156915691565, -6.776702670267026 ], [ 110.569231923192319, -6.776402640264023 ], [ 110.569231923192319, -6.776702670267025 ], [ 110.569156915691565, -6.776702670267026 ] ], [ [ 110.569606960696063, -6.776702670267031 ], [ 110.569681968196818, -6.776627662766285 ], [ 110.569681968196818, -6.776702670267031 ], [ 110.569606960696063, -6.776702670267031 ] ], [ [ 110.570357035703566, -6.776777677767772 ], [ 110.570507050705075, -6.776927692769283 ], [ 110.570282028202826, -6.777152715271523 ], [ 110.570357035703566, -6.776777677767772 ] ], [ [ 110.570957095709574, -6.776852685268523 ], [ 110.571032103210328, -6.776702670267024 ], [ 110.571032103210328, -6.776852685268529 ], [ 110.570957095709574, -6.776852685268523 ] ], [ [ 110.570207020702071, -6.776927692769282 ], [ 110.570282028202826, -6.776777677767767 ], [ 110.570282028202826, -6.776927692769271 ], [ 110.570207020702071, -6.776927692769282 ] ], [ [ 110.570582058205815, -6.776927692769271 ], [ 110.570732073207324, -6.77677767776778 ], [ 110.570657065706584, -6.776927692769282 ], [ 110.570582058205815, -6.776927692769271 ] ], [ [ 110.570882088208819, -6.777002700270025 ], [ 110.570957095709574, -6.776852685268523 ], [ 110.570957095709574, -6.777002700270029 ], [ 110.570882088208819, -6.777002700270025 ] ], [ [ 110.571032103210328, -6.776927692769275 ], [ 110.571107110711068, -6.776852685268527 ], [ 110.571107110711068, -6.776927692769283 ], [ 110.571032103210328, -6.776927692769275 ] ], [ [ 110.570132013201317, -6.777077707770777 ], [ 110.570207020702071, -6.776927692769282 ], [ 110.570207020702071, -6.777077707770785 ], [ 110.570132013201317, -6.777077707770777 ] ], [ [ 110.570807080708065, -6.777077707770782 ], [ 110.570882088208819, -6.777002700270025 ], [ 110.570882088208819, -6.777077707770776 ], [ 110.570807080708065, -6.777077707770782 ] ], [ [ 110.569981998199836, -6.777152715271525 ], [ 110.570057005700576, -6.777077707770778 ], [ 110.570057005700576, -6.77715271527153 ], [ 110.569981998199836, -6.777152715271525 ] ], [ [ 110.570507050705075, -6.777152715271534 ], [ 110.570582058205815, -6.777077707770784 ], [ 110.570582058205815, -6.777152715271525 ], [ 110.570507050705075, -6.777152715271534 ] ], [ [ 110.569831983198327, -6.777377737773769 ], [ 110.570357035703566, -6.777377737773786 ], [ 110.570132013201317, -6.777827782778283 ], [ 110.569831983198327, -6.777377737773769 ] ], [ [ 110.570732073207324, -6.777227722772285 ], [ 110.570807080708065, -6.777152715271526 ], [ 110.570807080708065, -6.777227722772277 ], [ 110.570732073207324, -6.777227722772285 ] ], [ [ 110.570807080708065, -6.777827782778278 ], [ 110.570957095709574, -6.777527752775276 ], [ 110.571032103210328, -6.77775277527752 ], [ 110.570807080708065, -6.777827782778278 ] ], [ [ 110.569081908190824, -6.777902790279034 ], [ 110.569831983198327, -6.777752775277532 ], [ 110.569681968196818, -6.777902790279032 ], [ 110.569531953195323, -6.778502850285033 ], [ 110.569831983198327, -6.778802880288035 ], [ 110.569531953195323, -6.779477947794777 ], [ 110.569831983198327, -6.77917791779178 ], [ 110.570057005700576, -6.779402940294022 ], [ 110.569006900690084, -6.781953195319539 ], [ 110.571107110711068, -6.783078307830781 ], [ 110.572007200720066, -6.783228322832279 ], [ 110.573357335733576, -6.785103510351032 ], [ 110.567956795679564, -6.781728172817276 ], [ 110.569456945694569, -6.778727872787285 ], [ 110.569081908190824, -6.777902790279034 ] ], [ [ 110.57043204320432, -6.777602760276035 ], [ 110.570657065706584, -6.77767776777678 ], [ 110.570357035703566, -6.777977797779783 ], [ 110.57043204320432, -6.777602760276035 ] ], [ [ 110.568931893189315, -6.777827782778282 ], [ 110.569006900690084, -6.777752775277528 ], [ 110.569006900690084, -6.777827782778283 ], [ 110.568931893189315, -6.777827782778282 ] ], [ [ 110.568331833183322, -6.778952895289534 ], [ 110.568931893189315, -6.778052805280522 ], [ 110.568706870687066, -6.778877887788775 ], [ 110.568331833183322, -6.778952895289534 ] ], [ [ 110.570732073207324, -6.77790279027903 ], [ 110.570807080708065, -6.777827782778278 ], [ 110.570807080708065, -6.777902790279033 ], [ 110.570732073207324, -6.77790279027903 ] ], [ [ 110.569756975697572, -6.778052805280524 ], [ 110.569831983198327, -6.777902790279032 ], [ 110.569831983198327, -6.778052805280522 ], [ 110.569756975697572, -6.778052805280524 ] ], [ [ 110.570132013201317, -6.778052805280524 ], [ 110.570207020702071, -6.777977797779784 ], [ 110.570207020702071, -6.778052805280534 ], [ 110.570132013201317, -6.778052805280524 ] ], [ [ 110.569831983198327, -6.778352835283526 ], [ 110.570057005700576, -6.778052805280534 ], [ 110.569906990699067, -6.778352835283534 ], [ 110.569831983198327, -6.778352835283526 ] ], [ [ 110.570057005700576, -6.778352835283534 ], [ 110.570132013201317, -6.778127812781281 ], [ 110.570132013201317, -6.778352835283525 ], [ 110.570057005700576, -6.778352835283534 ] ], [ [ 110.570207020702071, -6.778352835283521 ], [ 110.570357035703566, -6.778127812781271 ], [ 110.570282028202826, -6.778352835283526 ], [ 110.570207020702071, -6.778352835283521 ] ], [ [ 110.570357035703566, -6.77857785778578 ], [ 110.570657065706584, -6.778352835283523 ], [ 110.570132013201317, -6.779102910291031 ], [ 110.569906990699067, -6.77865286528652 ], [ 110.570357035703566, -6.77857785778578 ] ], [ [ 110.568706870687066, -6.779102910291027 ], [ 110.569006900690084, -6.778652865286536 ], [ 110.568856885688575, -6.779102910291023 ], [ 110.568706870687066, -6.779102910291027 ] ], [ [ 110.569081908190824, -6.778727872787286 ], [ 110.569156915691565, -6.778577857785771 ], [ 110.569156915691565, -6.778727872787278 ], [ 110.569081908190824, -6.778727872787286 ] ], [ [ 110.569006900690084, -6.77895289528953 ], [ 110.569081908190824, -6.778802880288033 ], [ 110.569081908190824, -6.778952895289531 ], [ 110.569006900690084, -6.77895289528953 ] ], [ [ 110.568931893189315, -6.779102910291029 ], [ 110.569006900690084, -6.779027902790282 ], [ 110.569006900690084, -6.779102910291021 ], [ 110.568931893189315, -6.779102910291029 ] ], [ [ 110.570057005700576, -6.779252925292536 ], [ 110.570132013201317, -6.779102910291031 ], [ 110.570132013201317, -6.779252925292522 ], [ 110.570057005700576, -6.779252925292536 ] ], [ [ 110.568931893189315, -6.779477947794775 ], [ 110.569006900690084, -6.779402940294024 ], [ 110.569006900690084, -6.779477947794778 ], [ 110.568931893189315, -6.779477947794775 ] ], [ [ 110.569531953195323, -6.78090309030903 ], [ 110.569606960696063, -6.780828082808281 ], [ 110.569606960696063, -6.780903090309029 ], [ 110.569531953195323, -6.78090309030903 ] ], [ [ 110.574932493249335, -6.781578157815782 ], [ 110.575007500750075, -6.781503150315035 ], [ 110.575007500750075, -6.781578157815778 ], [ 110.574932493249335, -6.781578157815782 ] ], [ [ 110.573057305730572, -6.784203420342037 ], [ 110.57538253825382, -6.781728172817275 ], [ 110.57508250825083, -6.782328232823288 ], [ 110.573882388238829, -6.784128412841287 ], [ 110.573057305730572, -6.784203420342037 ] ], [ [ 110.574857485748581, -6.781728172817287 ], [ 110.575007500750075, -6.781653165316526 ], [ 110.575007500750075, -6.781803180318023 ], [ 110.574857485748581, -6.781728172817287 ] ], [ [ 110.568181818181813, -6.782178217821778 ], [ 110.568331833183322, -6.782103210321028 ], [ 110.568031803180318, -6.782778277827785 ], [ 110.568181818181813, -6.782178217821778 ] ], [ [ 110.568331833183322, -6.782253225322534 ], [ 110.568406840684062, -6.782178217821789 ], [ 110.568406840684062, -6.782253225322536 ], [ 110.568331833183322, -6.782253225322534 ] ], [ [ 110.569906990699067, -6.782328232823277 ], [ 110.569981998199836, -6.782253225322526 ], [ 110.569981998199836, -6.78232823282329 ], [ 110.569906990699067, -6.782328232823277 ] ], [ [ 110.568631863186312, -6.782553255325525 ], [ 110.568706870687066, -6.782478247824786 ], [ 110.568706870687066, -6.782553255325535 ], [ 110.568631863186312, -6.782553255325525 ] ], [ [ 110.567881788178823, -6.782853285328532 ], [ 110.567956795679564, -6.782778277827778 ], [ 110.567956795679564, -6.78285328532854 ], [ 110.567881788178823, -6.782853285328532 ] ], [ [ 110.571032103210328, -6.782928292829276 ], [ 110.571107110711068, -6.782853285328538 ], [ 110.571107110711068, -6.782928292829285 ], [ 110.571032103210328, -6.782928292829276 ] ], [ [ 110.571182118211823, -6.783003300330039 ], [ 110.571257125712577, -6.78292829282928 ], [ 110.571257125712577, -6.783003300330039 ], [ 110.571182118211823, -6.783003300330039 ] ], [ [ 110.567806780678069, -6.78307830783079 ], [ 110.567881788178823, -6.783003300330038 ], [ 110.567881788178823, -6.783078307830784 ], [ 110.567806780678069, -6.78307830783079 ] ], [ [ 110.569831983198327, -6.783078307830787 ], [ 110.569906990699067, -6.78300330033003 ], [ 110.569906990699067, -6.783078307830788 ], [ 110.569831983198327, -6.783078307830787 ] ], [ [ 110.571557155715567, -6.783078307830789 ], [ 110.571632163216336, -6.783003300330035 ], [ 110.571632163216336, -6.783078307830789 ], [ 110.571557155715567, -6.783078307830789 ] ], [ [ 110.567731773177314, -6.783228322832283 ], [ 110.567806780678069, -6.78307830783079 ], [ 110.567806780678069, -6.783228322832282 ], [ 110.567731773177314, -6.783228322832283 ] ], [ [ 110.567956795679564, -6.78345334533453 ], [ 110.568481848184817, -6.783153315331533 ], [ 110.568556855685571, -6.783378337833788 ], [ 110.567956795679564, -6.78345334533453 ] ], [ [ 110.567656765676574, -6.783378337833778 ], [ 110.567731773177314, -6.783228322832283 ], [ 110.567731773177314, -6.78337833783378 ], [ 110.567656765676574, -6.783378337833778 ] ], [ [ 110.57208220822082, -6.783303330333034 ], [ 110.572157215721575, -6.783228322832287 ], [ 110.572157215721575, -6.783303330333029 ], [ 110.57208220822082, -6.783303330333034 ] ], [ [ 110.56758175817582, -6.783528352835274 ], [ 110.567656765676574, -6.783378337833778 ], [ 110.567656765676574, -6.783528352835281 ], [ 110.56758175817582, -6.783528352835274 ] ], [ [ 110.572232223222329, -6.78345334533453 ], [ 110.572307230723084, -6.783378337833783 ], [ 110.572307230723084, -6.78345334533454 ], [ 110.572232223222329, -6.78345334533453 ] ], [ [ 110.567506750675065, -6.783678367836789 ], [ 110.56758175817582, -6.783603360336026 ], [ 110.56758175817582, -6.783678367836782 ], [ 110.567506750675065, -6.783678367836789 ] ], [ [ 110.572682268226828, -6.783753375337536 ], [ 110.572757275727568, -6.783678367836781 ], [ 110.572757275727568, -6.783753375337533 ], [ 110.572682268226828, -6.783753375337536 ] ], [ [ 110.567431743174311, -6.783828382838284 ], [ 110.567506750675065, -6.783753375337534 ], [ 110.567506750675065, -6.783828382838285 ], [ 110.567431743174311, -6.783828382838284 ] ], [ [ 110.567356735673584, -6.783978397839782 ], [ 110.567431743174311, -6.783903390339041 ], [ 110.567431743174311, -6.783978397839787 ], [ 110.567356735673584, -6.783978397839782 ] ], [ [ 110.572832283228323, -6.784203420342027 ], [ 110.572907290729077, -6.78397839783979 ], [ 110.572982298229817, -6.784203420342037 ], [ 110.572832283228323, -6.784203420342027 ] ], [ [ 110.567206720672061, -6.784278427842785 ], [ 110.567281728172816, -6.784203420342036 ], [ 110.567281728172816, -6.784278427842786 ], [ 110.567206720672061, -6.784278427842785 ] ], [ [ 110.57343234323433, -6.784353435343529 ], [ 110.573507350735071, -6.784278427842789 ], [ 110.573507350735071, -6.784353435343536 ], [ 110.57343234323433, -6.784353435343529 ] ], [ [ 110.57343234323433, -6.784503450345041 ], [ 110.573507350735071, -6.784428442844286 ], [ 110.573507350735071, -6.784503450345031 ], [ 110.57343234323433, -6.784503450345041 ] ], [ [ 110.566531653165313, -6.785028502850289 ], [ 110.566906690669072, -6.784878487848777 ], [ 110.566906690669072, -6.785028502850285 ], [ 110.566531653165313, -6.785028502850289 ] ], [ [ 110.56758175817582, -6.785178517851791 ], [ 110.567731773177314, -6.78495349534954 ], [ 110.567656765676574, -6.785178517851779 ], [ 110.56758175817582, -6.785178517851791 ] ], [ [ 110.573132313231326, -6.785178517851786 ], [ 110.573207320732067, -6.785103510351038 ], [ 110.573207320732067, -6.785178517851782 ], [ 110.573132313231326, -6.785178517851786 ] ], [ [ 110.566456645664573, -6.78607860786078 ], [ 110.566531653165313, -6.786003600360032 ], [ 110.566531653165313, -6.786078607860785 ], [ 110.566456645664573, -6.78607860786078 ] ], [ [ 110.566381638163818, -6.786303630363046 ], [ 110.566456645664573, -6.786153615361536 ], [ 110.566456645664573, -6.786303630363031 ], [ 110.566381638163818, -6.786303630363046 ] ], [ [ 110.583258325832588, -6.78727872787278 ], [ 110.584383438343835, -6.786903690369043 ], [ 110.583708370837087, -6.787878787878784 ], [ 110.583258325832588, -6.78727872787278 ] ], [ [ 110.569606960696063, -6.78817881788178 ], [ 110.569906990699067, -6.787428742874281 ], [ 110.570357035703566, -6.786978697869792 ], [ 110.570132013201317, -6.788403840384031 ], [ 110.569606960696063, -6.78817881788178 ] ], [ [ 110.569981998199836, -6.787203720372033 ], [ 110.570057005700576, -6.78712871287128 ], [ 110.570057005700576, -6.787203720372031 ], [ 110.569981998199836, -6.787203720372033 ] ], [ [ 110.574782478247826, -6.788628862886287 ], [ 110.576207620762077, -6.787578757875786 ], [ 110.574932493249335, -6.789078907890785 ], [ 110.574782478247826, -6.788628862886287 ] ], [ [ 110.569906990699067, -6.787278727872788 ], [ 110.569981998199836, -6.787203720372033 ], [ 110.569981998199836, -6.787278727872792 ], [ 110.569906990699067, -6.787278727872788 ] ], [ [ 110.569606960696063, -6.788853885388532 ], [ 110.569756975697572, -6.78825382538253 ], [ 110.569756975697572, -6.788778877887787 ], [ 110.570282028202826, -6.788478847884785 ], [ 110.575307530753079, -6.789978997899787 ], [ 110.576432643264326, -6.792304230423033 ], [ 110.579057905790577, -6.792754275427535 ], [ 110.57680768076807, -6.792979297929794 ], [ 110.575307530753079, -6.790654065406538 ], [ 110.569606960696063, -6.788853885388532 ] ], [ [ 110.569981998199836, -6.788478847884785 ], [ 110.570057005700576, -6.788403840384047 ], [ 110.570057005700576, -6.788478847884793 ], [ 110.569981998199836, -6.788478847884785 ] ], [ [ 110.569306930693074, -6.788703870387043 ], [ 110.569381938193814, -6.788628862886291 ], [ 110.569381938193814, -6.78870387038703 ], [ 110.569306930693074, -6.788703870387043 ] ], [ [ 110.565031503150323, -6.789153915391538 ], [ 110.565106510651063, -6.789078907890783 ], [ 110.565106510651063, -6.789153915391533 ], [ 110.565031503150323, -6.789153915391538 ] ], [ [ 110.565556555655562, -6.791779177917794 ], [ 110.567881788178823, -6.789453945394539 ], [ 110.566456645664573, -6.791929192919294 ], [ 110.565556555655562, -6.791779177917794 ] ], [ [ 110.570207020702071, -6.790054005400548 ], [ 110.57515751575157, -6.790804080408039 ], [ 110.575832583258332, -6.792454245424544 ], [ 110.570207020702071, -6.790054005400548 ] ], [ [ 110.569531953195323, -6.789753975397541 ], [ 110.569756975697572, -6.789828982898291 ], [ 110.569531953195323, -6.789903990399035 ], [ 110.569531953195323, -6.789753975397541 ] ], [ [ 110.56458145814581, -6.791254125412532 ], [ 110.564731473147319, -6.79102910291029 ], [ 110.564656465646564, -6.791254125412542 ], [ 110.56458145814581, -6.791254125412532 ] ], [ [ 110.564956495649568, -6.791329132913291 ], [ 110.565106510651063, -6.791179117911793 ], [ 110.565106510651063, -6.791329132913296 ], [ 110.564956495649568, -6.791329132913291 ] ], [ [ 110.564731473147319, -6.791329132913289 ], [ 110.564806480648059, -6.791254125412546 ], [ 110.564806480648059, -6.791329132913289 ], [ 110.564731473147319, -6.791329132913289 ] ], [ [ 110.565406540654067, -6.791329132913297 ], [ 110.565481548154821, -6.791254125412533 ], [ 110.565481548154821, -6.791329132913285 ], [ 110.565406540654067, -6.791329132913297 ] ], [ [ 110.564881488148814, -6.791479147914784 ], [ 110.564956495649568, -6.791329132913291 ], [ 110.565031503150323, -6.791479147914791 ], [ 110.564881488148814, -6.791479147914784 ] ], [ [ 110.563831383138307, -6.791779177917789 ], [ 110.564206420642066, -6.791479147914784 ], [ 110.563831383138307, -6.7919291929193 ], [ 110.563831383138307, -6.791779177917789 ] ], [ [ 110.565106510651063, -6.791554155415533 ], [ 110.565181518151817, -6.791479147914783 ], [ 110.565181518151817, -6.791554155415534 ], [ 110.565106510651063, -6.791554155415533 ] ], [ [ 110.573132313231326, -6.793429342934284 ], [ 110.574857485748581, -6.793654365436542 ], [ 110.574182418241818, -6.795604560456039 ], [ 110.572232223222329, -6.795004500450052 ], [ 110.573132313231326, -6.793429342934284 ] ], [ [ 110.581908190819078, -6.795079507950794 ], [ 110.582658265826581, -6.795829582958293 ], [ 110.581533153315334, -6.797479747974798 ], [ 110.581383138313825, -6.797104710471039 ], [ 110.581908190819078, -6.795079507950794 ] ], [ [ 110.575457545754574, -6.795754575457548 ], [ 110.577107710771074, -6.796429642964291 ], [ 110.576957695769579, -6.797329732973291 ], [ 110.57515751575157, -6.796729672967297 ], [ 110.575457545754574, -6.795754575457548 ] ], [ [ 110.570582058205815, -6.7970297029703 ], [ 110.571182118211823, -6.796579657965795 ], [ 110.572532253225319, -6.796954695469546 ], [ 110.570582058205815, -6.7970297029703 ] ], [ [ 110.579057905790577, -6.796504650465043 ], [ 110.579957995799575, -6.798529852985291 ], [ 110.580783078307832, -6.798004800480045 ], [ 110.580258025802578, -6.799429942994294 ], [ 110.577782778277822, -6.798529852985292 ], [ 110.579057905790577, -6.796504650465043 ] ], [ [ 110.563906390639062, -6.796879687968793 ], [ 110.563981398139816, -6.796804680468051 ], [ 110.563981398139816, -6.796879687968802 ], [ 110.563906390639062, -6.796879687968793 ] ], [ [ 110.564056405640585, -6.796879687968798 ], [ 110.564131413141311, -6.796804680468042 ], [ 110.564131413141311, -6.796879687968805 ], [ 110.564056405640585, -6.796879687968798 ] ], [ [ 110.564431443144315, -6.797104710471039 ], [ 110.564506450645069, -6.797029702970296 ], [ 110.564506450645069, -6.797104710471055 ], [ 110.564431443144315, -6.797104710471039 ] ], [ [ 110.561731173117323, -6.797404740474042 ], [ 110.561806180618063, -6.79725472547254 ], [ 110.561806180618063, -6.797404740474052 ], [ 110.561731173117323, -6.797404740474042 ] ], [ [ 110.560006000600055, -6.79785478547855 ], [ 110.560531053105308, -6.798079807980791 ], [ 110.560231023102304, -6.798229822982295 ], [ 110.560006000600055, -6.79785478547855 ] ], [ [ 110.56593159315932, -6.797629762976301 ], [ 110.566006600660074, -6.79755475547554 ], [ 110.566006600660074, -6.797629762976293 ], [ 110.56593159315932, -6.797629762976301 ] ], [ [ 110.580258025802578, -6.797704770477052 ], [ 110.580333033303333, -6.797629762976304 ], [ 110.580333033303333, -6.797704770477054 ], [ 110.580258025802578, -6.797704770477052 ] ], [ [ 110.57373237323732, -6.798679867986804 ], [ 110.574932493249335, -6.798229822982296 ], [ 110.574857485748581, -6.799054905490546 ], [ 110.57373237323732, -6.798679867986804 ] ], [ [ 110.580183018301824, -6.797929792979295 ], [ 110.580258025802578, -6.797779777977794 ], [ 110.580258025802578, -6.797929792979297 ], [ 110.580183018301824, -6.797929792979295 ] ], [ [ 110.580183018301824, -6.798304830483058 ], [ 110.580258025802578, -6.798229822982295 ], [ 110.580258025802578, -6.79830483048304 ], [ 110.580183018301824, -6.798304830483058 ] ], [ [ 110.578682868286833, -6.799354935493545 ], [ 110.578832883288328, -6.799279927992796 ], [ 110.578832883288328, -6.799354935493547 ], [ 110.578682868286833, -6.799354935493545 ] ], [ [ 110.560831083108312, -6.800105010501045 ], [ 110.560906090609066, -6.800030003000305 ], [ 110.560906090609066, -6.800105010501042 ], [ 110.560831083108312, -6.800105010501045 ] ], [ [ 110.561956195619558, -6.801530153015295 ], [ 110.562031203120313, -6.801455145514558 ], [ 110.562031203120313, -6.801530153015305 ], [ 110.561956195619558, -6.801530153015295 ] ], [ [ 110.564206420642066, -6.802355235523548 ], [ 110.56428142814282, -6.802280228022811 ], [ 110.56428142814282, -6.802355235523557 ], [ 110.564206420642066, -6.802355235523548 ] ], [ [ 110.56428142814282, -6.802430243024307 ], [ 110.564356435643575, -6.802355235523547 ], [ 110.564356435643575, -6.802430243024304 ], [ 110.56428142814282, -6.802430243024307 ] ], [ [ 110.560906090609066, -6.802505250525056 ], [ 110.560981098109806, -6.802430243024311 ], [ 110.560981098109806, -6.802505250525046 ], [ 110.560906090609066, -6.802505250525056 ] ], [ [ 110.561056105610575, -6.802580258025801 ], [ 110.561131113111315, -6.802505250525057 ], [ 110.561131113111315, -6.802580258025801 ], [ 110.561056105610575, -6.802580258025801 ] ], [ [ 110.565256525652572, -6.80325532553255 ], [ 110.565331533153312, -6.803180318031798 ], [ 110.565331533153312, -6.803255325532548 ], [ 110.565256525652572, -6.80325532553255 ] ], [ [ 110.565856585658565, -6.803555355535558 ], [ 110.56593159315932, -6.8034803480348 ], [ 110.56593159315932, -6.80355535553555 ], [ 110.565856585658565, -6.803555355535558 ] ], [ [ 110.558730873087313, -6.804755475547551 ], [ 110.562781278127815, -6.80670567056706 ], [ 110.563081308130833, -6.806105610561053 ], [ 110.566081608160815, -6.809780978097804 ], [ 110.559930993099314, -6.805730573057303 ], [ 110.558130813081306, -6.806705670567049 ], [ 110.558730873087313, -6.804755475547551 ] ], [ [ 110.56758175817582, -6.804830483048305 ], [ 110.567656765676574, -6.804755475547558 ], [ 110.567656765676574, -6.804830483048307 ], [ 110.56758175817582, -6.804830483048305 ] ], [ [ 110.567506750675065, -6.80498049804981 ], [ 110.56758175817582, -6.804830483048305 ], [ 110.56758175817582, -6.804980498049801 ], [ 110.567506750675065, -6.80498049804981 ] ], [ [ 110.567731773177314, -6.804905490549059 ], [ 110.567806780678069, -6.804830483048296 ], [ 110.567806780678069, -6.804905490549051 ], [ 110.567731773177314, -6.804905490549059 ] ], [ [ 110.568031803180318, -6.804905490549062 ], [ 110.568106810681073, -6.804830483048312 ], [ 110.568106810681073, -6.80490549054905 ], [ 110.568031803180318, -6.804905490549062 ] ], [ [ 110.567656765676574, -6.805055505550551 ], [ 110.567731773177314, -6.804905490549059 ], [ 110.567731773177314, -6.805055505550549 ], [ 110.567656765676574, -6.805055505550551 ] ], [ [ 110.558280828082815, -6.805280528052799 ], [ 110.558355835583555, -6.805205520552048 ], [ 110.558355835583555, -6.80528052805281 ], [ 110.558280828082815, -6.805280528052799 ] ], [ [ 110.561056105610575, -6.805355535553558 ], [ 110.561206120612056, -6.805280528052812 ], [ 110.561206120612056, -6.80535553555356 ], [ 110.561056105610575, -6.805355535553558 ] ], [ [ 110.56128112811281, -6.805430543054301 ], [ 110.561431143114305, -6.805355535553555 ], [ 110.561431143114305, -6.805430543054308 ], [ 110.56128112811281, -6.805430543054301 ] ], [ [ 110.56150615061506, -6.805655565556549 ], [ 110.561581158115814, -6.805580558055803 ], [ 110.561581158115814, -6.80565556555656 ], [ 110.56150615061506, -6.805655565556549 ] ], [ [ 110.561656165616569, -6.805730573057304 ], [ 110.561731173117323, -6.805655565556564 ], [ 110.561731173117323, -6.805730573057313 ], [ 110.561656165616569, -6.805730573057304 ] ], [ [ 110.562106210621067, -6.80573057305731 ], [ 110.562181218121808, -6.805655565556553 ], [ 110.562181218121808, -6.805730573057312 ], [ 110.562106210621067, -6.80573057305731 ] ], [ [ 110.562481248124811, -6.8058805880588 ], [ 110.562556255625566, -6.805805580558054 ], [ 110.562556255625566, -6.805880588058804 ], [ 110.562481248124811, -6.8058805880588 ] ], [ [ 110.562631263126306, -6.805955595559565 ], [ 110.562706270627075, -6.80588058805881 ], [ 110.562706270627075, -6.805955595559547 ], [ 110.562631263126306, -6.805955595559565 ] ], [ [ 110.562781278127815, -6.80610561056105 ], [ 110.56285628562857, -6.805955595559561 ], [ 110.56293129312931, -6.806105610561049 ], [ 110.562781278127815, -6.80610561056105 ] ], [ [ 110.557380738073803, -6.806480648064813 ], [ 110.557455745574558, -6.806405640564061 ], [ 110.557455745574558, -6.806480648064805 ], [ 110.557380738073803, -6.806480648064813 ] ], [ [ 110.557455745574558, -6.806555655565553 ], [ 110.557530753075312, -6.806480648064807 ], [ 110.557530753075312, -6.806555655565555 ], [ 110.557455745574558, -6.806555655565553 ] ], [ [ 110.557605760576052, -6.806705670567065 ], [ 110.557755775577562, -6.806555655565562 ], [ 110.557830783078302, -6.806780678067814 ], [ 110.557605760576052, -6.806705670567065 ] ], [ [ 110.558505850585064, -6.806630663066307 ], [ 110.558655865586559, -6.806705670567048 ], [ 110.558505850585064, -6.806705670567064 ], [ 110.558505850585064, -6.806630663066307 ] ], [ [ 110.556180618061802, -6.807755775577562 ], [ 110.557380738073803, -6.807305730573066 ], [ 110.556105610561062, -6.808655865586557 ], [ 110.556180618061802, -6.807755775577562 ] ], [ [ 110.557830783078302, -6.806855685568552 ], [ 110.557905790579056, -6.806780678067812 ], [ 110.557905790579056, -6.806855685568548 ], [ 110.557830783078302, -6.806855685568552 ] ], [ [ 110.558280828082815, -6.806930693069308 ], [ 110.558430843084324, -6.806780678067812 ], [ 110.558430843084324, -6.806930693069305 ], [ 110.558280828082815, -6.806930693069308 ] ], [ [ 110.557230723072308, -6.808055805580548 ], [ 110.558355835583555, -6.807455745574563 ], [ 110.557905790579056, -6.807980798079809 ], [ 110.557230723072308, -6.808055805580548 ] ], [ [ 110.558505850585064, -6.807380738073803 ], [ 110.558580858085804, -6.807305730573066 ], [ 110.558580858085804, -6.8073807380738 ], [ 110.558505850585064, -6.807380738073803 ] ], [ [ 110.557155715571554, -6.807680768076811 ], [ 110.557230723072308, -6.807605760576057 ], [ 110.557230723072308, -6.807680768076812 ], [ 110.557155715571554, -6.807680768076811 ] ], [ [ 110.568706870687066, -6.810531053105305 ], [ 110.570807080708065, -6.809030903090304 ], [ 110.569456945694569, -6.810531053105313 ], [ 110.570507050705075, -6.810981098109809 ], [ 110.570282028202826, -6.811506150615065 ], [ 110.568706870687066, -6.810531053105305 ] ], [ [ 110.570057005700576, -6.810006000600055 ], [ 110.570132013201317, -6.809930993099302 ], [ 110.570132013201317, -6.810006000600061 ], [ 110.570057005700576, -6.810006000600055 ] ] ] } },
{ "type": "Feature", "properties": { "year": 2034, "layer": "atrisk" }, "geometry": { "type": "Polygon", "coordinates": [ [ [ 110.552730273027308, -6.829732973297334 ], [ 110.550930093009299, -6.829507950795082 ], [ 110.553030303030297, -6.830033003300328 ], [ 110.552730273027308, -6.829732973297334 ] ] ] } },
{ "type": "Feature", "properties": { "year": 2034, "layer": "atrisk" }, "geometry": { "type": "Polygon", "coordinates": [ [ [ 110.540204020402044, -6.840534053405334 ], [ 110.539828982898285, -6.840909090909084 ], [ 110.540729072907297, -6.841584158415849 ], [ 110.540954095409546, -6.841134113411338 ], [ 110.540204020402044, -6.840534053405334 ] ], [ [ 110.540204020402044, -6.841059105910593 ], [ 110.540279027902784, -6.840984098409846 ], [ 110.540279027902784, -6.841059105910588 ], [ 110.540204020402044, -6.841059105910593 ] ] ] } },
{ "type": "Feature", "properties": { "year": 2034, "layer": "atrisk" }, "geometry": { "type": "Polygon", "coordinates": [ [ [ 110.52737773777379, -6.848109810981089 ], [ 110.522652265226526, -6.848334833483343 ], [ 110.521827182718269, -6.848709870987097 ], [ 110.521827182718269, -6.848859885988604 ], [ 110.524827482748279, -6.850210021002092 ], [ 110.52737773777379, -6.848109810981089 ] ] ] } },
{ "type": "Feature", "properties": { "year": 2034, "layer": "atrisk" }, "geometry": { "type": "Polygon", "coordinates": [ [ [ 110.442619261926197, -6.938943894389443 ], [ 110.440819081908202, -6.938043804380433 ], [ 110.439468946894692, -6.938943894389444 ], [ 110.442619261926197, -6.938943894389443 ] ] ] } },
{ "type": "Feature", "properties": { "year": 2034, "layer": "atrisk" }, "geometry": { "type": "Polygon", "coordinates": [ [ [ 110.552430243024304, -6.809030903090306 ], [ 110.549204920492045, -6.813006300630066 ], [ 110.549804980498052, -6.817431743174314 ], [ 110.547554755475545, -6.820282028202814 ], [ 110.545904590459045, -6.821482148214819 ], [ 110.544029402940296, -6.819906990699073 ], [ 110.542454245424537, -6.820657065706573 ], [ 110.537353735373543, -6.827182718271833 ], [ 110.534953495349541, -6.82778277827782 ], [ 110.530453045304526, -6.832283228322837 ], [ 110.533003300330051, -6.83483348334834 ], [ 110.533903390339034, -6.833183318331834 ], [ 110.535028502850281, -6.832133213321329 ], [ 110.53352835283529, -6.836183618361843 ], [ 110.529777977797778, -6.832283228322838 ], [ 110.520102010201029, -6.834983498349827 ], [ 110.523402340234028, -6.838508850885088 ], [ 110.527527752775271, -6.839333933393331 ], [ 110.528052805280524, -6.843459345934591 ], [ 110.528802880288026, -6.844659465946592 ], [ 110.527527752775271, -6.848109810981098 ], [ 110.528952895289535, -6.847959795979596 ], [ 110.52910291029103, -6.846159615961594 ], [ 110.530228022802277, -6.846009600960103 ], [ 110.530978097809779, -6.846159615961605 ], [ 110.529852985298533, -6.84623462346234 ], [ 110.529177917791785, -6.84863486348635 ], [ 110.527527752775271, -6.848709870987104 ], [ 110.526477647764779, -6.850960096009591 ], [ 110.525952595259525, -6.850510051005097 ], [ 110.525502550255027, -6.850810081008101 ], [ 110.524452445244521, -6.850660066006599 ], [ 110.52160216021602, -6.851410141014102 ], [ 110.522127212721273, -6.849684968496858 ], [ 110.521077107710781, -6.849684968496851 ], [ 110.519726972697271, -6.854560456045603 ], [ 110.521677167716774, -6.85493549354936 ], [ 110.518601860186024, -6.857335733573353 ], [ 110.518376837683775, -6.855160516051601 ], [ 110.51522652265227, -6.85913591359135 ], [ 110.515976597659773, -6.860561056105613 ], [ 110.516351635163517, -6.859435943594361 ], [ 110.520102010201029, -6.856510651065109 ], [ 110.516351635163517, -6.860111011101105 ], [ 110.517776777677767, -6.86146114611461 ], [ 110.520177017701769, -6.860411041104101 ], [ 110.517551755175518, -6.861611161116105 ], [ 110.519351935193512, -6.861686168616856 ], [ 110.519501950195021, -6.862436243624369 ], [ 110.515076507650761, -6.867386738673869 ], [ 110.508700870087011, -6.880063006300624 ], [ 110.478997899789974, -6.918241824182414 ], [ 110.47562256225622, -6.920942094209425 ], [ 110.476072607260733, -6.924167416741672 ], [ 110.470447044704471, -6.925442544254425 ], [ 110.467371737173721, -6.930468046804684 ], [ 110.46482148214821, -6.929717971797172 ], [ 110.461221122112207, -6.932418241824185 ], [ 110.46009600960096, -6.931818181818182 ], [ 110.459870987098711, -6.933318331833183 ], [ 110.458820882088204, -6.932343234323429 ], [ 110.455520552055205, -6.935943594359435 ], [ 110.452970297029708, -6.936318631863181 ], [ 110.452145214521451, -6.935043504350432 ], [ 110.449219921992196, -6.936918691869195 ], [ 110.448394839483953, -6.935418541854187 ], [ 110.446069606960691, -6.936393639363937 ], [ 110.444419441944191, -6.938943894389443 ], [ 110.459495949594952, -6.938943894389433 ], [ 110.459720972097216, -6.938493849384937 ], [ 110.459345934593458, -6.93729372937293 ], [ 110.45844584458446, -6.936843684368429 ], [ 110.460021002100206, -6.934743474347425 ], [ 110.462046204620464, -6.93474347434744 ], [ 110.46309630963097, -6.936693669366942 ], [ 110.465271527152709, -6.938943894389434 ], [ 110.463771377137718, -6.936168616861691 ], [ 110.467146714671472, -6.938943894389432 ], [ 110.482073207320738, -6.938493849384936 ], [ 110.490474047404746, -6.935193519351929 ], [ 110.496174617461747, -6.930093009300924 ], [ 110.501050105010506, -6.919141914191428 ], [ 110.50142514251425, -6.896939693969404 ], [ 110.508325832583253, -6.894989498949901 ], [ 110.51357635763577, -6.891764176417639 ], [ 110.518151815181511, -6.886738673867383 ], [ 110.520927092709272, -6.881038103810372 ], [ 110.522277227722768, -6.872337233723364 ], [ 110.522202220222027, -6.859585958595869 ], [ 110.520552055205528, -6.860336033603358 ], [ 110.522202220222027, -6.858685868586851 ], [ 110.522202220222027, -6.855685568556861 ], [ 110.52137713771377, -6.855535553555348 ], [ 110.524227422742271, -6.854035403540354 ], [ 110.52632763276327, -6.85433543354335 ], [ 110.530228022802277, -6.852760276027608 ], [ 110.537728772877287, -6.846609660966095 ], [ 110.539978997899794, -6.843159315931584 ], [ 110.538028802880291, -6.841209120912092 ], [ 110.538628862886284, -6.840759075907597 ], [ 110.540129012901289, -6.842259225922589 ], [ 110.540579057905802, -6.841884188418846 ], [ 110.536078607860787, -6.838208820882088 ], [ 110.541179117911796, -6.840684068406834 ], [ 110.542754275427541, -6.834383438343829 ], [ 110.54740474047405, -6.833033303330324 ], [ 110.545154515451543, -6.831758175817578 ], [ 110.54605460546054, -6.826807680768074 ], [ 110.547554755475545, -6.828157815781578 ], [ 110.546354635463544, -6.830033003300328 ], [ 110.545829582958291, -6.831608160816077 ], [ 110.547779777977794, -6.833258325832576 ], [ 110.551080108010808, -6.831833183318333 ], [ 110.549504950495063, -6.830783078307832 ], [ 110.548754875487546, -6.827632763276327 ], [ 110.550180018001797, -6.829057905790577 ], [ 110.549429942994294, -6.827932793279334 ], [ 110.554680468046811, -6.829507950795079 ], [ 110.561656165616569, -6.820582058205828 ], [ 110.561881188118818, -6.816156615661562 ], [ 110.552430243024304, -6.809030903090306 ] ], [ [ 110.551005100510054, -6.810906090609062 ], [ 110.551080108010808, -6.810831083108313 ], [ 110.551080108010808, -6.81090609060906 ], [ 110.551005100510054, -6.810906090609062 ] ], [ [ 110.551980198019805, -6.815331533153317 ], [ 110.550630063006295, -6.814206420642066 ], [ 110.551830183018296, -6.815031503150312 ], [ 110.551980198019805, -6.815331533153317 ] ], [ [ 110.551830183018296, -6.815481548154821 ], [ 110.551905190519051, -6.815406540654063 ], [ 110.551905190519051, -6.815481548154811 ], [ 110.551830183018296, -6.815481548154821 ] ], [ [ 110.551755175517556, -6.821182118211821 ], [ 110.551980198019805, -6.822382238223824 ], [ 110.549954995499547, -6.824857485748577 ], [ 110.549279927992799, -6.824557455745573 ], [ 110.548679867986792, -6.82478247824782 ], [ 110.548154815481553, -6.825907590759068 ], [ 110.547179717971801, -6.825757575757575 ], [ 110.546729672967302, -6.826582658265831 ], [ 110.543654365436538, -6.824332433243326 ], [ 110.544779477947799, -6.821257125712567 ], [ 110.545754575457551, -6.82170717071707 ], [ 110.545004500450048, -6.823582358235822 ], [ 110.547779777977794, -6.825307530753072 ], [ 110.551755175517556, -6.821182118211821 ] ], [ [ 110.552430243024304, -6.825157515751583 ], [ 110.553255325532547, -6.824782478247828 ], [ 110.552580258025799, -6.826057605760568 ], [ 110.552430243024304, -6.825157515751583 ] ], [ [ 110.549279927992799, -6.82485748574858 ], [ 110.549354935493554, -6.824782478247818 ], [ 110.549354935493554, -6.824857485748582 ], [ 110.549279927992799, -6.82485748574858 ] ], [ [ 110.542529252925291, -6.82515751575158 ], [ 110.542604260426046, -6.825082508250829 ], [ 110.542604260426046, -6.825157515751576 ], [ 110.542529252925291, -6.82515751575158 ] ], [ [ 110.542229222922302, -6.82530753075307 ], [ 110.542304230423042, -6.825232523252323 ], [ 110.542304230423042, -6.825307530753075 ], [ 110.542229222922302, -6.82530753075307 ] ], [ [ 110.542079207920793, -6.825457545754577 ], [ 110.542154215421547, -6.825382538253835 ], [ 110.542154215421547, -6.825457545754579 ], [ 110.542079207920793, -6.825457545754577 ] ], [ [ 110.542004200420038, -6.825532553255332 ], [ 110.542079207920793, -6.825457545754577 ], [ 110.542079207920793, -6.825532553255331 ], [ 110.542004200420038, -6.825532553255332 ] ], [ [ 110.541929192919312, -6.825607560756068 ], [ 110.542004200420038, -6.825532553255332 ], [ 110.542004200420038, -6.825607560756066 ], [ 110.541929192919312, -6.825607560756068 ] ], [ [ 110.541854185418543, -6.825682568256831 ], [ 110.541929192919312, -6.825607560756068 ], [ 110.541929192919312, -6.82568256825683 ], [ 110.541854185418543, -6.825682568256831 ] ], [ [ 110.54740474047405, -6.825907590759078 ], [ 110.547479747974791, -6.825832583258328 ], [ 110.547479747974791, -6.825907590759082 ], [ 110.54740474047405, -6.825907590759078 ] ], [ [ 110.540579057905802, -6.826207620762081 ], [ 110.541104110411041, -6.82620762076207 ], [ 110.540579057905802, -6.826582658265828 ], [ 110.540579057905802, -6.826207620762081 ] ], [ [ 110.540429042904293, -6.826582658265835 ], [ 110.540504050405048, -6.826507650765076 ], [ 110.540504050405048, -6.826582658265819 ], [ 110.540429042904293, -6.826582658265835 ] ], [ [ 110.540354035403539, -6.826732673267327 ], [ 110.540429042904293, -6.826657665766571 ], [ 110.540429042904293, -6.826732673267326 ], [ 110.540354035403539, -6.826732673267327 ] ], [ [ 110.540129012901289, -6.826807680768074 ], [ 110.540204020402044, -6.82673267326732 ], [ 110.540204020402044, -6.826807680768078 ], [ 110.540129012901289, -6.826807680768074 ] ], [ [ 110.540279027902784, -6.826807680768074 ], [ 110.540354035403539, -6.826732673267327 ], [ 110.540354035403539, -6.826807680768077 ], [ 110.540279027902784, -6.826807680768074 ] ], [ [ 110.536303630363051, -6.827857785778586 ], [ 110.537203720372034, -6.828907890789074 ], [ 110.538703870387039, -6.832433243324328 ], [ 110.537878787878782, -6.832133213321326 ], [ 110.536303630363051, -6.827857785778586 ] ], [ [ 110.547554755475545, -6.828007800780072 ], [ 110.5476297629763, -6.827932793279324 ], [ 110.5476297629763, -6.828007800780071 ], [ 110.547554755475545, -6.828007800780072 ] ], [ [ 110.546504650465053, -6.830108010801074 ], [ 110.546579657965793, -6.829957995799583 ], [ 110.546579657965793, -6.830108010801076 ], [ 110.546504650465053, -6.830108010801074 ] ], [ [ 110.535028502850281, -6.832508250825082 ], [ 110.535103510351036, -6.832358235823581 ], [ 110.535103510351036, -6.832508250825074 ], [ 110.535028502850281, -6.832508250825082 ] ], [ [ 110.538778877887793, -6.832433243324332 ], [ 110.539078907890783, -6.832358235823575 ], [ 110.539078907890783, -6.832433243324332 ], [ 110.538778877887793, -6.832433243324332 ] ], [ [ 110.53847884788479, -6.832508250825073 ], [ 110.540354035403539, -6.832658265826582 ], [ 110.542754275427541, -6.834008400840087 ], [ 110.542154215421547, -6.834683468346832 ], [ 110.53847884788479, -6.832508250825073 ] ], [ [ 110.525802580258031, -6.83438343834383 ], [ 110.527527752775271, -6.83700870087009 ], [ 110.528727872787272, -6.837308730873082 ], [ 110.527302730273021, -6.837083708370833 ], [ 110.524227422742271, -6.835133513351327 ], [ 110.525802580258031, -6.83438343834383 ] ], [ [ 110.542004200420038, -6.834833483348326 ], [ 110.542229222922302, -6.834908490849089 ], [ 110.542004200420038, -6.835058505850592 ], [ 110.542004200420038, -6.834833483348326 ] ], [ [ 110.522577257725771, -6.834833483348338 ], [ 110.525352535253532, -6.836333633363331 ], [ 110.52467746774677, -6.836483648364833 ], [ 110.524827482748279, -6.837833783378334 ], [ 110.521902190219024, -6.836483648364828 ], [ 110.522577257725771, -6.834833483348338 ] ], [ [ 110.53382838283828, -6.836258625862595 ], [ 110.533903390339034, -6.83610861086108 ], [ 110.533978397839789, -6.836258625862581 ], [ 110.53382838283828, -6.836258625862595 ] ], [ [ 110.533978397839789, -6.836333633363331 ], [ 110.534053405340529, -6.83625862586258 ], [ 110.534053405340529, -6.836333633363336 ], [ 110.533978397839789, -6.836333633363331 ] ], [ [ 110.53382838283828, -6.836408640864091 ], [ 110.533903390339034, -6.836333633363336 ], [ 110.533903390339034, -6.836408640864083 ], [ 110.53382838283828, -6.836408640864091 ] ], [ [ 110.534053405340529, -6.83640864086408 ], [ 110.534128412841284, -6.836333633363333 ], [ 110.534128412841284, -6.836408640864083 ], [ 110.534053405340529, -6.83640864086408 ] ], [ [ 110.533978397839789, -6.836483648364846 ], [ 110.534053405340529, -6.83640864086408 ], [ 110.534053405340529, -6.836483648364846 ], [ 110.533978397839789, -6.836483648364846 ] ], [ [ 110.534203420342038, -6.836483648364839 ], [ 110.534278427842779, -6.836408640864083 ], [ 110.534278427842779, -6.836483648364831 ], [ 110.534203420342038, -6.836483648364839 ] ], [ [ 110.534053405340529, -6.836558655865582 ], [ 110.534128412841284, -6.836483648364838 ], [ 110.534128412841284, -6.83655865586558 ], [ 110.534053405340529, -6.836558655865582 ] ], [ [ 110.534278427842779, -6.836558655865585 ], [ 110.534353435343533, -6.836483648364834 ], [ 110.534353435343533, -6.836558655865594 ], [ 110.534278427842779, -6.836558655865585 ] ], [ [ 110.524827482748279, -6.836708670867087 ], [ 110.524977497749774, -6.836633663366333 ], [ 110.524977497749774, -6.836783678367844 ], [ 110.524827482748279, -6.836708670867087 ] ], [ [ 110.534128412841284, -6.836633663366342 ], [ 110.534203420342038, -6.836558655865587 ], [ 110.534203420342038, -6.836633663366339 ], [ 110.534128412841284, -6.836633663366342 ] ], [ [ 110.534353435343533, -6.836558655865594 ], [ 110.536378637863791, -6.837158715871579 ], [ 110.536378637863791, -6.837608760876088 ], [ 110.535103510351036, -6.837233723372341 ], [ 110.534353435343533, -6.836558655865594 ] ], [ [ 110.529627962796283, -6.836933693369329 ], [ 110.530303030303031, -6.836708670867084 ], [ 110.530453045304526, -6.837083708370838 ], [ 110.529627962796283, -6.836933693369329 ] ], [ [ 110.527527752775271, -6.83693369336934 ], [ 110.527602760276025, -6.836858685868586 ], [ 110.527602760276025, -6.836933693369331 ], [ 110.527527752775271, -6.83693369336934 ] ], [ [ 110.527752775277534, -6.836933693369337 ], [ 110.527902790279029, -6.836858685868579 ], [ 110.527902790279029, -6.836933693369342 ], [ 110.527752775277534, -6.836933693369337 ] ], [ [ 110.528802880288026, -6.837083708370836 ], [ 110.53240324032403, -6.837533753375336 ], [ 110.533978397839789, -6.838133813381343 ], [ 110.532478247824784, -6.838208820882084 ], [ 110.528802880288026, -6.837083708370836 ] ], [ [ 110.536453645364531, -6.837383738373842 ], [ 110.536528652865286, -6.837308730873095 ], [ 110.536528652865286, -6.837383738373842 ], [ 110.536453645364531, -6.837383738373842 ] ], [ [ 110.527077707770772, -6.837458745874591 ], [ 110.530078007800782, -6.837758775877591 ], [ 110.530453045304526, -6.837983798379833 ], [ 110.528352835283542, -6.837983798379831 ], [ 110.527077707770772, -6.837458745874591 ] ], [ [ 110.530453045304526, -6.838133813381331 ], [ 110.530828082808284, -6.837908790879085 ], [ 110.531428142814278, -6.83828382838284 ], [ 110.530453045304526, -6.838133813381331 ] ], [ [ 110.533378337833781, -6.838733873387337 ], [ 110.535403540354039, -6.838433843384344 ], [ 110.535853585358538, -6.838733873387337 ], [ 110.533378337833781, -6.838733873387337 ] ], [ [ 110.536153615361542, -6.838958895889597 ], [ 110.536228622862282, -6.838808880888084 ], [ 110.536303630363051, -6.838958895889581 ], [ 110.536153615361542, -6.838958895889597 ] ], [ [ 110.53660366036604, -6.839333933393344 ], [ 110.536753675367535, -6.839108910891095 ], [ 110.536978697869785, -6.839408940894093 ], [ 110.53660366036604, -6.839333933393344 ] ], [ [ 110.539528952895296, -6.839408940894081 ], [ 110.539603960396036, -6.839333933393332 ], [ 110.539603960396036, -6.839408940894086 ], [ 110.539528952895296, -6.839408940894081 ] ], [ [ 110.531053105310534, -6.840159015901582 ], [ 110.531353135313552, -6.840009000900084 ], [ 110.531053105310534, -6.840309030903093 ], [ 110.531053105310534, -6.840159015901582 ] ], [ [ 110.53525352535253, -6.840159015901584 ], [ 110.535328532853285, -6.840084008400841 ], [ 110.535328532853285, -6.840159015901597 ], [ 110.53525352535253, -6.840159015901584 ] ], [ [ 110.540354035403539, -6.840159015901597 ], [ 110.540429042904293, -6.840084008400833 ], [ 110.540429042904293, -6.840159015901584 ], [ 110.540354035403539, -6.840159015901597 ] ], [ [ 110.535328532853285, -6.840384038403841 ], [ 110.535778577857783, -6.840234023402346 ], [ 110.535778577857783, -6.840309030903081 ], [ 110.535328532853285, -6.840384038403841 ] ], [ [ 110.540429042904293, -6.840234023402339 ], [ 110.540504050405048, -6.84015901590159 ], [ 110.540504050405048, -6.840234023402342 ], [ 110.540429042904293, -6.840234023402339 ] ], [ [ 110.530978097809779, -6.840384038403848 ], [ 110.531053105310534, -6.840309030903093 ], [ 110.531053105310534, -6.840384038403837 ], [ 110.530978097809779, -6.840384038403848 ] ], [ [ 110.540654065406542, -6.840384038403847 ], [ 110.540804080408037, -6.840309030903093 ], [ 110.540804080408037, -6.840384038403848 ], [ 110.540654065406542, -6.840384038403847 ] ], [ [ 110.537953795379551, -6.841209120912088 ], [ 110.538028802880291, -6.841134113411336 ], [ 110.538028802880291, -6.841209120912092 ], [ 110.537953795379551, -6.841209120912088 ] ], [ [ 110.53075307530753, -6.842184218421837 ], [ 110.530828082808284, -6.841884188418841 ], [ 110.530828082808284, -6.842184218421844 ], [ 110.53075307530753, -6.842184218421837 ] ], [ [ 110.530603060306035, -6.842184218421842 ], [ 110.530678067806789, -6.841959195919597 ], [ 110.530678067806789, -6.842184218421848 ], [ 110.530603060306035, -6.842184218421842 ] ], [ [ 110.53052805280528, -6.842484248424849 ], [ 110.530603060306035, -6.842259225922588 ], [ 110.530603060306035, -6.842484248424837 ], [ 110.53052805280528, -6.842484248424849 ] ], [ [ 110.530603060306035, -6.842484248424837 ], [ 110.53075307530753, -6.842784278427846 ], [ 110.530603060306035, -6.843009300930099 ], [ 110.530603060306035, -6.842484248424837 ] ], [ [ 110.528127812781278, -6.842559255925597 ], [ 110.528202820282033, -6.842484248424847 ], [ 110.528202820282033, -6.842559255925588 ], [ 110.528127812781278, -6.842559255925597 ] ], [ [ 110.530453045304526, -6.843159315931597 ], [ 110.53052805280528, -6.843084308430842 ], [ 110.53052805280528, -6.843159315931593 ], [ 110.530453045304526, -6.843159315931597 ] ], [ [ 110.53052805280528, -6.843384338433837 ], [ 110.530603060306035, -6.843234323432337 ], [ 110.530603060306035, -6.84338433843385 ], [ 110.53052805280528, -6.843384338433837 ] ], [ [ 110.530303030303031, -6.843984398439849 ], [ 110.53052805280528, -6.843384338433837 ], [ 110.53052805280528, -6.843834383438336 ], [ 110.530303030303031, -6.843984398439849 ] ], [ [ 110.528877887788781, -6.845859585958597 ], [ 110.529252925292525, -6.845559555955602 ], [ 110.529402940294034, -6.845784578457842 ], [ 110.528877887788781, -6.845859585958597 ] ], [ [ 110.530978097809779, -6.846084608460839 ], [ 110.531278127812783, -6.846159615961596 ], [ 110.531428142814278, -6.846459645964596 ], [ 110.530978097809779, -6.846084608460839 ] ], [ [ 110.530828082808284, -6.84638463846384 ], [ 110.530903090309025, -6.846309630963096 ], [ 110.530903090309025, -6.846384638463844 ], [ 110.530828082808284, -6.84638463846384 ] ], [ [ 110.531578157815787, -6.847209720972098 ], [ 110.531803180318036, -6.847134713471349 ], [ 110.531803180318036, -6.847359735973597 ], [ 110.531578157815787, -6.847209720972098 ] ], [ [ 110.532028202820285, -6.847359735973592 ], [ 110.532253225322535, -6.847359735973605 ], [ 110.53240324032403, -6.84758475847585 ], [ 110.532028202820285, -6.847359735973592 ] ], [ [ 110.53240324032403, -6.8476597659766 ], [ 110.532478247824784, -6.84758475847585 ], [ 110.532478247824784, -6.847659765976589 ], [ 110.53240324032403, -6.8476597659766 ] ], [ [ 110.53217821782178, -6.84780978097809 ], [ 110.532703270327033, -6.84773477347734 ], [ 110.532703270327033, -6.848109810981096 ], [ 110.53217821782178, -6.84780978097809 ] ], [ [ 110.532703270327033, -6.848184818481857 ], [ 110.532778277827788, -6.848109810981099 ], [ 110.532778277827788, -6.848184818481849 ], [ 110.532703270327033, -6.848184818481857 ] ], [ [ 110.533303330333041, -6.848409840984106 ], [ 110.533378337833781, -6.848334833483346 ], [ 110.533378337833781, -6.848409840984102 ], [ 110.533303330333041, -6.848409840984106 ] ], [ [ 110.533378337833781, -6.848484848484847 ], [ 110.533453345334536, -6.848409840984105 ], [ 110.533453345334536, -6.848484848484857 ], [ 110.533378337833781, -6.848484848484847 ] ], [ [ 110.533453345334536, -6.848559855985593 ], [ 110.53352835283529, -6.848484848484854 ], [ 110.53352835283529, -6.8485598559856 ], [ 110.533453345334536, -6.848559855985593 ] ], [ [ 110.53352835283529, -6.848634863486348 ], [ 110.533603360336031, -6.848559855985593 ], [ 110.533603360336031, -6.848634863486349 ], [ 110.53352835283529, -6.848634863486348 ] ], [ [ 110.533678367836785, -6.848784878487842 ], [ 110.53375337533754, -6.848634863486349 ], [ 110.53382838283828, -6.848784878487844 ], [ 110.533678367836785, -6.848784878487842 ] ], [ [ 110.53382838283828, -6.8488598859886 ], [ 110.533903390339034, -6.848784878487847 ], [ 110.533903390339034, -6.848859885988608 ], [ 110.53382838283828, -6.8488598859886 ] ], [ [ 110.53375337533754, -6.849084908490847 ], [ 110.534203420342038, -6.849009900990101 ], [ 110.534053405340529, -6.849309930993103 ], [ 110.53375337533754, -6.849084908490847 ] ], [ [ 110.52572757275729, -6.850810081008103 ], [ 110.525802580258031, -6.850735073507355 ], [ 110.525802580258031, -6.850810081008103 ], [ 110.52572757275729, -6.850810081008103 ] ], [ [ 110.52902790279029, -6.850885088508856 ], [ 110.529252925292525, -6.851035103510354 ], [ 110.52910291029103, -6.85118511851185 ], [ 110.52902790279029, -6.850885088508856 ] ], [ [ 110.523552355235523, -6.851035103510354 ], [ 110.523627362736278, -6.850960096009601 ], [ 110.523627362736278, -6.851035103510356 ], [ 110.523552355235523, -6.851035103510354 ] ], [ [ 110.530003000300042, -6.851710171017102 ], [ 110.530078007800782, -6.851635163516356 ], [ 110.530078007800782, -6.8517101710171 ], [ 110.530003000300042, -6.851710171017102 ] ], [ [ 110.522877287728775, -6.852460246024604 ], [ 110.52295229522953, -6.852385238523845 ], [ 110.52295229522953, -6.852460246024609 ], [ 110.522877287728775, -6.852460246024604 ] ], [ [ 110.522802280228021, -6.85253525352535 ], [ 110.522877287728775, -6.852460246024604 ], [ 110.522877287728775, -6.852535253525349 ], [ 110.522802280228021, -6.85253525352535 ] ], [ [ 110.526252625262529, -6.852910291029094 ], [ 110.526477647764779, -6.852685268526848 ], [ 110.526552655265533, -6.852910291029102 ], [ 110.526252625262529, -6.852910291029094 ] ], [ [ 110.526702670267042, -6.853435343534345 ], [ 110.527077707770772, -6.85283528352836 ], [ 110.527152715271527, -6.853585358535854 ], [ 110.526702670267042, -6.853435343534345 ] ], [ [ 110.522802280228021, -6.852910291029104 ], [ 110.52295229522953, -6.852835283528355 ], [ 110.52295229522953, -6.85291029102911 ], [ 110.522802280228021, -6.852910291029104 ] ], [ [ 110.52295229522953, -6.853060306030596 ], [ 110.523102310231025, -6.852985298529848 ], [ 110.523102310231025, -6.853060306030608 ], [ 110.52295229522953, -6.853060306030596 ] ], [ [ 110.523402340234028, -6.853135313531349 ], [ 110.523477347734769, -6.853060306030609 ], [ 110.523477347734769, -6.853135313531358 ], [ 110.523402340234028, -6.853135313531349 ] ], [ [ 110.523627362736278, -6.853135313531355 ], [ 110.523702370237018, -6.853060306030604 ], [ 110.523702370237018, -6.853135313531357 ], [ 110.523627362736278, -6.853135313531355 ] ], [ [ 110.523477347734769, -6.853210321032095 ], [ 110.523552355235523, -6.853135313531349 ], [ 110.523552355235523, -6.853210321032109 ], [ 110.523477347734769, -6.853210321032095 ] ], [ [ 110.52767776777678, -6.853510351035095 ], [ 110.527752775277534, -6.853435343534358 ], [ 110.527752775277534, -6.853510351035097 ], [ 110.52767776777678, -6.853510351035095 ] ], [ [ 110.523627362736278, -6.853585358535845 ], [ 110.523702370237018, -6.853510351035095 ], [ 110.523702370237018, -6.853585358535853 ], [ 110.523627362736278, -6.853585358535845 ] ], [ [ 110.525577557755781, -6.853735373537353 ], [ 110.525877587758771, -6.853585358535846 ], [ 110.525877587758771, -6.85373537353736 ], [ 110.525577557755781, -6.853735373537353 ] ], [ [ 110.527602760276025, -6.853585358535847 ], [ 110.52767776777678, -6.853510351035095 ], [ 110.52767776777678, -6.853585358535852 ], [ 110.527602760276025, -6.853585358535847 ] ], [ [ 110.523252325232519, -6.853735373537355 ], [ 110.523627362736278, -6.853660366036601 ], [ 110.523252325232519, -6.853810381038101 ], [ 110.523252325232519, -6.853735373537355 ] ], [ [ 110.525952595259525, -6.853885388538855 ], [ 110.52602760276028, -6.853735373537345 ], [ 110.52610261026102, -6.853885388538861 ], [ 110.525952595259525, -6.853885388538855 ] ], [ [ 110.52610261026102, -6.853960396039597 ], [ 110.526177617761775, -6.85388538853885 ], [ 110.526177617761775, -6.853960396039605 ], [ 110.52610261026102, -6.853960396039597 ] ], [ [ 110.526177617761775, -6.854035403540347 ], [ 110.526252625262529, -6.853960396039611 ], [ 110.526252625262529, -6.854035403540355 ], [ 110.526177617761775, -6.854035403540347 ] ], [ [ 110.526477647764779, -6.854035403540355 ], [ 110.526552655265533, -6.853960396039594 ], [ 110.526552655265533, -6.854035403540347 ], [ 110.526477647764779, -6.854035403540355 ] ], [ [ 110.526252625262529, -6.854110411041103 ], [ 110.52632763276327, -6.854035403540358 ], [ 110.52632763276327, -6.854110411041108 ], [ 110.526252625262529, -6.854110411041103 ] ], [ [ 110.521827182718269, -6.854635463546354 ], [ 110.522502250225017, -6.854560456045597 ], [ 110.521677167716774, -6.854860486048602 ], [ 110.521827182718269, -6.854635463546354 ] ], [ [ 110.521977197719778, -6.855085508550856 ], [ 110.522052205220518, -6.855010501050099 ], [ 110.522052205220518, -6.855085508550863 ], [ 110.521977197719778, -6.855085508550856 ] ], [ [ 110.521302130213016, -6.85568556855685 ], [ 110.52137713771377, -6.855610561056101 ], [ 110.52137713771377, -6.855685568556856 ], [ 110.521302130213016, -6.85568556855685 ] ], [ [ 110.521227122712276, -6.85576057605761 ], [ 110.521302130213016, -6.85568556855685 ], [ 110.521302130213016, -6.855760576057599 ], [ 110.521227122712276, -6.85576057605761 ] ], [ [ 110.521452145214539, -6.856135613561361 ], [ 110.521527152715265, -6.856060606060598 ], [ 110.521527152715265, -6.856135613561364 ], [ 110.521452145214539, -6.856135613561361 ] ], [ [ 110.517701770177013, -6.857335733573352 ], [ 110.517851785178522, -6.857785778577855 ], [ 110.517476747674763, -6.858010801080114 ], [ 110.517551755175518, -6.858310831083108 ], [ 110.516576657665766, -6.858835883588365 ], [ 110.517701770177013, -6.857335733573352 ] ], [ [ 110.518376837683775, -6.857410741074106 ], [ 110.518451845184529, -6.85733573357335 ], [ 110.518451845184529, -6.857410741074113 ], [ 110.518376837683775, -6.857410741074106 ] ], [ [ 110.518076807680771, -6.85778577857786 ], [ 110.518151815181511, -6.857710771077111 ], [ 110.518151815181511, -6.857785778577863 ], [ 110.518076807680771, -6.85778577857786 ] ], [ [ 110.518001800180016, -6.857860786078604 ], [ 110.518076807680771, -6.85778577857786 ], [ 110.518076807680771, -6.857860786078601 ], [ 110.518001800180016, -6.857860786078604 ] ], [ [ 110.517926792679262, -6.85793579357936 ], [ 110.518001800180016, -6.857860786078604 ], [ 110.518001800180016, -6.85793579357935 ], [ 110.517926792679262, -6.85793579357936 ] ], [ [ 110.517701770177013, -6.858010801080115 ], [ 110.517926792679262, -6.858010801080112 ], [ 110.517701770177013, -6.858085808580854 ], [ 110.517701770177013, -6.858010801080115 ] ], [ [ 110.520327032703264, -6.86041104110411 ], [ 110.520477047704773, -6.860336033603357 ], [ 110.520477047704773, -6.86041104110411 ], [ 110.520327032703264, -6.86041104110411 ] ], [ [ 110.51552655265526, -6.87113711371137 ], [ 110.515601560156014, -6.871062106210625 ], [ 110.515601560156014, -6.871137113711364 ], [ 110.51552655265526, -6.87113711371137 ] ], [ [ 110.516276627662762, -6.871812181218115 ], [ 110.517101710171019, -6.872562256225621 ], [ 110.517176717671774, -6.873087308730869 ], [ 110.516651665166521, -6.872787278727873 ], [ 110.516276627662762, -6.871812181218115 ] ], [ [ 110.51387638763876, -6.872712271227125 ], [ 110.514026402640269, -6.872787278727869 ], [ 110.51387638763876, -6.872862286228626 ], [ 110.51387638763876, -6.872712271227125 ] ], [ [ 110.517251725172514, -6.872787278727877 ], [ 110.517326732673268, -6.872712271227122 ], [ 110.517326732673268, -6.87278727872787 ], [ 110.517251725172514, -6.872787278727877 ] ], [ [ 110.517326732673268, -6.872862286228623 ], [ 110.517401740174023, -6.87278727872788 ], [ 110.517401740174023, -6.872862286228615 ], [ 110.517326732673268, -6.872862286228623 ] ], [ [ 110.513276327632767, -6.873762376237619 ], [ 110.513726372637265, -6.873312331233124 ], [ 110.513426342634261, -6.873837383738369 ], [ 110.513276327632767, -6.873762376237619 ] ], [ [ 110.517626762676272, -6.873612361236132 ], [ 110.518076807680771, -6.873762376237619 ], [ 110.518001800180016, -6.874062406240626 ], [ 110.517626762676272, -6.873612361236132 ] ], [ [ 110.517401740174023, -6.873537353735367 ], [ 110.517476747674763, -6.873312331233129 ], [ 110.517551755175518, -6.87353735373538 ], [ 110.517401740174023, -6.873537353735367 ] ], [ [ 110.518376837683775, -6.875262526252625 ], [ 110.518451845184529, -6.875112511251132 ], [ 110.518451845184529, -6.875262526252626 ], [ 110.518376837683775, -6.875262526252625 ] ], [ [ 110.510951095109505, -6.876012601260131 ], [ 110.511176117611768, -6.875787578757876 ], [ 110.511326132613263, -6.875937593759375 ], [ 110.510951095109505, -6.876012601260131 ] ], [ [ 110.518676867686764, -6.876987698769884 ], [ 110.518826882688273, -6.876837683768369 ], [ 110.518826882688273, -6.877062706270626 ], [ 110.518676867686764, -6.876987698769884 ] ], [ [ 110.519351935193512, -6.879387938793874 ], [ 110.519576957695776, -6.879012901290124 ], [ 110.519576957695776, -6.879387938793873 ], [ 110.519351935193512, -6.879387938793874 ] ], [ [ 110.509375937593759, -6.87998799879987 ], [ 110.509525952595268, -6.879612961296136 ], [ 110.509600960096009, -6.880063006300621 ], [ 110.509375937593759, -6.87998799879987 ] ], [ [ 110.520027002700274, -6.879837983798373 ], [ 110.520177017701769, -6.879762976297632 ], [ 110.520177017701769, -6.879837983798387 ], [ 110.520027002700274, -6.879837983798373 ] ], [ [ 110.519651965196516, -6.879987998799884 ], [ 110.519726972697271, -6.879837983798388 ], [ 110.519726972697271, -6.879987998799873 ], [ 110.519651965196516, -6.879987998799884 ] ], [ [ 110.520252025202524, -6.880363036303621 ], [ 110.520327032703264, -6.880288028802879 ], [ 110.520327032703264, -6.880363036303629 ], [ 110.520252025202524, -6.880363036303621 ] ], [ [ 110.509600960096009, -6.880663066306631 ], [ 110.509825982598258, -6.880363036303635 ], [ 110.509750975097504, -6.880663066306626 ], [ 110.509600960096009, -6.880663066306631 ] ], [ [ 110.519876987698765, -6.880663066306638 ], [ 110.51995199519952, -6.880588058805883 ], [ 110.51995199519952, -6.880663066306632 ], [ 110.519876987698765, -6.880663066306638 ] ], [ [ 110.509000900090015, -6.881563156315636 ], [ 110.509825982598258, -6.881188118811888 ], [ 110.50915091509151, -6.882538253825381 ], [ 110.509000900090015, -6.881563156315636 ] ], [ [ 110.508550855085502, -6.883288328832881 ], [ 110.509000900090015, -6.88291329132913 ], [ 110.50915091509151, -6.883213321332135 ], [ 110.508550855085502, -6.883288328832881 ] ], [ [ 110.514626462646262, -6.88546354635464 ], [ 110.51530153015301, -6.885013501350131 ], [ 110.515001500150021, -6.885538553855389 ], [ 110.514626462646262, -6.88546354635464 ] ], [ [ 110.506600660066013, -6.885838583858389 ], [ 110.50772577257726, -6.885538553855382 ], [ 110.506675667566753, -6.886513651365135 ], [ 110.506600660066013, -6.885838583858389 ] ], [ [ 110.508550855085502, -6.885313531353138 ], [ 110.508625862586257, -6.885163516351643 ], [ 110.508700870087011, -6.88531353135313 ], [ 110.508550855085502, -6.885313531353138 ] ], [ [ 110.515601560156014, -6.886138613861379 ], [ 110.516501650165011, -6.886138613861391 ], [ 110.516351635163517, -6.886813681368142 ], [ 110.515601560156014, -6.886138613861379 ] ], [ [ 110.505250525052517, -6.890789078907884 ], [ 110.506525652565259, -6.890714071407134 ], [ 110.506300630063009, -6.891389138913888 ], [ 110.505250525052517, -6.890789078907884 ] ], [ [ 110.507350735073501, -6.891614161416144 ], [ 110.507425742574256, -6.891389138913894 ], [ 110.507575757575751, -6.891614161416143 ], [ 110.507350735073501, -6.891614161416144 ] ], [ [ 110.506975697569757, -6.891989198919897 ], [ 110.507050705070512, -6.891839183918395 ], [ 110.507125712571252, -6.891989198919895 ], [ 110.506975697569757, -6.891989198919897 ] ], [ [ 110.507575757575751, -6.892664266426643 ], [ 110.50772577257726, -6.892364236423647 ], [ 110.508250825082513, -6.892739273927388 ], [ 110.507575757575751, -6.892664266426643 ] ], [ [ 110.508025802580264, -6.892514251425149 ], [ 110.508100810081004, -6.892439243924396 ], [ 110.508100810081004, -6.892514251425138 ], [ 110.508025802580264, -6.892514251425149 ] ], [ [ 110.508775877587752, -6.893264326432647 ], [ 110.509075907590756, -6.893114311431147 ], [ 110.509075907590756, -6.893264326432638 ], [ 110.508775877587752, -6.893264326432647 ] ], [ [ 110.504275427542751, -6.893939393939394 ], [ 110.50442544254426, -6.89371437143715 ], [ 110.50442544254426, -6.893939393939386 ], [ 110.504275427542751, -6.893939393939394 ] ], [ [ 110.5, -6.89896489648965 ], [ 110.5, -6.898664866486645 ], [ 110.500150015001495, -6.898889888988893 ], [ 110.5, -6.89896489648965 ] ], [ [ 110.500150015001495, -6.899789978997902 ], [ 110.500525052505253, -6.899339933993403 ], [ 110.500300030003018, -6.900090009000896 ], [ 110.500150015001495, -6.899789978997902 ] ], [ [ 110.494374437443739, -6.903540354035403 ], [ 110.494524452445248, -6.903240324032402 ], [ 110.494524452445248, -6.903540354035396 ], [ 110.494374437443739, -6.903540354035403 ] ], [ [ 110.494974497449746, -6.903765376537653 ], [ 110.495049504950501, -6.903690369036905 ], [ 110.495049504950501, -6.903765376537651 ], [ 110.494974497449746, -6.903765376537653 ] ], [ [ 110.494824482448252, -6.903840384038403 ], [ 110.494974497449746, -6.903765376537653 ], [ 110.494974497449746, -6.903840384038398 ], [ 110.494824482448252, -6.903840384038403 ] ], [ [ 110.496249624962502, -6.903990399039896 ], [ 110.496474647464751, -6.903765376537648 ], [ 110.496549654965492, -6.90391539153916 ], [ 110.496249624962502, -6.903990399039896 ] ], [ [ 110.497374737473748, -6.904140414041406 ], [ 110.497449744974503, -6.903990399039906 ], [ 110.497449744974503, -6.904140414041406 ], [ 110.497374737473748, -6.904140414041406 ] ], [ [ 110.498724872487244, -6.904965496549652 ], [ 110.499849984998505, -6.904290429042907 ], [ 110.499474947494747, -6.904740474047404 ], [ 110.500600060006008, -6.905415541554148 ], [ 110.498724872487244, -6.904965496549652 ] ], [ [ 110.498124812481251, -6.905040504050409 ], [ 110.498649864986518, -6.905040504050405 ], [ 110.49857485748575, -6.905340534053415 ], [ 110.498124812481251, -6.905040504050409 ] ], [ [ 110.496399639963997, -6.904590459045903 ], [ 110.496549654965492, -6.90466546654666 ], [ 110.496399639963997, -6.904740474047408 ], [ 110.496399639963997, -6.904590459045903 ] ], [ [ 110.49692469246925, -6.904965496549647 ], [ 110.49699969996999, -6.904890489048906 ], [ 110.49699969996999, -6.904965496549656 ], [ 110.49692469246925, -6.904965496549647 ] ], [ [ 110.497074707470745, -6.905265526552652 ], [ 110.497299729973008, -6.90504050405041 ], [ 110.497449744974503, -6.905340534053405 ], [ 110.497074707470745, -6.905265526552652 ] ], [ [ 110.498049804980496, -6.906090609060904 ], [ 110.498274827482746, -6.905865586558655 ], [ 110.499249924992498, -6.906015601560161 ], [ 110.498049804980496, -6.906090609060904 ] ], [ [ 110.499549954995501, -6.906090609060899 ], [ 110.499924992499245, -6.905940594059399 ], [ 110.499624962496256, -6.906465646564659 ], [ 110.499549954995501, -6.906090609060899 ] ], [ [ 110.499249924992498, -6.905940594059406 ], [ 110.499324932493252, -6.905865586558651 ], [ 110.499324932493252, -6.905940594059399 ], [ 110.499249924992498, -6.905940594059406 ] ], [ [ 110.494224422442244, -6.907815781578157 ], [ 110.494299429942998, -6.907440744074401 ], [ 110.494599459945988, -6.90789078907891 ], [ 110.494224422442244, -6.907815781578157 ] ], [ [ 110.495199519951996, -6.908565856585667 ], [ 110.496474647464751, -6.908715871587156 ], [ 110.496699669967001, -6.909165916591663 ], [ 110.495199519951996, -6.908565856585667 ] ], [ [ 110.490399039903991, -6.908640864086401 ], [ 110.491749174917487, -6.90946594659466 ], [ 110.491824182418242, -6.909840984098416 ], [ 110.490324032403237, -6.910216021602152 ], [ 110.490399039903991, -6.908640864086401 ] ], [ [ 110.485448544854506, -6.913066306630668 ], [ 110.489048904890495, -6.909990999099906 ], [ 110.487248724872487, -6.911866186618661 ], [ 110.488823882388232, -6.913066306630662 ], [ 110.488223822382238, -6.913216321632155 ], [ 110.487248724872487, -6.914041404140413 ], [ 110.486948694869483, -6.914866486648663 ], [ 110.48612361236124, -6.914941494149413 ], [ 110.485448544854506, -6.913066306630668 ] ], [ [ 110.489048904890495, -6.910066006600658 ], [ 110.489123912391236, -6.909990999099908 ], [ 110.489123912391236, -6.910066006600657 ], [ 110.489048904890495, -6.910066006600658 ] ], [ [ 110.492724272427239, -6.909990999099916 ], [ 110.49362436243625, -6.910591059105912 ], [ 110.493549354935496, -6.911041104110409 ], [ 110.493174317431738, -6.910666066606659 ], [ 110.49249924992499, -6.910816081608166 ], [ 110.492724272427239, -6.909990999099916 ] ], [ [ 110.489123912391236, -6.910216021602165 ], [ 110.48919891989199, -6.910066006600664 ], [ 110.48919891989199, -6.910216021602162 ], [ 110.489123912391236, -6.910216021602165 ] ], [ [ 110.490024002400247, -6.910741074107403 ], [ 110.490324032403237, -6.910216021602152 ], [ 110.490324032403237, -6.910516051605165 ], [ 110.490024002400247, -6.910741074107403 ] ], [ [ 110.491749174917487, -6.911041104110406 ], [ 110.49227422742274, -6.911716171617158 ], [ 110.491599159915992, -6.911866186618659 ], [ 110.491749174917487, -6.911041104110406 ] ], [ [ 110.493174317431738, -6.910966096609658 ], [ 110.494224422442244, -6.911566156615662 ], [ 110.494224422442244, -6.912091209120914 ], [ 110.493774377437745, -6.91201620162016 ], [ 110.493174317431738, -6.910966096609658 ] ], [ [ 110.491074107410739, -6.912766276627666 ], [ 110.491299129912989, -6.912616261626154 ], [ 110.491299129912989, -6.912766276627657 ], [ 110.491074107410739, -6.912766276627666 ] ], [ [ 110.49557455745574, -6.912691269126915 ], [ 110.495724572457249, -6.912616261626166 ], [ 110.495724572457249, -6.912691269126916 ], [ 110.49557455745574, -6.912691269126915 ] ], [ [ 110.495649564956508, -6.913516351635164 ], [ 110.496024602460267, -6.912991299129914 ], [ 110.496024602460267, -6.913216321632161 ], [ 110.495649564956508, -6.913516351635164 ] ], [ [ 110.487698769876985, -6.91389138913891 ], [ 110.489048904890495, -6.914266426642671 ], [ 110.487023702370237, -6.915241524152414 ], [ 110.487698769876985, -6.91389138913891 ] ], [ [ 110.489873987398738, -6.913516351635162 ], [ 110.490249024902496, -6.913666366636657 ], [ 110.490024002400247, -6.913741374137413 ], [ 110.489873987398738, -6.913516351635162 ] ], [ [ 110.495799579957989, -6.913591359135908 ], [ 110.495874587458744, -6.91351635163517 ], [ 110.495874587458744, -6.913591359135917 ], [ 110.495799579957989, -6.913591359135908 ] ], [ [ 110.498424842484255, -6.913966396639672 ], [ 110.498799879987999, -6.913891389138906 ], [ 110.498799879987999, -6.914116411641165 ], [ 110.498424842484255, -6.913966396639672 ] ], [ [ 110.489948994899493, -6.914341434143418 ], [ 110.490474047404746, -6.914116411641166 ], [ 110.490924092409244, -6.914791479147913 ], [ 110.489948994899493, -6.914341434143418 ] ], [ [ 110.499099909991003, -6.914566456645661 ], [ 110.499324932493252, -6.91434143414342 ], [ 110.499549954995501, -6.914641464146411 ], [ 110.499099909991003, -6.914566456645661 ] ], [ [ 110.498424842484255, -6.914416441644159 ], [ 110.498499849984995, -6.914341434143417 ], [ 110.498499849984995, -6.914416441644167 ], [ 110.498424842484255, -6.914416441644159 ] ], [ [ 110.489423942394239, -6.914866486648658 ], [ 110.490249024902496, -6.914566456645662 ], [ 110.490324032403237, -6.915766576657675 ], [ 110.489423942394239, -6.914866486648658 ] ], [ [ 110.496549654965492, -6.915241524152419 ], [ 110.496699669967001, -6.915016501650157 ], [ 110.496699669967001, -6.915241524152418 ], [ 110.496549654965492, -6.915241524152419 ] ], [ [ 110.481923192319229, -6.91621662166216 ], [ 110.483948394839487, -6.917116711671163 ], [ 110.483873387338733, -6.917941794179413 ], [ 110.481923192319229, -6.91621662166216 ] ], [ [ 110.490699069906995, -6.915916591659169 ], [ 110.491149114911494, -6.915841584158408 ], [ 110.491074107410739, -6.916066606660672 ], [ 110.490699069906995, -6.915916591659169 ] ], [ [ 110.489723972397258, -6.916066606660673 ], [ 110.489798979897984, -6.915991599159923 ], [ 110.489798979897984, -6.916066606660669 ], [ 110.489723972397258, -6.916066606660673 ] ], [ [ 110.491149114911494, -6.91614161416141 ], [ 110.492199219921986, -6.917491749174919 ], [ 110.492124212421245, -6.917866786678659 ], [ 110.490999099909985, -6.917116711671167 ], [ 110.491149114911494, -6.91614161416141 ] ], [ [ 110.492874287428748, -6.916141614161421 ], [ 110.493774377437745, -6.916516651665166 ], [ 110.493324332433247, -6.917191719171924 ], [ 110.493324332433247, -6.917866786678673 ], [ 110.492874287428748, -6.916141614161421 ] ], [ [ 110.488148814881484, -6.916741674167424 ], [ 110.489048904890495, -6.916741674167417 ], [ 110.488973897389741, -6.917041704170411 ], [ 110.488148814881484, -6.916741674167424 ] ], [ [ 110.49084908490849, -6.91681668166816 ], [ 110.490924092409244, -6.916741674167421 ], [ 110.490924092409244, -6.916816681668158 ], [ 110.49084908490849, -6.91681668166816 ] ], [ [ 110.492424242424249, -6.917041704170424 ], [ 110.492799279927993, -6.916816681668174 ], [ 110.492799279927993, -6.916891689168916 ], [ 110.492424242424249, -6.917041704170424 ] ], [ [ 110.49362436243625, -6.917041704170408 ], [ 110.493699369936991, -6.916966696669672 ], [ 110.493699369936991, -6.91704170417041 ], [ 110.49362436243625, -6.917041704170408 ] ], [ [ 110.491149114911494, -6.919066906690667 ], [ 110.491224122412248, -6.918991899189912 ], [ 110.491224122412248, -6.919066906690662 ], [ 110.491149114911494, -6.919066906690667 ] ], [ [ 110.487623762376231, -6.922292229222923 ], [ 110.488073807380758, -6.922067206720663 ], [ 110.487998799879989, -6.922292229222924 ], [ 110.487623762376231, -6.922292229222923 ] ], [ [ 110.486723672367248, -6.922367236723678 ], [ 110.487173717371732, -6.922292229222916 ], [ 110.487248724872487, -6.922667266726674 ], [ 110.486723672367248, -6.922367236723678 ] ], [ [ 110.495424542454245, -6.922742274227422 ], [ 110.495649564956508, -6.922667266726674 ], [ 110.495724572457249, -6.922817281728171 ], [ 110.495424542454245, -6.922742274227422 ] ], [ [ 110.495724572457249, -6.922892289228927 ], [ 110.495799579957989, -6.922817281728165 ], [ 110.495799579957989, -6.922892289228924 ], [ 110.495724572457249, -6.922892289228927 ] ], [ [ 110.495649564956508, -6.922967296729668 ], [ 110.495724572457249, -6.922892289228927 ], [ 110.495724572457249, -6.922967296729668 ], [ 110.495649564956508, -6.922967296729668 ] ], [ [ 110.488973897389741, -6.923867386738677 ], [ 110.489123912391236, -6.923642364236416 ], [ 110.48919891989199, -6.923792379237924 ], [ 110.488973897389741, -6.923867386738677 ] ], [ [ 110.488748874887492, -6.923792379237922 ], [ 110.488823882388232, -6.923717371737178 ], [ 110.488823882388232, -6.923792379237915 ], [ 110.488748874887492, -6.923792379237922 ] ], [ [ 110.478472847284735, -6.924167416741676 ], [ 110.480123012301235, -6.925067506750672 ], [ 110.481323132313236, -6.926342634263418 ], [ 110.479972997299726, -6.925817581758174 ], [ 110.478472847284735, -6.924167416741676 ] ], [ [ 110.489273927392745, -6.924317431743181 ], [ 110.489498949894994, -6.924167416741681 ], [ 110.489498949894994, -6.92439243924393 ], [ 110.489273927392745, -6.924317431743181 ] ], [ [ 110.480873087308737, -6.924917491749174 ], [ 110.485373537353738, -6.926267626762673 ], [ 110.485373537353738, -6.927242724272421 ], [ 110.484548454845481, -6.927692769276931 ], [ 110.480873087308737, -6.924917491749174 ] ], [ [ 110.48169816981698, -6.927317731773182 ], [ 110.481998199819984, -6.926417641764181 ], [ 110.482523252325237, -6.927092709270927 ], [ 110.48169816981698, -6.927317731773182 ] ], [ [ 110.482598259825977, -6.927467746774679 ], [ 110.484323432343231, -6.927917791779171 ], [ 110.486048604860486, -6.92926792679268 ], [ 110.483873387338733, -6.928892889288927 ], [ 110.482598259825977, -6.927467746774679 ] ], [ [ 110.482298229822987, -6.930618061806181 ], [ 110.482598259825977, -6.929642964296425 ], [ 110.483273327332739, -6.930393039303921 ], [ 110.482298229822987, -6.930618061806181 ] ], [ [ 110.482148214821478, -6.930168016801681 ], [ 110.482298229822987, -6.930243024302431 ], [ 110.482148214821478, -6.930243024302428 ], [ 110.482148214821478, -6.930168016801681 ] ], [ [ 110.493174317431738, -6.931743174317435 ], [ 110.493249324932492, -6.931668166816677 ], [ 110.493249324932492, -6.931743174317424 ], [ 110.493174317431738, -6.931743174317435 ] ], [ [ 110.493324332433247, -6.931818181818188 ], [ 110.493474347434741, -6.931743174317432 ], [ 110.493474347434741, -6.931818181818183 ], [ 110.493324332433247, -6.931818181818188 ] ], [ [ 110.4938493849385, -6.931968196819678 ], [ 110.49392439243924, -6.931893189318934 ], [ 110.49392439243924, -6.931968196819689 ], [ 110.4938493849385, -6.931968196819678 ] ], [ [ 110.461896189618969, -6.934143414341433 ], [ 110.462271227122713, -6.933543354335433 ], [ 110.462271227122713, -6.934518451845185 ], [ 110.461896189618969, -6.934143414341433 ] ], [ [ 110.459495949594952, -6.934143414341425 ], [ 110.46009600960096, -6.933918391839182 ], [ 110.459870987098711, -6.934218421842182 ], [ 110.459495949594952, -6.934143414341425 ] ], [ [ 110.458520852085215, -6.935943594359435 ], [ 110.458745874587464, -6.935868586858693 ], [ 110.458745874587464, -6.935943594359435 ], [ 110.458520852085215, -6.935943594359435 ] ], [ [ 110.45844584458446, -6.936018601860178 ], [ 110.458520852085215, -6.935943594359435 ], [ 110.458520852085215, -6.936018601860185 ], [ 110.45844584458446, -6.936018601860178 ] ], [ [ 110.458370837083706, -6.936093609360942 ], [ 110.45844584458446, -6.936018601860178 ], [ 110.45844584458446, -6.936093609360934 ], [ 110.458370837083706, -6.936093609360942 ] ], [ [ 110.463621362136209, -6.936243624362435 ], [ 110.463771377137718, -6.936093609360937 ], [ 110.463771377137718, -6.936168616861691 ], [ 110.463621362136209, -6.936243624362435 ] ], [ [ 110.458520852085215, -6.936243624362445 ], [ 110.458595859585955, -6.936168616861682 ], [ 110.458595859585955, -6.936243624362436 ], [ 110.458520852085215, -6.936243624362445 ] ], [ [ 110.463021302130215, -6.936243624362444 ], [ 110.46309630963097, -6.936168616861681 ], [ 110.46309630963097, -6.936243624362437 ], [ 110.463021302130215, -6.936243624362444 ] ], [ [ 110.46309630963097, -6.936393639363932 ], [ 110.46317131713171, -6.936318631863184 ], [ 110.46317131713171, -6.93639363936393 ], [ 110.46309630963097, -6.936393639363932 ] ], [ [ 110.46317131713171, -6.936468646864678 ], [ 110.463246324632465, -6.936393639363938 ], [ 110.463246324632465, -6.936468646864693 ], [ 110.46317131713171, -6.936468646864678 ] ], [ [ 110.463246324632465, -6.936543654365432 ], [ 110.463321332133219, -6.936468646864682 ], [ 110.463321332133219, -6.936543654365443 ], [ 110.463246324632465, -6.936543654365432 ] ], [ [ 110.482748274827486, -6.93661866186618 ], [ 110.482898289828981, -6.936543654365438 ], [ 110.482898289828981, -6.936618661866182 ], [ 110.482748274827486, -6.93661866186618 ] ], [ [ 110.482898289828981, -6.936693669366945 ], [ 110.48304830483049, -6.936618661866188 ], [ 110.48304830483049, -6.936693669366931 ], [ 110.482898289828981, -6.936693669366945 ] ], [ [ 110.457770777077712, -6.936768676867682 ], [ 110.457845784578453, -6.936693669366931 ], [ 110.457845784578453, -6.936768676867681 ], [ 110.457770777077712, -6.936768676867682 ] ], [ [ 110.457695769576958, -6.936843684368431 ], [ 110.457770777077712, -6.936768676867682 ], [ 110.457770777077712, -6.936843684368437 ], [ 110.457695769576958, -6.936843684368431 ] ], [ [ 110.457620762076203, -6.936918691869192 ], [ 110.457695769576958, -6.936843684368431 ], [ 110.457695769576958, -6.936918691869188 ], [ 110.457620762076203, -6.936918691869192 ] ], [ [ 110.463846384638458, -6.937293729372932 ], [ 110.463921392139213, -6.937218721872179 ], [ 110.463921392139213, -6.937293729372934 ], [ 110.463846384638458, -6.937293729372932 ] ], [ [ 110.463921392139213, -6.937368736873687 ], [ 110.463996399639967, -6.937293729372942 ], [ 110.463996399639967, -6.937368736873684 ], [ 110.463921392139213, -6.937368736873687 ] ], [ [ 110.458070807080702, -6.937968796879689 ], [ 110.458220822082211, -6.93759375937593 ], [ 110.45844584458446, -6.938343834383444 ], [ 110.458070807080702, -6.937968796879689 ] ], [ [ 110.448094809480963, -6.937968796879679 ], [ 110.448469846984693, -6.937818781878192 ], [ 110.448469846984693, -6.937968796879685 ], [ 110.448094809480963, -6.937968796879679 ] ], [ [ 110.445019501950199, -6.938343834383431 ], [ 110.445094509450954, -6.938193819381932 ], [ 110.445094509450954, -6.938343834383441 ], [ 110.445019501950199, -6.938343834383431 ] ], [ [ 110.459495949594952, -6.938568856885688 ], [ 110.459570957095707, -6.938493849384947 ], [ 110.459570957095707, -6.938568856885695 ], [ 110.459495949594952, -6.938568856885688 ] ] ] } },
{ "type": "Feature", "properties": { "year": 2034, "layer": "atrisk" }, "geometry": { "type": "Polygon", "coordinates": [ [ [ 110.438643864386435, -6.93946894689469 ], [ 110.437368736873694, -6.939618961896188 ], [ 110.437743774377438, -6.942319231923186 ], [ 110.438643864386435, -6.93946894689469 ] ] ] } },
{ "type": "Feature", "properties": { "year": 2034, "layer": "atrisk" }, "geometry": { "type": "Polygon", "coordinates": [ [ [ 110.42656765676567, -6.943369336933701 ], [ 110.426417641764175, -6.944344434443437 ], [ 110.427092709270923, -6.945244524452441 ], [ 110.42656765676567, -6.943369336933701 ] ] ] } },
{ "type": "Feature", "properties": { "year": 2034, "layer": "atrisk" }, "geometry": { "type": "Polygon", "coordinates": [ [ [ 110.426117611761171, -6.94704470447045 ], [ 110.425592559255932, -6.946669666966704 ], [ 110.425292529252943, -6.947269726972699 ], [ 110.426117611761171, -6.94704470447045 ] ] ] } },
{ "type": "Feature", "properties": { "year": 2034, "layer": "atrisk" }, "geometry": { "type": "Polygon", "coordinates": [ [ [ 110.430693069306926, -6.946969696969693 ], [ 110.429867986798683, -6.946894689468947 ], [ 110.428592859285942, -6.948019801980201 ], [ 110.430693069306926, -6.946969696969693 ] ] ] } },
{ "type": "Feature", "properties": { "year": 2034, "layer": "atrisk" }, "geometry": { "type": "Polygon", "coordinates": [ [ [ 110.392439243924386, -6.946069606960696 ], [ 110.390714071407146, -6.947044704470444 ], [ 110.388988898889892, -6.948394839483953 ], [ 110.388988898889892, -6.948844884488444 ], [ 110.392439243924386, -6.946069606960696 ] ] ] } },
{ "type": "Feature", "properties": { "year": 2034, "layer": "atrisk" }, "geometry": { "type": "Polygon", "coordinates": [ [ [ 110.435193519351941, -6.940369036903689 ], [ 110.433093309330928, -6.94194419441945 ], [ 110.434368436843684, -6.946294629462945 ], [ 110.431818181818187, -6.942769276927698 ], [ 110.429792979297929, -6.945169516951686 ], [ 110.432343234323426, -6.944269426942697 ], [ 110.432943294329434, -6.949294929492943 ], [ 110.434818481848183, -6.949369936993702 ], [ 110.43571857185718, -6.947869786978694 ], [ 110.434143414341435, -6.947119711971196 ], [ 110.436618661866191, -6.943294329432949 ], [ 110.435193519351941, -6.940369036903689 ] ], [ [ 110.433168316831683, -6.948094809480955 ], [ 110.433318331833178, -6.947944794479454 ], [ 110.433393339333932, -6.948094809480942 ], [ 110.433168316831683, -6.948094809480955 ] ] ] } },
{ "type": "Feature", "properties": { "year": 2034, "layer": "atrisk" }, "geometry": { "type": "Polygon", "coordinates": [ [ [ 110.418391839183911, -6.951395139513944 ], [ 110.41711671167117, -6.951095109510953 ], [ 110.417341734173419, -6.951695169516944 ], [ 110.418391839183911, -6.951395139513944 ] ] ] } },
{ "type": "Feature", "properties": { "year": 2034, "layer": "atrisk" }, "geometry": { "type": "Polygon", "coordinates": [ [ [ 110.43264326432643, -6.951020102010194 ], [ 110.430918091809176, -6.952145214521453 ], [ 110.431368136813688, -6.952895289528959 ], [ 110.432718271827184, -6.951995199519945 ], [ 110.43264326432643, -6.951020102010194 ] ] ] } },
{ "type": "Feature", "properties": { "year": 2034, "layer": "atrisk" }, "geometry": { "type": "Polygon", "coordinates": [ [ [ 110.420417041704169, -6.952220222022198 ], [ 110.419591959195913, -6.95334533453346 ], [ 110.419741974197422, -6.95394539453945 ], [ 110.420267026702675, -6.953795379537953 ], [ 110.420417041704169, -6.952220222022198 ] ] ] } },
{ "type": "Feature", "properties": { "year": 2034, "layer": "atrisk" }, "geometry": { "type": "Polygon", "coordinates": [ [ [ 110.382238223822384, -6.951020102010206 ], [ 110.38193819381938, -6.952745274527446 ], [ 110.382988298829886, -6.954245424542449 ], [ 110.382238223822384, -6.951020102010206 ] ] ] } },
{ "type": "Feature", "properties": { "year": 2034, "layer": "atrisk" }, "geometry": { "type": "Polygon", "coordinates": [ [ [ 110.429942994299424, -6.953195319531948 ], [ 110.429192919291935, -6.953720372037207 ], [ 110.429192919291935, -6.954245424542461 ], [ 110.430618061806186, -6.953945394539456 ], [ 110.429942994299424, -6.953195319531948 ] ], [ [ 110.430318031803182, -6.953945394539452 ], [ 110.430393039303937, -6.953870387038702 ], [ 110.430393039303937, -6.953945394539457 ], [ 110.430318031803182, -6.953945394539452 ] ] ] } },
{ "type": "Feature", "properties": { "year": 2034, "layer": "atrisk" }, "geometry": { "type": "Polygon", "coordinates": [ [ [ 110.377812781278124, -6.954545454545448 ], [ 110.376162616261624, -6.95447044704471 ], [ 110.376087608760869, -6.954620462046202 ], [ 110.377812781278124, -6.954545454545448 ] ] ] } },
{ "type": "Feature", "properties": { "year": 2034, "layer": "atrisk" }, "geometry": { "type": "Polygon", "coordinates": [ [ [ 110.41719171917191, -6.952295229522951 ], [ 110.41576657665766, -6.95304530453046 ], [ 110.416516651665162, -6.955220522052206 ], [ 110.418166816681662, -6.955295529552948 ], [ 110.41719171917191, -6.952295229522951 ] ], [ [ 110.41704170417043, -6.9546204620462 ], [ 110.41711671167117, -6.954545454545455 ], [ 110.41711671167117, -6.954620462046208 ], [ 110.41704170417043, -6.9546204620462 ] ], [ [ 110.417491749174914, -6.95462046204621 ], [ 110.417566756675669, -6.954545454545445 ], [ 110.417566756675669, -6.954620462046206 ], [ 110.417491749174914, -6.95462046204621 ] ], [ [ 110.416741674167412, -6.95469546954696 ], [ 110.416891689168921, -6.954620462046203 ], [ 110.416891689168921, -6.95469546954696 ], [ 110.416741674167412, -6.95469546954696 ] ] ] } },
{ "type": "Feature", "properties": { "year": 2034, "layer": "atrisk" }, "geometry": { "type": "Polygon", "coordinates": [ [ [ 110.428667866786682, -6.951395139513946 ], [ 110.427017701770183, -6.954845484548457 ], [ 110.423567356735674, -6.953570357035701 ], [ 110.424242424242422, -6.955670567056705 ], [ 110.422067206720669, -6.954470447044701 ], [ 110.421542154215416, -6.95514551455145 ], [ 110.423717371737169, -6.956495649564962 ], [ 110.42461746174618, -6.955970597059708 ], [ 110.42491749174917, -6.954545454545459 ], [ 110.426717671767179, -6.955445544554448 ], [ 110.42934293429343, -6.95244524452445 ], [ 110.428667866786682, -6.951395139513946 ] ], [ [ 110.428592859285942, -6.952370237023692 ], [ 110.428667866786682, -6.952295229522957 ], [ 110.428667866786682, -6.952370237023701 ], [ 110.428592859285942, -6.952370237023692 ] ], [ [ 110.428517851785173, -6.95244524452445 ], [ 110.428592859285942, -6.952370237023692 ], [ 110.428592859285942, -6.952445244524456 ], [ 110.428517851785173, -6.95244524452445 ] ], [ [ 110.426792679267933, -6.955070507050702 ], [ 110.426867686768674, -6.954995499549951 ], [ 110.426867686768674, -6.955070507050698 ], [ 110.426792679267933, -6.955070507050702 ] ], [ [ 110.426717671767179, -6.9552205220522 ], [ 110.426792679267933, -6.955145514551452 ], [ 110.426792679267933, -6.955220522052203 ], [ 110.426717671767179, -6.9552205220522 ] ] ] } },
{ "type": "Feature", "properties": { "year": 2034, "layer": "atrisk" }, "geometry": { "type": "Polygon", "coordinates": [ [ [ 110.418691869186929, -6.9520702070207 ], [ 110.418616861686175, -6.954020402040197 ], [ 110.420417041704169, -6.956945694569446 ], [ 110.419516951695172, -6.953120312031203 ], [ 110.418691869186929, -6.9520702070207 ] ] ] } },
{ "type": "Feature", "properties": { "year": 2034, "layer": "atrisk" }, "geometry": { "type": "Polygon", "coordinates": [ [ [ 110.401215121512152, -6.955820582058198 ], [ 110.401065106510657, -6.957020702070207 ], [ 110.401740174017405, -6.957770777077705 ], [ 110.401590159015896, -6.956045604560449 ], [ 110.401215121512152, -6.955820582058198 ] ], [ [ 110.401290129012907, -6.956720672067213 ], [ 110.401440144014401, -6.956495649564947 ], [ 110.40151515151517, -6.956795679567962 ], [ 110.401365136513647, -6.956795679567961 ], [ 110.401365136513647, -6.956720672067204 ], [ 110.401290129012907, -6.956720672067213 ] ], [ [ 110.401140114011397, -6.956795679567958 ], [ 110.401290129012907, -6.956720672067213 ], [ 110.401290129012907, -6.956795679567961 ], [ 110.401140114011397, -6.956795679567958 ] ] ] } },
{ "type": "Feature", "properties": { "year": 2034, "layer": "atrisk" }, "geometry": { "type": "Polygon", "coordinates": [ [ [ 110.422217221722178, -6.957320732073204 ], [ 110.421242124212426, -6.957770777077711 ], [ 110.421992199219929, -6.958220822082209 ], [ 110.422217221722178, -6.957320732073204 ] ] ] } },
{ "type": "Feature", "properties": { "year": 2034, "layer": "atrisk" }, "geometry": { "type": "Polygon", "coordinates": [ [ [ 110.420267026702675, -6.957095709570964 ], [ 110.419816981698176, -6.958820882088217 ], [ 110.420642064206419, -6.959120912091204 ], [ 110.421392139213921, -6.957920792079203 ], [ 110.420267026702675, -6.957095709570964 ] ], [ [ 110.420642064206419, -6.957545754575463 ], [ 110.420717071707173, -6.957470747074701 ], [ 110.420717071707173, -6.957545754575457 ], [ 110.420642064206419, -6.957545754575463 ] ], [ [ 110.420342034203429, -6.957695769576952 ], [ 110.420417041704169, -6.957545754575466 ], [ 110.420417041704169, -6.957695769576957 ], [ 110.420342034203429, -6.957695769576952 ] ] ] } },
{ "type": "Feature", "properties": { "year": 2034, "layer": "atrisk" }, "geometry": { "type": "Polygon", "coordinates": [ [ [ 110.392439243924386, -6.958670867086711 ], [ 110.390789078907886, -6.959195919591965 ], [ 110.392439243924386, -6.959195919591965 ], [ 110.392439243924386, -6.958670867086711 ] ] ] } },
{ "type": "Feature", "properties": { "year": 2034, "layer": "atrisk" }, "geometry": { "type": "Polygon", "coordinates": [ [ [ 110.40331533153315, -6.958370837083707 ], [ 110.40316531653167, -6.9588208820882 ], [ 110.404065406540653, -6.958820882088211 ], [ 110.403765376537649, -6.959270927092714 ], [ 110.405115511551159, -6.959495949594956 ], [ 110.404815481548169, -6.958370837083702 ], [ 110.40331533153315, -6.958370837083707 ] ], [ [ 110.403915391539158, -6.95852085208521 ], [ 110.404215421542148, -6.958595859585965 ], [ 110.403915391539158, -6.958595859585964 ], [ 110.403915391539158, -6.95852085208521 ] ], [ [ 110.40331533153315, -6.958670867086715 ], [ 110.4035403540354, -6.958595859585956 ], [ 110.4035403540354, -6.958670867086703 ], [ 110.40331533153315, -6.958670867086715 ] ] ] } },
{ "type": "Feature", "properties": { "year": 2034, "layer": "atrisk" }, "geometry": { "type": "Polygon", "coordinates": [ [ [ 110.383438343834385, -6.955445544554448 ], [ 110.377587758775874, -6.954770477047704 ], [ 110.376837683768372, -6.956045604560464 ], [ 110.368361836183624, -6.955970597059698 ], [ 110.367761776177616, -6.957845784578462 ], [ 110.36671167116711, -6.9576207620762 ], [ 110.367386738673872, -6.956270627062705 ], [ 110.367086708670868, -6.95574557455745 ], [ 110.364011401140118, -6.956495649564951 ], [ 110.364836483648375, -6.955820582058214 ], [ 110.364161416141613, -6.955070507050706 ], [ 110.363561356135619, -6.954995499549948 ], [ 110.360036003600356, -6.955820582058204 ], [ 110.360111011101111, -6.956945694569454 ], [ 110.359885988598876, -6.957020702070203 ], [ 110.359885988598876, -6.95867086708671 ], [ 110.360636063606364, -6.959720972097205 ], [ 110.387863786378631, -6.959720972097203 ], [ 110.387938793879385, -6.95904590459046 ], [ 110.385988598859896, -6.959345934593466 ], [ 110.385913591359142, -6.958445844584458 ], [ 110.38358835883588, -6.958745874587465 ], [ 110.383438343834385, -6.955445544554448 ] ], [ [ 110.378337833783377, -6.955145514551449 ], [ 110.378487848784872, -6.954995499549949 ], [ 110.378412841284131, -6.955145514551463 ], [ 110.378337833783377, -6.955145514551449 ] ], [ [ 110.363561356135619, -6.955295529552956 ], [ 110.363936393639364, -6.955595559555951 ], [ 110.363486348634865, -6.955520552055211 ], [ 110.363561356135619, -6.955295529552956 ] ], [ [ 110.364011401140118, -6.955595559555955 ], [ 110.364086408640858, -6.9555205520552 ], [ 110.364086408640858, -6.955595559555952 ], [ 110.364011401140118, -6.955595559555955 ] ], [ [ 110.363861386138609, -6.955820582058207 ], [ 110.364011401140118, -6.955745574557456 ], [ 110.364011401140118, -6.95582058205821 ], [ 110.363861386138609, -6.955820582058207 ] ], [ [ 110.363261326132616, -6.955970597059706 ], [ 110.36333633363337, -6.955820582058211 ], [ 110.36333633363337, -6.955970597059713 ], [ 110.363261326132616, -6.955970597059706 ] ], [ [ 110.360111011101111, -6.956195619561962 ], [ 110.360186018601865, -6.956120612061204 ], [ 110.360186018601865, -6.956195619561951 ], [ 110.360111011101111, -6.956195619561962 ] ], [ [ 110.366936693669373, -6.956420642064202 ], [ 110.367011701170114, -6.956345634563453 ], [ 110.367011701170114, -6.956420642064201 ], [ 110.366936693669373, -6.956420642064202 ] ], [ [ 110.366186618661885, -6.956495649564963 ], [ 110.366261626162611, -6.956420642064202 ], [ 110.366261626162611, -6.956495649564959 ], [ 110.366186618661885, -6.956495649564963 ] ], [ [ 110.366861686168619, -6.956645664566457 ], [ 110.366936693669373, -6.956495649564955 ], [ 110.366936693669373, -6.95664566456646 ], [ 110.366861686168619, -6.956645664566457 ] ], [ [ 110.366786678667864, -6.956795679567964 ], [ 110.366861686168619, -6.956645664566457 ], [ 110.366861686168619, -6.956795679567957 ], [ 110.366786678667864, -6.956795679567964 ] ], [ [ 110.362136213621369, -6.956945694569454 ], [ 110.362811281128117, -6.9571707170717 ], [ 110.361911191119106, -6.957470747074713 ], [ 110.362136213621369, -6.956945694569454 ] ], [ [ 110.36671167116711, -6.956945694569454 ], [ 110.366786678667864, -6.956795679567964 ], [ 110.366786678667864, -6.956945694569454 ], [ 110.36671167116711, -6.956945694569454 ] ], [ [ 110.362886288628857, -6.957170717071708 ], [ 110.362961296129612, -6.957020702070203 ], [ 110.362961296129612, -6.957170717071707 ], [ 110.362886288628857, -6.957170717071708 ] ], [ [ 110.36663666366637, -6.957170717071715 ], [ 110.36671167116711, -6.957020702070203 ], [ 110.36671167116711, -6.957170717071706 ], [ 110.36663666366637, -6.957170717071715 ] ], [ [ 110.359960996099616, -6.957320732073203 ], [ 110.360036003600356, -6.957170717071711 ], [ 110.360036003600356, -6.957320732073212 ], [ 110.359960996099616, -6.957320732073203 ] ], [ [ 110.361311131113112, -6.95739573957396 ], [ 110.361686168616856, -6.957245724572451 ], [ 110.361686168616856, -6.95754575457545 ], [ 110.361311131113112, -6.95739573957396 ] ], [ [ 110.366561656165615, -6.957470747074712 ], [ 110.36663666366637, -6.957320732073208 ], [ 110.36663666366637, -6.957470747074709 ], [ 110.366561656165615, -6.957470747074712 ] ], [ [ 110.387413741374132, -6.959420942094209 ], [ 110.387488748874887, -6.959345934593459 ], [ 110.387488748874887, -6.959420942094211 ], [ 110.387413741374132, -6.959420942094209 ] ] ] } },
{ "type": "Feature", "properties": { "year": 2034, "layer": "atrisk" }, "geometry": { "type": "Polygon", "coordinates": [ [ [ 110.396489648964902, -6.948394839483944 ], [ 110.396339633963393, -6.950720072007194 ], [ 110.3957395739574, -6.950945094509443 ], [ 110.39551455145515, -6.950570057005704 ], [ 110.395289528952901, -6.95064506450645 ], [ 110.398964896489645, -6.959720972097203 ], [ 110.400765076507653, -6.959720972097214 ], [ 110.398664866486655, -6.954320432043208 ], [ 110.405040504050405, -6.953795379537961 ], [ 110.405865586558662, -6.952970297029696 ], [ 110.403090309030901, -6.953720372037203 ], [ 110.40151515151517, -6.952220222022204 ], [ 110.399189918991908, -6.952670267026707 ], [ 110.399339933993403, -6.953570357035701 ], [ 110.399264926492648, -6.954170417041707 ], [ 110.398964896489645, -6.952445244524458 ], [ 110.39881488148815, -6.952220222022208 ], [ 110.397764776477644, -6.952370237023695 ], [ 110.397314731473145, -6.951845184518456 ], [ 110.397089708970896, -6.950870087008696 ], [ 110.399489948994898, -6.952370237023697 ], [ 110.400540054005418, -6.951170117011704 ], [ 110.396489648964902, -6.948394839483944 ] ], [ [ 110.397989798979893, -6.950720072007197 ], [ 110.398289828982897, -6.950495049504954 ], [ 110.398364836483651, -6.951095109510953 ], [ 110.397989798979893, -6.950720072007197 ] ], [ [ 110.397014701470141, -6.950870087008695 ], [ 110.397089708970896, -6.950795079507955 ], [ 110.397089708970896, -6.950870087008696 ], [ 110.397014701470141, -6.950870087008695 ] ], [ [ 110.3985898589859, -6.95244524452445 ], [ 110.398664866486655, -6.952295229522956 ], [ 110.398664866486655, -6.95244524452445 ], [ 110.3985898589859, -6.95244524452445 ] ], [ [ 110.398214821482142, -6.953570357035709 ], [ 110.398289828982897, -6.953495349534959 ], [ 110.398289828982897, -6.953570357035704 ], [ 110.398214821482142, -6.953570357035709 ] ], [ [ 110.398289828982897, -6.953795379537948 ], [ 110.3985898589859, -6.95394539453945 ], [ 110.398664866486655, -6.954320432043208 ], [ 110.398289828982897, -6.953795379537948 ] ], [ [ 110.40016501650166, -6.959045904590458 ], [ 110.4002400240024, -6.95889588958897 ], [ 110.4002400240024, -6.959045904590463 ], [ 110.40016501650166, -6.959045904590458 ] ], [ [ 110.4002400240024, -6.959270927092702 ], [ 110.400390039003895, -6.959045904590463 ], [ 110.400315031503155, -6.959270927092705 ], [ 110.4002400240024, -6.959270927092702 ] ] ] } },
{ "type": "Feature", "properties": { "year": 2034, "layer": "atrisk" }, "geometry": { "type": "Polygon", "coordinates": [ [ [ 110.406090609060911, -6.947494749474947 ], [ 110.403015301530147, -6.947044704470442 ], [ 110.406240624062406, -6.948319831983197 ], [ 110.406465646564669, -6.950495049504954 ], [ 110.40489048904891, -6.951845184518449 ], [ 110.407365736573652, -6.951770177017696 ], [ 110.409765976597669, -6.955370537053714 ], [ 110.40961596159616, -6.957470747074707 ], [ 110.407515751575161, -6.957845784578461 ], [ 110.40796579657966, -6.958370837083713 ], [ 110.405715571557153, -6.958370837083717 ], [ 110.405040504050405, -6.958670867086705 ], [ 110.405790579057907, -6.959045904590463 ], [ 110.407290729072912, -6.958670867086707 ], [ 110.406240624062406, -6.959120912091217 ], [ 110.4063906390639, -6.959720972097219 ], [ 110.406765676567659, -6.95972097209722 ], [ 110.409990999099904, -6.957770777077714 ], [ 110.409315931593156, -6.959120912091202 ], [ 110.410141014101413, -6.959720972097206 ], [ 110.41704170417043, -6.959645964596452 ], [ 110.413591359135907, -6.957395739573957 ], [ 110.415241524152421, -6.956120612061211 ], [ 110.413366336633658, -6.956270627062702 ], [ 110.413366336633658, -6.957095709570962 ], [ 110.41074107410742, -6.955895589558949 ], [ 110.406090609060911, -6.947494749474947 ] ], [ [ 110.410066006600658, -6.955895589558962 ], [ 110.41246624662466, -6.95679567956795 ], [ 110.413366336633658, -6.958295829582958 ], [ 110.411566156615663, -6.957695769576962 ], [ 110.410441044104431, -6.958820882088214 ], [ 110.410066006600658, -6.955895589558962 ] ], [ [ 110.413816381638171, -6.956870687068699 ], [ 110.413891389138911, -6.95679567956796 ], [ 110.413891389138911, -6.956870687068711 ], [ 110.413816381638171, -6.956870687068699 ] ], [ [ 110.411491149114909, -6.958145814581457 ], [ 110.411716171617158, -6.958145814581453 ], [ 110.411491149114909, -6.958220822082211 ], [ 110.411491149114909, -6.958145814581457 ] ], [ [ 110.40631563156316, -6.958820882088212 ], [ 110.40654065406541, -6.958745874587454 ], [ 110.40654065406541, -6.958820882088215 ], [ 110.40631563156316, -6.958820882088212 ] ], [ [ 110.410066006600658, -6.959120912091209 ], [ 110.410141014101413, -6.95904590459045 ], [ 110.410141014101413, -6.959120912091215 ], [ 110.410066006600658, -6.959120912091209 ] ], [ [ 110.414491449144919, -6.959420942094206 ], [ 110.414566456645659, -6.95934593459346 ], [ 110.414566456645659, -6.959420942094203 ], [ 110.414491449144919, -6.959420942094206 ] ] ] } },
{ "type": "Feature", "properties": { "year": 2034, "layer": "atrisk" }, "geometry": { "type": "Polygon", "coordinates": [ [ [ 110.319456945694569, -6.938268826882693 ], [ 110.312406240624057, -6.943744374437443 ], [ 110.318106810681073, -6.952895289528954 ], [ 110.319531953195323, -6.950645064506446 ], [ 110.319081908190824, -6.953795379537956 ], [ 110.327557755775572, -6.958595859585952 ], [ 110.3497599759976, -6.95972097209721 ], [ 110.352160216021602, -6.958220822082202 ], [ 110.350810081008106, -6.959720972097208 ], [ 110.359135913591359, -6.959720972097215 ], [ 110.359060906090605, -6.954770477047708 ], [ 110.355460546054601, -6.95469546954696 ], [ 110.358760876087615, -6.954245424542453 ], [ 110.359435943594363, -6.954395439543948 ], [ 110.359660966096612, -6.959720972097211 ], [ 110.359885988598876, -6.954695469546959 ], [ 110.375262526252627, -6.954695469546962 ], [ 110.349309930993115, -6.952220222022198 ], [ 110.344884488448841, -6.949144914491447 ], [ 110.327632763276327, -6.942844284428435 ], [ 110.319456945694569, -6.938268826882693 ] ], [ [ 110.318406840684062, -6.940069006900685 ], [ 110.318481848184817, -6.939993999399936 ], [ 110.318481848184817, -6.940069006900691 ], [ 110.318406840684062, -6.940069006900685 ] ], [ [ 110.318481848184817, -6.940144014401433 ], [ 110.318631863186312, -6.940069006900692 ], [ 110.318631863186312, -6.940144014401442 ], [ 110.318481848184817, -6.940144014401433 ] ], [ [ 110.318181818181813, -6.940219021902193 ], [ 110.318256825682582, -6.940144014401432 ], [ 110.318256825682582, -6.940219021902187 ], [ 110.318181818181813, -6.940219021902193 ] ], [ [ 110.31735673567357, -6.940519051905193 ], [ 110.317431743174311, -6.940369036903682 ], [ 110.317431743174311, -6.940519051905195 ], [ 110.31735673567357, -6.940519051905193 ] ], [ [ 110.319981998199822, -6.940669066906695 ], [ 110.320057005700576, -6.940594059405934 ], [ 110.320057005700576, -6.940669066906698 ], [ 110.319981998199822, -6.940669066906695 ] ], [ [ 110.318256825682582, -6.940744074407437 ], [ 110.318331833183322, -6.940669066906685 ], [ 110.318331833183322, -6.94074407440744 ], [ 110.318256825682582, -6.940744074407437 ] ], [ [ 110.320807080708065, -6.941044104410435 ], [ 110.320882088208819, -6.940969096909692 ], [ 110.320882088208819, -6.941044104410438 ], [ 110.320807080708065, -6.941044104410435 ] ], [ [ 110.321107110711068, -6.941269126912699 ], [ 110.321407140714072, -6.941119111911192 ], [ 110.321407140714072, -6.941344134413444 ], [ 110.321107110711068, -6.941269126912699 ] ], [ [ 110.321482148214827, -6.941569156915691 ], [ 110.321557155715581, -6.941494149414945 ], [ 110.321557155715581, -6.941569156915683 ], [ 110.321482148214827, -6.941569156915691 ] ], [ [ 110.322382238223824, -6.942244224422448 ], [ 110.322607260726073, -6.942094209420946 ], [ 110.322682268226828, -6.942319231923189 ], [ 110.322382238223824, -6.942244224422448 ] ], [ [ 110.325607560756069, -6.945769576957703 ], [ 110.32680768076807, -6.9478697869787 ], [ 110.32650765076508, -6.9483198319832 ], [ 110.324932493249321, -6.946594659465939 ], [ 110.323582358235825, -6.948094809480947 ], [ 110.322982298229817, -6.9472697269727 ], [ 110.320732073207324, -6.948169816981707 ], [ 110.322007200720066, -6.946144614461442 ], [ 110.325607560756069, -6.945769576957703 ] ], [ [ 110.323207320732081, -6.947869786978695 ], [ 110.323282328232821, -6.947794779477943 ], [ 110.323282328232821, -6.947869786978692 ], [ 110.323207320732081, -6.947869786978695 ] ], [ [ 110.32065706570657, -6.950570057005704 ], [ 110.320732073207324, -6.950495049504949 ], [ 110.320732073207324, -6.950570057005702 ], [ 110.32065706570657, -6.950570057005704 ] ], [ [ 110.320507050705075, -6.950645064506453 ], [ 110.320582058205815, -6.950570057005705 ], [ 110.320582058205815, -6.950645064506459 ], [ 110.320507050705075, -6.950645064506453 ] ], [ [ 110.32043204320432, -6.950720072007202 ], [ 110.320507050705075, -6.950645064506453 ], [ 110.320507050705075, -6.950720072007201 ], [ 110.32043204320432, -6.950720072007202 ] ], [ [ 110.320057005700576, -6.950870087008709 ], [ 110.320132013201317, -6.950795079507951 ], [ 110.320132013201317, -6.950870087008706 ], [ 110.320057005700576, -6.950870087008709 ] ], [ [ 110.320282028202826, -6.950870087008704 ], [ 110.320357035703566, -6.950795079507953 ], [ 110.320357035703566, -6.950870087008703 ], [ 110.320282028202826, -6.950870087008704 ] ], [ [ 110.319981998199822, -6.950945094509449 ], [ 110.320057005700576, -6.950870087008709 ], [ 110.320057005700576, -6.950945094509457 ], [ 110.319981998199822, -6.950945094509449 ] ], [ [ 110.319906990699081, -6.951020102010204 ], [ 110.319981998199822, -6.950945094509449 ], [ 110.319981998199822, -6.951020102010205 ], [ 110.319906990699081, -6.951020102010204 ] ], [ [ 110.319981998199822, -6.95117011701171 ], [ 110.320057005700576, -6.951095109510944 ], [ 110.320057005700576, -6.951170117011699 ], [ 110.319981998199822, -6.95117011701171 ] ], [ [ 110.35283528352835, -6.957470747074707 ], [ 110.352910291029104, -6.957320732073208 ], [ 110.352910291029104, -6.957470747074714 ], [ 110.35283528352835, -6.957470747074707 ] ], [ [ 110.35276027602761, -6.957545754575451 ], [ 110.35283528352835, -6.957470747074707 ], [ 110.35283528352835, -6.957545754575456 ], [ 110.35276027602761, -6.957545754575451 ] ], [ [ 110.352685268526855, -6.957620762076208 ], [ 110.35276027602761, -6.957545754575451 ], [ 110.35276027602761, -6.957620762076214 ], [ 110.352685268526855, -6.957620762076208 ] ], [ [ 110.352385238523851, -6.958070807080701 ], [ 110.35276027602761, -6.957845784578462 ], [ 110.35276027602761, -6.957995799579954 ], [ 110.352385238523851, -6.958070807080701 ] ], [ [ 110.35276027602761, -6.958145814581451 ], [ 110.35283528352835, -6.95799579957996 ], [ 110.35283528352835, -6.958145814581452 ], [ 110.35276027602761, -6.958145814581451 ] ], [ [ 110.352310231023097, -6.95814581458146 ], [ 110.352385238523851, -6.958070807080701 ], [ 110.352385238523851, -6.958145814581463 ], [ 110.352310231023097, -6.95814581458146 ] ], [ [ 110.352235223522356, -6.958295829582951 ], [ 110.352310231023097, -6.95814581458146 ], [ 110.352310231023097, -6.95829582958296 ], [ 110.352235223522356, -6.958295829582951 ] ] ] } },
{ "type": "Feature", "properties": { "year": 2034, "layer": "atrisk" }, "geometry": { "type": "Polygon", "coordinates": [ [ [ 110.402940294029406, -6.958670867086704 ], [ 110.401740174017405, -6.958820882088212 ], [ 110.400840084008408, -6.959570957095714 ], [ 110.402940294029406, -6.958670867086704 ] ] ] } }
]
}
