{
"type": "FeatureCollection",
"name": "atrisk_2027",
"crs": { "type": "name", "properties": { "name": "urn:ogc:def:crs:OGC:1.3:CRS84" } },
"features": [
{ "type": "Feature", "properties": { "year": 2027, "layer": "atrisk" }, "geometry": { "type": "Polygon", "coordinates": [ [ [ 110.575532553255329, -6.75 ], [ 110.572907290729077, -6.75052505250525 ], [ 110.575532553255329, -6.750150015001497 ], [ 110.575532553255329, -6.75 ] ] ] } },
{ "type": "Feature", "properties": { "year": 2027, "layer": "atrisk" }, "geometry": { "type": "Polygon", "coordinates": [ [ [ 110.564131413141311, -6.75 ], [ 110.567131713171321, -6.752250225022491 ], [ 110.571632163216336, -6.750075007500745 ], [ 110.571632163216336, -6.75 ], [ 110.564131413141311, -6.75 ] ] ] } },
{ "type": "Feature", "properties": { "year": 2027, "layer": "atrisk" }, "geometry": { "type": "Polygon", "coordinates": [ [ [ 110.58453345334533, -6.752175217521753 ], [ 110.583708370837087, -6.752850285028498 ], [ 110.583408340834083, -6.753750375037506 ], [ 110.584458445844589, -6.753525352535255 ], [ 110.58453345334533, -6.752175217521753 ] ] ] } },
{ "type": "Feature", "properties": { "year": 2027, "layer": "atrisk" }, "geometry": { "type": "Polygon", "coordinates": [ [ [ 110.581383138313825, -6.752700270027001 ], [ 110.578007800780071, -6.753075307530748 ], [ 110.577857785778576, -6.753750375037505 ], [ 110.581008100810081, -6.753825382538253 ], [ 110.581383138313825, -6.752700270027001 ] ], [ [ 110.579657965796585, -6.753000300029994 ], [ 110.579732973297325, -6.75292529252925 ], [ 110.579732973297325, -6.753000300030009 ], [ 110.579657965796585, -6.753000300029994 ] ], [ [ 110.580933093309326, -6.753000300030009 ], [ 110.581008100810081, -6.752925292529255 ], [ 110.581008100810081, -6.753000300030001 ], [ 110.580933093309326, -6.753000300030009 ] ] ] } },
{ "type": "Feature", "properties": { "year": 2027, "layer": "atrisk" }, "geometry": { "type": "Polygon", "coordinates": [ [ [ 110.571632163216336, -6.753375337533753 ], [ 110.570807080708065, -6.754125412541255 ], [ 110.571632163216336, -6.754050405040505 ], [ 110.571632163216336, -6.753375337533753 ] ] ] } },
{ "type": "Feature", "properties": { "year": 2027, "layer": "atrisk" }, "geometry": { "type": "Polygon", "coordinates": [ [ [ 110.58280828082809, -6.752400240024008 ], [ 110.582133213321328, -6.752475247524755 ], [ 110.582283228322837, -6.754200420042 ], [ 110.583033303330339, -6.753075307530753 ], [ 110.58280828082809, -6.752400240024008 ] ], [ [ 110.582733273327335, -6.753000300029998 ], [ 110.58280828082809, -6.752850285028498 ], [ 110.58280828082809, -6.753000300030003 ], [ 110.582733273327335, -6.753000300029998 ] ] ] } },
{ "type": "Feature", "properties": { "year": 2027, "layer": "atrisk" }, "geometry": { "type": "Polygon", "coordinates": [ [ [ 110.541104110411041, -6.75 ], [ 110.545904590459045, -6.755925592559255 ], [ 110.547479747974791, -6.755625562556256 ], [ 110.543429342934289, -6.75 ], [ 110.541104110411041, -6.75 ] ] ] } },
{ "type": "Feature", "properties": { "year": 2027, "layer": "atrisk" }, "geometry": { "type": "Polygon", "coordinates": [ [ [ 110.571332133213318, -6.757650765076517 ], [ 110.570357035703566, -6.757050705070506 ], [ 110.570057005700576, -6.757500750075013 ], [ 110.571332133213318, -6.757650765076517 ] ] ] } },
{ "type": "Feature", "properties": { "year": 2027, "layer": "atrisk" }, "geometry": { "type": "Polygon", "coordinates": [ [ [ 110.543504350435043, -6.755850585058505 ], [ 110.543054305430545, -6.756675667566755 ], [ 110.545904590459045, -6.758550855085513 ], [ 110.545679567956796, -6.757800780078012 ], [ 110.543504350435043, -6.755850585058505 ] ] ] } },
{ "type": "Feature", "properties": { "year": 2027, "layer": "atrisk" }, "geometry": { "type": "Polygon", "coordinates": [ [ [ 110.547254725472541, -6.759075907590766 ], [ 110.546354635463544, -6.759900990099009 ], [ 110.546654665466548, -6.760126012601257 ], [ 110.547254725472541, -6.759075907590766 ] ] ] } },
{ "type": "Feature", "properties": { "year": 2027, "layer": "atrisk" }, "geometry": { "type": "Polygon", "coordinates": [ [ [ 110.577482748274832, -6.759750975097512 ], [ 110.577932793279345, -6.761251125112507 ], [ 110.578457845784584, -6.761326132613266 ], [ 110.578607860786079, -6.760051005100508 ], [ 110.577482748274832, -6.759750975097512 ] ] ] } },
{ "type": "Feature", "properties": { "year": 2027, "layer": "atrisk" }, "geometry": { "type": "Polygon", "coordinates": [ [ [ 110.567131713171321, -6.760351035103504 ], [ 110.565706570657085, -6.759975997599756 ], [ 110.566306630663064, -6.761476147614768 ], [ 110.567131713171321, -6.760351035103504 ] ] ] } },
{ "type": "Feature", "properties": { "year": 2027, "layer": "atrisk" }, "geometry": { "type": "Polygon", "coordinates": [ [ [ 110.555955595559553, -6.761176117611768 ], [ 110.554905490549061, -6.762376237623767 ], [ 110.555655565556549, -6.762526252625259 ], [ 110.555955595559553, -6.761176117611768 ] ] ] } },
{ "type": "Feature", "properties": { "year": 2027, "layer": "atrisk" }, "geometry": { "type": "Polygon", "coordinates": [ [ [ 110.58430843084308, -6.754275427542758 ], [ 110.582583258325826, -6.759075907590755 ], [ 110.581533153315334, -6.757650765076509 ], [ 110.574932493249335, -6.757200720072 ], [ 110.574632463246346, -6.755550555055511 ], [ 110.572832283228323, -6.756075607560759 ], [ 110.575232523252325, -6.757425742574251 ], [ 110.574182418241818, -6.75982598259826 ], [ 110.581533153315334, -6.759975997599764 ], [ 110.583783378337827, -6.761551155115518 ], [ 110.583258325832588, -6.76342634263426 ], [ 110.583558355835578, -6.763726372637257 ], [ 110.584158415841586, -6.763126312631267 ], [ 110.58430843084308, -6.754275427542758 ] ], [ [ 110.575232523252325, -6.757425742574251 ], [ 110.575307530753079, -6.757350735073513 ], [ 110.575307530753079, -6.757425742574251 ], [ 110.575232523252325, -6.757425742574251 ] ], [ [ 110.581083108310835, -6.758550855085502 ], [ 110.581158115811576, -6.758475847584766 ], [ 110.581158115811576, -6.758550855085512 ], [ 110.581083108310835, -6.758550855085502 ] ], [ [ 110.582583258325826, -6.759225922592256 ], [ 110.582658265826581, -6.759150915091507 ], [ 110.582658265826581, -6.759225922592254 ], [ 110.582583258325826, -6.759225922592256 ] ] ] } },
{ "type": "Feature", "properties": { "year": 2027, "layer": "atrisk" }, "geometry": { "type": "Polygon", "coordinates": [ [ [ 110.569531953195323, -6.763651365136512 ], [ 110.568406840684062, -6.762976297629764 ], [ 110.567431743174311, -6.763501350135011 ], [ 110.569531953195323, -6.763651365136512 ] ], [ [ 110.568406840684062, -6.763351335133514 ], [ 110.568556855685571, -6.76342634263427 ], [ 110.568406840684062, -6.763426342634263 ], [ 110.568406840684062, -6.763351335133514 ] ] ] } },
{ "type": "Feature", "properties": { "year": 2027, "layer": "atrisk" }, "geometry": { "type": "Polygon", "coordinates": [ [ [ 110.552505250525073, -6.808955895589562 ], [ 110.551080108010808, -6.808430843084302 ], [ 110.549579957995803, -6.811131113111318 ], [ 110.552505250525073, -6.808955895589562 ] ] ] } },
{ "type": "Feature", "properties": { "year": 2027, "layer": "atrisk" }, "geometry": { "type": "Polygon", "coordinates": [ [ [ 110.576357635763571, -6.759900990099013 ], [ 110.572382238223824, -6.761626162616258 ], [ 110.574857485748581, -6.761176117611759 ], [ 110.575532553255329, -6.762826282628257 ], [ 110.571857185718571, -6.763876387638758 ], [ 110.575607560756069, -6.764326432643267 ], [ 110.575457545754574, -6.769801980198028 ], [ 110.575532553255329, -6.768826882688272 ], [ 110.575682568256823, -6.768751875187516 ], [ 110.575982598259827, -6.770402040204016 ], [ 110.57680768076807, -6.770627062706267 ], [ 110.576057605760582, -6.768826882688272 ], [ 110.577557755775587, -6.767551755175523 ], [ 110.578082808280826, -6.770777077707777 ], [ 110.575532553255329, -6.771452145214529 ], [ 110.575457545754574, -6.770477047704776 ], [ 110.575232523252325, -6.773477347734771 ], [ 110.572982298229817, -6.77475247524752 ], [ 110.569456945694569, -6.775202520252023 ], [ 110.568331833183322, -6.775952595259531 ], [ 110.566981698169812, -6.778952895289535 ], [ 110.56593159315932, -6.784428442844288 ], [ 110.565856585658565, -6.787428742874292 ], [ 110.567206720672061, -6.788178817881783 ], [ 110.565331533153312, -6.78795379537953 ], [ 110.56458145814581, -6.790654065406541 ], [ 110.565256525652572, -6.791554155415536 ], [ 110.563531353135318, -6.791254125412533 ], [ 110.562706270627075, -6.792904290429049 ], [ 110.562781278127815, -6.794254425442546 ], [ 110.564806480648059, -6.795379537953804 ], [ 110.567281728172816, -6.792679267926785 ], [ 110.565481548154821, -6.796054605460542 ], [ 110.569456945694569, -6.795304530453043 ], [ 110.569681968196818, -6.798529852985294 ], [ 110.568106810681073, -6.7991299129913 ], [ 110.564731473147319, -6.797029702970303 ], [ 110.561806180618063, -6.797554755475553 ], [ 110.561806180618063, -6.795079507950794 ], [ 110.559555955595556, -6.798154815481547 ], [ 110.559705970597065, -6.799729972997293 ], [ 110.56150615061506, -6.798979897989804 ], [ 110.560231023102304, -6.801380138013797 ], [ 110.561656165616569, -6.800480048004792 ], [ 110.562106210621067, -6.801680168016801 ], [ 110.56293129312931, -6.801380138013795 ], [ 110.56758175817582, -6.804680468046796 ], [ 110.568781878187821, -6.8046804680468 ], [ 110.569756975697572, -6.80760576057606 ], [ 110.567806780678069, -6.806555655565562 ], [ 110.566606660666068, -6.808130813081304 ], [ 110.568481848184817, -6.810456045604562 ], [ 110.56285628562857, -6.804605460546061 ], [ 110.566231623162309, -6.807605760576058 ], [ 110.566906690669072, -6.805805580558052 ], [ 110.560306030603059, -6.802130213021301 ], [ 110.558430843084324, -6.804755475547549 ], [ 110.562781278127815, -6.805880588058812 ], [ 110.566156615661569, -6.809780978097807 ], [ 110.559930993099314, -6.805805580558055 ], [ 110.555955595559553, -6.808655865586551 ], [ 110.55820582058206, -6.805055505550548 ], [ 110.554230423042299, -6.809030903090314 ], [ 110.563006300630065, -6.81593159315931 ], [ 110.563531353135318, -6.81345634563457 ], [ 110.568706870687066, -6.812256225622569 ], [ 110.567656765676574, -6.810906090609063 ], [ 110.570282028202826, -6.811656165616567 ], [ 110.568706870687066, -6.810456045604563 ], [ 110.570582058205815, -6.808655865586551 ], [ 110.569606960696063, -6.810756075607562 ], [ 110.570807080708065, -6.811431143114302 ], [ 110.571707170717076, -6.810306030603051 ], [ 110.573207320732067, -6.810156015601554 ], [ 110.577257725772597, -6.807080708070805 ], [ 110.581533153315334, -6.801530153015299 ], [ 110.583933393339336, -6.795154515451541 ], [ 110.584383438343835, -6.791854185418539 ], [ 110.582133213321328, -6.790354035403532 ], [ 110.58145814581458, -6.793729372937296 ], [ 110.581383138313825, -6.789978997899791 ], [ 110.578757875787574, -6.788628862886288 ], [ 110.584458445844589, -6.791404140414036 ], [ 110.584608460846084, -6.771977197719764 ], [ 110.581683168316829, -6.77062706270627 ], [ 110.582958295829584, -6.766801680168019 ], [ 110.581758175817583, -6.767251725172514 ], [ 110.582058205820587, -6.764476447644766 ], [ 110.57815781578158, -6.764251425142512 ], [ 110.581533153315334, -6.763726372637264 ], [ 110.584158415841586, -6.764776477647757 ], [ 110.58423342334234, -6.764101410141012 ], [ 110.581158115811576, -6.762676267626766 ], [ 110.576057605760582, -6.762976297629759 ], [ 110.576357635763571, -6.759900990099013 ] ], [ [ 110.579357935793581, -6.763201320132005 ], [ 110.580783078307832, -6.763201320132013 ], [ 110.578982898289823, -6.763426342634256 ], [ 110.579357935793581, -6.763201320132005 ] ], [ [ 110.581008100810081, -6.763201320132019 ], [ 110.581233123312344, -6.763126312631258 ], [ 110.581233123312344, -6.76320132013202 ], [ 110.581008100810081, -6.763201320132019 ] ], [ [ 110.581308130813085, -6.763276327632763 ], [ 110.581608160816089, -6.763201320132012 ], [ 110.581608160816089, -6.763276327632766 ], [ 110.581308130813085, -6.763276327632763 ] ], [ [ 110.574707470747072, -6.763351335133518 ], [ 110.574782478247826, -6.763276327632767 ], [ 110.574782478247826, -6.763351335133518 ], [ 110.574707470747072, -6.763351335133518 ] ], [ [ 110.576207620762077, -6.76350135013502 ], [ 110.576582658265835, -6.763426342634262 ], [ 110.576582658265835, -6.763726372637268 ], [ 110.576207620762077, -6.76350135013502 ] ], [ [ 110.574632463246346, -6.763426342634261 ], [ 110.574707470747072, -6.763351335133518 ], [ 110.574707470747072, -6.763426342634269 ], [ 110.574632463246346, -6.763426342634261 ] ], [ [ 110.578832883288328, -6.763501350135005 ], [ 110.578982898289823, -6.763426342634256 ], [ 110.578982898289823, -6.763501350135022 ], [ 110.578832883288328, -6.763501350135005 ] ], [ [ 110.578382838283829, -6.763576357635761 ], [ 110.578682868286833, -6.763501350135009 ], [ 110.578682868286833, -6.763576357635769 ], [ 110.578382838283829, -6.763576357635761 ] ], [ [ 110.577857785778576, -6.763651365136512 ], [ 110.57815781578158, -6.763576357635759 ], [ 110.57815781578158, -6.763651365136511 ], [ 110.577857785778576, -6.763651365136512 ] ], [ [ 110.57680768076807, -6.763801380138012 ], [ 110.577782778277822, -6.763651365136509 ], [ 110.577782778277822, -6.763726372637267 ], [ 110.57680768076807, -6.763801380138012 ] ], [ [ 110.576132613261322, -6.764176417641759 ], [ 110.576207620762077, -6.763876387638758 ], [ 110.576207620762077, -6.764176417641758 ], [ 110.576132613261322, -6.764176417641759 ] ], [ [ 110.57680768076807, -6.764926492649263 ], [ 110.577782778277822, -6.76522652265226 ], [ 110.577032703270334, -6.76590159015901 ], [ 110.57680768076807, -6.764926492649263 ] ], [ [ 110.577857785778576, -6.764401440144015 ], [ 110.57815781578158, -6.764326432643256 ], [ 110.57815781578158, -6.764401440144005 ], [ 110.577857785778576, -6.764401440144015 ] ], [ [ 110.576657665766575, -6.765076507650772 ], [ 110.57680768076807, -6.76500150015001 ], [ 110.57680768076807, -6.765076507650765 ], [ 110.576657665766575, -6.765076507650772 ] ], [ [ 110.576582658265835, -6.765151515151521 ], [ 110.576657665766575, -6.765076507650772 ], [ 110.576657665766575, -6.765151515151512 ], [ 110.576582658265835, -6.765151515151521 ] ], [ [ 110.581833183318338, -6.76530153015301 ], [ 110.581908190819078, -6.765076507650759 ], [ 110.581908190819078, -6.765301530153017 ], [ 110.581833183318338, -6.76530153015301 ] ], [ [ 110.576357635763571, -6.765301530153007 ], [ 110.576432643264326, -6.765226522652262 ], [ 110.576432643264326, -6.765301530153021 ], [ 110.576357635763571, -6.765301530153007 ] ], [ [ 110.58145814581458, -6.765601560156016 ], [ 110.581608160816089, -6.765226522652274 ], [ 110.581533153315334, -6.765601560156015 ], [ 110.58145814581458, -6.765601560156016 ] ], [ [ 110.576057605760582, -6.765451545154517 ], [ 110.576357635763571, -6.765376537653771 ], [ 110.575907590759073, -6.766126612661265 ], [ 110.576057605760582, -6.765451545154517 ] ], [ [ 110.578382838283829, -6.766201620162011 ], [ 110.578457845784584, -6.766051605160511 ], [ 110.578457845784584, -6.766201620162023 ], [ 110.578382838283829, -6.766201620162011 ] ], [ [ 110.576432643264326, -6.766801680168016 ], [ 110.57650765076508, -6.766726672667272 ], [ 110.57650765076508, -6.766801680168014 ], [ 110.576432643264326, -6.766801680168016 ] ], [ [ 110.576582658265835, -6.766801680168019 ], [ 110.576657665766575, -6.766726672667267 ], [ 110.576657665766575, -6.766801680168014 ], [ 110.576582658265835, -6.766801680168019 ] ], [ [ 110.576657665766575, -6.766876687668766 ], [ 110.576957695769579, -6.766801680168013 ], [ 110.576957695769579, -6.766876687668773 ], [ 110.576657665766575, -6.766876687668766 ] ], [ [ 110.578307830783075, -6.767101710171012 ], [ 110.578682868286833, -6.767026702670274 ], [ 110.578682868286833, -6.767101710171016 ], [ 110.578307830783075, -6.767101710171012 ] ], [ [ 110.576132613261322, -6.76725172517251 ], [ 110.576957695769579, -6.767176717671763 ], [ 110.577107710771074, -6.767326732673259 ], [ 110.576132613261322, -6.76725172517251 ] ], [ [ 110.579507950795076, -6.767251725172526 ], [ 110.579582958295845, -6.767176717671775 ], [ 110.579582958295845, -6.767251725172509 ], [ 110.579507950795076, -6.767251725172526 ] ], [ [ 110.575757575757578, -6.767851785178522 ], [ 110.575982598259827, -6.767926792679271 ], [ 110.575757575757578, -6.768076807680761 ], [ 110.575757575757578, -6.767851785178522 ] ], [ [ 110.577332733273323, -6.767476747674775 ], [ 110.577632763276327, -6.767251725172522 ], [ 110.577557755775587, -6.767476747674762 ], [ 110.577332733273323, -6.767476747674775 ] ], [ [ 110.577707770777081, -6.767401740174015 ], [ 110.578082808280826, -6.767326732673268 ], [ 110.578082808280826, -6.76740174017402 ], [ 110.577707770777081, -6.767401740174015 ] ], [ [ 110.580183018301824, -6.767326732673275 ], [ 110.580258025802578, -6.767251725172508 ], [ 110.580258025802578, -6.767326732673272 ], [ 110.580183018301824, -6.767326732673275 ] ], [ [ 110.580483048304828, -6.767401740174014 ], [ 110.580558055805596, -6.767326732673263 ], [ 110.580558055805596, -6.767401740174019 ], [ 110.580483048304828, -6.767401740174014 ] ], [ [ 110.57815781578158, -6.767476747674773 ], [ 110.578532853285324, -6.767401740174016 ], [ 110.578757875787574, -6.767551755175512 ], [ 110.57815781578158, -6.767476747674773 ] ], [ [ 110.580933093309326, -6.767626762676274 ], [ 110.580933093309326, -6.767401740174019 ], [ 110.581158115811576, -6.767626762676262 ], [ 110.580933093309326, -6.767626762676274 ] ], [ [ 110.578832883288328, -6.767551755175516 ], [ 110.578907890789097, -6.767476747674769 ], [ 110.578907890789097, -6.76755175517551 ], [ 110.578832883288328, -6.767551755175516 ] ], [ [ 110.579057905790577, -6.767626762676268 ], [ 110.579657965796585, -6.767476747674767 ], [ 110.579657965796585, -6.767626762676271 ], [ 110.579057905790577, -6.767626762676268 ] ], [ [ 110.580108010801084, -6.767626762676266 ], [ 110.580183018301824, -6.767476747674762 ], [ 110.580333033303333, -6.767626762676263 ], [ 110.580108010801084, -6.767626762676266 ] ], [ [ 110.580483048304828, -6.767701770177014 ], [ 110.580558055805596, -6.767626762676272 ], [ 110.580558055805596, -6.767701770177019 ], [ 110.580483048304828, -6.767701770177014 ] ], [ [ 110.58145814581458, -6.767701770177026 ], [ 110.581608160816089, -6.767626762676273 ], [ 110.581608160816089, -6.767701770177018 ], [ 110.58145814581458, -6.767701770177026 ] ], [ [ 110.579432943294336, -6.767851785178522 ], [ 110.579507950795076, -6.767701770177013 ], [ 110.579507950795076, -6.767851785178514 ], [ 110.579432943294336, -6.767851785178522 ] ], [ [ 110.581608160816089, -6.76777677767777 ], [ 110.581833183318338, -6.767701770177023 ], [ 110.581833183318338, -6.767776777677772 ], [ 110.581608160816089, -6.76777677767777 ] ], [ [ 110.581833183318338, -6.767851785178514 ], [ 110.581983198319833, -6.76777677767777 ], [ 110.582058205820587, -6.768001800180018 ], [ 110.581833183318338, -6.767851785178514 ] ], [ [ 110.580183018301824, -6.768001800180016 ], [ 110.580258025802578, -6.76792679267926 ], [ 110.580258025802578, -6.768001800180015 ], [ 110.580183018301824, -6.768001800180016 ] ], [ [ 110.575682568256823, -6.768451845184522 ], [ 110.575757575757578, -6.768526852685261 ], [ 110.575607560756069, -6.768676867686772 ], [ 110.575682568256823, -6.768451845184522 ] ], [ [ 110.581833183318338, -6.768226822682274 ], [ 110.581983198319833, -6.768151815181519 ], [ 110.581983198319833, -6.76822682268226 ], [ 110.581833183318338, -6.768226822682274 ] ], [ [ 110.582058205820587, -6.768226822682271 ], [ 110.582133213321328, -6.76815181518151 ], [ 110.582133213321328, -6.76822682268227 ], [ 110.582058205820587, -6.768226822682271 ] ], [ [ 110.579357935793581, -6.768901890189022 ], [ 110.579657965796585, -6.768676867686765 ], [ 110.579432943294336, -6.76912691269126 ], [ 110.579357935793581, -6.768901890189022 ] ], [ [ 110.577932793279345, -6.768526852685271 ], [ 110.578007800780071, -6.768451845184522 ], [ 110.578007800780071, -6.76852685268527 ], [ 110.577932793279345, -6.768526852685271 ] ], [ [ 110.579282928292827, -6.768676867686763 ], [ 110.579357935793581, -6.76845184518451 ], [ 110.579357935793581, -6.768676867686771 ], [ 110.579282928292827, -6.768676867686763 ] ], [ [ 110.579207920792086, -6.768901890189023 ], [ 110.579282928292827, -6.768751875187516 ], [ 110.579282928292827, -6.768901890189022 ], [ 110.579207920792086, -6.768901890189023 ] ], [ [ 110.579057905790577, -6.770852085208524 ], [ 110.579132913291332, -6.770777077707776 ], [ 110.579132913291332, -6.770852085208521 ], [ 110.579057905790577, -6.770852085208524 ] ], [ [ 110.579882988298834, -6.77085208520852 ], [ 110.579957995799575, -6.77077707770778 ], [ 110.579957995799575, -6.770852085208515 ], [ 110.579882988298834, -6.77085208520852 ] ], [ [ 110.580258025802578, -6.77092709270927 ], [ 110.580408040804087, -6.770777077707763 ], [ 110.580483048304828, -6.770927092709267 ], [ 110.580258025802578, -6.77092709270927 ] ], [ [ 110.579657965796585, -6.770927092709265 ], [ 110.579732973297325, -6.77085208520852 ], [ 110.579732973297325, -6.77092709270927 ], [ 110.579657965796585, -6.770927092709265 ] ], [ [ 110.580708070807077, -6.770927092709278 ], [ 110.580933093309326, -6.770852085208523 ], [ 110.580933093309326, -6.771002100210015 ], [ 110.580708070807077, -6.770927092709278 ] ], [ [ 110.577932793279345, -6.771002100210015 ], [ 110.578082808280826, -6.770927092709262 ], [ 110.578082808280826, -6.771002100210014 ], [ 110.577932793279345, -6.771002100210015 ] ], [ [ 110.581383138313825, -6.77115211521152 ], [ 110.581533153315334, -6.771002100210024 ], [ 110.581683168316829, -6.771152115211513 ], [ 110.581383138313825, -6.77115211521152 ] ], [ [ 110.581683168316829, -6.771227122712278 ], [ 110.581833183318338, -6.771152115211525 ], [ 110.581833183318338, -6.771227122712276 ], [ 110.581683168316829, -6.771227122712278 ] ], [ [ 110.579882988298834, -6.771677167716774 ], [ 110.580108010801084, -6.771602160216028 ], [ 110.580108010801084, -6.771677167716775 ], [ 110.579882988298834, -6.771677167716774 ] ], [ [ 110.580333033303333, -6.771752175217522 ], [ 110.580558055805596, -6.771677167716764 ], [ 110.580558055805596, -6.771752175217514 ], [ 110.580333033303333, -6.771752175217522 ] ], [ [ 110.580708070807077, -6.771827182718276 ], [ 110.580783078307832, -6.771677167716769 ], [ 110.580858085808586, -6.771827182718268 ], [ 110.580708070807077, -6.771827182718276 ] ], [ [ 110.577032703270334, -6.773327332733276 ], [ 110.577107710771074, -6.773252325232526 ], [ 110.577107710771074, -6.773327332733274 ], [ 110.577032703270334, -6.773327332733276 ] ], [ [ 110.576957695769579, -6.77362736273628 ], [ 110.577032703270334, -6.77347734773477 ], [ 110.577032703270334, -6.773627362736271 ], [ 110.576957695769579, -6.77362736273628 ] ], [ [ 110.576282628262845, -6.77362736273628 ], [ 110.576357635763571, -6.773552355235518 ], [ 110.576357635763571, -6.773627362736267 ], [ 110.576282628262845, -6.77362736273628 ] ], [ [ 110.576207620762077, -6.773702370237023 ], [ 110.576282628262845, -6.77362736273628 ], [ 110.576282628262845, -6.773702370237017 ], [ 110.576207620762077, -6.773702370237023 ] ], [ [ 110.576582658265835, -6.774227422742269 ], [ 110.576657665766575, -6.774152415241522 ], [ 110.576657665766575, -6.774227422742281 ], [ 110.576582658265835, -6.774227422742269 ] ], [ [ 110.57650765076508, -6.77437743774378 ], [ 110.576582658265835, -6.774227422742269 ], [ 110.576582658265835, -6.774377437743768 ], [ 110.57650765076508, -6.77437743774378 ] ], [ [ 110.576357635763571, -6.774527452745266 ], [ 110.57650765076508, -6.77460246024603 ], [ 110.576357635763571, -6.774677467746779 ], [ 110.576357635763571, -6.774527452745266 ] ], [ [ 110.573132313231326, -6.775052505250517 ], [ 110.573207320732067, -6.774827482748282 ], [ 110.573282328232835, -6.775052505250517 ], [ 110.573132313231326, -6.775052505250517 ] ], [ [ 110.570282028202826, -6.775277527752771 ], [ 110.570582058205815, -6.775127512751276 ], [ 110.570657065706584, -6.77527752775277 ], [ 110.570282028202826, -6.775277527752771 ] ], [ [ 110.571107110711068, -6.77535253525352 ], [ 110.571182118211823, -6.775202520252019 ], [ 110.571182118211823, -6.775352535253528 ], [ 110.571107110711068, -6.77535253525352 ] ], [ [ 110.569756975697572, -6.775427542754276 ], [ 110.569831983198327, -6.775352535253521 ], [ 110.569831983198327, -6.775427542754275 ], [ 110.569756975697572, -6.775427542754276 ] ], [ [ 110.569606960696063, -6.775802580258032 ], [ 110.570207020702071, -6.775502550255033 ], [ 110.570132013201317, -6.775877587758782 ], [ 110.569606960696063, -6.775802580258032 ] ], [ [ 110.574932493249335, -6.775577557755777 ], [ 110.57515751575157, -6.77550255025502 ], [ 110.575232523252325, -6.775652565256529 ], [ 110.574932493249335, -6.775577557755777 ] ], [ [ 110.571632163216336, -6.775652565256525 ], [ 110.571707170717076, -6.775577557755772 ], [ 110.571707170717076, -6.775652565256532 ], [ 110.571632163216336, -6.775652565256525 ] ], [ [ 110.568931893189315, -6.776027602760282 ], [ 110.569081908190824, -6.775652565256532 ], [ 110.569006900690084, -6.776027602760269 ], [ 110.568931893189315, -6.776027602760282 ] ], [ [ 110.569156915691565, -6.77580258025802 ], [ 110.569456945694569, -6.775802580258032 ], [ 110.569231923192319, -6.776177617761784 ], [ 110.569156915691565, -6.77580258025802 ] ], [ [ 110.57043204320432, -6.777602760276035 ], [ 110.571482148214827, -6.776177617761769 ], [ 110.570882088208819, -6.777227722772278 ], [ 110.571107110711068, -6.777752775277524 ], [ 110.569156915691565, -6.78195319531954 ], [ 110.573132313231326, -6.783978397839779 ], [ 110.575307530753079, -6.781428142814276 ], [ 110.573282328232835, -6.78517851785179 ], [ 110.569381938193814, -6.782628262826281 ], [ 110.568706870687066, -6.782478247824786 ], [ 110.568481848184817, -6.782703270327039 ], [ 110.568106810681073, -6.782628262826285 ], [ 110.567956795679564, -6.782778277827778 ], [ 110.567881788178823, -6.781953195319527 ], [ 110.568931893189315, -6.782328232823289 ], [ 110.568331833183322, -6.778577857785773 ], [ 110.570207020702071, -6.776777677767772 ], [ 110.569756975697572, -6.777902790279027 ], [ 110.570132013201317, -6.778352835283525 ], [ 110.570657065706584, -6.778127812781277 ], [ 110.57043204320432, -6.777602760276035 ] ], [ [ 110.568631863186312, -6.776252625262527 ], [ 110.568781878187821, -6.776402640264031 ], [ 110.568631863186312, -6.776552655265528 ], [ 110.568631863186312, -6.776252625262527 ] ], [ [ 110.569756975697572, -6.776327632763282 ], [ 110.569831983198327, -6.776102610261017 ], [ 110.569831983198327, -6.776327632763279 ], [ 110.569756975697572, -6.776327632763282 ] ], [ [ 110.570657065706584, -6.776627662766278 ], [ 110.571107110711068, -6.776327632763281 ], [ 110.570882088208819, -6.776702670267034 ], [ 110.570657065706584, -6.776627662766278 ] ], [ [ 110.57515751575157, -6.776252625262534 ], [ 110.575232523252325, -6.776177617761769 ], [ 110.575232523252325, -6.77625262526252 ], [ 110.57515751575157, -6.776252625262534 ] ], [ [ 110.578457845784584, -6.776177617761778 ], [ 110.583258325832588, -6.778127812781282 ], [ 110.58453345334533, -6.780003000300026 ], [ 110.580933093309326, -6.779477947794777 ], [ 110.578457845784584, -6.776177617761778 ] ], [ [ 110.568931893189315, -6.776327632763272 ], [ 110.569081908190824, -6.77655265526553 ], [ 110.568856885688575, -6.776627662766278 ], [ 110.568931893189315, -6.776327632763272 ] ], [ [ 110.569681968196818, -6.776552655265528 ], [ 110.569756975697572, -6.776327632763282 ], [ 110.569756975697572, -6.776552655265523 ], [ 110.569681968196818, -6.776552655265528 ] ], [ [ 110.570357035703566, -6.776552655265521 ], [ 110.570507050705075, -6.776327632763272 ], [ 110.570507050705075, -6.776552655265527 ], [ 110.570357035703566, -6.776552655265521 ] ], [ [ 110.575007500750075, -6.776552655265535 ], [ 110.57508250825083, -6.776327632763273 ], [ 110.57508250825083, -6.776552655265523 ], [ 110.575007500750075, -6.776552655265535 ] ], [ [ 110.569081908190824, -6.776702670267018 ], [ 110.569306930693074, -6.776477647764778 ], [ 110.569231923192319, -6.776777677767775 ], [ 110.569081908190824, -6.776702670267018 ] ], [ [ 110.577857785778576, -6.776552655265528 ], [ 110.578007800780071, -6.776477647764786 ], [ 110.578007800780071, -6.776552655265521 ], [ 110.577857785778576, -6.776552655265528 ] ], [ [ 110.569606960696063, -6.776777677767769 ], [ 110.569681968196818, -6.776552655265528 ], [ 110.569681968196818, -6.776777677767782 ], [ 110.569606960696063, -6.776777677767769 ] ], [ [ 110.57043204320432, -6.776627662766285 ], [ 110.570732073207324, -6.77685268526852 ], [ 110.57043204320432, -6.776927692769272 ], [ 110.570282028202826, -6.777152715271523 ], [ 110.57043204320432, -6.776627662766285 ] ], [ [ 110.570507050705075, -6.777152715271534 ], [ 110.570582058205815, -6.777002700270033 ], [ 110.570582058205815, -6.777152715271525 ], [ 110.570507050705075, -6.777152715271534 ] ], [ [ 110.573357335733576, -6.77730273027303 ], [ 110.57343234323433, -6.777152715271524 ], [ 110.57343234323433, -6.777302730273026 ], [ 110.573357335733576, -6.77730273027303 ] ], [ [ 110.57208220822082, -6.777977797779771 ], [ 110.572232223222329, -6.777902790279028 ], [ 110.572232223222329, -6.77797779777978 ], [ 110.57208220822082, -6.777977797779771 ] ], [ [ 110.570132013201317, -6.778052805280524 ], [ 110.570207020702071, -6.777977797779784 ], [ 110.570207020702071, -6.778052805280534 ], [ 110.570132013201317, -6.778052805280524 ] ], [ [ 110.572907290729077, -6.778577857785787 ], [ 110.572982298229817, -6.778502850285027 ], [ 110.572982298229817, -6.778577857785783 ], [ 110.572907290729077, -6.778577857785787 ] ], [ [ 110.576132613261322, -6.779777977797777 ], [ 110.576207620762077, -6.779702970297032 ], [ 110.576207620762077, -6.779777977797784 ], [ 110.576132613261322, -6.779777977797777 ] ], [ [ 110.581308130813085, -6.781128112811273 ], [ 110.581383138313825, -6.781053105310533 ], [ 110.581383138313825, -6.781128112811275 ], [ 110.581308130813085, -6.781128112811273 ] ], [ [ 110.57508250825083, -6.781203120312026 ], [ 110.575307530753079, -6.781128112811275 ], [ 110.575307530753079, -6.781203120312026 ], [ 110.57508250825083, -6.781203120312026 ] ], [ [ 110.581158115811576, -6.781278127812773 ], [ 110.581233123312344, -6.781203120312029 ], [ 110.581233123312344, -6.781278127812779 ], [ 110.581158115811576, -6.781278127812773 ] ], [ [ 110.566606660666068, -6.78135313531353 ], [ 110.566756675667563, -6.781278127812778 ], [ 110.566756675667563, -6.781353135313536 ], [ 110.566606660666068, -6.78135313531353 ] ], [ [ 110.568031803180318, -6.781428142814272 ], [ 110.568106810681073, -6.781353135313528 ], [ 110.568106810681073, -6.781428142814279 ], [ 110.568031803180318, -6.781428142814272 ] ], [ [ 110.567656765676574, -6.78165316531653 ], [ 110.567731773177314, -6.781578157815786 ], [ 110.567731773177314, -6.781653165316535 ], [ 110.567656765676574, -6.78165316531653 ] ], [ [ 110.577932793279345, -6.782253225322532 ], [ 110.57815781578158, -6.782103210321027 ], [ 110.577782778277822, -6.782403240324027 ], [ 110.577932793279345, -6.782253225322532 ] ], [ [ 110.568106810681073, -6.782778277827775 ], [ 110.568181818181813, -6.78270327032704 ], [ 110.568181818181813, -6.782778277827779 ], [ 110.568106810681073, -6.782778277827775 ] ], [ [ 110.579582958295845, -6.782778277827777 ], [ 110.579657965796585, -6.782703270327037 ], [ 110.579657965796585, -6.782778277827783 ], [ 110.579582958295845, -6.782778277827777 ] ], [ [ 110.567881788178823, -6.782778277827787 ], [ 110.568556855685571, -6.78315331533154 ], [ 110.568031803180318, -6.784128412841275 ], [ 110.567731773177314, -6.783453345334538 ], [ 110.56758175817582, -6.783528352835274 ], [ 110.567881788178823, -6.782778277827787 ] ], [ [ 110.581008100810081, -6.78292829282929 ], [ 110.581083108310835, -6.782853285328537 ], [ 110.581083108310835, -6.782928292829289 ], [ 110.581008100810081, -6.78292829282929 ] ], [ [ 110.580933093309326, -6.783003300330027 ], [ 110.581008100810081, -6.78292829282929 ], [ 110.581008100810081, -6.783003300330037 ], [ 110.580933093309326, -6.783003300330027 ] ], [ [ 110.580858085808586, -6.783078307830774 ], [ 110.580933093309326, -6.783003300330027 ], [ 110.580933093309326, -6.783078307830784 ], [ 110.580858085808586, -6.783078307830774 ] ], [ [ 110.568631863186312, -6.783378337833774 ], [ 110.568706870687066, -6.783228322832285 ], [ 110.568706870687066, -6.783378337833792 ], [ 110.568631863186312, -6.783378337833774 ] ], [ [ 110.572382238223824, -6.783378337833781 ], [ 110.572457245724578, -6.78330333033304 ], [ 110.572457245724578, -6.783378337833777 ], [ 110.572382238223824, -6.783378337833781 ] ], [ [ 110.567506750675065, -6.783678367836789 ], [ 110.56758175817582, -6.783528352835274 ], [ 110.56758175817582, -6.783678367836782 ], [ 110.567506750675065, -6.783678367836789 ] ], [ [ 110.570507050705075, -6.783603360336027 ], [ 110.570582058205815, -6.783528352835281 ], [ 110.570582058205815, -6.78360336033603 ], [ 110.570507050705075, -6.783603360336027 ] ], [ [ 110.567656765676574, -6.783753375337537 ], [ 110.567731773177314, -6.783678367836779 ], [ 110.567731773177314, -6.783753375337526 ], [ 110.567656765676574, -6.783753375337537 ] ], [ [ 110.567431743174311, -6.783828382838284 ], [ 110.567506750675065, -6.783753375337534 ], [ 110.567506750675065, -6.783828382838285 ], [ 110.567431743174311, -6.783828382838284 ] ], [ [ 110.56758175817582, -6.783903390339039 ], [ 110.567656765676574, -6.783828382838291 ], [ 110.567656765676574, -6.783903390339033 ], [ 110.56758175817582, -6.783903390339039 ] ], [ [ 110.567356735673584, -6.783978397839782 ], [ 110.567431743174311, -6.783903390339041 ], [ 110.567431743174311, -6.783978397839787 ], [ 110.567356735673584, -6.783978397839782 ] ], [ [ 110.567281728172816, -6.784128412841275 ], [ 110.567356735673584, -6.78405340534053 ], [ 110.567356735673584, -6.784128412841286 ], [ 110.567281728172816, -6.784128412841275 ] ], [ [ 110.567206720672061, -6.784278427842785 ], [ 110.567281728172816, -6.784203420342036 ], [ 110.567281728172816, -6.784278427842786 ], [ 110.567206720672061, -6.784278427842785 ] ], [ [ 110.566531653165313, -6.785028502850289 ], [ 110.566906690669072, -6.784878487848777 ], [ 110.566906690669072, -6.785028502850285 ], [ 110.566531653165313, -6.785028502850289 ] ], [ [ 110.567506750675065, -6.785028502850293 ], [ 110.567731773177314, -6.785178517851778 ], [ 110.567506750675065, -6.785328532853291 ], [ 110.567506750675065, -6.785028502850293 ] ], [ [ 110.57373237323732, -6.784953495349538 ], [ 110.573807380738074, -6.78487848784878 ], [ 110.573807380738074, -6.784953495349535 ], [ 110.57373237323732, -6.784953495349538 ] ], [ [ 110.583258325832588, -6.784953495349528 ], [ 110.583333333333329, -6.784878487848783 ], [ 110.583333333333329, -6.784953495349533 ], [ 110.583258325832588, -6.784953495349528 ] ], [ [ 110.574257425742573, -6.785028502850285 ], [ 110.574332433243328, -6.784953495349527 ], [ 110.574332433243328, -6.785028502850285 ], [ 110.574257425742573, -6.785028502850285 ] ], [ [ 110.574707470747072, -6.785403540354035 ], [ 110.574782478247826, -6.78532853285329 ], [ 110.574782478247826, -6.785403540354028 ], [ 110.574707470747072, -6.785403540354035 ] ], [ [ 110.574782478247826, -6.785478547854789 ], [ 110.574857485748581, -6.785403540354033 ], [ 110.574857485748581, -6.785478547854781 ], [ 110.574782478247826, -6.785478547854789 ] ], [ [ 110.574857485748581, -6.785553555355538 ], [ 110.575007500750075, -6.785478547854782 ], [ 110.575007500750075, -6.785553555355531 ], [ 110.574857485748581, -6.785553555355538 ] ], [ [ 110.566456645664573, -6.78577857785778 ], [ 110.566681668166822, -6.785628562856283 ], [ 110.566681668166822, -6.785778577857779 ], [ 110.566456645664573, -6.78577857785778 ] ], [ [ 110.566381638163818, -6.785928592859278 ], [ 110.566456645664573, -6.785853585358529 ], [ 110.566456645664573, -6.785928592859285 ], [ 110.566381638163818, -6.785928592859278 ] ], [ [ 110.566531653165313, -6.785928592859285 ], [ 110.566606660666068, -6.785853585358535 ], [ 110.566606660666068, -6.785928592859278 ], [ 110.566531653165313, -6.785928592859285 ] ], [ [ 110.566306630663064, -6.78607860786078 ], [ 110.566381638163818, -6.786003600360036 ], [ 110.566381638163818, -6.786078607860785 ], [ 110.566306630663064, -6.78607860786078 ] ], [ [ 110.566456645664573, -6.786153615361536 ], [ 110.566531653165313, -6.786003600360032 ], [ 110.566531653165313, -6.786153615361544 ], [ 110.566456645664573, -6.786153615361536 ] ], [ [ 110.575832583258332, -6.786153615361536 ], [ 110.575982598259827, -6.786078607860793 ], [ 110.575982598259827, -6.786153615361542 ], [ 110.575832583258332, -6.786153615361536 ] ], [ [ 110.566231623162309, -6.786228622862287 ], [ 110.566306630663064, -6.78615361536153 ], [ 110.566306630663064, -6.786228622862287 ], [ 110.566231623162309, -6.786228622862287 ] ], [ [ 110.566381638163818, -6.786303630363046 ], [ 110.566456645664573, -6.786153615361536 ], [ 110.566456645664573, -6.786303630363031 ], [ 110.566381638163818, -6.786303630363046 ] ], [ [ 110.566306630663064, -6.78645364536454 ], [ 110.566381638163818, -6.786303630363046 ], [ 110.566381638163818, -6.78645364536454 ], [ 110.566306630663064, -6.78645364536454 ] ], [ [ 110.570657065706584, -6.786378637863786 ], [ 110.570732073207324, -6.78630363036303 ], [ 110.570732073207324, -6.786378637863784 ], [ 110.570657065706584, -6.786378637863786 ] ], [ [ 110.571182118211823, -6.78637863786378 ], [ 110.571257125712577, -6.786303630363039 ], [ 110.571257125712577, -6.78637863786379 ], [ 110.571182118211823, -6.78637863786378 ] ], [ [ 110.583183318331834, -6.78750375037503 ], [ 110.584383438343835, -6.786528652865282 ], [ 110.583933393339336, -6.787878787878793 ], [ 110.583183318331834, -6.78750375037503 ] ], [ [ 110.57043204320432, -6.786828682868283 ], [ 110.570507050705075, -6.786678667866785 ], [ 110.570507050705075, -6.78682868286828 ], [ 110.57043204320432, -6.786828682868283 ] ], [ [ 110.569906990699067, -6.78682868286828 ], [ 110.570357035703566, -6.788703870387047 ], [ 110.575457545754574, -6.789978997899781 ], [ 110.576432643264326, -6.792304230423033 ], [ 110.579132913291332, -6.792754275427543 ], [ 110.576582658265835, -6.792904290429037 ], [ 110.57538253825382, -6.790729072907294 ], [ 110.569381938193814, -6.788778877887792 ], [ 110.569906990699067, -6.78682868286828 ] ], [ [ 110.574857485748581, -6.788328832883293 ], [ 110.576207620762077, -6.787653765376542 ], [ 110.574932493249335, -6.789153915391533 ], [ 110.574857485748581, -6.788328832883293 ] ], [ [ 110.57680768076807, -6.787278727872794 ], [ 110.576882688268824, -6.787203720372033 ], [ 110.576882688268824, -6.787278727872784 ], [ 110.57680768076807, -6.787278727872794 ] ], [ [ 110.577032703270334, -6.787728772877283 ], [ 110.577107710771074, -6.787653765376533 ], [ 110.577107710771074, -6.787728772877289 ], [ 110.577032703270334, -6.787728772877283 ] ], [ [ 110.577107710771074, -6.787803780378036 ], [ 110.577182718271828, -6.787728772877286 ], [ 110.577182718271828, -6.787803780378034 ], [ 110.577107710771074, -6.787803780378036 ] ], [ [ 110.577782778277822, -6.788028802880292 ], [ 110.577857785778576, -6.787953795379545 ], [ 110.577857785778576, -6.788028802880283 ], [ 110.577782778277822, -6.788028802880292 ] ], [ [ 110.578532853285324, -6.788028802880281 ], [ 110.578607860786079, -6.787953795379535 ], [ 110.578607860786079, -6.788028802880286 ], [ 110.578532853285324, -6.788028802880281 ] ], [ [ 110.578082808280826, -6.788253825382533 ], [ 110.57815781578158, -6.788178817881794 ], [ 110.57815781578158, -6.788253825382534 ], [ 110.578082808280826, -6.788253825382533 ] ], [ [ 110.578307830783075, -6.788328832883296 ], [ 110.578382838283829, -6.788253825382538 ], [ 110.578382838283829, -6.788328832883281 ], [ 110.578307830783075, -6.788328832883296 ] ], [ [ 110.565556555655562, -6.788478847884785 ], [ 110.565631563156316, -6.788403840384043 ], [ 110.565631563156316, -6.78847884788479 ], [ 110.565556555655562, -6.788478847884785 ] ], [ [ 110.578307830783075, -6.788553855385547 ], [ 110.578382838283829, -6.788478847884786 ], [ 110.578382838283829, -6.788553855385546 ], [ 110.578307830783075, -6.788553855385547 ] ], [ [ 110.565256525652572, -6.791629162916297 ], [ 110.567881788178823, -6.789528952895292 ], [ 110.566606660666068, -6.791779177917795 ], [ 110.565256525652572, -6.791629162916297 ] ], [ [ 110.570057005700576, -6.789978997899797 ], [ 110.57515751575157, -6.790804080408039 ], [ 110.575907590759073, -6.792604260426034 ], [ 110.570057005700576, -6.789978997899797 ] ], [ [ 110.565256525652572, -6.789453945394546 ], [ 110.565331533153312, -6.789378937893783 ], [ 110.565331533153312, -6.789453945394536 ], [ 110.565256525652572, -6.789453945394546 ] ], [ [ 110.569456945694569, -6.789828982898282 ], [ 110.569756975697572, -6.789828982898291 ], [ 110.569456945694569, -6.789903990399043 ], [ 110.569456945694569, -6.789828982898282 ] ], [ [ 110.565181518151817, -6.789828982898294 ], [ 110.565256525652572, -6.789678967896791 ], [ 110.565256525652572, -6.789828982898288 ], [ 110.565181518151817, -6.789828982898294 ] ], [ [ 110.565106510651063, -6.789978997899788 ], [ 110.565181518151817, -6.789903990399039 ], [ 110.565181518151817, -6.789978997899789 ], [ 110.565106510651063, -6.789978997899788 ] ], [ [ 110.563831383138307, -6.792229222922285 ], [ 110.563906390639062, -6.792154215421539 ], [ 110.563906390639062, -6.792229222922291 ], [ 110.563831383138307, -6.792229222922285 ] ], [ [ 110.563606360636058, -6.793054305430549 ], [ 110.563756375637567, -6.793129312931298 ], [ 110.563606360636058, -6.793129312931291 ], [ 110.563606360636058, -6.793054305430549 ] ], [ [ 110.563606360636058, -6.793429342934297 ], [ 110.563681368136812, -6.793354335433534 ], [ 110.563681368136812, -6.793429342934289 ], [ 110.563606360636058, -6.793429342934297 ] ], [ [ 110.573207320732067, -6.793354335433547 ], [ 110.574932493249335, -6.793654365436534 ], [ 110.574182418241818, -6.795679567956789 ], [ 110.572157215721575, -6.795004500450039 ], [ 110.573207320732067, -6.793354335433547 ] ], [ [ 110.563456345634563, -6.7935793579358 ], [ 110.563606360636058, -6.793654365436537 ], [ 110.563456345634563, -6.793729372937286 ], [ 110.563456345634563, -6.7935793579358 ] ], [ [ 110.579507950795076, -6.793504350435043 ], [ 110.579582958295845, -6.793429342934285 ], [ 110.579582958295845, -6.793504350435049 ], [ 110.579507950795076, -6.793504350435043 ] ], [ [ 110.580183018301824, -6.793729372937288 ], [ 110.580258025802578, -6.793654365436538 ], [ 110.580258025802578, -6.793729372937292 ], [ 110.580183018301824, -6.793729372937288 ] ], [ [ 110.563231323132314, -6.794029402940295 ], [ 110.563381338133823, -6.794104410441038 ], [ 110.563231323132314, -6.794179417941804 ], [ 110.563231323132314, -6.794029402940295 ] ], [ [ 110.580783078307832, -6.79410441044105 ], [ 110.580858085808586, -6.79402940294029 ], [ 110.580858085808586, -6.794104410441039 ], [ 110.580783078307832, -6.79410441044105 ] ], [ [ 110.58145814581458, -6.794104410441041 ], [ 110.581608160816089, -6.794029402940301 ], [ 110.581608160816089, -6.794104410441044 ], [ 110.58145814581458, -6.794104410441041 ] ], [ [ 110.580858085808586, -6.794179417941791 ], [ 110.580933093309326, -6.79410441044104 ], [ 110.580933093309326, -6.794179417941788 ], [ 110.580858085808586, -6.794179417941791 ] ], [ [ 110.56458145814581, -6.79425442544255 ], [ 110.564656465646564, -6.794179417941787 ], [ 110.564656465646564, -6.794254425442551 ], [ 110.56458145814581, -6.79425442544255 ] ], [ [ 110.564506450645069, -6.794329432943286 ], [ 110.56458145814581, -6.79425442544255 ], [ 110.56458145814581, -6.794329432943298 ], [ 110.564506450645069, -6.794329432943286 ] ], [ [ 110.571557155715567, -6.794629462946292 ], [ 110.571632163216336, -6.794479447944797 ], [ 110.571632163216336, -6.794629462946294 ], [ 110.571557155715567, -6.794629462946292 ] ], [ [ 110.583258325832588, -6.794629462946299 ], [ 110.583333333333329, -6.794554455445537 ], [ 110.583333333333329, -6.7946294629463 ], [ 110.583258325832588, -6.794629462946299 ] ], [ [ 110.567731773177314, -6.794854485448536 ], [ 110.567806780678069, -6.794779477947801 ], [ 110.567806780678069, -6.794854485448548 ], [ 110.567731773177314, -6.794854485448536 ] ], [ [ 110.581683168316829, -6.794929492949291 ], [ 110.581758175817583, -6.794854485448541 ], [ 110.581758175817583, -6.794929492949299 ], [ 110.581683168316829, -6.794929492949291 ] ], [ [ 110.581758175817583, -6.795004500450046 ], [ 110.581833183318338, -6.794929492949304 ], [ 110.581833183318338, -6.795004500450045 ], [ 110.581758175817583, -6.795004500450046 ] ], [ [ 110.581833183318338, -6.795004500450045 ], [ 110.582733273327335, -6.795904590459045 ], [ 110.581533153315334, -6.797554755475544 ], [ 110.581383138313825, -6.796879687968795 ], [ 110.581833183318338, -6.795004500450045 ] ], [ [ 110.571632163216336, -6.795154515451543 ], [ 110.571707170717076, -6.795079507950799 ], [ 110.571707170717076, -6.795154515451548 ], [ 110.571632163216336, -6.795154515451543 ] ], [ [ 110.575532553255329, -6.795679567956799 ], [ 110.577182718271828, -6.796429642964297 ], [ 110.576882688268824, -6.797404740474048 ], [ 110.57515751575157, -6.796804680468052 ], [ 110.575532553255329, -6.795679567956799 ] ], [ [ 110.571257125712577, -6.795904590459052 ], [ 110.571332133213318, -6.795829582958297 ], [ 110.571332133213318, -6.795904590459047 ], [ 110.571257125712577, -6.795904590459052 ] ], [ [ 110.571182118211823, -6.795979597959802 ], [ 110.571257125712577, -6.795904590459052 ], [ 110.571257125712577, -6.795979597959798 ], [ 110.571182118211823, -6.795979597959802 ] ], [ [ 110.58280828082809, -6.795979597959799 ], [ 110.58288328832883, -6.795904590459043 ], [ 110.58288328832883, -6.795979597959801 ], [ 110.58280828082809, -6.795979597959799 ] ], [ [ 110.571107110711068, -6.796129612961293 ], [ 110.571182118211823, -6.795979597959802 ], [ 110.571182118211823, -6.796129612961301 ], [ 110.571107110711068, -6.796129612961293 ] ], [ [ 110.57043204320432, -6.797104710471055 ], [ 110.571182118211823, -6.796504650465051 ], [ 110.572382238223824, -6.796579657965803 ], [ 110.572532253225319, -6.797029702970291 ], [ 110.57043204320432, -6.797104710471055 ] ], [ [ 110.571407140714072, -6.7964296429643 ], [ 110.571482148214827, -6.796354635463548 ], [ 110.571482148214827, -6.796429642964291 ], [ 110.571407140714072, -6.7964296429643 ] ], [ [ 110.579582958295845, -6.796429642964304 ], [ 110.580783078307832, -6.798004800480045 ], [ 110.580333033303333, -6.799429942994291 ], [ 110.577707770777081, -6.798304830483056 ], [ 110.579582958295845, -6.796429642964304 ] ], [ [ 110.572982298229817, -6.796654665466552 ], [ 110.573057305730572, -6.796579657965796 ], [ 110.573057305730572, -6.796654665466539 ], [ 110.572982298229817, -6.796654665466552 ] ], [ [ 110.577107710771074, -6.797029702970304 ], [ 110.577182718271828, -6.796954695469551 ], [ 110.577182718271828, -6.797029702970304 ], [ 110.577107710771074, -6.797029702970304 ] ], [ [ 110.572607260726073, -6.797104710471046 ], [ 110.572682268226828, -6.797029702970292 ], [ 110.572682268226828, -6.797104710471042 ], [ 110.572607260726073, -6.797104710471046 ] ], [ [ 110.560006000600055, -6.79777977797779 ], [ 110.560681068106817, -6.7976297629763 ], [ 110.560231023102304, -6.798304830483042 ], [ 110.560006000600055, -6.79777977797779 ] ], [ [ 110.570132013201317, -6.797704770477048 ], [ 110.570282028202826, -6.797629762976296 ], [ 110.570282028202826, -6.797854785478547 ], [ 110.570132013201317, -6.797704770477048 ] ], [ [ 110.563531353135318, -6.797629762976302 ], [ 110.563606360636058, -6.797554755475541 ], [ 110.563606360636058, -6.797629762976293 ], [ 110.563531353135318, -6.797629762976302 ] ], [ [ 110.574632463246346, -6.797629762976293 ], [ 110.574707470747072, -6.797554755475543 ], [ 110.574707470747072, -6.797629762976291 ], [ 110.574632463246346, -6.797629762976293 ] ], [ [ 110.563456345634563, -6.797704770477048 ], [ 110.563531353135318, -6.797629762976302 ], [ 110.563531353135318, -6.797704770477055 ], [ 110.563456345634563, -6.797704770477048 ] ], [ [ 110.570957095709574, -6.797704770477039 ], [ 110.571032103210328, -6.79762976297629 ], [ 110.571032103210328, -6.797704770477042 ], [ 110.570957095709574, -6.797704770477039 ] ], [ [ 110.571632163216336, -6.797704770477054 ], [ 110.571707170717076, -6.797629762976301 ], [ 110.571707170717076, -6.797704770477052 ], [ 110.571632163216336, -6.797704770477054 ] ], [ [ 110.582583258325826, -6.797704770477044 ], [ 110.582658265826581, -6.797629762976302 ], [ 110.582658265826581, -6.797704770477043 ], [ 110.582583258325826, -6.797704770477044 ] ], [ [ 110.570882088208819, -6.797854785478547 ], [ 110.570957095709574, -6.797704770477039 ], [ 110.570957095709574, -6.797854785478548 ], [ 110.570882088208819, -6.797854785478547 ] ], [ [ 110.570057005700576, -6.797929792979293 ], [ 110.570132013201317, -6.797779777977805 ], [ 110.570132013201317, -6.797929792979303 ], [ 110.570057005700576, -6.797929792979293 ] ], [ [ 110.57373237323732, -6.798754875487551 ], [ 110.574932493249335, -6.798229822982296 ], [ 110.574782478247826, -6.799279927992792 ], [ 110.57373237323732, -6.798754875487551 ] ], [ [ 110.571482148214827, -6.798079807980799 ], [ 110.571557155715567, -6.798004800480048 ], [ 110.571557155715567, -6.798079807980803 ], [ 110.571482148214827, -6.798079807980799 ] ], [ [ 110.570057005700576, -6.798154815481555 ], [ 110.570132013201317, -6.798079807980805 ], [ 110.570132013201317, -6.798154815481555 ], [ 110.570057005700576, -6.798154815481555 ] ], [ [ 110.572232223222329, -6.798154815481555 ], [ 110.572307230723084, -6.7980798079808 ], [ 110.572307230723084, -6.798154815481546 ], [ 110.572232223222329, -6.798154815481555 ] ], [ [ 110.57208220822082, -6.798229822982292 ], [ 110.572232223222329, -6.798154815481555 ], [ 110.572232223222329, -6.798229822982294 ], [ 110.57208220822082, -6.798229822982292 ] ], [ [ 110.57043204320432, -6.798529852985305 ], [ 110.570507050705075, -6.798454845484554 ], [ 110.570507050705075, -6.798529852985296 ], [ 110.57043204320432, -6.798529852985305 ] ], [ [ 110.569831983198327, -6.798604860486056 ], [ 110.569906990699067, -6.798529852985292 ], [ 110.569906990699067, -6.79860486048605 ], [ 110.569831983198327, -6.798604860486056 ] ], [ [ 110.570957095709574, -6.798904890489046 ], [ 110.571182118211823, -6.798754875487549 ], [ 110.571632163216336, -6.7989798979898 ], [ 110.570957095709574, -6.798904890489046 ] ], [ [ 110.570057005700576, -6.7986798679868 ], [ 110.570132013201317, -6.798604860486054 ], [ 110.570132013201317, -6.798679867986792 ], [ 110.570057005700576, -6.7986798679868 ] ], [ [ 110.569381938193814, -6.798754875487548 ], [ 110.569456945694569, -6.798679867986804 ], [ 110.569456945694569, -6.798754875487541 ], [ 110.569381938193814, -6.798754875487548 ] ], [ [ 110.570507050705075, -6.798829882988296 ], [ 110.570657065706584, -6.798754875487542 ], [ 110.570657065706584, -6.798829882988296 ], [ 110.570507050705075, -6.798829882988296 ] ], [ [ 110.563831383138307, -6.799054905490549 ], [ 110.563906390639062, -6.798979897989796 ], [ 110.563906390639062, -6.799054905490545 ], [ 110.563831383138307, -6.799054905490549 ] ], [ [ 110.571707170717076, -6.799129912991306 ], [ 110.571782178217816, -6.798979897989792 ], [ 110.571857185718571, -6.799129912991297 ], [ 110.571707170717076, -6.799129912991306 ] ], [ [ 110.573882388238829, -6.799129912991304 ], [ 110.573957395739569, -6.799054905490542 ], [ 110.573957395739569, -6.799129912991302 ], [ 110.573882388238829, -6.799129912991304 ] ], [ [ 110.571857185718571, -6.799204920492039 ], [ 110.571932193219325, -6.799129912991307 ], [ 110.571932193219325, -6.799204920492043 ], [ 110.571857185718571, -6.799204920492039 ] ], [ [ 110.570807080708065, -6.799279927992796 ], [ 110.570882088208819, -6.799204920492047 ], [ 110.570882088208819, -6.799279927992801 ], [ 110.570807080708065, -6.799279927992796 ] ], [ [ 110.57208220822082, -6.799279927992794 ], [ 110.572307230723084, -6.799204920492047 ], [ 110.572307230723084, -6.799279927992806 ], [ 110.57208220822082, -6.799279927992794 ] ], [ [ 110.574107410741078, -6.799354935493542 ], [ 110.574182418241818, -6.799204920492056 ], [ 110.574182418241818, -6.799354935493557 ], [ 110.574107410741078, -6.799354935493542 ] ], [ [ 110.575907590759073, -6.799279927992807 ], [ 110.575982598259827, -6.799204920492041 ], [ 110.575982598259827, -6.799279927992798 ], [ 110.575907590759073, -6.799279927992807 ] ], [ [ 110.572457245724578, -6.799354935493553 ], [ 110.572607260726073, -6.799279927992806 ], [ 110.572607260726073, -6.799354935493556 ], [ 110.572457245724578, -6.799354935493553 ] ], [ [ 110.575007500750075, -6.799354935493549 ], [ 110.57508250825083, -6.7992799279928 ], [ 110.57508250825083, -6.799354935493545 ], [ 110.575007500750075, -6.799354935493549 ] ], [ [ 110.575307530753079, -6.799354935493543 ], [ 110.575457545754574, -6.799279927992806 ], [ 110.575457545754574, -6.799354935493541 ], [ 110.575307530753079, -6.799354935493543 ] ], [ [ 110.578682868286833, -6.799429942994304 ], [ 110.578832883288328, -6.799279927992796 ], [ 110.578757875787574, -6.799429942994301 ], [ 110.578682868286833, -6.799429942994304 ] ], [ [ 110.570732073207324, -6.799429942994304 ], [ 110.570807080708065, -6.799354935493544 ], [ 110.570807080708065, -6.799429942994297 ], [ 110.570732073207324, -6.799429942994304 ] ], [ [ 110.572757275727568, -6.799429942994296 ], [ 110.572832283228323, -6.799354935493548 ], [ 110.572832283228323, -6.799429942994296 ], [ 110.572757275727568, -6.799429942994296 ] ], [ [ 110.574182418241818, -6.799429942994307 ], [ 110.574257425742573, -6.799354935493558 ], [ 110.574257425742573, -6.799429942994297 ], [ 110.574182418241818, -6.799429942994307 ] ], [ [ 110.575832583258332, -6.799429942994298 ], [ 110.575907590759073, -6.799354935493548 ], [ 110.575907590759073, -6.799429942994295 ], [ 110.575832583258332, -6.799429942994298 ] ], [ [ 110.572832283228323, -6.799504950495049 ], [ 110.572907290729077, -6.7994299429943 ], [ 110.572907290729077, -6.799504950495043 ], [ 110.572832283228323, -6.799504950495049 ] ], [ [ 110.575532553255329, -6.799504950495057 ], [ 110.575757575757578, -6.799429942994307 ], [ 110.575832583258332, -6.7995799579958 ], [ 110.575532553255329, -6.799504950495057 ] ], [ [ 110.573057305730572, -6.799579957995796 ], [ 110.573132313231326, -6.799504950495052 ], [ 110.573132313231326, -6.799579957995793 ], [ 110.573057305730572, -6.799579957995796 ] ], [ [ 110.575832583258332, -6.799654965496542 ], [ 110.575907590759073, -6.799579957995803 ], [ 110.575907590759073, -6.799654965496549 ], [ 110.575832583258332, -6.799654965496542 ] ], [ [ 110.575907590759073, -6.799729972997301 ], [ 110.575982598259827, -6.799654965496543 ], [ 110.575982598259827, -6.799729972997298 ], [ 110.575907590759073, -6.799729972997301 ] ], [ [ 110.572982298229817, -6.799804980498044 ], [ 110.573057305730572, -6.799729972997296 ], [ 110.573057305730572, -6.799804980498046 ], [ 110.572982298229817, -6.799804980498044 ] ], [ [ 110.575982598259827, -6.799804980498056 ], [ 110.576057605760582, -6.799729972997298 ], [ 110.576057605760582, -6.799804980498043 ], [ 110.575982598259827, -6.799804980498056 ] ], [ [ 110.572832283228323, -6.799879987998795 ], [ 110.572907290729077, -6.799804980498046 ], [ 110.572907290729077, -6.799879987998799 ], [ 110.572832283228323, -6.799879987998795 ] ], [ [ 110.573132313231326, -6.799879987998798 ], [ 110.573207320732067, -6.799804980498044 ], [ 110.573207320732067, -6.799879987998799 ], [ 110.573132313231326, -6.799879987998798 ] ], [ [ 110.572757275727568, -6.800030003000301 ], [ 110.572832283228323, -6.799879987998795 ], [ 110.572832283228323, -6.800030003000304 ], [ 110.572757275727568, -6.800030003000301 ] ], [ [ 110.576207620762077, -6.799954995499548 ], [ 110.576282628262845, -6.799879987998803 ], [ 110.576282628262845, -6.799954995499551 ], [ 110.576207620762077, -6.799954995499548 ] ], [ [ 110.566831683168317, -6.800330033003293 ], [ 110.566906690669072, -6.800255025502559 ], [ 110.566906690669072, -6.800330033003301 ], [ 110.566831683168317, -6.800330033003293 ] ], [ [ 110.568106810681073, -6.800630063006306 ], [ 110.568181818181813, -6.800555055505545 ], [ 110.568181818181813, -6.800630063006305 ], [ 110.568106810681073, -6.800630063006306 ] ], [ [ 110.577632763276327, -6.80085508550855 ], [ 110.577857785778576, -6.800780078007802 ], [ 110.577857785778576, -6.800855085508546 ], [ 110.577632763276327, -6.80085508550855 ] ], [ [ 110.577857785778576, -6.800780078007802 ], [ 110.577932793279345, -6.800705070507052 ], [ 110.577932793279345, -6.800780078007808 ], [ 110.577857785778576, -6.800780078007802 ] ], [ [ 110.567956795679564, -6.800855085508555 ], [ 110.568031803180318, -6.800780078007809 ], [ 110.568031803180318, -6.800855085508552 ], [ 110.567956795679564, -6.800855085508555 ] ], [ [ 110.569006900690084, -6.800855085508553 ], [ 110.569081908190824, -6.800780078007793 ], [ 110.569081908190824, -6.800855085508555 ], [ 110.569006900690084, -6.800855085508553 ] ], [ [ 110.578382838283829, -6.80085508550855 ], [ 110.578532853285324, -6.800780078007796 ], [ 110.578532853285324, -6.800855085508555 ], [ 110.578382838283829, -6.80085508550855 ] ], [ [ 110.564731473147319, -6.800930093009299 ], [ 110.564806480648059, -6.800855085508547 ], [ 110.564806480648059, -6.8009300930093 ], [ 110.564731473147319, -6.800930093009299 ] ], [ [ 110.565031503150323, -6.801080108010796 ], [ 110.565106510651063, -6.801005100510045 ], [ 110.565106510651063, -6.801080108010796 ], [ 110.565031503150323, -6.801080108010796 ] ], [ [ 110.565256525652572, -6.801080108010798 ], [ 110.565331533153312, -6.801005100510054 ], [ 110.565331533153312, -6.801080108010801 ], [ 110.565256525652572, -6.801080108010798 ] ], [ [ 110.565481548154821, -6.801080108010794 ], [ 110.565556555655562, -6.801005100510056 ], [ 110.565556555655562, -6.801080108010799 ], [ 110.565481548154821, -6.801080108010794 ] ], [ [ 110.564881488148814, -6.801230123012303 ], [ 110.564956495649568, -6.801155115511544 ], [ 110.564956495649568, -6.801230123012294 ], [ 110.564881488148814, -6.801230123012303 ] ], [ [ 110.565181518151817, -6.801230123012305 ], [ 110.565256525652572, -6.801155115511546 ], [ 110.565256525652572, -6.801230123012298 ], [ 110.565181518151817, -6.801230123012305 ] ], [ [ 110.566531653165313, -6.801530153015293 ], [ 110.566606660666068, -6.801455145514545 ], [ 110.566606660666068, -6.801530153015297 ], [ 110.566531653165313, -6.801530153015293 ] ], [ [ 110.566456645664573, -6.80160516051606 ], [ 110.566531653165313, -6.801530153015293 ], [ 110.566531653165313, -6.801605160516048 ], [ 110.566456645664573, -6.80160516051606 ] ], [ [ 110.579282928292827, -6.801605160516049 ], [ 110.579357935793581, -6.801530153015304 ], [ 110.579357935793581, -6.801605160516049 ], [ 110.579282928292827, -6.801605160516049 ] ], [ [ 110.566531653165313, -6.801755175517558 ], [ 110.566606660666068, -6.801680168016799 ], [ 110.566606660666068, -6.80175517551755 ], [ 110.566531653165313, -6.801755175517558 ] ], [ [ 110.580108010801084, -6.801830183018303 ], [ 110.580333033303333, -6.801680168016802 ], [ 110.580333033303333, -6.801905190519046 ], [ 110.580108010801084, -6.801830183018303 ] ], [ [ 110.566756675667563, -6.801980198019802 ], [ 110.566831683168317, -6.801905190519046 ], [ 110.566831683168317, -6.801980198019803 ], [ 110.566756675667563, -6.801980198019802 ] ], [ [ 110.566681668166822, -6.80205520552056 ], [ 110.566756675667563, -6.801980198019802 ], [ 110.566756675667563, -6.802055205520545 ], [ 110.566681668166822, -6.80205520552056 ] ], [ [ 110.560381038103813, -6.80325532553256 ], [ 110.560456045604568, -6.803105310531053 ], [ 110.560456045604568, -6.803255325532552 ], [ 110.560381038103813, -6.80325532553256 ] ], [ [ 110.567506750675065, -6.804305430543057 ], [ 110.56758175817582, -6.804230423042311 ], [ 110.56758175817582, -6.804305430543058 ], [ 110.567506750675065, -6.804305430543057 ] ], [ [ 110.566381638163818, -6.806030603060298 ], [ 110.566456645664573, -6.805955595559564 ], [ 110.566456645664573, -6.806030603060305 ], [ 110.566381638163818, -6.806030603060298 ] ], [ [ 110.566231623162309, -6.80610561056105 ], [ 110.566381638163818, -6.806030603060298 ], [ 110.566381638163818, -6.806180618061805 ], [ 110.566231623162309, -6.80610561056105 ] ], [ [ 110.570357035703566, -6.807380738073813 ], [ 110.570507050705075, -6.807305730573062 ], [ 110.570507050705075, -6.807380738073811 ], [ 110.570357035703566, -6.807380738073813 ] ], [ [ 110.569906990699067, -6.807455745574551 ], [ 110.569981998199836, -6.807380738073801 ], [ 110.569981998199836, -6.807455745574566 ], [ 110.569906990699067, -6.807455745574551 ] ], [ [ 110.569981998199836, -6.807530753075303 ], [ 110.570132013201317, -6.807455745574566 ], [ 110.570132013201317, -6.807530753075312 ], [ 110.569981998199836, -6.807530753075303 ] ], [ [ 110.569831983198327, -6.807680768076808 ], [ 110.569906990699067, -6.807605760576054 ], [ 110.569906990699067, -6.807680768076803 ], [ 110.569831983198327, -6.807680768076808 ] ], [ [ 110.574332433243328, -6.807755775577553 ], [ 110.574407440744068, -6.8076807680768 ], [ 110.574407440744068, -6.807755775577554 ], [ 110.574332433243328, -6.807755775577553 ] ], [ [ 110.555880588058812, -6.808055805580564 ], [ 110.555955595559553, -6.807980798079807 ], [ 110.555955595559553, -6.808055805580551 ], [ 110.555880588058812, -6.808055805580564 ] ], [ [ 110.571032103210328, -6.808055805580554 ], [ 110.571182118211823, -6.807980798079805 ], [ 110.571182118211823, -6.808130813081315 ], [ 110.571032103210328, -6.808055805580554 ] ], [ [ 110.574107410741078, -6.808205820582057 ], [ 110.574182418241818, -6.808055805580553 ], [ 110.574182418241818, -6.808205820582063 ], [ 110.574107410741078, -6.808205820582057 ] ], [ [ 110.570807080708065, -6.808205820582065 ], [ 110.570882088208819, -6.808130813081303 ], [ 110.570882088208819, -6.808205820582051 ], [ 110.570807080708065, -6.808205820582065 ] ], [ [ 110.570882088208819, -6.808280828082806 ], [ 110.570957095709574, -6.808205820582061 ], [ 110.570957095709574, -6.80828082808281 ], [ 110.570882088208819, -6.808280828082806 ] ], [ [ 110.573957395739569, -6.8082808280828 ], [ 110.574107410741078, -6.808355835583556 ], [ 110.573957395739569, -6.808430843084316 ], [ 110.573957395739569, -6.8082808280828 ] ], [ [ 110.570957095709574, -6.808355835583564 ], [ 110.571032103210328, -6.808280828082804 ], [ 110.571032103210328, -6.808355835583553 ], [ 110.570957095709574, -6.808355835583564 ] ], [ [ 110.571407140714072, -6.808580858085813 ], [ 110.571407140714072, -6.808355835583551 ], [ 110.571632163216336, -6.808580858085814 ], [ 110.571407140714072, -6.808580858085813 ] ], [ [ 110.573882388238829, -6.808580858085814 ], [ 110.573957395739569, -6.808430843084316 ], [ 110.573957395739569, -6.808580858085816 ], [ 110.573882388238829, -6.808580858085814 ] ], [ [ 110.573807380738074, -6.808730873087311 ], [ 110.573882388238829, -6.808580858085814 ], [ 110.573882388238829, -6.808730873087304 ], [ 110.573807380738074, -6.808730873087311 ] ], [ [ 110.57373237323732, -6.808805880588052 ], [ 110.573807380738074, -6.808730873087311 ], [ 110.573807380738074, -6.808805880588064 ], [ 110.57373237323732, -6.808805880588052 ] ], [ [ 110.57365736573658, -6.808955895589555 ], [ 110.57373237323732, -6.808805880588052 ], [ 110.57373237323732, -6.808955895589563 ], [ 110.57365736573658, -6.808955895589555 ] ], [ [ 110.573582358235825, -6.809030903090303 ], [ 110.57365736573658, -6.808955895589555 ], [ 110.57365736573658, -6.809030903090312 ], [ 110.573582358235825, -6.809030903090303 ] ], [ [ 110.571782178217816, -6.809180918091814 ], [ 110.571857185718571, -6.809105910591056 ], [ 110.571857185718571, -6.809180918091814 ], [ 110.571782178217816, -6.809180918091814 ] ], [ [ 110.573507350735071, -6.809180918091813 ], [ 110.573582358235825, -6.809105910591056 ], [ 110.573582358235825, -6.809180918091813 ], [ 110.573507350735071, -6.809180918091813 ] ], [ [ 110.57343234323433, -6.809255925592563 ], [ 110.573507350735071, -6.809180918091813 ], [ 110.573507350735071, -6.809255925592568 ], [ 110.57343234323433, -6.809255925592563 ] ], [ [ 110.572007200720066, -6.809330933093309 ], [ 110.57208220822082, -6.809255925592561 ], [ 110.57208220822082, -6.809330933093309 ], [ 110.572007200720066, -6.809330933093309 ] ], [ [ 110.572532253225319, -6.809630963096314 ], [ 110.572607260726073, -6.809555955595564 ], [ 110.572607260726073, -6.809630963096313 ], [ 110.572532253225319, -6.809630963096314 ] ], [ [ 110.572907290729077, -6.809855985598567 ], [ 110.573132313231326, -6.809630963096313 ], [ 110.573057305730572, -6.809930993099303 ], [ 110.572907290729077, -6.809855985598567 ] ] ] } },
{ "type": "Feature", "properties": { "year": 2027, "layer": "atrisk" }, "geometry": { "type": "Polygon", "coordinates": [ [ [ 110.551230123012303, -6.829207920792085 ], [ 110.550930093009299, -6.829507950795082 ], [ 110.553030303030297, -6.829957995799583 ], [ 110.551230123012303, -6.829207920792085 ] ] ] } },
{ "type": "Feature", "properties": { "year": 2027, "layer": "atrisk" }, "geometry": { "type": "Polygon", "coordinates": [ [ [ 110.552430243024304, -6.809105910591066 ], [ 110.551230123012303, -6.810381038103816 ], [ 110.551080108010808, -6.810606060606069 ], [ 110.551155115511563, -6.810906090609061 ], [ 110.549204920492045, -6.813081308130819 ], [ 110.549504950495063, -6.818406840684069 ], [ 110.544854485448553, -6.821182118211817 ], [ 110.545079507950788, -6.823507350735073 ], [ 110.547779777977794, -6.825157515751572 ], [ 110.552055205520546, -6.821107110711075 ], [ 110.549954995499547, -6.82500750075007 ], [ 110.548679867986792, -6.824857485748568 ], [ 110.546879687968811, -6.826807680768074 ], [ 110.544779477947799, -6.825457545754583 ], [ 110.543579357935812, -6.82373237323733 ], [ 110.544779477947799, -6.821032103210314 ], [ 110.543579357935812, -6.81990699069907 ], [ 110.536303630363051, -6.827632763276318 ], [ 110.53847884788479, -6.832208220822077 ], [ 110.542829282928295, -6.833933393339328 ], [ 110.542454245424537, -6.833933393339332 ], [ 110.542229222922302, -6.835133513351334 ], [ 110.538028802880291, -6.832358235823577 ], [ 110.536228622862282, -6.827707770777073 ], [ 110.535553555355534, -6.827557755775574 ], [ 110.530453045304526, -6.832358235823578 ], [ 110.532928292829283, -6.834833483348337 ], [ 110.535028502850281, -6.831983198319838 ], [ 110.533603360336031, -6.836183618361829 ], [ 110.529702970297024, -6.832358235823581 ], [ 110.520102010201029, -6.834983498349827 ], [ 110.523402340234028, -6.838508850885088 ], [ 110.527527752775271, -6.839333933393331 ], [ 110.528727872787272, -6.845409540954095 ], [ 110.529927992799287, -6.84563456345635 ], [ 110.528877887788781, -6.84593459345934 ], [ 110.528202820282033, -6.844884488448843 ], [ 110.52767776777678, -6.847959795979599 ], [ 110.530453045304526, -6.845634563456349 ], [ 110.534878487848786, -6.849534953495342 ], [ 110.537728772877287, -6.846609660966095 ], [ 110.539828982898285, -6.843459345934588 ], [ 110.539828982898285, -6.843234323432345 ], [ 110.539603960396036, -6.842934293429339 ], [ 110.537728772877287, -6.841434143414345 ], [ 110.537878787878782, -6.841059105910584 ], [ 110.538553855385544, -6.841359135913595 ], [ 110.538178817881786, -6.840984098409835 ], [ 110.53847884788479, -6.840534053405332 ], [ 110.540354035403539, -6.842259225922591 ], [ 110.540579057905802, -6.841884188418846 ], [ 110.536003600360033, -6.838208820882087 ], [ 110.539753975397545, -6.840384038403842 ], [ 110.539003900390043, -6.83933393339333 ], [ 110.539378937893787, -6.839033903390338 ], [ 110.541254125412536, -6.840534053405336 ], [ 110.542754275427541, -6.834383438343829 ], [ 110.547254725472541, -6.833108310831082 ], [ 110.545004500450048, -6.831758175817574 ], [ 110.5459795979598, -6.826732673267331 ], [ 110.5476297629763, -6.827932793279324 ], [ 110.54605460546054, -6.831608160816077 ], [ 110.547929792979303, -6.833183318331829 ], [ 110.550930093009299, -6.831908190819084 ], [ 110.548079807980798, -6.827557755775575 ], [ 110.554755475547552, -6.829432943294325 ], [ 110.559930993099314, -6.82373237323732 ], [ 110.562631263126306, -6.817881788178815 ], [ 110.561806180618063, -6.81615661566156 ], [ 110.552430243024304, -6.809105910591066 ] ], [ [ 110.551380138013798, -6.810456045604565 ], [ 110.551455145514552, -6.810381038103801 ], [ 110.551455145514552, -6.810456045604557 ], [ 110.551380138013798, -6.810456045604565 ] ], [ [ 110.551230123012303, -6.810681068106801 ], [ 110.551305130513057, -6.810606060606057 ], [ 110.551305130513057, -6.810681068106805 ], [ 110.551230123012303, -6.810681068106801 ] ], [ [ 110.551155115511563, -6.810756075607566 ], [ 110.551230123012303, -6.810681068106801 ], [ 110.551230123012303, -6.810756075607562 ], [ 110.551155115511563, -6.810756075607566 ] ], [ [ 110.550030003000302, -6.814731473147309 ], [ 110.551980198019805, -6.815031503150318 ], [ 110.552055205520546, -6.815406540654071 ], [ 110.550030003000302, -6.814731473147309 ] ], [ [ 110.558955895589563, -6.814881488148807 ], [ 110.559030903090303, -6.814806480648058 ], [ 110.559030903090303, -6.814881488148814 ], [ 110.558955895589563, -6.814881488148807 ] ], [ [ 110.558730873087313, -6.815181518151822 ], [ 110.558805880588054, -6.815106510651058 ], [ 110.558805880588054, -6.81518151815182 ], [ 110.558730873087313, -6.815181518151822 ] ], [ [ 110.554380438043808, -6.815406540654064 ], [ 110.554455445544562, -6.815331533153314 ], [ 110.554455445544562, -6.815406540654072 ], [ 110.554380438043808, -6.815406540654064 ] ], [ [ 110.558580858085804, -6.815406540654071 ], [ 110.558655865586559, -6.815331533153315 ], [ 110.558655865586559, -6.815406540654061 ], [ 110.558580858085804, -6.815406540654071 ] ], [ [ 110.554305430543053, -6.815481548154816 ], [ 110.554380438043808, -6.815406540654064 ], [ 110.554380438043808, -6.815481548154821 ], [ 110.554305430543053, -6.815481548154816 ] ], [ [ 110.551905190519051, -6.815556555655565 ], [ 110.551980198019805, -6.815481548154811 ], [ 110.551980198019805, -6.815556555655559 ], [ 110.551905190519051, -6.815556555655565 ] ], [ [ 110.556330633063311, -6.81570657065707 ], [ 110.556405640564051, -6.81555655565557 ], [ 110.556405640564051, -6.815706570657065 ], [ 110.556330633063311, -6.81570657065707 ] ], [ [ 110.554155415541572, -6.815706570657071 ], [ 110.554230423042299, -6.815631563156312 ], [ 110.554230423042299, -6.815706570657073 ], [ 110.554155415541572, -6.815706570657071 ] ], [ [ 110.556180618061802, -6.816156615661559 ], [ 110.556255625562557, -6.816081608160812 ], [ 110.556255625562557, -6.816156615661569 ], [ 110.556180618061802, -6.816156615661559 ] ], [ [ 110.557830783078302, -6.816381638163821 ], [ 110.557905790579056, -6.816306630663069 ], [ 110.557905790579056, -6.816381638163821 ], [ 110.557830783078302, -6.816381638163821 ] ], [ [ 110.553255325532547, -6.816456645664557 ], [ 110.553330333033301, -6.81638163816382 ], [ 110.553330333033301, -6.816456645664563 ], [ 110.553255325532547, -6.816456645664557 ] ], [ [ 110.557755775577562, -6.816531653165312 ], [ 110.557830783078302, -6.816381638163821 ], [ 110.557830783078302, -6.816531653165319 ], [ 110.557755775577562, -6.816531653165312 ] ], [ [ 110.553330333033301, -6.816531653165313 ], [ 110.553405340534056, -6.816456645664561 ], [ 110.553405340534056, -6.816531653165319 ], [ 110.553330333033301, -6.816531653165313 ] ], [ [ 110.554230423042299, -6.816681668166811 ], [ 110.554305430543053, -6.816606660666071 ], [ 110.554305430543053, -6.816681668166818 ], [ 110.554230423042299, -6.816681668166811 ] ], [ [ 110.557830783078302, -6.81668166816682 ], [ 110.557905790579056, -6.816606660666066 ], [ 110.557905790579056, -6.81668166816682 ], [ 110.557830783078302, -6.81668166816682 ] ], [ [ 110.554080408040804, -6.816756675667574 ], [ 110.554230423042299, -6.816831683168322 ], [ 110.554080408040804, -6.81690669066907 ], [ 110.554080408040804, -6.816756675667574 ] ], [ [ 110.557755775577562, -6.816756675667567 ], [ 110.557830783078302, -6.81668166816682 ], [ 110.557830783078302, -6.81675667566756 ], [ 110.557755775577562, -6.816756675667567 ] ], [ [ 110.557530753075312, -6.817056705670566 ], [ 110.557605760576052, -6.816981698169809 ], [ 110.557605760576052, -6.817056705670568 ], [ 110.557530753075312, -6.817056705670566 ] ], [ [ 110.556930693069305, -6.817206720672074 ], [ 110.557005700570059, -6.81713171317132 ], [ 110.557005700570059, -6.817206720672066 ], [ 110.556930693069305, -6.817206720672074 ] ], [ [ 110.557155715571554, -6.817431743174322 ], [ 110.557230723072308, -6.81735673567356 ], [ 110.557230723072308, -6.817431743174322 ], [ 110.557155715571554, -6.817431743174322 ] ], [ [ 110.554830483048306, -6.817881788178825 ], [ 110.554905490549061, -6.817806780678063 ], [ 110.554905490549061, -6.817881788178812 ], [ 110.554830483048306, -6.817881788178825 ] ], [ [ 110.557155715571554, -6.818106810681073 ], [ 110.557230723072308, -6.818031803180312 ], [ 110.557230723072308, -6.818106810681068 ], [ 110.557155715571554, -6.818106810681073 ] ], [ [ 110.555055505550555, -6.818256825682568 ], [ 110.555130513051324, -6.81818181818181 ], [ 110.555130513051324, -6.818256825682564 ], [ 110.555055505550555, -6.818256825682568 ] ], [ [ 110.556780678067824, -6.818631863186323 ], [ 110.55685568556855, -6.818556855685567 ], [ 110.55685568556855, -6.818631863186315 ], [ 110.556780678067824, -6.818631863186323 ] ], [ [ 110.556330633063311, -6.818931893189318 ], [ 110.556480648064806, -6.818781878187817 ], [ 110.556405640564051, -6.818931893189321 ], [ 110.556330633063311, -6.818931893189318 ] ], [ [ 110.55655565556556, -6.818931893189323 ], [ 110.556630663066301, -6.818856885688563 ], [ 110.556630663066301, -6.818931893189325 ], [ 110.55655565556556, -6.818931893189323 ] ], [ [ 110.553780378037814, -6.82275727572757 ], [ 110.553855385538554, -6.822607260726077 ], [ 110.553855385538554, -6.822757275727568 ], [ 110.553780378037814, -6.82275727572757 ] ], [ [ 110.553555355535551, -6.82305730573058 ], [ 110.553630363036305, -6.822982298229823 ], [ 110.553630363036305, -6.823057305730578 ], [ 110.553555355535551, -6.82305730573058 ] ], [ [ 110.552355235523549, -6.825157515751584 ], [ 110.553330333033301, -6.824782478247822 ], [ 110.552430243024304, -6.826057605760574 ], [ 110.552355235523549, -6.825157515751584 ] ], [ [ 110.54132913291329, -6.82583258325832 ], [ 110.542379237923797, -6.825232523252327 ], [ 110.541404140414045, -6.825982598259831 ], [ 110.54132913291329, -6.82583258325832 ] ], [ [ 110.542379237923797, -6.82515751575157 ], [ 110.542454245424537, -6.825082508250833 ], [ 110.542454245424537, -6.825157515751576 ], [ 110.542379237923797, -6.82515751575157 ] ], [ [ 110.542529252925291, -6.82515751575158 ], [ 110.542754275427541, -6.825082508250821 ], [ 110.542754275427541, -6.825157515751583 ], [ 110.542529252925291, -6.82515751575158 ] ], [ [ 110.541254125412536, -6.825982598259818 ], [ 110.54132913291329, -6.82590759075908 ], [ 110.54132913291329, -6.82598259825983 ], [ 110.541254125412536, -6.825982598259818 ] ], [ [ 110.541104110411041, -6.825982598259828 ], [ 110.541104110411041, -6.826357635763575 ], [ 110.540504050405048, -6.826657665766567 ], [ 110.540429042904293, -6.826957695769575 ], [ 110.53990399039904, -6.826957695769571 ], [ 110.541104110411041, -6.825982598259828 ] ], [ [ 110.5476297629763, -6.826132613261329 ], [ 110.547704770477054, -6.826057605760579 ], [ 110.547704770477054, -6.826132613261331 ], [ 110.5476297629763, -6.826132613261329 ] ], [ [ 110.540879087908792, -6.826582658265833 ], [ 110.540954095409546, -6.826507650765074 ], [ 110.540954095409546, -6.826582658265821 ], [ 110.540879087908792, -6.826582658265833 ] ], [ [ 110.546879687968811, -6.826882688268828 ], [ 110.547179717971801, -6.82680768076807 ], [ 110.547179717971801, -6.826957695769577 ], [ 110.546879687968811, -6.826882688268828 ] ], [ [ 110.539753975397545, -6.827107710771077 ], [ 110.539978997899794, -6.827107710771079 ], [ 110.539753975397545, -6.82718271827183 ], [ 110.539753975397545, -6.827107710771077 ] ], [ [ 110.547179717971801, -6.827107710771086 ], [ 110.547254725472541, -6.827032703270334 ], [ 110.547254725472541, -6.827107710771076 ], [ 110.547179717971801, -6.827107710771086 ] ], [ [ 110.547329732973296, -6.827182718271819 ], [ 110.547479747974791, -6.827107710771078 ], [ 110.547554755475545, -6.827332733273324 ], [ 110.547329732973296, -6.827182718271819 ] ], [ [ 110.539678967896791, -6.82725772577257 ], [ 110.539753975397545, -6.82718271827183 ], [ 110.539753975397545, -6.827257725772571 ], [ 110.539678967896791, -6.82725772577257 ] ], [ [ 110.539378937893787, -6.827407740774084 ], [ 110.539603960396036, -6.827332733273328 ], [ 110.539528952895296, -6.827482748274835 ], [ 110.539378937893787, -6.827407740774084 ] ], [ [ 110.539603960396036, -6.827332733273328 ], [ 110.539678967896791, -6.82725772577257 ], [ 110.539678967896791, -6.827332733273335 ], [ 110.539603960396036, -6.827332733273328 ] ], [ [ 110.5476297629763, -6.827332733273321 ], [ 110.547854785478563, -6.827407740774086 ], [ 110.547704770477054, -6.82748274827482 ], [ 110.5476297629763, -6.827332733273321 ] ], [ [ 110.547854785478563, -6.827557755775572 ], [ 110.547929792979303, -6.827482748274829 ], [ 110.547929792979303, -6.827557755775583 ], [ 110.547854785478563, -6.827557755775572 ] ], [ [ 110.538928892889302, -6.827782778277826 ], [ 110.539003900390043, -6.827707770777087 ], [ 110.539003900390043, -6.827782778277837 ], [ 110.538928892889302, -6.827782778277826 ] ], [ [ 110.539003900390043, -6.827857785778575 ], [ 110.539078907890783, -6.82778277827782 ], [ 110.539078907890783, -6.827857785778573 ], [ 110.539003900390043, -6.827857785778575 ] ], [ [ 110.536078607860787, -6.828082808280823 ], [ 110.536153615361542, -6.828007800780082 ], [ 110.536153615361542, -6.828082808280823 ], [ 110.536078607860787, -6.828082808280823 ] ], [ [ 110.538028802880291, -6.828457845784583 ], [ 110.538103810381031, -6.828382838283837 ], [ 110.538103810381031, -6.828457845784574 ], [ 110.538028802880291, -6.828457845784583 ] ], [ [ 110.537953795379551, -6.828532853285325 ], [ 110.538028802880291, -6.828457845784583 ], [ 110.538028802880291, -6.828532853285329 ], [ 110.537953795379551, -6.828532853285325 ] ], [ [ 110.537503750375038, -6.828682868286823 ], [ 110.537578757875792, -6.828607860786073 ], [ 110.537578757875792, -6.828682868286829 ], [ 110.537503750375038, -6.828682868286823 ] ], [ [ 110.537353735373543, -6.828757875787586 ], [ 110.537428742874283, -6.828682868286823 ], [ 110.537428742874283, -6.828757875787582 ], [ 110.537353735373543, -6.828757875787586 ] ], [ [ 110.539378937893787, -6.832433243324333 ], [ 110.539453945394541, -6.832358235823583 ], [ 110.539453945394541, -6.832433243324328 ], [ 110.539378937893787, -6.832433243324333 ] ], [ [ 110.539453945394541, -6.832508250825076 ], [ 110.539528952895296, -6.832433243324336 ], [ 110.539528952895296, -6.832508250825081 ], [ 110.539453945394541, -6.832508250825076 ] ], [ [ 110.528352835283542, -6.833708370837083 ], [ 110.528652865286531, -6.833783378337827 ], [ 110.528127812781278, -6.834008400840081 ], [ 110.528352835283542, -6.833708370837083 ] ], [ [ 110.527977797779783, -6.834008400840076 ], [ 110.528052805280524, -6.833933393339332 ], [ 110.528052805280524, -6.834008400840087 ], [ 110.527977797779783, -6.834008400840076 ] ], [ [ 110.527902790279029, -6.834083408340839 ], [ 110.527977797779783, -6.834008400840076 ], [ 110.527977797779783, -6.834083408340837 ], [ 110.527902790279029, -6.834083408340839 ] ], [ [ 110.542679267926786, -6.834308430843077 ], [ 110.542904290429064, -6.834158415841581 ], [ 110.542904290429064, -6.834308430843088 ], [ 110.542679267926786, -6.834308430843077 ] ], [ [ 110.525877587758771, -6.834308430843089 ], [ 110.52767776777678, -6.837083708370831 ], [ 110.530453045304526, -6.836633663366339 ], [ 110.534128412841284, -6.838133813381334 ], [ 110.53240324032403, -6.838208820882087 ], [ 110.526927692769277, -6.836933693369339 ], [ 110.524227422742271, -6.835133513351327 ], [ 110.525877587758771, -6.834308430843089 ] ], [ [ 110.522577257725771, -6.834833483348338 ], [ 110.525502550255027, -6.836483648364844 ], [ 110.524827482748279, -6.837983798379846 ], [ 110.521752175217529, -6.836483648364846 ], [ 110.522577257725771, -6.834833483348338 ] ], [ [ 110.524152415241531, -6.835058505850584 ], [ 110.524227422742271, -6.834983498349827 ], [ 110.524227422742271, -6.835058505850585 ], [ 110.524152415241531, -6.835058505850584 ] ], [ [ 110.527302730273021, -6.835883588358835 ], [ 110.527602760276025, -6.835883588358833 ], [ 110.527302730273021, -6.83595859585959 ], [ 110.527302730273021, -6.835883588358835 ] ], [ [ 110.53375337533754, -6.836108610861092 ], [ 110.534578457845782, -6.836633663366333 ], [ 110.53660366036604, -6.837383738373834 ], [ 110.535403540354039, -6.837383738373845 ], [ 110.53375337533754, -6.836108610861092 ] ], [ [ 110.528727872787272, -6.836858685868593 ], [ 110.528802880288026, -6.836783678367841 ], [ 110.528802880288026, -6.836858685868582 ], [ 110.528727872787272, -6.836858685868593 ] ], [ [ 110.526252625262529, -6.837083708370843 ], [ 110.526402640264024, -6.83700870087008 ], [ 110.526402640264024, -6.837083708370834 ], [ 110.526252625262529, -6.837083708370843 ] ], [ [ 110.526627662766273, -6.837233723372341 ], [ 110.526702670267042, -6.83715871587159 ], [ 110.526702670267042, -6.837233723372341 ], [ 110.526627662766273, -6.837233723372341 ] ], [ [ 110.526702670267042, -6.83730873087308 ], [ 110.526777677767782, -6.837233723372333 ], [ 110.526777677767782, -6.837308730873092 ], [ 110.526702670267042, -6.83730873087308 ] ], [ [ 110.526777677767782, -6.837383738373838 ], [ 110.526927692769277, -6.837308730873081 ], [ 110.526927692769277, -6.83738373837383 ], [ 110.526777677767782, -6.837383738373838 ] ], [ [ 110.526927692769277, -6.83738373837383 ], [ 110.530603060306035, -6.837833783378342 ], [ 110.531653165316541, -6.83835883588358 ], [ 110.527752775277534, -6.837983798379829 ], [ 110.526927692769277, -6.83738373837383 ] ], [ [ 110.533078307830777, -6.838658865886583 ], [ 110.535853585358538, -6.838583858385839 ], [ 110.53690369036903, -6.839183918391835 ], [ 110.537578757875792, -6.839858985898594 ], [ 110.535853585358538, -6.838733873387337 ], [ 110.533078307830777, -6.838658865886583 ] ], [ [ 110.532853285328528, -6.838658865886589 ], [ 110.532928292829283, -6.838583858385836 ], [ 110.532928292829283, -6.838658865886587 ], [ 110.532853285328528, -6.838658865886589 ] ], [ [ 110.536978697869785, -6.839708970897085 ], [ 110.537053705370539, -6.839558955895582 ], [ 110.537128712871294, -6.839708970897095 ], [ 110.536978697869785, -6.839708970897085 ] ], [ [ 110.530903090309025, -6.840384038403847 ], [ 110.531578157815787, -6.83993399339934 ], [ 110.530978097809779, -6.840684068406841 ], [ 110.530903090309025, -6.840384038403847 ] ], [ [ 110.536753675367535, -6.839783978397833 ], [ 110.53682868286829, -6.839708970897087 ], [ 110.53682868286829, -6.839783978397845 ], [ 110.536753675367535, -6.839783978397833 ] ], [ [ 110.53690369036903, -6.839858985898585 ], [ 110.537053705370539, -6.839783978397848 ], [ 110.537053705370539, -6.839858985898594 ], [ 110.53690369036903, -6.839858985898585 ] ], [ [ 110.533903390339034, -6.840234023402346 ], [ 110.535403540354039, -6.840009000900096 ], [ 110.535853585358538, -6.840459045904595 ], [ 110.533903390339034, -6.840234023402346 ] ], [ [ 110.537053705370539, -6.839933993399345 ], [ 110.537203720372034, -6.839858985898583 ], [ 110.537203720372034, -6.839933993399335 ], [ 110.537053705370539, -6.839933993399345 ] ], [ [ 110.538028802880291, -6.840384038403834 ], [ 110.537728772877287, -6.839858985898593 ], [ 110.538178817881786, -6.840384038403833 ], [ 110.538028802880291, -6.840384038403834 ] ], [ [ 110.537278727872803, -6.840009000900093 ], [ 110.537353735373543, -6.839933993399338 ], [ 110.537353735373543, -6.840009000900097 ], [ 110.537278727872803, -6.840009000900093 ] ], [ [ 110.537428742874283, -6.840084008400833 ], [ 110.537503750375038, -6.840009000900096 ], [ 110.537503750375038, -6.840084008400843 ], [ 110.537428742874283, -6.840084008400833 ] ], [ [ 110.539303930393032, -6.840084008400842 ], [ 110.539378937893787, -6.840009000900094 ], [ 110.539378937893787, -6.840084008400843 ], [ 110.539303930393032, -6.840084008400842 ] ], [ [ 110.537578757875792, -6.84015901590159 ], [ 110.537653765376533, -6.840084008400838 ], [ 110.537653765376533, -6.840159015901589 ], [ 110.537578757875792, -6.84015901590159 ] ], [ [ 110.537653765376533, -6.840309030903087 ], [ 110.537728772877287, -6.840159015901591 ], [ 110.537728772877287, -6.840309030903089 ], [ 110.537653765376533, -6.840309030903087 ] ], [ [ 110.537878787878782, -6.840459045904598 ], [ 110.537953795379551, -6.840384038403839 ], [ 110.537953795379551, -6.84045904590459 ], [ 110.537878787878782, -6.840459045904598 ] ], [ [ 110.538178817881786, -6.840459045904597 ], [ 110.53825382538254, -6.840384038403834 ], [ 110.53825382538254, -6.840459045904582 ], [ 110.538178817881786, -6.840459045904597 ] ], [ [ 110.537953795379551, -6.840534053405345 ], [ 110.538028802880291, -6.840459045904584 ], [ 110.538028802880291, -6.84053405340534 ], [ 110.537953795379551, -6.840534053405345 ] ], [ [ 110.53825382538254, -6.840534053405335 ], [ 110.538328832883295, -6.840459045904586 ], [ 110.538328832883295, -6.840534053405338 ], [ 110.53825382538254, -6.840534053405335 ] ], [ [ 110.538028802880291, -6.840609060906098 ], [ 110.538103810381031, -6.840534053405334 ], [ 110.538103810381031, -6.840609060906093 ], [ 110.538028802880291, -6.840609060906098 ] ], [ [ 110.530828082808284, -6.840759075907597 ], [ 110.530978097809779, -6.840684068406841 ], [ 110.530978097809779, -6.840834083408338 ], [ 110.530828082808284, -6.840759075907597 ] ], [ [ 110.538103810381031, -6.840684068406838 ], [ 110.538178817881786, -6.840609060906091 ], [ 110.538178817881786, -6.840684068406834 ], [ 110.538103810381031, -6.840684068406838 ] ], [ [ 110.538178817881786, -6.840759075907583 ], [ 110.53825382538254, -6.840684068406832 ], [ 110.53825382538254, -6.840759075907598 ], [ 110.538178817881786, -6.840759075907583 ] ], [ [ 110.530828082808284, -6.841209120912093 ], [ 110.530903090309025, -6.840909090909085 ], [ 110.530903090309025, -6.841209120912084 ], [ 110.530828082808284, -6.841209120912093 ] ], [ [ 110.530678067806789, -6.841134113411346 ], [ 110.530828082808284, -6.842784278427843 ], [ 110.530078007800782, -6.844584458445835 ], [ 110.530228022802277, -6.844209420942096 ], [ 110.530678067806789, -6.841134113411346 ] ], [ [ 110.537728772877287, -6.841884188418841 ], [ 110.538028802880291, -6.841884188418848 ], [ 110.537728772877287, -6.842034203420345 ], [ 110.537728772877287, -6.841884188418841 ] ], [ [ 110.538028802880291, -6.841959195919595 ], [ 110.538103810381031, -6.841884188418848 ], [ 110.538103810381031, -6.841959195919595 ], [ 110.538028802880291, -6.841959195919595 ] ], [ [ 110.537353735373543, -6.842259225922584 ], [ 110.537728772877287, -6.842184218421832 ], [ 110.536753675367535, -6.84278427842784 ], [ 110.537353735373543, -6.842259225922584 ] ], [ [ 110.537803780378042, -6.842109210921087 ], [ 110.537953795379551, -6.842034203420348 ], [ 110.537953795379551, -6.842109210921089 ], [ 110.537803780378042, -6.842109210921087 ] ], [ [ 110.538103810381031, -6.842109210921088 ], [ 110.53825382538254, -6.842034203420348 ], [ 110.53825382538254, -6.842109210921085 ], [ 110.538103810381031, -6.842109210921088 ] ], [ [ 110.537803780378042, -6.842259225922599 ], [ 110.538103810381031, -6.842184218421847 ], [ 110.537803780378042, -6.842334233423337 ], [ 110.537803780378042, -6.842259225922599 ] ], [ [ 110.537653765376533, -6.842409240924093 ], [ 110.537803780378042, -6.842334233423337 ], [ 110.537803780378042, -6.842409240924094 ], [ 110.537653765376533, -6.842409240924093 ] ], [ [ 110.537578757875792, -6.842484248424833 ], [ 110.537653765376533, -6.842409240924093 ], [ 110.537653765376533, -6.842484248424836 ], [ 110.537578757875792, -6.842484248424833 ] ], [ [ 110.537503750375038, -6.842559255925596 ], [ 110.537578757875792, -6.842484248424833 ], [ 110.537578757875792, -6.842559255925583 ], [ 110.537503750375038, -6.842559255925596 ] ], [ [ 110.537428742874283, -6.842634263426345 ], [ 110.537503750375038, -6.842559255925596 ], [ 110.537503750375038, -6.84263426342635 ], [ 110.537428742874283, -6.842634263426345 ] ], [ [ 110.536528652865286, -6.842859285928589 ], [ 110.536753675367535, -6.842859285928594 ], [ 110.536528652865286, -6.843009300930086 ], [ 110.536528652865286, -6.842859285928589 ] ], [ [ 110.536378637863791, -6.843084308430845 ], [ 110.536453645364531, -6.843009300930087 ], [ 110.536453645364531, -6.843084308430848 ], [ 110.536378637863791, -6.843084308430845 ] ], [ [ 110.536303630363051, -6.843159315931587 ], [ 110.536378637863791, -6.843084308430845 ], [ 110.536378637863791, -6.843159315931592 ], [ 110.536303630363051, -6.843159315931587 ] ], [ [ 110.539603960396036, -6.843159315931598 ], [ 110.539678967896791, -6.84308430843084 ], [ 110.539678967896791, -6.843159315931595 ], [ 110.539603960396036, -6.843159315931598 ] ], [ [ 110.536228622862282, -6.843234323432339 ], [ 110.536303630363051, -6.843159315931587 ], [ 110.536303630363051, -6.84323432343235 ], [ 110.536228622862282, -6.843234323432339 ] ], [ [ 110.530153015301536, -6.843684368436836 ], [ 110.530228022802277, -6.843459345934598 ], [ 110.530228022802277, -6.843684368436845 ], [ 110.530153015301536, -6.843684368436836 ] ], [ [ 110.530078007800782, -6.843984398439841 ], [ 110.530153015301536, -6.843834383438337 ], [ 110.530153015301536, -6.843984398439835 ], [ 110.530078007800782, -6.843984398439841 ] ], [ [ 110.530153015301536, -6.844734473447343 ], [ 110.530228022802277, -6.844584458445836 ], [ 110.530228022802277, -6.844734473447342 ], [ 110.530153015301536, -6.844734473447343 ] ] ] } },
{ "type": "Feature", "properties": { "year": 2027, "layer": "atrisk" }, "geometry": { "type": "Polygon", "coordinates": [ [ [ 110.527077707770772, -6.847884788478854 ], [ 110.522652265226526, -6.848334833483343 ], [ 110.521827182718269, -6.848784878487857 ], [ 110.524752475247524, -6.849984998499854 ], [ 110.527077707770772, -6.847884788478854 ] ] ] } },
{ "type": "Feature", "properties": { "year": 2027, "layer": "atrisk" }, "geometry": { "type": "Polygon", "coordinates": [ [ [ 110.530078007800782, -6.846309630963093 ], [ 110.526627662766273, -6.851035103510351 ], [ 110.52437743774378, -6.850735073507357 ], [ 110.521452145214539, -6.851560156015593 ], [ 110.521227122712276, -6.849534953495352 ], [ 110.519726972697271, -6.854560456045603 ], [ 110.520627062706268, -6.855535553555354 ], [ 110.522277227722768, -6.854335433543356 ], [ 110.522427242724291, -6.854260426042597 ], [ 110.52272727272728, -6.854335433543352 ], [ 110.518226822682266, -6.857635763576358 ], [ 110.518826882688273, -6.856060606060606 ], [ 110.51830183018302, -6.855235523552351 ], [ 110.51522652265227, -6.85913591359135 ], [ 110.51552655265526, -6.860186018601866 ], [ 110.520177017701769, -6.856435643564353 ], [ 110.519501950195021, -6.858385838583854 ], [ 110.518076807680771, -6.858610861086115 ], [ 110.516426642664271, -6.860036003600355 ], [ 110.51852685268527, -6.861386138613852 ], [ 110.521977197719778, -6.859210921092108 ], [ 110.521677167716774, -6.855160516051606 ], [ 110.523927392739267, -6.854935493549357 ], [ 110.523552355235523, -6.854410441044104 ], [ 110.525802580258031, -6.853435343534344 ], [ 110.52610261026102, -6.85253525352535 ], [ 110.528952895289535, -6.8533603360336 ], [ 110.534428442844288, -6.849909990999097 ], [ 110.530078007800782, -6.846309630963093 ] ], [ [ 110.529252925292525, -6.848784878487849 ], [ 110.529327932793279, -6.848709870987093 ], [ 110.529327932793279, -6.848784878487857 ], [ 110.529252925292525, -6.848784878487849 ] ], [ [ 110.528802880288026, -6.851410141014108 ], [ 110.529627962796283, -6.850810081008104 ], [ 110.529327932793279, -6.851485148514847 ], [ 110.528802880288026, -6.851410141014108 ] ], [ [ 110.526177617761775, -6.851185118511859 ], [ 110.526252625262529, -6.851110111011097 ], [ 110.526252625262529, -6.851185118511848 ], [ 110.526177617761775, -6.851185118511859 ] ], [ [ 110.528277827782773, -6.851410141014107 ], [ 110.528352835283542, -6.851260126012608 ], [ 110.528352835283542, -6.851410141014105 ], [ 110.528277827782773, -6.851410141014107 ] ], [ [ 110.527902790279029, -6.851710171017104 ], [ 110.528277827782773, -6.851560156015604 ], [ 110.528127812781278, -6.851860186018596 ], [ 110.527902790279029, -6.851710171017104 ] ], [ [ 110.522877287728775, -6.85148514851485 ], [ 110.52295229522953, -6.851410141014107 ], [ 110.52295229522953, -6.851485148514854 ], [ 110.522877287728775, -6.85148514851485 ] ], [ [ 110.530078007800782, -6.851560156015597 ], [ 110.530153015301536, -6.851410141014093 ], [ 110.530153015301536, -6.851560156015605 ], [ 110.530078007800782, -6.851560156015597 ] ], [ [ 110.528877887788781, -6.851635163516356 ], [ 110.528952895289535, -6.851560156015597 ], [ 110.528952895289535, -6.851635163516353 ], [ 110.528877887788781, -6.851635163516356 ] ], [ [ 110.529852985298533, -6.851860186018596 ], [ 110.530153015301536, -6.851635163516359 ], [ 110.530153015301536, -6.851935193519344 ], [ 110.529852985298533, -6.851860186018596 ] ], [ [ 110.530228022802277, -6.851635163516344 ], [ 110.5303780378038, -6.851710171017098 ], [ 110.530228022802277, -6.851710171017099 ], [ 110.530228022802277, -6.851635163516344 ] ], [ [ 110.528802880288026, -6.851785178517856 ], [ 110.528877887788781, -6.851635163516356 ], [ 110.528877887788781, -6.851785178517849 ], [ 110.528802880288026, -6.851785178517856 ] ], [ [ 110.530228022802277, -6.8518601860186 ], [ 110.530303030303031, -6.85178517851785 ], [ 110.530303030303031, -6.851860186018606 ], [ 110.530228022802277, -6.8518601860186 ] ], [ [ 110.528127812781278, -6.852010201020092 ], [ 110.528202820282033, -6.851860186018603 ], [ 110.528202820282033, -6.852010201020099 ], [ 110.528127812781278, -6.852010201020092 ] ], [ [ 110.528727872787272, -6.851935193519349 ], [ 110.528802880288026, -6.851860186018595 ], [ 110.528802880288026, -6.851935193519355 ], [ 110.528727872787272, -6.851935193519349 ] ], [ [ 110.527827782778274, -6.852085208520851 ], [ 110.527902790279029, -6.852010201020109 ], [ 110.527902790279029, -6.852085208520855 ], [ 110.527827782778274, -6.852085208520851 ] ], [ [ 110.528652865286531, -6.852085208520846 ], [ 110.528727872787272, -6.852010201020096 ], [ 110.528727872787272, -6.852085208520848 ], [ 110.528652865286531, -6.852085208520846 ] ], [ [ 110.528577857785777, -6.852310231023099 ], [ 110.528652865286531, -6.852085208520846 ], [ 110.528652865286531, -6.852310231023097 ], [ 110.528577857785777, -6.852310231023099 ] ], [ [ 110.522652265226526, -6.852235223522344 ], [ 110.52272727272728, -6.852160216021599 ], [ 110.52272727272728, -6.852235223522346 ], [ 110.522652265226526, -6.852235223522344 ] ], [ [ 110.522427242724291, -6.852460246024599 ], [ 110.523777377737773, -6.853135313531358 ], [ 110.524302430243026, -6.852985298529858 ], [ 110.524902490249019, -6.853135313531348 ], [ 110.522802280228021, -6.854185418541858 ], [ 110.52302730273027, -6.853885388538858 ], [ 110.52302730273027, -6.853435343534348 ], [ 110.522427242724291, -6.852460246024599 ] ], [ [ 110.528502850285022, -6.852535253525344 ], [ 110.528577857785777, -6.852310231023099 ], [ 110.528577857785777, -6.852535253525355 ], [ 110.528502850285022, -6.852535253525344 ] ], [ [ 110.522352235223522, -6.852760276027606 ], [ 110.522427242724291, -6.852685268526845 ], [ 110.522427242724291, -6.852760276027602 ], [ 110.522352235223522, -6.852760276027606 ] ], [ [ 110.524977497749774, -6.853285328532848 ], [ 110.525352535253532, -6.853135313531348 ], [ 110.525502550255027, -6.853285328532857 ], [ 110.524977497749774, -6.853285328532848 ] ], [ [ 110.525127512751268, -6.853435343534354 ], [ 110.525202520252023, -6.853360336033612 ], [ 110.525202520252023, -6.853435343534348 ], [ 110.525127512751268, -6.853435343534354 ] ], [ [ 110.522802280228021, -6.853810381038096 ], [ 110.52295229522953, -6.853735373537356 ], [ 110.52295229522953, -6.85388538853886 ], [ 110.522802280228021, -6.853810381038096 ] ], [ [ 110.51680168016803, -6.858460846084602 ], [ 110.518076807680771, -6.857860786078601 ], [ 110.515676567656769, -6.859435943594361 ], [ 110.51680168016803, -6.858460846084602 ] ], [ [ 110.518151815181511, -6.857710771077111 ], [ 110.518226822682266, -6.857635763576358 ], [ 110.518226822682266, -6.857710771077107 ], [ 110.518151815181511, -6.857710771077111 ] ], [ [ 110.518076807680771, -6.85778577857786 ], [ 110.518151815181511, -6.857710771077111 ], [ 110.518151815181511, -6.857785778577863 ], [ 110.518076807680771, -6.85778577857786 ] ], [ [ 110.518226822682266, -6.858910891089114 ], [ 110.51830183018302, -6.858835883588357 ], [ 110.51830183018302, -6.858910891089114 ], [ 110.518226822682266, -6.858910891089114 ] ], [ [ 110.518751875187519, -6.858985898589859 ], [ 110.518826882688273, -6.858910891089111 ], [ 110.518826882688273, -6.858985898589857 ], [ 110.518751875187519, -6.858985898589859 ] ], [ [ 110.51852685268527, -6.859060906090604 ], [ 110.518676867686764, -6.858985898589867 ], [ 110.518676867686764, -6.859060906090606 ], [ 110.51852685268527, -6.859060906090604 ] ], [ [ 110.515601560156014, -6.859510951095114 ], [ 110.515676567656769, -6.859435943594361 ], [ 110.515676567656769, -6.8595109510951 ], [ 110.515601560156014, -6.859510951095114 ] ], [ [ 110.516576657665766, -6.860036003600356 ], [ 110.516651665166521, -6.859960996099609 ], [ 110.516651665166521, -6.860036003600352 ], [ 110.516576657665766, -6.860036003600356 ] ] ] } },
{ "type": "Feature", "properties": { "year": 2027, "layer": "atrisk" }, "geometry": { "type": "Polygon", "coordinates": [ [ [ 110.522202220222027, -6.860411041104109 ], [ 110.521452145214539, -6.860861086108613 ], [ 110.522202220222027, -6.861461146114612 ], [ 110.522202220222027, -6.860411041104109 ] ] ] } },
{ "type": "Feature", "properties": { "year": 2027, "layer": "atrisk" }, "geometry": { "type": "Polygon", "coordinates": [ [ [ 110.50142514251425, -6.903915391539148 ], [ 110.500150015001495, -6.904515451545151 ], [ 110.50127512751277, -6.905265526552652 ], [ 110.50142514251425, -6.903915391539148 ] ] ] } },
{ "type": "Feature", "properties": { "year": 2027, "layer": "atrisk" }, "geometry": { "type": "Polygon", "coordinates": [ [ [ 110.491299129912989, -6.909990999099905 ], [ 110.490549054905486, -6.911491149114918 ], [ 110.489273927392745, -6.91029102910291 ], [ 110.487398739873996, -6.911641164116406 ], [ 110.487623762376231, -6.912091209120915 ], [ 110.489048904890495, -6.913066306630668 ], [ 110.489798979897984, -6.912466246624658 ], [ 110.489498949894994, -6.913141314131418 ], [ 110.488673867386737, -6.913216321632166 ], [ 110.489423942394239, -6.914116411641172 ], [ 110.491674167416747, -6.911491149114912 ], [ 110.491824182418242, -6.910291029102905 ], [ 110.491374137413757, -6.910516051605163 ], [ 110.491674167416747, -6.909990999099917 ], [ 110.491299129912989, -6.909990999099905 ] ], [ [ 110.491374137413757, -6.910141014101415 ], [ 110.491449144914498, -6.910066006600667 ], [ 110.491449144914498, -6.910141014101407 ], [ 110.491374137413757, -6.910141014101415 ] ], [ [ 110.491224122412248, -6.910291029102917 ], [ 110.491299129912989, -6.910216021602165 ], [ 110.491299129912989, -6.910291029102907 ], [ 110.491224122412248, -6.910291029102917 ] ], [ [ 110.487848784878494, -6.912166216621664 ], [ 110.487923792379235, -6.912091209120917 ], [ 110.487923792379235, -6.912166216621663 ], [ 110.487848784878494, -6.912166216621664 ] ] ] } },
{ "type": "Feature", "properties": { "year": 2027, "layer": "atrisk" }, "geometry": { "type": "Polygon", "coordinates": [ [ [ 110.458745874587464, -6.936018601860192 ], [ 110.457845784578453, -6.936768676867681 ], [ 110.457920792079207, -6.937068706870691 ], [ 110.458370837083706, -6.937068706870691 ], [ 110.458745874587464, -6.936018601860192 ] ] ] } },
{ "type": "Feature", "properties": { "year": 2027, "layer": "atrisk" }, "geometry": { "type": "Polygon", "coordinates": [ [ [ 110.522127212721273, -6.859585958595868 ], [ 110.518226822682266, -6.861686168616859 ], [ 110.519801980198039, -6.861986198619869 ], [ 110.515076507650761, -6.867386738673869 ], [ 110.510426042604266, -6.876237623762381 ], [ 110.510276027602757, -6.87751275127512 ], [ 110.509225922592279, -6.878712871287121 ], [ 110.508700870087011, -6.880063006300624 ], [ 110.478997899789974, -6.918241824182414 ], [ 110.47562256225622, -6.920942094209425 ], [ 110.476072607260733, -6.924167416741672 ], [ 110.470447044704471, -6.925442544254425 ], [ 110.467371737173721, -6.930468046804684 ], [ 110.46482148214821, -6.929717971797172 ], [ 110.461221122112207, -6.932418241824185 ], [ 110.46009600960096, -6.931818181818182 ], [ 110.459870987098711, -6.933318331833183 ], [ 110.458820882088204, -6.932343234323429 ], [ 110.455520552055205, -6.935943594359435 ], [ 110.452970297029708, -6.936318631863181 ], [ 110.452145214521451, -6.935043504350432 ], [ 110.449219921992196, -6.936918691869195 ], [ 110.448394839483953, -6.935418541854187 ], [ 110.445919591959196, -6.936543654365435 ], [ 110.445019501950199, -6.938943894389442 ], [ 110.459120912091208, -6.938868886888683 ], [ 110.457470747074709, -6.936693669366941 ], [ 110.459795979597956, -6.933393339333934 ], [ 110.465496549654972, -6.938943894389435 ], [ 110.463471347134714, -6.935868586858686 ], [ 110.467296729672967, -6.938943894389437 ], [ 110.48004800480048, -6.93879387938794 ], [ 110.48304830483049, -6.938193819381936 ], [ 110.482448244824496, -6.936093609360934 ], [ 110.483423342334234, -6.938118811881191 ], [ 110.484998499849979, -6.937743774377434 ], [ 110.494224422442244, -6.932193219321936 ], [ 110.49227422742274, -6.931518151815174 ], [ 110.484623462346235, -6.927767776777681 ], [ 110.480348034803484, -6.924542454245417 ], [ 110.485523552355232, -6.925967596759678 ], [ 110.485898589858991, -6.928217821782186 ], [ 110.492949294929488, -6.931593159315926 ], [ 110.493999399940009, -6.931818181818182 ], [ 110.494899489948992, -6.931518151815187 ], [ 110.500750075007502, -6.920642064206421 ], [ 110.50142514251425, -6.906315631563159 ], [ 110.500150015001495, -6.90556555655566 ], [ 110.498949894989508, -6.905715571557153 ], [ 110.500225022502249, -6.905865586558661 ], [ 110.499624962496256, -6.906765676567658 ], [ 110.498049804980496, -6.90616561656165 ], [ 110.495874587458744, -6.904365436543654 ], [ 110.496699669967001, -6.904365436543654 ], [ 110.4983498349835, -6.90571557155716 ], [ 110.498874887488753, -6.905715571557154 ], [ 110.496699669967001, -6.904215421542148 ], [ 110.494299429942998, -6.903840384038402 ], [ 110.494149414941489, -6.902790279027906 ], [ 110.498724872487244, -6.904590459045896 ], [ 110.50142514251425, -6.902490249024908 ], [ 110.499324932493252, -6.900540054005394 ], [ 110.5, -6.899189918991892 ], [ 110.50142514251425, -6.899714971497152 ], [ 110.50142514251425, -6.896939693969404 ], [ 110.509825982598258, -6.894239423942401 ], [ 110.505175517551748, -6.890489048904887 ], [ 110.509825982598258, -6.893414341434148 ], [ 110.511701170117007, -6.891914191419149 ], [ 110.510876087608779, -6.893564356435638 ], [ 110.514926492649266, -6.890564056405639 ], [ 110.517251725172514, -6.887863786378631 ], [ 110.51350135013503, -6.884938493849387 ], [ 110.514326432643259, -6.88403840384039 ], [ 110.51680168016803, -6.886738673867379 ], [ 110.518151815181511, -6.886738673867383 ], [ 110.520402040204019, -6.882313231323137 ], [ 110.517926792679262, -6.875187518751878 ], [ 110.51680168016803, -6.873012301230114 ], [ 110.515751575157509, -6.873462346234626 ], [ 110.51350135013503, -6.875262526252624 ], [ 110.512976297629763, -6.875112511251132 ], [ 110.514026402640269, -6.87406240624062 ], [ 110.514326432643259, -6.87436243624362 ], [ 110.516426642664271, -6.872712271227127 ], [ 110.514851485148512, -6.870687068706869 ], [ 110.51515151515153, -6.870162016201618 ], [ 110.515826582658264, -6.871287128712869 ], [ 110.518076807680771, -6.873162316231627 ], [ 110.519126912691263, -6.877062706270622 ], [ 110.521002100210026, -6.880738073807378 ], [ 110.522277227722768, -6.862286228622869 ], [ 110.522202220222027, -6.861986198619866 ], [ 110.521002100210026, -6.860711071107119 ], [ 110.522127212721273, -6.859585958595868 ] ], [ [ 110.520927092709272, -6.860711071107114 ], [ 110.521002100210026, -6.860636063606353 ], [ 110.521002100210026, -6.860711071107119 ], [ 110.520927092709272, -6.860711071107114 ] ], [ [ 110.521677167716774, -6.861686168616857 ], [ 110.521752175217529, -6.861611161116111 ], [ 110.521752175217529, -6.861686168616856 ], [ 110.521677167716774, -6.861686168616857 ] ], [ [ 110.518751875187519, -6.864086408640864 ], [ 110.518826882688273, -6.86401140114011 ], [ 110.518826882688273, -6.864086408640866 ], [ 110.518751875187519, -6.864086408640864 ] ], [ [ 110.518826882688273, -6.864161416141609 ], [ 110.518901890189014, -6.864086408640865 ], [ 110.518901890189014, -6.864161416141605 ], [ 110.518826882688273, -6.864161416141609 ] ], [ [ 110.515976597659773, -6.866861686168612 ], [ 110.516051605160513, -6.866786678667859 ], [ 110.516051605160513, -6.866861686168624 ], [ 110.515976597659773, -6.866861686168612 ] ], [ [ 110.516126612661267, -6.866936693669365 ], [ 110.516351635163517, -6.867011701170116 ], [ 110.516201620162022, -6.867086708670867 ], [ 110.516126612661267, -6.866936693669365 ] ], [ [ 110.515901590159018, -6.86693669366937 ], [ 110.515976597659773, -6.866861686168612 ], [ 110.515976597659773, -6.86693669366936 ], [ 110.515901590159018, -6.86693669366937 ] ], [ [ 110.515901590159018, -6.871212121212116 ], [ 110.516276627662762, -6.871287128712867 ], [ 110.516351635163517, -6.87151215121512 ], [ 110.515901590159018, -6.871212121212116 ] ], [ [ 110.516351635163517, -6.871587158715869 ], [ 110.516426642664271, -6.87151215121512 ], [ 110.516426642664271, -6.87158715871587 ], [ 110.516351635163517, -6.871587158715869 ] ], [ [ 110.516426642664271, -6.871662166216624 ], [ 110.516501650165011, -6.871587158715871 ], [ 110.516501650165011, -6.871662166216627 ], [ 110.516426642664271, -6.871662166216624 ] ], [ [ 110.513201320132012, -6.873237323732373 ], [ 110.514326432643259, -6.872712271227118 ], [ 110.513126312631258, -6.874362436243629 ], [ 110.513201320132012, -6.873237323732373 ] ], [ [ 110.51530153015301, -6.873462346234615 ], [ 110.515376537653765, -6.873387338733865 ], [ 110.515376537653765, -6.873462346234628 ], [ 110.51530153015301, -6.873462346234615 ] ], [ [ 110.51515151515153, -6.873537353735366 ], [ 110.51530153015301, -6.873462346234615 ], [ 110.51530153015301, -6.873537353735376 ], [ 110.51515151515153, -6.873537353735366 ] ], [ [ 110.515676567656769, -6.873762376237625 ], [ 110.515751575157509, -6.873687368736879 ], [ 110.515751575157509, -6.873762376237621 ], [ 110.515676567656769, -6.873762376237625 ] ], [ [ 110.517776777677767, -6.875412541254117 ], [ 110.517851785178522, -6.87526252625262 ], [ 110.517851785178522, -6.875412541254129 ], [ 110.517776777677767, -6.875412541254117 ] ], [ [ 110.518826882688273, -6.875412541254127 ], [ 110.518901890189014, -6.875262526252622 ], [ 110.518901890189014, -6.875412541254123 ], [ 110.518826882688273, -6.875412541254127 ] ], [ [ 110.510726072607255, -6.876387638763873 ], [ 110.511251125112508, -6.875637563756372 ], [ 110.511551155115512, -6.876237623762384 ], [ 110.510726072607255, -6.876387638763873 ] ], [ [ 110.510651065106515, -6.876462646264618 ], [ 110.510726072607255, -6.876387638763873 ], [ 110.510726072607255, -6.876462646264628 ], [ 110.510651065106515, -6.876462646264618 ] ], [ [ 110.511701170117007, -6.879087908790882 ], [ 110.511926192619256, -6.878937893789381 ], [ 110.511926192619256, -6.879087908790875 ], [ 110.511701170117007, -6.879087908790882 ] ], [ [ 110.511626162616267, -6.879162916291627 ], [ 110.511701170117007, -6.879087908790882 ], [ 110.511701170117007, -6.879162916291632 ], [ 110.511626162616267, -6.879162916291627 ] ], [ [ 110.509225922592279, -6.879162916291635 ], [ 110.509825982598258, -6.880813081308129 ], [ 110.51050105010502, -6.880138013801378 ], [ 110.510951095109505, -6.880213021302129 ], [ 110.510651065106515, -6.881863186318625 ], [ 110.509525952595268, -6.881488148814881 ], [ 110.509600960096009, -6.883213321332139 ], [ 110.508775877587752, -6.883513351335135 ], [ 110.509225922592279, -6.879162916291635 ] ], [ [ 110.511551155115512, -6.879237923792379 ], [ 110.511626162616267, -6.879162916291627 ], [ 110.511626162616267, -6.879237923792371 ], [ 110.511551155115512, -6.879237923792379 ] ], [ [ 110.511401140114017, -6.879462946294634 ], [ 110.511551155115512, -6.879237923792379 ], [ 110.511476147614758, -6.87946294629463 ], [ 110.511401140114017, -6.879462946294634 ] ], [ [ 110.511251125112508, -6.879837983798377 ], [ 110.512076207620765, -6.879387938793871 ], [ 110.511251125112508, -6.879912991299131 ], [ 110.511251125112508, -6.879837983798377 ] ], [ [ 110.511326132613263, -6.879537953795374 ], [ 110.511401140114017, -6.879462946294634 ], [ 110.511401140114017, -6.879537953795375 ], [ 110.511326132613263, -6.879537953795374 ] ], [ [ 110.510876087608779, -6.879912991299137 ], [ 110.511251125112508, -6.879612961296136 ], [ 110.511026102610259, -6.879912991299138 ], [ 110.510876087608779, -6.879912991299137 ] ], [ [ 110.511251125112508, -6.879612961296136 ], [ 110.511326132613263, -6.879537953795374 ], [ 110.511326132613263, -6.879612961296126 ], [ 110.511251125112508, -6.879612961296136 ] ], [ [ 110.510351035103511, -6.880063006300623 ], [ 110.51050105010502, -6.880063006300625 ], [ 110.510126012601262, -6.880288028802874 ], [ 110.510351035103511, -6.880063006300623 ] ], [ [ 110.511176117611768, -6.879987998799882 ], [ 110.511251125112508, -6.879912991299131 ], [ 110.511251125112508, -6.879987998799887 ], [ 110.511176117611768, -6.879987998799882 ] ], [ [ 110.510951095109505, -6.880063006300635 ], [ 110.511176117611768, -6.880138013801384 ], [ 110.510951095109505, -6.880138013801389 ], [ 110.510951095109505, -6.880063006300635 ] ], [ [ 110.510201020102031, -6.880363036303632 ], [ 110.510276027602757, -6.880288028802878 ], [ 110.510276027602757, -6.880363036303623 ], [ 110.510201020102031, -6.880363036303632 ] ], [ [ 110.509750975097504, -6.881938193819372 ], [ 110.509900990099013, -6.881788178817879 ], [ 110.509825982598258, -6.88193819381938 ], [ 110.509750975097504, -6.881938193819372 ] ], [ [ 110.510426042604266, -6.881938193819386 ], [ 110.51050105010502, -6.881863186318634 ], [ 110.51050105010502, -6.881938193819377 ], [ 110.510426042604266, -6.881938193819386 ] ], [ [ 110.509600960096009, -6.882013201320124 ], [ 110.509750975097504, -6.882088208820875 ], [ 110.509600960096009, -6.882088208820877 ], [ 110.509600960096009, -6.882013201320124 ] ], [ [ 110.509975997599753, -6.885763576357636 ], [ 110.509675967596763, -6.884563456345634 ], [ 110.510876087608779, -6.886138613861386 ], [ 110.509975997599753, -6.885763576357636 ] ], [ [ 110.515676567656769, -6.885013501350128 ], [ 110.515751575157509, -6.884938493849392 ], [ 110.515751575157509, -6.885013501350133 ], [ 110.515676567656769, -6.885013501350128 ] ], [ [ 110.506300630063009, -6.886363636363636 ], [ 110.509225922592279, -6.885313531353143 ], [ 110.509600960096009, -6.885838583858392 ], [ 110.506300630063009, -6.886363636363636 ] ], [ [ 110.511401140114017, -6.885388538853893 ], [ 110.511476147614758, -6.885163516351639 ], [ 110.511476147614758, -6.885388538853888 ], [ 110.511401140114017, -6.885388538853893 ] ], [ [ 110.510876087608779, -6.885538553855389 ], [ 110.510951095109505, -6.885388538853888 ], [ 110.510951095109505, -6.885538553855379 ], [ 110.510876087608779, -6.885538553855389 ] ], [ [ 110.511326132613263, -6.885463546354639 ], [ 110.511401140114017, -6.885388538853893 ], [ 110.511401140114017, -6.885463546354632 ], [ 110.511326132613263, -6.885463546354639 ] ], [ [ 110.511251125112508, -6.885538553855379 ], [ 110.511326132613263, -6.885463546354639 ], [ 110.511326132613263, -6.885538553855388 ], [ 110.511251125112508, -6.885538553855379 ] ], [ [ 110.510951095109505, -6.885613561356131 ], [ 110.511101110111014, -6.885538553855392 ], [ 110.511101110111014, -6.88561356135613 ], [ 110.510951095109505, -6.885613561356131 ] ], [ [ 110.511176117611768, -6.885613561356144 ], [ 110.511251125112508, -6.885538553855379 ], [ 110.511251125112508, -6.885613561356137 ], [ 110.511176117611768, -6.885613561356144 ] ], [ [ 110.511101110111014, -6.885688568856888 ], [ 110.511176117611768, -6.885613561356144 ], [ 110.511176117611768, -6.88568856885688 ], [ 110.511101110111014, -6.885688568856888 ] ], [ [ 110.511026102610259, -6.885763576357639 ], [ 110.511101110111014, -6.885688568856888 ], [ 110.511101110111014, -6.88576357635763 ], [ 110.511026102610259, -6.885763576357639 ] ], [ [ 110.509675967596763, -6.885913591359132 ], [ 110.509750975097504, -6.88583858385839 ], [ 110.509750975097504, -6.885913591359131 ], [ 110.509675967596763, -6.885913591359132 ] ], [ [ 110.51050105010502, -6.886138613861384 ], [ 110.510576057605761, -6.886063606360629 ], [ 110.510576057605761, -6.886138613861395 ], [ 110.51050105010502, -6.886138613861384 ] ], [ [ 110.51357635763577, -6.888313831383139 ], [ 110.513651365136511, -6.88823882388239 ], [ 110.513651365136511, -6.888313831383145 ], [ 110.51357635763577, -6.888313831383139 ] ], [ [ 110.513426342634261, -6.888388838883882 ], [ 110.51350135013503, -6.88831383138314 ], [ 110.51350135013503, -6.888388838883883 ], [ 110.513426342634261, -6.888388838883882 ] ], [ [ 110.51350135013503, -6.888463846384647 ], [ 110.51357635763577, -6.888388838883889 ], [ 110.51357635763577, -6.888463846384642 ], [ 110.51350135013503, -6.888463846384647 ] ], [ [ 110.51357635763577, -6.888538853885382 ], [ 110.513651365136511, -6.888463846384645 ], [ 110.513651365136511, -6.88853885388539 ], [ 110.51357635763577, -6.888538853885382 ] ], [ [ 110.51380138013802, -6.88853885388539 ], [ 110.51387638763876, -6.888463846384636 ], [ 110.51387638763876, -6.888538853885382 ], [ 110.51380138013802, -6.88853885388539 ] ], [ [ 110.514101410141009, -6.889288928892896 ], [ 110.513951395139514, -6.888613861386135 ], [ 110.514401440144013, -6.889138913891395 ], [ 110.514101410141009, -6.889288928892896 ] ], [ [ 110.514101410141009, -6.888763876387634 ], [ 110.514176417641764, -6.888688868886887 ], [ 110.514176417641764, -6.888763876387648 ], [ 110.514101410141009, -6.888763876387634 ] ], [ [ 110.514476447644768, -6.889513951395132 ], [ 110.514626462646262, -6.889288928892888 ], [ 110.514851485148512, -6.889663966396636 ], [ 110.514476447644768, -6.889513951395132 ] ], [ [ 110.514176417641764, -6.889438943894399 ], [ 110.514251425142518, -6.889288928892888 ], [ 110.514251425142518, -6.889438943894382 ], [ 110.514176417641764, -6.889438943894399 ] ], [ [ 110.514251425142518, -6.88951395139514 ], [ 110.514326432643259, -6.889438943894388 ], [ 110.514326432643259, -6.889513951395135 ], [ 110.514251425142518, -6.88951395139514 ] ], [ [ 110.514326432643259, -6.889588958895885 ], [ 110.514401440144013, -6.889513951395132 ], [ 110.514401440144013, -6.889588958895889 ], [ 110.514326432643259, -6.889588958895885 ] ], [ [ 110.514401440144013, -6.889663966396647 ], [ 110.514476447644768, -6.889588958895892 ], [ 110.514476447644768, -6.88966396639664 ], [ 110.514401440144013, -6.889663966396647 ] ], [ [ 110.514626462646262, -6.889888988898891 ], [ 110.514776477647771, -6.889738973897391 ], [ 110.515076507650761, -6.890039003900394 ], [ 110.514626462646262, -6.889888988898891 ] ], [ [ 110.514926492649266, -6.889813981398142 ], [ 110.515001500150021, -6.889663966396642 ], [ 110.515076507650761, -6.889813981398135 ], [ 110.514926492649266, -6.889813981398142 ] ], [ [ 110.515076507650761, -6.889888988898893 ], [ 110.51515151515153, -6.889813981398139 ], [ 110.51515151515153, -6.889888988898881 ], [ 110.515076507650761, -6.889888988898893 ] ], [ [ 110.50637563756375, -6.890189018901885 ], [ 110.506450645064504, -6.890114011401141 ], [ 110.506450645064504, -6.890189018901897 ], [ 110.50637563756375, -6.890189018901885 ] ], [ [ 110.508325832583253, -6.891839183918396 ], [ 110.508400840084008, -6.891764176417637 ], [ 110.508400840084008, -6.891839183918396 ], [ 110.508325832583253, -6.891839183918396 ] ], [ [ 110.50915091509151, -6.892364236423635 ], [ 110.509225922592279, -6.892289228922901 ], [ 110.509225922592279, -6.89236423642365 ], [ 110.50915091509151, -6.892364236423635 ] ], [ [ 110.509300930093005, -6.892439243924398 ], [ 110.509375937593759, -6.892364236423644 ], [ 110.509375937593759, -6.892439243924391 ], [ 110.509300930093005, -6.892439243924398 ] ], [ [ 110.509375937593759, -6.892514251425141 ], [ 110.509450945094514, -6.8924392439244 ], [ 110.509450945094514, -6.892514251425146 ], [ 110.509375937593759, -6.892514251425141 ] ], [ [ 110.509750975097504, -6.892739273927401 ], [ 110.509900990099013, -6.892664266426647 ], [ 110.509900990099013, -6.892739273927394 ], [ 110.509750975097504, -6.892739273927401 ] ], [ [ 110.509900990099013, -6.892814281428143 ], [ 110.509975997599753, -6.892739273927397 ], [ 110.509975997599753, -6.892814281428143 ], [ 110.509900990099013, -6.892814281428143 ] ], [ [ 110.504875487548759, -6.894689468946887 ], [ 110.504275427542751, -6.893414341434142 ], [ 110.505250525052517, -6.894464446444643 ], [ 110.504875487548759, -6.894689468946887 ] ], [ [ 110.502550255025497, -6.895739573957405 ], [ 110.502775277527746, -6.895514551455153 ], [ 110.502700270027006, -6.895814581458144 ], [ 110.502550255025497, -6.895739573957405 ] ], [ [ 110.499549954995501, -6.898664866486651 ], [ 110.500300030003018, -6.898664866486646 ], [ 110.500300030003018, -6.899039903990398 ], [ 110.499549954995501, -6.898664866486651 ] ], [ [ 110.500300030003018, -6.899114911491143 ], [ 110.500450045004499, -6.899039903990404 ], [ 110.500450045004499, -6.899114911491156 ], [ 110.500300030003018, -6.899114911491143 ] ], [ [ 110.498424842484255, -6.900315031503148 ], [ 110.498724872487244, -6.900015001500154 ], [ 110.498949894989508, -6.900315031503158 ], [ 110.498424842484255, -6.900315031503148 ] ], [ [ 110.49557455745574, -6.904215421542149 ], [ 110.495649564956508, -6.904140414041404 ], [ 110.495649564956508, -6.904215421542154 ], [ 110.49557455745574, -6.904215421542149 ] ], [ [ 110.500300030003018, -6.906090609060905 ], [ 110.500525052505253, -6.906015601560155 ], [ 110.500450045004499, -6.906165616561648 ], [ 110.500300030003018, -6.906090609060905 ] ], [ [ 110.500300030003018, -6.906240624062403 ], [ 110.500375037503744, -6.906165616561654 ], [ 110.500375037503744, -6.906240624062398 ], [ 110.500300030003018, -6.906240624062403 ] ], [ [ 110.500450045004499, -6.906390639063907 ], [ 110.501050105010506, -6.906315631563156 ], [ 110.500900090008997, -6.906615661566165 ], [ 110.500450045004499, -6.906390639063907 ] ], [ [ 110.501050105010506, -6.906615661566158 ], [ 110.501350135013496, -6.906465646564663 ], [ 110.501200120012001, -6.906765676567658 ], [ 110.501050105010506, -6.906615661566158 ] ], [ [ 110.492949294929488, -6.906840684068404 ], [ 110.493024302430257, -6.906615661566166 ], [ 110.493174317431738, -6.906840684068409 ], [ 110.492949294929488, -6.906840684068404 ] ], [ [ 110.493324332433247, -6.906915691569161 ], [ 110.49692469246925, -6.908490849084914 ], [ 110.497149714971499, -6.9099909990999 ], [ 110.495199519951996, -6.909240924092409 ], [ 110.493324332433247, -6.906915691569161 ] ], [ [ 110.490249024902496, -6.908415841584151 ], [ 110.495874587458744, -6.912766276627655 ], [ 110.49227422742274, -6.910816081608157 ], [ 110.490399039903991, -6.915841584158422 ], [ 110.485673567356741, -6.914791479147917 ], [ 110.48612361236124, -6.911491149114906 ], [ 110.488373837383747, -6.909315931593162 ], [ 110.490399039903991, -6.910066006600656 ], [ 110.490249024902496, -6.908415841584151 ] ], [ [ 110.497224722472254, -6.909615961596155 ], [ 110.497299729973008, -6.909540954095416 ], [ 110.497299729973008, -6.909615961596153 ], [ 110.497224722472254, -6.909615961596155 ] ], [ [ 110.494599459945988, -6.909765976597654 ], [ 110.495799579957989, -6.910066006600668 ], [ 110.495799579957989, -6.910216021602166 ], [ 110.49534953495349, -6.910666066606668 ], [ 110.494599459945988, -6.909765976597654 ] ], [ [ 110.496324632463256, -6.909840984098402 ], [ 110.496399639963997, -6.909765976597653 ], [ 110.496399639963997, -6.909840984098409 ], [ 110.496324632463256, -6.909840984098402 ] ], [ [ 110.495799579957989, -6.910066006600668 ], [ 110.495874587458744, -6.909990999099906 ], [ 110.495874587458744, -6.910066006600654 ], [ 110.495799579957989, -6.910066006600668 ] ], [ [ 110.494824482448252, -6.911716171617167 ], [ 110.494899489948992, -6.911641164116406 ], [ 110.494899489948992, -6.911716171617162 ], [ 110.494824482448252, -6.911716171617167 ] ], [ [ 110.496699669967001, -6.912016201620166 ], [ 110.497449744974503, -6.91186618661867 ], [ 110.497374737473748, -6.912316231623157 ], [ 110.496699669967001, -6.912016201620166 ] ], [ [ 110.491524152415238, -6.91284128412841 ], [ 110.491674167416747, -6.912916291629171 ], [ 110.491524152415238, -6.912916291629172 ], [ 110.491524152415238, -6.91284128412841 ] ], [ [ 110.495949594959498, -6.912841284128415 ], [ 110.496024602460267, -6.912766276627668 ], [ 110.496024602460267, -6.912841284128414 ], [ 110.495949594959498, -6.912841284128415 ] ], [ [ 110.495649564956508, -6.913516351635164 ], [ 110.496099609960993, -6.913066306630669 ], [ 110.495949594959498, -6.913666366636655 ], [ 110.495649564956508, -6.913516351635164 ] ], [ [ 110.497674767476752, -6.913066306630661 ], [ 110.497824782478247, -6.912991299129909 ], [ 110.497899789979002, -6.913216321632163 ], [ 110.497674767476752, -6.913066306630661 ] ], [ [ 110.497524752475243, -6.913516351635162 ], [ 110.497674767476752, -6.913441344134413 ], [ 110.497674767476752, -6.913591359135918 ], [ 110.497524752475243, -6.913516351635162 ] ], [ [ 110.4983498349835, -6.913591359135919 ], [ 110.499849984998505, -6.914491449144911 ], [ 110.499924992499245, -6.91501650165016 ], [ 110.498949894989508, -6.914566456645664 ], [ 110.4983498349835, -6.913591359135919 ] ], [ [ 110.497674767476752, -6.913966396639657 ], [ 110.499624962496256, -6.914941494149422 ], [ 110.499924992499245, -6.91554155415541 ], [ 110.49857485748575, -6.914941494149415 ], [ 110.497674767476752, -6.913966396639657 ] ], [ [ 110.495874587458744, -6.914191419141906 ], [ 110.495949594959498, -6.914116411641166 ], [ 110.495949594959498, -6.914191419141913 ], [ 110.495874587458744, -6.914191419141906 ] ], [ [ 110.495724572457249, -6.914266426642663 ], [ 110.495799579957989, -6.914191419141915 ], [ 110.495799579957989, -6.914266426642661 ], [ 110.495724572457249, -6.914266426642663 ] ], [ [ 110.496099609960993, -6.914566456645666 ], [ 110.496474647464751, -6.914566456645672 ], [ 110.496474647464751, -6.914641464146409 ], [ 110.496099609960993, -6.914566456645666 ] ], [ [ 110.496474647464751, -6.914716471647165 ], [ 110.496549654965492, -6.914641464146407 ], [ 110.496549654965492, -6.914716471647165 ], [ 110.496474647464751, -6.914716471647165 ] ], [ [ 110.496549654965492, -6.915391539153916 ], [ 110.496774677467741, -6.915016501650165 ], [ 110.496774677467741, -6.91531653165317 ], [ 110.496549654965492, -6.915391539153916 ] ], [ [ 110.496624662466246, -6.914791479147921 ], [ 110.496699669967001, -6.91471647164717 ], [ 110.496699669967001, -6.914791479147914 ], [ 110.496624662466246, -6.914791479147921 ] ], [ [ 110.481848184818489, -6.91614161416142 ], [ 110.484098409840996, -6.917191719171913 ], [ 110.483948394839487, -6.918016801680176 ], [ 110.481848184818489, -6.91614161416142 ] ], [ [ 110.491224122412248, -6.915766576657663 ], [ 110.491599159915992, -6.915541554155419 ], [ 110.491674167416747, -6.915841584158416 ], [ 110.491224122412248, -6.915766576657663 ] ], [ [ 110.496549654965492, -6.915616561656169 ], [ 110.496699669967001, -6.915766576657665 ], [ 110.496549654965492, -6.915766576657668 ], [ 110.496549654965492, -6.915616561656169 ] ], [ [ 110.49084908490849, -6.91561656165617 ], [ 110.491899189918996, -6.916816681668164 ], [ 110.493249324932492, -6.915841584158422 ], [ 110.4938493849385, -6.916516651665163 ], [ 110.493399339933987, -6.917191719171921 ], [ 110.49362436243625, -6.918016801680163 ], [ 110.49227422742274, -6.916966696669669 ], [ 110.492799279927993, -6.918166816681667 ], [ 110.490024002400247, -6.916816681668172 ], [ 110.49084908490849, -6.91561656165617 ] ], [ [ 110.489648964896489, -6.916291629162918 ], [ 110.490024002400247, -6.91576657665766 ], [ 110.490174017401742, -6.91614161416142 ], [ 110.489648964896489, -6.916291629162918 ] ], [ [ 110.496849684968495, -6.916066606660671 ], [ 110.49692469246925, -6.915991599159912 ], [ 110.49692469246925, -6.916066606660658 ], [ 110.496849684968495, -6.916066606660671 ] ], [ [ 110.49692469246925, -6.916141614161423 ], [ 110.49699969996999, -6.916066606660672 ], [ 110.49699969996999, -6.916141614161418 ], [ 110.49692469246925, -6.916141614161423 ] ], [ [ 110.488223822382238, -6.916891689168915 ], [ 110.489048904890495, -6.91636663666367 ], [ 110.489348934893485, -6.917341734173414 ], [ 110.488223822382238, -6.916891689168915 ] ], [ [ 110.489498949894994, -6.916291629162918 ], [ 110.489573957395734, -6.916216621662171 ], [ 110.489573957395734, -6.916291629162921 ], [ 110.489498949894994, -6.916291629162918 ] ], [ [ 110.497374737473748, -6.916291629162917 ], [ 110.497449744974503, -6.91621662166217 ], [ 110.497449744974503, -6.916291629162921 ], [ 110.497374737473748, -6.916291629162917 ] ], [ [ 110.497449744974503, -6.916366636663675 ], [ 110.497674767476752, -6.916216621662162 ], [ 110.497824782478247, -6.916441644164423 ], [ 110.497449744974503, -6.916366636663675 ] ], [ [ 110.493774377437745, -6.916366636663673 ], [ 110.4938493849385, -6.916291629162909 ], [ 110.4938493849385, -6.916366636663659 ], [ 110.493774377437745, -6.916366636663673 ] ], [ [ 110.497899789979002, -6.916516651665167 ], [ 110.497974797479742, -6.916441644164418 ], [ 110.497974797479742, -6.916516651665167 ], [ 110.497899789979002, -6.916516651665167 ] ], [ [ 110.489648964896489, -6.917191719171912 ], [ 110.490099009900987, -6.917116711671169 ], [ 110.489648964896489, -6.917491749174923 ], [ 110.489648964896489, -6.917191719171912 ] ], [ [ 110.493474347434741, -6.917341734173417 ], [ 110.493549354935496, -6.917266726672659 ], [ 110.493549354935496, -6.91734173417341 ], [ 110.493474347434741, -6.917341734173417 ] ], [ [ 110.489573957395734, -6.917566756675659 ], [ 110.489648964896489, -6.917491749174923 ], [ 110.489648964896489, -6.917566756675668 ], [ 110.489573957395734, -6.917566756675659 ] ], [ [ 110.492724272427239, -6.917566756675664 ], [ 110.492799279927993, -6.91749174917491 ], [ 110.492799279927993, -6.91756675667567 ], [ 110.492724272427239, -6.917566756675664 ] ], [ [ 110.491599159915992, -6.91854185418542 ], [ 110.491674167416747, -6.91846684668467 ], [ 110.491674167416747, -6.918541854185415 ], [ 110.491599159915992, -6.91854185418542 ] ], [ [ 110.491524152415238, -6.918616861686177 ], [ 110.491599159915992, -6.91854185418542 ], [ 110.491599159915992, -6.918616861686174 ], [ 110.491524152415238, -6.918616861686177 ] ], [ [ 110.491149114911494, -6.918916891689173 ], [ 110.491524152415238, -6.919141914191417 ], [ 110.490774077407735, -6.919141914191421 ], [ 110.491149114911494, -6.918916891689173 ] ], [ [ 110.494599459945988, -6.921617161716168 ], [ 110.494974497449746, -6.921542154215429 ], [ 110.494824482448252, -6.921767176717678 ], [ 110.494599459945988, -6.921617161716168 ] ], [ [ 110.486723672367248, -6.922442244224415 ], [ 110.487998799879989, -6.922742274227429 ], [ 110.488448844884488, -6.922517251725168 ], [ 110.488598859885983, -6.922667266726676 ], [ 110.488448844884488, -6.922967296729671 ], [ 110.488598859885983, -6.92341734173417 ], [ 110.489798979897984, -6.924242424242417 ], [ 110.489648964896489, -6.924617461746165 ], [ 110.488673867386737, -6.923867386738666 ], [ 110.488298829882993, -6.922967296729669 ], [ 110.486723672367248, -6.922442244224415 ] ], [ [ 110.494449444944493, -6.921992199219928 ], [ 110.494599459945988, -6.921917191719178 ], [ 110.494599459945988, -6.921992199219932 ], [ 110.494449444944493, -6.921992199219928 ] ], [ [ 110.494599459945988, -6.922142214221425 ], [ 110.494674467446757, -6.922067206720675 ], [ 110.494674467446757, -6.922142214221418 ], [ 110.494599459945988, -6.922142214221425 ] ], [ [ 110.488298829882993, -6.922217221722174 ], [ 110.488373837383747, -6.922142214221415 ], [ 110.488373837383747, -6.922217221722162 ], [ 110.488298829882993, -6.922217221722174 ] ], [ [ 110.495424542454245, -6.922892289228929 ], [ 110.495724572457249, -6.922592259225913 ], [ 110.496024602460267, -6.923042304230421 ], [ 110.495424542454245, -6.922892289228929 ] ], [ [ 110.487098709871006, -6.923117311731169 ], [ 110.487173717371732, -6.923042304230427 ], [ 110.487173717371732, -6.923117311731164 ], [ 110.487098709871006, -6.923117311731169 ] ], [ [ 110.488523852385242, -6.923117311731162 ], [ 110.488598859885983, -6.923042304230427 ], [ 110.488598859885983, -6.923117311731172 ], [ 110.488523852385242, -6.923117311731162 ] ], [ [ 110.487023702370237, -6.92364236423642 ], [ 110.487623762376231, -6.923717371737172 ], [ 110.486948694869483, -6.923942394239423 ], [ 110.487023702370237, -6.92364236423642 ] ], [ [ 110.487923792379235, -6.92349234923492 ], [ 110.488223822382238, -6.923492349234918 ], [ 110.487998799879989, -6.923717371737173 ], [ 110.487923792379235, -6.92349234923492 ] ], [ [ 110.488223822382238, -6.924092409240918 ], [ 110.488448844884488, -6.923792379237915 ], [ 110.488448844884488, -6.924167416741668 ], [ 110.488223822382238, -6.924092409240918 ] ], [ [ 110.477947794779482, -6.92394239423943 ], [ 110.478172817281745, -6.923792379237923 ], [ 110.478322832283226, -6.923942394239421 ], [ 110.477947794779482, -6.92394239423943 ] ], [ [ 110.478322832283226, -6.924017401740169 ], [ 110.47839783978398, -6.923942394239427 ], [ 110.47839783978398, -6.924017401740172 ], [ 110.478322832283226, -6.924017401740169 ] ], [ [ 110.487023702370237, -6.92401740174018 ], [ 110.487098709871006, -6.923942394239416 ], [ 110.487098709871006, -6.924017401740174 ], [ 110.487023702370237, -6.92401740174018 ] ], [ [ 110.47839783978398, -6.924692469246931 ], [ 110.484623462346235, -6.928142814281425 ], [ 110.490549054905486, -6.930993099309933 ], [ 110.483873387338733, -6.928967896789684 ], [ 110.483423342334234, -6.928367836783673 ], [ 110.482823282328226, -6.928292829282936 ], [ 110.482448244824496, -6.92761776177618 ], [ 110.48147314731473, -6.927392739273921 ], [ 110.481323132313236, -6.926417641764168 ], [ 110.47839783978398, -6.924692469246931 ] ], [ [ 110.488673867386737, -6.924092409240924 ], [ 110.488748874887492, -6.924017401740181 ], [ 110.488748874887492, -6.924092409240927 ], [ 110.488673867386737, -6.924092409240924 ] ], [ [ 110.488598859885983, -6.92416741674167 ], [ 110.488673867386737, -6.924092409240924 ], [ 110.488673867386737, -6.924167416741674 ], [ 110.488598859885983, -6.92416741674167 ] ], [ [ 110.488523852385242, -6.92424242424242 ], [ 110.488598859885983, -6.92416741674167 ], [ 110.488598859885983, -6.924242424242425 ], [ 110.488523852385242, -6.92424242424242 ] ], [ [ 110.488598859885983, -6.924392439243923 ], [ 110.489123912391236, -6.924392439243928 ], [ 110.489123912391236, -6.924767476747674 ], [ 110.488598859885983, -6.924392439243923 ] ], [ [ 110.489723972397258, -6.924767476747671 ], [ 110.490024002400247, -6.92454245424542 ], [ 110.489948994899493, -6.924767476747669 ], [ 110.489723972397258, -6.924767476747671 ] ], [ [ 110.489273927392745, -6.924767476747671 ], [ 110.489423942394239, -6.924617461746173 ], [ 110.489348934893485, -6.92476747674768 ], [ 110.489273927392745, -6.924767476747671 ] ], [ [ 110.489348934893485, -6.925142514251429 ], [ 110.489948994899493, -6.92499249924993 ], [ 110.489798979897984, -6.925292529252919 ], [ 110.489348934893485, -6.925142514251429 ] ], [ [ 110.490024002400247, -6.924992499249917 ], [ 110.490099009900987, -6.924842484248424 ], [ 110.490174017401742, -6.924992499249925 ], [ 110.490024002400247, -6.924992499249917 ] ], [ [ 110.490174017401742, -6.925142514251428 ], [ 110.490549054905486, -6.924992499249917 ], [ 110.490399039903991, -6.925217521752177 ], [ 110.490174017401742, -6.925142514251428 ] ], [ [ 110.490624062406241, -6.925067506750675 ], [ 110.490774077407735, -6.925142514251425 ], [ 110.490624062406241, -6.925367536753678 ], [ 110.490624062406241, -6.925067506750675 ] ], [ [ 110.489873987398738, -6.925367536753684 ], [ 110.490249024902496, -6.925217521752181 ], [ 110.490249024902496, -6.925367536753668 ], [ 110.489873987398738, -6.925367536753684 ] ], [ [ 110.490699069906995, -6.925442544254421 ], [ 110.491299129912989, -6.925292529252934 ], [ 110.491374137413757, -6.925592559255933 ], [ 110.490699069906995, -6.925442544254421 ] ], [ [ 110.490324032403237, -6.925517551755173 ], [ 110.490399039903991, -6.925442544254427 ], [ 110.490399039903991, -6.92551755175518 ], [ 110.490324032403237, -6.925517551755173 ] ], [ [ 110.490474047404746, -6.925817581758173 ], [ 110.49084908490849, -6.925592559255919 ], [ 110.491074107410739, -6.926042604260418 ], [ 110.490474047404746, -6.925817581758173 ] ], [ [ 110.491449144914498, -6.925892589258931 ], [ 110.492649264926499, -6.92611761176118 ], [ 110.492574257425744, -6.926417641764185 ], [ 110.491449144914498, -6.925892589258931 ] ], [ [ 110.491149114911494, -6.926042604260421 ], [ 110.491299129912989, -6.925817581758175 ], [ 110.491224122412248, -6.926042604260433 ], [ 110.491149114911494, -6.926042604260421 ] ], [ [ 110.491224122412248, -6.926117611761183 ], [ 110.491674167416747, -6.926117611761169 ], [ 110.491224122412248, -6.926267626762682 ], [ 110.491224122412248, -6.926117611761183 ] ], [ [ 110.490924092409244, -6.926117611761168 ], [ 110.491149114911494, -6.926192619261932 ], [ 110.49084908490849, -6.926267626762669 ], [ 110.490924092409244, -6.926117611761168 ] ], [ [ 110.491674167416747, -6.926267626762685 ], [ 110.491824182418242, -6.926117611761181 ], [ 110.491824182418242, -6.92626762676268 ], [ 110.491674167416747, -6.926267626762685 ] ], [ [ 110.491824182418242, -6.926642664266431 ], [ 110.492649264926499, -6.926567656765681 ], [ 110.49249924992499, -6.926867686768671 ], [ 110.491824182418242, -6.926642664266431 ] ], [ [ 110.483723372337238, -6.928967896789672 ], [ 110.483798379837978, -6.928892889288923 ], [ 110.483798379837978, -6.928967896789676 ], [ 110.483723372337238, -6.928967896789672 ] ], [ [ 110.482223222322233, -6.929417941794186 ], [ 110.483573357335729, -6.930168016801677 ], [ 110.483273327332739, -6.930693069306932 ], [ 110.482148214821478, -6.930618061806181 ], [ 110.482223222322233, -6.929417941794186 ] ], [ [ 110.482673267326732, -6.930918091809176 ], [ 110.482748274827486, -6.930843084308424 ], [ 110.482748274827486, -6.930918091809177 ], [ 110.482673267326732, -6.930918091809176 ] ], [ [ 110.482523252325237, -6.930993099309928 ], [ 110.482673267326732, -6.930918091809176 ], [ 110.482673267326732, -6.930993099309924 ], [ 110.482523252325237, -6.930993099309928 ] ], [ [ 110.490549054905486, -6.931068106810675 ], [ 110.490699069906995, -6.930993099309924 ], [ 110.490699069906995, -6.931068106810688 ], [ 110.490549054905486, -6.931068106810675 ] ], [ [ 110.490699069906995, -6.931143114311435 ], [ 110.49084908490849, -6.931068106810676 ], [ 110.49084908490849, -6.931143114311427 ], [ 110.490699069906995, -6.931143114311435 ] ], [ [ 110.49084908490849, -6.931218121812181 ], [ 110.490999099909985, -6.931143114311425 ], [ 110.490999099909985, -6.931218121812183 ], [ 110.49084908490849, -6.931218121812181 ] ], [ [ 110.490999099909985, -6.931293129312925 ], [ 110.491224122412248, -6.931218121812178 ], [ 110.491299129912989, -6.931368136813686 ], [ 110.490999099909985, -6.931293129312925 ] ], [ [ 110.493699369936991, -6.931593159315929 ], [ 110.493774377437745, -6.931518151815174 ], [ 110.493774377437745, -6.931593159315928 ], [ 110.493699369936991, -6.931593159315929 ] ], [ [ 110.461821182118214, -6.934368436843676 ], [ 110.462271227122713, -6.933318331833174 ], [ 110.462346234623467, -6.934593459345941 ], [ 110.461821182118214, -6.934368436843676 ] ], [ [ 110.457845784578453, -6.934518451845177 ], [ 110.458520852085215, -6.934293429342929 ], [ 110.457845784578453, -6.93481848184818 ], [ 110.457845784578453, -6.934518451845177 ] ], [ [ 110.456795679567961, -6.936393639363942 ], [ 110.45709570957095, -6.936243624362443 ], [ 110.45709570957095, -6.936393639363934 ], [ 110.456795679567961, -6.936393639363942 ] ], [ [ 110.446819681968194, -6.937218721872194 ], [ 110.446894689468948, -6.937143714371431 ], [ 110.446894689468948, -6.937218721872195 ], [ 110.446819681968194, -6.937218721872194 ] ], [ [ 110.447269726972692, -6.93751875187518 ], [ 110.447419741974201, -6.93744374437443 ], [ 110.447794779477945, -6.937518751875182 ], [ 110.447269726972692, -6.93751875187518 ] ], [ [ 110.447944794479454, -6.937818781878183 ], [ 110.448019801980195, -6.937743774377443 ], [ 110.448019801980195, -6.937818781878184 ], [ 110.447944794479454, -6.937818781878183 ] ], [ [ 110.448094809480963, -6.93804380438044 ], [ 110.448469846984693, -6.937818781878192 ], [ 110.448544854485448, -6.938193819381939 ], [ 110.448094809480963, -6.93804380438044 ] ], [ [ 110.457620762076203, -6.938268826882693 ], [ 110.457695769576958, -6.93819381938193 ], [ 110.457695769576958, -6.938268826882681 ], [ 110.457620762076203, -6.938268826882693 ] ], [ [ 110.448544854485448, -6.938343834383444 ], [ 110.448619861986202, -6.938268826882679 ], [ 110.448619861986202, -6.938343834383446 ], [ 110.448544854485448, -6.938343834383444 ] ], [ [ 110.457845784578453, -6.938493849384935 ], [ 110.457920792079207, -6.938343834383435 ], [ 110.457920792079207, -6.938493849384938 ], [ 110.457845784578453, -6.938493849384935 ] ], [ [ 110.448619861986202, -6.938643864386441 ], [ 110.448694869486943, -6.938493849384933 ], [ 110.448694869486943, -6.938643864386438 ], [ 110.448619861986202, -6.938643864386441 ] ], [ [ 110.457920792079207, -6.938568856885691 ], [ 110.457995799579962, -6.938493849384946 ], [ 110.457995799579962, -6.938568856885682 ], [ 110.457920792079207, -6.938568856885691 ] ], [ [ 110.457995799579962, -6.938643864386434 ], [ 110.458070807080702, -6.938568856885693 ], [ 110.458070807080702, -6.938643864386444 ], [ 110.457995799579962, -6.938643864386434 ] ], [ [ 110.448694869486943, -6.938868886888688 ], [ 110.448769876987697, -6.938643864386439 ], [ 110.448769876987697, -6.938868886888697 ], [ 110.448694869486943, -6.938868886888688 ] ], [ [ 110.458070807080702, -6.93871887188718 ], [ 110.458145814581457, -6.938643864386442 ], [ 110.458145814581457, -6.938718871887194 ], [ 110.458070807080702, -6.93871887188718 ] ] ] } },
{ "type": "Feature", "properties": { "year": 2027, "layer": "atrisk" }, "geometry": { "type": "Polygon", "coordinates": [ [ [ 110.442619261926197, -6.938943894389443 ], [ 110.440819081908202, -6.938043804380433 ], [ 110.439468946894692, -6.938943894389444 ], [ 110.442619261926197, -6.938943894389443 ] ] ] } },
{ "type": "Feature", "properties": { "year": 2027, "layer": "atrisk" }, "geometry": { "type": "Polygon", "coordinates": [ [ [ 110.438643864386435, -6.93946894689469 ], [ 110.437368736873694, -6.939618961896188 ], [ 110.437743774377438, -6.94224422442245 ], [ 110.438643864386435, -6.93946894689469 ] ] ] } },
{ "type": "Feature", "properties": { "year": 2027, "layer": "atrisk" }, "geometry": { "type": "Polygon", "coordinates": [ [ [ 110.431968196819682, -6.944269426942688 ], [ 110.431518151815183, -6.944194419441949 ], [ 110.430918091809176, -6.944569456945698 ], [ 110.431968196819682, -6.944269426942688 ] ] ] } },
{ "type": "Feature", "properties": { "year": 2027, "layer": "atrisk" }, "geometry": { "type": "Polygon", "coordinates": [ [ [ 110.435193519351941, -6.940369036903689 ], [ 110.433093309330928, -6.94194419441945 ], [ 110.434368436843684, -6.946294629462945 ], [ 110.433168316831683, -6.943219321932199 ], [ 110.431593159315952, -6.942844284428448 ], [ 110.433243324332452, -6.949219921992201 ], [ 110.43564356435644, -6.947869786978698 ], [ 110.43399339933994, -6.947269726972699 ], [ 110.436618661866191, -6.943219321932199 ], [ 110.435193519351941, -6.940369036903689 ] ] ] } },
{ "type": "Feature", "properties": { "year": 2027, "layer": "atrisk" }, "geometry": { "type": "Polygon", "coordinates": [ [ [ 110.39881488148815, -6.952595259525947 ], [ 110.398214821482142, -6.953270327032708 ], [ 110.399039903990399, -6.954020402040207 ], [ 110.39881488148815, -6.952595259525947 ] ] ] } },
{ "type": "Feature", "properties": { "year": 2027, "layer": "atrisk" }, "geometry": { "type": "Polygon", "coordinates": [ [ [ 110.382163216321629, -6.950945094509446 ], [ 110.382013201320149, -6.952745274527456 ], [ 110.382913291329132, -6.954095409540953 ], [ 110.382163216321629, -6.950945094509446 ] ] ] } },
{ "type": "Feature", "properties": { "year": 2027, "layer": "atrisk" }, "geometry": { "type": "Polygon", "coordinates": [ [ [ 110.399939993999396, -6.95267026702671 ], [ 110.399639963996393, -6.954095409540947 ], [ 110.402340234023399, -6.953045304530451 ], [ 110.402190219021918, -6.952820282028202 ], [ 110.399939993999396, -6.95267026702671 ] ] ] } },
{ "type": "Feature", "properties": { "year": 2027, "layer": "atrisk" }, "geometry": { "type": "Polygon", "coordinates": [ [ [ 110.41711671167117, -6.952445244524461 ], [ 110.415841584158414, -6.952745274527454 ], [ 110.416441644164422, -6.954695469546957 ], [ 110.418016801680182, -6.954095409540958 ], [ 110.41711671167117, -6.952445244524461 ] ] ] } },
{ "type": "Feature", "properties": { "year": 2027, "layer": "atrisk" }, "geometry": { "type": "Polygon", "coordinates": [ [ [ 110.377737773777397, -6.954545454545451 ], [ 110.376237623762378, -6.95447044704471 ], [ 110.376237623762378, -6.954620462046212 ], [ 110.377737773777397, -6.954545454545451 ] ] ] } },
{ "type": "Feature", "properties": { "year": 2027, "layer": "atrisk" }, "geometry": { "type": "Polygon", "coordinates": [ [ [ 110.375187518751872, -6.954695469546957 ], [ 110.370837083708366, -6.954695469546951 ], [ 110.370837083708366, -6.9547704770477 ], [ 110.375187518751872, -6.954695469546957 ] ] ] } },
{ "type": "Feature", "properties": { "year": 2027, "layer": "atrisk" }, "geometry": { "type": "Polygon", "coordinates": [ [ [ 110.423567356735674, -6.953570357035701 ], [ 110.423042304230421, -6.954545454545458 ], [ 110.424467446744671, -6.955370537053705 ], [ 110.425067506750679, -6.954320432043205 ], [ 110.423567356735674, -6.953570357035701 ] ] ] } },
{ "type": "Feature", "properties": { "year": 2027, "layer": "atrisk" }, "geometry": { "type": "Polygon", "coordinates": [ [ [ 110.422367236723673, -6.954620462046211 ], [ 110.42326732673267, -6.955895589558964 ], [ 110.424242424242422, -6.955745574557455 ], [ 110.422367236723673, -6.954620462046211 ] ] ] } },
{ "type": "Feature", "properties": { "year": 2027, "layer": "atrisk" }, "geometry": { "type": "Polygon", "coordinates": [ [ [ 110.382313231323138, -6.954995499549959 ], [ 110.377587758775874, -6.954995499549963 ], [ 110.377137713771376, -6.956270627062706 ], [ 110.374587458745879, -6.955445544554459 ], [ 110.371737173717378, -6.955445544554448 ], [ 110.371512151215128, -6.956270627062701 ], [ 110.377437743774379, -6.956420642064201 ], [ 110.382313231323138, -6.954995499549959 ] ], [ [ 110.373162316231628, -6.955745574557455 ], [ 110.373237323732369, -6.955670567056712 ], [ 110.373237323732369, -6.95574557455746 ], [ 110.373162316231628, -6.955745574557455 ] ], [ [ 110.374362436243629, -6.9558205820582 ], [ 110.37443744374437, -6.955745574557463 ], [ 110.37443744374437, -6.955820582058211 ], [ 110.374362436243629, -6.9558205820582 ] ], [ [ 110.373462346234618, -6.955970597059705 ], [ 110.373537353735372, -6.955895589558954 ], [ 110.373537353735372, -6.955970597059709 ], [ 110.373462346234618, -6.955970597059705 ] ], [ [ 110.374512451245124, -6.956195619561955 ], [ 110.374662466246619, -6.956045604560456 ], [ 110.374587458745879, -6.956195619561964 ], [ 110.374512451245124, -6.956195619561955 ] ] ] } },
{ "type": "Feature", "properties": { "year": 2027, "layer": "atrisk" }, "geometry": { "type": "Polygon", "coordinates": [ [ [ 110.406090609060911, -6.947494749474947 ], [ 110.403015301530147, -6.947044704470442 ], [ 110.406240624062406, -6.948319831983197 ], [ 110.406465646564669, -6.950645064506443 ], [ 110.40496549654965, -6.951845184518456 ], [ 110.407440744074421, -6.951170117011696 ], [ 110.409765976597669, -6.955445544554463 ], [ 110.41434143414341, -6.959120912091207 ], [ 110.412916291629159, -6.956645664566456 ], [ 110.408865886588657, -6.953645364536456 ], [ 110.406090609060911, -6.947494749474947 ] ], [ [ 110.407290729072912, -6.950570057005693 ], [ 110.407365736573652, -6.950495049504948 ], [ 110.407365736573652, -6.9505700570057 ], [ 110.407290729072912, -6.950570057005693 ] ], [ [ 110.413591359135907, -6.958445844584454 ], [ 110.413666366636662, -6.958370837083712 ], [ 110.413666366636662, -6.958445844584458 ], [ 110.413591359135907, -6.958445844584454 ] ] ] } },
{ "type": "Feature", "properties": { "year": 2027, "layer": "atrisk" }, "geometry": { "type": "Polygon", "coordinates": [ [ [ 110.363561356135619, -6.955070507050711 ], [ 110.360186018601865, -6.956120612061204 ], [ 110.360636063606364, -6.959720972097205 ], [ 110.387713771377136, -6.959720972097218 ], [ 110.383513351335139, -6.958820882088212 ], [ 110.38328832883289, -6.95537053705371 ], [ 110.380963096309628, -6.956945694569455 ], [ 110.37728772877287, -6.957845784578449 ], [ 110.381713171317131, -6.955670567056712 ], [ 110.374662466246619, -6.956870687068712 ], [ 110.368361836183624, -6.956120612061208 ], [ 110.367536753675367, -6.957920792079209 ], [ 110.367086708670868, -6.956045604560458 ], [ 110.363861386138609, -6.956495649564962 ], [ 110.364836483648375, -6.955820582058214 ], [ 110.363561356135619, -6.955070507050711 ] ], [ [ 110.362886288628857, -6.955595559555951 ], [ 110.362961296129612, -6.955520552055201 ], [ 110.362961296129612, -6.955595559555952 ], [ 110.362886288628857, -6.955595559555951 ] ], [ [ 110.363186318631875, -6.955895589558948 ], [ 110.36341134113411, -6.955745574557448 ], [ 110.36333633363337, -6.955970597059713 ], [ 110.363186318631875, -6.955895589558948 ] ], [ [ 110.363561356135619, -6.956345634563462 ], [ 110.363711371137114, -6.956195619561953 ], [ 110.36363636363636, -6.95634563456346 ], [ 110.363561356135619, -6.956345634563462 ] ], [ [ 110.368286828682869, -6.956495649564959 ], [ 110.368361836183624, -6.9564206420642 ], [ 110.368361836183624, -6.956495649564955 ], [ 110.368286828682869, -6.956495649564959 ] ], [ [ 110.369561956195625, -6.956570657065702 ], [ 110.36971197119712, -6.956495649564951 ], [ 110.36971197119712, -6.956570657065708 ], [ 110.369561956195625, -6.956570657065702 ] ], [ [ 110.361911191119106, -6.957170717071701 ], [ 110.362961296129612, -6.957170717071707 ], [ 110.361911191119106, -6.957545754575454 ], [ 110.361911191119106, -6.957170717071701 ] ], [ [ 110.368286828682869, -6.957020702070205 ], [ 110.368361836183624, -6.9567206720672 ], [ 110.368361836183624, -6.957020702070209 ], [ 110.368286828682869, -6.957020702070205 ] ], [ [ 110.361311131113112, -6.957470747074705 ], [ 110.361761176117611, -6.957245724572462 ], [ 110.361686168616856, -6.957620762076203 ], [ 110.361311131113112, -6.957470747074705 ] ], [ [ 110.366486648664875, -6.957470747074705 ], [ 110.36663666366637, -6.957545754575452 ], [ 110.366486648664875, -6.957620762076213 ], [ 110.366486648664875, -6.957470747074705 ] ], [ [ 110.362211221122109, -6.957620762076215 ], [ 110.362286228622864, -6.957545754575463 ], [ 110.362286228622864, -6.957620762076206 ], [ 110.362211221122109, -6.957620762076215 ] ], [ [ 110.379087908790879, -6.958145814581462 ], [ 110.379387938793897, -6.957920792079208 ], [ 110.379387938793897, -6.95814581458145 ], [ 110.379087908790879, -6.958145814581462 ] ] ] } },
{ "type": "Feature", "properties": { "year": 2027, "layer": "atrisk" }, "geometry": { "type": "Polygon", "coordinates": [ [ [ 110.396639663966397, -6.948544854485447 ], [ 110.3957395739574, -6.951095109510947 ], [ 110.399039903990399, -6.959720972097213 ], [ 110.400315031503155, -6.959720972097217 ], [ 110.396714671467151, -6.950045004500455 ], [ 110.398289828982897, -6.951920192019205 ], [ 110.4002400240024, -6.951245124512455 ], [ 110.398139813981402, -6.951245124512456 ], [ 110.396639663966397, -6.948544854485447 ] ] ] } },
{ "type": "Feature", "properties": { "year": 2027, "layer": "atrisk" }, "geometry": { "type": "Polygon", "coordinates": [ [ [ 110.414416441644164, -6.95904590459045 ], [ 110.415241524152421, -6.95964596459645 ], [ 110.416966696669661, -6.959645964596461 ], [ 110.416441644164422, -6.959270927092718 ], [ 110.414416441644164, -6.95904590459045 ] ] ] } },
{ "type": "Feature", "properties": { "year": 2027, "layer": "atrisk" }, "geometry": { "type": "Polygon", "coordinates": [ [ [ 110.319456945694569, -6.938268826882693 ], [ 110.317656765676574, -6.939693969396942 ], [ 110.318856885688575, -6.940219021902188 ], [ 110.317131713171321, -6.940069006900697 ], [ 110.312406240624057, -6.943744374437443 ], [ 110.314881488148814, -6.948919891989195 ], [ 110.318106810681073, -6.952895289528954 ], [ 110.319081908190824, -6.950495049504951 ], [ 110.320732073207324, -6.950270027002699 ], [ 110.318706870687066, -6.953420342034203 ], [ 110.327557755775572, -6.958595859585952 ], [ 110.349684968496845, -6.959720972097204 ], [ 110.352985298529859, -6.957245724572456 ], [ 110.350810081008106, -6.959720972097208 ], [ 110.359135913591359, -6.959720972097215 ], [ 110.359060906090605, -6.954845484548458 ], [ 110.358160816081607, -6.955220522052202 ], [ 110.357410741074105, -6.95499549954996 ], [ 110.357260726072624, -6.9552205220522 ], [ 110.356735673567357, -6.955070507050702 ], [ 110.356135613561349, -6.955370537053708 ], [ 110.355310531053107, -6.954695469546954 ], [ 110.355910591059114, -6.953945394539447 ], [ 110.359435943594363, -6.954245424542453 ], [ 110.359660966096612, -6.959720972097211 ], [ 110.359960996099616, -6.954395439543949 ], [ 110.369936993699369, -6.954770477047705 ], [ 110.349309930993115, -6.952220222022198 ], [ 110.344884488448841, -6.949144914491447 ], [ 110.327632763276327, -6.942844284428435 ], [ 110.319456945694569, -6.938268826882693 ] ], [ [ 110.31900690069007, -6.940294029402934 ], [ 110.319081908190824, -6.940219021902194 ], [ 110.319081908190824, -6.940294029402939 ], [ 110.31900690069007, -6.940294029402934 ] ], [ [ 110.319081908190824, -6.940369036903687 ], [ 110.319306930693074, -6.94029402940294 ], [ 110.319306930693074, -6.940369036903689 ], [ 110.319081908190824, -6.940369036903687 ] ], [ [ 110.319306930693074, -6.940444044404438 ], [ 110.319531953195323, -6.940369036903687 ], [ 110.319531953195323, -6.940444044404436 ], [ 110.319306930693074, -6.940444044404438 ] ], [ [ 110.319531953195323, -6.94051905190519 ], [ 110.319756975697572, -6.94044404440444 ], [ 110.319756975697572, -6.940519051905193 ], [ 110.319531953195323, -6.94051905190519 ] ], [ [ 110.320357035703566, -6.940894089408944 ], [ 110.319981998199822, -6.94051905190519 ], [ 110.320582058205815, -6.940894089408935 ], [ 110.320357035703566, -6.940894089408944 ] ], [ [ 110.318331833183322, -6.940819081908197 ], [ 110.318331833183322, -6.940594059405934 ], [ 110.318631863186312, -6.940894089408936 ], [ 110.318331833183322, -6.940819081908197 ] ], [ [ 110.318631863186312, -6.940969096909683 ], [ 110.318706870687066, -6.940894089408933 ], [ 110.318706870687066, -6.940969096909692 ], [ 110.318631863186312, -6.940969096909683 ] ], [ [ 110.320582058205815, -6.940969096909694 ], [ 110.320807080708065, -6.940894089408944 ], [ 110.320807080708065, -6.940969096909697 ], [ 110.320582058205815, -6.940969096909694 ] ], [ [ 110.320807080708065, -6.940969096909697 ], [ 110.321482148214827, -6.941044104410441 ], [ 110.321482148214827, -6.941494149414945 ], [ 110.321857185718571, -6.94164416441644 ], [ 110.321482148214827, -6.941644164416441 ], [ 110.320807080708065, -6.940969096909697 ] ], [ [ 110.321632163216321, -6.941344134413449 ], [ 110.321782178217816, -6.941269126912697 ], [ 110.321782178217816, -6.941344134413448 ], [ 110.321632163216321, -6.941344134413449 ] ], [ [ 110.321782178217816, -6.941419141914186 ], [ 110.321857185718571, -6.941344134413448 ], [ 110.321857185718571, -6.941419141914191 ], [ 110.321782178217816, -6.941419141914186 ] ], [ [ 110.321857185718571, -6.941494149414938 ], [ 110.321932193219325, -6.941419141914198 ], [ 110.321932193219325, -6.941494149414936 ], [ 110.321857185718571, -6.941494149414938 ] ], [ [ 110.322307230723069, -6.942244224422445 ], [ 110.322607260726073, -6.942094209420946 ], [ 110.322757275727568, -6.942319231923189 ], [ 110.322307230723069, -6.942244224422445 ] ], [ [ 110.322607260726073, -6.9420192019202 ], [ 110.322682268226828, -6.941944194419445 ], [ 110.322682268226828, -6.942019201920196 ], [ 110.322607260726073, -6.9420192019202 ] ], [ [ 110.322682268226828, -6.942094209420949 ], [ 110.322832283228323, -6.942019201920183 ], [ 110.322832283228323, -6.942094209420948 ], [ 110.322682268226828, -6.942094209420949 ] ], [ [ 110.322907290729091, -6.942394239423948 ], [ 110.323132313231326, -6.942244224422434 ], [ 110.323057305730572, -6.942394239423943 ], [ 110.322907290729091, -6.942394239423948 ] ], [ [ 110.323132313231326, -6.942469246924684 ], [ 110.323357335733576, -6.942469246924687 ], [ 110.322907290729091, -6.94269426942694 ], [ 110.322907290729091, -6.942469246924696 ], [ 110.323132313231326, -6.942469246924684 ] ], [ [ 110.322832283228323, -6.942769276927688 ], [ 110.322907290729091, -6.94269426942694 ], [ 110.322907290729091, -6.942769276927699 ], [ 110.322832283228323, -6.942769276927688 ] ], [ [ 110.325532553255343, -6.9456195619562 ], [ 110.325607560756069, -6.945544554455449 ], [ 110.325607560756069, -6.945619561956191 ], [ 110.325532553255343, -6.9456195619562 ] ], [ [ 110.325607560756069, -6.945769576957703 ], [ 110.327632763276327, -6.947644764476452 ], [ 110.326357635763571, -6.948694869486949 ], [ 110.326132613261322, -6.947644764476447 ], [ 110.32515751575157, -6.946744674467446 ], [ 110.320282028202826, -6.948169816981697 ], [ 110.321782178217816, -6.945994599459947 ], [ 110.324032403240324, -6.945994599459941 ], [ 110.324557455745591, -6.945619561956192 ], [ 110.325607560756069, -6.945769576957703 ] ], [ [ 110.321182118211823, -6.945994599459945 ], [ 110.321632163216321, -6.945844584458453 ], [ 110.321632163216321, -6.945994599459949 ], [ 110.321182118211823, -6.945994599459945 ] ], [ [ 110.325832583258332, -6.947644764476448 ], [ 110.325907590759073, -6.947569756975692 ], [ 110.325907590759073, -6.947644764476451 ], [ 110.325832583258332, -6.947644764476448 ] ], [ [ 110.325832583258332, -6.947944794479455 ], [ 110.325907590759073, -6.947869786978691 ], [ 110.325907590759073, -6.947944794479443 ], [ 110.325832583258332, -6.947944794479455 ] ], [ [ 110.325757575757578, -6.948019801980193 ], [ 110.325832583258332, -6.947944794479455 ], [ 110.325832583258332, -6.948019801980193 ], [ 110.325757575757578, -6.948019801980193 ] ], [ [ 110.325682568256823, -6.948094809480955 ], [ 110.325757575757578, -6.948019801980193 ], [ 110.325757575757578, -6.948094809480947 ], [ 110.325682568256823, -6.948094809480955 ] ], [ [ 110.321632163216321, -6.948394839483946 ], [ 110.321707170717076, -6.94824482448245 ], [ 110.321707170717076, -6.948394839483948 ], [ 110.321632163216321, -6.948394839483946 ] ], [ [ 110.321557155715581, -6.948469846984695 ], [ 110.321632163216321, -6.948394839483946 ], [ 110.321632163216321, -6.948469846984699 ], [ 110.321557155715581, -6.948469846984695 ] ], [ [ 110.315856585658565, -6.949744974497452 ], [ 110.31593159315932, -6.9496699669967 ], [ 110.31593159315932, -6.949744974497446 ], [ 110.315856585658565, -6.949744974497452 ] ], [ [ 110.354785478547853, -6.953945394539454 ], [ 110.355010501050103, -6.953870387038702 ], [ 110.355085508550857, -6.954020402040208 ], [ 110.354785478547853, -6.953945394539454 ] ], [ [ 110.356585658565876, -6.955445544554448 ], [ 110.356660666066603, -6.955220522052212 ], [ 110.356660666066603, -6.955445544554453 ], [ 110.356585658565876, -6.955445544554448 ] ], [ [ 110.356960696069606, -6.955295529552953 ], [ 110.357035703570361, -6.955220522052198 ], [ 110.357035703570361, -6.95529552955296 ], [ 110.356960696069606, -6.955295529552953 ] ], [ [ 110.35283528352835, -6.957170717071707 ], [ 110.352910291029104, -6.957095709570963 ], [ 110.352910291029104, -6.95717071707171 ], [ 110.35283528352835, -6.957170717071707 ] ], [ [ 110.352610261026115, -6.95829582958295 ], [ 110.352685268526855, -6.958220822082212 ], [ 110.352685268526855, -6.95829582958295 ], [ 110.352610261026115, -6.95829582958295 ] ], [ [ 110.358385838583857, -6.95837083708371 ], [ 110.358460846084611, -6.958220822082211 ], [ 110.358535853585366, -6.958370837083709 ], [ 110.358385838583857, -6.95837083708371 ] ], [ [ 110.358535853585366, -6.958445844584456 ], [ 110.358610861086106, -6.9583708370837 ], [ 110.358610861086106, -6.958445844584459 ], [ 110.358535853585366, -6.958445844584456 ] ], [ [ 110.358610861086106, -6.958520852085204 ], [ 110.358685868586861, -6.95844584458445 ], [ 110.358685868586861, -6.958520852085207 ], [ 110.358610861086106, -6.958520852085204 ] ] ] } }
]
}
