{
"type": "FeatureCollection",
"name": "atrisk_2035",
"crs": { "type": "name", "properties": { "name": "urn:ogc:def:crs:OGC:1.3:CRS84" } },
"features": [
{ "type": "Feature", "properties": { "year": 2035, "layer": "atrisk" }, "geometry": { "type": "Polygon", "coordinates": [ [ [ 110.575532553255329, -6.75 ], [ 110.572832283228323, -6.750600060005998 ], [ 110.575532553255329, -6.750150015001497 ], [ 110.575532553255329, -6.75 ] ] ] } },
{ "type": "Feature", "properties": { "year": 2035, "layer": "atrisk" }, "geometry": { "type": "Polygon", "coordinates": [ [ [ 110.53990399039904, -6.750750075007499 ], [ 110.539603960396036, -6.751125112511251 ], [ 110.540279027902784, -6.751500150015008 ], [ 110.53990399039904, -6.750750075007499 ] ] ] } },
{ "type": "Feature", "properties": { "year": 2035, "layer": "atrisk" }, "geometry": { "type": "Polygon", "coordinates": [ [ [ 110.583708370837087, -6.751200120012001 ], [ 110.582733273327335, -6.751800180018002 ], [ 110.583183318331834, -6.752025202520247 ], [ 110.583708370837087, -6.751200120012001 ] ] ] } },
{ "type": "Feature", "properties": { "year": 2035, "layer": "atrisk" }, "geometry": { "type": "Polygon", "coordinates": [ [ [ 110.564056405640585, -6.75 ], [ 110.566981698169812, -6.752250225022503 ], [ 110.571707170717076, -6.75007500750075 ], [ 110.571707170717076, -6.75 ], [ 110.564056405640585, -6.75 ] ] ] } },
{ "type": "Feature", "properties": { "year": 2035, "layer": "atrisk" }, "geometry": { "type": "Polygon", "coordinates": [ [ [ 110.58453345334533, -6.752100210021005 ], [ 110.583633363336332, -6.752850285028502 ], [ 110.583408340834083, -6.753750375037506 ], [ 110.584458445844589, -6.753600360036009 ], [ 110.58453345334533, -6.752100210021005 ] ] ] } },
{ "type": "Feature", "properties": { "year": 2035, "layer": "atrisk" }, "geometry": { "type": "Polygon", "coordinates": [ [ [ 110.580558055805596, -6.752625262526255 ], [ 110.578007800780071, -6.753000300030009 ], [ 110.577857785778576, -6.753900390039011 ], [ 110.581008100810081, -6.753900390038996 ], [ 110.580558055805596, -6.752625262526255 ] ] ] } },
{ "type": "Feature", "properties": { "year": 2035, "layer": "atrisk" }, "geometry": { "type": "Polygon", "coordinates": [ [ [ 110.571632163216336, -6.753300330033009 ], [ 110.570807080708065, -6.754125412541255 ], [ 110.571707170717076, -6.754050405040497 ], [ 110.571632163216336, -6.753300330033009 ] ] ] } },
{ "type": "Feature", "properties": { "year": 2035, "layer": "atrisk" }, "geometry": { "type": "Polygon", "coordinates": [ [ [ 110.583033303330339, -6.753300330033002 ], [ 110.582058205820587, -6.75247524752475 ], [ 110.582208220822096, -6.754200420042004 ], [ 110.583033303330339, -6.753300330033002 ] ] ] } },
{ "type": "Feature", "properties": { "year": 2035, "layer": "atrisk" }, "geometry": { "type": "Polygon", "coordinates": [ [ [ 110.568856885688575, -6.753300330032997 ], [ 110.568481848184817, -6.754350435043502 ], [ 110.569456945694569, -6.754650465046496 ], [ 110.569681968196818, -6.754050405040497 ], [ 110.568856885688575, -6.753300330032997 ] ] ] } },
{ "type": "Feature", "properties": { "year": 2035, "layer": "atrisk" }, "geometry": { "type": "Polygon", "coordinates": [ [ [ 110.541104110411041, -6.75 ], [ 110.545829582958291, -6.75592559255925 ], [ 110.547479747974791, -6.755700570057004 ], [ 110.543429342934289, -6.75 ], [ 110.541104110411041, -6.75 ] ] ] } },
{ "type": "Feature", "properties": { "year": 2035, "layer": "atrisk" }, "geometry": { "type": "Polygon", "coordinates": [ [ [ 110.549504950495063, -6.756375637563751 ], [ 110.548829882988301, -6.756450645064513 ], [ 110.549354935493554, -6.756675667566754 ], [ 110.549504950495063, -6.756375637563751 ] ] ] } },
{ "type": "Feature", "properties": { "year": 2035, "layer": "atrisk" }, "geometry": { "type": "Polygon", "coordinates": [ [ [ 110.571482148214827, -6.75652565256525 ], [ 110.569981998199836, -6.757425742574261 ], [ 110.570057005700576, -6.758700870087001 ], [ 110.571407140714072, -6.757725772577253 ], [ 110.571482148214827, -6.75652565256525 ] ] ] } },
{ "type": "Feature", "properties": { "year": 2035, "layer": "atrisk" }, "geometry": { "type": "Polygon", "coordinates": [ [ [ 110.547254725472541, -6.759075907590766 ], [ 110.546354635463544, -6.759900990099009 ], [ 110.546654665466548, -6.760126012601257 ], [ 110.547254725472541, -6.759075907590766 ] ] ] } },
{ "type": "Feature", "properties": { "year": 2035, "layer": "atrisk" }, "geometry": { "type": "Polygon", "coordinates": [ [ [ 110.577482748274832, -6.759675967596768 ], [ 110.577932793279345, -6.761326132613258 ], [ 110.578457845784584, -6.761401140114007 ], [ 110.578607860786079, -6.759975997599751 ], [ 110.577482748274832, -6.759675967596768 ] ] ] } },
{ "type": "Feature", "properties": { "year": 2035, "layer": "atrisk" }, "geometry": { "type": "Polygon", "coordinates": [ [ [ 110.566606660666068, -6.759300930093004 ], [ 110.565631563156316, -6.759975997599761 ], [ 110.566231623162309, -6.761551155115503 ], [ 110.567131713171321, -6.760501050105018 ], [ 110.566606660666068, -6.759300930093004 ] ] ] } },
{ "type": "Feature", "properties": { "year": 2035, "layer": "atrisk" }, "geometry": { "type": "Polygon", "coordinates": [ [ [ 110.555955595559553, -6.761176117611768 ], [ 110.554905490549061, -6.762376237623767 ], [ 110.555655565556549, -6.762526252625259 ], [ 110.555955595559553, -6.761176117611768 ] ] ] } },
{ "type": "Feature", "properties": { "year": 2035, "layer": "atrisk" }, "geometry": { "type": "Polygon", "coordinates": [ [ [ 110.58423342334234, -6.754275427542751 ], [ 110.582508250825086, -6.759075907590762 ], [ 110.581608160816089, -6.7576507650765 ], [ 110.575007500750075, -6.757200720072006 ], [ 110.574782478247826, -6.755550555055503 ], [ 110.572982298229817, -6.755850585058509 ], [ 110.572157215721575, -6.756450645064502 ], [ 110.57515751575157, -6.757425742574257 ], [ 110.574107410741078, -6.759900990099014 ], [ 110.577032703270334, -6.759000900090001 ], [ 110.582433243324331, -6.760501050105007 ], [ 110.583633363336332, -6.763726372637266 ], [ 110.58423342334234, -6.754275427542751 ] ] ] } },
{ "type": "Feature", "properties": { "year": 2035, "layer": "atrisk" }, "geometry": { "type": "Polygon", "coordinates": [ [ [ 110.568706870687066, -6.763876387638763 ], [ 110.569006900690084, -6.763126312631258 ], [ 110.566381638163818, -6.763501350135004 ], [ 110.568706870687066, -6.763876387638763 ] ], [ [ 110.568481848184817, -6.763426342634269 ], [ 110.568556855685571, -6.763351335133507 ], [ 110.568556855685571, -6.76342634263427 ], [ 110.568481848184817, -6.763426342634269 ] ] ] } },
{ "type": "Feature", "properties": { "year": 2035, "layer": "atrisk" }, "geometry": { "type": "Polygon", "coordinates": [ [ [ 110.552505250525073, -6.808955895589562 ], [ 110.551080108010808, -6.808430843084302 ], [ 110.549504950495063, -6.811281128112816 ], [ 110.552505250525073, -6.808955895589562 ] ] ] } },
{ "type": "Feature", "properties": { "year": 2035, "layer": "atrisk" }, "geometry": { "type": "Polygon", "coordinates": [ [ [ 110.576282628262845, -6.759900990099013 ], [ 110.572307230723084, -6.761701170117013 ], [ 110.575007500750075, -6.761251125112503 ], [ 110.575457545754574, -6.762826282628267 ], [ 110.573057305730572, -6.763051305130517 ], [ 110.570657065706584, -6.764176417641769 ], [ 110.575607560756069, -6.764326432643267 ], [ 110.575457545754574, -6.769876987698774 ], [ 110.576882688268824, -6.770627062706262 ], [ 110.576057605760582, -6.768976897689773 ], [ 110.577407740774078, -6.767551755175523 ], [ 110.578082808280826, -6.770702070207024 ], [ 110.575532553255329, -6.771452145214529 ], [ 110.575457545754574, -6.770477047704776 ], [ 110.575232523252325, -6.773477347734771 ], [ 110.572982298229817, -6.77475247524752 ], [ 110.569456945694569, -6.775202520252023 ], [ 110.568331833183322, -6.775952595259531 ], [ 110.56593159315932, -6.784428442844288 ], [ 110.565781578157811, -6.78727872787278 ], [ 110.567056705670566, -6.788178817881779 ], [ 110.565331533153312, -6.78795379537953 ], [ 110.562706270627075, -6.792904290429049 ], [ 110.564806480648059, -6.795454545454548 ], [ 110.567281728172816, -6.792679267926785 ], [ 110.565406540654067, -6.795979597959791 ], [ 110.569306930693074, -6.795304530453052 ], [ 110.569756975697572, -6.79822982298229 ], [ 110.568031803180318, -6.798979897989797 ], [ 110.567431743174311, -6.797854785478546 ], [ 110.563981398139816, -6.7965796579658 ], [ 110.563456345634563, -6.79702970297029 ], [ 110.563156315631559, -6.797704770477055 ], [ 110.563381338133823, -6.796729672967293 ], [ 110.562406240624057, -6.796804680468048 ], [ 110.561956195619558, -6.797479747974796 ], [ 110.561881188118818, -6.795004500450043 ], [ 110.559555955595556, -6.798154815481547 ], [ 110.55985598559856, -6.800330033003299 ], [ 110.561356135613565, -6.798904890489052 ], [ 110.560081008100823, -6.800930093009298 ], [ 110.560231023102304, -6.801755175517553 ], [ 110.561581158115814, -6.80055505550555 ], [ 110.561806180618063, -6.801755175517544 ], [ 110.56758175817582, -6.805130513051301 ], [ 110.568106810681073, -6.805205520552054 ], [ 110.568406840684062, -6.804605460546053 ], [ 110.568631863186312, -6.804680468046803 ], [ 110.567956795679564, -6.80558055805581 ], [ 110.569756975697572, -6.806855685568555 ], [ 110.569756975697572, -6.80730573057305 ], [ 110.567731773177314, -6.806405640564052 ], [ 110.566456645664573, -6.808130813081314 ], [ 110.568406840684062, -6.810381038103802 ], [ 110.56293129312931, -6.804605460546056 ], [ 110.566306630663064, -6.807755775577551 ], [ 110.567431743174311, -6.805805580558061 ], [ 110.560306030603059, -6.80198019801981 ], [ 110.560081008100823, -6.803705370537059 ], [ 110.557230723072308, -6.805430543054306 ], [ 110.557005700570059, -6.806105610561051 ], [ 110.556705670567055, -6.805880588058803 ], [ 110.554230423042299, -6.809030903090314 ], [ 110.56293129312931, -6.816006600660069 ], [ 110.563531353135318, -6.81345634563457 ], [ 110.570657065706584, -6.811506150615057 ], [ 110.574407440744068, -6.80940594059406 ], [ 110.577257725772597, -6.807080708070805 ], [ 110.581533153315334, -6.801530153015299 ], [ 110.582658265826581, -6.798979897989804 ], [ 110.581908190819078, -6.799954995499546 ], [ 110.581983198319833, -6.800255025502545 ], [ 110.581533153315334, -6.799879987998805 ], [ 110.583933393339336, -6.795154515451541 ], [ 110.584458445844589, -6.791779177917794 ], [ 110.582058205820587, -6.790279027902787 ], [ 110.58145814581458, -6.79365436543655 ], [ 110.581533153315334, -6.789978997899788 ], [ 110.578757875787574, -6.788703870387039 ], [ 110.582133213321328, -6.789528952895292 ], [ 110.584458445844589, -6.791404140414036 ], [ 110.584608460846084, -6.770702070207022 ], [ 110.581758175817583, -6.770552055205525 ], [ 110.582958295829584, -6.76650165016502 ], [ 110.581908190819078, -6.767326732673271 ], [ 110.582133213321328, -6.764476447644761 ], [ 110.579732973297325, -6.763951395139514 ], [ 110.583558355835578, -6.764776477647757 ], [ 110.58423342334234, -6.764101410141012 ], [ 110.581083108310835, -6.762601260126003 ], [ 110.576132613261322, -6.762976297629757 ], [ 110.576282628262845, -6.759900990099013 ] ], [ [ 110.57650765076508, -6.76350135013502 ], [ 110.576582658265835, -6.763426342634262 ], [ 110.576582658265835, -6.763501350135008 ], [ 110.57650765076508, -6.76350135013502 ] ], [ [ 110.576882688268824, -6.764851485148521 ], [ 110.577707770777081, -6.765301530153012 ], [ 110.576957695769579, -6.765826582658267 ], [ 110.576882688268824, -6.764851485148521 ] ], [ [ 110.575682568256823, -6.768451845184522 ], [ 110.575757575757578, -6.768301830183025 ], [ 110.575757575757578, -6.768451845184527 ], [ 110.575682568256823, -6.768451845184522 ] ], [ [ 110.575532553255329, -6.769426942694262 ], [ 110.575607560756069, -6.769276927692762 ], [ 110.575607560756069, -6.769426942694277 ], [ 110.575532553255329, -6.769426942694262 ] ], [ [ 110.570357035703566, -6.775277527752782 ], [ 110.570582058205815, -6.775127512751276 ], [ 110.570582058205815, -6.775277527752783 ], [ 110.570357035703566, -6.775277527752782 ] ], [ [ 110.571107110711068, -6.77535253525352 ], [ 110.571182118211823, -6.775202520252019 ], [ 110.571182118211823, -6.775352535253528 ], [ 110.571107110711068, -6.77535253525352 ] ], [ [ 110.569756975697572, -6.775427542754276 ], [ 110.569831983198327, -6.775352535253521 ], [ 110.569831983198327, -6.775427542754275 ], [ 110.569756975697572, -6.775427542754276 ] ], [ [ 110.569756975697572, -6.775877587758781 ], [ 110.570132013201317, -6.775577557755772 ], [ 110.570132013201317, -6.77580258025802 ], [ 110.569756975697572, -6.775877587758781 ] ], [ [ 110.569606960696063, -6.775802580258032 ], [ 110.569681968196818, -6.775577557755778 ], [ 110.569681968196818, -6.775802580258028 ], [ 110.569606960696063, -6.775802580258032 ] ], [ [ 110.568931893189315, -6.776027602760282 ], [ 110.569081908190824, -6.775652565256532 ], [ 110.569006900690084, -6.776027602760269 ], [ 110.568931893189315, -6.776027602760282 ] ], [ [ 110.569231923192319, -6.775877587758786 ], [ 110.569456945694569, -6.775802580258032 ], [ 110.569231923192319, -6.776177617761784 ], [ 110.569231923192319, -6.775877587758786 ] ], [ [ 110.568706870687066, -6.775877587758782 ], [ 110.568781878187821, -6.775802580258024 ], [ 110.568781878187821, -6.775877587758775 ], [ 110.568706870687066, -6.775877587758782 ] ], [ [ 110.568631863186312, -6.776252625262527 ], [ 110.568781878187821, -6.776402640264031 ], [ 110.568631863186312, -6.776552655265528 ], [ 110.568631863186312, -6.776252625262527 ] ], [ [ 110.569756975697572, -6.776327632763282 ], [ 110.569831983198327, -6.776102610261017 ], [ 110.569831983198327, -6.776327632763279 ], [ 110.569756975697572, -6.776327632763282 ] ], [ [ 110.570657065706584, -6.776552655265534 ], [ 110.571032103210328, -6.776252625262534 ], [ 110.570882088208819, -6.776702670267034 ], [ 110.570657065706584, -6.776552655265534 ] ], [ [ 110.578457845784584, -6.776177617761778 ], [ 110.583333333333329, -6.778202820282023 ], [ 110.58453345334533, -6.780003000300026 ], [ 110.581008100810081, -6.77947794779478 ], [ 110.578457845784584, -6.776177617761778 ] ], [ [ 110.568931893189315, -6.776327632763272 ], [ 110.569081908190824, -6.776477647764779 ], [ 110.568931893189315, -6.776627662766278 ], [ 110.568931893189315, -6.776327632763272 ] ], [ [ 110.569681968196818, -6.776477647764777 ], [ 110.569756975697572, -6.776327632763282 ], [ 110.569756975697572, -6.776477647764777 ], [ 110.569681968196818, -6.776477647764777 ] ], [ [ 110.570357035703566, -6.776552655265521 ], [ 110.570507050705075, -6.776327632763272 ], [ 110.57043204320432, -6.776552655265527 ], [ 110.570357035703566, -6.776552655265521 ] ], [ [ 110.569156915691565, -6.776702670267026 ], [ 110.569231923192319, -6.776402640264023 ], [ 110.569231923192319, -6.776702670267025 ], [ 110.569156915691565, -6.776702670267026 ] ], [ [ 110.569606960696063, -6.776702670267031 ], [ 110.569681968196818, -6.776627662766285 ], [ 110.569681968196818, -6.776702670267031 ], [ 110.569606960696063, -6.776702670267031 ] ], [ [ 110.570357035703566, -6.776777677767772 ], [ 110.570507050705075, -6.776927692769283 ], [ 110.570282028202826, -6.777152715271523 ], [ 110.570357035703566, -6.776777677767772 ] ], [ [ 110.570207020702071, -6.776927692769282 ], [ 110.570282028202826, -6.776777677767767 ], [ 110.570282028202826, -6.776927692769271 ], [ 110.570207020702071, -6.776927692769282 ] ], [ [ 110.570582058205815, -6.776927692769271 ], [ 110.570732073207324, -6.77677767776778 ], [ 110.570657065706584, -6.776927692769282 ], [ 110.570582058205815, -6.776927692769271 ] ], [ [ 110.570957095709574, -6.776852685268523 ], [ 110.571032103210328, -6.776777677767774 ], [ 110.571032103210328, -6.776852685268529 ], [ 110.570957095709574, -6.776852685268523 ] ], [ [ 110.570882088208819, -6.777002700270025 ], [ 110.570957095709574, -6.776852685268523 ], [ 110.570957095709574, -6.777002700270029 ], [ 110.570882088208819, -6.777002700270025 ] ], [ [ 110.570132013201317, -6.777077707770777 ], [ 110.570207020702071, -6.776927692769282 ], [ 110.570207020702071, -6.777077707770785 ], [ 110.570132013201317, -6.777077707770777 ] ], [ [ 110.570807080708065, -6.777077707770782 ], [ 110.570882088208819, -6.777002700270025 ], [ 110.570882088208819, -6.777077707770776 ], [ 110.570807080708065, -6.777077707770782 ] ], [ [ 110.569981998199836, -6.777152715271525 ], [ 110.570057005700576, -6.777077707770778 ], [ 110.570057005700576, -6.77715271527153 ], [ 110.569981998199836, -6.777152715271525 ] ], [ [ 110.570507050705075, -6.777152715271534 ], [ 110.570582058205815, -6.777077707770784 ], [ 110.570582058205815, -6.777152715271525 ], [ 110.570507050705075, -6.777152715271534 ] ], [ [ 110.569906990699067, -6.777377737773784 ], [ 110.570357035703566, -6.777377737773786 ], [ 110.570132013201317, -6.777827782778283 ], [ 110.569906990699067, -6.777377737773784 ] ], [ [ 110.570807080708065, -6.777827782778278 ], [ 110.570882088208819, -6.777452745274535 ], [ 110.571032103210328, -6.77775277527752 ], [ 110.570807080708065, -6.777827782778278 ] ], [ [ 110.569756975697572, -6.777527752775276 ], [ 110.569831983198327, -6.777752775277532 ], [ 110.569681968196818, -6.777902790279032 ], [ 110.569456945694569, -6.778502850285023 ], [ 110.569831983198327, -6.778802880288035 ], [ 110.569456945694569, -6.77955295529553 ], [ 110.569681968196818, -6.779252925292526 ], [ 110.569981998199836, -6.779552955295533 ], [ 110.569006900690084, -6.781953195319539 ], [ 110.571032103210328, -6.783078307830782 ], [ 110.572007200720066, -6.783228322832279 ], [ 110.573357335733576, -6.785103510351032 ], [ 110.572457245724578, -6.783978397839778 ], [ 110.567956795679564, -6.781728172817276 ], [ 110.569756975697572, -6.777527752775276 ] ], [ [ 110.57043204320432, -6.777602760276035 ], [ 110.570657065706584, -6.77767776777678 ], [ 110.570357035703566, -6.777977797779783 ], [ 110.57043204320432, -6.777602760276035 ] ], [ [ 110.568931893189315, -6.777827782778282 ], [ 110.569006900690084, -6.777752775277528 ], [ 110.569006900690084, -6.777827782778283 ], [ 110.568931893189315, -6.777827782778282 ] ], [ [ 110.568856885688575, -6.777977797779772 ], [ 110.568931893189315, -6.778052805280522 ], [ 110.568781878187821, -6.778052805280527 ], [ 110.568856885688575, -6.777977797779772 ] ], [ [ 110.569756975697572, -6.778052805280524 ], [ 110.569831983198327, -6.777902790279032 ], [ 110.569831983198327, -6.778052805280522 ], [ 110.569756975697572, -6.778052805280524 ] ], [ [ 110.570132013201317, -6.778052805280524 ], [ 110.570207020702071, -6.777977797779784 ], [ 110.570207020702071, -6.778052805280534 ], [ 110.570132013201317, -6.778052805280524 ] ], [ [ 110.569831983198327, -6.778352835283526 ], [ 110.570057005700576, -6.778052805280534 ], [ 110.569906990699067, -6.778352835283534 ], [ 110.569831983198327, -6.778352835283526 ] ], [ [ 110.568331833183322, -6.778952895289534 ], [ 110.568856885688575, -6.778427842784285 ], [ 110.568706870687066, -6.778877887788775 ], [ 110.568331833183322, -6.778952895289534 ] ], [ [ 110.570057005700576, -6.778277827782771 ], [ 110.570132013201317, -6.778127812781281 ], [ 110.570132013201317, -6.778277827782782 ], [ 110.570057005700576, -6.778277827782771 ] ], [ [ 110.570207020702071, -6.778352835283521 ], [ 110.570357035703566, -6.778127812781271 ], [ 110.570282028202826, -6.778352835283526 ], [ 110.570207020702071, -6.778352835283521 ] ], [ [ 110.570357035703566, -6.77857785778578 ], [ 110.570657065706584, -6.778352835283523 ], [ 110.570057005700576, -6.778952895289534 ], [ 110.569906990699067, -6.778727872787285 ], [ 110.570357035703566, -6.77857785778578 ] ], [ [ 110.568706870687066, -6.779102910291027 ], [ 110.569006900690084, -6.778652865286536 ], [ 110.568856885688575, -6.779102910291023 ], [ 110.568706870687066, -6.779102910291027 ] ], [ [ 110.569081908190824, -6.778727872787286 ], [ 110.569156915691565, -6.778577857785771 ], [ 110.569156915691565, -6.778727872787278 ], [ 110.569081908190824, -6.778727872787286 ] ], [ [ 110.569006900690084, -6.77895289528953 ], [ 110.569081908190824, -6.778802880288033 ], [ 110.569081908190824, -6.778952895289531 ], [ 110.569006900690084, -6.77895289528953 ] ], [ [ 110.570132013201317, -6.779102910291031 ], [ 110.570207020702071, -6.778952895289534 ], [ 110.570207020702071, -6.779102910291027 ], [ 110.570132013201317, -6.779102910291031 ] ], [ [ 110.568931893189315, -6.779102910291029 ], [ 110.569006900690084, -6.779027902790282 ], [ 110.569006900690084, -6.779102910291021 ], [ 110.568931893189315, -6.779102910291029 ] ], [ [ 110.570057005700576, -6.779252925292536 ], [ 110.570132013201317, -6.779102910291031 ], [ 110.570132013201317, -6.779252925292522 ], [ 110.570057005700576, -6.779252925292536 ] ], [ [ 110.569981998199836, -6.779402940294032 ], [ 110.570057005700576, -6.779252925292536 ], [ 110.570057005700576, -6.779402940294022 ], [ 110.569981998199836, -6.779402940294032 ] ], [ [ 110.569531953195323, -6.78090309030903 ], [ 110.569606960696063, -6.780828082808281 ], [ 110.569606960696063, -6.780903090309029 ], [ 110.569531953195323, -6.78090309030903 ] ], [ [ 110.574932493249335, -6.781578157815782 ], [ 110.575007500750075, -6.781503150315035 ], [ 110.575007500750075, -6.781578157815778 ], [ 110.574932493249335, -6.781578157815782 ] ], [ [ 110.573582358235825, -6.784278427842783 ], [ 110.57538253825382, -6.78165316531653 ], [ 110.57508250825083, -6.782328232823288 ], [ 110.573582358235825, -6.784278427842783 ] ], [ [ 110.574857485748581, -6.781728172817287 ], [ 110.575007500750075, -6.781653165316526 ], [ 110.575007500750075, -6.781803180318023 ], [ 110.574857485748581, -6.781728172817287 ] ], [ [ 110.568181818181813, -6.782178217821778 ], [ 110.568331833183322, -6.782103210321028 ], [ 110.568031803180318, -6.782778277827785 ], [ 110.568181818181813, -6.782178217821778 ] ], [ [ 110.568331833183322, -6.782253225322534 ], [ 110.568406840684062, -6.782178217821789 ], [ 110.568406840684062, -6.782253225322536 ], [ 110.568331833183322, -6.782253225322534 ] ], [ [ 110.569606960696063, -6.782253225322534 ], [ 110.569681968196818, -6.782178217821786 ], [ 110.569681968196818, -6.782253225322537 ], [ 110.569606960696063, -6.782253225322534 ] ], [ [ 110.568781878187821, -6.78247824782478 ], [ 110.569081908190824, -6.782403240324039 ], [ 110.569231923192319, -6.782553255325523 ], [ 110.568781878187821, -6.78247824782478 ] ], [ [ 110.569906990699067, -6.782328232823277 ], [ 110.569981998199836, -6.782253225322526 ], [ 110.569981998199836, -6.78232823282329 ], [ 110.569906990699067, -6.782328232823277 ] ], [ [ 110.569381938193814, -6.782703270327028 ], [ 110.569456945694569, -6.782553255325537 ], [ 110.569606960696063, -6.782703270327035 ], [ 110.569381938193814, -6.782703270327028 ] ], [ [ 110.567881788178823, -6.782853285328532 ], [ 110.567956795679564, -6.782778277827778 ], [ 110.567956795679564, -6.78285328532854 ], [ 110.567881788178823, -6.782853285328532 ] ], [ [ 110.571032103210328, -6.782928292829276 ], [ 110.571107110711068, -6.782853285328538 ], [ 110.571107110711068, -6.782928292829285 ], [ 110.571032103210328, -6.782928292829276 ] ], [ [ 110.571182118211823, -6.783003300330039 ], [ 110.571257125712577, -6.78292829282928 ], [ 110.571257125712577, -6.783003300330039 ], [ 110.571182118211823, -6.783003300330039 ] ], [ [ 110.569831983198327, -6.783078307830787 ], [ 110.569906990699067, -6.78300330033003 ], [ 110.569906990699067, -6.783078307830788 ], [ 110.569831983198327, -6.783078307830787 ] ], [ [ 110.571557155715567, -6.783078307830789 ], [ 110.571632163216336, -6.783003300330035 ], [ 110.571632163216336, -6.783078307830789 ], [ 110.571557155715567, -6.783078307830789 ] ], [ [ 110.567731773177314, -6.783228322832283 ], [ 110.567806780678069, -6.78307830783079 ], [ 110.567806780678069, -6.783228322832282 ], [ 110.567731773177314, -6.783228322832283 ] ], [ [ 110.567956795679564, -6.78345334533453 ], [ 110.568481848184817, -6.783153315331533 ], [ 110.568556855685571, -6.783378337833788 ], [ 110.567956795679564, -6.78345334533453 ] ], [ [ 110.567656765676574, -6.783378337833778 ], [ 110.567731773177314, -6.783228322832283 ], [ 110.567731773177314, -6.78337833783378 ], [ 110.567656765676574, -6.783378337833778 ] ], [ [ 110.56758175817582, -6.783528352835274 ], [ 110.567656765676574, -6.783378337833778 ], [ 110.567656765676574, -6.783528352835281 ], [ 110.56758175817582, -6.783528352835274 ] ], [ [ 110.567506750675065, -6.783678367836789 ], [ 110.56758175817582, -6.783603360336026 ], [ 110.56758175817582, -6.783678367836782 ], [ 110.567506750675065, -6.783678367836789 ] ], [ [ 110.572682268226828, -6.783753375337536 ], [ 110.572757275727568, -6.783678367836781 ], [ 110.572757275727568, -6.783753375337533 ], [ 110.572682268226828, -6.783753375337536 ] ], [ [ 110.567431743174311, -6.783828382838284 ], [ 110.567506750675065, -6.783753375337534 ], [ 110.567506750675065, -6.783828382838285 ], [ 110.567431743174311, -6.783828382838284 ] ], [ [ 110.567356735673584, -6.783978397839782 ], [ 110.567431743174311, -6.783903390339041 ], [ 110.567431743174311, -6.783978397839787 ], [ 110.567356735673584, -6.783978397839782 ] ], [ [ 110.572832283228323, -6.784203420342027 ], [ 110.572907290729077, -6.78397839783979 ], [ 110.572907290729077, -6.784203420342035 ], [ 110.572832283228323, -6.784203420342027 ] ], [ [ 110.573057305730572, -6.784203420342037 ], [ 110.573357335733576, -6.784128412841291 ], [ 110.57343234323433, -6.784278427842789 ], [ 110.573057305730572, -6.784203420342037 ] ], [ [ 110.567206720672061, -6.784278427842785 ], [ 110.567281728172816, -6.784203420342036 ], [ 110.567281728172816, -6.784278427842786 ], [ 110.567206720672061, -6.784278427842785 ] ], [ [ 110.57343234323433, -6.784353435343529 ], [ 110.573507350735071, -6.784278427842789 ], [ 110.573507350735071, -6.784353435343536 ], [ 110.57343234323433, -6.784353435343529 ] ], [ [ 110.57343234323433, -6.784503450345041 ], [ 110.573507350735071, -6.784428442844286 ], [ 110.573507350735071, -6.784503450345031 ], [ 110.57343234323433, -6.784503450345041 ] ], [ [ 110.566531653165313, -6.785028502850289 ], [ 110.566906690669072, -6.784878487848777 ], [ 110.566906690669072, -6.785028502850285 ], [ 110.566531653165313, -6.785028502850289 ] ], [ [ 110.56758175817582, -6.785178517851791 ], [ 110.567731773177314, -6.78495349534954 ], [ 110.567656765676574, -6.785178517851779 ], [ 110.56758175817582, -6.785178517851791 ] ], [ [ 110.566456645664573, -6.78607860786078 ], [ 110.566531653165313, -6.786003600360032 ], [ 110.566531653165313, -6.786078607860785 ], [ 110.566456645664573, -6.78607860786078 ] ], [ [ 110.566381638163818, -6.786303630363046 ], [ 110.566456645664573, -6.786153615361536 ], [ 110.566456645664573, -6.786303630363031 ], [ 110.566381638163818, -6.786303630363046 ] ], [ [ 110.583258325832588, -6.787353735373537 ], [ 110.584383438343835, -6.786903690369043 ], [ 110.583708370837087, -6.787878787878784 ], [ 110.583258325832588, -6.787353735373537 ] ], [ [ 110.569606960696063, -6.78817881788178 ], [ 110.569906990699067, -6.787428742874281 ], [ 110.570357035703566, -6.787053705370534 ], [ 110.570132013201317, -6.788403840384031 ], [ 110.569606960696063, -6.78817881788178 ] ], [ [ 110.569981998199836, -6.787203720372033 ], [ 110.570057005700576, -6.78712871287128 ], [ 110.570057005700576, -6.787203720372031 ], [ 110.569981998199836, -6.787203720372033 ] ], [ [ 110.57538253825382, -6.78787878787878 ], [ 110.576207620762077, -6.787578757875786 ], [ 110.575457545754574, -6.78832883288328 ], [ 110.57538253825382, -6.78787878787878 ] ], [ [ 110.569906990699067, -6.787278727872788 ], [ 110.569981998199836, -6.787203720372033 ], [ 110.569981998199836, -6.787278727872792 ], [ 110.569906990699067, -6.787278727872788 ] ], [ [ 110.574782478247826, -6.788628862886287 ], [ 110.57538253825382, -6.788478847884784 ], [ 110.574932493249335, -6.789078907890785 ], [ 110.574782478247826, -6.788628862886287 ] ], [ [ 110.569456945694569, -6.788778877887797 ], [ 110.569756975697572, -6.788328832883295 ], [ 110.569756975697572, -6.788778877887787 ], [ 110.570882088208819, -6.788703870387038 ], [ 110.570882088208819, -6.789078907890784 ], [ 110.569456945694569, -6.788778877887797 ] ], [ [ 110.574932493249335, -6.788403840384038 ], [ 110.575007500750075, -6.788328832883288 ], [ 110.575007500750075, -6.788403840384036 ], [ 110.574932493249335, -6.788403840384038 ] ], [ [ 110.569981998199836, -6.788478847884785 ], [ 110.570057005700576, -6.788403840384047 ], [ 110.570057005700576, -6.788478847884793 ], [ 110.569981998199836, -6.788478847884785 ] ], [ [ 110.569306930693074, -6.788703870387043 ], [ 110.569381938193814, -6.788628862886291 ], [ 110.569381938193814, -6.78870387038703 ], [ 110.569306930693074, -6.788703870387043 ] ], [ [ 110.571032103210328, -6.788853885388531 ], [ 110.575307530753079, -6.789978997899787 ], [ 110.576432643264326, -6.792304230423033 ], [ 110.579057905790577, -6.792754275427535 ], [ 110.57680768076807, -6.792979297929794 ], [ 110.575532553255329, -6.790804080408039 ], [ 110.571032103210328, -6.788853885388531 ] ], [ [ 110.565031503150323, -6.789153915391538 ], [ 110.565106510651063, -6.789078907890783 ], [ 110.565106510651063, -6.789153915391533 ], [ 110.565031503150323, -6.789153915391538 ] ], [ [ 110.565481548154821, -6.791704170417044 ], [ 110.567806780678069, -6.78952895289529 ], [ 110.566531653165313, -6.791779177917799 ], [ 110.565481548154821, -6.791704170417044 ] ], [ [ 110.570207020702071, -6.790054005400548 ], [ 110.57515751575157, -6.790804080408039 ], [ 110.575832583258332, -6.792454245424544 ], [ 110.570207020702071, -6.790054005400548 ] ], [ [ 110.569531953195323, -6.789753975397541 ], [ 110.569756975697572, -6.789828982898291 ], [ 110.569531953195323, -6.789903990399035 ], [ 110.569531953195323, -6.789753975397541 ] ], [ [ 110.56458145814581, -6.791179117911796 ], [ 110.564731473147319, -6.79102910291029 ], [ 110.564731473147319, -6.791179117911787 ], [ 110.56458145814581, -6.791179117911796 ] ], [ [ 110.564956495649568, -6.791329132913291 ], [ 110.565106510651063, -6.791179117911793 ], [ 110.565106510651063, -6.791329132913296 ], [ 110.564956495649568, -6.791329132913291 ] ], [ [ 110.564731473147319, -6.791329132913289 ], [ 110.564806480648059, -6.791254125412546 ], [ 110.564806480648059, -6.791329132913289 ], [ 110.564731473147319, -6.791329132913289 ] ], [ [ 110.565406540654067, -6.791329132913297 ], [ 110.565481548154821, -6.791254125412533 ], [ 110.565481548154821, -6.791329132913285 ], [ 110.565406540654067, -6.791329132913297 ] ], [ [ 110.564881488148814, -6.791479147914784 ], [ 110.564956495649568, -6.791329132913291 ], [ 110.565031503150323, -6.791479147914791 ], [ 110.564881488148814, -6.791479147914784 ] ], [ [ 110.563831383138307, -6.791779177917789 ], [ 110.564206420642066, -6.791479147914784 ], [ 110.563831383138307, -6.7919291929193 ], [ 110.563831383138307, -6.791779177917789 ] ], [ [ 110.573132313231326, -6.793429342934284 ], [ 110.574857485748581, -6.793654365436542 ], [ 110.574182418241818, -6.795529552955294 ], [ 110.572232223222329, -6.794929492949292 ], [ 110.573132313231326, -6.793429342934284 ] ], [ [ 110.581908190819078, -6.795079507950794 ], [ 110.582658265826581, -6.795829582958293 ], [ 110.581533153315334, -6.797479747974798 ], [ 110.581383138313825, -6.797104710471039 ], [ 110.581908190819078, -6.795079507950794 ] ], [ [ 110.575457545754574, -6.795754575457548 ], [ 110.577107710771074, -6.796429642964291 ], [ 110.576957695769579, -6.797329732973291 ], [ 110.57515751575157, -6.796729672967297 ], [ 110.575457545754574, -6.795754575457548 ] ], [ [ 110.570657065706584, -6.797029702970292 ], [ 110.572307230723084, -6.79665466546654 ], [ 110.572457245724578, -6.797029702970301 ], [ 110.570657065706584, -6.797029702970292 ] ], [ [ 110.579057905790577, -6.796504650465043 ], [ 110.579957995799575, -6.798529852985291 ], [ 110.580783078307832, -6.798004800480045 ], [ 110.580258025802578, -6.799429942994294 ], [ 110.577782778277822, -6.798529852985292 ], [ 110.579057905790577, -6.796504650465043 ] ], [ [ 110.563906390639062, -6.796729672967296 ], [ 110.563981398139816, -6.796654665466551 ], [ 110.563981398139816, -6.796729672967291 ], [ 110.563906390639062, -6.796729672967296 ] ], [ [ 110.57980798079808, -6.79680468046805 ], [ 110.579882988298834, -6.796654665466552 ], [ 110.579882988298834, -6.796804680468046 ], [ 110.57980798079808, -6.79680468046805 ] ], [ [ 110.562406240624057, -6.797029702970296 ], [ 110.562481248124811, -6.796954695469538 ], [ 110.562481248124811, -6.797029702970291 ], [ 110.562406240624057, -6.797029702970296 ] ], [ [ 110.564131413141311, -6.797029702970297 ], [ 110.56428142814282, -6.796954695469539 ], [ 110.56428142814282, -6.797104710471052 ], [ 110.564131413141311, -6.797029702970297 ] ], [ [ 110.564431443144315, -6.797104710471039 ], [ 110.564506450645069, -6.797029702970296 ], [ 110.564506450645069, -6.797104710471055 ], [ 110.564431443144315, -6.797104710471039 ] ], [ [ 110.561731173117323, -6.797404740474042 ], [ 110.561806180618063, -6.79725472547254 ], [ 110.561806180618063, -6.797404740474052 ], [ 110.561731173117323, -6.797404740474042 ] ], [ [ 110.560081008100823, -6.79770477047705 ], [ 110.560531053105308, -6.798079807980791 ], [ 110.560231023102304, -6.798229822982295 ], [ 110.560081008100823, -6.79770477047705 ] ], [ [ 110.56593159315932, -6.797629762976301 ], [ 110.566006600660074, -6.79755475547554 ], [ 110.566006600660074, -6.797629762976293 ], [ 110.56593159315932, -6.797629762976301 ] ], [ [ 110.580258025802578, -6.797704770477052 ], [ 110.580333033303333, -6.797629762976304 ], [ 110.580333033303333, -6.797704770477054 ], [ 110.580258025802578, -6.797704770477052 ] ], [ [ 110.57373237323732, -6.798679867986804 ], [ 110.574932493249335, -6.798229822982296 ], [ 110.574632463246346, -6.799129912991301 ], [ 110.57373237323732, -6.798679867986804 ] ], [ [ 110.580183018301824, -6.797929792979295 ], [ 110.580258025802578, -6.797779777977794 ], [ 110.580258025802578, -6.797929792979297 ], [ 110.580183018301824, -6.797929792979295 ] ], [ [ 110.580333033303333, -6.797929792979303 ], [ 110.580408040804087, -6.797854785478555 ], [ 110.580408040804087, -6.7979297929793 ], [ 110.580333033303333, -6.797929792979303 ] ], [ [ 110.580258025802578, -6.7980798079808 ], [ 110.580333033303333, -6.798004800480042 ], [ 110.580333033303333, -6.798079807980801 ], [ 110.580258025802578, -6.7980798079808 ] ], [ [ 110.580183018301824, -6.798304830483058 ], [ 110.580258025802578, -6.798229822982295 ], [ 110.580258025802578, -6.79830483048304 ], [ 110.580183018301824, -6.798304830483058 ] ], [ [ 110.574782478247826, -6.79905490549055 ], [ 110.574857485748581, -6.798979897989803 ], [ 110.574857485748581, -6.799054905490546 ], [ 110.574782478247826, -6.79905490549055 ] ], [ [ 110.578757875787574, -6.799354935493544 ], [ 110.578832883288328, -6.799279927992796 ], [ 110.578832883288328, -6.799354935493547 ], [ 110.578757875787574, -6.799354935493544 ] ], [ [ 110.582133213321328, -6.799954995499546 ], [ 110.582208220822096, -6.799879987998792 ], [ 110.582208220822096, -6.799954995499548 ], [ 110.582133213321328, -6.799954995499546 ] ], [ [ 110.560831083108312, -6.800105010501045 ], [ 110.560906090609066, -6.800030003000305 ], [ 110.560906090609066, -6.800105010501042 ], [ 110.560831083108312, -6.800105010501045 ] ], [ [ 110.582058205820587, -6.800105010501054 ], [ 110.582133213321328, -6.800030003000298 ], [ 110.582133213321328, -6.800105010501055 ], [ 110.582058205820587, -6.800105010501054 ] ], [ [ 110.561956195619558, -6.801530153015295 ], [ 110.562031203120313, -6.801455145514558 ], [ 110.562031203120313, -6.801530153015305 ], [ 110.561956195619558, -6.801530153015295 ] ], [ [ 110.56285628562857, -6.801680168016806 ], [ 110.56293129312931, -6.801605160516055 ], [ 110.56293129312931, -6.801680168016806 ], [ 110.56285628562857, -6.801680168016806 ] ], [ [ 110.563606360636058, -6.801980198019803 ], [ 110.563681368136812, -6.801830183018303 ], [ 110.563681368136812, -6.801980198019797 ], [ 110.563606360636058, -6.801980198019803 ] ], [ [ 110.564206420642066, -6.802355235523548 ], [ 110.56428142814282, -6.802280228022811 ], [ 110.56428142814282, -6.802355235523557 ], [ 110.564206420642066, -6.802355235523548 ] ], [ [ 110.56428142814282, -6.802430243024307 ], [ 110.564356435643575, -6.802355235523547 ], [ 110.564356435643575, -6.802430243024304 ], [ 110.56428142814282, -6.802430243024307 ] ], [ [ 110.561056105610575, -6.802580258025801 ], [ 110.561131113111315, -6.802505250525057 ], [ 110.561131113111315, -6.802580258025801 ], [ 110.561056105610575, -6.802580258025801 ] ], [ [ 110.565256525652572, -6.80325532553255 ], [ 110.565331533153312, -6.803180318031798 ], [ 110.565331533153312, -6.803255325532548 ], [ 110.565256525652572, -6.80325532553255 ] ], [ [ 110.565106510651063, -6.803330333033301 ], [ 110.565181518151817, -6.803255325532549 ], [ 110.565181518151817, -6.803330333033309 ], [ 110.565106510651063, -6.803330333033301 ] ], [ [ 110.565856585658565, -6.803555355535558 ], [ 110.56593159315932, -6.8034803480348 ], [ 110.56593159315932, -6.80355535553555 ], [ 110.565856585658565, -6.803555355535558 ] ], [ [ 110.558805880588054, -6.804755475547552 ], [ 110.563156315631559, -6.806855685568561 ], [ 110.56293129312931, -6.806330633063304 ], [ 110.563081308130833, -6.806105610561053 ], [ 110.566156615661569, -6.809630963096302 ], [ 110.559930993099314, -6.805730573057303 ], [ 110.55820582058206, -6.806630663066302 ], [ 110.558805880588054, -6.804755475547552 ] ], [ [ 110.56758175817582, -6.804830483048305 ], [ 110.567656765676574, -6.804755475547558 ], [ 110.567656765676574, -6.804830483048307 ], [ 110.56758175817582, -6.804830483048305 ] ], [ [ 110.567506750675065, -6.80498049804981 ], [ 110.56758175817582, -6.804830483048305 ], [ 110.56758175817582, -6.804980498049801 ], [ 110.567506750675065, -6.80498049804981 ] ], [ [ 110.567731773177314, -6.804905490549059 ], [ 110.567806780678069, -6.804830483048296 ], [ 110.567806780678069, -6.804905490549051 ], [ 110.567731773177314, -6.804905490549059 ] ], [ [ 110.568031803180318, -6.804905490549062 ], [ 110.568106810681073, -6.804830483048312 ], [ 110.568106810681073, -6.80490549054905 ], [ 110.568031803180318, -6.804905490549062 ] ], [ [ 110.567656765676574, -6.805055505550551 ], [ 110.567731773177314, -6.804905490549059 ], [ 110.567731773177314, -6.805055505550549 ], [ 110.567656765676574, -6.805055505550551 ] ], [ [ 110.567956795679564, -6.804980498049797 ], [ 110.568031803180318, -6.804905490549062 ], [ 110.568031803180318, -6.804980498049806 ], [ 110.567956795679564, -6.804980498049797 ] ], [ [ 110.561056105610575, -6.805355535553558 ], [ 110.561206120612056, -6.805280528052812 ], [ 110.561206120612056, -6.80535553555356 ], [ 110.561056105610575, -6.805355535553558 ] ], [ [ 110.56128112811281, -6.805430543054301 ], [ 110.561356135613565, -6.805355535553558 ], [ 110.561356135613565, -6.805430543054299 ], [ 110.56128112811281, -6.805430543054301 ] ], [ [ 110.557380738073803, -6.805655565556561 ], [ 110.557455745574558, -6.805580558055809 ], [ 110.557455745574558, -6.805655565556562 ], [ 110.557380738073803, -6.805655565556561 ] ], [ [ 110.561656165616569, -6.805730573057304 ], [ 110.561731173117323, -6.805655565556564 ], [ 110.561731173117323, -6.805730573057313 ], [ 110.561656165616569, -6.805730573057304 ] ], [ [ 110.562106210621067, -6.80573057305731 ], [ 110.562181218121808, -6.805655565556553 ], [ 110.562181218121808, -6.805730573057312 ], [ 110.562106210621067, -6.80573057305731 ] ], [ [ 110.561731173117323, -6.805805580558052 ], [ 110.561881188118818, -6.805730573057312 ], [ 110.561881188118818, -6.805805580558053 ], [ 110.561731173117323, -6.805805580558052 ] ], [ [ 110.561881188118818, -6.805880588058799 ], [ 110.561956195619558, -6.805805580558052 ], [ 110.561956195619558, -6.80588058805881 ], [ 110.561881188118818, -6.805880588058799 ] ], [ [ 110.562631263126306, -6.805955595559565 ], [ 110.562706270627075, -6.80588058805881 ], [ 110.562706270627075, -6.805955595559547 ], [ 110.562631263126306, -6.805955595559565 ] ], [ [ 110.562781278127815, -6.80610561056105 ], [ 110.56285628562857, -6.805955595559561 ], [ 110.56293129312931, -6.806105610561049 ], [ 110.562781278127815, -6.80610561056105 ] ], [ [ 110.557605760576052, -6.806705670567065 ], [ 110.557755775577562, -6.806630663066302 ], [ 110.557830783078302, -6.806780678067814 ], [ 110.557605760576052, -6.806705670567065 ] ], [ [ 110.558580858085804, -6.806630663066313 ], [ 110.558655865586559, -6.80655565556556 ], [ 110.558655865586559, -6.80663066306631 ], [ 110.558580858085804, -6.806630663066313 ] ], [ [ 110.557305730573063, -6.80670567056705 ], [ 110.557530753075312, -6.806780678067799 ], [ 110.557305730573063, -6.806855685568562 ], [ 110.557305730573063, -6.80670567056705 ] ], [ [ 110.558130813081306, -6.806705670567049 ], [ 110.55820582058206, -6.806630663066302 ], [ 110.55820582058206, -6.806705670567061 ], [ 110.558130813081306, -6.806705670567049 ] ], [ [ 110.557830783078302, -6.806855685568552 ], [ 110.557905790579056, -6.806780678067812 ], [ 110.557905790579056, -6.806855685568548 ], [ 110.557830783078302, -6.806855685568552 ] ], [ [ 110.556180618061802, -6.807755775577562 ], [ 110.557380738073803, -6.807305730573066 ], [ 110.556105610561062, -6.808655865586557 ], [ 110.556180618061802, -6.807755775577562 ] ], [ [ 110.557155715571554, -6.807830783078303 ], [ 110.558355835583555, -6.807455745574563 ], [ 110.557230723072308, -6.808055805580548 ], [ 110.557155715571554, -6.807830783078303 ] ], [ [ 110.558505850585064, -6.807380738073803 ], [ 110.558580858085804, -6.807305730573066 ], [ 110.558580858085804, -6.8073807380738 ], [ 110.558505850585064, -6.807380738073803 ] ], [ [ 110.557155715571554, -6.807680768076811 ], [ 110.557230723072308, -6.807605760576057 ], [ 110.557230723072308, -6.807680768076812 ], [ 110.557155715571554, -6.807680768076811 ] ], [ [ 110.564806480648059, -6.80790579057905 ], [ 110.564881488148814, -6.807830783078314 ], [ 110.564881488148814, -6.80790579057905 ], [ 110.564806480648059, -6.80790579057905 ] ], [ [ 110.564881488148814, -6.807980798079808 ], [ 110.564956495649568, -6.807905790579057 ], [ 110.564956495649568, -6.807980798079805 ], [ 110.564881488148814, -6.807980798079808 ] ], [ [ 110.570657065706584, -6.808880888088803 ], [ 110.570732073207324, -6.808805880588065 ], [ 110.570732073207324, -6.808880888088803 ], [ 110.570657065706584, -6.808880888088803 ] ], [ [ 110.570582058205815, -6.808955895589557 ], [ 110.570657065706584, -6.808880888088803 ], [ 110.570657065706584, -6.808955895589564 ], [ 110.570582058205815, -6.808955895589557 ] ], [ [ 110.570207020702071, -6.809330933093304 ], [ 110.570582058205815, -6.809330933093302 ], [ 110.570282028202826, -6.809480948094818 ], [ 110.570207020702071, -6.809330933093304 ] ], [ [ 110.570657065706584, -6.809030903090315 ], [ 110.570732073207324, -6.808955895589561 ], [ 110.570732073207324, -6.809030903090307 ], [ 110.570657065706584, -6.809030903090315 ] ], [ [ 110.570132013201317, -6.809480948094807 ], [ 110.570207020702071, -6.809405940594056 ], [ 110.570207020702071, -6.809480948094812 ], [ 110.570132013201317, -6.809480948094807 ] ], [ [ 110.570057005700576, -6.809555955595561 ], [ 110.570132013201317, -6.809480948094807 ], [ 110.570132013201317, -6.809555955595557 ], [ 110.570057005700576, -6.809555955595561 ] ], [ [ 110.569981998199836, -6.809630963096313 ], [ 110.570057005700576, -6.809555955595561 ], [ 110.570057005700576, -6.809630963096301 ], [ 110.569981998199836, -6.809630963096313 ] ], [ [ 110.569906990699067, -6.809705970597062 ], [ 110.569981998199836, -6.809630963096313 ], [ 110.569981998199836, -6.809705970597062 ], [ 110.569906990699067, -6.809705970597062 ] ], [ [ 110.569831983198327, -6.809780978097811 ], [ 110.569906990699067, -6.809705970597062 ], [ 110.569906990699067, -6.809780978097802 ], [ 110.569831983198327, -6.809780978097811 ] ], [ [ 110.569756975697572, -6.809855985598557 ], [ 110.569831983198327, -6.809780978097811 ], [ 110.569831983198327, -6.809855985598559 ], [ 110.569756975697572, -6.809855985598557 ] ], [ [ 110.569831983198327, -6.809930993099311 ], [ 110.570057005700576, -6.809930993099308 ], [ 110.569831983198327, -6.810006000600069 ], [ 110.569831983198327, -6.809930993099311 ] ], [ [ 110.569456945694569, -6.810156015601567 ], [ 110.569906990699067, -6.810081008100809 ], [ 110.569756975697572, -6.810306030603066 ], [ 110.569456945694569, -6.810156015601567 ] ], [ [ 110.570057005700576, -6.810006000600055 ], [ 110.570132013201317, -6.809930993099302 ], [ 110.570132013201317, -6.810006000600061 ], [ 110.570057005700576, -6.810006000600055 ] ], [ [ 110.569231923192319, -6.810306030603059 ], [ 110.569306930693074, -6.810231023102311 ], [ 110.569306930693074, -6.810306030603056 ], [ 110.569231923192319, -6.810306030603059 ] ], [ [ 110.569456945694569, -6.810306030603062 ], [ 110.569531953195323, -6.81023102310231 ], [ 110.569531953195323, -6.810306030603066 ], [ 110.569456945694569, -6.810306030603062 ] ], [ [ 110.568856885688575, -6.810756075607556 ], [ 110.570282028202826, -6.810831083108313 ], [ 110.57043204320432, -6.811506150615057 ], [ 110.568856885688575, -6.810756075607556 ] ], [ [ 110.569531953195323, -6.81038103810381 ], [ 110.569606960696063, -6.810306030603059 ], [ 110.569606960696063, -6.810381038103817 ], [ 110.569531953195323, -6.81038103810381 ] ], [ [ 110.571632163216336, -6.810606060606052 ], [ 110.572007200720066, -6.810456045604565 ], [ 110.571932193219325, -6.810681068106819 ], [ 110.571632163216336, -6.810606060606052 ] ] ] } },
{ "type": "Feature", "properties": { "year": 2035, "layer": "atrisk" }, "geometry": { "type": "Polygon", "coordinates": [ [ [ 110.552730273027308, -6.829732973297334 ], [ 110.550930093009299, -6.829507950795082 ], [ 110.553105310531052, -6.830033003300325 ], [ 110.552730273027308, -6.829732973297334 ] ] ] } },
{ "type": "Feature", "properties": { "year": 2035, "layer": "atrisk" }, "geometry": { "type": "Polygon", "coordinates": [ [ [ 110.540954095409546, -6.841134113411338 ], [ 110.539828982898285, -6.840909090909084 ], [ 110.540729072907297, -6.841584158415849 ], [ 110.540954095409546, -6.841134113411338 ] ] ] } },
{ "type": "Feature", "properties": { "year": 2035, "layer": "atrisk" }, "geometry": { "type": "Polygon", "coordinates": [ [ [ 110.52737773777379, -6.848109810981089 ], [ 110.522652265226526, -6.848334833483343 ], [ 110.521827182718269, -6.848709870987097 ], [ 110.521827182718269, -6.848859885988604 ], [ 110.524902490249019, -6.850210021002101 ], [ 110.52737773777379, -6.848109810981089 ] ] ] } },
{ "type": "Feature", "properties": { "year": 2035, "layer": "atrisk" }, "geometry": { "type": "Polygon", "coordinates": [ [ [ 110.442694269426937, -6.938868886888689 ], [ 110.440819081908202, -6.938043804380433 ], [ 110.439468946894692, -6.938943894389444 ], [ 110.442694269426937, -6.938868886888689 ] ] ] } },
{ "type": "Feature", "properties": { "year": 2035, "layer": "atrisk" }, "geometry": { "type": "Polygon", "coordinates": [ [ [ 110.552430243024304, -6.809030903090306 ], [ 110.549204920492045, -6.813006300630066 ], [ 110.549729972997298, -6.817581758175821 ], [ 110.547554755475545, -6.820282028202814 ], [ 110.545904590459045, -6.821482148214819 ], [ 110.544029402940296, -6.819906990699073 ], [ 110.542454245424537, -6.820657065706573 ], [ 110.537353735373543, -6.827182718271833 ], [ 110.534953495349541, -6.82778277827782 ], [ 110.530453045304526, -6.832283228322837 ], [ 110.532853285328528, -6.834908490849091 ], [ 110.534803480348032, -6.831983198319834 ], [ 110.535028502850281, -6.832133213321329 ], [ 110.533453345334536, -6.836183618361834 ], [ 110.529777977797778, -6.832283228322838 ], [ 110.520102010201029, -6.834983498349827 ], [ 110.523402340234028, -6.838508850885088 ], [ 110.527527752775271, -6.839333933393331 ], [ 110.528802880288026, -6.844659465946592 ], [ 110.527527752775271, -6.848109810981098 ], [ 110.528877887788781, -6.848034803480347 ], [ 110.52902790279029, -6.846234623462339 ], [ 110.529927992799287, -6.846159615961598 ], [ 110.529327932793279, -6.848409840984098 ], [ 110.527602760276025, -6.848634863486352 ], [ 110.526477647764779, -6.850960096009591 ], [ 110.52160216021602, -6.851410141014102 ], [ 110.522202220222027, -6.849759975997596 ], [ 110.521077107710781, -6.849684968496851 ], [ 110.519726972697271, -6.854560456045603 ], [ 110.521677167716774, -6.85493549354936 ], [ 110.518601860186024, -6.857335733573353 ], [ 110.518376837683775, -6.855160516051601 ], [ 110.51522652265227, -6.85913591359135 ], [ 110.516051605160513, -6.86063606360636 ], [ 110.516276627662762, -6.859510951095101 ], [ 110.520177017701769, -6.856585658565856 ], [ 110.516351635163517, -6.860111011101105 ], [ 110.519576957695776, -6.86228622862286 ], [ 110.515076507650761, -6.867386738673869 ], [ 110.508700870087011, -6.880063006300624 ], [ 110.478997899789974, -6.918241824182414 ], [ 110.47562256225622, -6.920942094209425 ], [ 110.476072607260733, -6.924167416741672 ], [ 110.470447044704471, -6.925442544254425 ], [ 110.467371737173721, -6.930468046804684 ], [ 110.46482148214821, -6.929717971797172 ], [ 110.461221122112207, -6.932418241824185 ], [ 110.46009600960096, -6.931818181818182 ], [ 110.459870987098711, -6.933318331833183 ], [ 110.458820882088204, -6.932343234323429 ], [ 110.455520552055205, -6.935943594359435 ], [ 110.452970297029708, -6.936318631863181 ], [ 110.452145214521451, -6.935043504350432 ], [ 110.449219921992196, -6.936918691869195 ], [ 110.448394839483953, -6.935418541854187 ], [ 110.444419441944191, -6.938943894389443 ], [ 110.459495949594952, -6.938943894389433 ], [ 110.458520852085215, -6.93676867686769 ], [ 110.46009600960096, -6.934743474347428 ], [ 110.462046204620464, -6.93474347434744 ], [ 110.46174617461746, -6.936168616861688 ], [ 110.462346234623467, -6.935343534353437 ], [ 110.462646264626457, -6.936468646864692 ], [ 110.465271527152709, -6.938943894389434 ], [ 110.463846384638458, -6.936243624362436 ], [ 110.467146714671472, -6.938943894389432 ], [ 110.482073207320738, -6.938493849384936 ], [ 110.490474047404746, -6.935193519351929 ], [ 110.496174617461747, -6.930093009300924 ], [ 110.501050105010506, -6.919141914191428 ], [ 110.50142514251425, -6.896939693969404 ], [ 110.508325832583253, -6.894989498949901 ], [ 110.51357635763577, -6.891764176417639 ], [ 110.518151815181511, -6.886738673867383 ], [ 110.520927092709272, -6.881038103810372 ], [ 110.522277227722768, -6.872337233723364 ], [ 110.522202220222027, -6.859585958595869 ], [ 110.520702070207022, -6.860261026102615 ], [ 110.522202220222027, -6.858685868586851 ], [ 110.52137713771377, -6.855535553555348 ], [ 110.530228022802277, -6.852760276027608 ], [ 110.537728772877287, -6.846609660966095 ], [ 110.540579057905802, -6.841884188418846 ], [ 110.536078607860787, -6.838208820882088 ], [ 110.539828982898285, -6.840759075907588 ], [ 110.539078907890783, -6.839333933393341 ], [ 110.540504050405048, -6.840609060906091 ], [ 110.541179117911796, -6.840684068406834 ], [ 110.542754275427541, -6.834383438343829 ], [ 110.54740474047405, -6.833033303330324 ], [ 110.545154515451543, -6.831758175817578 ], [ 110.54605460546054, -6.830558055805571 ], [ 110.5459795979598, -6.828757875787574 ], [ 110.546654665466548, -6.828457845784582 ], [ 110.54605460546054, -6.826807680768074 ], [ 110.547554755475545, -6.828157815781578 ], [ 110.54627962796279, -6.830108010801085 ], [ 110.545829582958291, -6.831758175817576 ], [ 110.547779777977794, -6.833258325832576 ], [ 110.551155115511563, -6.831758175817588 ], [ 110.549504950495063, -6.830783078307832 ], [ 110.548754875487546, -6.827632763276327 ], [ 110.550180018001797, -6.829057905790577 ], [ 110.549429942994294, -6.827932793279334 ], [ 110.554680468046811, -6.829507950795079 ], [ 110.561656165616569, -6.820582058205828 ], [ 110.561956195619558, -6.816231623162311 ], [ 110.552430243024304, -6.809030903090306 ] ], [ [ 110.551005100510054, -6.810906090609062 ], [ 110.551080108010808, -6.810831083108313 ], [ 110.551080108010808, -6.81090609060906 ], [ 110.551005100510054, -6.810906090609062 ] ], [ [ 110.551980198019805, -6.815331533153317 ], [ 110.550630063006295, -6.814206420642066 ], [ 110.551830183018296, -6.815031503150312 ], [ 110.551980198019805, -6.815331533153317 ] ], [ [ 110.551755175517556, -6.821182118211821 ], [ 110.551980198019805, -6.822382238223824 ], [ 110.549954995499547, -6.824857485748577 ], [ 110.549279927992799, -6.824557455745573 ], [ 110.548604860486051, -6.824782478247821 ], [ 110.548079807980798, -6.825907590759075 ], [ 110.547179717971801, -6.825757575757575 ], [ 110.546654665466548, -6.826582658265826 ], [ 110.543654365436538, -6.824332433243326 ], [ 110.544779477947799, -6.821257125712567 ], [ 110.545754575457551, -6.82170717071707 ], [ 110.545004500450048, -6.823582358235822 ], [ 110.547779777977794, -6.825307530753072 ], [ 110.551755175517556, -6.821182118211821 ] ], [ [ 110.552430243024304, -6.825232523252326 ], [ 110.553255325532547, -6.824782478247828 ], [ 110.552505250525073, -6.825982598259823 ], [ 110.552430243024304, -6.825232523252326 ] ], [ [ 110.549279927992799, -6.82485748574858 ], [ 110.549354935493554, -6.824782478247818 ], [ 110.549354935493554, -6.824857485748582 ], [ 110.549279927992799, -6.82485748574858 ] ], [ [ 110.542529252925291, -6.82515751575158 ], [ 110.542604260426046, -6.825082508250829 ], [ 110.542604260426046, -6.825157515751576 ], [ 110.542529252925291, -6.82515751575158 ] ], [ [ 110.542079207920793, -6.825457545754577 ], [ 110.542154215421547, -6.825382538253835 ], [ 110.542154215421547, -6.825457545754579 ], [ 110.542079207920793, -6.825457545754577 ] ], [ [ 110.542004200420038, -6.825532553255332 ], [ 110.542079207920793, -6.825457545754577 ], [ 110.542079207920793, -6.825532553255331 ], [ 110.542004200420038, -6.825532553255332 ] ], [ [ 110.541929192919312, -6.825607560756068 ], [ 110.542004200420038, -6.825532553255332 ], [ 110.542004200420038, -6.825607560756066 ], [ 110.541929192919312, -6.825607560756068 ] ], [ [ 110.54740474047405, -6.825907590759078 ], [ 110.547479747974791, -6.825832583258328 ], [ 110.547479747974791, -6.825907590759082 ], [ 110.54740474047405, -6.825907590759078 ] ], [ [ 110.540579057905802, -6.826207620762081 ], [ 110.541104110411041, -6.82620762076207 ], [ 110.540579057905802, -6.826582658265828 ], [ 110.540579057905802, -6.826207620762081 ] ], [ [ 110.540279027902784, -6.826807680768074 ], [ 110.540354035403539, -6.826732673267327 ], [ 110.540354035403539, -6.826807680768077 ], [ 110.540279027902784, -6.826807680768074 ] ], [ [ 110.536303630363051, -6.827857785778586 ], [ 110.537203720372034, -6.828982898289827 ], [ 110.538703870387039, -6.832358235823578 ], [ 110.537953795379551, -6.832208220822089 ], [ 110.536303630363051, -6.827857785778586 ] ], [ [ 110.547554755475545, -6.828007800780072 ], [ 110.5476297629763, -6.827932793279324 ], [ 110.5476297629763, -6.828007800780071 ], [ 110.547554755475545, -6.828007800780072 ] ], [ [ 110.546504650465053, -6.830108010801074 ], [ 110.546579657965793, -6.829957995799583 ], [ 110.546579657965793, -6.830108010801076 ], [ 110.546504650465053, -6.830108010801074 ] ], [ [ 110.545904590459045, -6.830483048304833 ], [ 110.5459795979598, -6.830408040804084 ], [ 110.5459795979598, -6.830483048304828 ], [ 110.545904590459045, -6.830483048304833 ] ], [ [ 110.535028502850281, -6.83243324332433 ], [ 110.535103510351036, -6.832358235823581 ], [ 110.535103510351036, -6.832433243324334 ], [ 110.535028502850281, -6.83243324332433 ] ], [ [ 110.538778877887793, -6.832433243324332 ], [ 110.539003900390043, -6.832358235823591 ], [ 110.539003900390043, -6.832433243324333 ], [ 110.538778877887793, -6.832433243324332 ] ], [ [ 110.538328832883295, -6.832508250825076 ], [ 110.53847884788479, -6.832433243324331 ], [ 110.53847884788479, -6.832508250825073 ], [ 110.538328832883295, -6.832508250825076 ] ], [ [ 110.53847884788479, -6.832508250825073 ], [ 110.540129012901289, -6.83265826582659 ], [ 110.540129012901289, -6.832958295829575 ], [ 110.541404140414045, -6.833633363336332 ], [ 110.541629162916294, -6.833258325832591 ], [ 110.542754275427541, -6.834008400840087 ], [ 110.542154215421547, -6.834683468346832 ], [ 110.53847884788479, -6.832508250825073 ] ], [ [ 110.540204020402044, -6.832808280828085 ], [ 110.540279027902784, -6.832733273327337 ], [ 110.540279027902784, -6.83280828082808 ], [ 110.540204020402044, -6.832808280828085 ] ], [ [ 110.540354035403539, -6.832883288328834 ], [ 110.540579057905802, -6.832808280828076 ], [ 110.540579057905802, -6.832958295829575 ], [ 110.540354035403539, -6.832883288328834 ] ], [ [ 110.54132913291329, -6.833333333333325 ], [ 110.541404140414045, -6.833183318331829 ], [ 110.541404140414045, -6.833333333333335 ], [ 110.54132913291329, -6.833333333333325 ] ], [ [ 110.525802580258031, -6.83438343834383 ], [ 110.52737773777379, -6.836933693369334 ], [ 110.528727872787272, -6.837308730873082 ], [ 110.527302730273021, -6.837083708370833 ], [ 110.524302430243026, -6.835208520852084 ], [ 110.525802580258031, -6.83438343834383 ] ], [ [ 110.542004200420038, -6.834833483348326 ], [ 110.542154215421547, -6.834983498349835 ], [ 110.542004200420038, -6.834983498349831 ], [ 110.542004200420038, -6.834833483348326 ] ], [ [ 110.522652265226526, -6.834833483348332 ], [ 110.525352535253532, -6.836333633363331 ], [ 110.52467746774677, -6.836483648364833 ], [ 110.524752475247524, -6.837833783378334 ], [ 110.521902190219024, -6.836483648364828 ], [ 110.522652265226526, -6.834833483348332 ] ], [ [ 110.53382838283828, -6.836258625862595 ], [ 110.533903390339034, -6.83610861086108 ], [ 110.533978397839789, -6.836258625862581 ], [ 110.53382838283828, -6.836258625862595 ] ], [ [ 110.533978397839789, -6.836333633363331 ], [ 110.534053405340529, -6.83625862586258 ], [ 110.534053405340529, -6.836333633363336 ], [ 110.533978397839789, -6.836333633363331 ] ], [ [ 110.533978397839789, -6.836483648364846 ], [ 110.534053405340529, -6.83640864086408 ], [ 110.534053405340529, -6.836483648364846 ], [ 110.533978397839789, -6.836483648364846 ] ], [ [ 110.534203420342038, -6.836483648364839 ], [ 110.534278427842779, -6.836408640864083 ], [ 110.534278427842779, -6.836483648364831 ], [ 110.534203420342038, -6.836483648364839 ] ], [ [ 110.534278427842779, -6.836558655865585 ], [ 110.534353435343533, -6.836483648364834 ], [ 110.534353435343533, -6.836558655865594 ], [ 110.534278427842779, -6.836558655865585 ] ], [ [ 110.524827482748279, -6.836708670867087 ], [ 110.524902490249019, -6.836558655865583 ], [ 110.524977497749774, -6.836708670867087 ], [ 110.524827482748279, -6.836708670867087 ] ], [ [ 110.534878487848786, -6.83708370837083 ], [ 110.535928592859293, -6.83708370837084 ], [ 110.536303630363051, -6.837533753375344 ], [ 110.534878487848786, -6.83708370837083 ] ], [ [ 110.529777977797778, -6.837083708370839 ], [ 110.530303030303031, -6.836708670867084 ], [ 110.5303780378038, -6.837083708370833 ], [ 110.529777977797778, -6.837083708370839 ] ], [ [ 110.527527752775271, -6.83693369336934 ], [ 110.527602760276025, -6.836858685868586 ], [ 110.527602760276025, -6.836933693369331 ], [ 110.527527752775271, -6.83693369336934 ] ], [ [ 110.527752775277534, -6.836933693369337 ], [ 110.527902790279029, -6.836858685868579 ], [ 110.527902790279029, -6.836933693369342 ], [ 110.527752775277534, -6.836933693369337 ] ], [ [ 110.524902490249019, -6.837233723372336 ], [ 110.524977497749774, -6.837083708370834 ], [ 110.524977497749774, -6.837233723372345 ], [ 110.524902490249019, -6.837233723372336 ] ], [ [ 110.528802880288026, -6.837083708370836 ], [ 110.53240324032403, -6.837533753375336 ], [ 110.533978397839789, -6.838133813381343 ], [ 110.532478247824784, -6.838208820882084 ], [ 110.528802880288026, -6.837083708370836 ] ], [ [ 110.536003600360033, -6.837158715871596 ], [ 110.536153615361542, -6.837083708370842 ], [ 110.536153615361542, -6.837158715871582 ], [ 110.536003600360033, -6.837158715871596 ] ], [ [ 110.536153615361542, -6.837233723372344 ], [ 110.536378637863791, -6.837158715871579 ], [ 110.536453645364531, -6.837308730873096 ], [ 110.536153615361542, -6.837233723372344 ] ], [ [ 110.527077707770772, -6.837458745874591 ], [ 110.530078007800782, -6.837758775877591 ], [ 110.530453045304526, -6.837983798379833 ], [ 110.528352835283542, -6.837983798379831 ], [ 110.527077707770772, -6.837458745874591 ] ], [ [ 110.530453045304526, -6.838133813381331 ], [ 110.531353135313552, -6.838133813381346 ], [ 110.531428142814278, -6.83828382838284 ], [ 110.530453045304526, -6.838133813381331 ] ], [ [ 110.533453345334536, -6.838808880888092 ], [ 110.535403540354039, -6.838433843384344 ], [ 110.535853585358538, -6.838733873387337 ], [ 110.533453345334536, -6.838808880888092 ] ], [ [ 110.536078607860787, -6.838883888388839 ], [ 110.536153615361542, -6.838808880888082 ], [ 110.536153615361542, -6.838883888388838 ], [ 110.536078607860787, -6.838883888388839 ] ], [ [ 110.536153615361542, -6.838958895889597 ], [ 110.536303630363051, -6.838883888388833 ], [ 110.536303630363051, -6.838958895889581 ], [ 110.536153615361542, -6.838958895889597 ] ], [ [ 110.536528652865286, -6.839258925892597 ], [ 110.53660366036604, -6.839033903390332 ], [ 110.536978697869785, -6.839333933393338 ], [ 110.536528652865286, -6.839258925892597 ] ], [ [ 110.531128112811288, -6.840009000900092 ], [ 110.531353135313552, -6.840009000900084 ], [ 110.531128112811288, -6.840159015901589 ], [ 110.531128112811288, -6.840009000900092 ] ], [ [ 110.535328532853285, -6.840384038403841 ], [ 110.53547854785478, -6.840159015901598 ], [ 110.535553555355534, -6.840384038403846 ], [ 110.535328532853285, -6.840384038403841 ] ], [ [ 110.540429042904293, -6.840234023402339 ], [ 110.540504050405048, -6.84015901590159 ], [ 110.540504050405048, -6.840234023402342 ], [ 110.540429042904293, -6.840234023402339 ] ], [ [ 110.531053105310534, -6.840309030903093 ], [ 110.531128112811288, -6.840234023402339 ], [ 110.531128112811288, -6.840309030903088 ], [ 110.531053105310534, -6.840309030903093 ] ], [ [ 110.540654065406542, -6.840384038403847 ], [ 110.540729072907297, -6.840309030903085 ], [ 110.540729072907297, -6.840384038403847 ], [ 110.540654065406542, -6.840384038403847 ] ], [ [ 110.540429042904293, -6.840459045904598 ], [ 110.540504050405048, -6.840384038403839 ], [ 110.540504050405048, -6.840459045904584 ], [ 110.540429042904293, -6.840459045904598 ] ], [ [ 110.538553855385544, -6.840834083408336 ], [ 110.538628862886284, -6.840759075907597 ], [ 110.538628862886284, -6.840834083408343 ], [ 110.538553855385544, -6.840834083408336 ] ], [ [ 110.538778877887793, -6.841359135913601 ], [ 110.538853885388534, -6.840909090909095 ], [ 110.539153915391537, -6.84143414341434 ], [ 110.538778877887793, -6.841359135913601 ] ], [ [ 110.538028802880291, -6.841284128412839 ], [ 110.538103810381031, -6.8412091209121 ], [ 110.538103810381031, -6.841284128412845 ], [ 110.538028802880291, -6.841284128412839 ] ], [ [ 110.538103810381031, -6.841284128412845 ], [ 110.539378937893787, -6.841509150915082 ], [ 110.539153915391537, -6.84203420342035 ], [ 110.539753975397545, -6.842784278427842 ], [ 110.538103810381031, -6.841284128412845 ] ], [ [ 110.539753975397545, -6.842259225922598 ], [ 110.539753975397545, -6.842109210921082 ], [ 110.540129012901289, -6.842184218421838 ], [ 110.539753975397545, -6.842259225922598 ] ], [ [ 110.530603060306035, -6.842184218421842 ], [ 110.530678067806789, -6.841959195919597 ], [ 110.530678067806789, -6.842184218421848 ], [ 110.530603060306035, -6.842184218421842 ] ], [ [ 110.53075307530753, -6.842184218421837 ], [ 110.530828082808284, -6.842034203420342 ], [ 110.530828082808284, -6.842184218421844 ], [ 110.53075307530753, -6.842184218421837 ] ], [ [ 110.530603060306035, -6.842484248424837 ], [ 110.53075307530753, -6.842784278427846 ], [ 110.530603060306035, -6.842934293429344 ], [ 110.530603060306035, -6.842484248424837 ] ], [ [ 110.53052805280528, -6.843384338433837 ], [ 110.530603060306035, -6.843234323432337 ], [ 110.530603060306035, -6.84338433843385 ], [ 110.53052805280528, -6.843384338433837 ] ], [ [ 110.530303030303031, -6.843534353435334 ], [ 110.53052805280528, -6.843834383438336 ], [ 110.530303030303031, -6.843984398439849 ], [ 110.530303030303031, -6.843534353435334 ] ], [ [ 110.528802880288026, -6.845784578457851 ], [ 110.529252925292525, -6.845559555955602 ], [ 110.529402940294034, -6.845784578457842 ], [ 110.528802880288026, -6.845784578457851 ] ], [ [ 110.530078007800782, -6.846234623462347 ], [ 110.530828082808284, -6.846009600960093 ], [ 110.530903090309025, -6.846159615961592 ], [ 110.530078007800782, -6.846234623462347 ] ], [ [ 110.530978097809779, -6.846084608460839 ], [ 110.531278127812783, -6.846159615961596 ], [ 110.531428142814278, -6.846459645964596 ], [ 110.530978097809779, -6.846084608460839 ] ], [ [ 110.529927992799287, -6.846309630963089 ], [ 110.530003000300042, -6.846234623462352 ], [ 110.530003000300042, -6.846309630963105 ], [ 110.529927992799287, -6.846309630963089 ] ], [ [ 110.531578157815787, -6.847134713471343 ], [ 110.531728172817282, -6.8470597059706 ], [ 110.531728172817282, -6.847209720972097 ], [ 110.531578157815787, -6.847134713471343 ] ], [ [ 110.531728172817282, -6.847359735973591 ], [ 110.531803180318036, -6.8472097209721 ], [ 110.531803180318036, -6.847359735973597 ], [ 110.531728172817282, -6.847359735973591 ] ], [ [ 110.532028202820285, -6.847284728472839 ], [ 110.532103210321026, -6.847209720972088 ], [ 110.532103210321026, -6.847284728472848 ], [ 110.532028202820285, -6.847284728472839 ] ], [ [ 110.532103210321026, -6.847434743474345 ], [ 110.532253225322535, -6.847359735973605 ], [ 110.532328232823289, -6.847509750975089 ], [ 110.532103210321026, -6.847434743474345 ] ], [ [ 110.532328232823289, -6.847584758475841 ], [ 110.53240324032403, -6.847509750975106 ], [ 110.53240324032403, -6.84758475847585 ], [ 110.532328232823289, -6.847584758475841 ] ], [ [ 110.53240324032403, -6.8476597659766 ], [ 110.532478247824784, -6.84758475847585 ], [ 110.532478247824784, -6.847659765976589 ], [ 110.53240324032403, -6.8476597659766 ] ], [ [ 110.53217821782178, -6.84780978097809 ], [ 110.532628262826279, -6.847809780978102 ], [ 110.532628262826279, -6.848034803480355 ], [ 110.53217821782178, -6.84780978097809 ] ], [ [ 110.532628262826279, -6.847809780978102 ], [ 110.532703270327033, -6.84773477347734 ], [ 110.532703270327033, -6.847809780978097 ], [ 110.532628262826279, -6.847809780978102 ] ], [ [ 110.533303330333041, -6.848409840984106 ], [ 110.533378337833781, -6.848334833483346 ], [ 110.533378337833781, -6.848409840984102 ], [ 110.533303330333041, -6.848409840984106 ] ], [ [ 110.533378337833781, -6.848484848484847 ], [ 110.533453345334536, -6.848409840984105 ], [ 110.533453345334536, -6.848484848484857 ], [ 110.533378337833781, -6.848484848484847 ] ], [ [ 110.533453345334536, -6.848559855985593 ], [ 110.53352835283529, -6.848484848484854 ], [ 110.53352835283529, -6.8485598559856 ], [ 110.533453345334536, -6.848559855985593 ] ], [ [ 110.53352835283529, -6.848634863486348 ], [ 110.533603360336031, -6.848559855985593 ], [ 110.533603360336031, -6.848634863486349 ], [ 110.53352835283529, -6.848634863486348 ] ], [ [ 110.533603360336031, -6.848709870987093 ], [ 110.53375337533754, -6.848634863486349 ], [ 110.53375337533754, -6.84878487848785 ], [ 110.533603360336031, -6.848709870987093 ] ], [ [ 110.53382838283828, -6.8488598859886 ], [ 110.533903390339034, -6.848784878487847 ], [ 110.533903390339034, -6.848859885988608 ], [ 110.53382838283828, -6.8488598859886 ] ], [ [ 110.53382838283828, -6.849159915991605 ], [ 110.534053405340529, -6.849009900990094 ], [ 110.533978397839789, -6.849234923492342 ], [ 110.53382838283828, -6.849159915991605 ] ], [ [ 110.53375337533754, -6.849084908490847 ], [ 110.53382838283828, -6.849009900990103 ], [ 110.53382838283828, -6.849084908490852 ], [ 110.53375337533754, -6.849084908490847 ] ], [ [ 110.533978397839789, -6.849309930993098 ], [ 110.534053405340529, -6.849234923492341 ], [ 110.534053405340529, -6.849309930993103 ], [ 110.533978397839789, -6.849309930993098 ] ], [ [ 110.522802280228021, -6.85253525352535 ], [ 110.522877287728775, -6.852460246024604 ], [ 110.522877287728775, -6.852535253525349 ], [ 110.522802280228021, -6.85253525352535 ] ], [ [ 110.526252625262529, -6.852910291029094 ], [ 110.526477647764779, -6.852685268526848 ], [ 110.526552655265533, -6.852910291029102 ], [ 110.526252625262529, -6.852910291029094 ] ], [ [ 110.526627662766273, -6.853285328532844 ], [ 110.527077707770772, -6.852985298529856 ], [ 110.526927692769277, -6.853510351035101 ], [ 110.526627662766273, -6.853285328532844 ] ], [ [ 110.527152715271527, -6.853285328532852 ], [ 110.527227722772281, -6.853135313531358 ], [ 110.527227722772281, -6.853285328532856 ], [ 110.527152715271527, -6.853285328532852 ] ], [ [ 110.527077707770772, -6.853585358535845 ], [ 110.527152715271527, -6.853435343534346 ], [ 110.527152715271527, -6.853585358535854 ], [ 110.527077707770772, -6.853585358535845 ] ], [ [ 110.525652565256522, -6.85373537353736 ], [ 110.525877587758771, -6.853585358535846 ], [ 110.525877587758771, -6.85373537353736 ], [ 110.525652565256522, -6.85373537353736 ] ], [ [ 110.523252325232519, -6.853735373537355 ], [ 110.523477347734769, -6.853735373537359 ], [ 110.523252325232519, -6.853810381038101 ], [ 110.523252325232519, -6.853735373537355 ] ], [ [ 110.525952595259525, -6.853810381038111 ], [ 110.52602760276028, -6.853735373537345 ], [ 110.52602760276028, -6.853810381038105 ], [ 110.525952595259525, -6.853810381038111 ] ], [ [ 110.52602760276028, -6.85388538853885 ], [ 110.52610261026102, -6.853810381038111 ], [ 110.52610261026102, -6.853885388538861 ], [ 110.52602760276028, -6.85388538853885 ] ], [ [ 110.52610261026102, -6.853960396039597 ], [ 110.526177617761775, -6.85388538853885 ], [ 110.526177617761775, -6.853960396039605 ], [ 110.52610261026102, -6.853960396039597 ] ], [ [ 110.521827182718269, -6.854635463546354 ], [ 110.522502250225017, -6.854560456045597 ], [ 110.521677167716774, -6.854860486048602 ], [ 110.521827182718269, -6.854635463546354 ] ], [ [ 110.521302130213016, -6.85568556855685 ], [ 110.52137713771377, -6.855610561056101 ], [ 110.52137713771377, -6.855685568556856 ], [ 110.521302130213016, -6.85568556855685 ] ], [ [ 110.521227122712276, -6.85576057605761 ], [ 110.521302130213016, -6.85568556855685 ], [ 110.521302130213016, -6.855760576057599 ], [ 110.521227122712276, -6.85576057605761 ] ], [ [ 110.518376837683775, -6.857410741074106 ], [ 110.518451845184529, -6.85733573357335 ], [ 110.518451845184529, -6.857410741074113 ], [ 110.518376837683775, -6.857410741074106 ] ], [ [ 110.517626762676272, -6.85741074107411 ], [ 110.517776777677767, -6.857485748574854 ], [ 110.517476747674763, -6.857785778577852 ], [ 110.517551755175518, -6.858310831083108 ], [ 110.51687668766877, -6.858685868586851 ], [ 110.517626762676272, -6.85741074107411 ] ], [ [ 110.517701770177013, -6.857860786078601 ], [ 110.517851785178522, -6.857710771077115 ], [ 110.517776777677767, -6.857860786078604 ], [ 110.517701770177013, -6.857860786078601 ] ], [ [ 110.518001800180016, -6.857860786078604 ], [ 110.518076807680771, -6.85778577857786 ], [ 110.518076807680771, -6.857860786078601 ], [ 110.518001800180016, -6.857860786078604 ] ], [ [ 110.517926792679262, -6.85793579357936 ], [ 110.518001800180016, -6.857860786078604 ], [ 110.518001800180016, -6.85793579357935 ], [ 110.517926792679262, -6.85793579357936 ] ], [ [ 110.517851785178522, -6.858010801080113 ], [ 110.517926792679262, -6.85793579357936 ], [ 110.517926792679262, -6.858010801080112 ], [ 110.517851785178522, -6.858010801080113 ] ], [ [ 110.517701770177013, -6.858085808580854 ], [ 110.517851785178522, -6.858010801080113 ], [ 110.517851785178522, -6.858085808580849 ], [ 110.517701770177013, -6.858085808580854 ] ], [ [ 110.520627062706268, -6.86033603360336 ], [ 110.520702070207022, -6.860261026102615 ], [ 110.520702070207022, -6.860336033603366 ], [ 110.520627062706268, -6.86033603360336 ] ], [ [ 110.519276927692772, -6.860711071107112 ], [ 110.519876987698765, -6.860711071107111 ], [ 110.518826882688273, -6.861236123612361 ], [ 110.519276927692772, -6.860711071107112 ] ], [ [ 110.518676867686764, -6.861311131113107 ], [ 110.518826882688273, -6.861236123612361 ], [ 110.518826882688273, -6.861311131113103 ], [ 110.518676867686764, -6.861311131113107 ] ], [ [ 110.516276627662762, -6.871812181218115 ], [ 110.517101710171019, -6.872562256225621 ], [ 110.517251725172514, -6.872937293729382 ], [ 110.516651665166521, -6.872787278727873 ], [ 110.516276627662762, -6.871812181218115 ] ], [ [ 110.51387638763876, -6.872787278727865 ], [ 110.513951395139514, -6.872712271227114 ], [ 110.513951395139514, -6.872787278727877 ], [ 110.51387638763876, -6.872787278727865 ] ], [ [ 110.513276327632767, -6.873762376237619 ], [ 110.513651365136511, -6.873312331233115 ], [ 110.513426342634261, -6.873837383738369 ], [ 110.513276327632767, -6.873762376237619 ] ], [ [ 110.517626762676272, -6.873537353735364 ], [ 110.517851785178522, -6.873387338733871 ], [ 110.517851785178522, -6.87361236123612 ], [ 110.517626762676272, -6.873537353735364 ] ], [ [ 110.517401740174023, -6.87346234623462 ], [ 110.517476747674763, -6.873387338733869 ], [ 110.517476747674763, -6.873462346234628 ], [ 110.517401740174023, -6.87346234623462 ] ], [ [ 110.517851785178522, -6.873912391239125 ], [ 110.518076807680771, -6.873762376237619 ], [ 110.518001800180016, -6.874062406240626 ], [ 110.517851785178522, -6.873912391239125 ] ], [ [ 110.510951095109505, -6.876012601260131 ], [ 110.511176117611768, -6.875787578757876 ], [ 110.511251125112508, -6.875937593759382 ], [ 110.510951095109505, -6.876012601260131 ] ], [ [ 110.518676867686764, -6.876987698769884 ], [ 110.518826882688273, -6.876837683768369 ], [ 110.518826882688273, -6.877062706270626 ], [ 110.518676867686764, -6.876987698769884 ] ], [ [ 110.519351935193512, -6.879162916291627 ], [ 110.519576957695776, -6.879012901290124 ], [ 110.519501950195021, -6.879237923792371 ], [ 110.519351935193512, -6.879162916291627 ] ], [ [ 110.509450945094514, -6.880063006300627 ], [ 110.509600960096009, -6.879762976297619 ], [ 110.509600960096009, -6.880063006300621 ], [ 110.509450945094514, -6.880063006300627 ] ], [ [ 110.509600960096009, -6.880663066306631 ], [ 110.509750975097504, -6.880363036303626 ], [ 110.509675967596763, -6.880663066306638 ], [ 110.509600960096009, -6.880663066306631 ] ], [ [ 110.509000900090015, -6.881563156315636 ], [ 110.509825982598258, -6.881188118811888 ], [ 110.50915091509151, -6.882463246324624 ], [ 110.509000900090015, -6.881563156315636 ] ], [ [ 110.508550855085502, -6.883213321332127 ], [ 110.509075907590756, -6.883063306330625 ], [ 110.509000900090015, -6.883363336333635 ], [ 110.508550855085502, -6.883213321332127 ] ], [ [ 110.514626462646262, -6.885388538853889 ], [ 110.51522652265227, -6.88501350135013 ], [ 110.515001500150021, -6.885538553855389 ], [ 110.514626462646262, -6.885388538853889 ] ], [ [ 110.506600660066013, -6.885838583858389 ], [ 110.50772577257726, -6.885463546354628 ], [ 110.506600660066013, -6.88643864386438 ], [ 110.506600660066013, -6.885838583858389 ] ], [ [ 110.515901590159018, -6.886588658865885 ], [ 110.516501650165011, -6.88621362136213 ], [ 110.516351635163517, -6.886738673867383 ], [ 110.515901590159018, -6.886588658865885 ] ], [ [ 110.505250525052517, -6.890789078907884 ], [ 110.506450645064504, -6.890714071407141 ], [ 110.506300630063009, -6.891389138913888 ], [ 110.505250525052517, -6.890789078907884 ] ], [ [ 110.507275727572761, -6.891539153915382 ], [ 110.507425742574256, -6.891389138913894 ], [ 110.50750075007501, -6.891614161416141 ], [ 110.507275727572761, -6.891539153915382 ] ], [ [ 110.507575757575751, -6.892664266426643 ], [ 110.50772577257726, -6.892364236423647 ], [ 110.508250825082513, -6.892739273927388 ], [ 110.507575757575751, -6.892664266426643 ] ], [ [ 110.508850885088506, -6.893189318931889 ], [ 110.508925892589261, -6.893114311431137 ], [ 110.508925892589261, -6.893189318931896 ], [ 110.508850885088506, -6.893189318931889 ] ], [ [ 110.504275427542751, -6.893939393939394 ], [ 110.50442544254426, -6.89371437143715 ], [ 110.50442544254426, -6.893939393939386 ], [ 110.504275427542751, -6.893939393939394 ] ], [ [ 110.499924992499245, -6.898889888988897 ], [ 110.5, -6.898664866486645 ], [ 110.500150015001495, -6.898889888988893 ], [ 110.499924992499245, -6.898889888988897 ] ], [ [ 110.500150015001495, -6.899789978997902 ], [ 110.500525052505253, -6.899414941494141 ], [ 110.500300030003018, -6.899939993999395 ], [ 110.500150015001495, -6.899789978997902 ] ], [ [ 110.50127512751277, -6.9000900090009 ], [ 110.501350135013496, -6.900015001500152 ], [ 110.501350135013496, -6.900090009000893 ], [ 110.50127512751277, -6.9000900090009 ] ], [ [ 110.494374437443739, -6.90346534653465 ], [ 110.494524452445248, -6.903315331533156 ], [ 110.494524452445248, -6.903465346534653 ], [ 110.494374437443739, -6.90346534653465 ] ], [ [ 110.494974497449746, -6.903765376537653 ], [ 110.495049504950501, -6.903690369036905 ], [ 110.495049504950501, -6.903765376537651 ], [ 110.494974497449746, -6.903765376537653 ] ], [ [ 110.494824482448252, -6.903840384038403 ], [ 110.494974497449746, -6.903765376537653 ], [ 110.494974497449746, -6.903840384038398 ], [ 110.494824482448252, -6.903840384038403 ] ], [ [ 110.496024602460267, -6.903840384038399 ], [ 110.496549654965492, -6.90391539153916 ], [ 110.496024602460267, -6.903915391539154 ], [ 110.496024602460267, -6.903840384038399 ] ], [ [ 110.498724872487244, -6.904965496549652 ], [ 110.499849984998505, -6.904290429042907 ], [ 110.499474947494747, -6.904740474047404 ], [ 110.500600060006008, -6.905415541554148 ], [ 110.498724872487244, -6.904965496549652 ] ], [ [ 110.497374737473748, -6.904140414041406 ], [ 110.497449744974503, -6.904065406540647 ], [ 110.497449744974503, -6.904140414041406 ], [ 110.497374737473748, -6.904140414041406 ] ], [ [ 110.498124812481251, -6.905040504050409 ], [ 110.498649864986518, -6.905040504050405 ], [ 110.498649864986518, -6.905265526552661 ], [ 110.498124812481251, -6.905040504050409 ] ], [ [ 110.497224722472254, -6.905340534053408 ], [ 110.497299729973008, -6.90504050405041 ], [ 110.497449744974503, -6.905340534053405 ], [ 110.497224722472254, -6.905340534053408 ] ], [ [ 110.498199819981991, -6.906090609060903 ], [ 110.498274827482746, -6.905865586558655 ], [ 110.499249924992498, -6.906015601560161 ], [ 110.498199819981991, -6.906090609060903 ] ], [ [ 110.499624962496256, -6.905940594059401 ], [ 110.499924992499245, -6.905940594059399 ], [ 110.499624962496256, -6.906465646564659 ], [ 110.499624962496256, -6.905940594059401 ] ], [ [ 110.49362436243625, -6.907215721572165 ], [ 110.493699369936991, -6.907140714071403 ], [ 110.493699369936991, -6.907215721572152 ], [ 110.49362436243625, -6.907215721572165 ] ], [ [ 110.494224422442244, -6.907815781578157 ], [ 110.494224422442244, -6.907440744074403 ], [ 110.494599459945988, -6.907815781578162 ], [ 110.494224422442244, -6.907815781578157 ] ], [ [ 110.49527452745275, -6.908415841584164 ], [ 110.49557455745574, -6.908415841584165 ], [ 110.49534953495349, -6.908640864086403 ], [ 110.49527452745275, -6.908415841584164 ] ], [ [ 110.495649564956508, -6.908565856585664 ], [ 110.496099609960993, -6.908490849084903 ], [ 110.496549654965492, -6.908865886588656 ], [ 110.495649564956508, -6.908565856585664 ] ], [ [ 110.490399039903991, -6.908640864086401 ], [ 110.491749174917487, -6.90946594659466 ], [ 110.491824182418242, -6.909840984098416 ], [ 110.490399039903991, -6.910216021602163 ], [ 110.490399039903991, -6.908640864086401 ] ], [ [ 110.496549654965492, -6.909015901590154 ], [ 110.496624662466246, -6.908865886588659 ], [ 110.496699669967001, -6.909015901590152 ], [ 110.496549654965492, -6.909015901590154 ] ], [ [ 110.485448544854506, -6.91314131413142 ], [ 110.489048904890495, -6.909990999099906 ], [ 110.487173717371732, -6.911866186618658 ], [ 110.488748874887492, -6.913141314131418 ], [ 110.48777377737774, -6.913516351635155 ], [ 110.486873687368742, -6.914866486648664 ], [ 110.48612361236124, -6.914941494149413 ], [ 110.485448544854506, -6.91314131413142 ] ], [ [ 110.49249924992499, -6.910816081608166 ], [ 110.493249324932492, -6.910216021602155 ], [ 110.493099309930997, -6.910816081608156 ], [ 110.49249924992499, -6.910816081608166 ] ], [ [ 110.489573957395734, -6.910366036603661 ], [ 110.490249024902496, -6.910216021602163 ], [ 110.490174017401742, -6.910666066606659 ], [ 110.489573957395734, -6.910366036603661 ] ], [ [ 110.493249324932492, -6.910891089108906 ], [ 110.49362436243625, -6.910591059105912 ], [ 110.493474347434741, -6.910966096609667 ], [ 110.493249324932492, -6.910891089108906 ] ], [ [ 110.493174317431738, -6.911041104110408 ], [ 110.493249324932492, -6.91096609660966 ], [ 110.493249324932492, -6.91104110411042 ], [ 110.493174317431738, -6.911041104110408 ] ], [ [ 110.493399339933987, -6.911341134113413 ], [ 110.493399339933987, -6.911041104110411 ], [ 110.49362436243625, -6.911341134113402 ], [ 110.493399339933987, -6.911341134113413 ] ], [ [ 110.491749174917487, -6.911716171617153 ], [ 110.49227422742274, -6.911566156615664 ], [ 110.49227422742274, -6.911716171617158 ], [ 110.491749174917487, -6.911716171617153 ] ], [ [ 110.4938493849385, -6.912091209120909 ], [ 110.494149414941489, -6.911491149114904 ], [ 110.494149414941489, -6.912091209120913 ], [ 110.4938493849385, -6.912091209120909 ] ], [ [ 110.495874587458744, -6.913216321632156 ], [ 110.495949594959498, -6.91299129912991 ], [ 110.495949594959498, -6.913216321632168 ], [ 110.495874587458744, -6.913216321632156 ] ], [ [ 110.495799579957989, -6.913291329132912 ], [ 110.495874587458744, -6.913216321632156 ], [ 110.495874587458744, -6.913291329132913 ], [ 110.495799579957989, -6.913291329132912 ] ], [ [ 110.487098709871006, -6.915166516651665 ], [ 110.488823882388232, -6.913891389138914 ], [ 110.488298829882993, -6.91486648664867 ], [ 110.487098709871006, -6.915166516651665 ] ], [ [ 110.495649564956508, -6.913366336633657 ], [ 110.495799579957989, -6.913441344134407 ], [ 110.495649564956508, -6.913441344134409 ], [ 110.495649564956508, -6.913366336633657 ] ], [ [ 110.490024002400247, -6.913441344134409 ], [ 110.490249024902496, -6.913441344134419 ], [ 110.490024002400247, -6.913591359135904 ], [ 110.490024002400247, -6.913441344134409 ] ], [ [ 110.495799579957989, -6.913591359135908 ], [ 110.495874587458744, -6.91351635163517 ], [ 110.495874587458744, -6.913591359135917 ], [ 110.495799579957989, -6.913591359135908 ] ], [ [ 110.489873987398738, -6.914191419141905 ], [ 110.490474047404746, -6.914116411641166 ], [ 110.490474047404746, -6.914491449144914 ], [ 110.489873987398738, -6.914191419141905 ] ], [ [ 110.49857485748575, -6.913966396639664 ], [ 110.498724872487244, -6.913891389138911 ], [ 110.498724872487244, -6.914041404140407 ], [ 110.49857485748575, -6.913966396639664 ] ], [ [ 110.488748874887492, -6.914191419141907 ], [ 110.488823882388232, -6.914116411641168 ], [ 110.488823882388232, -6.914191419141913 ], [ 110.488748874887492, -6.914191419141907 ] ], [ [ 110.499024902490248, -6.914491449144919 ], [ 110.499249924992498, -6.914341434143417 ], [ 110.499249924992498, -6.914491449144913 ], [ 110.499024902490248, -6.914491449144919 ] ], [ [ 110.489873987398738, -6.914491449144913 ], [ 110.489948994899493, -6.914416441644161 ], [ 110.489948994899493, -6.914491449144909 ], [ 110.489873987398738, -6.914491449144913 ] ], [ [ 110.489948994899493, -6.914866486648669 ], [ 110.490174017401742, -6.914566456645672 ], [ 110.490099009900987, -6.914941494149416 ], [ 110.489948994899493, -6.914866486648669 ] ], [ [ 110.490624062406241, -6.914641464146421 ], [ 110.490699069906995, -6.914491449144907 ], [ 110.490774077407735, -6.914641464146419 ], [ 110.490624062406241, -6.914641464146421 ] ], [ [ 110.489648964896489, -6.914641464146415 ], [ 110.489798979897984, -6.914716471647156 ], [ 110.489648964896489, -6.914716471647169 ], [ 110.489648964896489, -6.914641464146415 ] ], [ [ 110.490774077407735, -6.914716471647163 ], [ 110.49084908490849, -6.91464146414642 ], [ 110.49084908490849, -6.914716471647158 ], [ 110.490774077407735, -6.914716471647163 ] ], [ [ 110.490249024902496, -6.915391539153923 ], [ 110.490474047404746, -6.915541554155418 ], [ 110.490099009900987, -6.915691569156912 ], [ 110.490249024902496, -6.915391539153923 ] ], [ [ 110.481998199819984, -6.916291629162912 ], [ 110.483948394839487, -6.917191719171909 ], [ 110.483873387338733, -6.917941794179413 ], [ 110.481998199819984, -6.916291629162912 ] ], [ [ 110.490924092409244, -6.915991599159922 ], [ 110.491074107410739, -6.915841584158416 ], [ 110.491074107410739, -6.916066606660672 ], [ 110.490924092409244, -6.915991599159922 ] ], [ [ 110.490999099909985, -6.916891689168912 ], [ 110.491674167416747, -6.916891689168911 ], [ 110.491524152415238, -6.917191719171917 ], [ 110.490999099909985, -6.916891689168912 ] ], [ [ 110.492724272427239, -6.916666666666666 ], [ 110.493024302430257, -6.91621662166216 ], [ 110.493024302430257, -6.916666666666666 ], [ 110.492724272427239, -6.916666666666666 ] ], [ [ 110.492949294929488, -6.916891689168916 ], [ 110.493699369936991, -6.916516651665162 ], [ 110.493399339933987, -6.917791779177924 ], [ 110.492949294929488, -6.916891689168916 ] ], [ [ 110.488673867386737, -6.917041704170421 ], [ 110.488898889888986, -6.916591659165923 ], [ 110.488973897389741, -6.916966696669664 ], [ 110.488673867386737, -6.917041704170421 ] ], [ [ 110.492424242424249, -6.917041704170424 ], [ 110.492724272427239, -6.916816681668162 ], [ 110.492724272427239, -6.916891689168912 ], [ 110.492424242424249, -6.917041704170424 ] ], [ [ 110.491749174917487, -6.917641764176425 ], [ 110.492049204920491, -6.917416741674161 ], [ 110.492199219921986, -6.917791779177915 ], [ 110.491749174917487, -6.917641764176425 ] ], [ [ 110.487698769876985, -6.922217221722167 ], [ 110.487998799879989, -6.921992199219916 ], [ 110.487998799879989, -6.922217221722163 ], [ 110.487698769876985, -6.922217221722167 ] ], [ [ 110.486798679867988, -6.922442244224428 ], [ 110.487173717371732, -6.922292229222916 ], [ 110.487173717371732, -6.922592259225921 ], [ 110.486798679867988, -6.922442244224428 ] ], [ [ 110.495499549954999, -6.922742274227418 ], [ 110.49557455745574, -6.922667266726666 ], [ 110.49557455745574, -6.92274227422743 ], [ 110.495499549954999, -6.922742274227418 ] ], [ [ 110.49557455745574, -6.922817281728164 ], [ 110.495724572457249, -6.922742274227418 ], [ 110.495724572457249, -6.922817281728171 ], [ 110.49557455745574, -6.922817281728164 ] ], [ [ 110.495724572457249, -6.922892289228927 ], [ 110.495799579957989, -6.922817281728165 ], [ 110.495799579957989, -6.922892289228924 ], [ 110.495724572457249, -6.922892289228927 ] ], [ [ 110.488973897389741, -6.923792379237927 ], [ 110.489123912391236, -6.923642364236416 ], [ 110.489123912391236, -6.923792379237929 ], [ 110.488973897389741, -6.923792379237927 ] ], [ [ 110.478547854785475, -6.924692469246916 ], [ 110.478922892289233, -6.924392439243932 ], [ 110.479072907290728, -6.924692469246923 ], [ 110.478547854785475, -6.924692469246916 ] ], [ [ 110.489348934893485, -6.924317431743178 ], [ 110.489423942394239, -6.924242424242418 ], [ 110.489423942394239, -6.924317431743172 ], [ 110.489348934893485, -6.924317431743178 ] ], [ [ 110.479222922292223, -6.924767476747673 ], [ 110.479297929792978, -6.924692469246924 ], [ 110.479297929792978, -6.924767476747682 ], [ 110.479222922292223, -6.924767476747673 ] ], [ [ 110.479297929792978, -6.924767476747682 ], [ 110.480198019801975, -6.925142514251417 ], [ 110.481323132313236, -6.926342634263418 ], [ 110.479897989798985, -6.925742574257426 ], [ 110.479297929792978, -6.924767476747682 ] ], [ [ 110.481098109810986, -6.924992499249927 ], [ 110.485223522352229, -6.926267626762682 ], [ 110.485298529852983, -6.927242724272427 ], [ 110.48469846984699, -6.927767776777682 ], [ 110.481098109810986, -6.924992499249927 ] ], [ [ 110.48169816981698, -6.927317731773182 ], [ 110.482223222322233, -6.92671767176717 ], [ 110.482148214821478, -6.927242724272434 ], [ 110.48169816981698, -6.927317731773182 ] ], [ [ 110.482598259825977, -6.927467746774679 ], [ 110.484548454845481, -6.928067806780677 ], [ 110.486048604860486, -6.92926792679268 ], [ 110.483798379837978, -6.928817881788174 ], [ 110.482598259825977, -6.927467746774679 ] ], [ [ 110.482298229822987, -6.930618061806181 ], [ 110.482598259825977, -6.930018001800184 ], [ 110.483198319831985, -6.930393039303933 ], [ 110.482298229822987, -6.930618061806181 ] ], [ [ 110.482223222322233, -6.930243024302427 ], [ 110.482298229822987, -6.930168016801685 ], [ 110.482298229822987, -6.930243024302431 ], [ 110.482223222322233, -6.930243024302427 ] ], [ [ 110.461671167116705, -6.933693369336935 ], [ 110.462196219621958, -6.933468346834676 ], [ 110.462271227122713, -6.934443444344426 ], [ 110.461671167116705, -6.933693369336935 ] ], [ [ 110.459570957095707, -6.934143414341428 ], [ 110.46009600960096, -6.933918391839182 ], [ 110.459870987098711, -6.934218421842182 ], [ 110.459570957095707, -6.934143414341428 ] ], [ [ 110.462121212121218, -6.934518451845179 ], [ 110.462196219621958, -6.93444344434444 ], [ 110.462196219621958, -6.934518451845174 ], [ 110.462121212121218, -6.934518451845179 ] ], [ [ 110.458520852085215, -6.935943594359435 ], [ 110.458670867086724, -6.935868586858688 ], [ 110.458670867086724, -6.935943594359431 ], [ 110.458520852085215, -6.935943594359435 ] ], [ [ 110.45844584458446, -6.936018601860178 ], [ 110.458520852085215, -6.935943594359435 ], [ 110.458520852085215, -6.936018601860185 ], [ 110.45844584458446, -6.936018601860178 ] ], [ [ 110.458370837083706, -6.936093609360942 ], [ 110.45844584458446, -6.936018601860178 ], [ 110.45844584458446, -6.936093609360934 ], [ 110.458370837083706, -6.936093609360942 ] ], [ [ 110.463621362136209, -6.936243624362435 ], [ 110.463696369636963, -6.936093609360937 ], [ 110.463696369636963, -6.936243624362436 ], [ 110.463621362136209, -6.936243624362435 ] ], [ [ 110.463021302130215, -6.936243624362444 ], [ 110.46309630963097, -6.936168616861681 ], [ 110.46309630963097, -6.936243624362437 ], [ 110.463021302130215, -6.936243624362444 ] ], [ [ 110.46317131713171, -6.936468646864678 ], [ 110.463246324632465, -6.936393639363938 ], [ 110.463246324632465, -6.936468646864693 ], [ 110.46317131713171, -6.936468646864678 ] ], [ [ 110.463246324632465, -6.936543654365432 ], [ 110.463321332133219, -6.936468646864682 ], [ 110.463321332133219, -6.936543654365443 ], [ 110.463246324632465, -6.936543654365432 ] ], [ [ 110.457695769576958, -6.936843684368431 ], [ 110.457770777077712, -6.936768676867682 ], [ 110.457770777077712, -6.936843684368437 ], [ 110.457695769576958, -6.936843684368431 ] ], [ [ 110.457620762076203, -6.936918691869192 ], [ 110.457695769576958, -6.936843684368431 ], [ 110.457695769576958, -6.936918691869188 ], [ 110.457620762076203, -6.936918691869192 ] ], [ [ 110.463846384638458, -6.937293729372932 ], [ 110.463921392139213, -6.937218721872179 ], [ 110.463921392139213, -6.937293729372934 ], [ 110.463846384638458, -6.937293729372932 ] ], [ [ 110.457995799579962, -6.937818781878183 ], [ 110.458220822082211, -6.93759375937593 ], [ 110.45844584458446, -6.938343834383444 ], [ 110.457995799579962, -6.937818781878183 ] ], [ [ 110.448094809480963, -6.937968796879679 ], [ 110.448394839483953, -6.937818781878182 ], [ 110.448394839483953, -6.937968796879682 ], [ 110.448094809480963, -6.937968796879679 ] ] ] } },
{ "type": "Feature", "properties": { "year": 2035, "layer": "atrisk" }, "geometry": { "type": "Polygon", "coordinates": [ [ [ 110.438643864386435, -6.93946894689469 ], [ 110.437368736873694, -6.939618961896188 ], [ 110.437743774377438, -6.942319231923186 ], [ 110.438643864386435, -6.93946894689469 ] ] ] } },
{ "type": "Feature", "properties": { "year": 2035, "layer": "atrisk" }, "geometry": { "type": "Polygon", "coordinates": [ [ [ 110.426417641764175, -6.942919291929187 ], [ 110.426492649264929, -6.944719471947189 ], [ 110.427092709270923, -6.945244524452441 ], [ 110.426417641764175, -6.942919291929187 ] ] ] } },
{ "type": "Feature", "properties": { "year": 2035, "layer": "atrisk" }, "geometry": { "type": "Polygon", "coordinates": [ [ [ 110.426717671767179, -6.946069606960691 ], [ 110.42491749174917, -6.947194719471953 ], [ 110.425067506750679, -6.947869786978696 ], [ 110.426717671767179, -6.946069606960691 ] ] ] } },
{ "type": "Feature", "properties": { "year": 2035, "layer": "atrisk" }, "geometry": { "type": "Polygon", "coordinates": [ [ [ 110.430768076807681, -6.946969696969701 ], [ 110.429792979297929, -6.946894689468949 ], [ 110.428442844284433, -6.94809480948094 ], [ 110.430768076807681, -6.946969696969701 ] ] ] } },
{ "type": "Feature", "properties": { "year": 2035, "layer": "atrisk" }, "geometry": { "type": "Polygon", "coordinates": [ [ [ 110.392439243924386, -6.946069606960696 ], [ 110.390714071407146, -6.947044704470444 ], [ 110.388988898889892, -6.948394839483953 ], [ 110.388988898889892, -6.948844884488444 ], [ 110.392439243924386, -6.946069606960696 ] ] ] } },
{ "type": "Feature", "properties": { "year": 2035, "layer": "atrisk" }, "geometry": { "type": "Polygon", "coordinates": [ [ [ 110.435193519351941, -6.940369036903689 ], [ 110.433093309330928, -6.94194419441945 ], [ 110.434368436843684, -6.946294629462945 ], [ 110.431818181818187, -6.942769276927698 ], [ 110.429792979297929, -6.945169516951686 ], [ 110.432343234323426, -6.944269426942697 ], [ 110.432568256825704, -6.945994599459947 ], [ 110.433393339333932, -6.947569756975705 ], [ 110.433318331833178, -6.947944794479454 ], [ 110.432868286828679, -6.947119711971201 ], [ 110.432493249324935, -6.947344734473454 ], [ 110.432943294329434, -6.949294929492943 ], [ 110.434818481848183, -6.949369936993702 ], [ 110.43571857185718, -6.947869786978694 ], [ 110.434143414341435, -6.947119711971196 ], [ 110.436618661866191, -6.943294329432949 ], [ 110.435193519351941, -6.940369036903689 ] ], [ [ 110.432043204320436, -6.944269426942689 ], [ 110.432193219321931, -6.944119411941185 ], [ 110.432193219321931, -6.944269426942693 ], [ 110.432043204320436, -6.944269426942689 ] ], [ [ 110.432718271827184, -6.945694569456948 ], [ 110.432793279327939, -6.945619561956201 ], [ 110.432793279327939, -6.945694569456947 ], [ 110.432718271827184, -6.945694569456948 ] ], [ [ 110.432718271827184, -6.947419741974192 ], [ 110.432793279327939, -6.947344734473446 ], [ 110.432793279327939, -6.947419741974191 ], [ 110.432718271827184, -6.947419741974192 ] ], [ [ 110.433243324332452, -6.948094809480951 ], [ 110.433318331833178, -6.947944794479454 ], [ 110.433318331833178, -6.948094809480952 ], [ 110.433243324332452, -6.948094809480951 ] ] ] } },
{ "type": "Feature", "properties": { "year": 2035, "layer": "atrisk" }, "geometry": { "type": "Polygon", "coordinates": [ [ [ 110.431218121812179, -6.949669966996699 ], [ 110.430618061806186, -6.949069906990704 ], [ 110.430543054305431, -6.9498199819982 ], [ 110.431218121812179, -6.949669966996699 ] ] ] } },
{ "type": "Feature", "properties": { "year": 2035, "layer": "atrisk" }, "geometry": { "type": "Polygon", "coordinates": [ [ [ 110.407890789078905, -6.948244824482443 ], [ 110.407215721572157, -6.948469846984707 ], [ 110.407590759075902, -6.949969996999692 ], [ 110.407890789078905, -6.948244824482443 ] ] ] } },
{ "type": "Feature", "properties": { "year": 2035, "layer": "atrisk" }, "geometry": { "type": "Polygon", "coordinates": [ [ [ 110.418391839183911, -6.951395139513944 ], [ 110.41711671167117, -6.951095109510953 ], [ 110.417341734173419, -6.951695169516944 ], [ 110.418391839183911, -6.951395139513944 ] ] ] } },
{ "type": "Feature", "properties": { "year": 2035, "layer": "atrisk" }, "geometry": { "type": "Polygon", "coordinates": [ [ [ 110.430768076807681, -6.952295229522952 ], [ 110.429492949294925, -6.951995199519954 ], [ 110.430318031803182, -6.952895289528956 ], [ 110.430768076807681, -6.952295229522952 ] ] ] } },
{ "type": "Feature", "properties": { "year": 2035, "layer": "atrisk" }, "geometry": { "type": "Polygon", "coordinates": [ [ [ 110.43264326432643, -6.951020102010194 ], [ 110.430843084308435, -6.952145214521449 ], [ 110.431143114311425, -6.953045304530447 ], [ 110.432793279327939, -6.951920192019197 ], [ 110.43264326432643, -6.951020102010194 ] ] ] } },
{ "type": "Feature", "properties": { "year": 2035, "layer": "atrisk" }, "geometry": { "type": "Polygon", "coordinates": [ [ [ 110.426417641764175, -6.951620162016206 ], [ 110.426717671767179, -6.952520252025204 ], [ 110.425517551755178, -6.952895289528962 ], [ 110.426492649264929, -6.953120312031199 ], [ 110.427167716771677, -6.95229522952295 ], [ 110.426417641764175, -6.951620162016206 ] ] ] } },
{ "type": "Feature", "properties": { "year": 2035, "layer": "atrisk" }, "geometry": { "type": "Polygon", "coordinates": [ [ [ 110.406690669066904, -6.953195319531959 ], [ 110.406165616561651, -6.95349534953495 ], [ 110.407515751575161, -6.953195319531956 ], [ 110.406690669066904, -6.953195319531959 ] ] ] } },
{ "type": "Feature", "properties": { "year": 2035, "layer": "atrisk" }, "geometry": { "type": "Polygon", "coordinates": [ [ [ 110.381863186318625, -6.950795079507953 ], [ 110.38193819381938, -6.952745274527446 ], [ 110.382388238823879, -6.953795379537951 ], [ 110.383063306330627, -6.954245424542456 ], [ 110.381863186318625, -6.950795079507953 ] ] ] } },
{ "type": "Feature", "properties": { "year": 2035, "layer": "atrisk" }, "geometry": { "type": "Polygon", "coordinates": [ [ [ 110.430768076807681, -6.953945394539454 ], [ 110.429117911791181, -6.953795379537959 ], [ 110.429117911791181, -6.95424542454245 ], [ 110.430768076807681, -6.953945394539454 ] ] ] } },
{ "type": "Feature", "properties": { "year": 2035, "layer": "atrisk" }, "geometry": { "type": "Polygon", "coordinates": [ [ [ 110.377137713771376, -6.954395439543951 ], [ 110.376162616261624, -6.95447044704471 ], [ 110.376087608760869, -6.954620462046202 ], [ 110.37721272127213, -6.955295529552959 ], [ 110.377137713771376, -6.954395439543951 ] ], [ [ 110.376837683768372, -6.954995499549948 ], [ 110.376912691269126, -6.954920492049202 ], [ 110.376912691269126, -6.954995499549947 ], [ 110.376837683768372, -6.954995499549948 ] ] ] } },
{ "type": "Feature", "properties": { "year": 2035, "layer": "atrisk" }, "geometry": { "type": "Polygon", "coordinates": [ [ [ 110.41719171917191, -6.952295229522951 ], [ 110.41576657665766, -6.952745274527446 ], [ 110.416441644164422, -6.95634563456345 ], [ 110.417641764176423, -6.956045604560453 ], [ 110.41704170417043, -6.954920492049208 ], [ 110.418466846684666, -6.955370537053705 ], [ 110.41719171917191, -6.952295229522951 ] ], [ [ 110.417491749174914, -6.95462046204621 ], [ 110.417566756675669, -6.954545454545445 ], [ 110.417566756675669, -6.954620462046206 ], [ 110.417491749174914, -6.95462046204621 ] ], [ [ 110.416741674167412, -6.95469546954696 ], [ 110.416891689168921, -6.954620462046203 ], [ 110.416891689168921, -6.95469546954696 ], [ 110.416741674167412, -6.95469546954696 ] ], [ [ 110.416741674167412, -6.955520552055202 ], [ 110.416891689168921, -6.955445544554453 ], [ 110.416891689168921, -6.955520552055205 ], [ 110.416741674167412, -6.955520552055202 ] ], [ [ 110.416966696669661, -6.955820582058204 ], [ 110.41704170417043, -6.955670567056707 ], [ 110.41704170417043, -6.955820582058204 ], [ 110.416966696669661, -6.955820582058204 ] ] ] } },
{ "type": "Feature", "properties": { "year": 2035, "layer": "atrisk" }, "geometry": { "type": "Polygon", "coordinates": [ [ [ 110.428592859285942, -6.951320132013201 ], [ 110.426792679267933, -6.953495349534959 ], [ 110.427017701770183, -6.954845484548457 ], [ 110.423567356735674, -6.953570357035701 ], [ 110.424242424242422, -6.955670567056705 ], [ 110.422067206720669, -6.954470447044701 ], [ 110.421317131713181, -6.955220522052212 ], [ 110.423867386738678, -6.95657065706571 ], [ 110.42461746174618, -6.956045604560464 ], [ 110.42491749174917, -6.954545454545459 ], [ 110.426717671767179, -6.955445544554448 ], [ 110.42934293429343, -6.95244524452445 ], [ 110.428592859285942, -6.951320132013201 ] ], [ [ 110.428742874287423, -6.952370237023705 ], [ 110.429117911791181, -6.952145214521457 ], [ 110.428967896789672, -6.952370237023702 ], [ 110.428742874287423, -6.952370237023705 ] ], [ [ 110.427317731773172, -6.953720372037204 ], [ 110.427392739273927, -6.953645364536452 ], [ 110.427392739273927, -6.953720372037204 ], [ 110.427317731773172, -6.953720372037204 ] ], [ [ 110.427392739273927, -6.953795379537961 ], [ 110.427542754275422, -6.953720372037211 ], [ 110.427542754275422, -6.953795379537946 ], [ 110.427392739273927, -6.953795379537961 ] ], [ [ 110.424242424242422, -6.955895589558958 ], [ 110.424467446744671, -6.95582058205821 ], [ 110.424467446744671, -6.955895589558955 ], [ 110.424242424242422, -6.955895589558958 ] ] ] } },
{ "type": "Feature", "properties": { "year": 2035, "layer": "atrisk" }, "geometry": { "type": "Polygon", "coordinates": [ [ [ 110.418691869186929, -6.9520702070207 ], [ 110.41854185418542, -6.953945394539456 ], [ 110.420267026702675, -6.957095709570964 ], [ 110.419516951695172, -6.953945394539451 ], [ 110.420867086708668, -6.954920492049196 ], [ 110.421617161716171, -6.953945394539446 ], [ 110.418691869186929, -6.9520702070207 ] ], [ [ 110.421242124212426, -6.953870387038706 ], [ 110.421317131713181, -6.953795379537956 ], [ 110.421317131713181, -6.953870387038695 ], [ 110.421242124212426, -6.953870387038706 ] ], [ [ 110.420117011701166, -6.9540204020402 ], [ 110.42019201920192, -6.953945394539449 ], [ 110.42019201920192, -6.954020402040196 ], [ 110.420117011701166, -6.9540204020402 ] ], [ [ 110.420717071707173, -6.954095409540953 ], [ 110.420792079207928, -6.954020402040199 ], [ 110.420792079207928, -6.954095409540947 ], [ 110.420717071707173, -6.954095409540953 ] ] ] } },
{ "type": "Feature", "properties": { "year": 2035, "layer": "atrisk" }, "geometry": { "type": "Polygon", "coordinates": [ [ [ 110.401215121512152, -6.955820582058198 ], [ 110.400990099009903, -6.957470747074711 ], [ 110.401740174017405, -6.957770777077705 ], [ 110.401590159015896, -6.956045604560449 ], [ 110.401215121512152, -6.955820582058198 ] ], [ [ 110.401365136513647, -6.956720672067204 ], [ 110.401440144014401, -6.956570657065707 ], [ 110.401440144014401, -6.956720672067202 ], [ 110.401365136513647, -6.956720672067204 ] ], [ [ 110.401365136513647, -6.957395739573959 ], [ 110.40151515151517, -6.957320732073213 ], [ 110.401590159015896, -6.957470747074709 ], [ 110.401365136513647, -6.957395739573959 ] ] ] } },
{ "type": "Feature", "properties": { "year": 2035, "layer": "atrisk" }, "geometry": { "type": "Polygon", "coordinates": [ [ [ 110.420267026702675, -6.957095709570964 ], [ 110.419891989198916, -6.959120912091207 ], [ 110.422217221722178, -6.957995799579961 ], [ 110.422217221722178, -6.957320732073204 ], [ 110.420267026702675, -6.957095709570964 ] ], [ [ 110.420642064206419, -6.957545754575463 ], [ 110.420717071707173, -6.957470747074701 ], [ 110.420717071707173, -6.957545754575457 ], [ 110.420642064206419, -6.957545754575463 ] ], [ [ 110.421242124212426, -6.957920792079202 ], [ 110.421317131713181, -6.957770777077706 ], [ 110.421317131713181, -6.957920792079199 ], [ 110.421242124212426, -6.957920792079202 ] ] ] } },
{ "type": "Feature", "properties": { "year": 2035, "layer": "atrisk" }, "geometry": { "type": "Polygon", "coordinates": [ [ [ 110.392439243924386, -6.958670867086711 ], [ 110.390789078907886, -6.959270927092708 ], [ 110.392514251425141, -6.959270927092702 ], [ 110.392439243924386, -6.958670867086711 ] ] ] } },
{ "type": "Feature", "properties": { "year": 2035, "layer": "atrisk" }, "geometry": { "type": "Polygon", "coordinates": [ [ [ 110.396414641464148, -6.948394839483952 ], [ 110.396339633963393, -6.950720072007194 ], [ 110.3957395739574, -6.950945094509443 ], [ 110.39551455145515, -6.950570057005704 ], [ 110.395289528952901, -6.95064506450645 ], [ 110.398964896489645, -6.959720972097203 ], [ 110.400765076507653, -6.959720972097214 ], [ 110.400765076507653, -6.958370837083715 ], [ 110.398664866486655, -6.954320432043208 ], [ 110.405115511551159, -6.953795379537961 ], [ 110.406240624062406, -6.952670267026707 ], [ 110.403090309030901, -6.953720372037203 ], [ 110.40151515151517, -6.952145214521451 ], [ 110.399189918991908, -6.952670267026707 ], [ 110.399189918991908, -6.953795379537951 ], [ 110.398439843984391, -6.952070207020711 ], [ 110.400390039003895, -6.952295229522948 ], [ 110.400540054005418, -6.951170117011704 ], [ 110.396414641464148, -6.948394839483952 ] ], [ [ 110.397989798979893, -6.950720072007197 ], [ 110.398289828982897, -6.950495049504954 ], [ 110.398364836483651, -6.951020102010193 ], [ 110.397989798979893, -6.950720072007197 ] ], [ [ 110.397089708970896, -6.951170117011707 ], [ 110.397539753975408, -6.951395139513957 ], [ 110.397389738973899, -6.951770177017704 ], [ 110.397089708970896, -6.951170117011707 ] ], [ [ 110.397839783978398, -6.952370237023697 ], [ 110.398214821482142, -6.951920192019212 ], [ 110.398514851485146, -6.9523702370237 ], [ 110.397839783978398, -6.952370237023697 ] ], [ [ 110.398289828982897, -6.953795379537948 ], [ 110.398364836483651, -6.953570357035695 ], [ 110.398439843984391, -6.953870387038704 ], [ 110.398289828982897, -6.953795379537948 ] ], [ [ 110.398439843984391, -6.954020402040197 ], [ 110.398514851485146, -6.953870387038709 ], [ 110.398514851485146, -6.954020402040195 ], [ 110.398439843984391, -6.954020402040197 ] ], [ [ 110.399264926492648, -6.954170417041707 ], [ 110.399339933993403, -6.953945394539453 ], [ 110.399339933993403, -6.954170417041702 ], [ 110.399264926492648, -6.954170417041707 ] ], [ [ 110.398514851485146, -6.954170417041706 ], [ 110.398664866486655, -6.954095409540952 ], [ 110.398664866486655, -6.954320432043208 ], [ 110.398514851485146, -6.954170417041706 ] ], [ [ 110.400390039003895, -6.958595859585961 ], [ 110.40046504650465, -6.958445844584463 ], [ 110.40046504650465, -6.958595859585952 ], [ 110.400390039003895, -6.958595859585961 ] ] ] } },
{ "type": "Feature", "properties": { "year": 2035, "layer": "atrisk" }, "geometry": { "type": "Polygon", "coordinates": [ [ [ 110.383438343834385, -6.9553705370537 ], [ 110.377587758775874, -6.954770477047704 ], [ 110.376912691269126, -6.955970597059698 ], [ 110.368361836183624, -6.955970597059698 ], [ 110.367761776177616, -6.957845784578462 ], [ 110.36671167116711, -6.9576207620762 ], [ 110.367686768676862, -6.95657065706571 ], [ 110.367086708670868, -6.95574557455745 ], [ 110.364086408640858, -6.956495649564959 ], [ 110.364836483648375, -6.955820582058214 ], [ 110.36363636363636, -6.954920492049204 ], [ 110.360036003600356, -6.955745574557453 ], [ 110.359885988598876, -6.957020702070203 ], [ 110.360036003600356, -6.958370837083712 ], [ 110.359885988598876, -6.958745874587456 ], [ 110.360561056105624, -6.959720972097211 ], [ 110.387863786378631, -6.959720972097203 ], [ 110.38801380138014, -6.958520852085218 ], [ 110.38358835883588, -6.958745874587465 ], [ 110.383438343834385, -6.9553705370537 ] ], [ [ 110.378487848784872, -6.954995499549949 ], [ 110.378637863786381, -6.954920492049202 ], [ 110.378637863786381, -6.954995499549958 ], [ 110.378487848784872, -6.954995499549949 ] ], [ [ 110.378412841284131, -6.955070507050707 ], [ 110.378487848784872, -6.954995499549949 ], [ 110.378487848784872, -6.955070507050699 ], [ 110.378412841284131, -6.955070507050707 ] ], [ [ 110.36363636363636, -6.955220522052207 ], [ 110.363711371137114, -6.955070507050704 ], [ 110.363786378637869, -6.955220522052205 ], [ 110.36363636363636, -6.955220522052207 ] ], [ [ 110.363861386138609, -6.955295529552953 ], [ 110.363936393639364, -6.955220522052212 ], [ 110.363936393639364, -6.955295529552949 ], [ 110.363861386138609, -6.955295529552953 ] ], [ [ 110.364011401140118, -6.955445544554459 ], [ 110.364086408640858, -6.955295529552953 ], [ 110.364086408640858, -6.955445544554449 ], [ 110.364011401140118, -6.955445544554459 ] ], [ [ 110.363486348634865, -6.955520552055211 ], [ 110.363936393639364, -6.955370537053705 ], [ 110.363936393639364, -6.955595559555951 ], [ 110.363486348634865, -6.955520552055211 ] ], [ [ 110.363861386138609, -6.955820582058207 ], [ 110.364011401140118, -6.955745574557456 ], [ 110.364011401140118, -6.95582058205821 ], [ 110.363861386138609, -6.955820582058207 ] ], [ [ 110.363261326132616, -6.955970597059706 ], [ 110.36333633363337, -6.955820582058211 ], [ 110.36333633363337, -6.955970597059713 ], [ 110.363261326132616, -6.955970597059706 ] ], [ [ 110.360111011101111, -6.956195619561962 ], [ 110.360186018601865, -6.956120612061204 ], [ 110.360186018601865, -6.956195619561951 ], [ 110.360111011101111, -6.956195619561962 ] ], [ [ 110.366936693669373, -6.956420642064202 ], [ 110.367011701170114, -6.956345634563453 ], [ 110.367011701170114, -6.956420642064201 ], [ 110.366936693669373, -6.956420642064202 ] ], [ [ 110.366111611161116, -6.956570657065713 ], [ 110.366186618661885, -6.956495649564963 ], [ 110.366186618661885, -6.956570657065703 ], [ 110.366111611161116, -6.956570657065713 ] ], [ [ 110.366861686168619, -6.956645664566457 ], [ 110.366936693669373, -6.956495649564955 ], [ 110.366936693669373, -6.95664566456646 ], [ 110.366861686168619, -6.956645664566457 ] ], [ [ 110.366786678667864, -6.956795679567964 ], [ 110.366861686168619, -6.956645664566457 ], [ 110.366861686168619, -6.956795679567957 ], [ 110.366786678667864, -6.956795679567964 ] ], [ [ 110.362136213621369, -6.956945694569454 ], [ 110.362811281128117, -6.9571707170717 ], [ 110.361911191119106, -6.957470747074713 ], [ 110.362136213621369, -6.956945694569454 ] ], [ [ 110.36671167116711, -6.956945694569454 ], [ 110.366786678667864, -6.956870687068709 ], [ 110.366786678667864, -6.956945694569454 ], [ 110.36671167116711, -6.956945694569454 ] ], [ [ 110.362886288628857, -6.957095709570959 ], [ 110.362961296129612, -6.957020702070203 ], [ 110.362961296129612, -6.957095709570954 ], [ 110.362886288628857, -6.957095709570959 ] ], [ [ 110.36663666366637, -6.957170717071715 ], [ 110.36671167116711, -6.957095709570955 ], [ 110.36671167116711, -6.957170717071706 ], [ 110.36663666366637, -6.957170717071715 ] ], [ [ 110.359960996099616, -6.957320732073203 ], [ 110.360036003600356, -6.957170717071711 ], [ 110.360036003600356, -6.957320732073212 ], [ 110.359960996099616, -6.957320732073203 ] ], [ [ 110.361311131113112, -6.95739573957396 ], [ 110.361686168616856, -6.957245724572451 ], [ 110.361686168616856, -6.95754575457545 ], [ 110.361311131113112, -6.95739573957396 ] ], [ [ 110.366561656165615, -6.957470747074712 ], [ 110.36663666366637, -6.95739573957395 ], [ 110.36663666366637, -6.957470747074709 ], [ 110.366561656165615, -6.957470747074712 ] ], [ [ 110.387338733873392, -6.959345934593456 ], [ 110.387413741374132, -6.959270927092703 ], [ 110.387413741374132, -6.959345934593457 ], [ 110.387338733873392, -6.959345934593456 ] ] ] } },
{ "type": "Feature", "properties": { "year": 2035, "layer": "atrisk" }, "geometry": { "type": "Polygon", "coordinates": [ [ [ 110.319456945694569, -6.938268826882693 ], [ 110.312406240624057, -6.943744374437443 ], [ 110.318106810681073, -6.952895289528954 ], [ 110.319531953195323, -6.950645064506446 ], [ 110.319081908190824, -6.953795379537956 ], [ 110.327557755775572, -6.958595859585952 ], [ 110.3497599759976, -6.95972097209721 ], [ 110.352160216021602, -6.958370837083713 ], [ 110.350810081008106, -6.959720972097208 ], [ 110.359135913591359, -6.959720972097215 ], [ 110.359060906090605, -6.954770477047708 ], [ 110.355460546054601, -6.95469546954696 ], [ 110.358685868586861, -6.954245424542453 ], [ 110.359435943594363, -6.954395439543948 ], [ 110.359660966096612, -6.959720972097211 ], [ 110.359885988598876, -6.954695469546959 ], [ 110.375262526252627, -6.954695469546962 ], [ 110.349309930993115, -6.952220222022198 ], [ 110.344884488448841, -6.949144914491447 ], [ 110.327632763276327, -6.942844284428435 ], [ 110.319456945694569, -6.938268826882693 ] ], [ [ 110.318406840684062, -6.940069006900685 ], [ 110.318481848184817, -6.939993999399936 ], [ 110.318481848184817, -6.940069006900691 ], [ 110.318406840684062, -6.940069006900685 ] ], [ [ 110.320807080708065, -6.941044104410435 ], [ 110.320882088208819, -6.940969096909692 ], [ 110.320882088208819, -6.941044104410438 ], [ 110.320807080708065, -6.941044104410435 ] ], [ [ 110.321182118211823, -6.941269126912694 ], [ 110.321407140714072, -6.941194119411935 ], [ 110.321407140714072, -6.941344134413444 ], [ 110.321182118211823, -6.941269126912694 ] ], [ [ 110.322382238223824, -6.942244224422448 ], [ 110.322607260726073, -6.942094209420946 ], [ 110.322682268226828, -6.942319231923189 ], [ 110.322382238223824, -6.942244224422448 ] ], [ [ 110.325607560756069, -6.945844584458453 ], [ 110.32680768076807, -6.947944794479445 ], [ 110.32650765076508, -6.9483198319832 ], [ 110.32538253825382, -6.946669666966695 ], [ 110.321557155715581, -6.947419741974203 ], [ 110.322007200720066, -6.946144614461442 ], [ 110.325607560756069, -6.945844584458453 ] ], [ [ 110.320807080708065, -6.948019801980203 ], [ 110.321482148214827, -6.947794779477952 ], [ 110.320957095709574, -6.948394839483951 ], [ 110.320807080708065, -6.948019801980203 ] ], [ [ 110.322382238223824, -6.947794779477942 ], [ 110.322457245724578, -6.947719771977203 ], [ 110.322457245724578, -6.947794779477942 ], [ 110.322382238223824, -6.947794779477942 ] ], [ [ 110.32365736573658, -6.947869786978695 ], [ 110.323882388238843, -6.947869786978702 ], [ 110.32365736573658, -6.947944794479449 ], [ 110.32365736573658, -6.947869786978695 ] ], [ [ 110.323282328232821, -6.948019801980196 ], [ 110.323507350735071, -6.947944794479447 ], [ 110.323507350735071, -6.948094809480948 ], [ 110.323282328232821, -6.948019801980196 ] ], [ [ 110.32065706570657, -6.950570057005704 ], [ 110.320732073207324, -6.950495049504949 ], [ 110.320732073207324, -6.950570057005702 ], [ 110.32065706570657, -6.950570057005704 ] ], [ [ 110.319981998199822, -6.950945094509449 ], [ 110.320057005700576, -6.950870087008709 ], [ 110.320057005700576, -6.950945094509457 ], [ 110.319981998199822, -6.950945094509449 ] ], [ [ 110.319906990699081, -6.951020102010204 ], [ 110.319981998199822, -6.950945094509449 ], [ 110.319981998199822, -6.951020102010205 ], [ 110.319906990699081, -6.951020102010204 ] ], [ [ 110.35283528352835, -6.957470747074707 ], [ 110.352910291029104, -6.957320732073208 ], [ 110.352910291029104, -6.957470747074714 ], [ 110.35283528352835, -6.957470747074707 ] ], [ [ 110.35276027602761, -6.957545754575451 ], [ 110.35283528352835, -6.957470747074707 ], [ 110.35283528352835, -6.957545754575456 ], [ 110.35276027602761, -6.957545754575451 ] ], [ [ 110.352685268526855, -6.957620762076208 ], [ 110.35276027602761, -6.957545754575451 ], [ 110.35276027602761, -6.957620762076214 ], [ 110.352685268526855, -6.957620762076208 ] ], [ [ 110.352460246024606, -6.957995799579952 ], [ 110.352685268526855, -6.957845784578457 ], [ 110.35276027602761, -6.957995799579954 ], [ 110.352460246024606, -6.957995799579952 ] ], [ [ 110.352385238523851, -6.958070807080701 ], [ 110.352460246024606, -6.957995799579952 ], [ 110.352460246024606, -6.958070807080701 ], [ 110.352385238523851, -6.958070807080701 ] ], [ [ 110.35276027602761, -6.958070807080712 ], [ 110.35283528352835, -6.95799579957996 ], [ 110.35283528352835, -6.958070807080706 ], [ 110.35276027602761, -6.958070807080712 ] ], [ [ 110.352310231023097, -6.95814581458146 ], [ 110.352385238523851, -6.958070807080701 ], [ 110.352385238523851, -6.958145814581463 ], [ 110.352310231023097, -6.95814581458146 ] ], [ [ 110.352235223522356, -6.958295829582951 ], [ 110.352310231023097, -6.958220822082202 ], [ 110.352310231023097, -6.95829582958296 ], [ 110.352235223522356, -6.958295829582951 ] ], [ [ 110.352160216021602, -6.958370837083713 ], [ 110.352235223522356, -6.958295829582951 ], [ 110.352235223522356, -6.958370837083706 ], [ 110.352160216021602, -6.958370837083713 ] ] ] } },
{ "type": "Feature", "properties": { "year": 2035, "layer": "atrisk" }, "geometry": { "type": "Polygon", "coordinates": [ [ [ 110.401590159015896, -6.958370837083716 ], [ 110.400840084008408, -6.959645964596457 ], [ 110.405490549054903, -6.959495949594959 ], [ 110.40489048904891, -6.958370837083707 ], [ 110.401590159015896, -6.958370837083716 ] ], [ [ 110.403990399039898, -6.958595859585963 ], [ 110.404140414041407, -6.958520852085201 ], [ 110.404140414041407, -6.958595859585963 ], [ 110.403990399039898, -6.958595859585963 ] ], [ [ 110.402265226522658, -6.959120912091202 ], [ 110.403915391539158, -6.958820882088212 ], [ 110.403840384038403, -6.959195919591966 ], [ 110.402265226522658, -6.959120912091202 ] ], [ [ 110.402265226522658, -6.959420942094204 ], [ 110.402340234023399, -6.959345934593464 ], [ 110.402340234023399, -6.959420942094217 ], [ 110.402265226522658, -6.959420942094204 ] ] ] } },
{ "type": "Feature", "properties": { "year": 2035, "layer": "atrisk" }, "geometry": { "type": "Polygon", "coordinates": [ [ [ 110.406090609060911, -6.947494749474947 ], [ 110.403015301530147, -6.947044704470442 ], [ 110.406240624062406, -6.948319831983197 ], [ 110.405040504050405, -6.952070207020707 ], [ 110.407365736573652, -6.951770177017696 ], [ 110.409765976597669, -6.955445544554463 ], [ 110.409540954095405, -6.957470747074701 ], [ 110.407515751575161, -6.957845784578461 ], [ 110.407815781578151, -6.958370837083716 ], [ 110.405865586558662, -6.958220822082204 ], [ 110.405040504050405, -6.9585208520852 ], [ 110.405115511551159, -6.958820882088199 ], [ 110.406240624062406, -6.959720972097214 ], [ 110.41704170417043, -6.959645964596452 ], [ 110.41374137413743, -6.957545754575459 ], [ 110.415316531653161, -6.956120612061207 ], [ 110.413291329132917, -6.95702070207021 ], [ 110.410891089108915, -6.955970597059709 ], [ 110.406090609060911, -6.947494749474947 ] ], [ [ 110.410066006600658, -6.955895589558962 ], [ 110.412541254125415, -6.95687068706871 ], [ 110.412841284128419, -6.957620762076207 ], [ 110.412241224122411, -6.957020702070206 ], [ 110.411191119111905, -6.956945694569454 ], [ 110.410441044104431, -6.958820882088214 ], [ 110.410066006600658, -6.955895589558962 ] ], [ [ 110.411641164116418, -6.957545754575463 ], [ 110.412166216621657, -6.957620762076217 ], [ 110.411866186618667, -6.957920792079204 ], [ 110.411641164116418, -6.957545754575463 ] ], [ [ 110.413591359135907, -6.957395739573957 ], [ 110.41374137413743, -6.957320732073205 ], [ 110.41374137413743, -6.957395739573954 ], [ 110.413591359135907, -6.957395739573957 ] ], [ [ 110.412616261626169, -6.95799579957996 ], [ 110.413141314131408, -6.95852085208521 ], [ 110.412016201620162, -6.958370837083702 ], [ 110.412241224122411, -6.957770777077714 ], [ 110.412616261626169, -6.95799579957996 ] ], [ [ 110.409315931593156, -6.958445844584459 ], [ 110.409915991599163, -6.958820882088207 ], [ 110.407890789078905, -6.958895889588956 ], [ 110.409315931593156, -6.958445844584459 ] ], [ [ 110.406990699069908, -6.958745874587461 ], [ 110.407140714071403, -6.958670867086703 ], [ 110.407140714071403, -6.958745874587458 ], [ 110.406990699069908, -6.958745874587461 ] ], [ [ 110.406990699069908, -6.958895889588959 ], [ 110.407365736573652, -6.958895889588963 ], [ 110.406915691569154, -6.959045904590459 ], [ 110.406990699069908, -6.958895889588959 ] ], [ [ 110.4063906390639, -6.959045904590453 ], [ 110.40661566156615, -6.959120912091216 ], [ 110.4063906390639, -6.959120912091217 ], [ 110.4063906390639, -6.959045904590453 ] ], [ [ 110.407890789078905, -6.95949594959496 ], [ 110.408190819081909, -6.959345934593451 ], [ 110.408115811581169, -6.959570957095708 ], [ 110.407890789078905, -6.95949594959496 ] ], [ [ 110.406915691569154, -6.959645964596462 ], [ 110.407440744074421, -6.959495949594965 ], [ 110.407440744074421, -6.959645964596455 ], [ 110.406915691569154, -6.959645964596462 ] ], [ [ 110.411716171617158, -6.959645964596465 ], [ 110.411791179117913, -6.959495949594958 ], [ 110.411866186618667, -6.959645964596468 ], [ 110.411716171617158, -6.959645964596465 ] ], [ [ 110.414791479147908, -6.959570957095703 ], [ 110.414866486648663, -6.959495949594964 ], [ 110.414866486648663, -6.959570957095704 ], [ 110.414791479147908, -6.959570957095703 ] ], [ [ 110.413891389138911, -6.959645964596458 ], [ 110.413966396639665, -6.959570957095703 ], [ 110.413966396639665, -6.959645964596452 ], [ 110.413891389138911, -6.959645964596458 ] ] ] } }
]
}
