{
"type": "FeatureCollection",
"name": "atrisk_2032",
"crs": { "type": "name", "properties": { "name": "urn:ogc:def:crs:OGC:1.3:CRS84" } },
"features": [
{ "type": "Feature", "properties": { "year": 2032, "layer": "atrisk" }, "geometry": { "type": "Polygon", "coordinates": [ [ [ 110.575532553255329, -6.75 ], [ 110.572907290729077, -6.750600060006006 ], [ 110.575532553255329, -6.750150015001497 ], [ 110.575532553255329, -6.75 ] ] ] } },
{ "type": "Feature", "properties": { "year": 2032, "layer": "atrisk" }, "geometry": { "type": "Polygon", "coordinates": [ [ [ 110.583633363336332, -6.751200120012006 ], [ 110.58280828082809, -6.751950195019494 ], [ 110.583258325832588, -6.751950195019502 ], [ 110.583633363336332, -6.751200120012006 ] ] ] } },
{ "type": "Feature", "properties": { "year": 2032, "layer": "atrisk" }, "geometry": { "type": "Polygon", "coordinates": [ [ [ 110.564056405640585, -6.75 ], [ 110.566981698169812, -6.752250225022503 ], [ 110.571707170717076, -6.75007500750075 ], [ 110.571707170717076, -6.75 ], [ 110.564056405640585, -6.75 ] ] ] } },
{ "type": "Feature", "properties": { "year": 2032, "layer": "atrisk" }, "geometry": { "type": "Polygon", "coordinates": [ [ [ 110.58453345334533, -6.752100210021005 ], [ 110.583633363336332, -6.752850285028502 ], [ 110.583408340834083, -6.753750375037506 ], [ 110.58453345334533, -6.753450345034499 ], [ 110.58453345334533, -6.752100210021005 ] ] ] } },
{ "type": "Feature", "properties": { "year": 2032, "layer": "atrisk" }, "geometry": { "type": "Polygon", "coordinates": [ [ [ 110.580708070807077, -6.75262526252625 ], [ 110.578082808280826, -6.753000300030005 ], [ 110.577857785778576, -6.753825382538264 ], [ 110.580933093309326, -6.75390039003901 ], [ 110.580708070807077, -6.75262526252625 ] ] ] } },
{ "type": "Feature", "properties": { "year": 2032, "layer": "atrisk" }, "geometry": { "type": "Polygon", "coordinates": [ [ [ 110.571707170717076, -6.75337533753375 ], [ 110.570807080708065, -6.754125412541255 ], [ 110.571707170717076, -6.753975397539751 ], [ 110.571707170717076, -6.75337533753375 ] ] ] } },
{ "type": "Feature", "properties": { "year": 2032, "layer": "atrisk" }, "geometry": { "type": "Polygon", "coordinates": [ [ [ 110.583183318331834, -6.752700270027001 ], [ 110.582058205820587, -6.752550255025495 ], [ 110.582208220822096, -6.754200420042004 ], [ 110.583183318331834, -6.752700270027001 ] ] ] } },
{ "type": "Feature", "properties": { "year": 2032, "layer": "atrisk" }, "geometry": { "type": "Polygon", "coordinates": [ [ [ 110.569681968196818, -6.754125412541248 ], [ 110.568481848184817, -6.754350435043502 ], [ 110.569456945694569, -6.754650465046496 ], [ 110.569681968196818, -6.754125412541248 ] ] ] } },
{ "type": "Feature", "properties": { "year": 2032, "layer": "atrisk" }, "geometry": { "type": "Polygon", "coordinates": [ [ [ 110.541104110411041, -6.75 ], [ 110.545754575457551, -6.755850585058507 ], [ 110.54740474047405, -6.755775577557746 ], [ 110.543429342934289, -6.75 ], [ 110.541104110411041, -6.75 ] ] ] } },
{ "type": "Feature", "properties": { "year": 2032, "layer": "atrisk" }, "geometry": { "type": "Polygon", "coordinates": [ [ [ 110.571332133213318, -6.757725772577254 ], [ 110.57043204320432, -6.756975697569755 ], [ 110.569981998199836, -6.757500750075003 ], [ 110.571332133213318, -6.757725772577254 ] ] ] } },
{ "type": "Feature", "properties": { "year": 2032, "layer": "atrisk" }, "geometry": { "type": "Polygon", "coordinates": [ [ [ 110.547254725472541, -6.759075907590766 ], [ 110.546354635463544, -6.759900990099009 ], [ 110.546654665466548, -6.760126012601257 ], [ 110.547254725472541, -6.759075907590766 ] ] ] } },
{ "type": "Feature", "properties": { "year": 2032, "layer": "atrisk" }, "geometry": { "type": "Polygon", "coordinates": [ [ [ 110.577482748274832, -6.759750975097512 ], [ 110.577932793279345, -6.761251125112507 ], [ 110.578457845784584, -6.761326132613266 ], [ 110.578607860786079, -6.759975997599751 ], [ 110.577482748274832, -6.759750975097512 ] ] ] } },
{ "type": "Feature", "properties": { "year": 2032, "layer": "atrisk" }, "geometry": { "type": "Polygon", "coordinates": [ [ [ 110.566681668166822, -6.759300930093014 ], [ 110.565631563156316, -6.760051005100514 ], [ 110.566306630663064, -6.761551155115503 ], [ 110.567131713171321, -6.760426042604265 ], [ 110.566681668166822, -6.759300930093014 ] ] ] } },
{ "type": "Feature", "properties": { "year": 2032, "layer": "atrisk" }, "geometry": { "type": "Polygon", "coordinates": [ [ [ 110.555955595559553, -6.761176117611768 ], [ 110.554905490549061, -6.762376237623767 ], [ 110.555655565556549, -6.762526252625259 ], [ 110.555955595559553, -6.761176117611768 ] ] ] } },
{ "type": "Feature", "properties": { "year": 2032, "layer": "atrisk" }, "geometry": { "type": "Polygon", "coordinates": [ [ [ 110.58430843084308, -6.754275427542758 ], [ 110.582508250825086, -6.759075907590762 ], [ 110.581608160816089, -6.7576507650765 ], [ 110.575007500750075, -6.757200720072006 ], [ 110.574707470747072, -6.75555055505551 ], [ 110.573057305730572, -6.755850585058504 ], [ 110.572682268226828, -6.756150615061498 ], [ 110.575232523252325, -6.757575757575753 ], [ 110.574182418241818, -6.759900990099015 ], [ 110.581308130813085, -6.759900990099003 ], [ 110.583783378337827, -6.761551155115518 ], [ 110.583258325832588, -6.763351335133514 ], [ 110.583633363336332, -6.763726372637266 ], [ 110.58430843084308, -6.754275427542758 ] ] ] } },
{ "type": "Feature", "properties": { "year": 2032, "layer": "atrisk" }, "geometry": { "type": "Polygon", "coordinates": [ [ [ 110.568706870687066, -6.763876387638763 ], [ 110.569081908190824, -6.763126312631263 ], [ 110.566381638163818, -6.763501350135004 ], [ 110.568706870687066, -6.763876387638763 ] ], [ [ 110.568406840684062, -6.763426342634263 ], [ 110.568556855685571, -6.763351335133507 ], [ 110.568556855685571, -6.76342634263427 ], [ 110.568406840684062, -6.763426342634263 ] ] ] } },
{ "type": "Feature", "properties": { "year": 2032, "layer": "atrisk" }, "geometry": { "type": "Polygon", "coordinates": [ [ [ 110.552505250525073, -6.808955895589562 ], [ 110.551080108010808, -6.808430843084302 ], [ 110.549504950495063, -6.811206120612058 ], [ 110.552505250525073, -6.808955895589562 ] ] ] } },
{ "type": "Feature", "properties": { "year": 2032, "layer": "atrisk" }, "geometry": { "type": "Polygon", "coordinates": [ [ [ 110.576282628262845, -6.759900990099013 ], [ 110.572307230723084, -6.761701170117013 ], [ 110.575007500750075, -6.761251125112503 ], [ 110.575457545754574, -6.762826282628267 ], [ 110.573057305730572, -6.763051305130517 ], [ 110.570657065706584, -6.764176417641769 ], [ 110.575607560756069, -6.764326432643267 ], [ 110.575457545754574, -6.769801980198028 ], [ 110.57680768076807, -6.770702070207026 ], [ 110.576057605760582, -6.768901890189018 ], [ 110.577482748274832, -6.76755175517552 ], [ 110.578082808280826, -6.770702070207024 ], [ 110.575532553255329, -6.771452145214529 ], [ 110.575457545754574, -6.770477047704776 ], [ 110.575232523252325, -6.773477347734771 ], [ 110.572982298229817, -6.77475247524752 ], [ 110.569456945694569, -6.775202520252023 ], [ 110.568331833183322, -6.775952595259531 ], [ 110.56593159315932, -6.784428442844288 ], [ 110.565781578157811, -6.78727872787278 ], [ 110.567056705670566, -6.788178817881779 ], [ 110.565331533153312, -6.78795379537953 ], [ 110.564731473147319, -6.791179117911787 ], [ 110.563531353135318, -6.791254125412533 ], [ 110.562706270627075, -6.792904290429049 ], [ 110.564881488148814, -6.795379537953784 ], [ 110.567281728172816, -6.792679267926785 ], [ 110.565406540654067, -6.795979597959791 ], [ 110.566231623162309, -6.796729672967293 ], [ 110.567281728172816, -6.795004500450038 ], [ 110.568256825682568, -6.79620462046204 ], [ 110.569156915691565, -6.795154515451541 ], [ 110.569756975697572, -6.79822982298229 ], [ 110.568181818181813, -6.799054905490552 ], [ 110.564656465646564, -6.796879687968794 ], [ 110.563606360636058, -6.796879687968797 ], [ 110.563531353135318, -6.79732973297329 ], [ 110.563231323132314, -6.797404740474054 ], [ 110.563081308130833, -6.797854785478554 ], [ 110.56285628562857, -6.79702970297029 ], [ 110.562256225622562, -6.797029702970293 ], [ 110.561806180618063, -6.797479747974799 ], [ 110.561881188118818, -6.795004500450043 ], [ 110.559555955595556, -6.798154815481547 ], [ 110.559780978097805, -6.799879987998803 ], [ 110.561431143114305, -6.798979897989796 ], [ 110.560081008100823, -6.801005100510046 ], [ 110.560231023102304, -6.801605160516059 ], [ 110.561656165616569, -6.800555055505556 ], [ 110.562181218121808, -6.8007800780078 ], [ 110.561881188118818, -6.801455145514555 ], [ 110.562031203120313, -6.80175517551755 ], [ 110.568031803180318, -6.805205520552049 ], [ 110.568631863186312, -6.804605460546053 ], [ 110.568256825682568, -6.805805580558059 ], [ 110.569681968196818, -6.807530753075303 ], [ 110.567731773177314, -6.806480648064798 ], [ 110.566531653165313, -6.808205820582053 ], [ 110.568406840684062, -6.810381038103802 ], [ 110.56293129312931, -6.804605460546056 ], [ 110.566231623162309, -6.807680768076802 ], [ 110.567356735673584, -6.805880588058801 ], [ 110.560306030603059, -6.80198019801981 ], [ 110.558430843084324, -6.804755475547549 ], [ 110.562556255625566, -6.806480648064796 ], [ 110.562781278127815, -6.805880588058812 ], [ 110.566156615661569, -6.809705970597059 ], [ 110.560231023102304, -6.805880588058804 ], [ 110.558355835583555, -6.807005700570065 ], [ 110.558430843084324, -6.805055505550548 ], [ 110.557455745574558, -6.805280528052813 ], [ 110.557080708070814, -6.806105610561058 ], [ 110.556630663066301, -6.805955595559556 ], [ 110.554230423042299, -6.809030903090314 ], [ 110.56293129312931, -6.816006600660069 ], [ 110.563531353135318, -6.81345634563457 ], [ 110.570282028202826, -6.811656165616567 ], [ 110.568706870687066, -6.810531053105305 ], [ 110.569756975697572, -6.809855985598557 ], [ 110.570582058205815, -6.808805880588061 ], [ 110.569456945694569, -6.810531053105313 ], [ 110.57043204320432, -6.811506150615057 ], [ 110.577257725772597, -6.807080708070805 ], [ 110.581533153315334, -6.801530153015299 ], [ 110.583933393339336, -6.795154515451541 ], [ 110.584383438343835, -6.791854185418539 ], [ 110.582133213321328, -6.790279027902786 ], [ 110.58145814581458, -6.79365436543655 ], [ 110.581383138313825, -6.789978997899791 ], [ 110.578757875787574, -6.788628862886288 ], [ 110.584458445844589, -6.791404140414036 ], [ 110.584608460846084, -6.770702070207022 ], [ 110.581758175817583, -6.770552055205525 ], [ 110.582958295829584, -6.76650165016502 ], [ 110.581833183318338, -6.767326732673265 ], [ 110.582058205820587, -6.764476447644766 ], [ 110.579657965796585, -6.763951395139521 ], [ 110.583633363336332, -6.764776477647756 ], [ 110.58423342334234, -6.764101410141012 ], [ 110.581083108310835, -6.762601260126003 ], [ 110.576132613261322, -6.762976297629757 ], [ 110.576282628262845, -6.759900990099013 ] ], [ [ 110.576432643264326, -6.763501350135013 ], [ 110.576582658265835, -6.763426342634262 ], [ 110.576582658265835, -6.763576357635761 ], [ 110.576432643264326, -6.763501350135013 ] ], [ [ 110.57680768076807, -6.763801380138012 ], [ 110.576882688268824, -6.763651365136507 ], [ 110.576882688268824, -6.763801380138013 ], [ 110.57680768076807, -6.763801380138012 ] ], [ [ 110.577182718271828, -6.763726372637259 ], [ 110.577332733273323, -6.763651365136519 ], [ 110.577332733273323, -6.76372637263727 ], [ 110.577182718271828, -6.763726372637259 ] ], [ [ 110.576132613261322, -6.764101410141008 ], [ 110.576207620762077, -6.76402640264027 ], [ 110.576207620762077, -6.76410141014102 ], [ 110.576132613261322, -6.764101410141008 ] ], [ [ 110.578607860786079, -6.764251425142518 ], [ 110.578757875787574, -6.764176417641768 ], [ 110.578757875787574, -6.764251425142518 ], [ 110.578607860786079, -6.764251425142518 ] ], [ [ 110.576882688268824, -6.764851485148521 ], [ 110.577782778277822, -6.765151515151508 ], [ 110.576957695769579, -6.765826582658267 ], [ 110.576882688268824, -6.764851485148521 ] ], [ [ 110.575682568256823, -6.768451845184522 ], [ 110.575757575757578, -6.768226822682275 ], [ 110.575757575757578, -6.768451845184527 ], [ 110.575682568256823, -6.768451845184522 ] ], [ [ 110.575607560756069, -6.768601860186018 ], [ 110.575682568256823, -6.768451845184522 ], [ 110.575682568256823, -6.768601860186024 ], [ 110.575607560756069, -6.768601860186018 ] ], [ [ 110.575532553255329, -6.769576957695776 ], [ 110.575607560756069, -6.769201920192023 ], [ 110.575607560756069, -6.769576957695766 ], [ 110.575532553255329, -6.769576957695776 ] ], [ [ 110.570282028202826, -6.775277527752771 ], [ 110.570582058205815, -6.775127512751276 ], [ 110.570657065706584, -6.77527752775277 ], [ 110.570282028202826, -6.775277527752771 ] ], [ [ 110.571107110711068, -6.77535253525352 ], [ 110.571182118211823, -6.775202520252019 ], [ 110.571182118211823, -6.775352535253528 ], [ 110.571107110711068, -6.77535253525352 ] ], [ [ 110.569756975697572, -6.775427542754276 ], [ 110.569831983198327, -6.775352535253521 ], [ 110.569831983198327, -6.775427542754275 ], [ 110.569756975697572, -6.775427542754276 ] ], [ [ 110.569606960696063, -6.775802580258032 ], [ 110.570207020702071, -6.775577557755782 ], [ 110.570132013201317, -6.77580258025802 ], [ 110.569606960696063, -6.775802580258032 ] ], [ [ 110.568931893189315, -6.776027602760282 ], [ 110.569081908190824, -6.775652565256532 ], [ 110.569006900690084, -6.776027602760269 ], [ 110.568931893189315, -6.776027602760282 ] ], [ [ 110.569156915691565, -6.776027602760273 ], [ 110.569456945694569, -6.775802580258032 ], [ 110.569231923192319, -6.776177617761784 ], [ 110.569156915691565, -6.776027602760273 ] ], [ [ 110.568706870687066, -6.775877587758782 ], [ 110.568781878187821, -6.775802580258024 ], [ 110.568781878187821, -6.775877587758775 ], [ 110.568706870687066, -6.775877587758782 ] ], [ [ 110.568631863186312, -6.776252625262527 ], [ 110.568781878187821, -6.776402640264031 ], [ 110.568631863186312, -6.776552655265528 ], [ 110.568631863186312, -6.776252625262527 ] ], [ [ 110.569756975697572, -6.776327632763282 ], [ 110.569831983198327, -6.776102610261017 ], [ 110.569831983198327, -6.776327632763279 ], [ 110.569756975697572, -6.776327632763282 ] ], [ [ 110.570657065706584, -6.776552655265534 ], [ 110.571032103210328, -6.776252625262534 ], [ 110.570882088208819, -6.776702670267034 ], [ 110.570657065706584, -6.776552655265534 ] ], [ [ 110.578457845784584, -6.776177617761778 ], [ 110.583333333333329, -6.778202820282023 ], [ 110.58453345334533, -6.780003000300026 ], [ 110.581083108310835, -6.779552955295528 ], [ 110.578457845784584, -6.776177617761778 ] ], [ [ 110.568931893189315, -6.776327632763272 ], [ 110.569081908190824, -6.77655265526553 ], [ 110.568931893189315, -6.776627662766278 ], [ 110.568931893189315, -6.776327632763272 ] ], [ [ 110.569681968196818, -6.776477647764777 ], [ 110.569756975697572, -6.776327632763282 ], [ 110.569756975697572, -6.776477647764777 ], [ 110.569681968196818, -6.776477647764777 ] ], [ [ 110.570357035703566, -6.776552655265521 ], [ 110.570507050705075, -6.776327632763272 ], [ 110.570507050705075, -6.776552655265527 ], [ 110.570357035703566, -6.776552655265521 ] ], [ [ 110.569156915691565, -6.776702670267026 ], [ 110.569231923192319, -6.776402640264023 ], [ 110.569231923192319, -6.776702670267025 ], [ 110.569156915691565, -6.776702670267026 ] ], [ [ 110.569606960696063, -6.776702670267031 ], [ 110.569681968196818, -6.776552655265528 ], [ 110.569681968196818, -6.776702670267031 ], [ 110.569606960696063, -6.776702670267031 ] ], [ [ 110.570357035703566, -6.776777677767772 ], [ 110.570507050705075, -6.776927692769283 ], [ 110.570282028202826, -6.777152715271523 ], [ 110.570357035703566, -6.776777677767772 ] ], [ [ 110.570882088208819, -6.777002700270025 ], [ 110.571107110711068, -6.776852685268527 ], [ 110.571032103210328, -6.777077707770784 ], [ 110.570957095709574, -6.777002700270029 ], [ 110.570882088208819, -6.777002700270025 ] ], [ [ 110.570207020702071, -6.776927692769282 ], [ 110.570282028202826, -6.776777677767767 ], [ 110.570282028202826, -6.776927692769271 ], [ 110.570207020702071, -6.776927692769282 ] ], [ [ 110.570582058205815, -6.776927692769271 ], [ 110.570732073207324, -6.77677767776778 ], [ 110.570657065706584, -6.776927692769282 ], [ 110.570582058205815, -6.776927692769271 ] ], [ [ 110.570132013201317, -6.777077707770777 ], [ 110.570207020702071, -6.776927692769282 ], [ 110.570207020702071, -6.777077707770785 ], [ 110.570132013201317, -6.777077707770777 ] ], [ [ 110.570807080708065, -6.777152715271526 ], [ 110.570882088208819, -6.777002700270025 ], [ 110.570882088208819, -6.777152715271532 ], [ 110.570807080708065, -6.777152715271526 ] ], [ [ 110.569081908190824, -6.777902790279034 ], [ 110.570282028202826, -6.777227722772268 ], [ 110.570357035703566, -6.777602760276032 ], [ 110.569606960696063, -6.778127812781277 ], [ 110.569156915691565, -6.782103210321029 ], [ 110.573057305730572, -6.784203420342037 ], [ 110.57538253825382, -6.781578157815775 ], [ 110.573357335733576, -6.785103510351032 ], [ 110.567956795679564, -6.781728172817276 ], [ 110.568556855685571, -6.781278127812787 ], [ 110.569456945694569, -6.778727872787285 ], [ 110.569081908190824, -6.777902790279034 ] ], [ [ 110.570507050705075, -6.777152715271534 ], [ 110.570582058205815, -6.777077707770784 ], [ 110.570582058205815, -6.777152715271525 ], [ 110.570507050705075, -6.777152715271534 ] ], [ [ 110.570732073207324, -6.777227722772285 ], [ 110.570807080708065, -6.777152715271526 ], [ 110.570807080708065, -6.777227722772277 ], [ 110.570732073207324, -6.777227722772285 ] ], [ [ 110.573357335733576, -6.77730273027303 ], [ 110.57343234323433, -6.777152715271524 ], [ 110.57343234323433, -6.777302730273026 ], [ 110.573357335733576, -6.77730273027303 ] ], [ [ 110.570807080708065, -6.777302730273034 ], [ 110.570882088208819, -6.777227722772278 ], [ 110.570882088208819, -6.777302730273029 ], [ 110.570807080708065, -6.777302730273034 ] ], [ [ 110.570807080708065, -6.777827782778278 ], [ 110.571032103210328, -6.77752775277527 ], [ 110.571032103210328, -6.77775277527752 ], [ 110.570807080708065, -6.777827782778278 ] ], [ [ 110.57043204320432, -6.777602760276035 ], [ 110.570657065706584, -6.77767776777678 ], [ 110.570357035703566, -6.777977797779783 ], [ 110.57043204320432, -6.777602760276035 ] ], [ [ 110.568931893189315, -6.777827782778282 ], [ 110.569006900690084, -6.777752775277528 ], [ 110.569006900690084, -6.777827782778283 ], [ 110.568931893189315, -6.777827782778282 ] ], [ [ 110.568331833183322, -6.778952895289534 ], [ 110.568931893189315, -6.778052805280522 ], [ 110.568706870687066, -6.778877887788775 ], [ 110.568331833183322, -6.778952895289534 ] ], [ [ 110.570732073207324, -6.77790279027903 ], [ 110.570807080708065, -6.777827782778278 ], [ 110.570807080708065, -6.777902790279033 ], [ 110.570732073207324, -6.77790279027903 ] ], [ [ 110.570132013201317, -6.778052805280524 ], [ 110.570207020702071, -6.777977797779784 ], [ 110.570207020702071, -6.778052805280534 ], [ 110.570132013201317, -6.778052805280524 ] ], [ [ 110.569831983198327, -6.778352835283526 ], [ 110.570057005700576, -6.778052805280534 ], [ 110.569906990699067, -6.778352835283534 ], [ 110.569831983198327, -6.778352835283526 ] ], [ [ 110.570057005700576, -6.778352835283534 ], [ 110.570132013201317, -6.778127812781281 ], [ 110.570132013201317, -6.778352835283525 ], [ 110.570057005700576, -6.778352835283534 ] ], [ [ 110.570207020702071, -6.778352835283521 ], [ 110.570357035703566, -6.778127812781271 ], [ 110.570282028202826, -6.778352835283526 ], [ 110.570207020702071, -6.778352835283521 ] ], [ [ 110.570357035703566, -6.77857785778578 ], [ 110.570732073207324, -6.778202820282024 ], [ 110.570132013201317, -6.779102910291031 ], [ 110.569906990699067, -6.77865286528652 ], [ 110.570357035703566, -6.77857785778578 ] ], [ [ 110.569081908190824, -6.778727872787286 ], [ 110.569156915691565, -6.778577857785771 ], [ 110.569156915691565, -6.778727872787278 ], [ 110.569081908190824, -6.778727872787286 ] ], [ [ 110.569006900690084, -6.77895289528953 ], [ 110.569081908190824, -6.778802880288033 ], [ 110.569081908190824, -6.778952895289531 ], [ 110.569006900690084, -6.77895289528953 ] ], [ [ 110.568931893189315, -6.779102910291029 ], [ 110.569006900690084, -6.77895289528953 ], [ 110.569006900690084, -6.779102910291021 ], [ 110.568931893189315, -6.779102910291029 ] ], [ [ 110.569081908190824, -6.779177917791778 ], [ 110.569156915691565, -6.779027902790283 ], [ 110.569156915691565, -6.779177917791778 ], [ 110.569081908190824, -6.779177917791778 ] ], [ [ 110.569906990699067, -6.779177917791773 ], [ 110.569981998199836, -6.779102910291019 ], [ 110.569981998199836, -6.779177917791785 ], [ 110.569906990699067, -6.779177917791773 ] ], [ [ 110.570057005700576, -6.779252925292536 ], [ 110.570132013201317, -6.779102910291031 ], [ 110.570132013201317, -6.779252925292522 ], [ 110.570057005700576, -6.779252925292536 ] ], [ [ 110.569006900690084, -6.779402940294024 ], [ 110.569081908190824, -6.779252925292529 ], [ 110.569081908190824, -6.779402940294031 ], [ 110.569006900690084, -6.779402940294024 ] ], [ [ 110.568931893189315, -6.779477947794775 ], [ 110.569006900690084, -6.779402940294024 ], [ 110.569006900690084, -6.779477947794778 ], [ 110.568931893189315, -6.779477947794775 ] ], [ [ 110.568856885688575, -6.779702970297032 ], [ 110.568931893189315, -6.779627962796271 ], [ 110.568931893189315, -6.779702970297026 ], [ 110.568856885688575, -6.779702970297032 ] ], [ [ 110.569981998199836, -6.779777977797785 ], [ 110.570057005700576, -6.779702970297035 ], [ 110.570057005700576, -6.779777977797777 ], [ 110.569981998199836, -6.779777977797785 ] ], [ [ 110.568781878187821, -6.780003000300034 ], [ 110.568856885688575, -6.779927992799273 ], [ 110.568856885688575, -6.780003000300021 ], [ 110.568781878187821, -6.780003000300034 ] ], [ [ 110.568706870687066, -6.780153015301538 ], [ 110.568781878187821, -6.780078007800775 ], [ 110.568781878187821, -6.780153015301535 ], [ 110.568706870687066, -6.780153015301538 ] ], [ [ 110.568481848184817, -6.780753075307526 ], [ 110.568556855685571, -6.780678067806782 ], [ 110.568556855685571, -6.780753075307526 ], [ 110.568481848184817, -6.780753075307526 ] ], [ [ 110.568406840684062, -6.780903090309022 ], [ 110.568481848184817, -6.780828082808277 ], [ 110.568481848184817, -6.780903090309035 ], [ 110.568406840684062, -6.780903090309022 ] ], [ [ 110.569531953195323, -6.78090309030903 ], [ 110.569606960696063, -6.780828082808281 ], [ 110.569606960696063, -6.780903090309029 ], [ 110.569531953195323, -6.78090309030903 ] ], [ [ 110.568331833183322, -6.781203120312036 ], [ 110.568406840684062, -6.781128112811281 ], [ 110.568406840684062, -6.781203120312029 ], [ 110.568331833183322, -6.781203120312036 ] ], [ [ 110.574932493249335, -6.781578157815782 ], [ 110.57508250825083, -6.781428142814285 ], [ 110.575007500750075, -6.781578157815778 ], [ 110.574932493249335, -6.781578157815782 ] ], [ [ 110.574782478247826, -6.781803180318023 ], [ 110.575007500750075, -6.781653165316526 ], [ 110.575007500750075, -6.781803180318023 ], [ 110.574782478247826, -6.781803180318023 ] ], [ [ 110.574707470747072, -6.781878187818775 ], [ 110.574782478247826, -6.781803180318023 ], [ 110.574782478247826, -6.781878187818775 ], [ 110.574707470747072, -6.781878187818775 ] ], [ [ 110.567956795679564, -6.781953195319534 ], [ 110.568481848184817, -6.782178217821774 ], [ 110.568256825682568, -6.782253225322529 ], [ 110.568031803180318, -6.782778277827785 ], [ 110.567956795679564, -6.781953195319534 ] ], [ [ 110.574782478247826, -6.782028202820274 ], [ 110.574857485748581, -6.781953195319535 ], [ 110.574857485748581, -6.782028202820286 ], [ 110.574782478247826, -6.782028202820274 ] ], [ [ 110.568331833183322, -6.78240324032403 ], [ 110.568406840684062, -6.782328232823289 ], [ 110.568406840684062, -6.782403240324031 ], [ 110.568331833183322, -6.78240324032403 ] ], [ [ 110.568481848184817, -6.782478247824779 ], [ 110.568556855685571, -6.78240324032403 ], [ 110.568556855685571, -6.782478247824776 ], [ 110.568481848184817, -6.782478247824779 ] ], [ [ 110.568406840684062, -6.782553255325533 ], [ 110.568481848184817, -6.782478247824779 ], [ 110.568481848184817, -6.782553255325532 ], [ 110.568406840684062, -6.782553255325533 ] ], [ [ 110.568631863186312, -6.782553255325525 ], [ 110.568706870687066, -6.782478247824786 ], [ 110.568706870687066, -6.782553255325535 ], [ 110.568631863186312, -6.782553255325525 ] ], [ [ 110.568106810681073, -6.782778277827775 ], [ 110.568181818181813, -6.78270327032704 ], [ 110.568181818181813, -6.782778277827779 ], [ 110.568106810681073, -6.782778277827775 ] ], [ [ 110.567881788178823, -6.782853285328532 ], [ 110.567956795679564, -6.782778277827778 ], [ 110.567956795679564, -6.78285328532854 ], [ 110.567881788178823, -6.782853285328532 ] ], [ [ 110.571032103210328, -6.782928292829276 ], [ 110.571107110711068, -6.782853285328538 ], [ 110.571107110711068, -6.782928292829285 ], [ 110.571032103210328, -6.782928292829276 ] ], [ [ 110.567806780678069, -6.78307830783079 ], [ 110.567881788178823, -6.782928292829283 ], [ 110.567881788178823, -6.783078307830784 ], [ 110.567806780678069, -6.78307830783079 ] ], [ [ 110.571182118211823, -6.783003300330039 ], [ 110.571257125712577, -6.78292829282928 ], [ 110.571257125712577, -6.783003300330039 ], [ 110.571182118211823, -6.783003300330039 ] ], [ [ 110.567731773177314, -6.783228322832283 ], [ 110.567806780678069, -6.78307830783079 ], [ 110.567806780678069, -6.783228322832282 ], [ 110.567731773177314, -6.783228322832283 ] ], [ [ 110.567956795679564, -6.78345334533453 ], [ 110.568481848184817, -6.783153315331533 ], [ 110.568556855685571, -6.783378337833788 ], [ 110.567956795679564, -6.78345334533453 ] ], [ [ 110.567656765676574, -6.783378337833778 ], [ 110.567731773177314, -6.783228322832283 ], [ 110.567731773177314, -6.78337833783378 ], [ 110.567656765676574, -6.783378337833778 ] ], [ [ 110.56758175817582, -6.783528352835274 ], [ 110.567656765676574, -6.783378337833778 ], [ 110.567656765676574, -6.783528352835281 ], [ 110.56758175817582, -6.783528352835274 ] ], [ [ 110.572232223222329, -6.78345334533453 ], [ 110.572307230723084, -6.783378337833783 ], [ 110.572307230723084, -6.78345334533454 ], [ 110.572232223222329, -6.78345334533453 ] ], [ [ 110.568106810681073, -6.783603360336026 ], [ 110.568256825682568, -6.783528352835291 ], [ 110.568256825682568, -6.783603360336026 ], [ 110.568106810681073, -6.783603360336026 ] ], [ [ 110.567506750675065, -6.783678367836789 ], [ 110.56758175817582, -6.783603360336026 ], [ 110.56758175817582, -6.783678367836782 ], [ 110.567506750675065, -6.783678367836789 ] ], [ [ 110.572682268226828, -6.783753375337536 ], [ 110.572757275727568, -6.783678367836781 ], [ 110.572757275727568, -6.783753375337533 ], [ 110.572682268226828, -6.783753375337536 ] ], [ [ 110.567431743174311, -6.783828382838284 ], [ 110.567506750675065, -6.783753375337534 ], [ 110.567506750675065, -6.783828382838285 ], [ 110.567431743174311, -6.783828382838284 ] ], [ [ 110.567356735673584, -6.783978397839782 ], [ 110.567431743174311, -6.783903390339041 ], [ 110.567431743174311, -6.783978397839787 ], [ 110.567356735673584, -6.783978397839782 ] ], [ [ 110.567206720672061, -6.784278427842785 ], [ 110.567281728172816, -6.784203420342036 ], [ 110.567281728172816, -6.784278427842786 ], [ 110.567206720672061, -6.784278427842785 ] ], [ [ 110.566531653165313, -6.785028502850289 ], [ 110.566906690669072, -6.784878487848777 ], [ 110.566906690669072, -6.785028502850285 ], [ 110.566531653165313, -6.785028502850289 ] ], [ [ 110.56758175817582, -6.785178517851791 ], [ 110.567731773177314, -6.78495349534954 ], [ 110.567656765676574, -6.785178517851779 ], [ 110.56758175817582, -6.785178517851791 ] ], [ [ 110.573132313231326, -6.785178517851786 ], [ 110.573207320732067, -6.785103510351038 ], [ 110.573207320732067, -6.785178517851782 ], [ 110.573132313231326, -6.785178517851786 ] ], [ [ 110.566531653165313, -6.785628562856289 ], [ 110.566606660666068, -6.785553555355536 ], [ 110.566606660666068, -6.785628562856289 ], [ 110.566531653165313, -6.785628562856289 ] ], [ [ 110.566531653165313, -6.785928592859285 ], [ 110.566606660666068, -6.785853585358535 ], [ 110.566606660666068, -6.785928592859278 ], [ 110.566531653165313, -6.785928592859285 ] ], [ [ 110.566306630663064, -6.78607860786078 ], [ 110.566381638163818, -6.786003600360036 ], [ 110.566381638163818, -6.786078607860785 ], [ 110.566306630663064, -6.78607860786078 ] ], [ [ 110.566456645664573, -6.786153615361536 ], [ 110.566531653165313, -6.786003600360032 ], [ 110.566531653165313, -6.786153615361544 ], [ 110.566456645664573, -6.786153615361536 ] ], [ [ 110.566381638163818, -6.786303630363046 ], [ 110.566456645664573, -6.786153615361536 ], [ 110.566456645664573, -6.786303630363031 ], [ 110.566381638163818, -6.786303630363046 ] ], [ [ 110.566306630663064, -6.78645364536454 ], [ 110.566381638163818, -6.786378637863781 ], [ 110.566381638163818, -6.78645364536454 ], [ 110.566306630663064, -6.78645364536454 ] ], [ [ 110.583258325832588, -6.78727872787278 ], [ 110.584383438343835, -6.786903690369043 ], [ 110.583708370837087, -6.787878787878784 ], [ 110.583258325832588, -6.78727872787278 ] ], [ [ 110.569606960696063, -6.78817881788178 ], [ 110.569906990699067, -6.787428742874281 ], [ 110.570357035703566, -6.786978697869792 ], [ 110.570132013201317, -6.788403840384031 ], [ 110.569606960696063, -6.78817881788178 ] ], [ [ 110.574857485748581, -6.788403840384045 ], [ 110.576207620762077, -6.787653765376542 ], [ 110.574932493249335, -6.789078907890785 ], [ 110.574857485748581, -6.788403840384045 ] ], [ [ 110.569981998199836, -6.787203720372033 ], [ 110.570057005700576, -6.78712871287128 ], [ 110.570057005700576, -6.787203720372031 ], [ 110.569981998199836, -6.787203720372033 ] ], [ [ 110.569906990699067, -6.787278727872788 ], [ 110.569981998199836, -6.787203720372033 ], [ 110.569981998199836, -6.787278727872792 ], [ 110.569906990699067, -6.787278727872788 ] ], [ [ 110.569381938193814, -6.788778877887792 ], [ 110.569756975697572, -6.788778877887787 ], [ 110.570357035703566, -6.788478847884782 ], [ 110.57538253825382, -6.78997899789979 ], [ 110.576432643264326, -6.792304230423033 ], [ 110.579057905790577, -6.792754275427535 ], [ 110.57680768076807, -6.792979297929794 ], [ 110.57538253825382, -6.790729072907294 ], [ 110.569381938193814, -6.788778877887792 ] ], [ [ 110.569981998199836, -6.788478847884785 ], [ 110.570057005700576, -6.788403840384047 ], [ 110.570057005700576, -6.788478847884793 ], [ 110.569981998199836, -6.788478847884785 ] ], [ [ 110.565181518151817, -6.789228922892292 ], [ 110.565256525652572, -6.789153915391534 ], [ 110.565256525652572, -6.789228922892282 ], [ 110.565181518151817, -6.789228922892292 ] ], [ [ 110.565331533153312, -6.791629162916288 ], [ 110.567881788178823, -6.789453945394539 ], [ 110.566531653165313, -6.791854185418535 ], [ 110.565331533153312, -6.791629162916288 ] ], [ [ 110.570207020702071, -6.790054005400548 ], [ 110.57515751575157, -6.790804080408039 ], [ 110.575832583258332, -6.792454245424544 ], [ 110.570207020702071, -6.790054005400548 ] ], [ [ 110.569531953195323, -6.789753975397541 ], [ 110.569831983198327, -6.789678967896786 ], [ 110.569531953195323, -6.789903990399035 ], [ 110.569531953195323, -6.789753975397541 ] ], [ [ 110.564956495649568, -6.79117911791179 ], [ 110.565106510651063, -6.791329132913296 ], [ 110.564956495649568, -6.791329132913291 ], [ 110.564956495649568, -6.79117911791179 ] ], [ [ 110.565331533153312, -6.791329132913291 ], [ 110.565481548154821, -6.791179117911787 ], [ 110.565481548154821, -6.791329132913285 ], [ 110.565331533153312, -6.791329132913291 ] ], [ [ 110.564731473147319, -6.791329132913289 ], [ 110.564806480648059, -6.791254125412546 ], [ 110.564806480648059, -6.791329132913289 ], [ 110.564731473147319, -6.791329132913289 ] ], [ [ 110.564881488148814, -6.791479147914784 ], [ 110.564956495649568, -6.791329132913291 ], [ 110.565031503150323, -6.791479147914791 ], [ 110.564881488148814, -6.791479147914784 ] ], [ [ 110.563831383138307, -6.791779177917789 ], [ 110.564206420642066, -6.791479147914784 ], [ 110.563831383138307, -6.7919291929193 ], [ 110.563831383138307, -6.791779177917789 ] ], [ [ 110.565031503150323, -6.791554155415533 ], [ 110.565181518151817, -6.791479147914783 ], [ 110.565181518151817, -6.791554155415534 ], [ 110.565031503150323, -6.791554155415533 ] ], [ [ 110.573132313231326, -6.793429342934284 ], [ 110.574932493249335, -6.793729372937286 ], [ 110.574257425742573, -6.795604560456041 ], [ 110.572232223222329, -6.795004500450052 ], [ 110.573132313231326, -6.793429342934284 ] ], [ [ 110.581908190819078, -6.795079507950794 ], [ 110.582658265826581, -6.795829582958293 ], [ 110.58145814581458, -6.797479747974801 ], [ 110.581533153315334, -6.796204620462043 ], [ 110.581908190819078, -6.795079507950794 ] ], [ [ 110.57515751575157, -6.796729672967297 ], [ 110.577107710771074, -6.796354635463549 ], [ 110.576957695769579, -6.797329732973291 ], [ 110.57515751575157, -6.796729672967297 ] ], [ [ 110.570582058205815, -6.797104710471054 ], [ 110.572382238223824, -6.79665466546655 ], [ 110.572457245724578, -6.797104710471039 ], [ 110.570582058205815, -6.797104710471054 ] ], [ [ 110.579057905790577, -6.796504650465043 ], [ 110.579957995799575, -6.798529852985291 ], [ 110.580783078307832, -6.798004800480045 ], [ 110.580258025802578, -6.799429942994294 ], [ 110.57980798079808, -6.798679867986793 ], [ 110.577782778277822, -6.798604860486046 ], [ 110.579057905790577, -6.796504650465043 ] ], [ [ 110.562256225622562, -6.79725472547255 ], [ 110.562331233123317, -6.797179717971792 ], [ 110.562331233123317, -6.797254725472542 ], [ 110.562256225622562, -6.79725472547255 ] ], [ [ 110.560006000600055, -6.79777977797779 ], [ 110.560531053105308, -6.798154815481545 ], [ 110.560231023102304, -6.798229822982295 ], [ 110.560006000600055, -6.79777977797779 ] ], [ [ 110.563231323132314, -6.797629762976298 ], [ 110.563306330633068, -6.797554755475538 ], [ 110.563306330633068, -6.797629762976293 ], [ 110.563231323132314, -6.797629762976298 ] ], [ [ 110.580258025802578, -6.797704770477052 ], [ 110.580333033303333, -6.797629762976304 ], [ 110.580333033303333, -6.797704770477054 ], [ 110.580258025802578, -6.797704770477052 ] ], [ [ 110.563156315631559, -6.797779777977804 ], [ 110.563231323132314, -6.797704770477051 ], [ 110.563231323132314, -6.797779777977792 ], [ 110.563156315631559, -6.797779777977804 ] ], [ [ 110.570882088208819, -6.797854785478547 ], [ 110.570957095709574, -6.7977797779778 ], [ 110.570957095709574, -6.797854785478548 ], [ 110.570882088208819, -6.797854785478547 ] ], [ [ 110.57373237323732, -6.798679867986804 ], [ 110.574932493249335, -6.798229822982296 ], [ 110.574857485748581, -6.799054905490546 ], [ 110.57373237323732, -6.798679867986804 ] ], [ [ 110.580183018301824, -6.797929792979295 ], [ 110.580258025802578, -6.797779777977794 ], [ 110.580258025802578, -6.797929792979297 ], [ 110.580183018301824, -6.797929792979295 ] ], [ [ 110.580108010801084, -6.798079807980804 ], [ 110.580183018301824, -6.798004800480041 ], [ 110.580183018301824, -6.798079807980807 ], [ 110.580108010801084, -6.798079807980804 ] ], [ [ 110.580033003300329, -6.798304830483042 ], [ 110.580108010801084, -6.798154815481547 ], [ 110.580108010801084, -6.798304830483048 ], [ 110.580033003300329, -6.798304830483042 ] ], [ [ 110.579957995799575, -6.798454845484548 ], [ 110.580033003300329, -6.798379837983806 ], [ 110.580033003300329, -6.79845484548454 ], [ 110.579957995799575, -6.798454845484548 ] ], [ [ 110.579732973297325, -6.798979897989794 ], [ 110.57980798079808, -6.798904890489051 ], [ 110.57980798079808, -6.798979897989798 ], [ 110.579732973297325, -6.798979897989794 ] ], [ [ 110.578682868286833, -6.799354935493545 ], [ 110.578832883288328, -6.799279927992796 ], [ 110.578832883288328, -6.799354935493547 ], [ 110.578682868286833, -6.799354935493545 ] ], [ [ 110.575607560756069, -6.799504950495056 ], [ 110.575682568256823, -6.799429942994303 ], [ 110.575682568256823, -6.799504950495043 ], [ 110.575607560756069, -6.799504950495056 ] ], [ [ 110.561956195619558, -6.801530153015295 ], [ 110.562031203120313, -6.801455145514558 ], [ 110.562031203120313, -6.801530153015305 ], [ 110.561956195619558, -6.801530153015295 ] ], [ [ 110.580183018301824, -6.801830183018298 ], [ 110.580258025802578, -6.801755175517552 ], [ 110.580258025802578, -6.801830183018293 ], [ 110.580183018301824, -6.801830183018298 ] ], [ [ 110.567656765676574, -6.804680468046797 ], [ 110.567731773177314, -6.804605460546054 ], [ 110.567731773177314, -6.804680468046811 ], [ 110.567656765676574, -6.804680468046797 ] ], [ [ 110.567731773177314, -6.804905490549059 ], [ 110.567806780678069, -6.804830483048296 ], [ 110.567806780678069, -6.804905490549051 ], [ 110.567731773177314, -6.804905490549059 ] ], [ [ 110.568031803180318, -6.804905490549062 ], [ 110.568106810681073, -6.804830483048312 ], [ 110.568106810681073, -6.80490549054905 ], [ 110.568031803180318, -6.804905490549062 ] ], [ [ 110.568631863186312, -6.805205520552057 ], [ 110.568706870687066, -6.805130513051296 ], [ 110.568706870687066, -6.805205520552049 ], [ 110.568631863186312, -6.805205520552057 ] ], [ [ 110.558280828082815, -6.805280528052799 ], [ 110.558355835583555, -6.805205520552048 ], [ 110.558355835583555, -6.80528052805281 ], [ 110.558280828082815, -6.805280528052799 ] ], [ [ 110.561206120612056, -6.805430543054315 ], [ 110.561356135613565, -6.805280528052804 ], [ 110.561581158115814, -6.805430543054306 ], [ 110.561206120612056, -6.805430543054315 ] ], [ [ 110.561581158115814, -6.805505550555053 ], [ 110.561656165616569, -6.805430543054314 ], [ 110.561656165616569, -6.805505550555054 ], [ 110.561581158115814, -6.805505550555053 ] ], [ [ 110.557530753075312, -6.805580558055802 ], [ 110.557605760576052, -6.805505550555055 ], [ 110.557605760576052, -6.805580558055805 ], [ 110.557530753075312, -6.805580558055802 ] ], [ [ 110.561956195619558, -6.805655565556554 ], [ 110.562181218121808, -6.8055805580558 ], [ 110.562256225622562, -6.80573057305731 ], [ 110.561956195619558, -6.805655565556554 ] ], [ [ 110.561431143114305, -6.805730573057304 ], [ 110.56150615061506, -6.805655565556549 ], [ 110.56150615061506, -6.805730573057301 ], [ 110.561431143114305, -6.805730573057304 ] ], [ [ 110.557380738073803, -6.80655565556556 ], [ 110.557455745574558, -6.806405640564061 ], [ 110.557530753075312, -6.806555655565555 ], [ 110.557380738073803, -6.80655565556556 ] ], [ [ 110.557755775577562, -6.806555655565562 ], [ 110.557830783078302, -6.806480648064799 ], [ 110.557830783078302, -6.806555655565549 ], [ 110.557755775577562, -6.806555655565562 ] ], [ [ 110.557155715571554, -6.806555655565549 ], [ 110.557305730573063, -6.807605760576065 ], [ 110.55655565556556, -6.807980798079807 ], [ 110.556030603060307, -6.808655865586552 ], [ 110.557155715571554, -6.806555655565549 ] ], [ [ 110.557530753075312, -6.806705670567052 ], [ 110.557755775577562, -6.806555655565562 ], [ 110.557980798079811, -6.806930693069312 ], [ 110.557530753075312, -6.806705670567052 ] ], [ [ 110.557380738073803, -6.807455745574561 ], [ 110.558580858085804, -6.8073807380738 ], [ 110.557005700570059, -6.808430843084307 ], [ 110.557380738073803, -6.807455745574561 ] ], [ [ 110.556480648064806, -6.807230723072302 ], [ 110.55655565556556, -6.807155715571552 ], [ 110.55655565556556, -6.807230723072312 ], [ 110.556480648064806, -6.807230723072302 ] ], [ [ 110.557005700570059, -6.807905790579064 ], [ 110.557080708070814, -6.807830783078304 ], [ 110.557080708070814, -6.807905790579055 ], [ 110.557005700570059, -6.807905790579064 ] ], [ [ 110.556930693069305, -6.807980798079815 ], [ 110.557005700570059, -6.807905790579064 ], [ 110.557005700570059, -6.807980798079802 ], [ 110.556930693069305, -6.807980798079815 ] ], [ [ 110.57043204320432, -6.808880888088813 ], [ 110.570507050705075, -6.808805880588066 ], [ 110.570507050705075, -6.808880888088817 ], [ 110.57043204320432, -6.808880888088813 ] ] ] } },
{ "type": "Feature", "properties": { "year": 2032, "layer": "atrisk" }, "geometry": { "type": "Polygon", "coordinates": [ [ [ 110.549429942994294, -6.828232823282331 ], [ 110.549129912991305, -6.828382838283832 ], [ 110.5504800480048, -6.828907890789083 ], [ 110.549429942994294, -6.828232823282331 ] ] ] } },
{ "type": "Feature", "properties": { "year": 2032, "layer": "atrisk" }, "geometry": { "type": "Polygon", "coordinates": [ [ [ 110.552730273027308, -6.829732973297334 ], [ 110.550930093009299, -6.829507950795082 ], [ 110.553030303030297, -6.830033003300328 ], [ 110.552730273027308, -6.829732973297334 ] ] ] } },
{ "type": "Feature", "properties": { "year": 2032, "layer": "atrisk" }, "geometry": { "type": "Polygon", "coordinates": [ [ [ 110.540204020402044, -6.840534053405334 ], [ 110.539828982898285, -6.840909090909084 ], [ 110.540729072907297, -6.841584158415849 ], [ 110.540954095409546, -6.841134113411338 ], [ 110.540204020402044, -6.840534053405334 ] ], [ [ 110.540204020402044, -6.841059105910593 ], [ 110.540279027902784, -6.840984098409846 ], [ 110.540279027902784, -6.841059105910588 ], [ 110.540204020402044, -6.841059105910593 ] ], [ [ 110.540579057905802, -6.84143414341434 ], [ 110.540654065406542, -6.841359135913595 ], [ 110.540654065406542, -6.841434143414335 ], [ 110.540579057905802, -6.84143414341434 ] ] ] } },
{ "type": "Feature", "properties": { "year": 2032, "layer": "atrisk" }, "geometry": { "type": "Polygon", "coordinates": [ [ [ 110.527302730273021, -6.848034803480345 ], [ 110.522652265226526, -6.848334833483343 ], [ 110.521827182718269, -6.848709870987097 ], [ 110.521827182718269, -6.848859885988604 ], [ 110.524902490249019, -6.850135013501346 ], [ 110.527302730273021, -6.848034803480345 ] ], [ [ 110.524752475247524, -6.850060006000596 ], [ 110.524827482748279, -6.849984998499848 ], [ 110.524827482748279, -6.850060006000591 ], [ 110.524752475247524, -6.850060006000596 ] ] ] } },
{ "type": "Feature", "properties": { "year": 2032, "layer": "atrisk" }, "geometry": { "type": "Polygon", "coordinates": [ [ [ 110.552430243024304, -6.809030903090306 ], [ 110.549204920492045, -6.813006300630066 ], [ 110.549804980498052, -6.817431743174314 ], [ 110.547554755475545, -6.820282028202814 ], [ 110.545904590459045, -6.821482148214819 ], [ 110.544029402940296, -6.819906990699073 ], [ 110.542454245424537, -6.820657065706573 ], [ 110.537353735373543, -6.827182718271833 ], [ 110.534953495349541, -6.82778277827782 ], [ 110.530453045304526, -6.832283228322837 ], [ 110.530978097809779, -6.833258325832586 ], [ 110.532928292829283, -6.834833483348337 ], [ 110.534803480348032, -6.831983198319834 ], [ 110.535028502850281, -6.832133213321329 ], [ 110.53352835283529, -6.836183618361843 ], [ 110.529702970297024, -6.832358235823581 ], [ 110.520102010201029, -6.834983498349827 ], [ 110.523402340234028, -6.838508850885088 ], [ 110.527527752775271, -6.839333933393331 ], [ 110.528802880288026, -6.844584458445849 ], [ 110.527527752775271, -6.848109810981098 ], [ 110.528952895289535, -6.847884788478848 ], [ 110.52910291029103, -6.846159615961594 ], [ 110.531053105310534, -6.845934593459344 ], [ 110.531428142814278, -6.846459645964596 ], [ 110.530003000300042, -6.846234623462352 ], [ 110.529327932793279, -6.848484848484846 ], [ 110.527602760276025, -6.848709870987093 ], [ 110.526477647764779, -6.851035103510356 ], [ 110.52160216021602, -6.851485148514858 ], [ 110.521227122712276, -6.849534953495352 ], [ 110.519726972697271, -6.854560456045603 ], [ 110.521677167716774, -6.85493549354936 ], [ 110.51852685268527, -6.857410741074108 ], [ 110.518376837683775, -6.855160516051601 ], [ 110.51522652265227, -6.85913591359135 ], [ 110.515751575157509, -6.860411041104105 ], [ 110.520027002700274, -6.856510651065108 ], [ 110.516426642664271, -6.860411041104116 ], [ 110.51852685268527, -6.861386138613852 ], [ 110.521827182718269, -6.85943594359436 ], [ 110.52160216021602, -6.855235523552359 ], [ 110.527527752775271, -6.853960396039604 ], [ 110.527752775277534, -6.85283528352836 ], [ 110.527752775277534, -6.8538103810381 ], [ 110.529477947794774, -6.853135313531346 ], [ 110.536453645364531, -6.84803480348035 ], [ 110.53990399039904, -6.843309330933097 ], [ 110.537953795379551, -6.841134113411346 ], [ 110.538553855385544, -6.840684068406848 ], [ 110.540204020402044, -6.842184218421838 ], [ 110.540579057905802, -6.841884188418846 ], [ 110.536078607860787, -6.838208820882088 ], [ 110.539828982898285, -6.840684068406839 ], [ 110.539978997899794, -6.840684068406839 ], [ 110.540054005400535, -6.840309030903087 ], [ 110.539078907890783, -6.83925892589259 ], [ 110.539528952895296, -6.83925892589259 ], [ 110.540054005400535, -6.840159015901597 ], [ 110.540879087908792, -6.840684068406847 ], [ 110.541179117911796, -6.840684068406834 ], [ 110.542754275427541, -6.834383438343829 ], [ 110.547254725472541, -6.833333333333338 ], [ 110.545079507950788, -6.831758175817584 ], [ 110.54605460546054, -6.826807680768074 ], [ 110.547554755475545, -6.828232823282324 ], [ 110.545904590459045, -6.831608160816082 ], [ 110.547779777977794, -6.833258325832576 ], [ 110.551080108010808, -6.831833183318333 ], [ 110.548679867986792, -6.827632763276324 ], [ 110.554680468046811, -6.829507950795079 ], [ 110.559480948094816, -6.824407440744069 ], [ 110.562631263126306, -6.817731773177313 ], [ 110.552430243024304, -6.809030903090306 ] ], [ [ 110.551005100510054, -6.810906090609062 ], [ 110.551080108010808, -6.810831083108313 ], [ 110.551080108010808, -6.81090609060906 ], [ 110.551005100510054, -6.810906090609062 ] ], [ [ 110.551980198019805, -6.815331533153317 ], [ 110.550630063006295, -6.814206420642066 ], [ 110.551980198019805, -6.81510651065107 ], [ 110.551980198019805, -6.815331533153317 ] ], [ [ 110.551755175517556, -6.815481548154808 ], [ 110.551905190519051, -6.815406540654063 ], [ 110.551905190519051, -6.815481548154811 ], [ 110.551755175517556, -6.815481548154808 ] ], [ [ 110.549804980498052, -6.817506750675069 ], [ 110.549879987998793, -6.817431743174319 ], [ 110.549879987998793, -6.817506750675068 ], [ 110.549804980498052, -6.817506750675069 ] ], [ [ 110.551755175517556, -6.821182118211821 ], [ 110.551980198019805, -6.822457245724575 ], [ 110.550330033003306, -6.824482448244831 ], [ 110.546729672967302, -6.826582658265831 ], [ 110.543654365436538, -6.824332433243326 ], [ 110.544704470447044, -6.821257125712564 ], [ 110.545754575457551, -6.82170717071707 ], [ 110.545229522952312, -6.822607260726067 ], [ 110.545079507950788, -6.823657365736573 ], [ 110.547779777977794, -6.825232523252319 ], [ 110.551755175517556, -6.821182118211821 ] ], [ [ 110.545529552955301, -6.822307230723081 ], [ 110.545604560456042, -6.822232223222315 ], [ 110.545604560456042, -6.822307230723078 ], [ 110.545529552955301, -6.822307230723081 ] ], [ [ 110.552505250525073, -6.824857485748583 ], [ 110.553330333033301, -6.824632463246316 ], [ 110.552505250525073, -6.826057605760575 ], [ 110.552505250525073, -6.824857485748583 ] ], [ [ 110.542529252925291, -6.82515751575158 ], [ 110.542604260426046, -6.825082508250829 ], [ 110.542604260426046, -6.825157515751576 ], [ 110.542529252925291, -6.82515751575158 ] ], [ [ 110.542079207920793, -6.82530753075308 ], [ 110.542154215421547, -6.825232523252327 ], [ 110.542154215421547, -6.825307530753079 ], [ 110.542079207920793, -6.82530753075308 ] ], [ [ 110.542229222922302, -6.82530753075307 ], [ 110.542304230423042, -6.825232523252323 ], [ 110.542304230423042, -6.825307530753075 ], [ 110.542229222922302, -6.82530753075307 ] ], [ [ 110.542154215421547, -6.825382538253835 ], [ 110.542229222922302, -6.82530753075307 ], [ 110.542229222922302, -6.82538253825382 ], [ 110.542154215421547, -6.825382538253835 ] ], [ [ 110.542079207920793, -6.825457545754577 ], [ 110.542154215421547, -6.825382538253835 ], [ 110.542154215421547, -6.825457545754579 ], [ 110.542079207920793, -6.825457545754577 ] ], [ [ 110.541779177917789, -6.825607560756067 ], [ 110.542079207920793, -6.825532553255331 ], [ 110.541779177917789, -6.825682568256826 ], [ 110.541779177917789, -6.825607560756067 ] ], [ [ 110.541404140414045, -6.825907590759073 ], [ 110.541479147914785, -6.825832583258325 ], [ 110.541479147914785, -6.825907590759074 ], [ 110.541404140414045, -6.825907590759073 ] ], [ [ 110.540504050405048, -6.82635763576357 ], [ 110.541104110411041, -6.82620762076207 ], [ 110.540429042904293, -6.826582658265835 ], [ 110.540504050405048, -6.82635763576357 ] ], [ [ 110.540129012901289, -6.826732673267329 ], [ 110.540429042904293, -6.826732673267326 ], [ 110.540129012901289, -6.826807680768074 ], [ 110.540129012901289, -6.826732673267329 ] ], [ [ 110.536303630363051, -6.827782778277836 ], [ 110.538703870387039, -6.832508250825083 ], [ 110.542754275427541, -6.833858385838584 ], [ 110.542379237923797, -6.834683468346832 ], [ 110.537878787878782, -6.832133213321326 ], [ 110.536303630363051, -6.827782778277836 ] ], [ [ 110.547554755475545, -6.828007800780072 ], [ 110.5476297629763, -6.827932793279324 ], [ 110.5476297629763, -6.828007800780071 ], [ 110.547554755475545, -6.828007800780072 ] ], [ [ 110.535028502850281, -6.832508250825082 ], [ 110.535103510351036, -6.832358235823581 ], [ 110.535103510351036, -6.832508250825074 ], [ 110.535028502850281, -6.832508250825082 ] ], [ [ 110.540729072907297, -6.832958295829575 ], [ 110.540879087908792, -6.832883288328838 ], [ 110.540879087908792, -6.832958295829585 ], [ 110.540729072907297, -6.832958295829575 ] ], [ [ 110.530978097809779, -6.833108310831088 ], [ 110.531053105310534, -6.833033303330342 ], [ 110.531053105310534, -6.833108310831085 ], [ 110.530978097809779, -6.833108310831088 ] ], [ [ 110.541104110411041, -6.833108310831081 ], [ 110.541179117911796, -6.833033303330332 ], [ 110.541179117911796, -6.833108310831082 ], [ 110.541104110411041, -6.833108310831081 ] ], [ [ 110.525802580258031, -6.83438343834383 ], [ 110.527527752775271, -6.83700870087009 ], [ 110.528727872787272, -6.837308730873082 ], [ 110.527302730273021, -6.837083708370833 ], [ 110.524227422742271, -6.835133513351327 ], [ 110.525802580258031, -6.83438343834383 ] ], [ [ 110.542004200420038, -6.834833483348326 ], [ 110.542229222922302, -6.834908490849089 ], [ 110.542004200420038, -6.835058505850592 ], [ 110.542004200420038, -6.834833483348326 ] ], [ [ 110.522577257725771, -6.834833483348338 ], [ 110.525352535253532, -6.836333633363331 ], [ 110.52467746774677, -6.836558655865593 ], [ 110.524827482748279, -6.837833783378334 ], [ 110.521902190219024, -6.836558655865588 ], [ 110.522577257725771, -6.834833483348338 ] ], [ [ 110.52745274527453, -6.835883588358832 ], [ 110.527527752775271, -6.835808580858094 ], [ 110.527527752775271, -6.835883588358843 ], [ 110.52745274527453, -6.835883588358832 ] ], [ [ 110.52737773777379, -6.835958595859584 ], [ 110.52745274527453, -6.835883588358832 ], [ 110.52745274527453, -6.835958595859585 ], [ 110.52737773777379, -6.835958595859584 ] ], [ [ 110.53375337533754, -6.836108610861092 ], [ 110.536378637863791, -6.837158715871579 ], [ 110.536378637863791, -6.837608760876088 ], [ 110.534953495349541, -6.837158715871591 ], [ 110.53375337533754, -6.836108610861092 ] ], [ [ 110.524752475247524, -6.836708670867095 ], [ 110.524977497749774, -6.836633663366333 ], [ 110.524977497749774, -6.836783678367844 ], [ 110.524752475247524, -6.836708670867095 ] ], [ [ 110.528802880288026, -6.837383738373834 ], [ 110.530153015301536, -6.837233723372344 ], [ 110.534053405340529, -6.838133813381343 ], [ 110.528802880288026, -6.837383738373834 ] ], [ [ 110.527527752775271, -6.836783678367838 ], [ 110.527602760276025, -6.836708670867093 ], [ 110.527602760276025, -6.836783678367828 ], [ 110.527527752775271, -6.836783678367838 ] ], [ [ 110.527527752775271, -6.83693369336934 ], [ 110.527602760276025, -6.836858685868586 ], [ 110.527602760276025, -6.836933693369331 ], [ 110.527527752775271, -6.83693369336934 ] ], [ [ 110.527752775277534, -6.836933693369337 ], [ 110.527977797779783, -6.836858685868595 ], [ 110.527977797779783, -6.836933693369339 ], [ 110.527752775277534, -6.836933693369337 ] ], [ [ 110.536453645364531, -6.837383738373842 ], [ 110.536528652865286, -6.837308730873095 ], [ 110.536528652865286, -6.837383738373842 ], [ 110.536453645364531, -6.837383738373842 ] ], [ [ 110.527077707770772, -6.837383738373838 ], [ 110.530153015301536, -6.837758775877595 ], [ 110.531428142814278, -6.838133813381335 ], [ 110.531503150315032, -6.838358835883581 ], [ 110.527077707770772, -6.837383738373838 ] ], [ [ 110.533378337833781, -6.838733873387337 ], [ 110.535403540354039, -6.838433843384344 ], [ 110.536978697869785, -6.839408940894093 ], [ 110.533378337833781, -6.838733873387337 ] ], [ [ 110.537053705370539, -6.839483948394835 ], [ 110.537128712871294, -6.839408940894096 ], [ 110.537128712871294, -6.839483948394839 ], [ 110.537053705370539, -6.839483948394835 ] ], [ [ 110.537128712871294, -6.839558955895585 ], [ 110.537203720372034, -6.839483948394846 ], [ 110.537203720372034, -6.839558955895595 ], [ 110.537128712871294, -6.839558955895585 ] ], [ [ 110.537203720372034, -6.839633963396333 ], [ 110.537278727872803, -6.839558955895591 ], [ 110.537278727872803, -6.839633963396346 ], [ 110.537203720372034, -6.839633963396333 ] ], [ [ 110.537278727872803, -6.839708970897087 ], [ 110.537353735373543, -6.839633963396346 ], [ 110.537353735373543, -6.839708970897087 ], [ 110.537278727872803, -6.839708970897087 ] ], [ [ 110.53990399039904, -6.839708970897085 ], [ 110.539978997899794, -6.839633963396342 ], [ 110.539978997899794, -6.839708970897094 ], [ 110.53990399039904, -6.839708970897085 ] ], [ [ 110.531203120312028, -6.83978397839784 ], [ 110.531428142814278, -6.839933993399338 ], [ 110.531278127812783, -6.840009000900089 ], [ 110.530978097809779, -6.840384038403848 ], [ 110.531203120312028, -6.83978397839784 ] ], [ [ 110.537503750375038, -6.83985898589858 ], [ 110.537578757875792, -6.839783978397842 ], [ 110.537578757875792, -6.839858985898594 ], [ 110.537503750375038, -6.83985898589858 ] ], [ [ 110.537578757875792, -6.839933993399333 ], [ 110.537653765376533, -6.839858985898593 ], [ 110.537653765376533, -6.839933993399347 ], [ 110.537578757875792, -6.839933993399333 ] ], [ [ 110.533678367836785, -6.840084008400837 ], [ 110.53382838283828, -6.83993399339934 ], [ 110.533903390339034, -6.840084008400838 ], [ 110.533678367836785, -6.840084008400837 ] ], [ [ 110.537653765376533, -6.84000900090009 ], [ 110.537728772877287, -6.839933993399334 ], [ 110.537728772877287, -6.840009000900093 ], [ 110.537653765376533, -6.84000900090009 ] ], [ [ 110.531353135313552, -6.840084008400837 ], [ 110.531428142814278, -6.840009000900097 ], [ 110.531428142814278, -6.840084008400845 ], [ 110.531353135313552, -6.840084008400837 ] ], [ [ 110.537728772877287, -6.84008400840084 ], [ 110.537803780378042, -6.840009000900099 ], [ 110.537803780378042, -6.840084008400845 ], [ 110.537728772877287, -6.84008400840084 ] ], [ [ 110.535403540354039, -6.840459045904596 ], [ 110.535403540354039, -6.840084008400836 ], [ 110.535853585358538, -6.840309030903088 ], [ 110.535403540354039, -6.840459045904596 ] ], [ [ 110.537803780378042, -6.840159015901596 ], [ 110.537878787878782, -6.840084008400836 ], [ 110.537878787878782, -6.840159015901586 ], [ 110.537803780378042, -6.840159015901596 ] ], [ [ 110.540354035403539, -6.840159015901597 ], [ 110.540429042904293, -6.840084008400833 ], [ 110.540429042904293, -6.840159015901584 ], [ 110.540354035403539, -6.840159015901597 ] ], [ [ 110.534578457845782, -6.840234023402345 ], [ 110.534728472847291, -6.840159015901591 ], [ 110.534728472847291, -6.840234023402332 ], [ 110.534578457845782, -6.840234023402345 ] ], [ [ 110.534803480348032, -6.840234023402346 ], [ 110.534953495349541, -6.840159015901595 ], [ 110.534953495349541, -6.840234023402335 ], [ 110.534803480348032, -6.840234023402346 ] ], [ [ 110.540429042904293, -6.840234023402339 ], [ 110.540504050405048, -6.84015901590159 ], [ 110.540504050405048, -6.840234023402342 ], [ 110.540429042904293, -6.840234023402339 ] ], [ [ 110.540504050405048, -6.840309030903097 ], [ 110.540654065406542, -6.840234023402335 ], [ 110.540654065406542, -6.840309030903097 ], [ 110.540504050405048, -6.840309030903097 ] ], [ [ 110.540654065406542, -6.840384038403847 ], [ 110.540804080408037, -6.840309030903093 ], [ 110.540879087908792, -6.840534053405334 ], [ 110.540654065406542, -6.840384038403847 ] ], [ [ 110.531053105310534, -6.840459045904587 ], [ 110.531128112811288, -6.840384038403843 ], [ 110.531128112811288, -6.840459045904587 ], [ 110.531053105310534, -6.840459045904587 ] ], [ [ 110.538178817881786, -6.840459045904597 ], [ 110.53825382538254, -6.840384038403834 ], [ 110.53825382538254, -6.840459045904582 ], [ 110.538178817881786, -6.840459045904597 ] ], [ [ 110.538328832883295, -6.840609060906091 ], [ 110.538403840384035, -6.840534053405342 ], [ 110.538403840384035, -6.840609060906096 ], [ 110.538328832883295, -6.840609060906091 ] ], [ [ 110.539828982898285, -6.840609060906091 ], [ 110.53990399039904, -6.840534053405333 ], [ 110.53990399039904, -6.840609060906088 ], [ 110.539828982898285, -6.840609060906091 ] ], [ [ 110.530678067806789, -6.84150915091509 ], [ 110.53075307530753, -6.841359135913588 ], [ 110.53075307530753, -6.841509150915091 ], [ 110.530678067806789, -6.84150915091509 ] ], [ [ 110.53075307530753, -6.841734173417338 ], [ 110.530828082808284, -6.841584158415838 ], [ 110.530828082808284, -6.84173417341734 ], [ 110.53075307530753, -6.841734173417338 ] ], [ [ 110.53052805280528, -6.842784278427845 ], [ 110.530828082808284, -6.841809180918097 ], [ 110.530678067806789, -6.843084308430837 ], [ 110.53052805280528, -6.842784278427845 ] ], [ [ 110.537878787878782, -6.842259225922583 ], [ 110.537953795379551, -6.842184218421834 ], [ 110.537953795379551, -6.842259225922599 ], [ 110.537878787878782, -6.842259225922583 ] ], [ [ 110.537803780378042, -6.842334233423337 ], [ 110.537878787878782, -6.842259225922583 ], [ 110.537878787878782, -6.842334233423337 ], [ 110.537803780378042, -6.842334233423337 ] ], [ [ 110.530228022802277, -6.843759375937596 ], [ 110.530603060306035, -6.843534353435345 ], [ 110.530303030303031, -6.843984398439849 ], [ 110.530228022802277, -6.843759375937596 ] ], [ [ 110.528802880288026, -6.844359435943591 ], [ 110.528877887788781, -6.844284428442845 ], [ 110.528877887788781, -6.844359435943588 ], [ 110.528802880288026, -6.844359435943591 ] ], [ [ 110.528877887788781, -6.845859585958597 ], [ 110.529402940294034, -6.8455595559556 ], [ 110.529477947794774, -6.845784578457844 ], [ 110.528877887788781, -6.845859585958597 ] ], [ [ 110.530078007800782, -6.845709570957093 ], [ 110.530153015301536, -6.845634563456348 ], [ 110.530153015301536, -6.845709570957093 ], [ 110.530078007800782, -6.845709570957093 ] ], [ [ 110.531428142814278, -6.846534653465345 ], [ 110.531503150315032, -6.846459645964599 ], [ 110.531503150315032, -6.846534653465342 ], [ 110.531428142814278, -6.846534653465345 ] ], [ [ 110.531128112811288, -6.84668466846684 ], [ 110.531203120312028, -6.846609660966098 ], [ 110.531203120312028, -6.846684668466839 ], [ 110.531128112811288, -6.84668466846684 ] ], [ [ 110.531203120312028, -6.846759675967602 ], [ 110.531278127812783, -6.846684668466846 ], [ 110.531278127812783, -6.846759675967603 ], [ 110.531203120312028, -6.846759675967602 ] ], [ [ 110.531278127812783, -6.846834683468347 ], [ 110.531353135313552, -6.846759675967596 ], [ 110.531353135313552, -6.846834683468351 ], [ 110.531278127812783, -6.846834683468347 ] ], [ [ 110.531728172817282, -6.846834683468344 ], [ 110.531803180318036, -6.846759675967601 ], [ 110.531803180318036, -6.846834683468351 ], [ 110.531728172817282, -6.846834683468344 ] ], [ [ 110.531353135313552, -6.846909690969094 ], [ 110.531428142814278, -6.846834683468347 ], [ 110.531428142814278, -6.846909690969099 ], [ 110.531353135313552, -6.846909690969094 ] ], [ [ 110.531803180318036, -6.846909690969101 ], [ 110.531878187818776, -6.846834683468345 ], [ 110.531878187818776, -6.846909690969091 ], [ 110.531803180318036, -6.846909690969101 ] ], [ [ 110.532253225322535, -6.847584758475839 ], [ 110.531953195319531, -6.846984698469845 ], [ 110.532778277827788, -6.848034803480352 ], [ 110.532328232823289, -6.847959795979596 ], [ 110.532253225322535, -6.847584758475839 ] ], [ [ 110.531953195319531, -6.847584758475855 ], [ 110.532028202820285, -6.847509750975096 ], [ 110.532028202820285, -6.847584758475846 ], [ 110.531953195319531, -6.847584758475855 ] ], [ [ 110.532103210321026, -6.847734773477355 ], [ 110.53217821782178, -6.847659765976601 ], [ 110.53217821782178, -6.847734773477343 ], [ 110.532103210321026, -6.847734773477355 ] ], [ [ 110.532778277827788, -6.847884788478852 ], [ 110.532853285328528, -6.847809780978091 ], [ 110.532853285328528, -6.847884788478851 ], [ 110.532778277827788, -6.847884788478852 ] ], [ [ 110.532703270327033, -6.848184818481857 ], [ 110.532778277827788, -6.848109810981099 ], [ 110.532778277827788, -6.848184818481849 ], [ 110.532703270327033, -6.848184818481857 ] ], [ [ 110.532778277827788, -6.848259825982605 ], [ 110.532928292829283, -6.848184818481853 ], [ 110.532928292829283, -6.84825982598259 ], [ 110.532778277827788, -6.848259825982605 ] ], [ [ 110.532928292829283, -6.848409840984095 ], [ 110.533003300330051, -6.848334833483342 ], [ 110.533003300330051, -6.848409840984096 ], [ 110.532928292829283, -6.848409840984095 ] ], [ [ 110.533228322832286, -6.84833483348334 ], [ 110.534053405340529, -6.848859885988603 ], [ 110.534203420342038, -6.849309930993106 ], [ 110.533978397839789, -6.849309930993098 ], [ 110.533228322832286, -6.84833483348334 ] ], [ [ 110.528877887788781, -6.851260126012604 ], [ 110.529252925292525, -6.8506600660066 ], [ 110.529177917791785, -6.851335133513359 ], [ 110.528877887788781, -6.851260126012604 ] ], [ [ 110.52910291029103, -6.85148514851485 ], [ 110.529177917791785, -6.851410141014096 ], [ 110.529177917791785, -6.851485148514855 ], [ 110.52910291029103, -6.85148514851485 ] ], [ [ 110.530003000300042, -6.851710171017102 ], [ 110.530078007800782, -6.851635163516356 ], [ 110.530078007800782, -6.8517101710171 ], [ 110.530003000300042, -6.851710171017102 ] ], [ [ 110.530003000300042, -6.851860186018595 ], [ 110.530078007800782, -6.851785178517849 ], [ 110.530078007800782, -6.851860186018602 ], [ 110.530003000300042, -6.851860186018595 ] ], [ [ 110.522877287728775, -6.852460246024604 ], [ 110.52295229522953, -6.852385238523845 ], [ 110.52295229522953, -6.852460246024609 ], [ 110.522877287728775, -6.852460246024604 ] ], [ [ 110.522502250225017, -6.852535253525349 ], [ 110.522577257725771, -6.852460246024606 ], [ 110.522577257725771, -6.852535253525351 ], [ 110.522502250225017, -6.852535253525349 ] ], [ [ 110.522802280228021, -6.85253525352535 ], [ 110.522877287728775, -6.852460246024604 ], [ 110.522877287728775, -6.852535253525349 ], [ 110.522802280228021, -6.85253525352535 ] ], [ [ 110.522577257725771, -6.8526102610261 ], [ 110.522652265226526, -6.852535253525351 ], [ 110.522652265226526, -6.852610261026109 ], [ 110.522577257725771, -6.8526102610261 ] ], [ [ 110.522652265226526, -6.852610261026109 ], [ 110.523477347734769, -6.853585358535851 ], [ 110.523552355235523, -6.853510351035105 ], [ 110.523777377737773, -6.853585358535859 ], [ 110.522652265226526, -6.852610261026109 ] ], [ [ 110.52610261026102, -6.852910291029096 ], [ 110.526552655265533, -6.85268526852686 ], [ 110.526552655265533, -6.853060306030605 ], [ 110.52610261026102, -6.852910291029096 ] ], [ [ 110.526627662766273, -6.853435343534355 ], [ 110.52737773777379, -6.853285328532855 ], [ 110.527152715271527, -6.853660366036599 ], [ 110.526627662766273, -6.853435343534355 ] ], [ [ 110.523177317731779, -6.852910291029104 ], [ 110.523252325232519, -6.852835283528346 ], [ 110.523252325232519, -6.852910291029099 ], [ 110.523177317731779, -6.852910291029104 ] ], [ [ 110.523252325232519, -6.852985298529853 ], [ 110.523777377737773, -6.8530603060306 ], [ 110.523702370237018, -6.853210321032098 ], [ 110.523252325232519, -6.852985298529853 ] ], [ [ 110.524077407740791, -6.85321032103211 ], [ 110.524452445244521, -6.853285328532853 ], [ 110.524002400240022, -6.853360336033606 ], [ 110.524077407740791, -6.85321032103211 ] ], [ [ 110.523777377737773, -6.853285328532856 ], [ 110.523927392739267, -6.853210321032097 ], [ 110.523927392739267, -6.853285328532859 ], [ 110.523777377737773, -6.853285328532856 ] ], [ [ 110.52572757275729, -6.853360336033611 ], [ 110.525802580258031, -6.853285328532849 ], [ 110.525802580258031, -6.853360336033595 ], [ 110.52572757275729, -6.853360336033611 ] ], [ [ 110.523777377737773, -6.85343534353435 ], [ 110.523927392739267, -6.853510351035102 ], [ 110.523777377737773, -6.853510351035095 ], [ 110.523777377737773, -6.85343534353435 ] ], [ [ 110.525352535253532, -6.853735373537347 ], [ 110.525802580258031, -6.853510351035097 ], [ 110.52632763276327, -6.854110411041108 ], [ 110.525352535253532, -6.853735373537347 ] ], [ [ 110.52302730273027, -6.853735373537357 ], [ 110.523102310231025, -6.85366036603661 ], [ 110.523102310231025, -6.853735373537354 ], [ 110.52302730273027, -6.853735373537357 ] ], [ [ 110.527002700270032, -6.853960396039598 ], [ 110.527077707770772, -6.853735373537352 ], [ 110.527077707770772, -6.853960396039598 ], [ 110.527002700270032, -6.853960396039598 ] ], [ [ 110.526402640264024, -6.853960396039609 ], [ 110.526477647764779, -6.853885388538856 ], [ 110.526477647764779, -6.853960396039603 ], [ 110.526402640264024, -6.853960396039609 ] ], [ [ 110.526477647764779, -6.854035403540355 ], [ 110.526552655265533, -6.853960396039594 ], [ 110.526552655265533, -6.854035403540347 ], [ 110.526477647764779, -6.854035403540355 ] ], [ [ 110.52632763276327, -6.854185418541847 ], [ 110.526402640264024, -6.854110411041111 ], [ 110.526402640264024, -6.854185418541851 ], [ 110.52632763276327, -6.854185418541847 ] ], [ [ 110.521827182718269, -6.854635463546354 ], [ 110.522502250225017, -6.854560456045597 ], [ 110.521677167716774, -6.854860486048602 ], [ 110.521827182718269, -6.854635463546354 ] ], [ [ 110.521977197719778, -6.855085508550856 ], [ 110.522127212721273, -6.855010501050109 ], [ 110.522127212721273, -6.855085508550848 ], [ 110.521977197719778, -6.855085508550856 ] ], [ [ 110.521152115211521, -6.855835583558363 ], [ 110.521227122712276, -6.85576057605761 ], [ 110.521227122712276, -6.855835583558352 ], [ 110.521152115211521, -6.855835583558363 ] ], [ [ 110.517026702670265, -6.857710771077103 ], [ 110.517926792679262, -6.858010801080112 ], [ 110.515976597659773, -6.859285928592864 ], [ 110.517026702670265, -6.857710771077103 ] ], [ [ 110.518226822682266, -6.857635763576358 ], [ 110.51830183018302, -6.857560756075602 ], [ 110.51830183018302, -6.857635763576362 ], [ 110.518226822682266, -6.857635763576358 ] ], [ [ 110.518151815181511, -6.857710771077111 ], [ 110.518226822682266, -6.857635763576358 ], [ 110.518226822682266, -6.857710771077107 ], [ 110.518151815181511, -6.857710771077111 ] ], [ [ 110.518076807680771, -6.85778577857786 ], [ 110.518151815181511, -6.857710771077111 ], [ 110.518151815181511, -6.857785778577863 ], [ 110.518076807680771, -6.85778577857786 ] ], [ [ 110.518001800180016, -6.857860786078604 ], [ 110.518076807680771, -6.85778577857786 ], [ 110.518076807680771, -6.857860786078601 ], [ 110.518001800180016, -6.857860786078604 ] ], [ [ 110.517926792679262, -6.85793579357936 ], [ 110.518001800180016, -6.857860786078604 ], [ 110.518001800180016, -6.85793579357935 ], [ 110.517926792679262, -6.85793579357936 ] ] ] } },
{ "type": "Feature", "properties": { "year": 2032, "layer": "atrisk" }, "geometry": { "type": "Polygon", "coordinates": [ [ [ 110.442619261926197, -6.938943894389443 ], [ 110.440819081908202, -6.938043804380433 ], [ 110.439468946894692, -6.938943894389444 ], [ 110.442619261926197, -6.938943894389443 ] ] ] } },
{ "type": "Feature", "properties": { "year": 2032, "layer": "atrisk" }, "geometry": { "type": "Polygon", "coordinates": [ [ [ 110.522127212721273, -6.859585958595868 ], [ 110.517701770177013, -6.861686168616869 ], [ 110.519726972697271, -6.862061206120619 ], [ 110.515076507650761, -6.867386738673869 ], [ 110.508700870087011, -6.880063006300624 ], [ 110.478997899789974, -6.918241824182414 ], [ 110.47562256225622, -6.920942094209425 ], [ 110.476072607260733, -6.924167416741672 ], [ 110.470447044704471, -6.925442544254425 ], [ 110.467371737173721, -6.930468046804684 ], [ 110.46482148214821, -6.929717971797172 ], [ 110.461221122112207, -6.932418241824185 ], [ 110.46009600960096, -6.931818181818182 ], [ 110.459870987098711, -6.933318331833183 ], [ 110.458820882088204, -6.932343234323429 ], [ 110.455520552055205, -6.935943594359435 ], [ 110.452970297029708, -6.936318631863181 ], [ 110.452145214521451, -6.935043504350432 ], [ 110.449219921992196, -6.936918691869195 ], [ 110.448394839483953, -6.935418541854187 ], [ 110.446069606960691, -6.936393639363937 ], [ 110.444419441944191, -6.938943894389443 ], [ 110.459495949594952, -6.938943894389433 ], [ 110.459345934593458, -6.93729372937293 ], [ 110.45844584458446, -6.936843684368429 ], [ 110.46009600960096, -6.93466846684669 ], [ 110.462121212121218, -6.934743474347431 ], [ 110.462121212121218, -6.935193519351934 ], [ 110.465271527152709, -6.938943894389434 ], [ 110.465721572157221, -6.93879387938793 ], [ 110.463546354635469, -6.936018601860193 ], [ 110.467146714671472, -6.938943894389432 ], [ 110.481098109810986, -6.93864386438643 ], [ 110.483273327332739, -6.938193819381941 ], [ 110.482373237323728, -6.936243624362436 ], [ 110.483348334833479, -6.938118811881193 ], [ 110.485448544854506, -6.93759375937594 ], [ 110.494299429942998, -6.932118211821178 ], [ 110.492874287428748, -6.931593159315936 ], [ 110.494899489948992, -6.931518151815187 ], [ 110.498874887488753, -6.925892589258928 ], [ 110.500900090008997, -6.919966996699666 ], [ 110.50142514251425, -6.901440144014401 ], [ 110.5, -6.900765076507651 ], [ 110.50142514251425, -6.900315031503148 ], [ 110.50142514251425, -6.896939693969404 ], [ 110.5061506150615, -6.895889588958892 ], [ 110.512076207620765, -6.892889288928892 ], [ 110.520177017701769, -6.88306330633063 ], [ 110.522127212721273, -6.875187518751867 ], [ 110.522127212721273, -6.859585958595868 ] ], [ [ 110.521827182718269, -6.860336033603359 ], [ 110.521977197719778, -6.860261026102611 ], [ 110.521977197719778, -6.860336033603355 ], [ 110.521827182718269, -6.860336033603359 ] ], [ [ 110.521752175217529, -6.860411041104118 ], [ 110.521827182718269, -6.860336033603359 ], [ 110.521827182718269, -6.860411041104104 ], [ 110.521752175217529, -6.860411041104118 ] ], [ [ 110.521227122712276, -6.86071107110711 ], [ 110.52137713771377, -6.860561056105603 ], [ 110.52137713771377, -6.860711071107118 ], [ 110.521227122712276, -6.86071107110711 ] ], [ [ 110.52160216021602, -6.861386138613856 ], [ 110.521677167716774, -6.861311131113109 ], [ 110.521677167716774, -6.861386138613864 ], [ 110.52160216021602, -6.861386138613856 ] ], [ [ 110.521677167716774, -6.86146114611461 ], [ 110.521752175217529, -6.861386138613857 ], [ 110.521752175217529, -6.861461146114611 ], [ 110.521677167716774, -6.86146114611461 ] ], [ [ 110.521752175217529, -6.861536153615368 ], [ 110.521827182718269, -6.861461146114615 ], [ 110.521827182718269, -6.861536153615365 ], [ 110.521752175217529, -6.861536153615368 ] ], [ [ 110.51830183018302, -6.864311431143118 ], [ 110.518376837683775, -6.86423642364236 ], [ 110.518376837683775, -6.864311431143106 ], [ 110.51830183018302, -6.864311431143118 ] ], [ [ 110.517701770177013, -6.864536453645359 ], [ 110.517776777677767, -6.864461446144614 ], [ 110.517776777677767, -6.86453645364536 ], [ 110.517701770177013, -6.864536453645359 ] ], [ [ 110.515076507650761, -6.870462046204619 ], [ 110.51515151515153, -6.870387038703863 ], [ 110.51515151515153, -6.870462046204619 ], [ 110.515076507650761, -6.870462046204619 ] ], [ [ 110.515376537653765, -6.871212121212122 ], [ 110.516051605160513, -6.871437143714362 ], [ 110.516051605160513, -6.871587158715876 ], [ 110.515376537653765, -6.871212121212122 ] ], [ [ 110.515601560156014, -6.870912091209124 ], [ 110.515676567656769, -6.870837083708377 ], [ 110.515676567656769, -6.870912091209126 ], [ 110.515601560156014, -6.870912091209124 ] ], [ [ 110.515676567656769, -6.870987098709878 ], [ 110.515751575157509, -6.870912091209112 ], [ 110.515751575157509, -6.870987098709866 ], [ 110.515676567656769, -6.870987098709878 ] ], [ [ 110.516051605160513, -6.871662166216621 ], [ 110.516126612661267, -6.871587158715872 ], [ 110.516126612661267, -6.871662166216621 ], [ 110.516051605160513, -6.871662166216621 ] ], [ [ 110.516201620162022, -6.871737173717373 ], [ 110.517776777677767, -6.873012301230129 ], [ 110.518601860186024, -6.875412541254131 ], [ 110.517626762676272, -6.87346234623462 ], [ 110.516576657665766, -6.872787278727865 ], [ 110.516201620162022, -6.871737173717373 ] ], [ [ 110.51380138013802, -6.87278727872787 ], [ 110.514176417641764, -6.872712271227121 ], [ 110.51387638763876, -6.873087308730875 ], [ 110.51380138013802, -6.87278727872787 ] ], [ [ 110.515976597659773, -6.873087308730881 ], [ 110.516051605160513, -6.873012301230121 ], [ 110.516051605160513, -6.873087308730877 ], [ 110.515976597659773, -6.873087308730881 ] ], [ [ 110.51380138013802, -6.873162316231621 ], [ 110.51387638763876, -6.873087308730875 ], [ 110.51387638763876, -6.873162316231614 ], [ 110.51380138013802, -6.873162316231621 ] ], [ [ 110.513276327632767, -6.873387338733865 ], [ 110.513726372637265, -6.873612361236124 ], [ 110.513276327632767, -6.873987398739879 ], [ 110.513276327632767, -6.873387338733865 ] ], [ [ 110.515901590159018, -6.873312331233123 ], [ 110.515976597659773, -6.873237323732365 ], [ 110.515976597659773, -6.873312331233127 ], [ 110.515901590159018, -6.873312331233123 ] ], [ [ 110.517551755175518, -6.874587458745876 ], [ 110.517701770177013, -6.873987398739872 ], [ 110.517926792679262, -6.87466246624662 ], [ 110.517551755175518, -6.874587458745876 ] ], [ [ 110.514626462646262, -6.874062406240628 ], [ 110.514701470147017, -6.873987398739867 ], [ 110.514701470147017, -6.874062406240619 ], [ 110.514626462646262, -6.874062406240628 ] ], [ [ 110.51387638763876, -6.874587458745868 ], [ 110.514026402640269, -6.874512451245124 ], [ 110.514026402640269, -6.874587458745868 ], [ 110.51387638763876, -6.874587458745868 ] ], [ [ 110.51350135013503, -6.874737473747375 ], [ 110.51387638763876, -6.874662466246622 ], [ 110.51350135013503, -6.874812481248121 ], [ 110.51350135013503, -6.874737473747375 ] ], [ [ 110.517926792679262, -6.875112511251133 ], [ 110.518076807680771, -6.874887488748869 ], [ 110.518076807680771, -6.875112511251118 ], [ 110.517926792679262, -6.875112511251133 ] ], [ [ 110.518076807680771, -6.875262526252627 ], [ 110.518151815181511, -6.875112511251128 ], [ 110.518151815181511, -6.875262526252617 ], [ 110.518076807680771, -6.875262526252627 ] ], [ [ 110.510876087608779, -6.87608760876087 ], [ 110.511251125112508, -6.875787578757871 ], [ 110.511326132613263, -6.876012601260129 ], [ 110.510876087608779, -6.87608760876087 ] ], [ [ 110.518376837683775, -6.876237623762377 ], [ 110.51852685268527, -6.876312631263131 ], [ 110.518376837683775, -6.87631263126313 ], [ 110.518376837683775, -6.876237623762377 ] ], [ [ 110.51852685268527, -6.876987698769879 ], [ 110.518901890189014, -6.876837683768371 ], [ 110.518976897689768, -6.877362736273621 ], [ 110.51852685268527, -6.876987698769879 ] ], [ [ 110.519276927692772, -6.877587758775877 ], [ 110.519351935193512, -6.87713771377137 ], [ 110.519576957695776, -6.877812781278135 ], [ 110.519276927692772, -6.877587758775877 ] ], [ [ 110.518826882688273, -6.877587758775878 ], [ 110.519051905190523, -6.877512751275135 ], [ 110.519051905190523, -6.877662766276626 ], [ 110.518826882688273, -6.877587758775878 ] ], [ [ 110.519126912691263, -6.878337833783381 ], [ 110.519276927692772, -6.878037803780384 ], [ 110.519351935193512, -6.878337833783386 ], [ 110.519126912691263, -6.878337833783381 ] ], [ [ 110.519426942694281, -6.878187818781885 ], [ 110.519651965196516, -6.877962796279623 ], [ 110.519726972697271, -6.87848784878488 ], [ 110.519426942694281, -6.878187818781885 ] ], [ [ 110.519051905190523, -6.878787878787882 ], [ 110.519126912691263, -6.87863786378638 ], [ 110.519126912691263, -6.878787878787871 ], [ 110.519051905190523, -6.878787878787882 ] ], [ [ 110.519276927692772, -6.879462946294628 ], [ 110.51995199519952, -6.878862886288634 ], [ 110.519651965196516, -6.879687968796878 ], [ 110.519276927692772, -6.879462946294628 ] ], [ [ 110.520027002700274, -6.879312931293126 ], [ 110.520177017701769, -6.879387938793873 ], [ 110.520027002700274, -6.879462946294637 ], [ 110.520027002700274, -6.879312931293126 ] ], [ [ 110.509375937593759, -6.880063006300634 ], [ 110.509525952595268, -6.87953795379538 ], [ 110.509600960096009, -6.880063006300621 ], [ 110.509375937593759, -6.880063006300634 ] ], [ [ 110.519876987698765, -6.879837983798373 ], [ 110.520252025202524, -6.879612961296134 ], [ 110.520177017701769, -6.879987998799872 ], [ 110.519876987698765, -6.879837983798373 ] ], [ [ 110.519501950195021, -6.879912991299136 ], [ 110.519801980198039, -6.879762976297627 ], [ 110.519801980198039, -6.880063006300631 ], [ 110.519501950195021, -6.879912991299136 ] ], [ [ 110.509525952595268, -6.880588058805881 ], [ 110.509825982598258, -6.880363036303635 ], [ 110.509675967596763, -6.880738073807381 ], [ 110.509525952595268, -6.880588058805881 ] ], [ [ 110.51050105010502, -6.88028802880288 ], [ 110.510576057605761, -6.880213021302132 ], [ 110.510576057605761, -6.880288028802886 ], [ 110.51050105010502, -6.88028802880288 ] ], [ [ 110.519801980198039, -6.880588058805888 ], [ 110.520102010201029, -6.880588058805887 ], [ 110.519801980198039, -6.880813081308138 ], [ 110.519801980198039, -6.880588058805888 ] ], [ [ 110.508925892589261, -6.881938193819374 ], [ 110.509675967596763, -6.88088808880888 ], [ 110.509900990099013, -6.881338133813379 ], [ 110.509525952595268, -6.881188118811889 ], [ 110.509225922592279, -6.881638163816386 ], [ 110.509225922592279, -6.882613261326136 ], [ 110.508925892589261, -6.881938193819374 ] ], [ [ 110.509825982598258, -6.880963096309634 ], [ 110.509900990099013, -6.880888088808886 ], [ 110.509900990099013, -6.880963096309627 ], [ 110.509825982598258, -6.880963096309634 ] ], [ [ 110.509525952595268, -6.881338133813387 ], [ 110.509600960096009, -6.881263126312636 ], [ 110.509600960096009, -6.881338133813375 ], [ 110.509525952595268, -6.881338133813387 ] ], [ [ 110.509750975097504, -6.881638163816387 ], [ 110.509825982598258, -6.881563156315639 ], [ 110.509825982598258, -6.881638163816378 ], [ 110.509750975097504, -6.881638163816387 ] ], [ [ 110.508850885088506, -6.883513351335126 ], [ 110.509450945094514, -6.882913291329134 ], [ 110.509450945094514, -6.882988298829878 ], [ 110.508850885088506, -6.883513351335126 ] ], [ [ 110.514326432643259, -6.884713471347134 ], [ 110.514626462646262, -6.884638463846385 ], [ 110.514626462646262, -6.884788478847886 ], [ 110.514326432643259, -6.884713471347134 ] ], [ [ 110.514476447644768, -6.885388538853892 ], [ 110.51530153015301, -6.884863486348641 ], [ 110.515076507650761, -6.885613561356133 ], [ 110.514476447644768, -6.885388538853892 ] ], [ [ 110.509675967596763, -6.884938493849379 ], [ 110.509750975097504, -6.884863486348627 ], [ 110.509750975097504, -6.88493849384938 ], [ 110.509675967596763, -6.884938493849379 ] ], [ [ 110.514176417641764, -6.885163516351627 ], [ 110.514326432643259, -6.885013501350133 ], [ 110.514326432643259, -6.885163516351638 ], [ 110.514176417641764, -6.885163516351627 ] ], [ [ 110.508100810081004, -6.885163516351641 ], [ 110.508250825082513, -6.885238523852394 ], [ 110.508100810081004, -6.885238523852381 ], [ 110.508100810081004, -6.885163516351641 ] ], [ [ 110.506750675067508, -6.885538553855381 ], [ 110.50772577257726, -6.885838583858386 ], [ 110.506300630063009, -6.886363636363636 ], [ 110.506750675067508, -6.885538553855381 ] ], [ [ 110.508475847584762, -6.885313531353131 ], [ 110.508775877587752, -6.885163516351633 ], [ 110.508775877587752, -6.885388538853881 ], [ 110.508475847584762, -6.885313531353131 ] ], [ [ 110.507875787578769, -6.885388538853889 ], [ 110.508100810081004, -6.885463546354634 ], [ 110.507875787578769, -6.885463546354641 ], [ 110.507875787578769, -6.885388538853889 ] ], [ [ 110.515826582658264, -6.886663666366642 ], [ 110.516651665166521, -6.886288628862895 ], [ 110.516501650165011, -6.886888688868877 ], [ 110.515826582658264, -6.886663666366642 ] ], [ [ 110.516501650165011, -6.887038703870383 ], [ 110.516576657665766, -6.88696369636963 ], [ 110.516576657665766, -6.887038703870386 ], [ 110.516501650165011, -6.887038703870383 ] ], [ [ 110.505250525052517, -6.890939093909385 ], [ 110.506600660066013, -6.890639063906384 ], [ 110.506450645064504, -6.891464146414644 ], [ 110.505250525052517, -6.890939093909385 ] ], [ [ 110.507125712571252, -6.891614161416134 ], [ 110.507650765076505, -6.891539153915396 ], [ 110.507575757575751, -6.891764176417643 ], [ 110.507125712571252, -6.891614161416134 ] ], [ [ 110.506600660066013, -6.891914191419133 ], [ 110.507200720072007, -6.891914191419149 ], [ 110.507050705070512, -6.892139213921391 ], [ 110.506600660066013, -6.891914191419133 ] ], [ [ 110.507650765076505, -6.891989198919898 ], [ 110.50772577257726, -6.891914191419136 ], [ 110.50772577257726, -6.891989198919895 ], [ 110.507650765076505, -6.891989198919898 ] ], [ [ 110.507650765076505, -6.892214221422143 ], [ 110.50772577257726, -6.892139213921388 ], [ 110.50772577257726, -6.892214221422138 ], [ 110.507650765076505, -6.892214221422143 ] ], [ [ 110.507575757575751, -6.892739273927398 ], [ 110.508100810081004, -6.892364236423645 ], [ 110.509750975097504, -6.893564356435642 ], [ 110.507575757575751, -6.892739273927398 ] ], [ [ 110.511326132613263, -6.892364236423642 ], [ 110.511401140114017, -6.892289228922898 ], [ 110.511401140114017, -6.892364236423637 ], [ 110.511326132613263, -6.892364236423642 ] ], [ [ 110.51080108010801, -6.893039303930398 ], [ 110.511176117611768, -6.892964296429636 ], [ 110.510276027602757, -6.893189318931891 ], [ 110.510201020102031, -6.892889288928895 ], [ 110.51080108010801, -6.893039303930398 ] ], [ [ 110.508925892589261, -6.892664266426646 ], [ 110.509000900090015, -6.892514251425149 ], [ 110.509000900090015, -6.892664266426636 ], [ 110.508925892589261, -6.892664266426646 ] ], [ [ 110.510651065106515, -6.892889288928885 ], [ 110.510726072607255, -6.892814281428133 ], [ 110.510726072607255, -6.892889288928897 ], [ 110.510651065106515, -6.892889288928885 ] ], [ [ 110.510276027602757, -6.893339333933395 ], [ 110.510351035103511, -6.893264326432646 ], [ 110.510351035103511, -6.893339333933385 ], [ 110.510276027602757, -6.893339333933395 ] ], [ [ 110.504125412541256, -6.893789378937893 ], [ 110.504500450045001, -6.893789378937896 ], [ 110.504500450045001, -6.894014401440137 ], [ 110.504125412541256, -6.893789378937893 ] ], [ [ 110.509900990099013, -6.893714371437137 ], [ 110.510051005100507, -6.893564356435635 ], [ 110.510126012601262, -6.893789378937885 ], [ 110.509900990099013, -6.893714371437137 ] ], [ [ 110.499699969996996, -6.898664866486651 ], [ 110.500075007500755, -6.89866486648664 ], [ 110.500225022502249, -6.898964896489646 ], [ 110.499699969996996, -6.898664866486651 ] ], [ [ 110.500150015001495, -6.899864986498648 ], [ 110.500600060006008, -6.899489948994906 ], [ 110.500450045004499, -6.900315031503151 ], [ 110.500150015001495, -6.899864986498648 ] ], [ [ 110.499699969996996, -6.900615061506157 ], [ 110.499849984998505, -6.900540054005402 ], [ 110.499849984998505, -6.900615061506142 ], [ 110.499699969996996, -6.900615061506157 ] ], [ [ 110.494299429942998, -6.903615361536159 ], [ 110.494599459945988, -6.903240324032403 ], [ 110.494599459945988, -6.903690369036902 ], [ 110.494299429942998, -6.903615361536159 ] ], [ [ 110.499924992499245, -6.903690369036899 ], [ 110.500225022502249, -6.90369036903691 ], [ 110.500150015001495, -6.903840384038406 ], [ 110.499924992499245, -6.903690369036899 ] ], [ [ 110.501125112511247, -6.903615361536147 ], [ 110.501200120012001, -6.903540354035409 ], [ 110.501200120012001, -6.90361536153616 ], [ 110.501125112511247, -6.903615361536147 ] ], [ [ 110.494899489948992, -6.903690369036899 ], [ 110.494974497449746, -6.903615361536154 ], [ 110.494974497449746, -6.903690369036894 ], [ 110.494899489948992, -6.903690369036899 ] ], [ [ 110.494974497449746, -6.903765376537653 ], [ 110.495049504950501, -6.903690369036905 ], [ 110.495049504950501, -6.903765376537651 ], [ 110.494974497449746, -6.903765376537653 ] ], [ [ 110.494824482448252, -6.903915391539159 ], [ 110.494974497449746, -6.903765376537653 ], [ 110.495049504950501, -6.903915391539148 ], [ 110.494824482448252, -6.903915391539159 ] ], [ [ 110.495799579957989, -6.903990399039909 ], [ 110.496549654965492, -6.90376537653765 ], [ 110.496774677467741, -6.904065406540647 ], [ 110.495799579957989, -6.903990399039909 ] ], [ [ 110.49534953495349, -6.903915391539149 ], [ 110.495424542454245, -6.903840384038403 ], [ 110.495424542454245, -6.903915391539153 ], [ 110.49534953495349, -6.903915391539149 ] ], [ [ 110.495424542454245, -6.903990399039904 ], [ 110.49557455745574, -6.903915391539152 ], [ 110.49557455745574, -6.90399039903991 ], [ 110.495424542454245, -6.903990399039904 ] ], [ [ 110.49692469246925, -6.904065406540647 ], [ 110.497524752475243, -6.904215421542161 ], [ 110.49699969996999, -6.904440444044401 ], [ 110.49692469246925, -6.904065406540647 ] ], [ [ 110.499549954995501, -6.90391539153916 ], [ 110.500825082508257, -6.905640564056396 ], [ 110.497224722472254, -6.904590459045902 ], [ 110.498649864986518, -6.904815481548154 ], [ 110.499549954995501, -6.90391539153916 ] ], [ [ 110.495949594959498, -6.904815481548153 ], [ 110.496774677467741, -6.904515451545156 ], [ 110.497824782478247, -6.905490549054909 ], [ 110.495949594959498, -6.904815481548153 ] ], [ [ 110.497899789979002, -6.905490549054901 ], [ 110.498799879987999, -6.905940594059398 ], [ 110.499774977497751, -6.905715571557164 ], [ 110.500075007500755, -6.905940594059408 ], [ 110.499549954995501, -6.906540654065409 ], [ 110.497899789979002, -6.905490549054901 ] ], [ [ 110.500750075007502, -6.906465646564654 ], [ 110.500900090008997, -6.906390639063906 ], [ 110.500900090008997, -6.906465646564651 ], [ 110.500750075007502, -6.906465646564654 ] ], [ [ 110.493774377437745, -6.907515751575161 ], [ 110.494299429942998, -6.907440744074401 ], [ 110.494824482448252, -6.90804080408041 ], [ 110.493774377437745, -6.907515751575161 ] ], [ [ 110.49534953495349, -6.908790879087906 ], [ 110.496174617461747, -6.908490849084916 ], [ 110.496849684968495, -6.909090909090907 ], [ 110.49534953495349, -6.908790879087906 ] ], [ [ 110.490399039903991, -6.908640864086401 ], [ 110.491749174917487, -6.90946594659466 ], [ 110.492049204920491, -6.910066006600655 ], [ 110.487698769876985, -6.910741074107417 ], [ 110.487248724872487, -6.911641164116415 ], [ 110.48754875487549, -6.912391239123917 ], [ 110.488973897389741, -6.913066306630664 ], [ 110.487923792379235, -6.91344134413441 ], [ 110.486798679867988, -6.915016501650173 ], [ 110.485823582358236, -6.914791479147911 ], [ 110.48612361236124, -6.911641164116407 ], [ 110.488523852385242, -6.909390939093905 ], [ 110.490474047404746, -6.910141014101402 ], [ 110.490399039903991, -6.908640864086401 ] ], [ [ 110.49692469246925, -6.909765976597667 ], [ 110.497074707470745, -6.909615961596153 ], [ 110.49699969996999, -6.909765976597666 ], [ 110.49692469246925, -6.909765976597667 ] ], [ [ 110.49699969996999, -6.909840984098411 ], [ 110.497074707470745, -6.909765976597653 ], [ 110.497074707470745, -6.909840984098414 ], [ 110.49699969996999, -6.909840984098411 ] ], [ [ 110.49249924992499, -6.910816081608166 ], [ 110.49362436243625, -6.910591059105912 ], [ 110.494374437443739, -6.912016201620158 ], [ 110.49249924992499, -6.910816081608166 ] ], [ [ 110.495049504950501, -6.910141014101413 ], [ 110.495199519951996, -6.910066006600655 ], [ 110.495199519951996, -6.910141014101415 ], [ 110.495049504950501, -6.910141014101413 ] ], [ [ 110.49534953495349, -6.910216021602166 ], [ 110.495649564956508, -6.910141014101414 ], [ 110.495649564956508, -6.910216021602159 ], [ 110.49534953495349, -6.910216021602166 ] ], [ [ 110.491974197419736, -6.910216021602156 ], [ 110.492124212421245, -6.910141014101416 ], [ 110.492199219921986, -6.910366036603655 ], [ 110.491974197419736, -6.910216021602156 ] ], [ [ 110.492199219921986, -6.910966096609661 ], [ 110.49227422742274, -6.910741074107418 ], [ 110.49227422742274, -6.910966096609658 ], [ 110.492199219921986, -6.910966096609661 ] ], [ [ 110.491599159915992, -6.911116111611166 ], [ 110.492349234923509, -6.911791179117915 ], [ 110.491374137413757, -6.912091209120907 ], [ 110.491599159915992, -6.911116111611166 ] ], [ [ 110.487623762376231, -6.911266126612663 ], [ 110.48777377737774, -6.911116111611157 ], [ 110.487698769876985, -6.911266126612657 ], [ 110.487623762376231, -6.911266126612663 ] ], [ [ 110.494299429942998, -6.911716171617154 ], [ 110.494374437443739, -6.911641164116404 ], [ 110.494374437443739, -6.911716171617164 ], [ 110.494299429942998, -6.911716171617154 ] ], [ [ 110.494449444944493, -6.91186618661866 ], [ 110.494524452445248, -6.911791179117908 ], [ 110.494524452445248, -6.911866186618663 ], [ 110.494449444944493, -6.91186618661866 ] ], [ [ 110.487623762376231, -6.912241224122419 ], [ 110.487698769876985, -6.912166216621666 ], [ 110.487698769876985, -6.912241224122417 ], [ 110.487623762376231, -6.912241224122419 ] ], [ [ 110.491449144914498, -6.912391239123914 ], [ 110.491749174917487, -6.912241224122409 ], [ 110.491749174917487, -6.912391239123904 ], [ 110.491449144914498, -6.912391239123914 ] ], [ [ 110.490699069906995, -6.912391239123913 ], [ 110.49084908490849, -6.912466246624658 ], [ 110.490699069906995, -6.912466246624668 ], [ 110.490699069906995, -6.912391239123913 ] ], [ [ 110.495049504950501, -6.912466246624657 ], [ 110.495199519951996, -6.912316231623159 ], [ 110.495124512451241, -6.912466246624657 ], [ 110.495049504950501, -6.912466246624657 ] ], [ [ 110.487923792379235, -6.91254125412541 ], [ 110.488073807380758, -6.912466246624656 ], [ 110.488073807380758, -6.91254125412541 ], [ 110.487923792379235, -6.91254125412541 ] ], [ [ 110.490624062406241, -6.912766276627665 ], [ 110.491449144914498, -6.912841284128409 ], [ 110.490924092409244, -6.913066306630663 ], [ 110.490624062406241, -6.912766276627665 ] ], [ [ 110.495124512451241, -6.912616261626155 ], [ 110.49534953495349, -6.912466246624667 ], [ 110.49534953495349, -6.912616261626167 ], [ 110.495124512451241, -6.912616261626155 ] ], [ [ 110.490624062406241, -6.912616261626162 ], [ 110.490699069906995, -6.912541254125407 ], [ 110.490699069906995, -6.912616261626166 ], [ 110.490624062406241, -6.912616261626162 ] ], [ [ 110.49557455745574, -6.912691269126915 ], [ 110.495649564956508, -6.912541254125406 ], [ 110.495799579957989, -6.912691269126917 ], [ 110.49557455745574, -6.912691269126915 ] ], [ [ 110.490549054905486, -6.912691269126918 ], [ 110.490624062406241, -6.912616261626162 ], [ 110.490624062406241, -6.912691269126914 ], [ 110.490549054905486, -6.912691269126918 ] ], [ [ 110.490474047404746, -6.912766276627665 ], [ 110.490549054905486, -6.912691269126918 ], [ 110.490549054905486, -6.912766276627657 ], [ 110.490474047404746, -6.912766276627665 ] ], [ [ 110.490399039903991, -6.912841284128409 ], [ 110.490474047404746, -6.912766276627665 ], [ 110.490474047404746, -6.912841284128414 ], [ 110.490399039903991, -6.912841284128409 ] ], [ [ 110.490324032403237, -6.912916291629164 ], [ 110.490399039903991, -6.912841284128409 ], [ 110.490399039903991, -6.912916291629164 ], [ 110.490324032403237, -6.912916291629164 ] ], [ [ 110.495649564956508, -6.913516351635164 ], [ 110.496024602460267, -6.912916291629163 ], [ 110.496024602460267, -6.913291329132905 ], [ 110.495649564956508, -6.913516351635164 ] ], [ [ 110.490249024902496, -6.912991299129914 ], [ 110.490324032403237, -6.912916291629164 ], [ 110.490324032403237, -6.912991299129912 ], [ 110.490249024902496, -6.912991299129914 ] ], [ [ 110.489873987398738, -6.913516351635162 ], [ 110.490549054905486, -6.913291329132916 ], [ 110.490099009900987, -6.913816381638168 ], [ 110.489873987398738, -6.913516351635162 ] ], [ [ 110.48777377737774, -6.913741374137411 ], [ 110.489048904890495, -6.914341434143409 ], [ 110.487023702370237, -6.915316531653171 ], [ 110.48777377737774, -6.913741374137411 ] ], [ [ 110.489948994899493, -6.913366336633665 ], [ 110.490024002400247, -6.913291329132917 ], [ 110.490024002400247, -6.913366336633662 ], [ 110.489948994899493, -6.913366336633665 ] ], [ [ 110.489123912391236, -6.913666366636658 ], [ 110.48919891989199, -6.91336633663367 ], [ 110.489348934893485, -6.913666366636658 ], [ 110.489123912391236, -6.913666366636658 ] ], [ [ 110.489723972397258, -6.91344134413441 ], [ 110.489798979897984, -6.913366336633665 ], [ 110.489798979897984, -6.913441344134409 ], [ 110.489723972397258, -6.91344134413441 ] ], [ [ 110.489873987398738, -6.913441344134403 ], [ 110.489948994899493, -6.913366336633665 ], [ 110.489948994899493, -6.913441344134416 ], [ 110.489873987398738, -6.913441344134403 ] ], [ [ 110.495799579957989, -6.913666366636655 ], [ 110.495949594959498, -6.913516351635157 ], [ 110.495874587458744, -6.913666366636665 ], [ 110.495799579957989, -6.913666366636655 ] ], [ [ 110.498649864986518, -6.914266426642668 ], [ 110.499774977497751, -6.91456645664566 ], [ 110.499699969996996, -6.914866486648659 ], [ 110.498649864986518, -6.914266426642668 ] ], [ [ 110.489048904890495, -6.913891389138922 ], [ 110.489123912391236, -6.913816381638165 ], [ 110.489123912391236, -6.913891389138907 ], [ 110.489048904890495, -6.913891389138922 ] ], [ [ 110.490024002400247, -6.914416441644159 ], [ 110.490924092409244, -6.914566456645671 ], [ 110.490399039903991, -6.915766576657669 ], [ 110.488823882388232, -6.914641464146421 ], [ 110.490024002400247, -6.914416441644159 ] ], [ [ 110.489498949894994, -6.914266426642659 ], [ 110.489573957395734, -6.914191419141909 ], [ 110.489573957395734, -6.91426642664267 ], [ 110.489498949894994, -6.914266426642659 ] ], [ [ 110.4983498349835, -6.914416441644161 ], [ 110.498499849984995, -6.914266426642668 ], [ 110.49857485748575, -6.914566456645658 ], [ 110.4983498349835, -6.914416441644161 ] ], [ [ 110.496324632463256, -6.914791479147922 ], [ 110.496399639963997, -6.91471647164716 ], [ 110.496399639963997, -6.914791479147917 ], [ 110.496324632463256, -6.914791479147922 ] ], [ [ 110.496549654965492, -6.915391539153916 ], [ 110.496774677467741, -6.915091509150917 ], [ 110.496624662466246, -6.915391539153922 ], [ 110.496549654965492, -6.915391539153916 ] ], [ [ 110.499324932493252, -6.915241524152421 ], [ 110.499699969996996, -6.91509150915092 ], [ 110.499624962496256, -6.915391539153914 ], [ 110.499324932493252, -6.915241524152421 ] ], [ [ 110.488673867386737, -6.915166516651668 ], [ 110.488898889888986, -6.915016501650169 ], [ 110.488898889888986, -6.915091509150919 ], [ 110.488673867386737, -6.915166516651668 ] ], [ [ 110.489498949894994, -6.91531653165316 ], [ 110.489573957395734, -6.915241524152411 ], [ 110.489573957395734, -6.915316531653168 ], [ 110.489498949894994, -6.91531653165316 ] ], [ [ 110.481923192319229, -6.91621662166216 ], [ 110.484023402340227, -6.917191719171925 ], [ 110.483873387338733, -6.918016801680162 ], [ 110.481923192319229, -6.91621662166216 ] ], [ [ 110.490549054905486, -6.916066606660667 ], [ 110.491149114911494, -6.915766576657669 ], [ 110.491149114911494, -6.915991599159913 ], [ 110.490549054905486, -6.916066606660667 ] ], [ [ 110.489648964896489, -6.915991599159915 ], [ 110.489873987398738, -6.916066606660674 ], [ 110.489648964896489, -6.916141614161413 ], [ 110.489648964896489, -6.915991599159915 ] ], [ [ 110.493099309930997, -6.915991599159925 ], [ 110.493774377437745, -6.916441644164419 ], [ 110.493399339933987, -6.917866786678661 ], [ 110.493249324932492, -6.916516651665166 ], [ 110.492649264926499, -6.91666666666666 ], [ 110.493099309930997, -6.915991599159925 ] ], [ [ 110.490399039903991, -6.916816681668172 ], [ 110.491974197419736, -6.916816681668165 ], [ 110.492199219921986, -6.917941794179425 ], [ 110.490399039903991, -6.916816681668172 ] ], [ [ 110.490249024902496, -6.916441644164419 ], [ 110.490624062406241, -6.916216621662159 ], [ 110.490699069906995, -6.91636663666366 ], [ 110.490249024902496, -6.916441644164419 ] ], [ [ 110.487998799879989, -6.916516651665169 ], [ 110.488073807380758, -6.916441644164416 ], [ 110.488073807380758, -6.916516651665162 ], [ 110.487998799879989, -6.916516651665169 ] ], [ [ 110.488073807380758, -6.916666666666658 ], [ 110.489123912391236, -6.916666666666661 ], [ 110.488898889888986, -6.917116711671167 ], [ 110.488073807380758, -6.916666666666658 ] ], [ [ 110.49249924992499, -6.917266726672667 ], [ 110.492724272427239, -6.916741674167413 ], [ 110.492724272427239, -6.917191719171914 ], [ 110.49249924992499, -6.917266726672667 ] ], [ [ 110.49249924992499, -6.917941794179418 ], [ 110.492799279927993, -6.91779177917792 ], [ 110.492799279927993, -6.918016801680172 ], [ 110.49249924992499, -6.917941794179418 ] ], [ [ 110.491074107410739, -6.919141914191425 ], [ 110.491224122412248, -6.918991899189912 ], [ 110.491149114911494, -6.919141914191425 ], [ 110.491074107410739, -6.919141914191425 ] ], [ [ 110.487473747374736, -6.922367236723672 ], [ 110.488073807380758, -6.921992199219928 ], [ 110.487998799879989, -6.92244224422443 ], [ 110.487473747374736, -6.922367236723672 ] ], [ [ 110.486723672367248, -6.922367236723678 ], [ 110.487098709871006, -6.922142214221421 ], [ 110.487323732373241, -6.922817281728174 ], [ 110.486723672367248, -6.922367236723678 ] ], [ [ 110.488148814881484, -6.922667266726669 ], [ 110.488298829882993, -6.922592259225915 ], [ 110.488298829882993, -6.922742274227422 ], [ 110.488148814881484, -6.922667266726669 ] ], [ [ 110.49557455745574, -6.922967296729666 ], [ 110.495649564956508, -6.922592259225927 ], [ 110.495874587458744, -6.92289228922892 ], [ 110.49557455745574, -6.922967296729666 ] ], [ [ 110.495874587458744, -6.92296729672968 ], [ 110.495949594959498, -6.922892289228929 ], [ 110.495949594959498, -6.922967296729675 ], [ 110.495874587458744, -6.92296729672968 ] ], [ [ 110.487623762376231, -6.923117311731168 ], [ 110.487698769876985, -6.923042304230415 ], [ 110.487698769876985, -6.923117311731165 ], [ 110.487623762376231, -6.923117311731168 ] ], [ [ 110.488223822382238, -6.923192319231919 ], [ 110.488448844884488, -6.923117311731168 ], [ 110.488448844884488, -6.923342334233429 ], [ 110.488223822382238, -6.923192319231919 ] ], [ [ 110.487173717371732, -6.923567356735674 ], [ 110.487473747374736, -6.923567356735671 ], [ 110.487173717371732, -6.923642364236424 ], [ 110.487173717371732, -6.923567356735674 ] ], [ [ 110.488898889888986, -6.923792379237923 ], [ 110.48919891989199, -6.92386738673868 ], [ 110.488898889888986, -6.923942394239426 ], [ 110.488898889888986, -6.923792379237923 ] ], [ [ 110.488673867386737, -6.923792379237923 ], [ 110.488823882388232, -6.923642364236428 ], [ 110.488898889888986, -6.923792379237923 ], [ 110.488673867386737, -6.923792379237923 ] ], [ [ 110.48919891989199, -6.92394239423942 ], [ 110.489273927392745, -6.92386738673867 ], [ 110.489273927392745, -6.923942394239424 ], [ 110.48919891989199, -6.92394239423942 ] ], [ [ 110.489273927392745, -6.924092409240918 ], [ 110.489348934893485, -6.924017401740174 ], [ 110.489348934893485, -6.924092409240927 ], [ 110.489273927392745, -6.924092409240918 ] ], [ [ 110.48919891989199, -6.924167416741667 ], [ 110.489273927392745, -6.924092409240918 ], [ 110.489273927392745, -6.924167416741675 ], [ 110.48919891989199, -6.924167416741667 ] ], [ [ 110.489273927392745, -6.924392439243928 ], [ 110.489648964896489, -6.924242424242422 ], [ 110.489648964896489, -6.92446744674467 ], [ 110.489273927392745, -6.924392439243928 ] ], [ [ 110.47839783978398, -6.924167416741681 ], [ 110.482673267326732, -6.926792679267923 ], [ 110.482973297329735, -6.927617761776182 ], [ 110.486348634863489, -6.929042904290431 ], [ 110.483798379837978, -6.928892889288923 ], [ 110.47839783978398, -6.924167416741681 ] ], [ [ 110.489123912391236, -6.924242424242422 ], [ 110.48919891989199, -6.924167416741667 ], [ 110.48919891989199, -6.924242424242431 ], [ 110.489123912391236, -6.924242424242422 ] ], [ [ 110.488748874887492, -6.924392439243928 ], [ 110.488898889888986, -6.924317431743169 ], [ 110.488898889888986, -6.924467446744682 ], [ 110.488748874887492, -6.924392439243928 ] ], [ [ 110.489423942394239, -6.924992499249919 ], [ 110.489573957395734, -6.924917491749179 ], [ 110.489573957395734, -6.92506750675067 ], [ 110.489423942394239, -6.924992499249919 ] ], [ [ 110.490249024902496, -6.925067506750668 ], [ 110.490474047404746, -6.924917491749178 ], [ 110.490474047404746, -6.925142514251426 ], [ 110.490249024902496, -6.925067506750668 ] ], [ [ 110.480798079807997, -6.924917491749177 ], [ 110.485448544854506, -6.926192619261927 ], [ 110.485298529852983, -6.927392739273925 ], [ 110.484548454845481, -6.927692769276931 ], [ 110.480798079807997, -6.924917491749177 ] ], [ [ 110.490024002400247, -6.924992499249917 ], [ 110.490099009900987, -6.924917491749169 ], [ 110.490099009900987, -6.924992499249932 ], [ 110.490024002400247, -6.924992499249917 ] ], [ [ 110.491974197419736, -6.926117611761178 ], [ 110.492124212421245, -6.925967596759672 ], [ 110.492124212421245, -6.926117611761183 ], [ 110.491974197419736, -6.926117611761178 ] ], [ [ 110.491974197419736, -6.926417641764169 ], [ 110.492124212421245, -6.926567656765672 ], [ 110.491974197419736, -6.926567656765683 ], [ 110.491974197419736, -6.926417641764169 ] ], [ [ 110.485298529852983, -6.927992799279934 ], [ 110.485373537353738, -6.927917791779175 ], [ 110.485373537353738, -6.927992799279924 ], [ 110.485298529852983, -6.927992799279934 ] ], [ [ 110.485448544854506, -6.928067806780674 ], [ 110.485598559855987, -6.927992799279918 ], [ 110.485598559855987, -6.928067806780677 ], [ 110.485448544854506, -6.928067806780674 ] ], [ [ 110.48642364236423, -6.929117911791179 ], [ 110.486573657365739, -6.929042904290429 ], [ 110.486573657365739, -6.92911791179118 ], [ 110.48642364236423, -6.929117911791179 ] ], [ [ 110.486948694869483, -6.929342934293431 ], [ 110.487023702370237, -6.929267926792679 ], [ 110.487023702370237, -6.929342934293438 ], [ 110.486948694869483, -6.929342934293431 ] ], [ [ 110.487098709871006, -6.929417941794178 ], [ 110.487173717371732, -6.929342934293434 ], [ 110.487173717371732, -6.929417941794177 ], [ 110.487098709871006, -6.929417941794178 ] ], [ [ 110.487248724872487, -6.929492949294926 ], [ 110.487323732373241, -6.929417941794173 ], [ 110.487323732373241, -6.929492949294936 ], [ 110.487248724872487, -6.929492949294926 ] ], [ [ 110.487398739873996, -6.929567956795674 ], [ 110.48754875487549, -6.929492949294933 ], [ 110.48754875487549, -6.929567956795677 ], [ 110.487398739873996, -6.929567956795674 ] ], [ [ 110.482373237323728, -6.930693069306922 ], [ 110.482598259825977, -6.929942994299428 ], [ 110.483348334833479, -6.930393039303927 ], [ 110.482373237323728, -6.930693069306922 ] ], [ [ 110.48754875487549, -6.929642964296422 ], [ 110.487698769876985, -6.929567956795679 ], [ 110.487698769876985, -6.929642964296423 ], [ 110.48754875487549, -6.929642964296422 ] ], [ [ 110.487698769876985, -6.929717971797185 ], [ 110.487848784878494, -6.929642964296423 ], [ 110.487848784878494, -6.929717971797182 ], [ 110.487698769876985, -6.929717971797185 ] ], [ [ 110.487848784878494, -6.929792979297926 ], [ 110.487998799879989, -6.929717971797179 ], [ 110.487998799879989, -6.929792979297937 ], [ 110.487848784878494, -6.929792979297926 ] ], [ [ 110.488073807380758, -6.929867986798689 ], [ 110.488148814881484, -6.929792979297929 ], [ 110.488148814881484, -6.929867986798685 ], [ 110.488073807380758, -6.929867986798689 ] ], [ [ 110.488973897389741, -6.930318031803187 ], [ 110.489048904890495, -6.930243024302422 ], [ 110.489048904890495, -6.930318031803174 ], [ 110.488973897389741, -6.930318031803187 ] ], [ [ 110.489123912391236, -6.930393039303929 ], [ 110.48919891989199, -6.930318031803172 ], [ 110.48919891989199, -6.930393039303936 ], [ 110.489123912391236, -6.930393039303929 ] ], [ [ 110.491674167416747, -6.931068106810677 ], [ 110.491749174917487, -6.930993099309926 ], [ 110.491749174917487, -6.931068106810675 ], [ 110.491674167416747, -6.931068106810677 ] ], [ [ 110.491824182418242, -6.931143114311435 ], [ 110.491899189918996, -6.931068106810677 ], [ 110.491899189918996, -6.931143114311428 ], [ 110.491824182418242, -6.931143114311435 ] ], [ [ 110.491974197419736, -6.931218121812185 ], [ 110.492124212421245, -6.931143114311435 ], [ 110.492124212421245, -6.931218121812178 ], [ 110.491974197419736, -6.931218121812185 ] ], [ [ 110.492124212421245, -6.931293129312926 ], [ 110.49227422742274, -6.93121812181218 ], [ 110.49227422742274, -6.931293129312927 ], [ 110.492124212421245, -6.931293129312926 ] ], [ [ 110.49227422742274, -6.931368136813673 ], [ 110.49249924992499, -6.931293129312937 ], [ 110.492574257425744, -6.931443144314435 ], [ 110.49227422742274, -6.931368136813673 ] ], [ [ 110.492574257425744, -6.931518151815182 ], [ 110.492649264926499, -6.931443144314424 ], [ 110.492649264926499, -6.93151815181518 ], [ 110.492574257425744, -6.931518151815182 ] ], [ [ 110.492724272427239, -6.931593159315924 ], [ 110.492874287428748, -6.931518151815173 ], [ 110.492874287428748, -6.931593159315936 ], [ 110.492724272427239, -6.931593159315924 ] ], [ [ 110.462046204620464, -6.934518451845175 ], [ 110.462196219621958, -6.933318331833189 ], [ 110.462271227122713, -6.934518451845185 ], [ 110.462046204620464, -6.934518451845175 ] ], [ [ 110.459420942094212, -6.933843384338436 ], [ 110.460171017101715, -6.933843384338424 ], [ 110.459870987098711, -6.934293429342929 ], [ 110.459420942094212, -6.933843384338436 ] ], [ [ 110.457995799579962, -6.934443444344425 ], [ 110.458295829582951, -6.93444344434443 ], [ 110.457920792079207, -6.934668466846682 ], [ 110.457995799579962, -6.934443444344425 ] ], [ [ 110.462271227122713, -6.935118511851191 ], [ 110.462346234623467, -6.935043504350429 ], [ 110.462346234623467, -6.935118511851191 ], [ 110.462271227122713, -6.935118511851191 ] ], [ [ 110.462496249624962, -6.93534353435343 ], [ 110.462571257125717, -6.935268526852683 ], [ 110.462571257125717, -6.935343534353438 ], [ 110.462496249624962, -6.93534353435343 ] ], [ [ 110.462571257125717, -6.935493549354936 ], [ 110.462646264626457, -6.935343534353438 ], [ 110.462646264626457, -6.935493549354933 ], [ 110.462571257125717, -6.935493549354936 ] ], [ [ 110.462646264626457, -6.935568556855683 ], [ 110.462721272127212, -6.935493549354941 ], [ 110.462721272127212, -6.935568556855682 ], [ 110.462646264626457, -6.935568556855683 ] ], [ [ 110.462721272127212, -6.935643564356442 ], [ 110.462796279627966, -6.935568556855692 ], [ 110.462796279627966, -6.935643564356441 ], [ 110.462721272127212, -6.935643564356442 ] ], [ [ 110.462796279627966, -6.935718571857192 ], [ 110.462871287128706, -6.935643564356434 ], [ 110.462871287128706, -6.935718571857194 ], [ 110.462796279627966, -6.935718571857192 ] ], [ [ 110.458520852085215, -6.935868586858684 ], [ 110.458895889588959, -6.93586858685869 ], [ 110.45844584458446, -6.936018601860178 ], [ 110.458520852085215, -6.935868586858684 ] ], [ [ 110.462871287128706, -6.935793579357934 ], [ 110.462946294629475, -6.935718571857187 ], [ 110.462946294629475, -6.935793579357935 ], [ 110.462871287128706, -6.935793579357934 ] ], [ [ 110.462946294629475, -6.935943594359439 ], [ 110.463021302130215, -6.935868586858687 ], [ 110.463021302130215, -6.935943594359444 ], [ 110.462946294629475, -6.935943594359439 ] ], [ [ 110.463021302130215, -6.936018601860188 ], [ 110.46309630963097, -6.93594359435943 ], [ 110.46309630963097, -6.936018601860194 ], [ 110.463021302130215, -6.936018601860188 ] ], [ [ 110.458370837083706, -6.936093609360942 ], [ 110.45844584458446, -6.936018601860178 ], [ 110.45844584458446, -6.936093609360934 ], [ 110.458370837083706, -6.936093609360942 ] ], [ [ 110.46309630963097, -6.936093609360928 ], [ 110.46317131713171, -6.936018601860194 ], [ 110.46317131713171, -6.936093609360936 ], [ 110.46309630963097, -6.936093609360928 ] ], [ [ 110.458295829582951, -6.936168616861687 ], [ 110.458370837083706, -6.936093609360942 ], [ 110.458370837083706, -6.936168616861684 ], [ 110.458295829582951, -6.936168616861687 ] ], [ [ 110.45844584458446, -6.93616861686169 ], [ 110.458670867086724, -6.936168616861685 ], [ 110.45844584458446, -6.936243624362432 ], [ 110.45844584458446, -6.93616861686169 ] ], [ [ 110.46317131713171, -6.936168616861695 ], [ 110.463246324632465, -6.936093609360936 ], [ 110.463246324632465, -6.936168616861683 ], [ 110.46317131713171, -6.936168616861695 ] ], [ [ 110.463246324632465, -6.936243624362433 ], [ 110.463321332133219, -6.936168616861682 ], [ 110.463321332133219, -6.936243624362437 ], [ 110.463246324632465, -6.936243624362433 ] ], [ [ 110.458370837083706, -6.936318631863189 ], [ 110.45844584458446, -6.936243624362432 ], [ 110.45844584458446, -6.936318631863189 ], [ 110.458370837083706, -6.936318631863189 ] ], [ [ 110.458295829582951, -6.936393639363929 ], [ 110.458370837083706, -6.936318631863189 ], [ 110.458370837083706, -6.936393639363937 ], [ 110.458295829582951, -6.936393639363929 ] ], [ [ 110.463321332133219, -6.936393639363938 ], [ 110.46339633963396, -6.936318631863182 ], [ 110.46339633963396, -6.93639363936393 ], [ 110.463321332133219, -6.936393639363938 ] ], [ [ 110.458220822082211, -6.936468646864685 ], [ 110.458295829582951, -6.936393639363929 ], [ 110.458295829582951, -6.936468646864679 ], [ 110.458220822082211, -6.936468646864685 ] ], [ [ 110.46339633963396, -6.93646864686468 ], [ 110.463471347134714, -6.936393639363932 ], [ 110.463471347134714, -6.936468646864687 ], [ 110.46339633963396, -6.93646864686468 ] ], [ [ 110.458145814581457, -6.93654365436544 ], [ 110.458220822082211, -6.936468646864685 ], [ 110.458220822082211, -6.93654365436544 ], [ 110.458145814581457, -6.93654365436544 ] ], [ [ 110.457770777077712, -6.936768676867682 ], [ 110.457845784578453, -6.936693669366931 ], [ 110.457845784578453, -6.936768676867681 ], [ 110.457770777077712, -6.936768676867682 ] ], [ [ 110.457545754575463, -6.936993699369931 ], [ 110.457770777077712, -6.936768676867682 ], [ 110.457845784578453, -6.93729372937294 ], [ 110.457545754575463, -6.936993699369931 ] ], [ [ 110.483573357335729, -6.936993699369944 ], [ 110.483648364836483, -6.936918691869181 ], [ 110.483648364836483, -6.936993699369928 ], [ 110.483573357335729, -6.936993699369944 ] ], [ [ 110.483648364836483, -6.937068706870693 ], [ 110.483723372337238, -6.936993699369936 ], [ 110.483723372337238, -6.93706870687069 ], [ 110.483648364836483, -6.937068706870693 ] ], [ [ 110.483723372337238, -6.937143714371429 ], [ 110.483798379837978, -6.937068706870694 ], [ 110.483798379837978, -6.937143714371439 ], [ 110.483723372337238, -6.937143714371429 ] ], [ [ 110.458220822082211, -6.937293729372935 ], [ 110.458295829582951, -6.937218721872187 ], [ 110.458295829582951, -6.937293729372936 ], [ 110.458220822082211, -6.937293729372935 ] ], [ [ 110.464071407140707, -6.93729372937294 ], [ 110.464146414641462, -6.937218721872179 ], [ 110.464146414641462, -6.937293729372931 ], [ 110.464071407140707, -6.93729372937294 ] ], [ [ 110.458070807080702, -6.937968796879689 ], [ 110.458370837083706, -6.937668766876695 ], [ 110.458520852085215, -6.938418841884181 ], [ 110.458070807080702, -6.937968796879689 ] ], [ [ 110.464146414641462, -6.937368736873683 ], [ 110.464221422142217, -6.93729372937293 ], [ 110.464221422142217, -6.937368736873687 ], [ 110.464146414641462, -6.937368736873683 ] ], [ [ 110.447419741974201, -6.937518751875195 ], [ 110.447494749474942, -6.93744374437444 ], [ 110.447494749474942, -6.937518751875187 ], [ 110.447419741974201, -6.937518751875195 ] ], [ [ 110.447494749474942, -6.937593759375936 ], [ 110.447644764476451, -6.937518751875195 ], [ 110.447644764476451, -6.937593759375941 ], [ 110.447494749474942, -6.937593759375936 ] ], [ [ 110.464296429642985, -6.93759375937594 ], [ 110.464371437143711, -6.937518751875185 ], [ 110.464371437143711, -6.93759375937594 ], [ 110.464296429642985, -6.93759375937594 ] ], [ [ 110.464371437143711, -6.937668766876695 ], [ 110.464446444644466, -6.937593759375943 ], [ 110.464446444644466, -6.937668766876688 ], [ 110.464371437143711, -6.937668766876695 ] ], [ [ 110.482598259825977, -6.93774377437744 ], [ 110.482673267326732, -6.937668766876691 ], [ 110.482673267326732, -6.937743774377436 ], [ 110.482598259825977, -6.93774377437744 ] ], [ [ 110.447944794479454, -6.937818781878183 ], [ 110.448019801980195, -6.937743774377443 ], [ 110.448019801980195, -6.937818781878184 ], [ 110.447944794479454, -6.937818781878183 ] ], [ [ 110.448094809480963, -6.937968796879679 ], [ 110.448469846984693, -6.937818781878192 ], [ 110.448469846984693, -6.937968796879685 ], [ 110.448094809480963, -6.937968796879679 ] ], [ [ 110.46452145214522, -6.937893789378934 ], [ 110.464596459645975, -6.937818781878182 ], [ 110.464596459645975, -6.937893789378935 ], [ 110.46452145214522, -6.937893789378934 ] ], [ [ 110.464596459645975, -6.937968796879693 ], [ 110.464671467146715, -6.937893789378944 ], [ 110.464671467146715, -6.937968796879688 ], [ 110.464596459645975, -6.937968796879693 ] ], [ [ 110.464671467146715, -6.938043804380431 ], [ 110.46474647464747, -6.937968796879691 ], [ 110.46474647464747, -6.938043804380438 ], [ 110.464671467146715, -6.938043804380431 ] ], [ [ 110.445019501950199, -6.938643864386441 ], [ 110.445169516951694, -6.938193819381942 ], [ 110.445094509450954, -6.93864386438643 ], [ 110.445019501950199, -6.938643864386441 ] ], [ [ 110.464896489648964, -6.938343834383439 ], [ 110.464971497149719, -6.938268826882696 ], [ 110.464971497149719, -6.938343834383444 ], [ 110.464896489648964, -6.938343834383439 ] ], [ [ 110.464971497149719, -6.938418841884193 ], [ 110.465046504650459, -6.938343834383438 ], [ 110.465046504650459, -6.93841884188419 ], [ 110.464971497149719, -6.938418841884193 ] ], [ [ 110.465046504650459, -6.938493849384944 ], [ 110.465121512151214, -6.938418841884194 ], [ 110.465121512151214, -6.938493849384932 ], [ 110.465046504650459, -6.938493849384944 ] ], [ [ 110.459345934593458, -6.938643864386438 ], [ 110.459420942094212, -6.938568856885685 ], [ 110.459420942094212, -6.938643864386431 ], [ 110.459345934593458, -6.938643864386438 ] ], [ [ 110.465121512151214, -6.938643864386433 ], [ 110.465196519651968, -6.938568856885689 ], [ 110.465196519651968, -6.938643864386436 ], [ 110.465121512151214, -6.938643864386433 ] ], [ [ 110.459270927092703, -6.938718871887187 ], [ 110.459345934593458, -6.938643864386438 ], [ 110.459345934593458, -6.938718871887187 ], [ 110.459270927092703, -6.938718871887187 ] ], [ [ 110.465196519651968, -6.938718871887182 ], [ 110.465271527152709, -6.938643864386442 ], [ 110.465271527152709, -6.938718871887191 ], [ 110.465196519651968, -6.938718871887182 ] ], [ [ 110.465271527152709, -6.938793879387942 ], [ 110.465346534653463, -6.938718871887191 ], [ 110.465346534653463, -6.938793879387945 ], [ 110.465271527152709, -6.938793879387942 ] ], [ [ 110.465346534653463, -6.938868886888683 ], [ 110.465421542154218, -6.938793879387934 ], [ 110.465421542154218, -6.938868886888692 ], [ 110.465346534653463, -6.938868886888683 ] ] ] } },
{ "type": "Feature", "properties": { "year": 2032, "layer": "atrisk" }, "geometry": { "type": "Polygon", "coordinates": [ [ [ 110.438643864386435, -6.93946894689469 ], [ 110.437368736873694, -6.939618961896188 ], [ 110.437743774377438, -6.942319231923186 ], [ 110.438643864386435, -6.93946894689469 ] ] ] } },
{ "type": "Feature", "properties": { "year": 2032, "layer": "atrisk" }, "geometry": { "type": "Polygon", "coordinates": [ [ [ 110.432043204320436, -6.944194419441941 ], [ 110.431518151815183, -6.944194419441949 ], [ 110.43099309930993, -6.944644464446445 ], [ 110.432043204320436, -6.944194419441941 ] ] ] } },
{ "type": "Feature", "properties": { "year": 2032, "layer": "atrisk" }, "geometry": { "type": "Polygon", "coordinates": [ [ [ 110.392439243924386, -6.946069606960696 ], [ 110.390714071407146, -6.947044704470444 ], [ 110.388988898889892, -6.948394839483953 ], [ 110.388988898889892, -6.948844884488444 ], [ 110.392439243924386, -6.946069606960696 ] ] ] } },
{ "type": "Feature", "properties": { "year": 2032, "layer": "atrisk" }, "geometry": { "type": "Polygon", "coordinates": [ [ [ 110.435193519351941, -6.940369036903689 ], [ 110.433093309330928, -6.94194419441945 ], [ 110.434368436843684, -6.946294629462945 ], [ 110.433168316831683, -6.943219321932199 ], [ 110.431593159315952, -6.942844284428448 ], [ 110.432943294329434, -6.949219921992202 ], [ 110.43564356435644, -6.9480198019802 ], [ 110.434143414341435, -6.947119711971196 ], [ 110.436618661866191, -6.943294329432949 ], [ 110.435193519351941, -6.940369036903689 ] ] ] } },
{ "type": "Feature", "properties": { "year": 2032, "layer": "atrisk" }, "geometry": { "type": "Polygon", "coordinates": [ [ [ 110.432718271827184, -6.951095109510956 ], [ 110.430918091809176, -6.952220222022198 ], [ 110.431293129312934, -6.952745274527447 ], [ 110.43241824182418, -6.952370237023707 ], [ 110.432718271827184, -6.951095109510956 ] ] ] } },
{ "type": "Feature", "properties": { "year": 2032, "layer": "atrisk" }, "geometry": { "type": "Polygon", "coordinates": [ [ [ 110.405640564056412, -6.953570357035695 ], [ 110.405115511551159, -6.953570357035707 ], [ 110.403090309030901, -6.953870387038698 ], [ 110.405640564056412, -6.953570357035695 ] ] ] } },
{ "type": "Feature", "properties": { "year": 2032, "layer": "atrisk" }, "geometry": { "type": "Polygon", "coordinates": [ [ [ 110.382163216321629, -6.95079507950795 ], [ 110.382013201320149, -6.952820282028198 ], [ 110.382988298829886, -6.954245424542449 ], [ 110.382163216321629, -6.95079507950795 ] ] ] } },
{ "type": "Feature", "properties": { "year": 2032, "layer": "atrisk" }, "geometry": { "type": "Polygon", "coordinates": [ [ [ 110.419141914191414, -6.95214521452145 ], [ 110.419291929192923, -6.95409540954096 ], [ 110.419591959195913, -6.954245424542458 ], [ 110.419141914191414, -6.95214521452145 ] ] ] } },
{ "type": "Feature", "properties": { "year": 2032, "layer": "atrisk" }, "geometry": { "type": "Polygon", "coordinates": [ [ [ 110.430318031803182, -6.953870387038706 ], [ 110.429267926792676, -6.953720372037212 ], [ 110.429192919291935, -6.954245424542461 ], [ 110.430318031803182, -6.953870387038706 ] ] ] } },
{ "type": "Feature", "properties": { "year": 2032, "layer": "atrisk" }, "geometry": { "type": "Polygon", "coordinates": [ [ [ 110.417266726672665, -6.952295229522953 ], [ 110.41576657665766, -6.952745274527446 ], [ 110.416441644164422, -6.954770477047699 ], [ 110.418241824182417, -6.954395439543959 ], [ 110.417266726672665, -6.952295229522953 ] ] ] } },
{ "type": "Feature", "properties": { "year": 2032, "layer": "atrisk" }, "geometry": { "type": "Polygon", "coordinates": [ [ [ 110.377812781278124, -6.954545454545448 ], [ 110.376162616261624, -6.95447044704471 ], [ 110.376087608760869, -6.954620462046202 ], [ 110.377812781278124, -6.954545454545448 ] ] ] } },
{ "type": "Feature", "properties": { "year": 2032, "layer": "atrisk" }, "geometry": { "type": "Polygon", "coordinates": [ [ [ 110.423567356735674, -6.953570357035701 ], [ 110.424242424242422, -6.955670567056705 ], [ 110.422067206720669, -6.954470447044701 ], [ 110.421542154215416, -6.95514551455145 ], [ 110.423942394239418, -6.956195619561955 ], [ 110.42491749174917, -6.954545454545459 ], [ 110.426417641764175, -6.955295529552954 ], [ 110.426792679267933, -6.955070507050702 ], [ 110.423567356735674, -6.953570357035701 ] ] ] } },
{ "type": "Feature", "properties": { "year": 2032, "layer": "atrisk" }, "geometry": { "type": "Polygon", "coordinates": [ [ [ 110.419666966696681, -6.954320432043207 ], [ 110.420042004200425, -6.956495649564958 ], [ 110.420417041704169, -6.956645664566463 ], [ 110.419666966696681, -6.954320432043207 ] ] ] } },
{ "type": "Feature", "properties": { "year": 2032, "layer": "atrisk" }, "geometry": { "type": "Polygon", "coordinates": [ [ [ 110.415241524152421, -6.956195619561958 ], [ 110.413366336633658, -6.956720672067204 ], [ 110.415241524152421, -6.956270627062707 ], [ 110.415241524152421, -6.956195619561958 ] ] ] } },
{ "type": "Feature", "properties": { "year": 2032, "layer": "atrisk" }, "geometry": { "type": "Polygon", "coordinates": [ [ [ 110.420267026702675, -6.957095709570964 ], [ 110.420567056705664, -6.957995799579948 ], [ 110.42019201920192, -6.957545754575451 ], [ 110.419891989198916, -6.958895889588954 ], [ 110.421092109210917, -6.957995799579956 ], [ 110.420867086708668, -6.957470747074711 ], [ 110.420567056705664, -6.957620762076213 ], [ 110.420642064206419, -6.957095709570952 ], [ 110.420267026702675, -6.957095709570964 ] ], [ [ 110.420792079207928, -6.957695769576952 ], [ 110.420867086708668, -6.957620762076203 ], [ 110.420867086708668, -6.957695769576965 ], [ 110.420792079207928, -6.957695769576952 ] ], [ [ 110.420942094209423, -6.957920792079211 ], [ 110.421017101710191, -6.957845784578462 ], [ 110.421017101710191, -6.957920792079216 ], [ 110.420942094209423, -6.957920792079211 ] ] ] } },
{ "type": "Feature", "properties": { "year": 2032, "layer": "atrisk" }, "geometry": { "type": "Polygon", "coordinates": [ [ [ 110.392439243924386, -6.959195919591965 ], [ 110.391164116411645, -6.958820882088201 ], [ 110.39108910891089, -6.959270927092714 ], [ 110.392439243924386, -6.959195919591965 ] ] ] } },
{ "type": "Feature", "properties": { "year": 2032, "layer": "atrisk" }, "geometry": { "type": "Polygon", "coordinates": [ [ [ 110.413366336633658, -6.958820882088207 ], [ 110.412241224122411, -6.959195919591961 ], [ 110.412916291629159, -6.959570957095716 ], [ 110.413366336633658, -6.958820882088207 ] ] ] } },
{ "type": "Feature", "properties": { "year": 2032, "layer": "atrisk" }, "geometry": { "type": "Polygon", "coordinates": [ [ [ 110.396564656465642, -6.948394839483941 ], [ 110.39551455145515, -6.950870087008704 ], [ 110.398964896489645, -6.959720972097203 ], [ 110.40046504650465, -6.959720972097207 ], [ 110.398214821482142, -6.953420342034199 ], [ 110.398964896489645, -6.954395439543963 ], [ 110.402865286528652, -6.952970297029704 ], [ 110.399264926492648, -6.952670267026699 ], [ 110.399189918991908, -6.954170417041706 ], [ 110.398964896489645, -6.952445244524458 ], [ 110.397764776477644, -6.952370237023695 ], [ 110.39723972397239, -6.951695169516955 ], [ 110.397014701470141, -6.950795079507954 ], [ 110.399489948994898, -6.952370237023697 ], [ 110.400540054005418, -6.951245124512456 ], [ 110.398214821482142, -6.951095109510945 ], [ 110.396564656465642, -6.948394839483941 ] ] ] } },
{ "type": "Feature", "properties": { "year": 2032, "layer": "atrisk" }, "geometry": { "type": "Polygon", "coordinates": [ [ [ 110.406090609060911, -6.947494749474947 ], [ 110.403015301530147, -6.947044704470442 ], [ 110.406240624062406, -6.948319831983197 ], [ 110.406465646564669, -6.950570057005699 ], [ 110.40496549654965, -6.951920192019201 ], [ 110.406240624062406, -6.951995199519954 ], [ 110.407365736573652, -6.951695169516954 ], [ 110.409840984098409, -6.955895589558959 ], [ 110.412616261626169, -6.956870687068699 ], [ 110.413516351635167, -6.958970897089707 ], [ 110.41546654665467, -6.959720972097213 ], [ 110.416966696669661, -6.959645964596461 ], [ 110.414791479147908, -6.959195919591966 ], [ 110.41269126912691, -6.95634563456345 ], [ 110.41074107410742, -6.955895589558949 ], [ 110.406090609060911, -6.947494749474947 ] ], [ [ 110.407215721572157, -6.951695169516954 ], [ 110.407290729072912, -6.951620162016195 ], [ 110.407290729072912, -6.951695169516953 ], [ 110.407215721572157, -6.951695169516954 ] ], [ [ 110.406240624062406, -6.951845184518446 ], [ 110.406465646564669, -6.951770177017698 ], [ 110.406465646564669, -6.951845184518449 ], [ 110.406240624062406, -6.951845184518446 ] ] ] } },
{ "type": "Feature", "properties": { "year": 2032, "layer": "atrisk" }, "geometry": { "type": "Polygon", "coordinates": [ [ [ 110.38336333633363, -6.95544554455445 ], [ 110.377587758775874, -6.954770477047704 ], [ 110.377062706270635, -6.956045604560453 ], [ 110.372862286228624, -6.955370537053703 ], [ 110.371587158715869, -6.956570657065701 ], [ 110.368361836183624, -6.956045604560461 ], [ 110.367911791179111, -6.957845784578447 ], [ 110.36671167116711, -6.9576207620762 ], [ 110.367086708670868, -6.95574557455745 ], [ 110.363936393639364, -6.956495649564953 ], [ 110.364836483648375, -6.955820582058214 ], [ 110.364161416141613, -6.955070507050706 ], [ 110.363561356135619, -6.954995499549948 ], [ 110.359960996099616, -6.955895589558959 ], [ 110.359960996099616, -6.958895889588956 ], [ 110.360636063606364, -6.959720972097205 ], [ 110.387863786378631, -6.959720972097203 ], [ 110.38358835883588, -6.958745874587465 ], [ 110.38336333633363, -6.95544554455445 ] ], [ [ 110.363561356135619, -6.955295529552956 ], [ 110.363936393639364, -6.955595559555951 ], [ 110.363486348634865, -6.955595559555947 ], [ 110.363561356135619, -6.955295529552956 ] ], [ [ 110.373462346234618, -6.955670567056714 ], [ 110.373537353735372, -6.955595559555951 ], [ 110.373537353735372, -6.955670567056699 ], [ 110.373462346234618, -6.955670567056714 ] ], [ [ 110.363786378637869, -6.955745574557451 ], [ 110.364011401140118, -6.95582058205821 ], [ 110.363786378637869, -6.95582058205821 ], [ 110.363786378637869, -6.955745574557451 ] ], [ [ 110.364086408640858, -6.95574557455746 ], [ 110.364161416141613, -6.955670567056697 ], [ 110.364161416141613, -6.955745574557458 ], [ 110.364086408640858, -6.95574557455746 ] ], [ [ 110.373162316231628, -6.955745574557455 ], [ 110.373237323732369, -6.955670567056712 ], [ 110.373237323732369, -6.95574557455746 ], [ 110.373162316231628, -6.955745574557455 ] ], [ [ 110.363186318631875, -6.955895589558948 ], [ 110.36333633363337, -6.955820582058211 ], [ 110.36333633363337, -6.955970597059713 ], [ 110.363186318631875, -6.955895589558948 ] ], [ [ 110.360036003600356, -6.956195619561949 ], [ 110.360186018601865, -6.956120612061204 ], [ 110.360186018601865, -6.956195619561951 ], [ 110.360036003600356, -6.956195619561949 ] ], [ [ 110.37271227122713, -6.95657065706571 ], [ 110.373012301230119, -6.95664566456645 ], [ 110.37271227122713, -6.956645664566455 ], [ 110.37271227122713, -6.95657065706571 ] ], [ [ 110.373237323732369, -6.956720672067204 ], [ 110.373387338733878, -6.956645664566455 ], [ 110.373387338733878, -6.9567206720672 ], [ 110.373237323732369, -6.956720672067204 ] ], [ [ 110.361911191119106, -6.957545754575454 ], [ 110.362811281128117, -6.956795679567954 ], [ 110.362961296129612, -6.957170717071707 ], [ 110.361911191119106, -6.957545754575454 ] ], [ [ 110.380363036303635, -6.95679567956795 ], [ 110.380738073807379, -6.956720672067211 ], [ 110.380738073807379, -6.956795679567965 ], [ 110.380363036303635, -6.95679567956795 ] ], [ [ 110.379987998799876, -6.956870687068708 ], [ 110.380138013801385, -6.956795679567948 ], [ 110.380138013801385, -6.956870687068707 ], [ 110.379987998799876, -6.956870687068708 ] ], [ [ 110.368286828682869, -6.956945694569449 ], [ 110.368361836183624, -6.956870687068709 ], [ 110.368361836183624, -6.956945694569458 ], [ 110.368286828682869, -6.956945694569449 ] ], [ [ 110.36663666366637, -6.957170717071715 ], [ 110.36671167116711, -6.957020702070203 ], [ 110.36671167116711, -6.957170717071706 ], [ 110.36663666366637, -6.957170717071715 ] ], [ [ 110.361236123612358, -6.957320732073208 ], [ 110.361686168616856, -6.957245724572451 ], [ 110.361686168616856, -6.95754575457545 ], [ 110.361236123612358, -6.957320732073208 ] ], [ [ 110.366561656165615, -6.957545754575457 ], [ 110.36663666366637, -6.957320732073208 ], [ 110.36663666366637, -6.957545754575452 ], [ 110.366561656165615, -6.957545754575457 ] ], [ [ 110.36971197119712, -6.959270927092708 ], [ 110.369786978697874, -6.959120912091213 ], [ 110.369861986198615, -6.959270927092702 ], [ 110.36971197119712, -6.959270927092708 ] ], [ [ 110.370087008700864, -6.959495949594958 ], [ 110.370162016201618, -6.959420942094213 ], [ 110.370162016201618, -6.95949594959496 ], [ 110.370087008700864, -6.959495949594958 ] ] ] } },
{ "type": "Feature", "properties": { "year": 2032, "layer": "atrisk" }, "geometry": { "type": "Polygon", "coordinates": [ [ [ 110.409915991599163, -6.9564206420642 ], [ 110.410216021602167, -6.959720972097218 ], [ 110.412166216621657, -6.959120912091201 ], [ 110.410516051605157, -6.958970897089709 ], [ 110.409915991599163, -6.9564206420642 ] ] ] } },
{ "type": "Feature", "properties": { "year": 2032, "layer": "atrisk" }, "geometry": { "type": "Polygon", "coordinates": [ [ [ 110.402265226522658, -6.959270927092716 ], [ 110.400990099009903, -6.959045904590449 ], [ 110.401215121512152, -6.959720972097215 ], [ 110.402265226522658, -6.959270927092716 ] ] ] } },
{ "type": "Feature", "properties": { "year": 2032, "layer": "atrisk" }, "geometry": { "type": "Polygon", "coordinates": [ [ [ 110.319456945694569, -6.938268826882693 ], [ 110.312406240624057, -6.943744374437443 ], [ 110.318106810681073, -6.952895289528954 ], [ 110.319456945694569, -6.950570057005696 ], [ 110.319081908190824, -6.953795379537956 ], [ 110.327557755775572, -6.958595859585952 ], [ 110.3497599759976, -6.95972097209721 ], [ 110.352310231023097, -6.95814581458146 ], [ 110.350810081008106, -6.959720972097208 ], [ 110.359135913591359, -6.959720972097215 ], [ 110.359060906090605, -6.954770477047708 ], [ 110.355385538553861, -6.95469546954696 ], [ 110.358985898589864, -6.954245424542457 ], [ 110.359435943594363, -6.954320432043199 ], [ 110.359210921092114, -6.959720972097205 ], [ 110.359660966096612, -6.959720972097211 ], [ 110.359885988598876, -6.954620462046204 ], [ 110.367086708670868, -6.955145514551461 ], [ 110.375187518751872, -6.954695469546957 ], [ 110.349309930993115, -6.952220222022198 ], [ 110.344884488448841, -6.949144914491447 ], [ 110.327632763276327, -6.942844284428435 ], [ 110.319456945694569, -6.938268826882693 ] ], [ [ 110.318181818181813, -6.939993999399939 ], [ 110.318331833183322, -6.939918991899191 ], [ 110.318331833183322, -6.939993999399935 ], [ 110.318181818181813, -6.939993999399939 ] ], [ [ 110.318181818181813, -6.940219021902193 ], [ 110.318706870687066, -6.940069006900685 ], [ 110.318706870687066, -6.940219021902196 ], [ 110.318181818181813, -6.940219021902193 ] ], [ [ 110.31735673567357, -6.940519051905193 ], [ 110.317431743174311, -6.940294029402937 ], [ 110.317431743174311, -6.940519051905195 ], [ 110.31735673567357, -6.940519051905193 ] ], [ [ 110.318181818181813, -6.940669066906691 ], [ 110.318256825682582, -6.940594059405941 ], [ 110.318256825682582, -6.940669066906696 ], [ 110.318181818181813, -6.940669066906691 ] ], [ [ 110.319981998199822, -6.940669066906695 ], [ 110.320132013201317, -6.940594059405946 ], [ 110.320132013201317, -6.940744074407447 ], [ 110.319981998199822, -6.940669066906695 ] ], [ [ 110.318256825682582, -6.940744074407437 ], [ 110.318406840684062, -6.940669066906693 ], [ 110.318406840684062, -6.940744074407443 ], [ 110.318256825682582, -6.940744074407437 ] ], [ [ 110.318406840684062, -6.940819081908196 ], [ 110.318481848184817, -6.940744074407447 ], [ 110.318481848184817, -6.940819081908195 ], [ 110.318406840684062, -6.940819081908196 ] ], [ [ 110.320282028202826, -6.940819081908192 ], [ 110.32043204320432, -6.940744074407442 ], [ 110.32043204320432, -6.940894089408946 ], [ 110.320282028202826, -6.940819081908192 ] ], [ [ 110.318556855685571, -6.940894089408941 ], [ 110.318631863186312, -6.940819081908195 ], [ 110.318631863186312, -6.940894089408936 ], [ 110.318556855685571, -6.940894089408941 ] ], [ [ 110.318631863186312, -6.940969096909683 ], [ 110.318706870687066, -6.940894089408933 ], [ 110.318706870687066, -6.940969096909692 ], [ 110.318631863186312, -6.940969096909683 ] ], [ [ 110.320882088208819, -6.941119111911187 ], [ 110.321557155715581, -6.941119111911184 ], [ 110.321482148214827, -6.941419141914188 ], [ 110.320882088208819, -6.941119111911187 ] ], [ [ 110.321557155715581, -6.941269126912685 ], [ 110.321632163216321, -6.941194119411946 ], [ 110.321632163216321, -6.941269126912696 ], [ 110.321557155715581, -6.941269126912685 ] ], [ [ 110.321482148214827, -6.941569156915691 ], [ 110.321782178217816, -6.941494149414942 ], [ 110.321782178217816, -6.941644164416446 ], [ 110.321482148214827, -6.941569156915691 ] ], [ [ 110.322382238223824, -6.942244224422448 ], [ 110.322607260726073, -6.942094209420946 ], [ 110.322757275727568, -6.942319231923189 ], [ 110.322382238223824, -6.942244224422448 ] ], [ [ 110.322907290729091, -6.942394239423948 ], [ 110.323057305730572, -6.942244224422447 ], [ 110.323057305730572, -6.942394239423943 ], [ 110.322907290729091, -6.942394239423948 ] ], [ [ 110.323132313231326, -6.942469246924684 ], [ 110.323207320732081, -6.942394239423947 ], [ 110.323207320732081, -6.942469246924699 ], [ 110.323132313231326, -6.942469246924684 ] ], [ [ 110.322907290729091, -6.942619261926199 ], [ 110.323132313231326, -6.942619261926186 ], [ 110.322907290729091, -6.94269426942694 ], [ 110.322907290729091, -6.942619261926199 ] ], [ [ 110.321707170717076, -6.946219621962196 ], [ 110.325832583258332, -6.945769576957702 ], [ 110.326882688268824, -6.948094809480948 ], [ 110.324857485748581, -6.946594659465939 ], [ 110.320732073207324, -6.948394839483944 ], [ 110.321707170717076, -6.946219621962196 ] ], [ [ 110.32065706570657, -6.950570057005704 ], [ 110.320732073207324, -6.950495049504949 ], [ 110.320732073207324, -6.950570057005702 ], [ 110.32065706570657, -6.950570057005704 ] ], [ [ 110.320507050705075, -6.950645064506453 ], [ 110.32065706570657, -6.950570057005704 ], [ 110.32065706570657, -6.950645064506451 ], [ 110.320507050705075, -6.950645064506453 ] ], [ [ 110.32043204320432, -6.950720072007202 ], [ 110.320507050705075, -6.950645064506453 ], [ 110.320507050705075, -6.950720072007201 ], [ 110.32043204320432, -6.950720072007202 ] ], [ [ 110.320132013201317, -6.950795079507951 ], [ 110.320207020702071, -6.950720072007194 ], [ 110.320207020702071, -6.950795079507956 ], [ 110.320132013201317, -6.950795079507951 ] ], [ [ 110.320357035703566, -6.950795079507953 ], [ 110.32043204320432, -6.950720072007202 ], [ 110.32043204320432, -6.950795079507944 ], [ 110.320357035703566, -6.950795079507953 ] ], [ [ 110.320057005700576, -6.950870087008709 ], [ 110.320132013201317, -6.950795079507951 ], [ 110.320132013201317, -6.950870087008706 ], [ 110.320057005700576, -6.950870087008709 ] ], [ [ 110.320282028202826, -6.950870087008704 ], [ 110.320357035703566, -6.950795079507953 ], [ 110.320357035703566, -6.950870087008703 ], [ 110.320282028202826, -6.950870087008704 ] ], [ [ 110.319981998199822, -6.950945094509449 ], [ 110.320057005700576, -6.950870087008709 ], [ 110.320057005700576, -6.950945094509457 ], [ 110.319981998199822, -6.950945094509449 ] ], [ [ 110.320132013201317, -6.951020102010209 ], [ 110.320207020702071, -6.950945094509458 ], [ 110.320207020702071, -6.951020102010192 ], [ 110.320132013201317, -6.951020102010209 ] ], [ [ 110.319981998199822, -6.95117011701171 ], [ 110.320057005700576, -6.951095109510944 ], [ 110.320057005700576, -6.951170117011699 ], [ 110.319981998199822, -6.95117011701171 ] ], [ [ 110.319906990699081, -6.951245124512441 ], [ 110.319981998199822, -6.95117011701171 ], [ 110.319981998199822, -6.951245124512456 ], [ 110.319906990699081, -6.951245124512441 ] ], [ [ 110.359960996099616, -6.954620462046197 ], [ 110.360036003600356, -6.954545454545462 ], [ 110.360036003600356, -6.954620462046202 ], [ 110.359960996099616, -6.954620462046197 ] ], [ [ 110.356585658565876, -6.955370537053709 ], [ 110.356660666066603, -6.955295529552962 ], [ 110.356660666066603, -6.955370537053699 ], [ 110.356585658565876, -6.955370537053709 ] ], [ [ 110.35276027602761, -6.957395739573963 ], [ 110.352985298529859, -6.957395739573953 ], [ 110.35276027602761, -6.957545754575451 ], [ 110.35276027602761, -6.957395739573963 ] ], [ [ 110.352685268526855, -6.957620762076208 ], [ 110.35276027602761, -6.957545754575451 ], [ 110.35276027602761, -6.957620762076214 ], [ 110.352685268526855, -6.957620762076208 ] ], [ [ 110.352460246024606, -6.957770777077712 ], [ 110.352535253525346, -6.957695769576961 ], [ 110.352535253525346, -6.957770777077712 ], [ 110.352460246024606, -6.957770777077712 ] ], [ [ 110.352385238523851, -6.958070807080701 ], [ 110.35276027602761, -6.957845784578462 ], [ 110.35283528352835, -6.958145814581452 ], [ 110.35276027602761, -6.958070807080712 ], [ 110.352385238523851, -6.958070807080701 ] ], [ [ 110.352310231023097, -6.95814581458146 ], [ 110.352385238523851, -6.958070807080701 ], [ 110.352385238523851, -6.958145814581463 ], [ 110.352310231023097, -6.95814581458146 ] ] ] } }
]
}
