{
"type": "FeatureCollection",
"name": "atrisk_2047",
"crs": { "type": "name", "properties": { "name": "urn:ogc:def:crs:OGC:1.3:CRS84" } },
"features": [
{ "type": "Feature", "properties": { "year": 2047, "layer": "atrisk" }, "geometry": { "type": "Polygon", "coordinates": [ [ [ 110.53990399039904, -6.750675067506744 ], [ 110.539078907890783, -6.750675067506752 ], [ 110.540354035403539, -6.751575157515749 ], [ 110.53990399039904, -6.750675067506744 ] ] ] } },
{ "type": "Feature", "properties": { "year": 2047, "layer": "atrisk" }, "geometry": { "type": "Polygon", "coordinates": [ [ [ 110.583783378337827, -6.750900090009002 ], [ 110.58280828082809, -6.751125112511244 ], [ 110.582733273327335, -6.752025202520253 ], [ 110.583408340834083, -6.7519501950195 ], [ 110.583783378337827, -6.750900090009002 ] ] ] } },
{ "type": "Feature", "properties": { "year": 2047, "layer": "atrisk" }, "geometry": { "type": "Polygon", "coordinates": [ [ [ 110.563906390639062, -6.75 ], [ 110.567056705670566, -6.752325232523257 ], [ 110.571782178217816, -6.750450045004491 ], [ 110.571782178217816, -6.75 ], [ 110.563906390639062, -6.75 ] ] ] } },
{ "type": "Feature", "properties": { "year": 2047, "layer": "atrisk" }, "geometry": { "type": "Polygon", "coordinates": [ [ [ 110.584458445844589, -6.752025202520257 ], [ 110.583558355835578, -6.752850285028503 ], [ 110.583483348334838, -6.753825382538253 ], [ 110.58453345334533, -6.753525352535251 ], [ 110.584458445844589, -6.752025202520257 ] ] ] } },
{ "type": "Feature", "properties": { "year": 2047, "layer": "atrisk" }, "geometry": { "type": "Polygon", "coordinates": [ [ [ 110.58145814581458, -6.752625262526245 ], [ 110.577782778277822, -6.753075307530756 ], [ 110.577782778277822, -6.753900390038999 ], [ 110.581158115811576, -6.75382538253826 ], [ 110.58145814581458, -6.752625262526245 ] ] ] } },
{ "type": "Feature", "properties": { "year": 2047, "layer": "atrisk" }, "geometry": { "type": "Polygon", "coordinates": [ [ [ 110.583258325832588, -6.752700270027009 ], [ 110.581983198319833, -6.752400240024 ], [ 110.582283228322837, -6.754275427542762 ], [ 110.583258325832588, -6.752700270027009 ] ] ] } },
{ "type": "Feature", "properties": { "year": 2047, "layer": "atrisk" }, "geometry": { "type": "Polygon", "coordinates": [ [ [ 110.569606960696063, -6.753675367536757 ], [ 110.568031803180318, -6.754500450045002 ], [ 110.569606960696063, -6.7546504650465 ], [ 110.569606960696063, -6.753675367536757 ] ] ] } },
{ "type": "Feature", "properties": { "year": 2047, "layer": "atrisk" }, "geometry": { "type": "Polygon", "coordinates": [ [ [ 110.573132313231326, -6.753075307530748 ], [ 110.570657065706584, -6.753225322532255 ], [ 110.570657065706584, -6.756150615061508 ], [ 110.572532253225319, -6.755475547554764 ], [ 110.573132313231326, -6.753075307530748 ] ], [ [ 110.572907290729077, -6.753300330033005 ], [ 110.572982298229817, -6.753150315031511 ], [ 110.572982298229817, -6.753300330032993 ], [ 110.572907290729077, -6.753300330033005 ] ], [ [ 110.571632163216336, -6.753300330033009 ], [ 110.571707170717076, -6.753225322532251 ], [ 110.571707170717076, -6.753300330032997 ], [ 110.571632163216336, -6.753300330033009 ] ], [ [ 110.571782178217816, -6.753675367536751 ], [ 110.571932193219325, -6.753300330033007 ], [ 110.571857185718571, -6.753675367536751 ], [ 110.571782178217816, -6.753675367536751 ] ], [ [ 110.572457245724578, -6.75337533753375 ], [ 110.572532253225319, -6.753300330033 ], [ 110.572532253225319, -6.753375337533747 ], [ 110.572457245724578, -6.75337533753375 ] ], [ [ 110.57208220822082, -6.753525352535259 ], [ 110.572157215721575, -6.753450345034497 ], [ 110.572157215721575, -6.753525352535259 ], [ 110.57208220822082, -6.753525352535259 ] ], [ [ 110.57208220822082, -6.753825382538253 ], [ 110.572157215721575, -6.753675367536753 ], [ 110.572157215721575, -6.75382538253826 ], [ 110.57208220822082, -6.753825382538253 ] ], [ [ 110.571932193219325, -6.753825382538261 ], [ 110.572007200720066, -6.753750375037504 ], [ 110.572007200720066, -6.753825382538259 ], [ 110.571932193219325, -6.753825382538261 ] ], [ [ 110.572232223222329, -6.753825382538247 ], [ 110.572307230723084, -6.753750375037503 ], [ 110.572307230723084, -6.753825382538245 ], [ 110.572232223222329, -6.753825382538247 ] ], [ [ 110.572457245724578, -6.754050405040511 ], [ 110.572532253225319, -6.753900390039002 ], [ 110.572607260726073, -6.754050405040508 ], [ 110.572457245724578, -6.754050405040511 ] ], [ [ 110.571707170717076, -6.754425442544254 ], [ 110.571857185718571, -6.754200420042002 ], [ 110.571782178217816, -6.754425442544249 ], [ 110.571707170717076, -6.754425442544254 ] ], [ [ 110.571407140714072, -6.754725472547263 ], [ 110.571707170717076, -6.754500450045009 ], [ 110.571482148214827, -6.754725472547254 ], [ 110.571407140714072, -6.754725472547263 ] ], [ [ 110.572382238223824, -6.754425442544252 ], [ 110.572457245724578, -6.754350435043506 ], [ 110.572457245724578, -6.754425442544255 ], [ 110.572382238223824, -6.754425442544252 ] ], [ [ 110.571782178217816, -6.754575457545753 ], [ 110.571857185718571, -6.754425442544255 ], [ 110.571857185718571, -6.754575457545747 ], [ 110.571782178217816, -6.754575457545753 ] ], [ [ 110.572532253225319, -6.754725472547255 ], [ 110.572682268226828, -6.754575457545759 ], [ 110.572607260726073, -6.754725472547252 ], [ 110.572532253225319, -6.754725472547255 ] ], [ [ 110.571407140714072, -6.7552505250525 ], [ 110.571707170717076, -6.754725472547246 ], [ 110.571857185718571, -6.755400540054003 ], [ 110.571407140714072, -6.7552505250525 ] ], [ [ 110.571932193219325, -6.754800480048008 ], [ 110.572007200720066, -6.754725472547248 ], [ 110.572007200720066, -6.754800480048004 ], [ 110.571932193219325, -6.754800480048008 ] ], [ [ 110.571407140714072, -6.75487548754876 ], [ 110.571482148214827, -6.754800480048003 ], [ 110.571482148214827, -6.754875487548758 ], [ 110.571407140714072, -6.75487548754876 ] ], [ [ 110.572007200720066, -6.755250525052506 ], [ 110.57208220822082, -6.755025502550257 ], [ 110.57208220822082, -6.75525052505251 ], [ 110.572007200720066, -6.755250525052506 ] ], [ [ 110.57208220822082, -6.755325532553258 ], [ 110.572157215721575, -6.755250525052508 ], [ 110.572157215721575, -6.75532553255325 ], [ 110.57208220822082, -6.755325532553258 ] ], [ [ 110.571182118211823, -6.75570057005701 ], [ 110.571257125712577, -6.755325532553255 ], [ 110.571257125712577, -6.755700570056999 ], [ 110.571182118211823, -6.75570057005701 ] ], [ [ 110.571257125712577, -6.755850585058512 ], [ 110.571332133213318, -6.755775577557764 ], [ 110.571332133213318, -6.755850585058502 ], [ 110.571257125712577, -6.755850585058512 ] ] ] } },
{ "type": "Feature", "properties": { "year": 2047, "layer": "atrisk" }, "geometry": { "type": "Polygon", "coordinates": [ [ [ 110.541104110411041, -6.75 ], [ 110.545904590459045, -6.756000600060001 ], [ 110.547479747974791, -6.75577557755776 ], [ 110.543429342934289, -6.75 ], [ 110.541104110411041, -6.75 ] ] ] } },
{ "type": "Feature", "properties": { "year": 2047, "layer": "atrisk" }, "geometry": { "type": "Polygon", "coordinates": [ [ [ 110.549279927992799, -6.755775577557748 ], [ 110.548754875487546, -6.756450645064505 ], [ 110.549429942994294, -6.756675667566756 ], [ 110.549279927992799, -6.755775577557748 ] ] ] } },
{ "type": "Feature", "properties": { "year": 2047, "layer": "atrisk" }, "geometry": { "type": "Polygon", "coordinates": [ [ [ 110.571332133213318, -6.756525652565253 ], [ 110.569906990699067, -6.757425742574256 ], [ 110.569981998199836, -6.758775877587751 ], [ 110.571482148214827, -6.757650765076515 ], [ 110.571332133213318, -6.756525652565253 ] ] ] } },
{ "type": "Feature", "properties": { "year": 2047, "layer": "atrisk" }, "geometry": { "type": "Polygon", "coordinates": [ [ [ 110.547329732973296, -6.758925892589266 ], [ 110.546354635463544, -6.759975997599765 ], [ 110.546879687968811, -6.760201020102007 ], [ 110.547329732973296, -6.758925892589266 ] ] ] } },
{ "type": "Feature", "properties": { "year": 2047, "layer": "atrisk" }, "geometry": { "type": "Polygon", "coordinates": [ [ [ 110.566681668166822, -6.759225922592264 ], [ 110.565556555655562, -6.760051005100517 ], [ 110.566156615661569, -6.761626162616258 ], [ 110.567281728172816, -6.760276027602765 ], [ 110.566681668166822, -6.759225922592264 ] ] ] } },
{ "type": "Feature", "properties": { "year": 2047, "layer": "atrisk" }, "geometry": { "type": "Polygon", "coordinates": [ [ [ 110.577332733273323, -6.759600960096004 ], [ 110.577332733273323, -6.760501050105006 ], [ 110.577857785778576, -6.760726072607257 ], [ 110.577782778277822, -6.761401140114009 ], [ 110.579432943294336, -6.761401140114007 ], [ 110.579432943294336, -6.760726072607253 ], [ 110.578607860786079, -6.759825982598258 ], [ 110.577332733273323, -6.759600960096004 ] ], [ [ 110.577407740774078, -6.760426042604266 ], [ 110.577482748274832, -6.760276027602753 ], [ 110.577482748274832, -6.760426042604252 ], [ 110.577407740774078, -6.760426042604266 ] ], [ [ 110.577632763276327, -6.760426042604265 ], [ 110.577707770777081, -6.760351035103517 ], [ 110.577707770777081, -6.760426042604256 ], [ 110.577632763276327, -6.760426042604265 ] ], [ [ 110.578832883288328, -6.760876087608756 ], [ 110.579057905790577, -6.760726072607262 ], [ 110.578982898289823, -6.761026102610257 ], [ 110.578832883288328, -6.760876087608756 ] ], [ [ 110.579057905790577, -6.760726072607262 ], [ 110.579132913291332, -6.760651065106513 ], [ 110.579132913291332, -6.760726072607254 ], [ 110.579057905790577, -6.760726072607262 ] ] ] } },
{ "type": "Feature", "properties": { "year": 2047, "layer": "atrisk" }, "geometry": { "type": "Polygon", "coordinates": [ [ [ 110.554605460546057, -6.760876087608755 ], [ 110.554830483048306, -6.762376237623768 ], [ 110.555655565556549, -6.762526252625259 ], [ 110.556255625562557, -6.761926192619257 ], [ 110.555955595559553, -6.761101110111017 ], [ 110.554605460546057, -6.760876087608755 ] ], [ [ 110.55520552055205, -6.762151215121514 ], [ 110.555730573057303, -6.761776177617768 ], [ 110.555880588058812, -6.761926192619257 ], [ 110.55520552055205, -6.762151215121514 ] ] ] } },
{ "type": "Feature", "properties": { "year": 2047, "layer": "atrisk" }, "geometry": { "type": "Polygon", "coordinates": [ [ [ 110.583483348334838, -6.754275427542747 ], [ 110.582508250825086, -6.759000900090015 ], [ 110.581608160816089, -6.757575757575766 ], [ 110.579882988298834, -6.757875787578764 ], [ 110.577482748274832, -6.757050705070514 ], [ 110.575307530753079, -6.757125712571256 ], [ 110.575232523252325, -6.755550555055506 ], [ 110.574632463246346, -6.755400540054006 ], [ 110.57208220822082, -6.756450645064511 ], [ 110.57508250825083, -6.757500750075 ], [ 110.574032403240324, -6.759975997599764 ], [ 110.577707770777081, -6.759150915091514 ], [ 110.583333333333329, -6.761101110111017 ], [ 110.583633363336332, -6.763726372637266 ], [ 110.583483348334838, -6.754275427542747 ] ], [ [ 110.574782478247826, -6.75570057005701 ], [ 110.574857485748581, -6.755625562556253 ], [ 110.574857485748581, -6.755700570057007 ], [ 110.574782478247826, -6.75570057005701 ] ], [ [ 110.574707470747072, -6.756750675067502 ], [ 110.574782478247826, -6.756600660066009 ], [ 110.574782478247826, -6.756750675067502 ], [ 110.574707470747072, -6.756750675067502 ] ], [ [ 110.574857485748581, -6.756750675067511 ], [ 110.574932493249335, -6.756675667566759 ], [ 110.574932493249335, -6.75675067506751 ], [ 110.574857485748581, -6.756750675067511 ] ], [ [ 110.575007500750075, -6.756825682568251 ], [ 110.57515751575157, -6.75675067506751 ], [ 110.57515751575157, -6.756825682568252 ], [ 110.575007500750075, -6.756825682568251 ] ], [ [ 110.574782478247826, -6.756900690069005 ], [ 110.574932493249335, -6.756825682568254 ], [ 110.574932493249335, -6.756900690069003 ], [ 110.574782478247826, -6.756900690069005 ] ], [ [ 110.574932493249335, -6.756975697569759 ], [ 110.575007500750075, -6.756900690069005 ], [ 110.575007500750075, -6.75697569756975 ], [ 110.574932493249335, -6.756975697569759 ] ], [ [ 110.57515751575157, -6.757125712571251 ], [ 110.575232523252325, -6.756900690069009 ], [ 110.575232523252325, -6.757125712571259 ], [ 110.57515751575157, -6.757125712571251 ] ], [ [ 110.575007500750075, -6.757125712571258 ], [ 110.57508250825083, -6.756975697569765 ], [ 110.57508250825083, -6.757125712571252 ], [ 110.575007500750075, -6.757125712571258 ] ], [ [ 110.577707770777081, -6.757350735073511 ], [ 110.577782778277822, -6.757275727572757 ], [ 110.577782778277822, -6.757350735073511 ], [ 110.577707770777081, -6.757350735073511 ] ], [ [ 110.579132913291332, -6.757725772577255 ], [ 110.579207920792086, -6.757650765076504 ], [ 110.579207920792086, -6.757725772577265 ], [ 110.579132913291332, -6.757725772577255 ] ] ] } },
{ "type": "Feature", "properties": { "year": 2047, "layer": "atrisk" }, "geometry": { "type": "Polygon", "coordinates": [ [ [ 110.569681968196818, -6.763651365136515 ], [ 110.567431743174311, -6.763351335133514 ], [ 110.566381638163818, -6.763501350135004 ], [ 110.569681968196818, -6.763651365136515 ] ] ] } },
{ "type": "Feature", "properties": { "year": 2047, "layer": "atrisk" }, "geometry": { "type": "Polygon", "coordinates": [ [ [ 110.584083408340831, -6.766501650165009 ], [ 110.58288328832883, -6.767401740174013 ], [ 110.583408340834083, -6.767701770177021 ], [ 110.584083408340831, -6.766501650165009 ] ], [ [ 110.583333333333329, -6.767401740174012 ], [ 110.583408340834083, -6.767326732673259 ], [ 110.583408340834083, -6.767401740174021 ], [ 110.583333333333329, -6.767401740174012 ] ], [ [ 110.583258325832588, -6.76747674767476 ], [ 110.583333333333329, -6.767401740174012 ], [ 110.583333333333329, -6.767476747674773 ], [ 110.583258325832588, -6.76747674767476 ] ] ] } },
{ "type": "Feature", "properties": { "year": 2047, "layer": "atrisk" }, "geometry": { "type": "Polygon", "coordinates": [ [ [ 110.584458445844589, -6.768376837683767 ], [ 110.583483348334838, -6.768001800180016 ], [ 110.583408340834083, -6.768451845184527 ], [ 110.584458445844589, -6.768376837683767 ] ] ] } },
{ "type": "Feature", "properties": { "year": 2047, "layer": "atrisk" }, "geometry": { "type": "Polygon", "coordinates": [ [ [ 110.583033303330339, -6.768826882688272 ], [ 110.583033303330339, -6.76927692769276 ], [ 110.583483348334838, -6.769651965196512 ], [ 110.584383438343835, -6.769876987698772 ], [ 110.583033303330339, -6.768826882688272 ] ], [ [ 110.583183318331834, -6.769126912691271 ], [ 110.583258325832588, -6.769051905190516 ], [ 110.583258325832588, -6.769126912691275 ], [ 110.583183318331834, -6.769126912691271 ] ], [ [ 110.583108310831079, -6.769201920192019 ], [ 110.583183318331834, -6.769126912691271 ], [ 110.583183318331834, -6.769201920192025 ], [ 110.583108310831079, -6.769201920192019 ] ] ] } },
{ "type": "Feature", "properties": { "year": 2047, "layer": "atrisk" }, "geometry": { "type": "Polygon", "coordinates": [ [ [ 110.52272727272728, -6.836033603360339 ], [ 110.522052205220518, -6.835808580858086 ], [ 110.522127212721273, -6.836258625862581 ], [ 110.52272727272728, -6.836033603360339 ] ] ] } },
{ "type": "Feature", "properties": { "year": 2047, "layer": "atrisk" }, "geometry": { "type": "Polygon", "coordinates": [ [ [ 110.443069306930695, -6.938268826882689 ], [ 110.439468946894692, -6.938943894389444 ], [ 110.443894389438938, -6.938943894389443 ], [ 110.443069306930695, -6.938268826882689 ] ] ] } },
{ "type": "Feature", "properties": { "year": 2047, "layer": "atrisk" }, "geometry": { "type": "Polygon", "coordinates": [ [ [ 110.576357635763571, -6.759750975097516 ], [ 110.572232223222329, -6.761701170117019 ], [ 110.575007500750075, -6.761326132613262 ], [ 110.57538253825382, -6.76275127512751 ], [ 110.573057305730572, -6.762976297629769 ], [ 110.570657065706584, -6.763951395139509 ], [ 110.570582058205815, -6.764251425142512 ], [ 110.575607560756069, -6.764326432643267 ], [ 110.575457545754574, -6.770027002700273 ], [ 110.576957695769579, -6.770777077707776 ], [ 110.577482748274832, -6.769876987698774 ], [ 110.576957695769579, -6.769276927692762 ], [ 110.57673267326733, -6.769276927692772 ], [ 110.576657665766575, -6.769801980198013 ], [ 110.576057605760582, -6.76935193519352 ], [ 110.576957695769579, -6.769201920192017 ], [ 110.576957695769579, -6.768826882688272 ], [ 110.577107710771074, -6.76890189018902 ], [ 110.577257725772597, -6.768076807680762 ], [ 110.578007800780071, -6.770702070207015 ], [ 110.575532553255329, -6.771452145214529 ], [ 110.575457545754574, -6.770402040204012 ], [ 110.575232523252325, -6.773477347734771 ], [ 110.569456945694569, -6.775202520252023 ], [ 110.569531953195323, -6.775502550255033 ], [ 110.568706870687066, -6.775652565256522 ], [ 110.567731773177314, -6.776852685268533 ], [ 110.565706570657085, -6.786528652865289 ], [ 110.566981698169812, -6.788178817881795 ], [ 110.565406540654067, -6.78780378037804 ], [ 110.562256225622562, -6.794104410441046 ], [ 110.563531353135318, -6.795004500450037 ], [ 110.561881188118818, -6.794929492949299 ], [ 110.559555955595556, -6.798154815481547 ], [ 110.560081008100823, -6.803705370537059 ], [ 110.556705670567055, -6.805880588058803 ], [ 110.554230423042299, -6.809030903090314 ], [ 110.55685568556855, -6.811956195619563 ], [ 110.551080108010808, -6.808430843084302 ], [ 110.549504950495063, -6.811131113111306 ], [ 110.550930093009299, -6.810531053105308 ], [ 110.549204920492045, -6.812931293129317 ], [ 110.549504950495063, -6.817806780678069 ], [ 110.54740474047405, -6.820432043204314 ], [ 110.542454245424537, -6.820657065706573 ], [ 110.530603060306035, -6.832958295829591 ], [ 110.520102010201029, -6.834983498349827 ], [ 110.523402340234028, -6.838508850885088 ], [ 110.527527752775271, -6.839333933393331 ], [ 110.528352835283542, -6.846984698469852 ], [ 110.521827182718269, -6.848709870987097 ], [ 110.525052505250528, -6.850585058505845 ], [ 110.521752175217529, -6.8512601260126 ], [ 110.521527152715265, -6.849159915991605 ], [ 110.519051905190523, -6.855085508550848 ], [ 110.519801980198039, -6.855910591059099 ], [ 110.518451845184529, -6.855010501050103 ], [ 110.51522652265227, -6.85913591359135 ], [ 110.516051605160513, -6.860711071107104 ], [ 110.515976597659773, -6.859810981098104 ], [ 110.517101710171019, -6.859135913591352 ], [ 110.517101710171019, -6.861461146114618 ], [ 110.519351935193512, -6.861836183618368 ], [ 110.508700870087011, -6.880063006300624 ], [ 110.478997899789974, -6.918241824182414 ], [ 110.47562256225622, -6.920942094209425 ], [ 110.475847584758469, -6.924392439243932 ], [ 110.470672067206721, -6.925292529252926 ], [ 110.467671767176711, -6.928292829282924 ], [ 110.467521752175216, -6.930393039303931 ], [ 110.46482148214821, -6.929717971797172 ], [ 110.461221122112207, -6.932418241824185 ], [ 110.46009600960096, -6.931818181818182 ], [ 110.459870987098711, -6.933318331833183 ], [ 110.458820882088204, -6.932343234323429 ], [ 110.456870687068701, -6.935343534353427 ], [ 110.452970297029708, -6.936318631863181 ], [ 110.452145214521451, -6.935043504350432 ], [ 110.449369936993705, -6.936918691869188 ], [ 110.448394839483953, -6.935418541854187 ], [ 110.444419441944191, -6.938943894389443 ], [ 110.461071107110712, -6.938943894389444 ], [ 110.460921092109217, -6.937818781878194 ], [ 110.462421242124208, -6.938943894389431 ], [ 110.482073207320738, -6.938493849384936 ], [ 110.490474047404746, -6.935193519351929 ], [ 110.496399639963997, -6.929792979297926 ], [ 110.501050105010506, -6.919141914191428 ], [ 110.50142514251425, -6.896939693969404 ], [ 110.508325832583253, -6.894989498949901 ], [ 110.51357635763577, -6.891764176417639 ], [ 110.520777077707791, -6.881488148814877 ], [ 110.522202220222027, -6.873912391239132 ], [ 110.522202220222027, -6.85523552355235 ], [ 110.530228022802277, -6.852760276027608 ], [ 110.536453645364531, -6.84803480348035 ], [ 110.540804080408037, -6.841584158415835 ], [ 110.542079207920793, -6.838133813381342 ], [ 110.542754275427541, -6.834383438343829 ], [ 110.547779777977794, -6.833258325832576 ], [ 110.552130213021314, -6.831233123312331 ], [ 110.549579957995803, -6.83070807080708 ], [ 110.548754875487546, -6.828157815781576 ], [ 110.549579957995803, -6.829057905790578 ], [ 110.55370537053706, -6.830183018301824 ], [ 110.551080108010808, -6.829207920792077 ], [ 110.550030003000302, -6.828457845784583 ], [ 110.554530453045302, -6.829582958295822 ], [ 110.558355835583555, -6.825907590759074 ], [ 110.562706270627075, -6.817431743174322 ], [ 110.562031203120313, -6.816081608160815 ], [ 110.557755775577562, -6.812181218121806 ], [ 110.563006300630065, -6.816081608160818 ], [ 110.563531353135318, -6.81345634563457 ], [ 110.570657065706584, -6.811506150615057 ], [ 110.575907590759073, -6.808280828082799 ], [ 110.582358235823577, -6.799879987998802 ], [ 110.584458445844589, -6.791779177917794 ], [ 110.582058205820587, -6.790129012901284 ], [ 110.581983198319833, -6.792604260426041 ], [ 110.581533153315334, -6.793579357935786 ], [ 110.581533153315334, -6.789903990399039 ], [ 110.578832883288328, -6.788703870387034 ], [ 110.580558055805596, -6.788853885388531 ], [ 110.584458445844589, -6.791479147914792 ], [ 110.584683468346839, -6.771152115211522 ], [ 110.582058205820587, -6.770252025202515 ], [ 110.582658265826581, -6.768901890189013 ], [ 110.583108310831079, -6.766351635163519 ], [ 110.581908190819078, -6.767176717671763 ], [ 110.582283228322837, -6.76432643264326 ], [ 110.584083408340831, -6.76485148514851 ], [ 110.58423342334234, -6.764026402640264 ], [ 110.578382838283829, -6.761851185118505 ], [ 110.576582658265835, -6.762751275127505 ], [ 110.577182718271828, -6.760651065106502 ], [ 110.576357635763571, -6.759750975097516 ] ], [ [ 110.57673267326733, -6.76072607260726 ], [ 110.57680768076807, -6.760651065106505 ], [ 110.57680768076807, -6.760726072607268 ], [ 110.57673267326733, -6.76072607260726 ] ], [ [ 110.576957695769579, -6.760801080108018 ], [ 110.577032703270334, -6.760726072607258 ], [ 110.577032703270334, -6.760801080108019 ], [ 110.576957695769579, -6.760801080108018 ] ], [ [ 110.575457545754574, -6.761926192619259 ], [ 110.575532553255329, -6.761851185118519 ], [ 110.575532553255329, -6.761926192619263 ], [ 110.575457545754574, -6.761926192619259 ] ], [ [ 110.576207620762077, -6.762076207620762 ], [ 110.576282628262845, -6.762001200120006 ], [ 110.576282628262845, -6.762076207620769 ], [ 110.576207620762077, -6.762076207620762 ] ], [ [ 110.576132613261322, -6.762301230123011 ], [ 110.576282628262845, -6.762151215121521 ], [ 110.576207620762077, -6.76230123012301 ], [ 110.576132613261322, -6.762301230123011 ] ], [ [ 110.576207620762077, -6.762376237623761 ], [ 110.576282628262845, -6.76230123012301 ], [ 110.576282628262845, -6.762376237623766 ], [ 110.576207620762077, -6.762376237623761 ] ], [ [ 110.576057605760582, -6.762751275127505 ], [ 110.576207620762077, -6.762676267626765 ], [ 110.576207620762077, -6.762751275127515 ], [ 110.576057605760582, -6.762751275127505 ] ], [ [ 110.580258025802578, -6.764551455145517 ], [ 110.581383138313825, -6.76380138013802 ], [ 110.582133213321328, -6.764251425142521 ], [ 110.580258025802578, -6.764551455145517 ] ], [ [ 110.582133213321328, -6.764326432643256 ], [ 110.582283228322837, -6.76425142514252 ], [ 110.582283228322837, -6.76432643264326 ], [ 110.582133213321328, -6.764326432643256 ] ], [ [ 110.576957695769579, -6.764851485148512 ], [ 110.577707770777081, -6.765151515151521 ], [ 110.577107710771074, -6.765826582658267 ], [ 110.576957695769579, -6.764851485148512 ] ], [ [ 110.577257725772597, -6.768001800180008 ], [ 110.577407740774078, -6.767626762676273 ], [ 110.577482748274832, -6.768001800180021 ], [ 110.577257725772597, -6.768001800180008 ] ], [ [ 110.577482748274832, -6.767776777677759 ], [ 110.577557755775587, -6.767701770177019 ], [ 110.577557755775587, -6.767776777677765 ], [ 110.577482748274832, -6.767776777677759 ] ], [ [ 110.577407740774078, -6.768226822682263 ], [ 110.577482748274832, -6.768076807680775 ], [ 110.577482748274832, -6.76822682268227 ], [ 110.577407740774078, -6.768226822682263 ] ], [ [ 110.577107710771074, -6.768376837683765 ], [ 110.577182718271828, -6.76830183018301 ], [ 110.577182718271828, -6.768376837683769 ], [ 110.577107710771074, -6.768376837683765 ] ], [ [ 110.57815781578158, -6.769126912691273 ], [ 110.578232823282335, -6.768976897689766 ], [ 110.578232823282335, -6.769126912691269 ], [ 110.57815781578158, -6.769126912691273 ] ], [ [ 110.582358235823577, -6.769126912691261 ], [ 110.582433243324331, -6.768976897689771 ], [ 110.582433243324331, -6.769126912691267 ], [ 110.582358235823577, -6.769126912691261 ] ], [ [ 110.57673267326733, -6.769726972697264 ], [ 110.57680768076807, -6.769576957695767 ], [ 110.576882688268824, -6.769726972697269 ], [ 110.57673267326733, -6.769726972697264 ] ], [ [ 110.581983198319833, -6.770402040204017 ], [ 110.582133213321328, -6.770327032703273 ], [ 110.582133213321328, -6.770402040204015 ], [ 110.581983198319833, -6.770402040204017 ] ], [ [ 110.582133213321328, -6.770477047704764 ], [ 110.582283228322837, -6.770402040204025 ], [ 110.582283228322837, -6.770477047704775 ], [ 110.582133213321328, -6.770477047704764 ] ], [ [ 110.582058205820587, -6.770627062706273 ], [ 110.582208220822096, -6.770552055205516 ], [ 110.582208220822096, -6.770627062706269 ], [ 110.582058205820587, -6.770627062706273 ] ], [ [ 110.582208220822096, -6.770702070207014 ], [ 110.582358235823577, -6.770627062706275 ], [ 110.582358235823577, -6.770702070207022 ], [ 110.582208220822096, -6.770702070207014 ] ], [ [ 110.57043204320432, -6.775277527752773 ], [ 110.570582058205815, -6.775127512751276 ], [ 110.570582058205815, -6.775277527752783 ], [ 110.57043204320432, -6.775277527752773 ] ], [ [ 110.569756975697572, -6.775577557755776 ], [ 110.570057005700576, -6.775727572757272 ], [ 110.569756975697572, -6.775877587758781 ], [ 110.569756975697572, -6.775577557755776 ] ], [ [ 110.569606960696063, -6.775652565256519 ], [ 110.569681968196818, -6.775577557755778 ], [ 110.569681968196818, -6.775652565256521 ], [ 110.569606960696063, -6.775652565256519 ] ], [ [ 110.568931893189315, -6.776027602760282 ], [ 110.569081908190824, -6.775652565256532 ], [ 110.569006900690084, -6.776027602760269 ], [ 110.568931893189315, -6.776027602760282 ] ], [ [ 110.569231923192319, -6.775877587758786 ], [ 110.569381938193814, -6.77617761776177 ], [ 110.569231923192319, -6.776177617761784 ], [ 110.569231923192319, -6.775877587758786 ] ], [ [ 110.568631863186312, -6.776252625262527 ], [ 110.568781878187821, -6.776402640264031 ], [ 110.568631863186312, -6.776552655265528 ], [ 110.568631863186312, -6.776252625262527 ] ], [ [ 110.569756975697572, -6.776252625262519 ], [ 110.569831983198327, -6.776177617761783 ], [ 110.569831983198327, -6.776252625262519 ], [ 110.569756975697572, -6.776252625262519 ] ], [ [ 110.570657065706584, -6.776552655265534 ], [ 110.571032103210328, -6.776252625262534 ], [ 110.570882088208819, -6.77662766276628 ], [ 110.570657065706584, -6.776552655265534 ] ], [ [ 110.578457845784584, -6.776177617761778 ], [ 110.583258325832588, -6.778202820282022 ], [ 110.584458445844589, -6.780003000300034 ], [ 110.581083108310835, -6.779402940294034 ], [ 110.578457845784584, -6.776177617761778 ] ], [ [ 110.568931893189315, -6.776327632763272 ], [ 110.569081908190824, -6.776477647764779 ], [ 110.568931893189315, -6.776552655265534 ], [ 110.568931893189315, -6.776327632763272 ] ], [ [ 110.569156915691565, -6.776702670267026 ], [ 110.569231923192319, -6.776402640264023 ], [ 110.569231923192319, -6.776702670267025 ], [ 110.569156915691565, -6.776702670267026 ] ], [ [ 110.570357035703566, -6.776552655265521 ], [ 110.570507050705075, -6.776402640264022 ], [ 110.57043204320432, -6.776552655265527 ], [ 110.570357035703566, -6.776552655265521 ] ], [ [ 110.570357035703566, -6.776777677767772 ], [ 110.57043204320432, -6.777077707770784 ], [ 110.570282028202826, -6.777077707770784 ], [ 110.570357035703566, -6.776777677767772 ] ], [ [ 110.570207020702071, -6.776927692769282 ], [ 110.570282028202826, -6.776777677767767 ], [ 110.570282028202826, -6.776927692769271 ], [ 110.570207020702071, -6.776927692769282 ] ], [ [ 110.570582058205815, -6.776852685268532 ], [ 110.570657065706584, -6.776777677767784 ], [ 110.570657065706584, -6.77685268526853 ], [ 110.570582058205815, -6.776852685268532 ] ], [ [ 110.570132013201317, -6.777077707770777 ], [ 110.570207020702071, -6.776927692769282 ], [ 110.570207020702071, -6.777077707770785 ], [ 110.570132013201317, -6.777077707770777 ] ], [ [ 110.570057005700576, -6.777302730273031 ], [ 110.570207020702071, -6.777152715271529 ], [ 110.570132013201317, -6.77730273027302 ], [ 110.570057005700576, -6.777302730273031 ] ], [ [ 110.570057005700576, -6.777452745274524 ], [ 110.570282028202826, -6.777377737773777 ], [ 110.570282028202826, -6.777527752775277 ], [ 110.570057005700576, -6.777452745274524 ] ], [ [ 110.570657065706584, -6.77752775277528 ], [ 110.570882088208819, -6.777452745274535 ], [ 110.570807080708065, -6.777602760276035 ], [ 110.570657065706584, -6.77752775277528 ] ], [ [ 110.57043204320432, -6.777602760276035 ], [ 110.570582058205815, -6.777677767776777 ], [ 110.57043204320432, -6.777827782778275 ], [ 110.57043204320432, -6.777602760276035 ] ], [ [ 110.570057005700576, -6.777752775277532 ], [ 110.570207020702071, -6.777677767776783 ], [ 110.570207020702071, -6.777752775277525 ], [ 110.570057005700576, -6.777752775277532 ] ], [ [ 110.568931893189315, -6.777827782778282 ], [ 110.569006900690084, -6.777752775277528 ], [ 110.569006900690084, -6.777827782778283 ], [ 110.568931893189315, -6.777827782778282 ] ], [ [ 110.570357035703566, -6.777977797779783 ], [ 110.57043204320432, -6.777827782778275 ], [ 110.57043204320432, -6.777977797779783 ], [ 110.570357035703566, -6.777977797779783 ] ], [ [ 110.569081908190824, -6.778202820282033 ], [ 110.569231923192319, -6.777902790279034 ], [ 110.569156915691565, -6.778202820282021 ], [ 110.569081908190824, -6.778202820282033 ] ], [ [ 110.569306930693074, -6.778052805280535 ], [ 110.569381938193814, -6.777902790279024 ], [ 110.569381938193814, -6.77805280528053 ], [ 110.569306930693074, -6.778052805280535 ] ], [ [ 110.568856885688575, -6.778052805280531 ], [ 110.568931893189315, -6.777977797779781 ], [ 110.568931893189315, -6.778052805280522 ], [ 110.568856885688575, -6.778052805280531 ] ], [ [ 110.569756975697572, -6.778052805280524 ], [ 110.569831983198327, -6.777977797779775 ], [ 110.569831983198327, -6.778052805280522 ], [ 110.569756975697572, -6.778052805280524 ] ], [ [ 110.570132013201317, -6.778052805280524 ], [ 110.570207020702071, -6.777977797779784 ], [ 110.570207020702071, -6.778052805280534 ], [ 110.570132013201317, -6.778052805280524 ] ], [ [ 110.569831983198327, -6.778127812781277 ], [ 110.569981998199836, -6.778277827782781 ], [ 110.569831983198327, -6.778352835283526 ], [ 110.569831983198327, -6.778127812781277 ] ], [ [ 110.568781878187821, -6.778202820282035 ], [ 110.568856885688575, -6.778127812781278 ], [ 110.568856885688575, -6.778202820282033 ], [ 110.568781878187821, -6.778202820282035 ] ], [ [ 110.570207020702071, -6.778352835283521 ], [ 110.570282028202826, -6.778127812781285 ], [ 110.570282028202826, -6.778352835283526 ], [ 110.570207020702071, -6.778352835283521 ] ], [ [ 110.569006900690084, -6.778427842784274 ], [ 110.569081908190824, -6.778202820282033 ], [ 110.569081908190824, -6.77842784278427 ], [ 110.569006900690084, -6.778427842784274 ] ], [ [ 110.570057005700576, -6.778277827782771 ], [ 110.570132013201317, -6.778202820282028 ], [ 110.570132013201317, -6.778277827782782 ], [ 110.570057005700576, -6.778277827782771 ] ], [ [ 110.57043204320432, -6.778277827782786 ], [ 110.570507050705075, -6.778202820282024 ], [ 110.570507050705075, -6.778277827782776 ], [ 110.57043204320432, -6.778277827782786 ] ], [ [ 110.570357035703566, -6.778427842784271 ], [ 110.57043204320432, -6.778277827782786 ], [ 110.57043204320432, -6.778427842784281 ], [ 110.570357035703566, -6.778427842784271 ] ], [ [ 110.568706870687066, -6.778502850285029 ], [ 110.568781878187821, -6.778427842784272 ], [ 110.568781878187821, -6.778502850285036 ], [ 110.568706870687066, -6.778502850285029 ] ], [ [ 110.568931893189315, -6.778652865286535 ], [ 110.569006900690084, -6.778427842784274 ], [ 110.569006900690084, -6.778652865286536 ], [ 110.568931893189315, -6.778652865286535 ] ], [ [ 110.569306930693074, -6.779102910291036 ], [ 110.569756975697572, -6.778802880288032 ], [ 110.569381938193814, -6.779477947794775 ], [ 110.569306930693074, -6.779102910291036 ] ], [ [ 110.570357035703566, -6.778652865286538 ], [ 110.57043204320432, -6.778502850285021 ], [ 110.57043204320432, -6.778652865286535 ], [ 110.570357035703566, -6.778652865286538 ] ], [ [ 110.568331833183322, -6.778952895289534 ], [ 110.568706870687066, -6.778577857785783 ], [ 110.568631863186312, -6.778952895289531 ], [ 110.568331833183322, -6.778952895289534 ] ], [ [ 110.568781878187821, -6.778802880288032 ], [ 110.568931893189315, -6.778877887788772 ], [ 110.568781878187821, -6.779027902790279 ], [ 110.568781878187821, -6.778802880288032 ] ], [ [ 110.569231923192319, -6.779477947794772 ], [ 110.569306930693074, -6.779327932793286 ], [ 110.569306930693074, -6.779477947794772 ], [ 110.569231923192319, -6.779477947794772 ] ], [ [ 110.569156915691565, -6.779702970297028 ], [ 110.569231923192319, -6.779477947794772 ], [ 110.569231923192319, -6.779702970297036 ], [ 110.569156915691565, -6.779702970297028 ] ], [ [ 110.569306930693074, -6.779627962796282 ], [ 110.569381938193814, -6.779552955295526 ], [ 110.569381938193814, -6.779627962796281 ], [ 110.569306930693074, -6.779627962796282 ] ], [ [ 110.569081908190824, -6.779927992799286 ], [ 110.569156915691565, -6.779702970297028 ], [ 110.569156915691565, -6.779927992799284 ], [ 110.569081908190824, -6.779927992799286 ] ], [ [ 110.569081908190824, -6.780153015301531 ], [ 110.569306930693074, -6.780003000300027 ], [ 110.569081908190824, -6.780378037803782 ], [ 110.569081908190824, -6.780153015301531 ] ], [ [ 110.569006900690084, -6.780078007800785 ], [ 110.569081908190824, -6.780003000300027 ], [ 110.569081908190824, -6.780078007800777 ], [ 110.569006900690084, -6.780078007800785 ] ], [ [ 110.568931893189315, -6.780303030303037 ], [ 110.569006900690084, -6.780153015301524 ], [ 110.569006900690084, -6.780303030303021 ], [ 110.568931893189315, -6.780303030303037 ] ], [ [ 110.568856885688575, -6.780453045304531 ], [ 110.568931893189315, -6.780378037803781 ], [ 110.568931893189315, -6.780453045304528 ], [ 110.568856885688575, -6.780453045304531 ] ], [ [ 110.569006900690084, -6.78052805280528 ], [ 110.569081908190824, -6.780378037803782 ], [ 110.569081908190824, -6.78052805280528 ], [ 110.569006900690084, -6.78052805280528 ] ], [ [ 110.569081908190824, -6.780903090309024 ], [ 110.569381938193814, -6.780903090309033 ], [ 110.569006900690084, -6.781353135313534 ], [ 110.569081908190824, -6.780903090309024 ] ], [ [ 110.568781878187821, -6.780678067806777 ], [ 110.568856885688575, -6.780528052805288 ], [ 110.568856885688575, -6.780678067806783 ], [ 110.568781878187821, -6.780678067806777 ] ], [ [ 110.568706870687066, -6.780903090309033 ], [ 110.568781878187821, -6.780753075307534 ], [ 110.568781878187821, -6.780903090309036 ], [ 110.568706870687066, -6.780903090309033 ] ], [ [ 110.568631863186312, -6.781128112811284 ], [ 110.568706870687066, -6.780978097809777 ], [ 110.568706870687066, -6.781128112811282 ], [ 110.568631863186312, -6.781128112811284 ] ], [ [ 110.568556855685571, -6.781278127812787 ], [ 110.568631863186312, -6.781128112811284 ], [ 110.568631863186312, -6.781278127812783 ], [ 110.568556855685571, -6.781278127812787 ] ], [ [ 110.568481848184817, -6.781503150315038 ], [ 110.568556855685571, -6.781353135313529 ], [ 110.568556855685571, -6.78150315031503 ], [ 110.568481848184817, -6.781503150315038 ] ], [ [ 110.568406840684062, -6.781578157815774 ], [ 110.568481848184817, -6.781503150315038 ], [ 110.568481848184817, -6.781578157815781 ], [ 110.568406840684062, -6.781578157815774 ] ], [ [ 110.568031803180318, -6.78180318031803 ], [ 110.568481848184817, -6.781653165316532 ], [ 110.568406840684062, -6.781953195319534 ], [ 110.568031803180318, -6.78180318031803 ] ], [ [ 110.568406840684062, -6.781953195319534 ], [ 110.568556855685571, -6.782028202820286 ], [ 110.568406840684062, -6.78202820282028 ], [ 110.568406840684062, -6.781953195319534 ] ], [ [ 110.568031803180318, -6.782103210321027 ], [ 110.568256825682568, -6.782028202820287 ], [ 110.568256825682568, -6.782178217821783 ], [ 110.568031803180318, -6.782103210321027 ] ], [ [ 110.568631863186312, -6.782178217821776 ], [ 110.569006900690084, -6.782103210321036 ], [ 110.569006900690084, -6.782253225322538 ], [ 110.568631863186312, -6.782178217821776 ] ], [ [ 110.568331833183322, -6.782253225322534 ], [ 110.568406840684062, -6.782178217821789 ], [ 110.568406840684062, -6.782253225322536 ], [ 110.568331833183322, -6.782253225322534 ] ], [ [ 110.569006900690084, -6.782328232823284 ], [ 110.569381938193814, -6.782253225322533 ], [ 110.569381938193814, -6.782403240324025 ], [ 110.569006900690084, -6.782328232823284 ] ], [ [ 110.574932493249335, -6.782253225322531 ], [ 110.575007500750075, -6.782178217821778 ], [ 110.575007500750075, -6.782253225322524 ], [ 110.574932493249335, -6.782253225322531 ] ], [ [ 110.568106810681073, -6.782328232823277 ], [ 110.568256825682568, -6.782403240324028 ], [ 110.568106810681073, -6.782478247824787 ], [ 110.568106810681073, -6.782328232823277 ] ], [ [ 110.568631863186312, -6.782403240324028 ], [ 110.568856885688575, -6.782328232823279 ], [ 110.568856885688575, -6.782478247824788 ], [ 110.568631863186312, -6.782403240324028 ] ], [ [ 110.574857485748581, -6.782328232823279 ], [ 110.574932493249335, -6.782253225322531 ], [ 110.574932493249335, -6.782328232823279 ], [ 110.574857485748581, -6.782328232823279 ] ], [ [ 110.569456945694569, -6.782403240324027 ], [ 110.569531953195323, -6.782328232823276 ], [ 110.569531953195323, -6.782403240324029 ], [ 110.569456945694569, -6.782403240324027 ] ], [ [ 110.569531953195323, -6.782403240324029 ], [ 110.570807080708065, -6.783078307830775 ], [ 110.57208220822082, -6.783378337833789 ], [ 110.572457245724578, -6.78435343534353 ], [ 110.569531953195323, -6.782403240324029 ] ], [ [ 110.574407440744068, -6.782478247824784 ], [ 110.574482448244822, -6.782403240324026 ], [ 110.574482448244822, -6.782478247824784 ], [ 110.574407440744068, -6.782478247824784 ] ], [ [ 110.568031803180318, -6.782628262826281 ], [ 110.568106810681073, -6.782478247824787 ], [ 110.568106810681073, -6.782628262826285 ], [ 110.568031803180318, -6.782628262826281 ] ], [ [ 110.569006900690084, -6.782553255325533 ], [ 110.569156915691565, -6.782478247824782 ], [ 110.569156915691565, -6.78255325532554 ], [ 110.569006900690084, -6.782553255325533 ] ], [ [ 110.570207020702071, -6.782553255325533 ], [ 110.570282028202826, -6.782478247824782 ], [ 110.570282028202826, -6.782553255325531 ], [ 110.570207020702071, -6.782553255325533 ] ], [ [ 110.569306930693074, -6.782628262826285 ], [ 110.569381938193814, -6.782553255325523 ], [ 110.569381938193814, -6.782628262826281 ], [ 110.569306930693074, -6.782628262826285 ] ], [ [ 110.574332433243328, -6.78262826282629 ], [ 110.574407440744068, -6.782553255325524 ], [ 110.574407440744068, -6.782628262826288 ], [ 110.574332433243328, -6.78262826282629 ] ], [ [ 110.567956795679564, -6.782778277827778 ], [ 110.568031803180318, -6.782628262826281 ], [ 110.568031803180318, -6.782778277827785 ], [ 110.567956795679564, -6.782778277827778 ] ], [ [ 110.569456945694569, -6.782703270327038 ], [ 110.569606960696063, -6.78262826282628 ], [ 110.569606960696063, -6.782703270327035 ], [ 110.569456945694569, -6.782703270327038 ] ], [ [ 110.570807080708065, -6.782853285328523 ], [ 110.570882088208819, -6.782778277827788 ], [ 110.570882088208819, -6.782853285328526 ], [ 110.570807080708065, -6.782853285328523 ] ], [ [ 110.574182418241818, -6.782853285328527 ], [ 110.574257425742573, -6.782778277827776 ], [ 110.574257425742573, -6.78285328532853 ], [ 110.574182418241818, -6.782853285328527 ] ], [ [ 110.570657065706584, -6.782928292829289 ], [ 110.570732073207324, -6.782853285328538 ], [ 110.570732073207324, -6.782928292829274 ], [ 110.570657065706584, -6.782928292829289 ] ], [ [ 110.574182418241818, -6.783153315331529 ], [ 110.574257425742573, -6.783078307830782 ], [ 110.574257425742573, -6.783153315331524 ], [ 110.574182418241818, -6.783153315331529 ] ], [ [ 110.567731773177314, -6.783228322832283 ], [ 110.567806780678069, -6.783153315331524 ], [ 110.567806780678069, -6.783228322832282 ], [ 110.567731773177314, -6.783228322832283 ] ], [ [ 110.567956795679564, -6.783378337833787 ], [ 110.568256825682568, -6.783153315331529 ], [ 110.568406840684062, -6.783378337833776 ], [ 110.567956795679564, -6.783378337833787 ] ], [ [ 110.568481848184817, -6.783303330333033 ], [ 110.568556855685571, -6.783228322832279 ], [ 110.568556855685571, -6.78330333033304 ], [ 110.568481848184817, -6.783303330333033 ] ], [ [ 110.574107410741078, -6.78330333033304 ], [ 110.574182418241818, -6.783228322832286 ], [ 110.574182418241818, -6.783303330333032 ], [ 110.574107410741078, -6.78330333033304 ] ], [ [ 110.574032403240324, -6.783378337833784 ], [ 110.574107410741078, -6.78330333033304 ], [ 110.574107410741078, -6.783378337833784 ], [ 110.574032403240324, -6.783378337833784 ] ], [ [ 110.573957395739569, -6.783528352835276 ], [ 110.574032403240324, -6.783453345334527 ], [ 110.574032403240324, -6.783528352835279 ], [ 110.573957395739569, -6.783528352835276 ] ], [ [ 110.57365736573658, -6.783753375337536 ], [ 110.57373237323732, -6.783678367836781 ], [ 110.57373237323732, -6.783753375337538 ], [ 110.57365736573658, -6.783753375337536 ] ], [ [ 110.573807380738074, -6.783753375337535 ], [ 110.573882388238829, -6.783678367836777 ], [ 110.573882388238829, -6.783753375337532 ], [ 110.573807380738074, -6.783753375337535 ] ], [ [ 110.57373237323732, -6.783903390339034 ], [ 110.573807380738074, -6.78382838283829 ], [ 110.573807380738074, -6.78390339033903 ], [ 110.57373237323732, -6.783903390339034 ] ], [ [ 110.572982298229817, -6.784578457845787 ], [ 110.573282328232835, -6.784353435343535 ], [ 110.573282328232835, -6.785103510351037 ], [ 110.572757275727568, -6.784728472847283 ], [ 110.572982298229817, -6.784578457845787 ] ], [ [ 110.57365736573658, -6.783978397839784 ], [ 110.57373237323732, -6.783903390339034 ], [ 110.57373237323732, -6.783978397839774 ], [ 110.57365736573658, -6.783978397839784 ] ], [ [ 110.573357335733576, -6.784053405340526 ], [ 110.57343234323433, -6.783978397839789 ], [ 110.57343234323433, -6.78405340534054 ], [ 110.573357335733576, -6.784053405340526 ] ], [ [ 110.57343234323433, -6.784128412841278 ], [ 110.573507350735071, -6.784053405340533 ], [ 110.573507350735071, -6.784128412841279 ], [ 110.57343234323433, -6.784128412841278 ] ], [ [ 110.573282328232835, -6.784278427842778 ], [ 110.573357335733576, -6.784128412841291 ], [ 110.573357335733576, -6.784278427842787 ], [ 110.573282328232835, -6.784278427842778 ] ], [ [ 110.572457245724578, -6.78442844284428 ], [ 110.572532253225319, -6.784353435343527 ], [ 110.572532253225319, -6.784428442844288 ], [ 110.572457245724578, -6.78442844284428 ] ], [ [ 110.572682268226828, -6.784653465346538 ], [ 110.572757275727568, -6.784578457845785 ], [ 110.572757275727568, -6.78465346534654 ], [ 110.572682268226828, -6.784653465346538 ] ], [ [ 110.566531653165313, -6.785028502850289 ], [ 110.566756675667563, -6.784878487848779 ], [ 110.566906690669072, -6.785028502850285 ], [ 110.566531653165313, -6.785028502850289 ] ], [ [ 110.583333333333329, -6.787278727872785 ], [ 110.584383438343835, -6.786828682868282 ], [ 110.583633363336332, -6.787803780378032 ], [ 110.583333333333329, -6.787278727872785 ] ], [ [ 110.569756975697572, -6.787053705370529 ], [ 110.569906990699067, -6.787128712871286 ], [ 110.569756975697572, -6.787203720372032 ], [ 110.569756975697572, -6.787053705370529 ] ], [ [ 110.569681968196818, -6.787278727872787 ], [ 110.569756975697572, -6.787203720372032 ], [ 110.569756975697572, -6.787278727872787 ], [ 110.569681968196818, -6.787278727872787 ] ], [ [ 110.570057005700576, -6.787278727872788 ], [ 110.570207020702071, -6.787353735373539 ], [ 110.570057005700576, -6.787428742874283 ], [ 110.570057005700576, -6.787278727872788 ] ], [ [ 110.575532553255329, -6.787803780378032 ], [ 110.575982598259827, -6.787653765376544 ], [ 110.575532553255329, -6.788028802880285 ], [ 110.575532553255329, -6.787803780378032 ] ], [ [ 110.569756975697572, -6.787653765376532 ], [ 110.570057005700576, -6.787653765376538 ], [ 110.569756975697572, -6.787953795379544 ], [ 110.569756975697572, -6.787653765376532 ] ], [ [ 110.569831983198327, -6.788103810381041 ], [ 110.570357035703566, -6.787878787878781 ], [ 110.570132013201317, -6.788328832883292 ], [ 110.569831983198327, -6.788103810381041 ] ], [ [ 110.569681968196818, -6.788103810381034 ], [ 110.569756975697572, -6.787953795379544 ], [ 110.569756975697572, -6.788103810381032 ], [ 110.569681968196818, -6.788103810381034 ] ], [ [ 110.575457545754574, -6.788178817881781 ], [ 110.575532553255329, -6.788028802880285 ], [ 110.575532553255329, -6.788178817881787 ], [ 110.575457545754574, -6.788178817881781 ] ], [ [ 110.569456945694569, -6.788628862886284 ], [ 110.569681968196818, -6.788328832883286 ], [ 110.569606960696063, -6.78877887788779 ], [ 110.569456945694569, -6.788628862886284 ] ], [ [ 110.565331533153312, -6.788478847884787 ], [ 110.565481548154821, -6.78832883288328 ], [ 110.565406540654067, -6.788478847884793 ], [ 110.565331533153312, -6.788478847884787 ] ], [ [ 110.569906990699067, -6.788853885388534 ], [ 110.570807080708065, -6.788703870387033 ], [ 110.570882088208819, -6.789078907890784 ], [ 110.569906990699067, -6.788853885388534 ] ], [ [ 110.571032103210328, -6.788853885388531 ], [ 110.57515751575157, -6.789978997899787 ], [ 110.575682568256823, -6.790354035403542 ], [ 110.576357635763571, -6.792304230423036 ], [ 110.578982898289823, -6.792754275427543 ], [ 110.576657665766575, -6.792904290429035 ], [ 110.575532553255329, -6.790804080408039 ], [ 110.571032103210328, -6.788853885388531 ] ], [ [ 110.565856585658565, -6.791854185418547 ], [ 110.567731773177314, -6.789453945394534 ], [ 110.566381638163818, -6.79155415541554 ], [ 110.566456645664573, -6.7917791779178 ], [ 110.565856585658565, -6.791854185418547 ] ], [ [ 110.570357035703566, -6.789978997899795 ], [ 110.571182118211823, -6.789453945394541 ], [ 110.571632163216336, -6.789753975397534 ], [ 110.570357035703566, -6.789978997899795 ] ], [ [ 110.582133213321328, -6.789678967896794 ], [ 110.582208220822096, -6.789603960396044 ], [ 110.582208220822096, -6.789678967896784 ], [ 110.582133213321328, -6.789678967896794 ] ], [ [ 110.571707170717076, -6.789828982898286 ], [ 110.571782178217816, -6.789678967896791 ], [ 110.571782178217816, -6.789828982898293 ], [ 110.571707170717076, -6.789828982898286 ] ], [ [ 110.582208220822096, -6.789753975397544 ], [ 110.582283228322837, -6.789678967896793 ], [ 110.582283228322837, -6.789753975397546 ], [ 110.582208220822096, -6.789753975397544 ] ], [ [ 110.571857185718571, -6.789753975397539 ], [ 110.575307530753079, -6.790954095409547 ], [ 110.575757575757578, -6.792304230423039 ], [ 110.575232523252325, -6.792229222922298 ], [ 110.574107410741078, -6.791179117911789 ], [ 110.571857185718571, -6.789753975397539 ] ], [ [ 110.582358235823577, -6.789828982898288 ], [ 110.582433243324331, -6.789753975397547 ], [ 110.582433243324331, -6.789828982898292 ], [ 110.582358235823577, -6.789828982898288 ] ], [ [ 110.570132013201317, -6.789978997899793 ], [ 110.570282028202826, -6.789903990399042 ], [ 110.570282028202826, -6.789978997899791 ], [ 110.570132013201317, -6.789978997899793 ] ], [ [ 110.564506450645069, -6.791029102910297 ], [ 110.56458145814581, -6.790954095409534 ], [ 110.56458145814581, -6.791029102910289 ], [ 110.564506450645069, -6.791029102910297 ] ], [ [ 110.56458145814581, -6.791104110411046 ], [ 110.564731473147319, -6.79102910291029 ], [ 110.564731473147319, -6.791104110411044 ], [ 110.56458145814581, -6.791104110411046 ] ], [ [ 110.565031503150323, -6.791254125412535 ], [ 110.565106510651063, -6.791179117911793 ], [ 110.565106510651063, -6.791254125412532 ], [ 110.565031503150323, -6.791254125412535 ] ], [ [ 110.564956495649568, -6.791329132913291 ], [ 110.565031503150323, -6.791254125412535 ], [ 110.565031503150323, -6.791329132913294 ], [ 110.564956495649568, -6.791329132913291 ] ], [ [ 110.565556555655562, -6.791479147914787 ], [ 110.565631563156316, -6.791404140414047 ], [ 110.565631563156316, -6.791479147914784 ], [ 110.565556555655562, -6.791479147914787 ] ], [ [ 110.565706570657085, -6.791554155415533 ], [ 110.565781578157811, -6.791479147914785 ], [ 110.565781578157811, -6.791554155415536 ], [ 110.565706570657085, -6.791554155415533 ] ], [ [ 110.563981398139816, -6.791704170417045 ], [ 110.564056405640585, -6.791554155415537 ], [ 110.564056405640585, -6.791704170417038 ], [ 110.563981398139816, -6.791704170417045 ] ], [ [ 110.566456645664573, -6.791629162916297 ], [ 110.566531653165313, -6.791554155415535 ], [ 110.566531653165313, -6.79162916291629 ], [ 110.566456645664573, -6.791629162916297 ] ], [ [ 110.574482448244822, -6.791704170417037 ], [ 110.574557455745577, -6.791629162916285 ], [ 110.574557455745577, -6.791704170417043 ], [ 110.574482448244822, -6.791704170417037 ] ], [ [ 110.563831383138307, -6.791779177917789 ], [ 110.563981398139816, -6.791854185418537 ], [ 110.563831383138307, -6.7919291929193 ], [ 110.563831383138307, -6.791779177917789 ] ], [ [ 110.575532553255329, -6.792454245424539 ], [ 110.575607560756069, -6.792379237923788 ], [ 110.575607560756069, -6.792454245424537 ], [ 110.575532553255329, -6.792454245424539 ] ], [ [ 110.567056705670566, -6.792754275427546 ], [ 110.567131713171321, -6.792679267926793 ], [ 110.567131713171321, -6.792754275427545 ], [ 110.567056705670566, -6.792754275427546 ] ], [ [ 110.566831683168317, -6.792829282928286 ], [ 110.567131713171321, -6.792979297929786 ], [ 110.566831683168317, -6.792904290429044 ], [ 110.566831683168317, -6.792829282928286 ] ], [ [ 110.566831683168317, -6.793129312931297 ], [ 110.566906690669072, -6.793054305430536 ], [ 110.566906690669072, -6.793129312931296 ], [ 110.566831683168317, -6.793129312931297 ] ], [ [ 110.567131713171321, -6.793129312931291 ], [ 110.567206720672061, -6.793054305430549 ], [ 110.567206720672061, -6.793129312931297 ], [ 110.567131713171321, -6.793129312931291 ] ], [ [ 110.566981698169812, -6.793204320432041 ], [ 110.567056705670566, -6.7931293129313 ], [ 110.567056705670566, -6.793204320432036 ], [ 110.566981698169812, -6.793204320432041 ] ], [ [ 110.566906690669072, -6.793279327932797 ], [ 110.566981698169812, -6.793204320432041 ], [ 110.566981698169812, -6.793279327932796 ], [ 110.566906690669072, -6.793279327932797 ] ], [ [ 110.566531653165313, -6.793429342934298 ], [ 110.566981698169812, -6.793429342934289 ], [ 110.566606660666068, -6.793729372937293 ], [ 110.566531653165313, -6.793429342934298 ] ], [ [ 110.581758175817583, -6.79350435043504 ], [ 110.581833183318338, -6.79335433543355 ], [ 110.581833183318338, -6.793504350435044 ], [ 110.581758175817583, -6.79350435043504 ] ], [ [ 110.573207320732067, -6.793429342934291 ], [ 110.57365736573658, -6.793954395439537 ], [ 110.572982298229817, -6.794254425442538 ], [ 110.572607260726073, -6.795229522952287 ], [ 110.573207320732067, -6.793429342934291 ] ], [ [ 110.581383138313825, -6.793504350435038 ], [ 110.58145814581458, -6.793429342934293 ], [ 110.58145814581458, -6.79350435043504 ], [ 110.581383138313825, -6.793504350435038 ] ], [ [ 110.574407440744068, -6.793579357935799 ], [ 110.574707470747072, -6.793879387938786 ], [ 110.574332433243328, -6.793954395439546 ], [ 110.574407440744068, -6.793579357935799 ] ], [ [ 110.573582358235825, -6.793654365436546 ], [ 110.57365736573658, -6.793579357935801 ], [ 110.57365736573658, -6.793654365436541 ], [ 110.573582358235825, -6.793654365436546 ] ], [ [ 110.566531653165313, -6.793729372937301 ], [ 110.566531653165313, -6.794704470447045 ], [ 110.565331533153312, -6.7961296129613 ], [ 110.566306630663064, -6.796729672967295 ], [ 110.56758175817582, -6.795004500450054 ], [ 110.568031803180318, -6.796729672967295 ], [ 110.569156915691565, -6.795304530453053 ], [ 110.569081908190824, -6.796804680468043 ], [ 110.570132013201317, -6.796279627962793 ], [ 110.569756975697572, -6.796579657965804 ], [ 110.569531953195323, -6.797479747974794 ], [ 110.569681968196818, -6.79822982298229 ], [ 110.566906690669072, -6.797629762976304 ], [ 110.568106810681073, -6.797179717971795 ], [ 110.566081608160815, -6.797104710471055 ], [ 110.56458145814581, -6.795604560456037 ], [ 110.565256525652572, -6.795754575457543 ], [ 110.566531653165313, -6.793729372937301 ] ], [ [ 110.566231623162309, -6.79395439543954 ], [ 110.566306630663064, -6.793879387938788 ], [ 110.566306630663064, -6.793954395439539 ], [ 110.566231623162309, -6.79395439543954 ] ], [ [ 110.566156615661569, -6.79402940294029 ], [ 110.566231623162309, -6.79395439543954 ], [ 110.566231623162309, -6.794029402940295 ], [ 110.566156615661569, -6.79402940294029 ] ], [ [ 110.57373237323732, -6.794104410441046 ], [ 110.573807380738074, -6.794029402940292 ], [ 110.573807380738074, -6.794104410441044 ], [ 110.57373237323732, -6.794104410441046 ] ], [ [ 110.57365736573658, -6.794179417941789 ], [ 110.57373237323732, -6.794104410441046 ], [ 110.57373237323732, -6.794179417941798 ], [ 110.57365736573658, -6.794179417941789 ] ], [ [ 110.573132313231326, -6.79440444044405 ], [ 110.573357335733576, -6.79432943294329 ], [ 110.573282328232835, -6.794479447944795 ], [ 110.573132313231326, -6.79440444044405 ] ], [ [ 110.573957395739569, -6.794479447944797 ], [ 110.574032403240324, -6.794254425442547 ], [ 110.574032403240324, -6.7944794479448 ], [ 110.573957395739569, -6.794479447944797 ] ], [ [ 110.573282328232835, -6.794629462946287 ], [ 110.573507350735071, -6.794554455445539 ], [ 110.573282328232835, -6.794779477947797 ], [ 110.573282328232835, -6.794629462946287 ] ], [ [ 110.573882388238829, -6.794554455445549 ], [ 110.573957395739569, -6.794479447944797 ], [ 110.573957395739569, -6.794554455445548 ], [ 110.573882388238829, -6.794554455445549 ] ], [ [ 110.573132313231326, -6.7949294929493 ], [ 110.573282328232835, -6.794779477947797 ], [ 110.573282328232835, -6.794929492949297 ], [ 110.573132313231326, -6.7949294929493 ] ], [ [ 110.574482448244822, -6.794929492949292 ], [ 110.574557455745577, -6.794854485448539 ], [ 110.574557455745577, -6.794929492949299 ], [ 110.574482448244822, -6.794929492949292 ] ], [ [ 110.563681368136812, -6.795154515451553 ], [ 110.563756375637567, -6.795004500450053 ], [ 110.563906390639062, -6.795154515451543 ], [ 110.563681368136812, -6.795154515451553 ] ], [ [ 110.565031503150323, -6.795229522952296 ], [ 110.565106510651063, -6.795079507950791 ], [ 110.565106510651063, -6.795229522952301 ], [ 110.565031503150323, -6.795229522952296 ] ], [ [ 110.563906390639062, -6.795229522952302 ], [ 110.564056405640585, -6.795154515451542 ], [ 110.564056405640585, -6.795229522952297 ], [ 110.563906390639062, -6.795229522952302 ] ], [ [ 110.56428142814282, -6.795229522952288 ], [ 110.564431443144315, -6.795154515451541 ], [ 110.564431443144315, -6.795229522952292 ], [ 110.56428142814282, -6.795229522952288 ] ], [ [ 110.581533153315334, -6.797329732973289 ], [ 110.582358235823577, -6.79530453045304 ], [ 110.582583258325826, -6.795829582958304 ], [ 110.581533153315334, -6.797329732973289 ] ], [ [ 110.563606360636058, -6.795454545454543 ], [ 110.563756375637567, -6.795304530453047 ], [ 110.564431443144315, -6.795754575457538 ], [ 110.563606360636058, -6.795454545454543 ] ], [ [ 110.564056405640585, -6.795304530453039 ], [ 110.564206420642066, -6.795229522952304 ], [ 110.564206420642066, -6.795304530453041 ], [ 110.564056405640585, -6.795304530453039 ] ], [ [ 110.564956495649568, -6.795304530453047 ], [ 110.565031503150323, -6.795229522952296 ], [ 110.565031503150323, -6.795304530453046 ], [ 110.564956495649568, -6.795304530453047 ] ], [ [ 110.573807380738074, -6.795379537953798 ], [ 110.573882388238829, -6.795229522952296 ], [ 110.573882388238829, -6.795379537953795 ], [ 110.573807380738074, -6.795379537953798 ] ], [ [ 110.563156315631559, -6.79537953795379 ], [ 110.563306330633068, -6.79530453045304 ], [ 110.563306330633068, -6.795379537953801 ], [ 110.563156315631559, -6.79537953795379 ] ], [ [ 110.564206420642066, -6.795379537953802 ], [ 110.564356435643575, -6.795304530453053 ], [ 110.564356435643575, -6.79537953795379 ], [ 110.564206420642066, -6.795379537953802 ] ], [ [ 110.568931893189315, -6.795454545454549 ], [ 110.569006900690084, -6.795304530453046 ], [ 110.569006900690084, -6.79545454545455 ], [ 110.568931893189315, -6.795454545454549 ] ], [ [ 110.564356435643575, -6.795454545454538 ], [ 110.564431443144315, -6.795379537953796 ], [ 110.564431443144315, -6.795454545454547 ], [ 110.564356435643575, -6.795454545454538 ] ], [ [ 110.564881488148814, -6.795454545454553 ], [ 110.564956495649568, -6.795379537953798 ], [ 110.564956495649568, -6.795454545454552 ], [ 110.564881488148814, -6.795454545454553 ] ], [ [ 110.564506450645069, -6.795529552955295 ], [ 110.56458145814581, -6.795454545454546 ], [ 110.56458145814581, -6.795529552955298 ], [ 110.564506450645069, -6.795529552955295 ] ], [ [ 110.568856885688575, -6.795529552955299 ], [ 110.568931893189315, -6.795454545454549 ], [ 110.568931893189315, -6.795529552955286 ], [ 110.568856885688575, -6.795529552955299 ] ], [ [ 110.563081308130833, -6.795679567956797 ], [ 110.563231323132314, -6.795529552955293 ], [ 110.563306330633068, -6.795679567956793 ], [ 110.563081308130833, -6.795679567956797 ] ], [ [ 110.56293129312931, -6.795754575457549 ], [ 110.563081308130833, -6.795679567956797 ], [ 110.563156315631559, -6.795904590459048 ], [ 110.56293129312931, -6.795754575457549 ] ], [ [ 110.564731473147319, -6.796129612961294 ], [ 110.564656465646564, -6.795754575457546 ], [ 110.565031503150323, -6.796204620462054 ], [ 110.564731473147319, -6.796129612961294 ] ], [ [ 110.575682568256823, -6.795829582958301 ], [ 110.575757575757578, -6.795754575457551 ], [ 110.575757575757578, -6.795829582958304 ], [ 110.575682568256823, -6.795829582958301 ] ], [ [ 110.563981398139816, -6.795904590459044 ], [ 110.564056405640585, -6.795829582958289 ], [ 110.564056405640585, -6.79590459045904 ], [ 110.563981398139816, -6.795904590459044 ] ], [ [ 110.575457545754574, -6.796054605460539 ], [ 110.575607560756069, -6.79582958295829 ], [ 110.575682568256823, -6.796129612961295 ], [ 110.575457545754574, -6.796054605460539 ] ], [ [ 110.575757575757578, -6.795904590459044 ], [ 110.575832583258332, -6.795829582958302 ], [ 110.575832583258332, -6.795904590459044 ], [ 110.575757575757578, -6.795904590459044 ] ], [ [ 110.575682568256823, -6.795979597959795 ], [ 110.575757575757578, -6.795904590459044 ], [ 110.575757575757578, -6.79597959795979 ], [ 110.575682568256823, -6.795979597959795 ] ], [ [ 110.575907590759073, -6.796204620462048 ], [ 110.57673267326733, -6.796429642964301 ], [ 110.57650765076508, -6.797104710471051 ], [ 110.575232523252325, -6.796729672967304 ], [ 110.575907590759073, -6.796204620462048 ] ], [ [ 110.565406540654067, -6.796129612961301 ], [ 110.565481548154821, -6.796054605460542 ], [ 110.565481548154821, -6.796129612961295 ], [ 110.565406540654067, -6.796129612961301 ] ], [ [ 110.569456945694569, -6.796129612961293 ], [ 110.569531953195323, -6.796054605460547 ], [ 110.569531953195323, -6.796129612961294 ], [ 110.569456945694569, -6.796129612961293 ] ], [ [ 110.569606960696063, -6.79620462046204 ], [ 110.569681968196818, -6.796054605460551 ], [ 110.569681968196818, -6.796204620462041 ], [ 110.569606960696063, -6.79620462046204 ] ], [ [ 110.569381938193814, -6.796279627962804 ], [ 110.569456945694569, -6.796204620462047 ], [ 110.569456945694569, -6.796279627962791 ], [ 110.569381938193814, -6.796279627962804 ] ], [ [ 110.569531953195323, -6.796354635463552 ], [ 110.569606960696063, -6.79620462046204 ], [ 110.569606960696063, -6.796354635463556 ], [ 110.569531953195323, -6.796354635463552 ] ], [ [ 110.57538253825382, -6.796354635463554 ], [ 110.575457545754574, -6.796279627962791 ], [ 110.575457545754574, -6.796354635463548 ], [ 110.57538253825382, -6.796354635463554 ] ], [ [ 110.57673267326733, -6.796429642964301 ], [ 110.57680768076807, -6.796279627962798 ], [ 110.57680768076807, -6.796429642964295 ], [ 110.57673267326733, -6.796429642964301 ] ], [ [ 110.562106210621067, -6.796654665466551 ], [ 110.562331233123317, -6.796429642964303 ], [ 110.562256225622562, -6.796654665466541 ], [ 110.562106210621067, -6.796654665466551 ] ], [ [ 110.570657065706584, -6.796654665466548 ], [ 110.571032103210328, -6.79665466546654 ], [ 110.570732073207324, -6.796954695469552 ], [ 110.570657065706584, -6.796654665466548 ] ], [ [ 110.57680768076807, -6.796504650465053 ], [ 110.576882688268824, -6.796429642964298 ], [ 110.576882688268824, -6.796504650465041 ], [ 110.57680768076807, -6.796504650465053 ] ], [ [ 110.563231323132314, -6.79657965796579 ], [ 110.563306330633068, -6.796504650465045 ], [ 110.563306330633068, -6.796579657965792 ], [ 110.563231323132314, -6.79657965796579 ] ], [ [ 110.569231923192319, -6.796579657965795 ], [ 110.569306930693074, -6.796504650465052 ], [ 110.569306930693074, -6.796579657965789 ], [ 110.569231923192319, -6.796579657965795 ] ], [ [ 110.562406240624057, -6.796654665466549 ], [ 110.562481248124811, -6.796579657965791 ], [ 110.562481248124811, -6.796654665466549 ], [ 110.562406240624057, -6.796654665466549 ] ], [ [ 110.563156315631559, -6.796654665466548 ], [ 110.563231323132314, -6.79657965796579 ], [ 110.563231323132314, -6.79665466546655 ], [ 110.563156315631559, -6.796654665466548 ] ], [ [ 110.562331233123317, -6.796729672967302 ], [ 110.562406240624057, -6.796654665466549 ], [ 110.562406240624057, -6.796729672967305 ], [ 110.562331233123317, -6.796729672967302 ] ], [ [ 110.569156915691565, -6.79672967296729 ], [ 110.569231923192319, -6.796654665466538 ], [ 110.569231923192319, -6.796729672967305 ], [ 110.569156915691565, -6.79672967296729 ] ], [ [ 110.571182118211823, -6.797029702970299 ], [ 110.571932193219325, -6.79680468046805 ], [ 110.571707170717076, -6.797179717971797 ], [ 110.571182118211823, -6.797029702970299 ] ], [ [ 110.578757875787574, -6.798604860486043 ], [ 110.579657965796585, -6.797029702970295 ], [ 110.579432943294336, -6.798379837983791 ], [ 110.578757875787574, -6.798604860486043 ] ], [ [ 110.562256225622562, -6.7968796879688 ], [ 110.562331233123317, -6.796729672967302 ], [ 110.562331233123317, -6.796879687968794 ], [ 110.562256225622562, -6.7968796879688 ] ], [ [ 110.569831983198327, -6.796804680468043 ], [ 110.569906990699067, -6.796729672967301 ], [ 110.569906990699067, -6.796804680468049 ], [ 110.569831983198327, -6.796804680468043 ] ], [ [ 110.562031203120313, -6.796879687968798 ], [ 110.562106210621067, -6.79680468046804 ], [ 110.562106210621067, -6.796879687968801 ], [ 110.562031203120313, -6.796879687968798 ] ], [ [ 110.565256525652572, -6.797029702970301 ], [ 110.565406540654067, -6.796804680468038 ], [ 110.565556555655562, -6.79710471047104 ], [ 110.565256525652572, -6.797029702970301 ] ], [ [ 110.57208220822082, -6.796954695469538 ], [ 110.572307230723084, -6.796804680468051 ], [ 110.572232223222329, -6.797029702970299 ], [ 110.57208220822082, -6.796954695469538 ] ], [ [ 110.561956195619558, -6.796954695469549 ], [ 110.562031203120313, -6.796879687968798 ], [ 110.562031203120313, -6.796954695469553 ], [ 110.561956195619558, -6.796954695469549 ] ], [ [ 110.562106210621067, -6.797104710471051 ], [ 110.562181218121808, -6.79695469546954 ], [ 110.562181218121808, -6.797104710471041 ], [ 110.562106210621067, -6.797104710471051 ] ], [ [ 110.576657665766575, -6.797179717971803 ], [ 110.576882688268824, -6.797104710471054 ], [ 110.576882688268824, -6.797254725472541 ], [ 110.576657665766575, -6.797179717971803 ] ], [ [ 110.578832883288328, -6.797329732973305 ], [ 110.578907890789097, -6.797254725472542 ], [ 110.578907890789097, -6.797329732973299 ], [ 110.578832883288328, -6.797329732973305 ] ], [ [ 110.566156615661569, -6.797479747974803 ], [ 110.566231623162309, -6.797404740474042 ], [ 110.566231623162309, -6.797479747974794 ], [ 110.566156615661569, -6.797479747974803 ] ], [ [ 110.566231623162309, -6.797554755475553 ], [ 110.566456645664573, -6.797404740474051 ], [ 110.566456645664573, -6.797554755475545 ], [ 110.566231623162309, -6.797554755475553 ] ], [ [ 110.566531653165313, -6.797629762976293 ], [ 110.566606660666068, -6.797479747974792 ], [ 110.566606660666068, -6.797629762976291 ], [ 110.566531653165313, -6.797629762976293 ] ], [ [ 110.579507950795076, -6.79860486048604 ], [ 110.580108010801084, -6.797779777977802 ], [ 110.579582958295845, -6.798829882988294 ], [ 110.579507950795076, -6.79860486048604 ] ], [ [ 110.578757875787574, -6.797629762976293 ], [ 110.578832883288328, -6.797554755475547 ], [ 110.578832883288328, -6.797629762976293 ], [ 110.578757875787574, -6.797629762976293 ] ], [ [ 110.566831683168317, -6.797779777977794 ], [ 110.566906690669072, -6.797704770477043 ], [ 110.566906690669072, -6.797779777977805 ], [ 110.566831683168317, -6.797779777977794 ] ], [ [ 110.578682868286833, -6.7979297929793 ], [ 110.578757875787574, -6.797704770477048 ], [ 110.578757875787574, -6.797929792979304 ], [ 110.578682868286833, -6.7979297929793 ] ], [ [ 110.560156015601564, -6.798004800480055 ], [ 110.560381038103813, -6.797854785478546 ], [ 110.560306030603059, -6.798079807980797 ], [ 110.560156015601564, -6.798004800480055 ] ], [ [ 110.577857785778576, -6.798079807980802 ], [ 110.57815781578158, -6.797854785478546 ], [ 110.57815781578158, -6.798154815481545 ], [ 110.577857785778576, -6.798079807980802 ] ], [ [ 110.566756675667563, -6.798004800480045 ], [ 110.566831683168317, -6.797929792979296 ], [ 110.566831683168317, -6.798004800480056 ], [ 110.566756675667563, -6.798004800480045 ] ], [ [ 110.567656765676574, -6.798004800480042 ], [ 110.567731773177314, -6.797929792979291 ], [ 110.567731773177314, -6.798004800480048 ], [ 110.567656765676574, -6.798004800480042 ] ], [ [ 110.573807380738074, -6.798679867986801 ], [ 110.574782478247826, -6.798229822982297 ], [ 110.574407440744068, -6.798754875487549 ], [ 110.574707470747072, -6.79905490549054 ], [ 110.574182418241818, -6.798604860486049 ], [ 110.573807380738074, -6.798679867986801 ] ], [ [ 110.579957995799575, -6.799054905490551 ], [ 110.580633063306337, -6.798454845484542 ], [ 110.580033003300329, -6.799354935493554 ], [ 110.579957995799575, -6.799054905490551 ] ], [ [ 110.566681668166822, -6.798154815481547 ], [ 110.566756675667563, -6.798004800480045 ], [ 110.566756675667563, -6.798154815481542 ], [ 110.566681668166822, -6.798154815481547 ] ], [ [ 110.568706870687066, -6.798154815481553 ], [ 110.568781878187821, -6.798079807980798 ], [ 110.568781878187821, -6.798154815481542 ], [ 110.568706870687066, -6.798154815481553 ] ], [ [ 110.578232823282335, -6.798304830483047 ], [ 110.578307830783075, -6.798079807980792 ], [ 110.578307830783075, -6.798304830483041 ], [ 110.578232823282335, -6.798304830483047 ] ], [ [ 110.566606660666068, -6.798229822982295 ], [ 110.566681668166822, -6.798154815481547 ], [ 110.566681668166822, -6.798229822982302 ], [ 110.566606660666068, -6.798229822982295 ] ], [ [ 110.577857785778576, -6.798604860486043 ], [ 110.57815781578158, -6.798304830483057 ], [ 110.578082808280826, -6.798679867986805 ], [ 110.577857785778576, -6.798604860486043 ] ], [ [ 110.578382838283829, -6.798229822982297 ], [ 110.578457845784584, -6.798154815481544 ], [ 110.578457845784584, -6.798229822982303 ], [ 110.578382838283829, -6.798229822982297 ] ], [ [ 110.568856885688575, -6.798304830483057 ], [ 110.568931893189315, -6.798229822982305 ], [ 110.568931893189315, -6.798304830483057 ], [ 110.568856885688575, -6.798304830483057 ] ], [ [ 110.569081908190824, -6.798454845484553 ], [ 110.569156915691565, -6.798379837983794 ], [ 110.569156915691565, -6.798454845484551 ], [ 110.569081908190824, -6.798454845484553 ] ], [ [ 110.574782478247826, -6.7985298529853 ], [ 110.574857485748581, -6.798379837983804 ], [ 110.574857485748581, -6.798529852985292 ], [ 110.574782478247826, -6.7985298529853 ] ], [ [ 110.57815781578158, -6.798679867986807 ], [ 110.578382838283829, -6.7983798379838 ], [ 110.578307830783075, -6.798679867986791 ], [ 110.57815781578158, -6.798679867986807 ] ], [ [ 110.569231923192319, -6.798529852985298 ], [ 110.569306930693074, -6.798454845484543 ], [ 110.569306930693074, -6.798529852985303 ], [ 110.569231923192319, -6.798529852985298 ] ], [ [ 110.568106810681073, -6.798679867986806 ], [ 110.568181818181813, -6.798604860486041 ], [ 110.568181818181813, -6.798679867986796 ], [ 110.568106810681073, -6.798679867986806 ] ], [ [ 110.574707470747072, -6.798679867986801 ], [ 110.574782478247826, -6.798604860486054 ], [ 110.574782478247826, -6.7986798679868 ], [ 110.574707470747072, -6.798679867986801 ] ], [ [ 110.582358235823577, -6.798754875487548 ], [ 110.582433243324331, -6.79867986798679 ], [ 110.582433243324331, -6.798754875487557 ], [ 110.582358235823577, -6.798754875487548 ] ], [ [ 110.574032403240324, -6.798829882988306 ], [ 110.574107410741078, -6.798754875487552 ], [ 110.574107410741078, -6.798829882988302 ], [ 110.574032403240324, -6.798829882988306 ] ], [ [ 110.574632463246346, -6.798829882988308 ], [ 110.574707470747072, -6.798754875487546 ], [ 110.574707470747072, -6.798829882988294 ], [ 110.574632463246346, -6.798829882988308 ] ], [ [ 110.582133213321328, -6.799129912991307 ], [ 110.582208220822096, -6.799054905490552 ], [ 110.582208220822096, -6.799129912991301 ], [ 110.582133213321328, -6.799129912991307 ] ], [ [ 110.582058205820587, -6.799204920492054 ], [ 110.582133213321328, -6.799129912991307 ], [ 110.582133213321328, -6.799204920492052 ], [ 110.582058205820587, -6.799204920492054 ] ], [ [ 110.560906090609066, -6.799279927992799 ], [ 110.560981098109806, -6.799204920492048 ], [ 110.560981098109806, -6.799279927992805 ], [ 110.560906090609066, -6.799279927992799 ] ], [ [ 110.561131113111315, -6.799354935493547 ], [ 110.561206120612056, -6.799279927992798 ], [ 110.561206120612056, -6.799354935493543 ], [ 110.561131113111315, -6.799354935493547 ] ], [ [ 110.560981098109806, -6.799504950495039 ], [ 110.561056105610575, -6.799354935493555 ], [ 110.561056105610575, -6.79950495049505 ], [ 110.560981098109806, -6.799504950495039 ] ], [ [ 110.581833183318338, -6.79950495049505 ], [ 110.581908190819078, -6.799429942994293 ], [ 110.581908190819078, -6.799504950495044 ], [ 110.581833183318338, -6.79950495049505 ] ], [ [ 110.560306030603059, -6.800180018001797 ], [ 110.560681068106817, -6.799654965496548 ], [ 110.560531053105308, -6.800030003000304 ], [ 110.560306030603059, -6.800180018001797 ] ], [ [ 110.560681068106817, -6.799729972997305 ], [ 110.560906090609066, -6.799879987998798 ], [ 110.560681068106817, -6.800105010501057 ], [ 110.560681068106817, -6.799729972997305 ] ], [ [ 110.582058205820587, -6.799654965496552 ], [ 110.582133213321328, -6.799579957995801 ], [ 110.582133213321328, -6.799654965496544 ], [ 110.582058205820587, -6.799654965496552 ] ], [ [ 110.560006000600055, -6.800030003000294 ], [ 110.560306030603059, -6.799954995499546 ], [ 110.560081008100823, -6.800255025502547 ], [ 110.560006000600055, -6.800030003000294 ] ], [ [ 110.581983198319833, -6.799804980498057 ], [ 110.582058205820587, -6.799729972997306 ], [ 110.582058205820587, -6.799804980498047 ], [ 110.581983198319833, -6.799804980498057 ] ], [ [ 110.581908190819078, -6.799879987998797 ], [ 110.581983198319833, -6.799804980498057 ], [ 110.581983198319833, -6.799879987998795 ], [ 110.581908190819078, -6.799879987998797 ] ], [ [ 110.581833183318338, -6.800105010501052 ], [ 110.581908190819078, -6.800030003000301 ], [ 110.581908190819078, -6.800105010501044 ], [ 110.581833183318338, -6.800105010501052 ] ], [ [ 110.560456045604568, -6.800330033003302 ], [ 110.560681068106817, -6.800405040504047 ], [ 110.560456045604568, -6.800480048004796 ], [ 110.560456045604568, -6.800330033003302 ] ], [ [ 110.560231023102304, -6.800255025502545 ], [ 110.560306030603059, -6.800180018001797 ], [ 110.560306030603059, -6.800255025502546 ], [ 110.560231023102304, -6.800255025502545 ] ], [ [ 110.560231023102304, -6.800855085508545 ], [ 110.560381038103813, -6.800930093009297 ], [ 110.560231023102304, -6.800930093009295 ], [ 110.560231023102304, -6.800855085508545 ] ], [ [ 110.56128112811281, -6.801005100510046 ], [ 110.561431143114305, -6.801080108010809 ], [ 110.56128112811281, -6.801080108010792 ], [ 110.56128112811281, -6.801005100510046 ] ], [ [ 110.561431143114305, -6.801305130513045 ], [ 110.561656165616569, -6.801080108010793 ], [ 110.561581158115814, -6.801380138013807 ], [ 110.561431143114305, -6.801305130513045 ] ], [ [ 110.56150615061506, -6.801755175517546 ], [ 110.562031203120313, -6.801305130513058 ], [ 110.561581158115814, -6.801905190519044 ], [ 110.56150615061506, -6.801755175517546 ] ], [ [ 110.560831083108312, -6.801455145514546 ], [ 110.560906090609066, -6.801380138013809 ], [ 110.560906090609066, -6.801455145514558 ], [ 110.560831083108312, -6.801455145514546 ] ], [ [ 110.560531053105308, -6.802130213021293 ], [ 110.56128112811281, -6.801755175517559 ], [ 110.56128112811281, -6.802280228022807 ], [ 110.560531053105308, -6.802130213021293 ] ], [ [ 110.560981098109806, -6.8015301530153 ], [ 110.561056105610575, -6.801455145514545 ], [ 110.561056105610575, -6.801530153015307 ], [ 110.560981098109806, -6.8015301530153 ] ], [ [ 110.561056105610575, -6.801605160516055 ], [ 110.561131113111315, -6.801530153015296 ], [ 110.561131113111315, -6.801605160516057 ], [ 110.561056105610575, -6.801605160516055 ] ], [ [ 110.562106210621067, -6.802130213021293 ], [ 110.562331233123317, -6.801905190519054 ], [ 110.562331233123317, -6.801980198019807 ], [ 110.562106210621067, -6.802130213021293 ] ], [ [ 110.56150615061506, -6.801980198019807 ], [ 110.561581158115814, -6.801905190519044 ], [ 110.561581158115814, -6.801980198019796 ], [ 110.56150615061506, -6.801980198019807 ] ], [ [ 110.561656165616569, -6.802055205520554 ], [ 110.561731173117323, -6.801980198019809 ], [ 110.561731173117323, -6.802055205520555 ], [ 110.561656165616569, -6.802055205520554 ] ], [ [ 110.561806180618063, -6.802130213021297 ], [ 110.561881188118818, -6.80205520552055 ], [ 110.561881188118818, -6.802130213021305 ], [ 110.561806180618063, -6.802130213021297 ] ], [ [ 110.562331233123317, -6.802655265526544 ], [ 110.562706270627075, -6.802430243024309 ], [ 110.562481248124811, -6.802730273027306 ], [ 110.562331233123317, -6.802655265526544 ] ], [ [ 110.561881188118818, -6.802205220522047 ], [ 110.561956195619558, -6.802130213021297 ], [ 110.561956195619558, -6.802205220522049 ], [ 110.561881188118818, -6.802205220522047 ] ], [ [ 110.563006300630065, -6.802205220522059 ], [ 110.563081308130833, -6.802130213021294 ], [ 110.563081308130833, -6.80220522052205 ], [ 110.563006300630065, -6.802205220522059 ] ], [ [ 110.562031203120313, -6.802505250525053 ], [ 110.562256225622562, -6.802280228022793 ], [ 110.562106210621067, -6.802505250525058 ], [ 110.562031203120313, -6.802505250525053 ] ], [ [ 110.563081308130833, -6.802955295529555 ], [ 110.563756375637567, -6.803180318031808 ], [ 110.562031203120313, -6.803105310531044 ], [ 110.563081308130833, -6.802955295529555 ] ], [ [ 110.561431143114305, -6.802355235523551 ], [ 110.561656165616569, -6.802280228022807 ], [ 110.561656165616569, -6.802355235523547 ], [ 110.561431143114305, -6.802355235523551 ] ], [ [ 110.561806180618063, -6.802355235523559 ], [ 110.561881188118818, -6.802280228022796 ], [ 110.561881188118818, -6.802355235523549 ], [ 110.561806180618063, -6.802355235523559 ] ], [ [ 110.561356135613565, -6.802580258025809 ], [ 110.561881188118818, -6.802505250525055 ], [ 110.561881188118818, -6.802655265526548 ], [ 110.561356135613565, -6.802580258025809 ] ], [ [ 110.562556255625566, -6.802730273027297 ], [ 110.562706270627075, -6.802805280528048 ], [ 110.562556255625566, -6.802805280528051 ], [ 110.562556255625566, -6.802730273027297 ] ], [ [ 110.56428142814282, -6.802805280528061 ], [ 110.564356435643575, -6.802730273027304 ], [ 110.564356435643575, -6.802805280528051 ], [ 110.56428142814282, -6.802805280528061 ] ], [ [ 110.562031203120313, -6.8028802880288 ], [ 110.562106210621067, -6.802805280528052 ], [ 110.562106210621067, -6.802880288028804 ], [ 110.562031203120313, -6.8028802880288 ] ], [ [ 110.564131413141311, -6.802880288028804 ], [ 110.564206420642066, -6.802805280528045 ], [ 110.564206420642066, -6.802880288028808 ], [ 110.564131413141311, -6.802880288028804 ] ], [ [ 110.564431443144315, -6.802880288028807 ], [ 110.564506450645069, -6.802805280528051 ], [ 110.564506450645069, -6.802880288028802 ], [ 110.564431443144315, -6.802880288028807 ] ], [ [ 110.564431443144315, -6.803030303030295 ], [ 110.564506450645069, -6.802955295529556 ], [ 110.564506450645069, -6.803030303030303 ], [ 110.564431443144315, -6.803030303030295 ] ], [ [ 110.564731473147319, -6.803030303030296 ], [ 110.564806480648059, -6.802955295529546 ], [ 110.564806480648059, -6.803030303030295 ], [ 110.564731473147319, -6.803030303030296 ] ], [ [ 110.564656465646564, -6.803105310531055 ], [ 110.564731473147319, -6.803030303030296 ], [ 110.564731473147319, -6.803105310531045 ], [ 110.564656465646564, -6.803105310531055 ] ], [ [ 110.563906390639062, -6.803405340534049 ], [ 110.56428142814282, -6.803255325532549 ], [ 110.56428142814282, -6.80340534053405 ], [ 110.563906390639062, -6.803405340534049 ] ], [ [ 110.564356435643575, -6.803480348034804 ], [ 110.564731473147319, -6.803330333033307 ], [ 110.564731473147319, -6.803480348034803 ], [ 110.564356435643575, -6.803480348034804 ] ], [ [ 110.56458145814581, -6.803255325532554 ], [ 110.564656465646564, -6.803180318031805 ], [ 110.564656465646564, -6.803255325532559 ], [ 110.56458145814581, -6.803255325532554 ] ], [ [ 110.564356435643575, -6.80370537053706 ], [ 110.565031503150323, -6.803555355535546 ], [ 110.564956495649568, -6.803855385538554 ], [ 110.565106510651063, -6.804155415541551 ], [ 110.564356435643575, -6.80370537053706 ] ], [ [ 110.563981398139816, -6.803630363036297 ], [ 110.564056405640585, -6.803555355535556 ], [ 110.564056405640585, -6.803630363036304 ], [ 110.563981398139816, -6.803630363036297 ] ], [ [ 110.565556555655562, -6.803630363036295 ], [ 110.565631563156316, -6.803555355535545 ], [ 110.565631563156316, -6.803630363036302 ], [ 110.565556555655562, -6.803630363036295 ] ], [ [ 110.565481548154821, -6.803705370537054 ], [ 110.565556555655562, -6.803630363036295 ], [ 110.565556555655562, -6.803705370537053 ], [ 110.565481548154821, -6.803705370537054 ] ], [ [ 110.565331533153312, -6.804155415541551 ], [ 110.565406540654067, -6.803780378037809 ], [ 110.565406540654067, -6.804155415541549 ], [ 110.565331533153312, -6.804155415541551 ] ], [ [ 110.565406540654067, -6.803780378037809 ], [ 110.565481548154821, -6.803705370537054 ], [ 110.565481548154821, -6.803780378037799 ], [ 110.565406540654067, -6.803780378037809 ] ], [ [ 110.566006600660074, -6.803855385538555 ], [ 110.566081608160815, -6.803705370537055 ], [ 110.566081608160815, -6.803855385538556 ], [ 110.566006600660074, -6.803855385538555 ] ], [ [ 110.565481548154821, -6.8039303930393 ], [ 110.565631563156316, -6.803855385538557 ], [ 110.565631563156316, -6.803930393039301 ], [ 110.565481548154821, -6.8039303930393 ] ], [ [ 110.565781578157811, -6.80408040804081 ], [ 110.565856585658565, -6.804005400540047 ], [ 110.565856585658565, -6.804080408040796 ], [ 110.565781578157811, -6.80408040804081 ] ], [ [ 110.566531653165313, -6.80408040804081 ], [ 110.566606660666068, -6.804005400540047 ], [ 110.566606660666068, -6.804080408040809 ], [ 110.566531653165313, -6.80408040804081 ] ], [ [ 110.566156615661569, -6.804155415541557 ], [ 110.566381638163818, -6.8040804080408 ], [ 110.566381638163818, -6.804155415541558 ], [ 110.566156615661569, -6.804155415541557 ] ], [ [ 110.566456645664573, -6.804155415541553 ], [ 110.566531653165313, -6.80408040804081 ], [ 110.566531653165313, -6.804155415541557 ], [ 110.566456645664573, -6.804155415541553 ] ], [ [ 110.565781578157811, -6.80460546054606 ], [ 110.566156615661569, -6.804755475547553 ], [ 110.566456645664573, -6.805280528052801 ], [ 110.565781578157811, -6.80460546054606 ] ], [ [ 110.565556555655562, -6.804305430543061 ], [ 110.566231623162309, -6.804455445544546 ], [ 110.566531653165313, -6.804905490549053 ], [ 110.565556555655562, -6.804305430543061 ] ], [ [ 110.566381638163818, -6.804230423042307 ], [ 110.566456645664573, -6.804155415541553 ], [ 110.566456645664573, -6.804230423042304 ], [ 110.566381638163818, -6.804230423042307 ] ], [ [ 110.567056705670566, -6.804680468046809 ], [ 110.567356735673584, -6.804530453045301 ], [ 110.567206720672061, -6.804830483048304 ], [ 110.567056705670566, -6.804680468046809 ] ], [ [ 110.563006300630065, -6.8048304830483 ], [ 110.563606360636058, -6.804905490549046 ], [ 110.563981398139816, -6.805505550555052 ], [ 110.563006300630065, -6.8048304830483 ] ], [ [ 110.558805880588054, -6.80483048304831 ], [ 110.563831383138307, -6.807155715571555 ], [ 110.566006600660074, -6.809630963096311 ], [ 110.564431443144315, -6.808130813081308 ], [ 110.562481248124811, -6.807755775577554 ], [ 110.560081008100823, -6.805730573057299 ], [ 110.559105910591057, -6.805205520552049 ], [ 110.558505850585064, -6.805130513051296 ], [ 110.558805880588054, -6.80483048304831 ] ], [ [ 110.567056705670566, -6.804905490549049 ], [ 110.567131713171321, -6.804830483048305 ], [ 110.567131713171321, -6.804905490549054 ], [ 110.567056705670566, -6.804905490549049 ] ], [ [ 110.567281728172816, -6.804980498049803 ], [ 110.567356735673584, -6.804905490549054 ], [ 110.567356735673584, -6.804980498049811 ], [ 110.567281728172816, -6.804980498049803 ] ], [ [ 110.567356735673584, -6.805055505550555 ], [ 110.567431743174311, -6.804980498049813 ], [ 110.567431743174311, -6.805055505550557 ], [ 110.567356735673584, -6.805055505550555 ] ], [ [ 110.569756975697572, -6.807230723072303 ], [ 110.567506750675065, -6.80528052805281 ], [ 110.567806780678069, -6.805205520552054 ], [ 110.567731773177314, -6.8054305430543 ], [ 110.569756975697572, -6.807230723072303 ] ], [ [ 110.567431743174311, -6.80513051305131 ], [ 110.567506750675065, -6.805055505550555 ], [ 110.567506750675065, -6.805130513051309 ], [ 110.567431743174311, -6.80513051305131 ] ], [ [ 110.567881788178823, -6.805130513051299 ], [ 110.567956795679564, -6.805055505550562 ], [ 110.567956795679564, -6.805130513051298 ], [ 110.567881788178823, -6.805130513051299 ] ], [ [ 110.567506750675065, -6.805205520552048 ], [ 110.56758175817582, -6.805130513051301 ], [ 110.56758175817582, -6.805205520552057 ], [ 110.567506750675065, -6.805205520552048 ] ], [ [ 110.567806780678069, -6.805205520552054 ], [ 110.567881788178823, -6.805130513051299 ], [ 110.567881788178823, -6.805205520552058 ], [ 110.567806780678069, -6.805205520552054 ] ], [ [ 110.566456645664573, -6.805355535553561 ], [ 110.566531653165313, -6.80528052805281 ], [ 110.566531653165313, -6.805355535553555 ], [ 110.566456645664573, -6.805355535553561 ] ], [ [ 110.568106810681073, -6.805355535553553 ], [ 110.568256825682568, -6.805280528052808 ], [ 110.568256825682568, -6.805355535553559 ], [ 110.568106810681073, -6.805355535553553 ] ], [ [ 110.559105910591057, -6.805505550555053 ], [ 110.559180918091812, -6.805355535553558 ], [ 110.559180918091812, -6.805505550555058 ], [ 110.559105910591057, -6.805505550555053 ] ], [ [ 110.567881788178823, -6.805430543054299 ], [ 110.567956795679564, -6.805355535553557 ], [ 110.567956795679564, -6.805430543054298 ], [ 110.567881788178823, -6.805430543054299 ] ], [ [ 110.567956795679564, -6.80550555055506 ], [ 110.568031803180318, -6.805430543054307 ], [ 110.568031803180318, -6.805505550555053 ], [ 110.567956795679564, -6.80550555055506 ] ], [ [ 110.568106810681073, -6.805580558055807 ], [ 110.568181818181813, -6.805505550555054 ], [ 110.568181818181813, -6.805580558055804 ], [ 110.568106810681073, -6.805580558055807 ] ], [ [ 110.564056405640585, -6.805580558055803 ], [ 110.566531653165313, -6.807905790579061 ], [ 110.566381638163818, -6.808430843084301 ], [ 110.56458145814581, -6.806555655565548 ], [ 110.564056405640585, -6.805580558055803 ] ], [ [ 110.558505850585064, -6.806030603060303 ], [ 110.558805880588054, -6.80573057305731 ], [ 110.558655865586559, -6.806030603060308 ], [ 110.558505850585064, -6.806030603060303 ] ], [ [ 110.567056705670566, -6.806180618061813 ], [ 110.567131713171321, -6.806105610561059 ], [ 110.567131713171321, -6.806180618061809 ], [ 110.567056705670566, -6.806180618061813 ] ], [ [ 110.556405640564051, -6.807605760576054 ], [ 110.557230723072308, -6.807305730573054 ], [ 110.556480648064806, -6.807830783078312 ], [ 110.556405640564051, -6.807605760576054 ] ], [ [ 110.569381938193814, -6.807380738073804 ], [ 110.569456945694569, -6.807230723072313 ], [ 110.569531953195323, -6.807380738073809 ], [ 110.569381938193814, -6.807380738073804 ] ], [ [ 110.566456645664573, -6.808655865586559 ], [ 110.566531653165313, -6.8084308430843 ], [ 110.566606660666068, -6.808730873087306 ], [ 110.566456645664573, -6.808655865586559 ] ], [ [ 110.566906690669072, -6.809180918091816 ], [ 110.567881788178823, -6.809630963096309 ], [ 110.567806780678069, -6.809930993099315 ], [ 110.566906690669072, -6.809180918091816 ] ], [ [ 110.550855085508545, -6.810081008100804 ], [ 110.551905190519051, -6.80963096309631 ], [ 110.551005100510054, -6.810456045604554 ], [ 110.550855085508545, -6.810081008100804 ] ], [ [ 110.551905190519051, -6.809555955595565 ], [ 110.551980198019805, -6.809480948094803 ], [ 110.551980198019805, -6.809555955595554 ], [ 110.551905190519051, -6.809555955595565 ] ], [ [ 110.567806780678069, -6.810006000600062 ], [ 110.567881788178823, -6.809930993099314 ], [ 110.567881788178823, -6.810006000600061 ], [ 110.567806780678069, -6.810006000600062 ] ], [ [ 110.567956795679564, -6.810081008100815 ], [ 110.568031803180318, -6.810006000600067 ], [ 110.568031803180318, -6.810081008100802 ], [ 110.567956795679564, -6.810081008100815 ] ], [ [ 110.568031803180318, -6.81015601560156 ], [ 110.568106810681073, -6.810081008100811 ], [ 110.568106810681073, -6.810156015601568 ], [ 110.568031803180318, -6.81015601560156 ] ], [ [ 110.568106810681073, -6.810231023102314 ], [ 110.568181818181813, -6.810156015601561 ], [ 110.568181818181813, -6.810231023102307 ], [ 110.568106810681073, -6.810231023102314 ] ], [ [ 110.568181818181813, -6.810306030603055 ], [ 110.568331833183322, -6.810231023102318 ], [ 110.568331833183322, -6.810306030603066 ], [ 110.568181818181813, -6.810306030603055 ] ], [ [ 110.55070507050705, -6.810381038103811 ], [ 110.550855085508545, -6.810306030603056 ], [ 110.550855085508545, -6.810381038103817 ], [ 110.55070507050705, -6.810381038103811 ] ], [ [ 110.550930093009299, -6.810531053105308 ], [ 110.551005100510054, -6.810456045604554 ], [ 110.551005100510054, -6.810531053105315 ], [ 110.550930093009299, -6.810531053105308 ] ], [ [ 110.569156915691565, -6.81090609060906 ], [ 110.569156915691565, -6.810456045604562 ], [ 110.569456945694569, -6.810831083108305 ], [ 110.569156915691565, -6.81090609060906 ] ], [ [ 110.569906990699067, -6.811206120612053 ], [ 110.570282028202826, -6.810981098109809 ], [ 110.570282028202826, -6.811431143114315 ], [ 110.569906990699067, -6.811206120612053 ] ], [ [ 110.570282028202826, -6.811506150615065 ], [ 110.570357035703566, -6.811431143114304 ], [ 110.570357035703566, -6.811506150615068 ], [ 110.570282028202826, -6.811506150615065 ] ], [ [ 110.557230723072308, -6.812481248124815 ], [ 110.557530753075312, -6.812181218121819 ], [ 110.557755775577562, -6.812556255625567 ], [ 110.557230723072308, -6.812481248124815 ] ], [ [ 110.558430843084324, -6.813231323132319 ], [ 110.558505850585064, -6.813156315631557 ], [ 110.558505850585064, -6.813231323132316 ], [ 110.558430843084324, -6.813231323132319 ] ], [ [ 110.559180918091812, -6.814131413141314 ], [ 110.559480948094816, -6.813981398139813 ], [ 110.559555955595556, -6.814131413141308 ], [ 110.559180918091812, -6.814131413141314 ] ], [ [ 110.550405040504046, -6.814656465646559 ], [ 110.55070507050705, -6.814356435643564 ], [ 110.550930093009299, -6.81473147314732 ], [ 110.550405040504046, -6.814656465646559 ] ], [ [ 110.559930993099314, -6.814506450645072 ], [ 110.560006000600055, -6.814431443144316 ], [ 110.560006000600055, -6.814506450645062 ], [ 110.559930993099314, -6.814506450645072 ] ], [ [ 110.560006000600055, -6.814581458145815 ], [ 110.560081008100823, -6.814506450645067 ], [ 110.560081008100823, -6.814581458145813 ], [ 110.560006000600055, -6.814581458145815 ] ], [ [ 110.550555055505555, -6.814881488148816 ], [ 110.550780078007804, -6.814731473147306 ], [ 110.551005100510054, -6.814956495649564 ], [ 110.550555055505555, -6.814881488148816 ] ], [ [ 110.551080108010808, -6.815031503150312 ], [ 110.551230123012303, -6.814956495649566 ], [ 110.551230123012303, -6.815031503150308 ], [ 110.551080108010808, -6.815031503150312 ] ], [ [ 110.551230123012303, -6.815106510651072 ], [ 110.551305130513057, -6.815031503150315 ], [ 110.551305130513057, -6.815106510651073 ], [ 110.551230123012303, -6.815106510651072 ] ], [ [ 110.551680168016802, -6.815181518151813 ], [ 110.551830183018296, -6.815106510651061 ], [ 110.551830183018296, -6.815181518151813 ], [ 110.551680168016802, -6.815181518151813 ] ], [ [ 110.544254425442546, -6.822232223222318 ], [ 110.545154515451543, -6.821707170717073 ], [ 110.544179417941791, -6.82268226822683 ], [ 110.544254425442546, -6.822232223222318 ] ], [ [ 110.551755175517556, -6.821782178217815 ], [ 110.551905190519051, -6.821782178217815 ], [ 110.551680168016802, -6.821857185718563 ], [ 110.551755175517556, -6.821782178217815 ] ], [ [ 110.551605160516047, -6.822307230723068 ], [ 110.551755175517556, -6.822307230723078 ], [ 110.551005100510054, -6.822982298229817 ], [ 110.551605160516047, -6.822307230723068 ] ], [ [ 110.544779477947799, -6.822682268226819 ], [ 110.545154515451543, -6.822982298229828 ], [ 110.544854485448553, -6.823057305730577 ], [ 110.544779477947799, -6.822682268226819 ] ], [ [ 110.544104410441051, -6.82275727572758 ], [ 110.544179417941791, -6.82268226822683 ], [ 110.544179417941791, -6.822757275727564 ], [ 110.544104410441051, -6.82275727572758 ] ], [ [ 110.543654365436538, -6.823957395739573 ], [ 110.544104410441051, -6.823732373237329 ], [ 110.548079807980798, -6.825757575757573 ], [ 110.544854485448553, -6.82545754575458 ], [ 110.543654365436538, -6.823957395739573 ] ], [ [ 110.549804980498052, -6.824557455745573 ], [ 110.550930093009299, -6.823282328232827 ], [ 110.550630063006295, -6.823807380738074 ], [ 110.549804980498052, -6.824557455745573 ] ], [ [ 110.548679867986792, -6.824032403240316 ], [ 110.549429942994294, -6.823732373237326 ], [ 110.548679867986792, -6.824332433243323 ], [ 110.548679867986792, -6.824032403240316 ] ], [ [ 110.548679867986792, -6.824482448244821 ], [ 110.548829882988301, -6.824557455745579 ], [ 110.548679867986792, -6.824557455745568 ], [ 110.548679867986792, -6.824482448244821 ] ], [ [ 110.548904890489055, -6.824557455745571 ], [ 110.548979897989796, -6.824482448244817 ], [ 110.548979897989796, -6.824557455745574 ], [ 110.548904890489055, -6.824557455745571 ] ], [ [ 110.548829882988301, -6.824632463246328 ], [ 110.548904890489055, -6.824557455745571 ], [ 110.548904890489055, -6.824632463246317 ], [ 110.548829882988301, -6.824632463246328 ] ], [ [ 110.548004800480044, -6.825082508250826 ], [ 110.548379837983802, -6.82523252325233 ], [ 110.548004800480044, -6.825232523252335 ], [ 110.548004800480044, -6.825082508250826 ] ], [ [ 110.549654965496543, -6.824857485748579 ], [ 110.549729972997298, -6.824782478247825 ], [ 110.549729972997298, -6.824857485748574 ], [ 110.549654965496543, -6.824857485748579 ] ], [ [ 110.548379837983802, -6.824932493249318 ], [ 110.548454845484542, -6.824857485748574 ], [ 110.548454845484542, -6.824932493249331 ], [ 110.548379837983802, -6.824932493249318 ] ], [ [ 110.552505250525073, -6.82560756075607 ], [ 110.552580258025799, -6.825532553255328 ], [ 110.552580258025799, -6.825607560756077 ], [ 110.552505250525073, -6.82560756075607 ] ], [ [ 110.540729072907297, -6.826282628262835 ], [ 110.540804080408037, -6.826207620762069 ], [ 110.540804080408037, -6.826282628262823 ], [ 110.540729072907297, -6.826282628262835 ] ], [ [ 110.546729672967302, -6.827482748274835 ], [ 110.54740474047405, -6.82830783078307 ], [ 110.546654665466548, -6.828682868286824 ], [ 110.54627962796279, -6.830033003300339 ], [ 110.546729672967302, -6.827482748274835 ] ], [ [ 110.548829882988301, -6.827932793279336 ], [ 110.549204920492045, -6.827782778277831 ], [ 110.549354935493554, -6.828157815781585 ], [ 110.548829882988301, -6.827932793279336 ] ], [ [ 110.549729972997298, -6.828382838283823 ], [ 110.549954995499547, -6.828307830783078 ], [ 110.550030003000302, -6.828457845784583 ], [ 110.549729972997298, -6.828382838283823 ] ], [ [ 110.546804680468043, -6.828982898289831 ], [ 110.546879687968811, -6.828907890789074 ], [ 110.546879687968811, -6.828982898289821 ], [ 110.546804680468043, -6.828982898289831 ] ], [ [ 110.536978697869785, -6.829207920792071 ], [ 110.537128712871294, -6.828982898289827 ], [ 110.537128712871294, -6.829282928292833 ], [ 110.536978697869785, -6.829207920792071 ] ], [ [ 110.536753675367535, -6.829132913291323 ], [ 110.53682868286829, -6.82905790579058 ], [ 110.53682868286829, -6.829132913291335 ], [ 110.536753675367535, -6.829132913291323 ] ], [ [ 110.53682868286829, -6.829282928292828 ], [ 110.53690369036903, -6.829132913291336 ], [ 110.53690369036903, -6.829282928292833 ], [ 110.53682868286829, -6.829282928292828 ] ], [ [ 110.53690369036903, -6.829357935793588 ], [ 110.536978697869785, -6.829282928292824 ], [ 110.536978697869785, -6.82935793579358 ], [ 110.53690369036903, -6.829357935793588 ] ], [ [ 110.536978697869785, -6.829507950795072 ], [ 110.537053705370539, -6.829432943294338 ], [ 110.537053705370539, -6.829507950795088 ], [ 110.536978697869785, -6.829507950795072 ] ], [ [ 110.537128712871294, -6.829807980798088 ], [ 110.537203720372034, -6.829582958295835 ], [ 110.537278727872803, -6.829882988298835 ], [ 110.537128712871294, -6.829807980798088 ] ], [ [ 110.546579657965793, -6.829657965796585 ], [ 110.546654665466548, -6.829582958295829 ], [ 110.546654665466548, -6.829657965796577 ], [ 110.546579657965793, -6.829657965796585 ] ], [ [ 110.537353735373543, -6.829732973297324 ], [ 110.537428742874283, -6.829657965796574 ], [ 110.537428742874283, -6.829732973297324 ], [ 110.537353735373543, -6.829732973297324 ] ], [ [ 110.537278727872803, -6.830033003300333 ], [ 110.537353735373543, -6.829882988298835 ], [ 110.537353735373543, -6.830033003300334 ], [ 110.537278727872803, -6.830033003300333 ] ], [ [ 110.537428742874283, -6.829957995799588 ], [ 110.537503750375038, -6.829882988298829 ], [ 110.537503750375038, -6.829957995799577 ], [ 110.537428742874283, -6.829957995799588 ] ], [ [ 110.537353735373543, -6.830108010801073 ], [ 110.537428742874283, -6.830033003300322 ], [ 110.537428742874283, -6.830108010801079 ], [ 110.537353735373543, -6.830108010801073 ] ], [ [ 110.546204620462063, -6.830483048304838 ], [ 110.54627962796279, -6.830408040804087 ], [ 110.54627962796279, -6.830483048304825 ], [ 110.546204620462063, -6.830483048304838 ] ], [ [ 110.546129612961295, -6.83063306330633 ], [ 110.546204620462063, -6.830483048304838 ], [ 110.546204620462063, -6.830633063306336 ], [ 110.546129612961295, -6.83063306330633 ] ], [ [ 110.537578757875792, -6.831158115811584 ], [ 110.53825382538254, -6.831758175817572 ], [ 110.538178817881786, -6.832283228322831 ], [ 110.537578757875792, -6.831158115811584 ] ], [ [ 110.537803780378042, -6.830708070807081 ], [ 110.537878787878782, -6.830633063306326 ], [ 110.537878787878782, -6.830708070807084 ], [ 110.537803780378042, -6.830708070807081 ] ], [ [ 110.545679567956796, -6.831008100810079 ], [ 110.54605460546054, -6.831083108310825 ], [ 110.545529552955301, -6.831158115811579 ], [ 110.545679567956796, -6.831008100810079 ] ], [ [ 110.550930093009299, -6.831458145814583 ], [ 110.551380138013798, -6.831383138313829 ], [ 110.550930093009299, -6.831608160816077 ], [ 110.550930093009299, -6.831458145814583 ] ], [ [ 110.545604560456042, -6.831458145814585 ], [ 110.545829582958291, -6.831308130813079 ], [ 110.545754575457551, -6.831533153315323 ], [ 110.545604560456042, -6.831458145814585 ] ], [ [ 110.545829582958291, -6.831308130813079 ], [ 110.545904590459045, -6.831233123312333 ], [ 110.545904590459045, -6.831308130813089 ], [ 110.545829582958291, -6.831308130813079 ] ], [ [ 110.545679567956796, -6.83205820582058 ], [ 110.546504650465053, -6.831983198319834 ], [ 110.546354635463544, -6.832133213321328 ], [ 110.546729672967302, -6.832358235823587 ], [ 110.545679567956796, -6.83205820582058 ] ], [ [ 110.53825382538254, -6.832058205820574 ], [ 110.538328832883295, -6.831983198319836 ], [ 110.538328832883295, -6.832058205820587 ], [ 110.53825382538254, -6.832058205820574 ] ], [ [ 110.546579657965793, -6.832133213321331 ], [ 110.546729672967302, -6.832058205820579 ], [ 110.546729672967302, -6.832133213321327 ], [ 110.546579657965793, -6.832133213321331 ] ], [ [ 110.538328832883295, -6.832208220822089 ], [ 110.538403840384035, -6.832133213321324 ], [ 110.538403840384035, -6.832208220822083 ], [ 110.538328832883295, -6.832208220822089 ] ], [ [ 110.534503450345028, -6.832583258325826 ], [ 110.534878487848786, -6.832658265826578 ], [ 110.534578457845782, -6.832808280828075 ], [ 110.534503450345028, -6.832583258325826 ] ], [ [ 110.547104710471046, -6.832358235823578 ], [ 110.547254725472541, -6.832283228322837 ], [ 110.547254725472541, -6.832358235823587 ], [ 110.547104710471046, -6.832358235823578 ] ], [ [ 110.54740474047405, -6.832658265826581 ], [ 110.547704770477054, -6.832583258325835 ], [ 110.547479747974791, -6.833258325832582 ], [ 110.54740474047405, -6.832658265826581 ] ], [ [ 110.539528952895296, -6.832958295829584 ], [ 110.539828982898285, -6.832733273327337 ], [ 110.540054005400535, -6.833033303330336 ], [ 110.539528952895296, -6.832958295829584 ] ], [ [ 110.534503450345028, -6.832883288328828 ], [ 110.534578457845782, -6.832808280828075 ], [ 110.534578457845782, -6.832883288328838 ], [ 110.534503450345028, -6.832883288328828 ] ], [ [ 110.534353435343533, -6.832958295829586 ], [ 110.534428442844288, -6.832883288328833 ], [ 110.534428442844288, -6.832958295829588 ], [ 110.534353435343533, -6.832958295829586 ] ], [ [ 110.530603060306035, -6.833033303330329 ], [ 110.530678067806789, -6.832958295829576 ], [ 110.530678067806789, -6.833033303330326 ], [ 110.530603060306035, -6.833033303330329 ] ], [ [ 110.534278427842779, -6.833033303330332 ], [ 110.534353435343533, -6.832958295829586 ], [ 110.534353435343533, -6.833033303330342 ], [ 110.534278427842779, -6.833033303330332 ] ], [ [ 110.530678067806789, -6.833108310831079 ], [ 110.53075307530753, -6.833033303330336 ], [ 110.53075307530753, -6.833108310831084 ], [ 110.530678067806789, -6.833108310831079 ] ], [ [ 110.534053405340529, -6.833333333333326 ], [ 110.534278427842779, -6.833033303330332 ], [ 110.534203420342038, -6.833408340834086 ], [ 110.534053405340529, -6.833333333333326 ] ], [ [ 110.53075307530753, -6.833108310831084 ], [ 110.531578157815787, -6.833708370837091 ], [ 110.53217821782178, -6.834458445844584 ], [ 110.531203120312028, -6.833933393339325 ], [ 110.53075307530753, -6.833108310831084 ] ], [ [ 110.540579057905802, -6.833258325832587 ], [ 110.540729072907297, -6.833108310831088 ], [ 110.540729072907297, -6.833258325832584 ], [ 110.540579057905802, -6.833258325832587 ] ], [ [ 110.533978397839789, -6.833258325832587 ], [ 110.534053405340529, -6.833183318331832 ], [ 110.534053405340529, -6.833258325832576 ], [ 110.533978397839789, -6.833258325832587 ] ], [ [ 110.534203420342038, -6.833483348334824 ], [ 110.534278427842779, -6.833408340834078 ], [ 110.534278427842779, -6.833483348334838 ], [ 110.534203420342038, -6.833483348334824 ] ], [ [ 110.534278427842779, -6.833633363336338 ], [ 110.534353435343533, -6.833483348334832 ], [ 110.534353435343533, -6.833633363336343 ], [ 110.534278427842779, -6.833633363336338 ] ], [ [ 110.541779177917789, -6.833558355835588 ], [ 110.541854185418543, -6.833483348334825 ], [ 110.541854185418543, -6.833558355835577 ], [ 110.541779177917789, -6.833558355835588 ] ], [ [ 110.534203420342038, -6.833708370837079 ], [ 110.534278427842779, -6.833633363336338 ], [ 110.534278427842779, -6.833708370837074 ], [ 110.534203420342038, -6.833708370837079 ] ], [ [ 110.534053405340529, -6.833933393339331 ], [ 110.534278427842779, -6.833858385838584 ], [ 110.533678367836785, -6.834383438343827 ], [ 110.533678367836785, -6.834083408340836 ], [ 110.534053405340529, -6.833933393339331 ] ], [ [ 110.541629162916294, -6.833933393339328 ], [ 110.542454245424537, -6.834083408340829 ], [ 110.542379237923797, -6.834608460846082 ], [ 110.541629162916294, -6.833933393339328 ] ], [ [ 110.533978397839789, -6.833858385838576 ], [ 110.534053405340529, -6.833783378337833 ], [ 110.534053405340529, -6.83385838583858 ], [ 110.533978397839789, -6.833858385838576 ] ], [ [ 110.542154215421547, -6.833858385838578 ], [ 110.542229222922302, -6.833783378337841 ], [ 110.542229222922302, -6.833858385838576 ], [ 110.542154215421547, -6.833858385838578 ] ], [ [ 110.53352835283529, -6.834383438343838 ], [ 110.533603360336031, -6.834308430843087 ], [ 110.533603360336031, -6.834383438343827 ], [ 110.53352835283529, -6.834383438343838 ] ], [ [ 110.533453345334536, -6.834458445844591 ], [ 110.53352835283529, -6.834383438343838 ], [ 110.53352835283529, -6.83445844584459 ], [ 110.533453345334536, -6.834458445844591 ] ], [ [ 110.525277527752777, -6.83475847584759 ], [ 110.526177617761775, -6.835058505850586 ], [ 110.525952595259525, -6.835433543354331 ], [ 110.525277527752777, -6.83475847584759 ] ], [ [ 110.532553255325539, -6.834833483348326 ], [ 110.53352835283529, -6.834608460846077 ], [ 110.532853285328528, -6.835733573357341 ], [ 110.532553255325539, -6.834833483348326 ] ], [ [ 110.522502250225017, -6.834908490849092 ], [ 110.524527452745275, -6.836033603360331 ], [ 110.524227422742271, -6.837083708370841 ], [ 110.521977197719778, -6.836408640864079 ], [ 110.522502250225017, -6.834908490849092 ] ], [ [ 110.524452445244521, -6.835283528352833 ], [ 110.524977497749774, -6.834983498349837 ], [ 110.524902490249019, -6.835433543354325 ], [ 110.524452445244521, -6.835283528352833 ] ], [ [ 110.525652565256522, -6.835883588358829 ], [ 110.526702670267042, -6.836108610861078 ], [ 110.52602760276028, -6.836333633363334 ], [ 110.525652565256522, -6.835883588358829 ] ], [ [ 110.525502550255027, -6.835508550855083 ], [ 110.52572757275729, -6.835358535853578 ], [ 110.525652565256522, -6.835733573357336 ], [ 110.525502550255027, -6.835508550855083 ] ], [ [ 110.525052505250528, -6.835583558355837 ], [ 110.525127512751268, -6.835508550855089 ], [ 110.525127512751268, -6.835583558355834 ], [ 110.525052505250528, -6.835583558355837 ] ], [ [ 110.525202520252023, -6.835733573357341 ], [ 110.525352535253532, -6.835583558355841 ], [ 110.525352535253532, -6.835883588358836 ], [ 110.525202520252023, -6.835733573357341 ] ], [ [ 110.524077407740791, -6.835733573357342 ], [ 110.524227422742271, -6.835658565856593 ], [ 110.524227422742271, -6.835733573357339 ], [ 110.524077407740791, -6.835733573357342 ] ], [ [ 110.533078307830777, -6.835733573357333 ], [ 110.533153315331532, -6.835658565856594 ], [ 110.533153315331532, -6.835733573357333 ], [ 110.533078307830777, -6.835733573357333 ] ], [ [ 110.533003300330051, -6.835808580858089 ], [ 110.533078307830777, -6.835733573357333 ], [ 110.533078307830777, -6.835808580858087 ], [ 110.533003300330051, -6.835808580858089 ] ], [ [ 110.533153315331532, -6.835808580858078 ], [ 110.533228322832286, -6.835733573357328 ], [ 110.533228322832286, -6.835808580858082 ], [ 110.533153315331532, -6.835808580858078 ] ], [ [ 110.533153315331532, -6.835958595859583 ], [ 110.533228322832286, -6.835883588358837 ], [ 110.533228322832286, -6.835958595859582 ], [ 110.533153315331532, -6.835958595859583 ] ], [ [ 110.533228322832286, -6.836033603360331 ], [ 110.533303330333041, -6.835958595859592 ], [ 110.533303330333041, -6.836033603360332 ], [ 110.533228322832286, -6.836033603360331 ] ], [ [ 110.526777677767782, -6.836408640864079 ], [ 110.527602760276025, -6.836633663366327 ], [ 110.527227722772281, -6.837008700870088 ], [ 110.526777677767782, -6.836408640864079 ] ], [ [ 110.526627662766273, -6.836333633363337 ], [ 110.526702670267042, -6.836258625862585 ], [ 110.526702670267042, -6.836333633363335 ], [ 110.526627662766273, -6.836333633363337 ] ], [ [ 110.534878487848786, -6.836933693369335 ], [ 110.535028502850281, -6.836858685868584 ], [ 110.535028502850281, -6.836933693369327 ], [ 110.534878487848786, -6.836933693369335 ] ], [ [ 110.535403540354039, -6.837308730873089 ], [ 110.535553555355534, -6.837008700870093 ], [ 110.536003600360033, -6.837308730873096 ], [ 110.535403540354039, -6.837308730873089 ] ], [ [ 110.527527752775271, -6.837158715871583 ], [ 110.527602760276025, -6.837008700870079 ], [ 110.527752775277534, -6.837158715871579 ], [ 110.527527752775271, -6.837158715871583 ] ], [ [ 110.527902790279029, -6.837233723372344 ], [ 110.528127812781278, -6.837158715871595 ], [ 110.528127812781278, -6.837233723372336 ], [ 110.527902790279029, -6.837233723372344 ] ], [ [ 110.524527452745275, -6.837533753375346 ], [ 110.524752475247524, -6.83730873087308 ], [ 110.524752475247524, -6.83745874587459 ], [ 110.524527452745275, -6.837533753375346 ] ], [ [ 110.529477947794774, -6.837233723372344 ], [ 110.53240324032403, -6.837608760876085 ], [ 110.532928292829283, -6.838133813381339 ], [ 110.532253225322535, -6.838133813381341 ], [ 110.529477947794774, -6.837233723372344 ] ], [ [ 110.536003600360033, -6.837383738373845 ], [ 110.536078607860787, -6.837308730873083 ], [ 110.536078607860787, -6.837383738373834 ], [ 110.536003600360033, -6.837383738373845 ] ], [ [ 110.527752775277534, -6.837758775877594 ], [ 110.528202820282033, -6.837683768376847 ], [ 110.528202820282033, -6.837833783378344 ], [ 110.527752775277534, -6.837758775877594 ] ], [ [ 110.528277827782773, -6.837833783378329 ], [ 110.528427842784282, -6.837758775877595 ], [ 110.528427842784282, -6.837833783378336 ], [ 110.528277827782773, -6.837833783378329 ] ], [ [ 110.533378337833781, -6.838208820882092 ], [ 110.533678367836785, -6.838058805880588 ], [ 110.533678367836785, -6.838133813381333 ], [ 110.533378337833781, -6.838208820882092 ] ], [ [ 110.536453645364531, -6.83843384338433 ], [ 110.536528652865286, -6.838358835883585 ], [ 110.536528652865286, -6.838433843384343 ], [ 110.536453645364531, -6.83843384338433 ] ], [ [ 110.533678367836785, -6.838658865886592 ], [ 110.53375337533754, -6.838583858385835 ], [ 110.53375337533754, -6.838658865886582 ], [ 110.533678367836785, -6.838658865886592 ] ], [ [ 110.533903390339034, -6.83873387338734 ], [ 110.533978397839789, -6.838583858385848 ], [ 110.533978397839789, -6.838733873387334 ], [ 110.533903390339034, -6.83873387338734 ] ], [ [ 110.53690369036903, -6.838733873387338 ], [ 110.537053705370539, -6.838658865886592 ], [ 110.537053705370539, -6.838808880888081 ], [ 110.53690369036903, -6.838733873387338 ] ], [ [ 110.537203720372034, -6.838958895889589 ], [ 110.537278727872803, -6.838808880888083 ], [ 110.537278727872803, -6.838958895889596 ], [ 110.537203720372034, -6.838958895889589 ] ], [ [ 110.537353735373543, -6.839033903390344 ], [ 110.537503750375038, -6.838958895889593 ], [ 110.537578757875792, -6.839183918391832 ], [ 110.537353735373543, -6.839033903390344 ] ], [ [ 110.537728772877287, -6.839408940894081 ], [ 110.537878787878782, -6.839333933393339 ], [ 110.537878787878782, -6.839408940894082 ], [ 110.537728772877287, -6.839408940894081 ] ], [ [ 110.538103810381031, -6.839708970897092 ], [ 110.538328832883295, -6.839633963396335 ], [ 110.538403840384035, -6.839858985898595 ], [ 110.538103810381031, -6.839708970897092 ] ], [ [ 110.539528952895296, -6.839783978397839 ], [ 110.539603960396036, -6.839708970897087 ], [ 110.539603960396036, -6.839783978397843 ], [ 110.539528952895296, -6.839783978397839 ] ], [ [ 110.539603960396036, -6.839858985898587 ], [ 110.539678967896791, -6.839783978397834 ], [ 110.539678967896791, -6.83985898589859 ], [ 110.539603960396036, -6.839858985898587 ] ], [ [ 110.538403840384035, -6.839933993399343 ], [ 110.53847884788479, -6.839858985898595 ], [ 110.53847884788479, -6.839933993399344 ], [ 110.538403840384035, -6.839933993399343 ] ], [ [ 110.539678967896791, -6.839933993399335 ], [ 110.539753975397545, -6.839858985898582 ], [ 110.539753975397545, -6.839933993399342 ], [ 110.539678967896791, -6.839933993399335 ] ], [ [ 110.539753975397545, -6.840009000900087 ], [ 110.539828982898285, -6.839933993399348 ], [ 110.539828982898285, -6.840009000900091 ], [ 110.539753975397545, -6.840009000900087 ] ], [ [ 110.539828982898285, -6.840084008400837 ], [ 110.53990399039904, -6.840009000900081 ], [ 110.53990399039904, -6.84008400840084 ], [ 110.539828982898285, -6.840084008400837 ] ], [ [ 110.539228922892292, -6.840759075907584 ], [ 110.539228922892292, -6.840159015901587 ], [ 110.539603960396036, -6.840834083408334 ], [ 110.539228922892292, -6.840759075907584 ] ], [ [ 110.53990399039904, -6.840159015901587 ], [ 110.539978997899794, -6.840084008400848 ], [ 110.539978997899794, -6.840159015901592 ], [ 110.53990399039904, -6.840159015901587 ] ], [ [ 110.539978997899794, -6.840234023402338 ], [ 110.540054005400535, -6.840159015901597 ], [ 110.540054005400535, -6.840234023402339 ], [ 110.539978997899794, -6.840234023402338 ] ], [ [ 110.540054005400535, -6.840309030903087 ], [ 110.540129012901289, -6.840234023402346 ], [ 110.540129012901289, -6.840309030903087 ], [ 110.540054005400535, -6.840309030903087 ] ], [ [ 110.540129012901289, -6.840384038403834 ], [ 110.540204020402044, -6.840309030903089 ], [ 110.540204020402044, -6.840384038403833 ], [ 110.540129012901289, -6.840384038403834 ] ], [ [ 110.540204020402044, -6.840459045904599 ], [ 110.540279027902784, -6.840384038403836 ], [ 110.540279027902784, -6.840459045904596 ], [ 110.540204020402044, -6.840459045904599 ] ], [ [ 110.540279027902784, -6.840534053405343 ], [ 110.540354035403539, -6.840459045904595 ], [ 110.540354035403539, -6.840534053405339 ], [ 110.540279027902784, -6.840534053405343 ] ], [ [ 110.540354035403539, -6.840609060906084 ], [ 110.540429042904293, -6.840534053405336 ], [ 110.540429042904293, -6.840609060906096 ], [ 110.540354035403539, -6.840609060906084 ] ], [ [ 110.540654065406542, -6.840909090909091 ], [ 110.540579057905802, -6.840609060906088 ], [ 110.540804080408037, -6.84090909090909 ], [ 110.540654065406542, -6.840909090909091 ] ], [ [ 110.540804080408037, -6.840984098409843 ], [ 110.540879087908792, -6.84090909090909 ], [ 110.540879087908792, -6.840984098409841 ], [ 110.540804080408037, -6.840984098409843 ] ], [ [ 110.539678967896791, -6.841059105910587 ], [ 110.539828982898285, -6.841134113411349 ], [ 110.539678967896791, -6.841134113411347 ], [ 110.539678967896791, -6.841059105910587 ] ], [ [ 110.540879087908792, -6.841059105910595 ], [ 110.540954095409546, -6.840984098409836 ], [ 110.540954095409546, -6.841059105910586 ], [ 110.540879087908792, -6.841059105910595 ] ], [ [ 110.539003900390043, -6.842184218421838 ], [ 110.539078907890783, -6.84210921092109 ], [ 110.539078907890783, -6.842184218421847 ], [ 110.539003900390043, -6.842184218421838 ] ], [ [ 110.539078907890783, -6.842259225922591 ], [ 110.539228922892292, -6.842184218421845 ], [ 110.539303930393032, -6.842409240924093 ], [ 110.539078907890783, -6.842259225922591 ] ], [ [ 110.528202820282033, -6.844134413441348 ], [ 110.528427842784282, -6.843984398439841 ], [ 110.528427842784282, -6.844209420942097 ], [ 110.528202820282033, -6.844134413441348 ] ], [ [ 110.528877887788781, -6.845784578457842 ], [ 110.52910291029103, -6.845634563456352 ], [ 110.52910291029103, -6.84578457845784 ], [ 110.528877887788781, -6.845784578457842 ] ], [ [ 110.52910291029103, -6.846459645964595 ], [ 110.529177917791785, -6.846384638463843 ], [ 110.529177917791785, -6.846459645964603 ], [ 110.52910291029103, -6.846459645964595 ] ], [ [ 110.529327932793279, -6.846684668466841 ], [ 110.529477947794774, -6.846384638463843 ], [ 110.529627962796283, -6.846684668466848 ], [ 110.529327932793279, -6.846684668466841 ] ], [ [ 110.528952895289535, -6.847434743474356 ], [ 110.529702970297024, -6.847134713471343 ], [ 110.52910291029103, -6.848034803480356 ], [ 110.528952895289535, -6.847434743474356 ] ], [ [ 110.528052805280524, -6.847959795979603 ], [ 110.528652865286531, -6.848259825982601 ], [ 110.527977797779783, -6.8482598259826 ], [ 110.526927692769277, -6.8490099009901 ], [ 110.526477647764779, -6.850510051005098 ], [ 110.52610261026102, -6.848334833483342 ], [ 110.528052805280524, -6.847959795979603 ] ], [ [ 110.528727872787272, -6.848184818481841 ], [ 110.528802880288026, -6.848109810981096 ], [ 110.528802880288026, -6.848184818481843 ], [ 110.528727872787272, -6.848184818481841 ] ], [ [ 110.528652865286531, -6.848334833483344 ], [ 110.529177917791785, -6.848409840984098 ], [ 110.528202820282033, -6.848484848484842 ], [ 110.528202820282033, -6.848334833483342 ], [ 110.528652865286531, -6.848334833483344 ] ], [ [ 110.525277527752777, -6.849834983498357 ], [ 110.52572757275729, -6.849834983498347 ], [ 110.525277527752777, -6.850060006000604 ], [ 110.525277527752777, -6.849834983498357 ] ], [ [ 110.51852685268527, -6.856960696069615 ], [ 110.519201920192017, -6.856510651065107 ], [ 110.519051905190523, -6.856885688568858 ], [ 110.51852685268527, -6.856960696069615 ] ], [ [ 110.51695169516951, -6.858085808580857 ], [ 110.517401740174023, -6.858085808580858 ], [ 110.51695169516951, -6.858460846084609 ], [ 110.51695169516951, -6.858085808580857 ] ], [ [ 110.518376837683775, -6.858160816081603 ], [ 110.518451845184529, -6.85808580858086 ], [ 110.518451845184529, -6.85816081608161 ], [ 110.518376837683775, -6.858160816081603 ] ], [ [ 110.518001800180016, -6.858310831083101 ], [ 110.518376837683775, -6.858235823582358 ], [ 110.518001800180016, -6.858460846084607 ], [ 110.518001800180016, -6.858310831083101 ] ], [ [ 110.517926792679262, -6.858535853585365 ], [ 110.518001800180016, -6.858460846084607 ], [ 110.518001800180016, -6.858535853585348 ], [ 110.517926792679262, -6.858535853585365 ] ], [ [ 110.517101710171019, -6.859135913591352 ], [ 110.517176717671774, -6.859060906090607 ], [ 110.517176717671774, -6.859135913591363 ], [ 110.517101710171019, -6.859135913591352 ] ], [ [ 110.485823582358236, -6.91434143414341 ], [ 110.485898589858991, -6.914191419141919 ], [ 110.485898589858991, -6.914341434143411 ], [ 110.485823582358236, -6.91434143414341 ] ], [ [ 110.482898289828981, -6.917041704170413 ], [ 110.48312331233123, -6.916891689168919 ], [ 110.483273327332739, -6.917266726672664 ], [ 110.482898289828981, -6.917041704170413 ] ], [ [ 110.483273327332739, -6.917416741674162 ], [ 110.483348334833479, -6.917341734173418 ], [ 110.483348334833479, -6.917416741674176 ], [ 110.483273327332739, -6.917416741674162 ] ], [ [ 110.479972997299726, -6.925592559255929 ], [ 110.48004800480048, -6.925442544254421 ], [ 110.48004800480048, -6.925592559255919 ], [ 110.479972997299726, -6.925592559255929 ] ], [ [ 110.460396039603964, -6.935718571857183 ], [ 110.461221122112207, -6.934968496849686 ], [ 110.461371137113716, -6.935118511851181 ], [ 110.460396039603964, -6.935718571857183 ] ], [ [ 110.459420942094212, -6.935568556855687 ], [ 110.460171017101715, -6.935793579357928 ], [ 110.459420942094212, -6.936018601860194 ], [ 110.459420942094212, -6.935568556855687 ] ], [ [ 110.460621062106213, -6.936093609360931 ], [ 110.460696069606968, -6.936018601860194 ], [ 110.460696069606968, -6.93609360936093 ], [ 110.460621062106213, -6.936093609360931 ] ], [ [ 110.459195919591963, -6.936243624362442 ], [ 110.460546054605459, -6.936243624362439 ], [ 110.461221122112207, -6.937068706870693 ], [ 110.459945994599465, -6.937668766876685 ], [ 110.459195919591963, -6.936243624362442 ] ], [ [ 110.460846084608463, -6.936468646864681 ], [ 110.460921092109217, -6.936318631863182 ], [ 110.460921092109217, -6.936468646864679 ], [ 110.460846084608463, -6.936468646864681 ] ], [ [ 110.460921092109217, -6.936543654365437 ], [ 110.460996099609957, -6.936468646864685 ], [ 110.460996099609957, -6.936543654365438 ], [ 110.460921092109217, -6.936543654365437 ] ], [ [ 110.460996099609957, -6.936618661866189 ], [ 110.461146114611466, -6.936543654365446 ], [ 110.461221122112207, -6.936768676867688 ], [ 110.460996099609957, -6.936618661866189 ] ], [ [ 110.458820882088204, -6.936993699369938 ], [ 110.459120912091208, -6.936768676867686 ], [ 110.459120912091208, -6.936918691869186 ], [ 110.458820882088204, -6.936993699369938 ] ], [ [ 110.462196219621958, -6.937668766876696 ], [ 110.46339633963396, -6.93706870687068 ], [ 110.463621362136209, -6.937443744374431 ], [ 110.462196219621958, -6.937668766876696 ] ], [ [ 110.463621362136209, -6.937368736873694 ], [ 110.463696369636963, -6.937293729372938 ], [ 110.463696369636963, -6.937368736873694 ], [ 110.463621362136209, -6.937368736873694 ] ], [ [ 110.460396039603964, -6.937668766876683 ], [ 110.460471047104704, -6.937593759375945 ], [ 110.460471047104704, -6.93766876687668 ], [ 110.460396039603964, -6.937668766876683 ] ], [ [ 110.465196519651968, -6.937743774377434 ], [ 110.465421542154218, -6.937743774377444 ], [ 110.465421542154218, -6.937893789378937 ], [ 110.465196519651968, -6.937743774377434 ] ], [ [ 110.459420942094212, -6.937968796879687 ], [ 110.459945994599465, -6.938193819381936 ], [ 110.459495949594952, -6.938193819381945 ], [ 110.459420942094212, -6.937968796879687 ] ], [ [ 110.461371137113716, -6.93774377437744 ], [ 110.461446144614456, -6.93766876687669 ], [ 110.461446144614456, -6.937743774377439 ], [ 110.461371137113716, -6.93774377437744 ] ] ] } },
{ "type": "Feature", "properties": { "year": 2047, "layer": "atrisk" }, "geometry": { "type": "Polygon", "coordinates": [ [ [ 110.438643864386435, -6.93946894689469 ], [ 110.437293729372939, -6.940444044404442 ], [ 110.437743774377438, -6.94314431443144 ], [ 110.438643864386435, -6.93946894689469 ] ] ] } },
{ "type": "Feature", "properties": { "year": 2047, "layer": "atrisk" }, "geometry": { "type": "Polygon", "coordinates": [ [ [ 110.392589258925909, -6.946369636963693 ], [ 110.388988898889892, -6.948394839483953 ], [ 110.388988898889892, -6.948844884488444 ], [ 110.392589258925909, -6.946369636963693 ] ] ] } },
{ "type": "Feature", "properties": { "year": 2047, "layer": "atrisk" }, "geometry": { "type": "Polygon", "coordinates": [ [ [ 110.415616561656165, -6.948544854485444 ], [ 110.415241524152421, -6.948844884488444 ], [ 110.415991599159909, -6.949219921992203 ], [ 110.415616561656165, -6.948544854485444 ] ] ] } },
{ "type": "Feature", "properties": { "year": 2047, "layer": "atrisk" }, "geometry": { "type": "Polygon", "coordinates": [ [ [ 110.407890789078905, -6.948244824482443 ], [ 110.407215721572157, -6.948469846984707 ], [ 110.407665766576656, -6.950120012001207 ], [ 110.407890789078905, -6.948244824482443 ] ] ] } },
{ "type": "Feature", "properties": { "year": 2047, "layer": "atrisk" }, "geometry": { "type": "Polygon", "coordinates": [ [ [ 110.390189018901893, -6.949819981998196 ], [ 110.389213921392141, -6.949144914491452 ], [ 110.390564056405637, -6.950870087008709 ], [ 110.390189018901893, -6.949819981998196 ] ] ] } },
{ "type": "Feature", "properties": { "year": 2047, "layer": "atrisk" }, "geometry": { "type": "Polygon", "coordinates": [ [ [ 110.384338433843396, -6.950420042004202 ], [ 110.382988298829886, -6.950795079507956 ], [ 110.384338433843396, -6.950495049504958 ], [ 110.384338433843396, -6.950420042004202 ] ] ] } },
{ "type": "Feature", "properties": { "year": 2047, "layer": "atrisk" }, "geometry": { "type": "Polygon", "coordinates": [ [ [ 110.387788778877891, -6.953195319531949 ], [ 110.387188718871883, -6.953795379537949 ], [ 110.387863786378631, -6.953345334533448 ], [ 110.387788778877891, -6.953195319531949 ] ] ] } },
{ "type": "Feature", "properties": { "year": 2047, "layer": "atrisk" }, "geometry": { "type": "Polygon", "coordinates": [ [ [ 110.382238223822384, -6.950945094509451 ], [ 110.382238223822384, -6.953795379537946 ], [ 110.38328832883289, -6.954620462046201 ], [ 110.382238223822384, -6.950945094509451 ] ], [ [ 110.382988298829886, -6.954095409540954 ], [ 110.383063306330627, -6.953945394539452 ], [ 110.383063306330627, -6.954095409540953 ], [ 110.382988298829886, -6.954095409540954 ] ] ] } },
{ "type": "Feature", "properties": { "year": 2047, "layer": "atrisk" }, "geometry": { "type": "Polygon", "coordinates": [ [ [ 110.435193519351941, -6.940369036903689 ], [ 110.433093309330928, -6.94194419441945 ], [ 110.434368436843684, -6.946294629462945 ], [ 110.433093309330928, -6.943144314431438 ], [ 110.431668166816678, -6.942769276927698 ], [ 110.431443144314429, -6.944269426942694 ], [ 110.42761776177619, -6.945844584458451 ], [ 110.425742574257427, -6.941644164416436 ], [ 110.42461746174618, -6.941344134413438 ], [ 110.423942394239418, -6.941644164416448 ], [ 110.42349234923492, -6.944119411941189 ], [ 110.426867686768674, -6.950645064506457 ], [ 110.425967596759691, -6.952595259525955 ], [ 110.420267026702675, -6.947794779477954 ], [ 110.419591959195913, -6.947944794479442 ], [ 110.421467146714676, -6.951620162016197 ], [ 110.424017401740173, -6.951695169516952 ], [ 110.427017701770183, -6.954245424542456 ], [ 110.423567356735674, -6.953570357035701 ], [ 110.424242424242422, -6.955670567056705 ], [ 110.421167116711672, -6.955070507050704 ], [ 110.421617161716171, -6.953945394539446 ], [ 110.421092109210917, -6.952520252025209 ], [ 110.419516951695172, -6.953345334533455 ], [ 110.418691869186929, -6.9520702070207 ], [ 110.418691869186929, -6.945769576957694 ], [ 110.416816681668166, -6.9457695769577 ], [ 110.417491749174914, -6.948619861986197 ], [ 110.416066606660664, -6.949219921992201 ], [ 110.417416741674174, -6.950645064506445 ], [ 110.412991299129914, -6.951395139513949 ], [ 110.41374137413743, -6.950195019501954 ], [ 110.413216321632163, -6.949969996999693 ], [ 110.411791179117913, -6.950720072007209 ], [ 110.41246624662466, -6.952145214521457 ], [ 110.408790879087903, -6.953195319531948 ], [ 110.406090609060911, -6.947494749474947 ], [ 110.403090309030901, -6.946294629462949 ], [ 110.406015601560156, -6.947794779477945 ], [ 110.404590459045906, -6.951770177017695 ], [ 110.40661566156615, -6.952070207020698 ], [ 110.402415241524153, -6.952295229522946 ], [ 110.397989798979893, -6.950270027002695 ], [ 110.397089708970896, -6.948319831983195 ], [ 110.399339933993403, -6.946894689468949 ], [ 110.398964896489645, -6.94636963696369 ], [ 110.396039603960389, -6.948169816981695 ], [ 110.396339633963393, -6.950720072007194 ], [ 110.395139513951392, -6.950345034503444 ], [ 110.398289828982897, -6.959270927092705 ], [ 110.417641764176423, -6.959645964596466 ], [ 110.42626762676268, -6.957020702070202 ], [ 110.428742874287423, -6.955445544554451 ], [ 110.422442244224428, -6.957170717071713 ], [ 110.430243024302442, -6.954395439543953 ], [ 110.433243324332452, -6.951395139513948 ], [ 110.43241824182418, -6.950045004500451 ], [ 110.434218421842203, -6.950195019501958 ], [ 110.436393639363942, -6.946744674467441 ], [ 110.437293729372939, -6.94449444944494 ], [ 110.435193519351941, -6.940369036903689 ] ], [ [ 110.425067506750679, -6.941644164416438 ], [ 110.425367536753669, -6.941794179417946 ], [ 110.424992499249925, -6.941794179417939 ], [ 110.425067506750679, -6.941644164416438 ] ], [ [ 110.424767476747675, -6.942619261926195 ], [ 110.424992499249925, -6.942319231923198 ], [ 110.42491749174917, -6.942619261926184 ], [ 110.424767476747675, -6.942619261926195 ] ], [ [ 110.423942394239418, -6.943594359435943 ], [ 110.424167416741668, -6.943144314431449 ], [ 110.424017401740173, -6.943594359435947 ], [ 110.423942394239418, -6.943594359435943 ] ], [ [ 110.436468646864682, -6.943744374437443 ], [ 110.436543654365451, -6.943669366936687 ], [ 110.436543654365451, -6.943744374437447 ], [ 110.436468646864682, -6.943744374437443 ] ], [ [ 110.436093609360938, -6.944419441944189 ], [ 110.436468646864682, -6.944119411941191 ], [ 110.436468646864682, -6.944269426942694 ], [ 110.436093609360938, -6.944419441944189 ] ], [ [ 110.436843684368441, -6.944344434443435 ], [ 110.43706870687069, -6.944269426942693 ], [ 110.43706870687069, -6.944344434443447 ], [ 110.436843684368441, -6.944344434443435 ] ], [ [ 110.436468646864682, -6.944794479447949 ], [ 110.436618661866191, -6.944869486948692 ], [ 110.436468646864682, -6.944869486948695 ], [ 110.436468646864682, -6.944794479447949 ] ], [ [ 110.436168616861693, -6.944869486948696 ], [ 110.436318631863188, -6.944944494449445 ], [ 110.436168616861693, -6.944944494449442 ], [ 110.436168616861693, -6.944869486948696 ] ], [ [ 110.424992499249925, -6.946294629462942 ], [ 110.425442544254423, -6.945244524452446 ], [ 110.425367536753669, -6.946369636963703 ], [ 110.424992499249925, -6.946294629462942 ] ], [ [ 110.431293129312934, -6.945169516951689 ], [ 110.431368136813688, -6.945094509450942 ], [ 110.431368136813688, -6.945169516951699 ], [ 110.431293129312934, -6.945169516951689 ] ], [ [ 110.42626762676268, -6.945544554455443 ], [ 110.426417641764175, -6.945319531953199 ], [ 110.426492649264929, -6.945469546954694 ], [ 110.42626762676268, -6.945544554455443 ] ], [ [ 110.430393039303937, -6.945469546954694 ], [ 110.43099309930993, -6.945544554455441 ], [ 110.430243024302442, -6.945694569456951 ], [ 110.430393039303937, -6.945469546954694 ] ], [ [ 110.429717971797174, -6.945994599459953 ], [ 110.430018001800178, -6.945769576957697 ], [ 110.429942994299424, -6.946069606960694 ], [ 110.429717971797174, -6.945994599459953 ] ], [ [ 110.41704170417043, -6.946144614461441 ], [ 110.417341734173419, -6.945919591959197 ], [ 110.417491749174914, -6.946219621962196 ], [ 110.41704170417043, -6.946144614461441 ] ], [ [ 110.417716771677163, -6.946294629462942 ], [ 110.418316831683171, -6.946219621962197 ], [ 110.418016801680182, -6.946369636963689 ], [ 110.417716771677163, -6.946294629462942 ] ], [ [ 110.430468046804677, -6.94629462946294 ], [ 110.430918091809176, -6.946069606960694 ], [ 110.430693069306926, -6.946444644464454 ], [ 110.430468046804677, -6.94629462946294 ] ], [ [ 110.427992799279934, -6.946294629462946 ], [ 110.428142814281429, -6.946144614461446 ], [ 110.428142814281429, -6.946444644464439 ], [ 110.427992799279934, -6.946294629462946 ] ], [ [ 110.431143114311425, -6.946219621962195 ], [ 110.431368136813688, -6.94614461446144 ], [ 110.431368136813688, -6.946219621962202 ], [ 110.431143114311425, -6.946219621962195 ] ], [ [ 110.432568256825704, -6.946744674467443 ], [ 110.432868286828679, -6.946369636963689 ], [ 110.432868286828679, -6.946819681968193 ], [ 110.432568256825704, -6.946744674467443 ] ], [ [ 110.41711671167117, -6.946744674467441 ], [ 110.417641764176423, -6.946369636963701 ], [ 110.417641764176423, -6.94644464446444 ], [ 110.41711671167117, -6.946744674467441 ] ], [ [ 110.427842784278425, -6.946894689468953 ], [ 110.428217821782184, -6.947044704470444 ], [ 110.42791779177918, -6.947194719471938 ], [ 110.427842784278425, -6.946894689468953 ] ], [ [ 110.43541854185419, -6.947044704470447 ], [ 110.435568556855685, -6.946894689468949 ], [ 110.435493549354931, -6.947044704470452 ], [ 110.43541854185419, -6.947044704470447 ] ], [ [ 110.42656765676567, -6.94719471947194 ], [ 110.426867686768674, -6.946969696969699 ], [ 110.426867686768674, -6.947119711971199 ], [ 110.42656765676567, -6.94719471947194 ] ], [ [ 110.430618061806186, -6.947494749474948 ], [ 110.431743174317432, -6.947644764476445 ], [ 110.431293129312934, -6.948019801980206 ], [ 110.430618061806186, -6.947494749474948 ] ], [ [ 110.428592859285942, -6.947344734473444 ], [ 110.428892889288932, -6.947044704470446 ], [ 110.428967896789672, -6.947344734473443 ], [ 110.428592859285942, -6.947344734473444 ] ], [ [ 110.434518451845193, -6.947269726972703 ], [ 110.434668466846688, -6.94719471947195 ], [ 110.434668466846688, -6.947269726972698 ], [ 110.434518451845193, -6.947269726972703 ] ], [ [ 110.427842784278425, -6.947719771977197 ], [ 110.428367836783679, -6.947719771977203 ], [ 110.42791779177918, -6.94816981698169 ], [ 110.427842784278425, -6.947719771977197 ] ], [ [ 110.432193219321931, -6.948019801980204 ], [ 110.432493249324935, -6.947644764476453 ], [ 110.43241824182418, -6.94816981698169 ], [ 110.432193219321931, -6.948019801980204 ] ], [ [ 110.426042604260431, -6.948244824482449 ], [ 110.42656765676567, -6.94779477947795 ], [ 110.426792679267933, -6.948169816981697 ], [ 110.426042604260431, -6.948244824482449 ] ], [ [ 110.42956795679568, -6.947869786978691 ], [ 110.430618061806186, -6.948319831983205 ], [ 110.42956795679568, -6.948319831983206 ], [ 110.42956795679568, -6.947869786978691 ] ], [ [ 110.427092709270923, -6.947944794479453 ], [ 110.427242724272432, -6.947869786978691 ], [ 110.427242724272432, -6.947944794479445 ], [ 110.427092709270923, -6.947944794479453 ] ], [ [ 110.431818181818187, -6.9484698469847 ], [ 110.432118211821177, -6.94824482448244 ], [ 110.432118211821177, -6.948544854485443 ], [ 110.431818181818187, -6.9484698469847 ] ], [ [ 110.426117611761171, -6.948319831983201 ], [ 110.426192619261926, -6.94824482448245 ], [ 110.426192619261926, -6.948319831983198 ], [ 110.426117611761171, -6.948319831983201 ] ], [ [ 110.428292829282924, -6.948544854485453 ], [ 110.429117911791181, -6.949144914491451 ], [ 110.428142814281429, -6.949294929492944 ], [ 110.428292829282924, -6.948544854485453 ] ], [ [ 110.427092709270923, -6.948469846984706 ], [ 110.427242724272432, -6.94831983198319 ], [ 110.427242724272432, -6.948469846984702 ], [ 110.427092709270923, -6.948469846984706 ] ], [ [ 110.417641764176423, -6.948844884488445 ], [ 110.418391839183911, -6.949144914491448 ], [ 110.417641764176423, -6.94914491449144 ], [ 110.417641764176423, -6.948844884488445 ] ], [ [ 110.420117011701166, -6.94876987698769 ], [ 110.420717071707173, -6.9487698769877 ], [ 110.420642064206419, -6.949219921992197 ], [ 110.420117011701166, -6.94876987698769 ] ], [ [ 110.432043204320436, -6.948844884488456 ], [ 110.432493249324935, -6.948619861986201 ], [ 110.432343234323426, -6.948994899489943 ], [ 110.432043204320436, -6.948844884488456 ] ], [ [ 110.431518151815183, -6.949444944494451 ], [ 110.432043204320436, -6.948994899489945 ], [ 110.432268226822686, -6.949744974497448 ], [ 110.431518151815183, -6.949444944494451 ] ], [ [ 110.43399339933994, -6.949294929492952 ], [ 110.434293429342929, -6.949144914491448 ], [ 110.434293429342929, -6.949444944494449 ], [ 110.43399339933994, -6.949294929492952 ] ], [ [ 110.417641764176423, -6.949594959495943 ], [ 110.418316831683171, -6.949369936993707 ], [ 110.418391839183911, -6.949519951995195 ], [ 110.417641764176423, -6.949594959495943 ] ], [ [ 110.405565556555658, -6.949969996999701 ], [ 110.406165616561651, -6.949669966996701 ], [ 110.40631563156316, -6.950420042004199 ], [ 110.405565556555658, -6.949969996999701 ] ], [ [ 110.427692769276931, -6.949894989498951 ], [ 110.427992799279934, -6.949744974497444 ], [ 110.428067806780675, -6.950045004500446 ], [ 110.427692769276931, -6.949894989498951 ] ], [ [ 110.429417941794185, -6.95004500450045 ], [ 110.430468046804677, -6.950045004500456 ], [ 110.431068106810685, -6.950870087008705 ], [ 110.430018001800178, -6.951395139513942 ], [ 110.429417941794185, -6.95004500450045 ] ], [ [ 110.417866786678672, -6.950270027002699 ], [ 110.418091809180922, -6.9501200120012 ], [ 110.418091809180922, -6.950195019501951 ], [ 110.417866786678672, -6.950270027002699 ] ], [ [ 110.427992799279934, -6.950195019501948 ], [ 110.428067806780675, -6.950120012001205 ], [ 110.428067806780675, -6.950195019501948 ], [ 110.427992799279934, -6.950195019501948 ] ], [ [ 110.428292829282924, -6.950495049504953 ], [ 110.428367836783679, -6.950270027002708 ], [ 110.428367836783679, -6.950495049504952 ], [ 110.428292829282924, -6.950495049504953 ] ], [ [ 110.431443144314429, -6.950645064506455 ], [ 110.432118211821177, -6.950345034503454 ], [ 110.432268226822686, -6.950795079507942 ], [ 110.431443144314429, -6.950645064506455 ] ], [ [ 110.427317731773172, -6.95034503450345 ], [ 110.428517851785173, -6.951545154515445 ], [ 110.428367836783679, -6.952145214521458 ], [ 110.426942694269442, -6.951320132013205 ], [ 110.427317731773172, -6.95034503450345 ] ], [ [ 110.42934293429343, -6.950870087008695 ], [ 110.429492949294925, -6.950795079507958 ], [ 110.429492949294925, -6.950870087008695 ], [ 110.42934293429343, -6.950870087008695 ] ], [ [ 110.412316231623166, -6.951095109510951 ], [ 110.41246624662466, -6.95087008700871 ], [ 110.41246624662466, -6.951095109510949 ], [ 110.412316231623166, -6.951095109510951 ] ], [ [ 110.412991299129914, -6.951545154515458 ], [ 110.417341734173419, -6.9520702070207 ], [ 110.413441344134412, -6.952820282028196 ], [ 110.415616561656165, -6.95304530453046 ], [ 110.415991599159909, -6.954995499549959 ], [ 110.41246624662466, -6.953720372037202 ], [ 110.412991299129914, -6.953570357035703 ], [ 110.412991299129914, -6.951545154515458 ] ], [ [ 110.407590759075902, -6.953195319531955 ], [ 110.407590759075902, -6.952220222022196 ], [ 110.408040804080414, -6.953270327032697 ], [ 110.407590759075902, -6.953195319531955 ] ], [ [ 110.427317731773172, -6.952295229522949 ], [ 110.427542754275422, -6.951920192019196 ], [ 110.42761776177619, -6.952295229522957 ], [ 110.427317731773172, -6.952295229522949 ] ], [ [ 110.39881488148815, -6.952145214521448 ], [ 110.399114911491154, -6.951995199519944 ], [ 110.399039903990399, -6.952220222022198 ], [ 110.39881488148815, -6.952145214521448 ] ], [ [ 110.427542754275422, -6.952595259525959 ], [ 110.428067806780675, -6.9523702370237 ], [ 110.428067806780675, -6.952520252025201 ], [ 110.427542754275422, -6.952595259525959 ] ], [ [ 110.412316231623166, -6.952970297029695 ], [ 110.412766276627664, -6.952595259525955 ], [ 110.412616261626169, -6.953120312031204 ], [ 110.412316231623166, -6.952970297029695 ] ], [ [ 110.426867686768674, -6.952670267026694 ], [ 110.427242724272432, -6.952595259525953 ], [ 110.427167716771677, -6.952820282028206 ], [ 110.426867686768674, -6.952670267026694 ] ], [ [ 110.403390339033905, -6.952820282028203 ], [ 110.40496549654965, -6.953345334533445 ], [ 110.403465346534659, -6.953570357035699 ], [ 110.403390339033905, -6.952820282028203 ] ], [ [ 110.406765676567659, -6.95297029702971 ], [ 110.407215721572157, -6.952745274527444 ], [ 110.407140714071403, -6.952970297029696 ], [ 110.406765676567659, -6.95297029702971 ] ], [ [ 110.427317731773172, -6.952745274527451 ], [ 110.427392739273927, -6.952670267026696 ], [ 110.427392739273927, -6.952745274527448 ], [ 110.427317731773172, -6.952745274527451 ] ], [ [ 110.427392739273927, -6.952820282028204 ], [ 110.427467746774681, -6.952745274527446 ], [ 110.427467746774681, -6.952820282028201 ], [ 110.427392739273927, -6.952820282028204 ] ], [ [ 110.428667866786682, -6.953345334533448 ], [ 110.429717971797174, -6.952895289528943 ], [ 110.429267926792676, -6.953645364536446 ], [ 110.428667866786682, -6.953345334533448 ] ], [ [ 110.426642664266424, -6.953120312031198 ], [ 110.427392739273927, -6.952970297029704 ], [ 110.427167716771677, -6.953345334533455 ], [ 110.426642664266424, -6.953120312031198 ] ], [ [ 110.418391839183911, -6.95342034203421 ], [ 110.418616861686175, -6.952895289528956 ], [ 110.41876687668767, -6.953345334533453 ], [ 110.418391839183911, -6.95342034203421 ] ], [ [ 110.410516051605157, -6.953045304530455 ], [ 110.410591059105911, -6.952970297029698 ], [ 110.410591059105911, -6.953045304530453 ], [ 110.410516051605157, -6.953045304530455 ] ], [ [ 110.420717071707173, -6.953195319531949 ], [ 110.420942094209423, -6.952970297029712 ], [ 110.421242124212426, -6.953270327032709 ], [ 110.420717071707173, -6.953195319531949 ] ], [ [ 110.427392739273927, -6.953195319531953 ], [ 110.427767776777671, -6.952970297029704 ], [ 110.427767776777671, -6.953045304530454 ], [ 110.427392739273927, -6.953195319531953 ] ], [ [ 110.409540954095405, -6.953195319531955 ], [ 110.411341134113414, -6.953570357035709 ], [ 110.414866486648663, -6.955970597059706 ], [ 110.411491149114909, -6.9559705970597 ], [ 110.409540954095405, -6.953195319531955 ] ], [ [ 110.430918091809176, -6.953345334533459 ], [ 110.43099309930993, -6.953270327032705 ], [ 110.43099309930993, -6.953345334533446 ], [ 110.430918091809176, -6.953345334533459 ] ], [ [ 110.430843084308435, -6.95342034203421 ], [ 110.430918091809176, -6.953345334533459 ], [ 110.430918091809176, -6.953420342034209 ], [ 110.430843084308435, -6.95342034203421 ] ], [ [ 110.428217821782184, -6.953570357035697 ], [ 110.428292829282924, -6.953420342034197 ], [ 110.428292829282924, -6.953570357035698 ], [ 110.428217821782184, -6.953570357035697 ] ], [ [ 110.403090309030901, -6.9541704170417 ], [ 110.403390339033905, -6.954020402040197 ], [ 110.403390339033905, -6.954170417041697 ], [ 110.403090309030901, -6.9541704170417 ] ], [ [ 110.405640564056412, -6.954320432043195 ], [ 110.405715571557153, -6.954170417041709 ], [ 110.405790579057907, -6.954320432043201 ], [ 110.405640564056412, -6.954320432043195 ] ], [ [ 110.39986498649867, -6.954320432043205 ], [ 110.399939993999396, -6.954245424542461 ], [ 110.399939993999396, -6.954320432043205 ], [ 110.39986498649867, -6.954320432043205 ] ], [ [ 110.398889888988919, -6.954545454545461 ], [ 110.39986498649867, -6.954395439543955 ], [ 110.398889888988919, -6.954770477047708 ], [ 110.398889888988919, -6.954545454545461 ] ], [ [ 110.408490849084913, -6.954770477047708 ], [ 110.409015901590152, -6.95469546954695 ], [ 110.409015901590152, -6.954845484548455 ], [ 110.408490849084913, -6.954770477047708 ] ], [ [ 110.404290429042902, -6.9547704770477 ], [ 110.404440444044411, -6.954545454545458 ], [ 110.404365436543657, -6.954770477047696 ], [ 110.404290429042902, -6.9547704770477 ] ], [ [ 110.421092109210917, -6.954845484548451 ], [ 110.421242124212426, -6.9544704470447 ], [ 110.421167116711672, -6.954845484548447 ], [ 110.421092109210917, -6.954845484548451 ] ], [ [ 110.404365436543657, -6.954845484548455 ], [ 110.404440444044411, -6.954770477047705 ], [ 110.404440444044411, -6.954845484548452 ], [ 110.404365436543657, -6.954845484548455 ] ], [ [ 110.399414941494143, -6.954995499549963 ], [ 110.399639963996393, -6.954920492049212 ], [ 110.399639963996393, -6.954995499549958 ], [ 110.399414941494143, -6.954995499549963 ] ], [ [ 110.4002400240024, -6.955820582058213 ], [ 110.400540054005418, -6.955670567056716 ], [ 110.400540054005418, -6.955895589558962 ], [ 110.4002400240024, -6.955820582058213 ] ], [ [ 110.39986498649867, -6.955745574557461 ], [ 110.399939993999396, -6.955670567056697 ], [ 110.399939993999396, -6.955745574557453 ], [ 110.39986498649867, -6.955745574557461 ] ], [ [ 110.400915091509148, -6.955820582058202 ], [ 110.401065106510657, -6.955670567056698 ], [ 110.400990099009903, -6.955820582058208 ], [ 110.400915091509148, -6.955820582058202 ] ], [ [ 110.399714971497147, -6.955895589558958 ], [ 110.39986498649867, -6.955745574557461 ], [ 110.39986498649867, -6.95604560456045 ], [ 110.399714971497147, -6.955895589558958 ] ], [ [ 110.427692769276931, -6.955820582058207 ], [ 110.427767776777671, -6.95574557455746 ], [ 110.427767776777671, -6.955820582058206 ], [ 110.427692769276931, -6.955820582058207 ] ], [ [ 110.415616561656165, -6.956720672067207 ], [ 110.416216621662173, -6.956270627062711 ], [ 110.416591659165917, -6.956570657065716 ], [ 110.415616561656165, -6.956720672067207 ] ], [ [ 110.424167416741668, -6.956345634563459 ], [ 110.424242424242422, -6.956270627062701 ], [ 110.424242424242422, -6.956345634563461 ], [ 110.424167416741668, -6.956345634563459 ] ], [ [ 110.421392139213921, -6.956570657065704 ], [ 110.421542154215416, -6.956495649564951 ], [ 110.421542154215416, -6.95657065706571 ], [ 110.421392139213921, -6.956570657065704 ] ], [ [ 110.419441944194418, -6.956945694569465 ], [ 110.419966996699671, -6.956645664566459 ], [ 110.42019201920192, -6.957020702070209 ], [ 110.419441944194418, -6.956945694569465 ] ], [ [ 110.420642064206419, -6.957170717071713 ], [ 110.421392139213921, -6.95709570957095 ], [ 110.421542154215416, -6.957320732073202 ], [ 110.420642064206419, -6.957170717071713 ] ], [ [ 110.417341734173419, -6.957620762076215 ], [ 110.417641764176423, -6.957170717071706 ], [ 110.417716771677163, -6.957545754575455 ], [ 110.417341734173419, -6.957620762076215 ] ], [ [ 110.410891089108915, -6.95769576957695 ], [ 110.41104110411041, -6.957470747074705 ], [ 110.411116111611179, -6.957770777077707 ], [ 110.410891089108915, -6.95769576957695 ] ], [ [ 110.419366936693663, -6.957770777077712 ], [ 110.419441944194418, -6.957545754575455 ], [ 110.419441944194418, -6.957770777077705 ], [ 110.419366936693663, -6.957770777077712 ] ], [ [ 110.419516951695172, -6.95762076207621 ], [ 110.419591959195913, -6.95754575457546 ], [ 110.419591959195913, -6.95762076207621 ], [ 110.419516951695172, -6.95762076207621 ] ], [ [ 110.41569156915692, -6.958145814581457 ], [ 110.416291629162913, -6.957920792079213 ], [ 110.416216621662173, -6.958295829582962 ], [ 110.41569156915692, -6.958145814581457 ] ], [ [ 110.400840084008408, -6.958295829582966 ], [ 110.401065106510657, -6.957995799579964 ], [ 110.401290129012907, -6.95822082208221 ], [ 110.400840084008408, -6.958295829582966 ] ], [ [ 110.41104110411041, -6.958070807080711 ], [ 110.411116111611179, -6.957995799579956 ], [ 110.411116111611179, -6.958070807080714 ], [ 110.41104110411041, -6.958070807080711 ] ], [ [ 110.401290129012907, -6.958145814581453 ], [ 110.401365136513647, -6.958070807080707 ], [ 110.401365136513647, -6.958145814581455 ], [ 110.401290129012907, -6.958145814581453 ] ], [ [ 110.419366936693663, -6.958220822082208 ], [ 110.419591959195913, -6.958070807080706 ], [ 110.419591959195913, -6.958370837083712 ], [ 110.419366936693663, -6.958220822082208 ] ] ] } },
{ "type": "Feature", "properties": { "year": 2047, "layer": "atrisk" }, "geometry": { "type": "Polygon", "coordinates": [ [ [ 110.39581458145814, -6.956120612061203 ], [ 110.39438943894389, -6.958445844584455 ], [ 110.394539453945399, -6.959720972097211 ], [ 110.395889588958909, -6.959720972097205 ], [ 110.39581458145814, -6.956120612061203 ] ] ] } },
{ "type": "Feature", "properties": { "year": 2047, "layer": "atrisk" }, "geometry": { "type": "Polygon", "coordinates": [ [ [ 110.319456945694569, -6.938268826882693 ], [ 110.312406240624057, -6.943744374437443 ], [ 110.314881488148814, -6.948919891989195 ], [ 110.318181818181813, -6.952970297029702 ], [ 110.31900690069007, -6.951995199519956 ], [ 110.319831983198313, -6.954470447044705 ], [ 110.327557755775572, -6.958595859585952 ], [ 110.333558355835578, -6.95972097209721 ], [ 110.359735973597353, -6.959720972097204 ], [ 110.359810981098107, -6.95544554455446 ], [ 110.359960996099616, -6.954920492049197 ], [ 110.359885988598876, -6.9597209720972 ], [ 110.391914191419147, -6.95972097209721 ], [ 110.39266426642665, -6.959120912091216 ], [ 110.391539153915389, -6.958370837083707 ], [ 110.383813381338129, -6.958370837083702 ], [ 110.383738373837389, -6.955745574557461 ], [ 110.382013201320149, -6.954620462046197 ], [ 110.363036303630366, -6.9543204320432 ], [ 110.349309930993115, -6.952220222022198 ], [ 110.344884488448841, -6.949144914491447 ], [ 110.327632763276327, -6.942844284428435 ], [ 110.319456945694569, -6.938268826882693 ] ], [ [ 110.32343234323433, -6.946669666966702 ], [ 110.324857485748581, -6.946294629462944 ], [ 110.324257425742573, -6.947344734473456 ], [ 110.32343234323433, -6.946669666966702 ] ], [ [ 110.322607260726073, -6.946369636963698 ], [ 110.322832283228323, -6.946294629462942 ], [ 110.322832283228323, -6.946369636963696 ], [ 110.322607260726073, -6.946369636963698 ] ], [ [ 110.31600660066006, -6.95027002700269 ], [ 110.316156615661569, -6.950120012001197 ], [ 110.316231623162309, -6.950345034503447 ], [ 110.31600660066006, -6.95027002700269 ] ], [ [ 110.318781878187821, -6.9516201620162 ], [ 110.319381938193814, -6.951245124512449 ], [ 110.318781878187821, -6.951770177017704 ], [ 110.318781878187821, -6.9516201620162 ] ], [ [ 110.319831983198313, -6.951095109510943 ], [ 110.319906990699081, -6.951020102010204 ], [ 110.319906990699081, -6.951095109510955 ], [ 110.319831983198313, -6.951095109510943 ] ], [ [ 110.319456945694569, -6.951320132013194 ], [ 110.319831983198313, -6.9511701170117 ], [ 110.319456945694569, -6.951470147014703 ], [ 110.319456945694569, -6.951320132013194 ] ], [ [ 110.319381938193814, -6.951545154515459 ], [ 110.319456945694569, -6.951470147014703 ], [ 110.319456945694569, -6.951545154515453 ], [ 110.319381938193814, -6.951545154515459 ] ], [ [ 110.319231923192319, -6.951620162016206 ], [ 110.319306930693074, -6.951545154515448 ], [ 110.319306930693074, -6.951620162016194 ], [ 110.319231923192319, -6.951620162016206 ] ], [ [ 110.319156915691565, -6.951695169516959 ], [ 110.319231923192319, -6.951620162016206 ], [ 110.319231923192319, -6.951695169516944 ], [ 110.319156915691565, -6.951695169516959 ] ], [ [ 110.319081908190824, -6.951770177017707 ], [ 110.319156915691565, -6.951695169516959 ], [ 110.319156915691565, -6.951770177017703 ], [ 110.319081908190824, -6.951770177017707 ] ], [ [ 110.318781878187821, -6.951995199519946 ], [ 110.318856885688575, -6.951920192019196 ], [ 110.318856885688575, -6.951995199519951 ], [ 110.318781878187821, -6.951995199519946 ] ], [ [ 110.318706870687066, -6.952070207020709 ], [ 110.318781878187821, -6.951995199519946 ], [ 110.318781878187821, -6.952070207020693 ], [ 110.318706870687066, -6.952070207020709 ] ], [ [ 110.318256825682582, -6.952670267026704 ], [ 110.318331833183322, -6.952595259525944 ], [ 110.318331833183322, -6.952670267026701 ], [ 110.318256825682582, -6.952670267026704 ] ], [ [ 110.355760576057605, -6.954620462046201 ], [ 110.359435943594363, -6.954545454545448 ], [ 110.359360936093609, -6.956270627062702 ], [ 110.359060906090605, -6.95469546954696 ], [ 110.355760576057605, -6.954620462046201 ] ], [ [ 110.364161416141613, -6.954920492049204 ], [ 110.374962496249623, -6.954920492049196 ], [ 110.374737473747388, -6.955070507050699 ], [ 110.374737473747388, -6.955295529552951 ], [ 110.37443744374437, -6.955445544554456 ], [ 110.371512151215128, -6.955370537053711 ], [ 110.371287128712865, -6.95634563456345 ], [ 110.369411941194116, -6.956270627062707 ], [ 110.370987098709875, -6.955445544554462 ], [ 110.369861986198615, -6.955145514551448 ], [ 110.367761776177616, -6.956495649564955 ], [ 110.365736573657372, -6.955445544554456 ], [ 110.365736573657372, -6.956570657065711 ], [ 110.364236423642367, -6.956270627062714 ], [ 110.365136513651365, -6.955520552055211 ], [ 110.364161416141613, -6.954920492049204 ] ], [ [ 110.376387638763887, -6.955070507050706 ], [ 110.37578757875788, -6.955070507050711 ], [ 110.376087608760869, -6.954995499549955 ], [ 110.376387638763887, -6.955070507050706 ] ], [ [ 110.360561056105624, -6.955895589558954 ], [ 110.363186318631875, -6.954845484548454 ], [ 110.363261326132616, -6.954995499549958 ], [ 110.360561056105624, -6.955895589558954 ] ], [ [ 110.36033603360336, -6.955370537053705 ], [ 110.360561056105624, -6.955220522052209 ], [ 110.360561056105624, -6.955445544554453 ], [ 110.36033603360336, -6.955370537053705 ] ], [ [ 110.374887488748868, -6.95529552955296 ], [ 110.374962496249623, -6.955220522052215 ], [ 110.374962496249623, -6.955295529552952 ], [ 110.374887488748868, -6.95529552955296 ] ], [ [ 110.376762676267646, -6.955520552055207 ], [ 110.377137713771376, -6.955595559555951 ], [ 110.376762676267646, -6.955595559555952 ], [ 110.376762676267646, -6.955520552055207 ] ], [ [ 110.360411041104115, -6.95559555955596 ], [ 110.360486048604855, -6.955520552055202 ], [ 110.360486048604855, -6.955595559555958 ], [ 110.360411041104115, -6.95559555955596 ] ], [ [ 110.367761776177616, -6.957770777077701 ], [ 110.367686768676862, -6.95657065706571 ], [ 110.367761776177616, -6.956870687068714 ], [ 110.36806180618062, -6.956795679567964 ], [ 110.367761776177616, -6.957770777077701 ] ], [ [ 110.359285928592854, -6.956720672067199 ], [ 110.359360936093609, -6.956495649564954 ], [ 110.359360936093609, -6.956720672067205 ], [ 110.359285928592854, -6.956720672067199 ] ], [ [ 110.361911191119106, -6.957320732073204 ], [ 110.362736273627362, -6.957245724572453 ], [ 110.36198619861986, -6.957470747074716 ], [ 110.361911191119106, -6.957320732073204 ] ], [ [ 110.36806180618062, -6.957395739573961 ], [ 110.368136813681375, -6.95717071707171 ], [ 110.368136813681375, -6.957395739573961 ], [ 110.36806180618062, -6.957395739573961 ] ], [ [ 110.361536153615376, -6.957470747074703 ], [ 110.361686168616856, -6.957245724572451 ], [ 110.361686168616856, -6.957395739573965 ], [ 110.361536153615376, -6.957470747074703 ] ], [ [ 110.36806180618062, -6.957620762076204 ], [ 110.368136813681375, -6.957545754575453 ], [ 110.368136813681375, -6.95762076207621 ], [ 110.36806180618062, -6.957620762076204 ] ], [ [ 110.383738373837389, -6.958445844584462 ], [ 110.383813381338129, -6.958370837083702 ], [ 110.383813381338129, -6.958445844584465 ], [ 110.383738373837389, -6.958445844584462 ] ], [ [ 110.391014101410136, -6.958520852085202 ], [ 110.39108910891089, -6.95844584458446 ], [ 110.39108910891089, -6.958520852085209 ], [ 110.391014101410136, -6.958520852085202 ] ], [ [ 110.390114011401138, -6.959270927092705 ], [ 110.390189018901893, -6.959195919591954 ], [ 110.390189018901893, -6.959270927092703 ], [ 110.390114011401138, -6.959270927092705 ] ] ] } }
]
}
