{
"type": "FeatureCollection",
"name": "atrisk_2029",
"crs": { "type": "name", "properties": { "name": "urn:ogc:def:crs:OGC:1.3:CRS84" } },
"features": [
{ "type": "Feature", "properties": { "year": 2029, "layer": "atrisk" }, "geometry": { "type": "Polygon", "coordinates": [ [ [ 110.575532553255329, -6.75 ], [ 110.572907290729077, -6.75052505250525 ], [ 110.575532553255329, -6.750150015001497 ], [ 110.575532553255329, -6.75 ] ] ] } },
{ "type": "Feature", "properties": { "year": 2029, "layer": "atrisk" }, "geometry": { "type": "Polygon", "coordinates": [ [ [ 110.583633363336332, -6.751275127512755 ], [ 110.58280828082809, -6.751950195019494 ], [ 110.583258325832588, -6.751950195019502 ], [ 110.583633363336332, -6.751275127512755 ] ] ] } },
{ "type": "Feature", "properties": { "year": 2029, "layer": "atrisk" }, "geometry": { "type": "Polygon", "coordinates": [ [ [ 110.564056405640585, -6.75 ], [ 110.567056705670566, -6.752250225022506 ], [ 110.571632163216336, -6.750150015001494 ], [ 110.571632163216336, -6.75 ], [ 110.564056405640585, -6.75 ] ] ] } },
{ "type": "Feature", "properties": { "year": 2029, "layer": "atrisk" }, "geometry": { "type": "Polygon", "coordinates": [ [ [ 110.580483048304828, -6.752700270026995 ], [ 110.57815781578158, -6.753000300030001 ], [ 110.577857785778576, -6.753825382538264 ], [ 110.581008100810081, -6.753825382538253 ], [ 110.580483048304828, -6.752700270026995 ] ] ] } },
{ "type": "Feature", "properties": { "year": 2029, "layer": "atrisk" }, "geometry": { "type": "Polygon", "coordinates": [ [ [ 110.58453345334533, -6.752175217521753 ], [ 110.583633363336332, -6.75292529252925 ], [ 110.583408340834083, -6.753750375037506 ], [ 110.584458445844589, -6.753525352535255 ], [ 110.58453345334533, -6.752175217521753 ] ] ] } },
{ "type": "Feature", "properties": { "year": 2029, "layer": "atrisk" }, "geometry": { "type": "Polygon", "coordinates": [ [ [ 110.571557155715567, -6.753300330033002 ], [ 110.570807080708065, -6.754125412541255 ], [ 110.571632163216336, -6.754050405040505 ], [ 110.571557155715567, -6.753300330033002 ] ] ] } },
{ "type": "Feature", "properties": { "year": 2029, "layer": "atrisk" }, "geometry": { "type": "Polygon", "coordinates": [ [ [ 110.583108310831079, -6.752850285028506 ], [ 110.582133213321328, -6.752475247524755 ], [ 110.582208220822096, -6.754200420042004 ], [ 110.583108310831079, -6.752850285028506 ] ], [ [ 110.582733273327335, -6.753000300029998 ], [ 110.58280828082809, -6.752925292529254 ], [ 110.58280828082809, -6.753000300030003 ], [ 110.582733273327335, -6.753000300029998 ] ] ] } },
{ "type": "Feature", "properties": { "year": 2029, "layer": "atrisk" }, "geometry": { "type": "Polygon", "coordinates": [ [ [ 110.569681968196818, -6.754125412541248 ], [ 110.568481848184817, -6.754275427542754 ], [ 110.569531953195323, -6.754575457545755 ], [ 110.569681968196818, -6.754125412541248 ] ] ] } },
{ "type": "Feature", "properties": { "year": 2029, "layer": "atrisk" }, "geometry": { "type": "Polygon", "coordinates": [ [ [ 110.541104110411041, -6.75 ], [ 110.545754575457551, -6.755850585058507 ], [ 110.547479747974791, -6.755625562556256 ], [ 110.543429342934289, -6.75 ], [ 110.541104110411041, -6.75 ] ] ] } },
{ "type": "Feature", "properties": { "year": 2029, "layer": "atrisk" }, "geometry": { "type": "Polygon", "coordinates": [ [ [ 110.571407140714072, -6.757650765076503 ], [ 110.57043204320432, -6.756975697569755 ], [ 110.570057005700576, -6.757575757575758 ], [ 110.571407140714072, -6.757650765076503 ] ] ] } },
{ "type": "Feature", "properties": { "year": 2029, "layer": "atrisk" }, "geometry": { "type": "Polygon", "coordinates": [ [ [ 110.547254725472541, -6.759075907590766 ], [ 110.546354635463544, -6.759900990099009 ], [ 110.546654665466548, -6.760126012601257 ], [ 110.547254725472541, -6.759075907590766 ] ] ] } },
{ "type": "Feature", "properties": { "year": 2029, "layer": "atrisk" }, "geometry": { "type": "Polygon", "coordinates": [ [ [ 110.577482748274832, -6.759750975097512 ], [ 110.577932793279345, -6.761251125112507 ], [ 110.578457845784584, -6.761326132613266 ], [ 110.578607860786079, -6.760051005100508 ], [ 110.577482748274832, -6.759750975097512 ] ] ] } },
{ "type": "Feature", "properties": { "year": 2029, "layer": "atrisk" }, "geometry": { "type": "Polygon", "coordinates": [ [ [ 110.566681668166822, -6.759300930093014 ], [ 110.565706570657085, -6.759975997599756 ], [ 110.566306630663064, -6.761476147614768 ], [ 110.567131713171321, -6.760426042604265 ], [ 110.566681668166822, -6.759300930093014 ] ] ] } },
{ "type": "Feature", "properties": { "year": 2029, "layer": "atrisk" }, "geometry": { "type": "Polygon", "coordinates": [ [ [ 110.555955595559553, -6.761176117611768 ], [ 110.554905490549061, -6.762376237623767 ], [ 110.555655565556549, -6.762526252625259 ], [ 110.555955595559553, -6.761176117611768 ] ] ] } },
{ "type": "Feature", "properties": { "year": 2029, "layer": "atrisk" }, "geometry": { "type": "Polygon", "coordinates": [ [ [ 110.58430843084308, -6.754275427542758 ], [ 110.582508250825086, -6.759075907590762 ], [ 110.581533153315334, -6.757650765076509 ], [ 110.575007500750075, -6.757200720072006 ], [ 110.574707470747072, -6.75555055505551 ], [ 110.573132313231326, -6.755850585058507 ], [ 110.572682268226828, -6.756150615061498 ], [ 110.575232523252325, -6.757500750075007 ], [ 110.574182418241818, -6.759900990099015 ], [ 110.577182718271828, -6.759000900090006 ], [ 110.581683168316829, -6.760051005100505 ], [ 110.583783378337827, -6.761551155115518 ], [ 110.583258325832588, -6.76342634263426 ], [ 110.583558355835578, -6.763726372637257 ], [ 110.584158415841586, -6.763126312631267 ], [ 110.58430843084308, -6.754275427542758 ] ] ] } },
{ "type": "Feature", "properties": { "year": 2029, "layer": "atrisk" }, "geometry": { "type": "Polygon", "coordinates": [ [ [ 110.569531953195323, -6.763651365136512 ], [ 110.568406840684062, -6.762976297629764 ], [ 110.567356735673584, -6.763501350135014 ], [ 110.569531953195323, -6.763651365136512 ] ], [ [ 110.568406840684062, -6.763351335133514 ], [ 110.568556855685571, -6.76342634263427 ], [ 110.568406840684062, -6.763426342634263 ], [ 110.568406840684062, -6.763351335133514 ] ] ] } },
{ "type": "Feature", "properties": { "year": 2029, "layer": "atrisk" }, "geometry": { "type": "Polygon", "coordinates": [ [ [ 110.552505250525073, -6.808955895589562 ], [ 110.551080108010808, -6.808430843084302 ], [ 110.549579957995803, -6.811131113111318 ], [ 110.552505250525073, -6.808955895589562 ] ] ] } },
{ "type": "Feature", "properties": { "year": 2029, "layer": "atrisk" }, "geometry": { "type": "Polygon", "coordinates": [ [ [ 110.576357635763571, -6.759900990099013 ], [ 110.572307230723084, -6.761701170117013 ], [ 110.575007500750075, -6.761251125112503 ], [ 110.575532553255329, -6.762826282628257 ], [ 110.571857185718571, -6.763876387638758 ], [ 110.575607560756069, -6.764326432643267 ], [ 110.575457545754574, -6.769801980198028 ], [ 110.57680768076807, -6.770702070207026 ], [ 110.576057605760582, -6.768901890189018 ], [ 110.577482748274832, -6.76755175517552 ], [ 110.578082808280826, -6.770777077707777 ], [ 110.575532553255329, -6.771452145214529 ], [ 110.575457545754574, -6.770477047704776 ], [ 110.575232523252325, -6.773477347734771 ], [ 110.572982298229817, -6.77475247524752 ], [ 110.569456945694569, -6.775202520252023 ], [ 110.568331833183322, -6.775952595259531 ], [ 110.56593159315932, -6.784428442844288 ], [ 110.565856585658565, -6.787503750375043 ], [ 110.567131713171321, -6.788178817881787 ], [ 110.565331533153312, -6.78795379537953 ], [ 110.564806480648059, -6.791104110411045 ], [ 110.562706270627075, -6.792904290429049 ], [ 110.562781278127815, -6.794254425442546 ], [ 110.564806480648059, -6.795379537953804 ], [ 110.567281728172816, -6.792679267926785 ], [ 110.565481548154821, -6.796129612961295 ], [ 110.569156915691565, -6.795154515451541 ], [ 110.569756975697572, -6.798304830483051 ], [ 110.568106810681073, -6.7991299129913 ], [ 110.564731473147319, -6.797029702970303 ], [ 110.561656165616569, -6.797479747974798 ], [ 110.561806180618063, -6.795079507950794 ], [ 110.559555955595556, -6.798154815481547 ], [ 110.559780978097805, -6.799804980498056 ], [ 110.56150615061506, -6.79905490549054 ], [ 110.560081008100823, -6.801080108010798 ], [ 110.560231023102304, -6.801605160516059 ], [ 110.561581158115814, -6.800480048004797 ], [ 110.568706870687066, -6.804680468046804 ], [ 110.568331833183322, -6.805880588058811 ], [ 110.569756975697572, -6.807530753075309 ], [ 110.567731773177314, -6.806555655565546 ], [ 110.566531653165313, -6.808280828082815 ], [ 110.568481848184817, -6.810381038103805 ], [ 110.56285628562857, -6.804605460546061 ], [ 110.566231623162309, -6.807605760576058 ], [ 110.567281728172816, -6.805880588058797 ], [ 110.56458145814581, -6.803855385538547 ], [ 110.560306030603059, -6.802055205520551 ], [ 110.558430843084324, -6.804755475547549 ], [ 110.562781278127815, -6.805880588058812 ], [ 110.566081608160815, -6.809855985598554 ], [ 110.560006000600055, -6.805805580558062 ], [ 110.558430843084324, -6.807080708070799 ], [ 110.558280828082815, -6.805055505550548 ], [ 110.556630663066301, -6.805955595559556 ], [ 110.554230423042299, -6.809030903090314 ], [ 110.556030603060307, -6.810156015601566 ], [ 110.557155715571554, -6.811581158115819 ], [ 110.56293129312931, -6.815931593159309 ], [ 110.563531353135318, -6.81345634563457 ], [ 110.568781878187821, -6.812256225622566 ], [ 110.567806780678069, -6.811056105610553 ], [ 110.570282028202826, -6.811656165616567 ], [ 110.568706870687066, -6.810531053105305 ], [ 110.570507050705075, -6.808730873087304 ], [ 110.569606960696063, -6.810756075607562 ], [ 110.570657065706584, -6.811506150615057 ], [ 110.571857185718571, -6.810231023102307 ], [ 110.573207320732067, -6.810156015601554 ], [ 110.577257725772597, -6.807080708070805 ], [ 110.581533153315334, -6.801530153015299 ], [ 110.583933393339336, -6.795154515451541 ], [ 110.584383438343835, -6.791854185418539 ], [ 110.582133213321328, -6.790354035403532 ], [ 110.58145814581458, -6.793729372937296 ], [ 110.581383138313825, -6.789978997899791 ], [ 110.578757875787574, -6.788628862886288 ], [ 110.584458445844589, -6.791404140414036 ], [ 110.584608460846084, -6.771977197719764 ], [ 110.581758175817583, -6.770552055205525 ], [ 110.582958295829584, -6.766801680168019 ], [ 110.581758175817583, -6.767251725172514 ], [ 110.582058205820587, -6.764476447644766 ], [ 110.579132913291332, -6.76425142514252 ], [ 110.58145814581458, -6.763726372637262 ], [ 110.584158415841586, -6.764776477647757 ], [ 110.58423342334234, -6.764101410141012 ], [ 110.580933093309326, -6.762601260126007 ], [ 110.576057605760582, -6.762976297629759 ], [ 110.576357635763571, -6.759900990099013 ] ], [ [ 110.579957995799575, -6.763126312631264 ], [ 110.580033003300329, -6.763051305130508 ], [ 110.580033003300329, -6.763126312631261 ], [ 110.579957995799575, -6.763126312631264 ] ], [ [ 110.578982898289823, -6.763351335133514 ], [ 110.580033003300329, -6.763276327632767 ], [ 110.578982898289823, -6.763426342634256 ], [ 110.578982898289823, -6.763351335133514 ] ], [ [ 110.580108010801084, -6.763201320132009 ], [ 110.580183018301824, -6.763126312631263 ], [ 110.580183018301824, -6.763201320132015 ], [ 110.580108010801084, -6.763201320132009 ] ], [ [ 110.580483048304828, -6.763201320132008 ], [ 110.580633063306337, -6.763126312631261 ], [ 110.580633063306337, -6.763201320132008 ], [ 110.580483048304828, -6.763201320132008 ] ], [ [ 110.581083108310835, -6.76320132013201 ], [ 110.581233123312344, -6.763126312631258 ], [ 110.581233123312344, -6.76320132013202 ], [ 110.581083108310835, -6.76320132013201 ] ], [ [ 110.581308130813085, -6.763276327632763 ], [ 110.581383138313825, -6.763201320132016 ], [ 110.581383138313825, -6.763276327632755 ], [ 110.581308130813085, -6.763276327632763 ] ], [ [ 110.576207620762077, -6.76350135013502 ], [ 110.57650765076508, -6.763351335133507 ], [ 110.576657665766575, -6.763651365136508 ], [ 110.576207620762077, -6.76350135013502 ] ], [ [ 110.574632463246346, -6.763426342634261 ], [ 110.574707470747072, -6.763351335133518 ], [ 110.574707470747072, -6.763426342634269 ], [ 110.574632463246346, -6.763426342634261 ] ], [ [ 110.578532853285324, -6.763576357635763 ], [ 110.578607860786079, -6.763501350135007 ], [ 110.578607860786079, -6.763576357635769 ], [ 110.578532853285324, -6.763576357635763 ] ], [ [ 110.577932793279345, -6.763651365136512 ], [ 110.578007800780071, -6.763576357635758 ], [ 110.578007800780071, -6.76365136513651 ], [ 110.577932793279345, -6.763651365136512 ] ], [ [ 110.578082808280826, -6.763651365136504 ], [ 110.57815781578158, -6.763576357635759 ], [ 110.57815781578158, -6.763651365136511 ], [ 110.578082808280826, -6.763651365136504 ] ], [ [ 110.57680768076807, -6.763801380138012 ], [ 110.577707770777081, -6.763651365136519 ], [ 110.577707770777081, -6.763726372637259 ], [ 110.57680768076807, -6.763801380138012 ] ], [ [ 110.576132613261322, -6.764176417641759 ], [ 110.576207620762077, -6.76395139513951 ], [ 110.576207620762077, -6.764176417641758 ], [ 110.576132613261322, -6.764176417641759 ] ], [ [ 110.578532853285324, -6.764326432643261 ], [ 110.578907890789097, -6.764176417641771 ], [ 110.578907890789097, -6.764251425142519 ], [ 110.578532853285324, -6.764326432643261 ] ], [ [ 110.578232823282335, -6.76432643264326 ], [ 110.578457845784584, -6.764251425142517 ], [ 110.578457845784584, -6.76432643264326 ], [ 110.578232823282335, -6.76432643264326 ] ], [ [ 110.57680768076807, -6.764926492649263 ], [ 110.577782778277822, -6.765151515151508 ], [ 110.577032703270334, -6.76590159015901 ], [ 110.57680768076807, -6.764926492649263 ] ], [ [ 110.577857785778576, -6.764401440144015 ], [ 110.578082808280826, -6.764326432643265 ], [ 110.578082808280826, -6.764401440144016 ], [ 110.577857785778576, -6.764401440144015 ] ], [ [ 110.576207620762077, -6.765376537653768 ], [ 110.576357635763571, -6.765301530153007 ], [ 110.576357635763571, -6.765376537653771 ], [ 110.576207620762077, -6.765376537653768 ] ], [ [ 110.575982598259827, -6.765751575157512 ], [ 110.576207620762077, -6.765601560156015 ], [ 110.575982598259827, -6.766051605160511 ], [ 110.575982598259827, -6.765751575157512 ] ], [ [ 110.575907590759073, -6.766126612661265 ], [ 110.575982598259827, -6.766051605160511 ], [ 110.575982598259827, -6.766126612661272 ], [ 110.575907590759073, -6.766126612661265 ] ], [ [ 110.57680768076807, -6.766876687668768 ], [ 110.576957695769579, -6.766801680168013 ], [ 110.576957695769579, -6.766876687668773 ], [ 110.57680768076807, -6.766876687668768 ] ], [ [ 110.578457845784584, -6.767101710171017 ], [ 110.578607860786079, -6.767026702670259 ], [ 110.578607860786079, -6.767101710171019 ], [ 110.578457845784584, -6.767101710171017 ] ], [ [ 110.576357635763571, -6.767251725172517 ], [ 110.576957695769579, -6.767176717671763 ], [ 110.577107710771074, -6.767326732673259 ], [ 110.576357635763571, -6.767251725172517 ] ], [ [ 110.579507950795076, -6.767251725172526 ], [ 110.579582958295845, -6.767176717671775 ], [ 110.579582958295845, -6.767251725172509 ], [ 110.579507950795076, -6.767251725172526 ] ], [ [ 110.580183018301824, -6.767326732673275 ], [ 110.580258025802578, -6.767251725172508 ], [ 110.580258025802578, -6.767326732673272 ], [ 110.580183018301824, -6.767326732673275 ] ], [ [ 110.577557755775587, -6.767401740174024 ], [ 110.577632763276327, -6.767326732673265 ], [ 110.577632763276327, -6.767401740174015 ], [ 110.577557755775587, -6.767401740174024 ] ], [ [ 110.577707770777081, -6.767401740174015 ], [ 110.578007800780071, -6.767326732673266 ], [ 110.578007800780071, -6.767401740174018 ], [ 110.577707770777081, -6.767401740174015 ] ], [ [ 110.575832583258332, -6.767701770177024 ], [ 110.576057605760582, -6.767626762676261 ], [ 110.575832583258332, -6.768001800180016 ], [ 110.575832583258332, -6.767701770177024 ] ], [ [ 110.577407740774078, -6.767476747674764 ], [ 110.577557755775587, -6.767401740174024 ], [ 110.577557755775587, -6.767476747674762 ], [ 110.577407740774078, -6.767476747674764 ] ], [ [ 110.578607860786079, -6.767551755175522 ], [ 110.578682868286833, -6.767476747674767 ], [ 110.578682868286833, -6.767551755175514 ], [ 110.578607860786079, -6.767551755175522 ] ], [ [ 110.579057905790577, -6.767551755175523 ], [ 110.579657965796585, -6.767476747674767 ], [ 110.579657965796585, -6.767626762676271 ], [ 110.579057905790577, -6.767551755175523 ] ], [ [ 110.581533153315334, -6.767701770177018 ], [ 110.581608160816089, -6.767626762676273 ], [ 110.581608160816089, -6.767701770177018 ], [ 110.581533153315334, -6.767701770177018 ] ], [ [ 110.581608160816089, -6.76777677767777 ], [ 110.581683168316829, -6.767701770177024 ], [ 110.581683168316829, -6.767776777677771 ], [ 110.581608160816089, -6.76777677767777 ] ], [ [ 110.575682568256823, -6.768451845184522 ], [ 110.575757575757578, -6.768226822682275 ], [ 110.575757575757578, -6.768451845184527 ], [ 110.575682568256823, -6.768451845184522 ] ], [ [ 110.579507950795076, -6.768451845184519 ], [ 110.579582958295845, -6.768376837683762 ], [ 110.579582958295845, -6.768451845184512 ], [ 110.579507950795076, -6.768451845184519 ] ], [ [ 110.575607560756069, -6.768676867686772 ], [ 110.575682568256823, -6.768451845184522 ], [ 110.575682568256823, -6.768676867686767 ], [ 110.575607560756069, -6.768676867686772 ] ], [ [ 110.575607560756069, -6.768901890189012 ], [ 110.575682568256823, -6.768826882688272 ], [ 110.575682568256823, -6.768901890189018 ], [ 110.575607560756069, -6.768901890189012 ] ], [ [ 110.575532553255329, -6.768976897689771 ], [ 110.575607560756069, -6.768901890189012 ], [ 110.575607560756069, -6.76897689768976 ], [ 110.575532553255329, -6.768976897689771 ] ], [ [ 110.575532553255329, -6.769576957695776 ], [ 110.575607560756069, -6.769126912691275 ], [ 110.575607560756069, -6.769576957695766 ], [ 110.575532553255329, -6.769576957695776 ] ], [ [ 110.580783078307832, -6.770927092709266 ], [ 110.580933093309326, -6.770852085208523 ], [ 110.580933093309326, -6.770927092709266 ], [ 110.580783078307832, -6.770927092709266 ] ], [ [ 110.581308130813085, -6.771077107710766 ], [ 110.58145814581458, -6.771002100210026 ], [ 110.58145814581458, -6.771077107710778 ], [ 110.581308130813085, -6.771077107710766 ] ], [ [ 110.573132313231326, -6.774977497749777 ], [ 110.573207320732067, -6.77490249024902 ], [ 110.573207320732067, -6.774977497749779 ], [ 110.573132313231326, -6.774977497749777 ] ], [ [ 110.573207320732067, -6.775052505250529 ], [ 110.573282328232835, -6.774977497749777 ], [ 110.573282328232835, -6.775052505250517 ], [ 110.573207320732067, -6.775052505250529 ] ], [ [ 110.570282028202826, -6.775277527752771 ], [ 110.570582058205815, -6.775127512751276 ], [ 110.570657065706584, -6.77527752775277 ], [ 110.570282028202826, -6.775277527752771 ] ], [ [ 110.571107110711068, -6.77535253525352 ], [ 110.571182118211823, -6.775202520252019 ], [ 110.571182118211823, -6.775352535253528 ], [ 110.571107110711068, -6.77535253525352 ] ], [ [ 110.569756975697572, -6.775427542754276 ], [ 110.569831983198327, -6.775352535253521 ], [ 110.569831983198327, -6.775427542754275 ], [ 110.569756975697572, -6.775427542754276 ] ], [ [ 110.569606960696063, -6.775802580258032 ], [ 110.570207020702071, -6.775502550255033 ], [ 110.570132013201317, -6.77580258025802 ], [ 110.569606960696063, -6.775802580258032 ] ], [ [ 110.568931893189315, -6.776027602760282 ], [ 110.569081908190824, -6.775652565256532 ], [ 110.569006900690084, -6.776027602760269 ], [ 110.568931893189315, -6.776027602760282 ] ], [ [ 110.569156915691565, -6.775877587758782 ], [ 110.569456945694569, -6.775802580258032 ], [ 110.569231923192319, -6.776177617761784 ], [ 110.569156915691565, -6.775877587758782 ] ], [ [ 110.571407140714072, -6.776177617761779 ], [ 110.571482148214827, -6.776027602760269 ], [ 110.571482148214827, -6.776177617761769 ], [ 110.571407140714072, -6.776177617761779 ] ], [ [ 110.568631863186312, -6.776252625262527 ], [ 110.568781878187821, -6.776402640264031 ], [ 110.568631863186312, -6.776552655265528 ], [ 110.568631863186312, -6.776252625262527 ] ], [ [ 110.569756975697572, -6.776327632763282 ], [ 110.569831983198327, -6.776102610261017 ], [ 110.569831983198327, -6.776327632763279 ], [ 110.569756975697572, -6.776327632763282 ] ], [ [ 110.570657065706584, -6.776552655265534 ], [ 110.571032103210328, -6.776252625262534 ], [ 110.570882088208819, -6.776702670267034 ], [ 110.570657065706584, -6.776552655265534 ] ], [ [ 110.570357035703566, -6.777827782778284 ], [ 110.571407140714072, -6.776327632763282 ], [ 110.570882088208819, -6.777227722772278 ], [ 110.571107110711068, -6.777752775277524 ], [ 110.569156915691565, -6.78195319531954 ], [ 110.573207320732067, -6.78397839783978 ], [ 110.57538253825382, -6.781503150315025 ], [ 110.573282328232835, -6.78517851785179 ], [ 110.567956795679564, -6.781803180318024 ], [ 110.569231923192319, -6.778202820282034 ], [ 110.568856885688575, -6.779102910291023 ], [ 110.568331833183322, -6.778577857785773 ], [ 110.569906990699067, -6.77700270027002 ], [ 110.569831983198327, -6.778052805280522 ], [ 110.570732073207324, -6.778127812781276 ], [ 110.570357035703566, -6.777827782778284 ] ], [ [ 110.578457845784584, -6.776177617761778 ], [ 110.583333333333329, -6.778202820282023 ], [ 110.58453345334533, -6.780003000300026 ], [ 110.580933093309326, -6.779477947794777 ], [ 110.578457845784584, -6.776177617761778 ] ], [ [ 110.568931893189315, -6.776327632763272 ], [ 110.569081908190824, -6.77655265526553 ], [ 110.568931893189315, -6.776627662766278 ], [ 110.568931893189315, -6.776327632763272 ] ], [ [ 110.569681968196818, -6.776552655265528 ], [ 110.569756975697572, -6.776327632763282 ], [ 110.569756975697572, -6.776552655265523 ], [ 110.569681968196818, -6.776552655265528 ] ], [ [ 110.570357035703566, -6.776552655265521 ], [ 110.570507050705075, -6.776327632763272 ], [ 110.570507050705075, -6.776552655265527 ], [ 110.570357035703566, -6.776552655265521 ] ], [ [ 110.569156915691565, -6.776702670267026 ], [ 110.569231923192319, -6.776402640264023 ], [ 110.569231923192319, -6.776702670267025 ], [ 110.569156915691565, -6.776702670267026 ] ], [ [ 110.577932793279345, -6.776552655265528 ], [ 110.578007800780071, -6.776477647764786 ], [ 110.578007800780071, -6.776552655265521 ], [ 110.577932793279345, -6.776552655265528 ] ], [ [ 110.569606960696063, -6.776702670267031 ], [ 110.569681968196818, -6.776552655265528 ], [ 110.569681968196818, -6.776702670267031 ], [ 110.569606960696063, -6.776702670267031 ] ], [ [ 110.57043204320432, -6.776627662766285 ], [ 110.570732073207324, -6.77685268526852 ], [ 110.57043204320432, -6.776927692769272 ], [ 110.570282028202826, -6.777152715271523 ], [ 110.57043204320432, -6.776627662766285 ] ], [ [ 110.570207020702071, -6.776927692769282 ], [ 110.570282028202826, -6.776777677767767 ], [ 110.570282028202826, -6.776927692769271 ], [ 110.570207020702071, -6.776927692769282 ] ], [ [ 110.570132013201317, -6.777077707770777 ], [ 110.570207020702071, -6.776927692769282 ], [ 110.570207020702071, -6.777077707770785 ], [ 110.570132013201317, -6.777077707770777 ] ], [ [ 110.570507050705075, -6.777152715271534 ], [ 110.570582058205815, -6.777002700270033 ], [ 110.570582058205815, -6.777152715271525 ], [ 110.570507050705075, -6.777152715271534 ] ], [ [ 110.573357335733576, -6.77730273027303 ], [ 110.57343234323433, -6.777152715271524 ], [ 110.57343234323433, -6.777302730273026 ], [ 110.573357335733576, -6.77730273027303 ] ], [ [ 110.57208220822082, -6.777977797779771 ], [ 110.572157215721575, -6.777902790279023 ], [ 110.572157215721575, -6.777977797779782 ], [ 110.57208220822082, -6.777977797779771 ] ], [ [ 110.570132013201317, -6.778052805280524 ], [ 110.570207020702071, -6.777977797779784 ], [ 110.570207020702071, -6.778052805280534 ], [ 110.570132013201317, -6.778052805280524 ] ], [ [ 110.578007800780071, -6.781953195319525 ], [ 110.578082808280826, -6.781878187818773 ], [ 110.578082808280826, -6.781953195319533 ], [ 110.578007800780071, -6.781953195319525 ] ], [ [ 110.568181818181813, -6.782178217821778 ], [ 110.568481848184817, -6.782178217821774 ], [ 110.568031803180318, -6.782778277827785 ], [ 110.568181818181813, -6.782178217821778 ] ], [ [ 110.578082808280826, -6.782028202820281 ], [ 110.57815781578158, -6.78195319531954 ], [ 110.57815781578158, -6.782028202820288 ], [ 110.578082808280826, -6.782028202820281 ] ], [ [ 110.577932793279345, -6.782328232823288 ], [ 110.578007800780071, -6.782178217821791 ], [ 110.578007800780071, -6.782328232823279 ], [ 110.577932793279345, -6.782328232823288 ] ], [ [ 110.577857785778576, -6.782403240324039 ], [ 110.577932793279345, -6.782328232823288 ], [ 110.577932793279345, -6.782403240324032 ], [ 110.577857785778576, -6.782403240324039 ] ], [ [ 110.568406840684062, -6.782553255325533 ], [ 110.568481848184817, -6.782478247824779 ], [ 110.568481848184817, -6.782553255325532 ], [ 110.568406840684062, -6.782553255325533 ] ], [ [ 110.568331833183322, -6.782703270327026 ], [ 110.568406840684062, -6.782628262826276 ], [ 110.568406840684062, -6.782703270327025 ], [ 110.568331833183322, -6.782703270327026 ] ], [ [ 110.568106810681073, -6.782778277827775 ], [ 110.568181818181813, -6.78270327032704 ], [ 110.568181818181813, -6.782778277827779 ], [ 110.568106810681073, -6.782778277827775 ] ], [ [ 110.579582958295845, -6.782778277827777 ], [ 110.579657965796585, -6.782703270327037 ], [ 110.579657965796585, -6.782778277827783 ], [ 110.579582958295845, -6.782778277827777 ] ], [ [ 110.567881788178823, -6.782928292829283 ], [ 110.567956795679564, -6.782778277827778 ], [ 110.567956795679564, -6.782928292829274 ], [ 110.567881788178823, -6.782928292829283 ] ], [ [ 110.567656765676574, -6.783378337833778 ], [ 110.568481848184817, -6.783153315331533 ], [ 110.568556855685571, -6.783378337833788 ], [ 110.567656765676574, -6.783378337833778 ] ], [ [ 110.56758175817582, -6.783528352835274 ], [ 110.567656765676574, -6.783378337833778 ], [ 110.567656765676574, -6.783528352835281 ], [ 110.56758175817582, -6.783528352835274 ] ], [ [ 110.567506750675065, -6.783678367836789 ], [ 110.56758175817582, -6.783528352835274 ], [ 110.56758175817582, -6.783678367836782 ], [ 110.567506750675065, -6.783678367836789 ] ], [ [ 110.567731773177314, -6.783603360336036 ], [ 110.567806780678069, -6.783528352835285 ], [ 110.567806780678069, -6.783603360336038 ], [ 110.567731773177314, -6.783603360336036 ] ], [ [ 110.568106810681073, -6.783678367836785 ], [ 110.568256825682568, -6.783528352835291 ], [ 110.568181818181813, -6.783678367836786 ], [ 110.568106810681073, -6.783678367836785 ] ], [ [ 110.567881788178823, -6.783678367836778 ], [ 110.567956795679564, -6.783603360336031 ], [ 110.567956795679564, -6.783678367836789 ], [ 110.567881788178823, -6.783678367836778 ] ], [ [ 110.567431743174311, -6.783828382838284 ], [ 110.567506750675065, -6.783753375337534 ], [ 110.567506750675065, -6.783828382838285 ], [ 110.567431743174311, -6.783828382838284 ] ], [ [ 110.567806780678069, -6.783828382838281 ], [ 110.567881788178823, -6.783753375337526 ], [ 110.567881788178823, -6.783828382838279 ], [ 110.567806780678069, -6.783828382838281 ] ], [ [ 110.567356735673584, -6.783978397839782 ], [ 110.567431743174311, -6.783903390339041 ], [ 110.567431743174311, -6.783978397839787 ], [ 110.567356735673584, -6.783978397839782 ] ], [ [ 110.567881788178823, -6.78397839783979 ], [ 110.567956795679564, -6.783903390339035 ], [ 110.567956795679564, -6.783978397839785 ], [ 110.567881788178823, -6.78397839783979 ] ], [ [ 110.567281728172816, -6.784128412841275 ], [ 110.567356735673584, -6.78405340534053 ], [ 110.567356735673584, -6.784128412841286 ], [ 110.567281728172816, -6.784128412841275 ] ], [ [ 110.567206720672061, -6.784278427842785 ], [ 110.567281728172816, -6.784203420342036 ], [ 110.567281728172816, -6.784278427842786 ], [ 110.567206720672061, -6.784278427842785 ] ], [ [ 110.566531653165313, -6.785028502850289 ], [ 110.566906690669072, -6.784878487848777 ], [ 110.566906690669072, -6.785028502850285 ], [ 110.566531653165313, -6.785028502850289 ] ], [ [ 110.583258325832588, -6.784953495349528 ], [ 110.583333333333329, -6.784878487848783 ], [ 110.583333333333329, -6.784953495349533 ], [ 110.583258325832588, -6.784953495349528 ] ], [ [ 110.56758175817582, -6.785178517851791 ], [ 110.567731773177314, -6.785028502850286 ], [ 110.567506750675065, -6.785253525352542 ], [ 110.56758175817582, -6.785178517851791 ] ], [ [ 110.566381638163818, -6.78540354035403 ], [ 110.566456645664573, -6.785328532853288 ], [ 110.566456645664573, -6.785403540354037 ], [ 110.566381638163818, -6.78540354035403 ] ], [ [ 110.566456645664573, -6.785628562856283 ], [ 110.566606660666068, -6.785703570357033 ], [ 110.566456645664573, -6.78577857785778 ], [ 110.566456645664573, -6.785628562856283 ] ], [ [ 110.566381638163818, -6.785928592859278 ], [ 110.566456645664573, -6.785853585358529 ], [ 110.566456645664573, -6.785928592859285 ], [ 110.566381638163818, -6.785928592859278 ] ], [ [ 110.566531653165313, -6.785928592859285 ], [ 110.566606660666068, -6.785853585358535 ], [ 110.566606660666068, -6.785928592859278 ], [ 110.566531653165313, -6.785928592859285 ] ], [ [ 110.566306630663064, -6.78607860786078 ], [ 110.566381638163818, -6.786003600360036 ], [ 110.566381638163818, -6.786078607860785 ], [ 110.566306630663064, -6.78607860786078 ] ], [ [ 110.566456645664573, -6.786153615361536 ], [ 110.566531653165313, -6.786003600360032 ], [ 110.566531653165313, -6.786153615361544 ], [ 110.566456645664573, -6.786153615361536 ] ], [ [ 110.566381638163818, -6.786303630363046 ], [ 110.566456645664573, -6.786153615361536 ], [ 110.566456645664573, -6.786303630363031 ], [ 110.566381638163818, -6.786303630363046 ] ], [ [ 110.566306630663064, -6.78645364536454 ], [ 110.566381638163818, -6.786303630363046 ], [ 110.566381638163818, -6.78645364536454 ], [ 110.566306630663064, -6.78645364536454 ] ], [ [ 110.583183318331834, -6.787428742874288 ], [ 110.584383438343835, -6.786903690369043 ], [ 110.583708370837087, -6.787878787878784 ], [ 110.583183318331834, -6.787428742874288 ] ], [ [ 110.569906990699067, -6.78682868286828 ], [ 110.570357035703566, -6.788703870387047 ], [ 110.575457545754574, -6.789978997899781 ], [ 110.576432643264326, -6.792304230423033 ], [ 110.579132913291332, -6.792679267926784 ], [ 110.576582658265835, -6.792904290429037 ], [ 110.57538253825382, -6.790729072907294 ], [ 110.569381938193814, -6.788778877887792 ], [ 110.569906990699067, -6.78682868286828 ] ], [ [ 110.570357035703566, -6.786978697869792 ], [ 110.57043204320432, -6.786903690369041 ], [ 110.57043204320432, -6.78697869786979 ], [ 110.570357035703566, -6.786978697869792 ] ], [ [ 110.574857485748581, -6.788403840384045 ], [ 110.576207620762077, -6.787653765376542 ], [ 110.574932493249335, -6.789153915391533 ], [ 110.574857485748581, -6.788403840384045 ] ], [ [ 110.566156615661569, -6.787653765376538 ], [ 110.566231623162309, -6.787578757875791 ], [ 110.566231623162309, -6.787653765376535 ], [ 110.566156615661569, -6.787653765376538 ] ], [ [ 110.565256525652572, -6.791629162916297 ], [ 110.567881788178823, -6.789453945394539 ], [ 110.566606660666068, -6.791779177917795 ], [ 110.565256525652572, -6.791629162916297 ] ], [ [ 110.565181518151817, -6.789228922892292 ], [ 110.565256525652572, -6.789153915391534 ], [ 110.565256525652572, -6.789228922892282 ], [ 110.565181518151817, -6.789228922892292 ] ], [ [ 110.570057005700576, -6.789978997899797 ], [ 110.57515751575157, -6.790804080408039 ], [ 110.575757575757578, -6.792604260426048 ], [ 110.570057005700576, -6.789978997899797 ] ], [ [ 110.565256525652572, -6.789453945394546 ], [ 110.565331533153312, -6.789378937893783 ], [ 110.565331533153312, -6.789453945394536 ], [ 110.565256525652572, -6.789453945394546 ] ], [ [ 110.569456945694569, -6.789828982898282 ], [ 110.569756975697572, -6.789828982898291 ], [ 110.569456945694569, -6.789903990399043 ], [ 110.569456945694569, -6.789828982898282 ] ], [ [ 110.565181518151817, -6.789828982898294 ], [ 110.565256525652572, -6.789678967896791 ], [ 110.565256525652572, -6.789828982898288 ], [ 110.565181518151817, -6.789828982898294 ] ], [ [ 110.564956495649568, -6.79117911791179 ], [ 110.565106510651063, -6.791329132913296 ], [ 110.564956495649568, -6.791329132913291 ], [ 110.564956495649568, -6.79117911791179 ] ], [ [ 110.564956495649568, -6.791554155415533 ], [ 110.564956495649568, -6.791329132913291 ], [ 110.565181518151817, -6.791554155415534 ], [ 110.564956495649568, -6.791554155415533 ] ], [ [ 110.563831383138307, -6.792229222922285 ], [ 110.563906390639062, -6.792154215421539 ], [ 110.563906390639062, -6.792229222922291 ], [ 110.563831383138307, -6.792229222922285 ] ], [ [ 110.573282328232835, -6.793354335433542 ], [ 110.574932493249335, -6.793729372937286 ], [ 110.574257425742573, -6.795604560456041 ], [ 110.57208220822082, -6.794779477947798 ], [ 110.573282328232835, -6.793354335433542 ] ], [ [ 110.563531353135318, -6.793579357935797 ], [ 110.563606360636058, -6.793504350435048 ], [ 110.563606360636058, -6.793579357935791 ], [ 110.563531353135318, -6.793579357935797 ] ], [ [ 110.563306330633068, -6.794029402940298 ], [ 110.563381338133823, -6.793954395439546 ], [ 110.563381338133823, -6.794029402940296 ], [ 110.563306330633068, -6.794029402940298 ] ], [ [ 110.58145814581458, -6.794104410441041 ], [ 110.581608160816089, -6.794029402940301 ], [ 110.581608160816089, -6.794104410441044 ], [ 110.58145814581458, -6.794104410441041 ] ], [ [ 110.56458145814581, -6.79425442544255 ], [ 110.564656465646564, -6.794179417941787 ], [ 110.564656465646564, -6.794254425442551 ], [ 110.56458145814581, -6.79425442544255 ] ], [ [ 110.564506450645069, -6.794329432943286 ], [ 110.56458145814581, -6.79425442544255 ], [ 110.56458145814581, -6.794329432943298 ], [ 110.564506450645069, -6.794329432943286 ] ], [ [ 110.581833183318338, -6.795004500450045 ], [ 110.582658265826581, -6.795829582958293 ], [ 110.581533153315334, -6.797554755475544 ], [ 110.581383138313825, -6.796954695469545 ], [ 110.581833183318338, -6.795004500450045 ] ], [ [ 110.575532553255329, -6.795679567956799 ], [ 110.577107710771074, -6.796354635463549 ], [ 110.576882688268824, -6.797404740474048 ], [ 110.57515751575157, -6.796804680468052 ], [ 110.575532553255329, -6.795679567956799 ] ], [ [ 110.582658265826581, -6.795904590459037 ], [ 110.582733273327335, -6.795829582958292 ], [ 110.582733273327335, -6.795904590459045 ], [ 110.582658265826581, -6.795904590459037 ] ], [ [ 110.571182118211823, -6.795979597959802 ], [ 110.571257125712577, -6.795904590459052 ], [ 110.571257125712577, -6.795979597959798 ], [ 110.571182118211823, -6.795979597959802 ] ], [ [ 110.571107110711068, -6.796129612961293 ], [ 110.571182118211823, -6.79605460546054 ], [ 110.571182118211823, -6.796129612961301 ], [ 110.571107110711068, -6.796129612961293 ] ], [ [ 110.570507050705075, -6.797104710471041 ], [ 110.571182118211823, -6.796504650465051 ], [ 110.572382238223824, -6.79665466546655 ], [ 110.572532253225319, -6.797029702970291 ], [ 110.570507050705075, -6.797104710471041 ] ], [ [ 110.571407140714072, -6.7964296429643 ], [ 110.571482148214827, -6.796354635463548 ], [ 110.571482148214827, -6.796429642964291 ], [ 110.571407140714072, -6.7964296429643 ] ], [ [ 110.579057905790577, -6.796504650465043 ], [ 110.580783078307832, -6.798004800480045 ], [ 110.580333033303333, -6.799429942994291 ], [ 110.577782778277822, -6.798604860486046 ], [ 110.579057905790577, -6.796504650465043 ] ], [ [ 110.560006000600055, -6.798079807980795 ], [ 110.560681068106817, -6.797404740474044 ], [ 110.560456045604568, -6.79830483048305 ], [ 110.560006000600055, -6.798079807980795 ] ], [ [ 110.570957095709574, -6.797704770477039 ], [ 110.571032103210328, -6.79762976297629 ], [ 110.571032103210328, -6.797704770477042 ], [ 110.570957095709574, -6.797704770477039 ] ], [ [ 110.570207020702071, -6.797854785478556 ], [ 110.570282028202826, -6.797704770477043 ], [ 110.570282028202826, -6.797854785478547 ], [ 110.570207020702071, -6.797854785478556 ] ], [ [ 110.570882088208819, -6.797854785478547 ], [ 110.570957095709574, -6.797704770477039 ], [ 110.570957095709574, -6.797854785478548 ], [ 110.570882088208819, -6.797854785478547 ] ], [ [ 110.57373237323732, -6.798754875487551 ], [ 110.574932493249335, -6.798229822982296 ], [ 110.574707470747072, -6.799204920492054 ], [ 110.57373237323732, -6.798754875487551 ] ], [ [ 110.571032103210328, -6.798904890489053 ], [ 110.571182118211823, -6.798754875487549 ], [ 110.571107110711068, -6.798904890489045 ], [ 110.571032103210328, -6.798904890489053 ] ], [ [ 110.571332133213318, -6.798979897989793 ], [ 110.571407140714072, -6.798829882988294 ], [ 110.571482148214827, -6.798979897989796 ], [ 110.571332133213318, -6.798979897989793 ] ], [ [ 110.571632163216336, -6.799054905490552 ], [ 110.571782178217816, -6.798979897989792 ], [ 110.571782178217816, -6.799054905490546 ], [ 110.571632163216336, -6.799054905490552 ] ], [ [ 110.578682868286833, -6.799354935493545 ], [ 110.578832883288328, -6.799279927992796 ], [ 110.578832883288328, -6.799354935493547 ], [ 110.578682868286833, -6.799354935493545 ] ], [ [ 110.575682568256823, -6.799579957995806 ], [ 110.575757575757578, -6.799429942994307 ], [ 110.575832583258332, -6.7995799579958 ], [ 110.575682568256823, -6.799579957995806 ] ], [ [ 110.580108010801084, -6.801830183018303 ], [ 110.580183018301824, -6.801680168016798 ], [ 110.580333033303333, -6.801830183018303 ], [ 110.580108010801084, -6.801830183018303 ] ], [ [ 110.562031203120313, -6.803405340534049 ], [ 110.562106210621067, -6.803330333033299 ], [ 110.562106210621067, -6.803405340534054 ], [ 110.562031203120313, -6.803405340534049 ] ], [ [ 110.563231323132314, -6.80340534053406 ], [ 110.563306330633068, -6.80333033303331 ], [ 110.563306330633068, -6.803405340534055 ], [ 110.563231323132314, -6.80340534053406 ] ], [ [ 110.563381338133823, -6.803480348034809 ], [ 110.563456345634563, -6.803405340534058 ], [ 110.563456345634563, -6.803480348034808 ], [ 110.563381338133823, -6.803480348034809 ] ], [ [ 110.565481548154821, -6.804830483048297 ], [ 110.565556555655562, -6.804755475547553 ], [ 110.565556555655562, -6.804830483048305 ], [ 110.565481548154821, -6.804830483048297 ] ], [ [ 110.568556855685571, -6.805355535553551 ], [ 110.568631863186312, -6.805280528052799 ], [ 110.568631863186312, -6.805355535553565 ], [ 110.568556855685571, -6.805355535553551 ] ], [ [ 110.557605760576052, -6.805505550555055 ], [ 110.557680768076807, -6.805430543054307 ], [ 110.557680768076807, -6.805505550555052 ], [ 110.557605760576052, -6.805505550555055 ] ], [ [ 110.557530753075312, -6.805580558055802 ], [ 110.557605760576052, -6.805505550555055 ], [ 110.557605760576052, -6.805580558055805 ], [ 110.557530753075312, -6.805580558055802 ] ], [ [ 110.569231923192319, -6.80640564056405 ], [ 110.569306930693074, -6.806330633063308 ], [ 110.569306930693074, -6.806405640564062 ], [ 110.569231923192319, -6.80640564056405 ] ], [ [ 110.557380738073803, -6.806405640564054 ], [ 110.558655865586559, -6.807455745574559 ], [ 110.557305730573063, -6.80858085808581 ], [ 110.556780678067824, -6.80790579057906 ], [ 110.555955595559553, -6.808655865586551 ], [ 110.557380738073803, -6.806405640564054 ] ], [ [ 110.55655565556556, -6.807155715571552 ], [ 110.556630663066301, -6.80708070807081 ], [ 110.556630663066301, -6.80715571557155 ], [ 110.55655565556556, -6.807155715571552 ] ], [ [ 110.558655865586559, -6.807305730573051 ], [ 110.558730873087313, -6.807230723072302 ], [ 110.558730873087313, -6.807305730573064 ], [ 110.558655865586559, -6.807305730573051 ] ], [ [ 110.556780678067824, -6.808205820582057 ], [ 110.55685568556855, -6.808130813081303 ], [ 110.55685568556855, -6.808205820582054 ], [ 110.556780678067824, -6.808205820582057 ] ], [ [ 110.572982298229817, -6.809780978097801 ], [ 110.573132313231326, -6.809855985598564 ], [ 110.572982298229817, -6.809855985598556 ], [ 110.572982298229817, -6.809780978097801 ] ], [ [ 110.560156015601564, -6.813756375637563 ], [ 110.560231023102304, -6.813681368136808 ], [ 110.560231023102304, -6.813756375637562 ], [ 110.560156015601564, -6.813756375637563 ] ] ] } },
{ "type": "Feature", "properties": { "year": 2029, "layer": "atrisk" }, "geometry": { "type": "Polygon", "coordinates": [ [ [ 110.551230123012303, -6.829207920792085 ], [ 110.550930093009299, -6.829507950795082 ], [ 110.553030303030297, -6.829957995799583 ], [ 110.551230123012303, -6.829207920792085 ] ] ] } },
{ "type": "Feature", "properties": { "year": 2029, "layer": "atrisk" }, "geometry": { "type": "Polygon", "coordinates": [ [ [ 110.552505250525073, -6.809030903090307 ], [ 110.551230123012303, -6.810381038103816 ], [ 110.549204920492045, -6.813081308130819 ], [ 110.549654965496543, -6.818106810681074 ], [ 110.545904590459045, -6.821482148214819 ], [ 110.544029402940296, -6.819906990699073 ], [ 110.542454245424537, -6.820657065706573 ], [ 110.537353735373543, -6.827182718271833 ], [ 110.534953495349541, -6.82778277827782 ], [ 110.530603060306035, -6.832133213321332 ], [ 110.532928292829283, -6.834833483348337 ], [ 110.535028502850281, -6.831983198319838 ], [ 110.533603360336031, -6.836183618361829 ], [ 110.529702970297024, -6.832358235823581 ], [ 110.520102010201029, -6.834983498349827 ], [ 110.523402340234028, -6.838508850885088 ], [ 110.527527752775271, -6.839333933393331 ], [ 110.528727872787272, -6.845409540954095 ], [ 110.529852985298533, -6.845634563456345 ], [ 110.528802880288026, -6.845859585958591 ], [ 110.528202820282033, -6.8446594659466 ], [ 110.527602760276025, -6.848034803480344 ], [ 110.530828082808284, -6.845859585958595 ], [ 110.534878487848786, -6.849534953495342 ], [ 110.537728772877287, -6.846609660966095 ], [ 110.539828982898285, -6.843459345934588 ], [ 110.537953795379551, -6.84105910591059 ], [ 110.53847884788479, -6.840609060906084 ], [ 110.540354035403539, -6.842259225922591 ], [ 110.540579057905802, -6.841884188418846 ], [ 110.536003600360033, -6.838208820882087 ], [ 110.541179117911796, -6.840684068406834 ], [ 110.542754275427541, -6.834383438343829 ], [ 110.547179717971801, -6.833333333333338 ], [ 110.545079507950788, -6.831833183318329 ], [ 110.54605460546054, -6.826732673267331 ], [ 110.5476297629763, -6.828082808280824 ], [ 110.5459795979598, -6.83153315331533 ], [ 110.547929792979303, -6.833183318331829 ], [ 110.550930093009299, -6.831908190819084 ], [ 110.548754875487546, -6.827557755775579 ], [ 110.554755475547552, -6.829432943294325 ], [ 110.559930993099314, -6.82373237323732 ], [ 110.562556255625566, -6.818181818181822 ], [ 110.561881188118818, -6.816231623162309 ], [ 110.552505250525073, -6.809030903090307 ] ], [ [ 110.550330033003306, -6.811731173117305 ], [ 110.550405040504046, -6.811656165616567 ], [ 110.550405040504046, -6.811731173117312 ], [ 110.550330033003306, -6.811731173117305 ] ], [ [ 110.550030003000302, -6.814731473147309 ], [ 110.551830183018296, -6.814956495649571 ], [ 110.552055205520546, -6.815406540654071 ], [ 110.550030003000302, -6.814731473147309 ] ], [ [ 110.551755175517556, -6.815481548154808 ], [ 110.551905190519051, -6.815406540654063 ], [ 110.551905190519051, -6.815481548154811 ], [ 110.551755175517556, -6.815481548154808 ] ], [ [ 110.551755175517556, -6.821107110711061 ], [ 110.552055205520546, -6.822382238223827 ], [ 110.550030003000302, -6.824857485748568 ], [ 110.548754875487546, -6.824782478247832 ], [ 110.548154815481553, -6.825982598259827 ], [ 110.547254725472541, -6.825832583258329 ], [ 110.546804680468043, -6.82665766576657 ], [ 110.543579357935812, -6.824182418241831 ], [ 110.544929492949294, -6.821257125712576 ], [ 110.545079507950788, -6.823582358235821 ], [ 110.547704770477054, -6.825232523252327 ], [ 110.551755175517556, -6.821107110711061 ] ], [ [ 110.552355235523549, -6.825307530753072 ], [ 110.553330333033301, -6.824707470747076 ], [ 110.552505250525073, -6.826057605760575 ], [ 110.552355235523549, -6.825307530753072 ] ], [ [ 110.54132913291329, -6.82583258325832 ], [ 110.542379237923797, -6.825232523252327 ], [ 110.541404140414045, -6.825982598259831 ], [ 110.54132913291329, -6.82583258325832 ] ], [ [ 110.542379237923797, -6.82515751575157 ], [ 110.542454245424537, -6.825082508250833 ], [ 110.542454245424537, -6.825157515751576 ], [ 110.542379237923797, -6.82515751575157 ] ], [ [ 110.542529252925291, -6.82515751575158 ], [ 110.542679267926786, -6.825082508250827 ], [ 110.542679267926786, -6.825157515751581 ], [ 110.542529252925291, -6.82515751575158 ] ], [ [ 110.541179117911796, -6.826057605760584 ], [ 110.541254125412536, -6.825982598259818 ], [ 110.541254125412536, -6.826057605760577 ], [ 110.541179117911796, -6.826057605760584 ] ], [ [ 110.547329732973296, -6.826057605760569 ], [ 110.54740474047405, -6.825982598259818 ], [ 110.54740474047405, -6.826057605760582 ], [ 110.547329732973296, -6.826057605760569 ] ], [ [ 110.540579057905802, -6.826132613261333 ], [ 110.541179117911796, -6.826207620762077 ], [ 110.540054005400535, -6.826957695769573 ], [ 110.540579057905802, -6.826132613261333 ] ], [ [ 110.540354035403539, -6.826957695769571 ], [ 110.540429042904293, -6.826882688268821 ], [ 110.540429042904293, -6.826957695769575 ], [ 110.540354035403539, -6.826957695769571 ] ], [ [ 110.539978997899794, -6.827032703270325 ], [ 110.540054005400535, -6.826957695769573 ], [ 110.540054005400535, -6.827032703270319 ], [ 110.539978997899794, -6.827032703270325 ] ], [ [ 110.539753975397545, -6.82718271827183 ], [ 110.539828982898285, -6.827107710771076 ], [ 110.539828982898285, -6.827182718271825 ], [ 110.539753975397545, -6.82718271827183 ] ], [ [ 110.539528952895296, -6.827407740774071 ], [ 110.539603960396036, -6.827332733273328 ], [ 110.539603960396036, -6.827407740774083 ], [ 110.539528952895296, -6.827407740774071 ] ], [ [ 110.538928892889302, -6.827782778277826 ], [ 110.539003900390043, -6.827707770777087 ], [ 110.539003900390043, -6.827782778277837 ], [ 110.538928892889302, -6.827782778277826 ] ], [ [ 110.536303630363051, -6.827782778277836 ], [ 110.538403840384035, -6.832133213321324 ], [ 110.542754275427541, -6.833858385838584 ], [ 110.542379237923797, -6.834683468346832 ], [ 110.537878787878782, -6.832133213321326 ], [ 110.536303630363051, -6.827782778277836 ] ], [ [ 110.536078607860787, -6.828082808280823 ], [ 110.536153615361542, -6.828007800780082 ], [ 110.536153615361542, -6.828082808280823 ], [ 110.536078607860787, -6.828082808280823 ] ], [ [ 110.537203720372034, -6.828832883288324 ], [ 110.537353735373543, -6.828757875787586 ], [ 110.537353735373543, -6.828832883288333 ], [ 110.537203720372034, -6.828832883288324 ] ], [ [ 110.539378937893787, -6.832433243324333 ], [ 110.539453945394541, -6.832358235823583 ], [ 110.539453945394541, -6.832433243324328 ], [ 110.539378937893787, -6.832433243324333 ] ], [ [ 110.539453945394541, -6.832508250825076 ], [ 110.539528952895296, -6.832433243324336 ], [ 110.539528952895296, -6.832508250825081 ], [ 110.539453945394541, -6.832508250825076 ] ], [ [ 110.542754275427541, -6.834233423342329 ], [ 110.542829282928295, -6.834158415841581 ], [ 110.542829282928295, -6.834233423342324 ], [ 110.542754275427541, -6.834233423342329 ] ], [ [ 110.542679267926786, -6.834308430843077 ], [ 110.542754275427541, -6.834233423342329 ], [ 110.542754275427541, -6.834308430843085 ], [ 110.542679267926786, -6.834308430843077 ] ], [ [ 110.525802580258031, -6.83438343834383 ], [ 110.52767776777678, -6.837083708370831 ], [ 110.530453045304526, -6.836633663366339 ], [ 110.534053405340529, -6.838133813381343 ], [ 110.52745274527453, -6.837158715871584 ], [ 110.524227422742271, -6.835133513351327 ], [ 110.525802580258031, -6.83438343834383 ] ], [ [ 110.541929192919312, -6.83498349834983 ], [ 110.542229222922302, -6.834908490849089 ], [ 110.541929192919312, -6.835133513351333 ], [ 110.541929192919312, -6.83498349834983 ] ], [ [ 110.522577257725771, -6.834833483348338 ], [ 110.525427542754272, -6.836408640864085 ], [ 110.524827482748279, -6.837908790879079 ], [ 110.521827182718269, -6.83648364836484 ], [ 110.522577257725771, -6.834833483348338 ] ], [ [ 110.524152415241531, -6.835058505850584 ], [ 110.524227422742271, -6.834983498349827 ], [ 110.524227422742271, -6.835058505850585 ], [ 110.524152415241531, -6.835058505850584 ] ], [ [ 110.52737773777379, -6.835958595859584 ], [ 110.527602760276025, -6.835808580858082 ], [ 110.527602760276025, -6.835883588358833 ], [ 110.52737773777379, -6.835958595859584 ] ], [ [ 110.53375337533754, -6.836108610861092 ], [ 110.534803480348032, -6.836783678367839 ], [ 110.536228622862282, -6.837083708370837 ], [ 110.536528652865286, -6.837233723372334 ], [ 110.536528652865286, -6.837383738373842 ], [ 110.535403540354039, -6.837383738373845 ], [ 110.53375337533754, -6.836108610861092 ] ], [ [ 110.533603360336031, -6.836258625862594 ], [ 110.533678367836785, -6.836183618361841 ], [ 110.533678367836785, -6.836258625862579 ], [ 110.533603360336031, -6.836258625862594 ] ], [ [ 110.528727872787272, -6.836858685868593 ], [ 110.528802880288026, -6.836783678367841 ], [ 110.528802880288026, -6.836858685868582 ], [ 110.528727872787272, -6.836858685868593 ] ], [ [ 110.527002700270032, -6.837383738373846 ], [ 110.530153015301536, -6.837758775877595 ], [ 110.531653165316541, -6.83835883588358 ], [ 110.527752775277534, -6.837983798379829 ], [ 110.527002700270032, -6.837383738373846 ] ], [ [ 110.533303330333041, -6.838733873387334 ], [ 110.536153615361542, -6.838733873387333 ], [ 110.537128712871294, -6.839483948394839 ], [ 110.533303330333041, -6.838733873387334 ] ], [ [ 110.537128712871294, -6.839558955895585 ], [ 110.537203720372034, -6.839483948394846 ], [ 110.537203720372034, -6.839558955895595 ], [ 110.537128712871294, -6.839558955895585 ] ], [ [ 110.53690369036903, -6.839633963396332 ], [ 110.536978697869785, -6.839558955895597 ], [ 110.536978697869785, -6.839633963396346 ], [ 110.53690369036903, -6.839633963396332 ] ], [ [ 110.537203720372034, -6.839633963396333 ], [ 110.537278727872803, -6.839558955895591 ], [ 110.537278727872803, -6.839633963396346 ], [ 110.537203720372034, -6.839633963396333 ] ], [ [ 110.539828982898285, -6.839633963396338 ], [ 110.53990399039904, -6.839558955895596 ], [ 110.53990399039904, -6.839633963396348 ], [ 110.539828982898285, -6.839633963396338 ] ], [ [ 110.537053705370539, -6.839708970897088 ], [ 110.537128712871294, -6.839633963396339 ], [ 110.537128712871294, -6.839708970897095 ], [ 110.537053705370539, -6.839708970897088 ] ], [ [ 110.537428742874283, -6.839858985898589 ], [ 110.537428742874283, -6.839633963396333 ], [ 110.537578757875792, -6.839858985898594 ], [ 110.537428742874283, -6.839858985898589 ] ], [ [ 110.53990399039904, -6.839708970897085 ], [ 110.539978997899794, -6.839633963396342 ], [ 110.539978997899794, -6.839708970897094 ], [ 110.53990399039904, -6.839708970897085 ] ], [ [ 110.530903090309025, -6.840384038403847 ], [ 110.531578157815787, -6.83993399339934 ], [ 110.530903090309025, -6.840534053405337 ], [ 110.530903090309025, -6.840384038403847 ] ], [ [ 110.539978997899794, -6.839783978397833 ], [ 110.540129012901289, -6.83970897089709 ], [ 110.540129012901289, -6.839783978397838 ], [ 110.539978997899794, -6.839783978397833 ] ], [ [ 110.534053405340529, -6.840234023402338 ], [ 110.535403540354039, -6.840084008400836 ], [ 110.535853585358538, -6.840384038403847 ], [ 110.534053405340529, -6.840234023402338 ] ], [ [ 110.537053705370539, -6.839933993399345 ], [ 110.537203720372034, -6.839858985898583 ], [ 110.537203720372034, -6.839933993399335 ], [ 110.537053705370539, -6.839933993399345 ] ], [ [ 110.537578757875792, -6.839933993399333 ], [ 110.537653765376533, -6.839858985898593 ], [ 110.537653765376533, -6.839933993399347 ], [ 110.537578757875792, -6.839933993399333 ] ], [ [ 110.540129012901289, -6.839933993399344 ], [ 110.540204020402044, -6.839858985898583 ], [ 110.540204020402044, -6.839933993399335 ], [ 110.540129012901289, -6.839933993399344 ] ], [ [ 110.537278727872803, -6.840009000900093 ], [ 110.537353735373543, -6.839933993399338 ], [ 110.537353735373543, -6.840009000900097 ], [ 110.537278727872803, -6.840009000900093 ] ], [ [ 110.537653765376533, -6.84000900090009 ], [ 110.537803780378042, -6.839933993399338 ], [ 110.537803780378042, -6.840084008400845 ], [ 110.537653765376533, -6.84000900090009 ] ], [ [ 110.537428742874283, -6.840084008400833 ], [ 110.537503750375038, -6.840009000900096 ], [ 110.537503750375038, -6.840084008400843 ], [ 110.537428742874283, -6.840084008400833 ] ], [ [ 110.540279027902784, -6.840084008400837 ], [ 110.540354035403539, -6.84000900090009 ], [ 110.540354035403539, -6.840084008400843 ], [ 110.540279027902784, -6.840084008400837 ] ], [ [ 110.537578757875792, -6.84015901590159 ], [ 110.537653765376533, -6.840084008400838 ], [ 110.537653765376533, -6.840159015901589 ], [ 110.537578757875792, -6.84015901590159 ] ], [ [ 110.537803780378042, -6.840159015901596 ], [ 110.537878787878782, -6.840084008400836 ], [ 110.537878787878782, -6.840159015901586 ], [ 110.537803780378042, -6.840159015901596 ] ], [ [ 110.537878787878782, -6.840234023402342 ], [ 110.538028802880291, -6.840159015901593 ], [ 110.538028802880291, -6.840234023402331 ], [ 110.537878787878782, -6.840234023402342 ] ], [ [ 110.537653765376533, -6.840309030903087 ], [ 110.537728772877287, -6.840234023402346 ], [ 110.537728772877287, -6.840309030903089 ], [ 110.537653765376533, -6.840309030903087 ] ], [ [ 110.538028802880291, -6.840309030903089 ], [ 110.538103810381031, -6.840234023402346 ], [ 110.538103810381031, -6.840309030903087 ], [ 110.538028802880291, -6.840309030903089 ] ], [ [ 110.538103810381031, -6.840384038403848 ], [ 110.538178817881786, -6.840309030903087 ], [ 110.538178817881786, -6.840384038403833 ], [ 110.538103810381031, -6.840384038403848 ] ], [ [ 110.538178817881786, -6.840459045904597 ], [ 110.53825382538254, -6.840384038403834 ], [ 110.53825382538254, -6.840459045904582 ], [ 110.538178817881786, -6.840459045904597 ] ], [ [ 110.53825382538254, -6.840534053405335 ], [ 110.538328832883295, -6.840459045904586 ], [ 110.538328832883295, -6.840534053405338 ], [ 110.53825382538254, -6.840534053405335 ] ], [ [ 110.538028802880291, -6.840609060906098 ], [ 110.538103810381031, -6.840534053405334 ], [ 110.538103810381031, -6.840609060906093 ], [ 110.538028802880291, -6.840609060906098 ] ], [ [ 110.538328832883295, -6.840609060906091 ], [ 110.538403840384035, -6.840534053405342 ], [ 110.538403840384035, -6.840609060906096 ], [ 110.538328832883295, -6.840609060906091 ] ], [ [ 110.530828082808284, -6.840759075907597 ], [ 110.530903090309025, -6.840609060906089 ], [ 110.530903090309025, -6.840759075907586 ], [ 110.530828082808284, -6.840759075907597 ] ], [ [ 110.53075307530753, -6.840909090909096 ], [ 110.530828082808284, -6.840834083408334 ], [ 110.530828082808284, -6.84090909090909 ], [ 110.53075307530753, -6.840909090909096 ] ], [ [ 110.530828082808284, -6.841134113411336 ], [ 110.530903090309025, -6.841059105910584 ], [ 110.530903090309025, -6.841134113411348 ], [ 110.530828082808284, -6.841134113411336 ] ], [ [ 110.530678067806789, -6.841209120912096 ], [ 110.530828082808284, -6.842709270927099 ], [ 110.530228022802277, -6.844059405940595 ], [ 110.53052805280528, -6.842784278427845 ], [ 110.530678067806789, -6.841209120912096 ] ], [ [ 110.530828082808284, -6.841509150915095 ], [ 110.530903090309025, -6.841359135913599 ], [ 110.530903090309025, -6.841509150915098 ], [ 110.530828082808284, -6.841509150915095 ] ], [ [ 110.537878787878782, -6.841884188418844 ], [ 110.537953795379551, -6.841809180918085 ], [ 110.537953795379551, -6.841884188418846 ], [ 110.537878787878782, -6.841884188418844 ] ], [ [ 110.537878787878782, -6.842109210921088 ], [ 110.537953795379551, -6.842034203420348 ], [ 110.537953795379551, -6.842109210921089 ], [ 110.537878787878782, -6.842109210921088 ] ], [ [ 110.537428742874283, -6.842184218421841 ], [ 110.537653765376533, -6.842184218421848 ], [ 110.537428742874283, -6.842259225922589 ], [ 110.537428742874283, -6.842184218421841 ] ], [ [ 110.538028802880291, -6.842184218421851 ], [ 110.538103810381031, -6.842109210921088 ], [ 110.538103810381031, -6.842184218421847 ], [ 110.538028802880291, -6.842184218421851 ] ], [ [ 110.537878787878782, -6.842259225922583 ], [ 110.538028802880291, -6.842184218421851 ], [ 110.538028802880291, -6.842259225922598 ], [ 110.537878787878782, -6.842259225922583 ] ], [ [ 110.537053705370539, -6.842484248424838 ], [ 110.537428742874283, -6.842334233423342 ], [ 110.537053705370539, -6.842559255925583 ], [ 110.537053705370539, -6.842484248424838 ] ], [ [ 110.537803780378042, -6.842334233423337 ], [ 110.537878787878782, -6.842259225922583 ], [ 110.537878787878782, -6.842334233423337 ], [ 110.537803780378042, -6.842334233423337 ] ], [ [ 110.537653765376533, -6.842409240924093 ], [ 110.537803780378042, -6.842334233423337 ], [ 110.537803780378042, -6.842409240924094 ], [ 110.537653765376533, -6.842409240924093 ] ], [ [ 110.537578757875792, -6.842484248424833 ], [ 110.537653765376533, -6.842409240924093 ], [ 110.537653765376533, -6.842484248424836 ], [ 110.537578757875792, -6.842484248424833 ] ], [ [ 110.537503750375038, -6.842559255925596 ], [ 110.537578757875792, -6.842484248424833 ], [ 110.537578757875792, -6.842559255925583 ], [ 110.537503750375038, -6.842559255925596 ] ], [ [ 110.536978697869785, -6.842634263426335 ], [ 110.537053705370539, -6.842559255925583 ], [ 110.537053705370539, -6.84263426342635 ], [ 110.536978697869785, -6.842634263426335 ] ], [ [ 110.53682868286829, -6.842784278427842 ], [ 110.53690369036903, -6.842709270927091 ], [ 110.53690369036903, -6.842784278427845 ], [ 110.53682868286829, -6.842784278427842 ] ], [ [ 110.530153015301536, -6.84428442844285 ], [ 110.530303030303031, -6.844359435943591 ], [ 110.530153015301536, -6.844434443444348 ], [ 110.530153015301536, -6.84428442844285 ] ], [ [ 110.530153015301536, -6.8446594659466 ], [ 110.530228022802277, -6.844584458445836 ], [ 110.530228022802277, -6.844659465946587 ], [ 110.530153015301536, -6.8446594659466 ] ], [ [ 110.530078007800782, -6.845784578457845 ], [ 110.530303030303031, -6.845634563456352 ], [ 110.530453045304526, -6.84578457845784 ], [ 110.530078007800782, -6.845784578457845 ] ] ] } },
{ "type": "Feature", "properties": { "year": 2029, "layer": "atrisk" }, "geometry": { "type": "Polygon", "coordinates": [ [ [ 110.527077707770772, -6.847884788478854 ], [ 110.522652265226526, -6.848334833483343 ], [ 110.521827182718269, -6.848784878487857 ], [ 110.524977497749774, -6.849984998499843 ], [ 110.527077707770772, -6.847884788478854 ] ] ] } },
{ "type": "Feature", "properties": { "year": 2029, "layer": "atrisk" }, "geometry": { "type": "Polygon", "coordinates": [ [ [ 110.530078007800782, -6.846309630963093 ], [ 110.526627662766273, -6.851035103510351 ], [ 110.52437743774378, -6.850735073507357 ], [ 110.521452145214539, -6.851560156015593 ], [ 110.521227122712276, -6.849534953495352 ], [ 110.519726972697271, -6.854560456045603 ], [ 110.520627062706268, -6.855535553555354 ], [ 110.522277227722768, -6.854335433543356 ], [ 110.522577257725771, -6.854485448544859 ], [ 110.518226822682266, -6.857635763576358 ], [ 110.518826882688273, -6.856135613561364 ], [ 110.51830183018302, -6.855235523552351 ], [ 110.51522652265227, -6.85913591359135 ], [ 110.51552655265526, -6.860186018601866 ], [ 110.520177017701769, -6.856510651065103 ], [ 110.516351635163517, -6.860186018601865 ], [ 110.51852685268527, -6.861386138613852 ], [ 110.521977197719778, -6.859210921092108 ], [ 110.521677167716774, -6.855160516051606 ], [ 110.525352535253532, -6.853435343534359 ], [ 110.526627662766273, -6.854260426042605 ], [ 110.526177617761775, -6.8526102610261 ], [ 110.527902790279029, -6.853810381038096 ], [ 110.534503450345028, -6.849834983498342 ], [ 110.530078007800782, -6.846309630963093 ] ], [ [ 110.528802880288026, -6.851335133513357 ], [ 110.529402940294034, -6.851185118511846 ], [ 110.529177917791785, -6.851485148514855 ], [ 110.528802880288026, -6.851335133513357 ] ], [ [ 110.529327932793279, -6.850960096009596 ], [ 110.529552955295529, -6.850885088508845 ], [ 110.529477947794774, -6.851185118511848 ], [ 110.529327932793279, -6.850960096009596 ] ], [ [ 110.522802280228021, -6.851335133513351 ], [ 110.522877287728775, -6.851260126012608 ], [ 110.522877287728775, -6.851335133513356 ], [ 110.522802280228021, -6.851335133513351 ] ], [ [ 110.527902790279029, -6.851710171017104 ], [ 110.528202820282033, -6.851560156015609 ], [ 110.528052805280524, -6.851860186018606 ], [ 110.527902790279029, -6.851710171017104 ] ], [ [ 110.528877887788781, -6.851635163516356 ], [ 110.528952895289535, -6.851560156015597 ], [ 110.528952895289535, -6.851635163516353 ], [ 110.528877887788781, -6.851635163516356 ] ], [ [ 110.528802880288026, -6.851785178517856 ], [ 110.528877887788781, -6.851635163516356 ], [ 110.528877887788781, -6.851785178517849 ], [ 110.528802880288026, -6.851785178517856 ] ], [ [ 110.530003000300042, -6.851785178517854 ], [ 110.530078007800782, -6.851860186018602 ], [ 110.529927992799287, -6.851860186018604 ], [ 110.530003000300042, -6.851785178517854 ] ], [ [ 110.530228022802277, -6.851710171017099 ], [ 110.530303030303031, -6.85163516351635 ], [ 110.530303030303031, -6.851710171017098 ], [ 110.530228022802277, -6.851710171017099 ] ], [ [ 110.528652865286531, -6.852085208520846 ], [ 110.528727872787272, -6.852010201020096 ], [ 110.528727872787272, -6.852085208520848 ], [ 110.528652865286531, -6.852085208520846 ] ], [ [ 110.528577857785777, -6.852310231023099 ], [ 110.528652865286531, -6.852085208520846 ], [ 110.528652865286531, -6.852310231023097 ], [ 110.528577857785777, -6.852310231023099 ] ], [ [ 110.522652265226526, -6.852235223522344 ], [ 110.52272727272728, -6.852160216021599 ], [ 110.52272727272728, -6.852235223522346 ], [ 110.522652265226526, -6.852235223522344 ] ], [ [ 110.522427242724291, -6.852460246024599 ], [ 110.524002400240022, -6.853285328532849 ], [ 110.524227422742271, -6.853135313531352 ], [ 110.524527452745275, -6.853285328532861 ], [ 110.522802280228021, -6.854110411041104 ], [ 110.523177317731779, -6.853660366036596 ], [ 110.522427242724291, -6.852460246024599 ] ], [ [ 110.528502850285022, -6.852460246024599 ], [ 110.528577857785777, -6.852310231023099 ], [ 110.528577857785777, -6.85246024602461 ], [ 110.528502850285022, -6.852460246024599 ] ], [ [ 110.528052805280524, -6.852535253525346 ], [ 110.528202820282033, -6.852385238523845 ], [ 110.528127812781278, -6.852535253525347 ], [ 110.528052805280524, -6.852535253525346 ] ], [ [ 110.527902790279029, -6.85253525352536 ], [ 110.527977797779783, -6.852460246024607 ], [ 110.527977797779783, -6.852535253525345 ], [ 110.527902790279029, -6.85253525352536 ] ], [ [ 110.528127812781278, -6.852760276027608 ], [ 110.528202820282033, -6.852535253525344 ], [ 110.528202820282033, -6.852760276027604 ], [ 110.528127812781278, -6.852760276027608 ] ], [ [ 110.527902790279029, -6.853135313531348 ], [ 110.528127812781278, -6.852760276027608 ], [ 110.528127812781278, -6.85313531353135 ], [ 110.527902790279029, -6.853135313531348 ] ], [ [ 110.524452445244521, -6.853135313531354 ], [ 110.524527452745275, -6.8530603060306 ], [ 110.524527452745275, -6.85313531353135 ], [ 110.524452445244521, -6.853135313531354 ] ], [ [ 110.525127512751268, -6.853210321032098 ], [ 110.525277527752777, -6.853135313531359 ], [ 110.525277527752777, -6.853210321032106 ], [ 110.525127512751268, -6.853210321032098 ] ], [ [ 110.525277527752777, -6.853285328532857 ], [ 110.525352535253532, -6.853210321032099 ], [ 110.525352535253532, -6.853285328532854 ], [ 110.525277527752777, -6.853285328532857 ] ], [ [ 110.525427542754272, -6.853285328532847 ], [ 110.525502550255027, -6.853210321032095 ], [ 110.525502550255027, -6.853285328532857 ], [ 110.525427542754272, -6.853285328532847 ] ], [ [ 110.527977797779783, -6.853285328532857 ], [ 110.528052805280524, -6.853210321032095 ], [ 110.528052805280524, -6.853285328532851 ], [ 110.527977797779783, -6.853285328532857 ] ], [ [ 110.525652565256522, -6.853360336033606 ], [ 110.525802580258031, -6.853285328532849 ], [ 110.525802580258031, -6.853360336033595 ], [ 110.525652565256522, -6.853360336033606 ] ], [ [ 110.527902790279029, -6.853510351035095 ], [ 110.527977797779783, -6.853360336033603 ], [ 110.527977797779783, -6.853510351035105 ], [ 110.527902790279029, -6.853510351035095 ] ], [ [ 110.527827782778274, -6.853585358535855 ], [ 110.527902790279029, -6.853510351035095 ], [ 110.527902790279029, -6.853585358535851 ], [ 110.527827782778274, -6.853585358535855 ] ], [ [ 110.52302730273027, -6.853735373537357 ], [ 110.523102310231025, -6.85366036603661 ], [ 110.523102310231025, -6.853735373537354 ], [ 110.52302730273027, -6.853735373537357 ] ], [ [ 110.527827782778274, -6.85373537353735 ], [ 110.527902790279029, -6.853660366036595 ], [ 110.527902790279029, -6.853735373537344 ], [ 110.527827782778274, -6.85373537353735 ] ], [ [ 110.522802280228021, -6.853810381038096 ], [ 110.522877287728775, -6.853735373537353 ], [ 110.522877287728775, -6.853810381038095 ], [ 110.522802280228021, -6.853810381038096 ] ], [ [ 110.526252625262529, -6.853810381038097 ], [ 110.52632763276327, -6.85373537353736 ], [ 110.52632763276327, -6.853810381038095 ], [ 110.526252625262529, -6.853810381038097 ] ], [ [ 110.52632763276327, -6.853885388538852 ], [ 110.526402640264024, -6.853810381038105 ], [ 110.526402640264024, -6.853885388538846 ], [ 110.52632763276327, -6.853885388538852 ] ], [ [ 110.526402640264024, -6.853960396039609 ], [ 110.526477647764779, -6.853885388538856 ], [ 110.526477647764779, -6.853960396039603 ], [ 110.526402640264024, -6.853960396039609 ] ], [ [ 110.51680168016803, -6.858460846084602 ], [ 110.518001800180016, -6.85793579357935 ], [ 110.515751575157509, -6.859360936093612 ], [ 110.51680168016803, -6.858460846084602 ] ], [ [ 110.518151815181511, -6.857710771077111 ], [ 110.518226822682266, -6.857635763576358 ], [ 110.518226822682266, -6.857710771077107 ], [ 110.518151815181511, -6.857710771077111 ] ], [ [ 110.518076807680771, -6.85778577857786 ], [ 110.518151815181511, -6.857710771077111 ], [ 110.518151815181511, -6.857785778577863 ], [ 110.518076807680771, -6.85778577857786 ] ], [ [ 110.518001800180016, -6.857860786078604 ], [ 110.518076807680771, -6.85778577857786 ], [ 110.518076807680771, -6.857860786078601 ], [ 110.518001800180016, -6.857860786078604 ] ], [ [ 110.518601860186024, -6.859060906090601 ], [ 110.518676867686764, -6.858985898589867 ], [ 110.518676867686764, -6.859060906090606 ], [ 110.518601860186024, -6.859060906090601 ] ] ] } },
{ "type": "Feature", "properties": { "year": 2029, "layer": "atrisk" }, "geometry": { "type": "Polygon", "coordinates": [ [ [ 110.522202220222027, -6.860261026102612 ], [ 110.52137713771377, -6.860861086108612 ], [ 110.522202220222027, -6.861461146114612 ], [ 110.522202220222027, -6.860261026102612 ] ] ] } },
{ "type": "Feature", "properties": { "year": 2029, "layer": "atrisk" }, "geometry": { "type": "Polygon", "coordinates": [ [ [ 110.50142514251425, -6.903915391539148 ], [ 110.500075007500755, -6.90474047404741 ], [ 110.50142514251425, -6.905265526552649 ], [ 110.50142514251425, -6.903915391539148 ] ] ] } },
{ "type": "Feature", "properties": { "year": 2029, "layer": "atrisk" }, "geometry": { "type": "Polygon", "coordinates": [ [ [ 110.442619261926197, -6.938943894389443 ], [ 110.440819081908202, -6.938043804380433 ], [ 110.439468946894692, -6.938943894389444 ], [ 110.442619261926197, -6.938943894389443 ] ] ] } },
{ "type": "Feature", "properties": { "year": 2029, "layer": "atrisk" }, "geometry": { "type": "Polygon", "coordinates": [ [ [ 110.522127212721273, -6.859585958595868 ], [ 110.518151815181511, -6.861686168616859 ], [ 110.519801980198039, -6.861986198619869 ], [ 110.515076507650761, -6.867386738673869 ], [ 110.510351035103511, -6.876387638763879 ], [ 110.509600960096009, -6.878712871287121 ], [ 110.509225922592279, -6.878712871287121 ], [ 110.508700870087011, -6.880063006300624 ], [ 110.478997899789974, -6.918241824182414 ], [ 110.47562256225622, -6.920942094209425 ], [ 110.476072607260733, -6.924167416741672 ], [ 110.470447044704471, -6.925442544254425 ], [ 110.467371737173721, -6.930468046804684 ], [ 110.46482148214821, -6.929717971797172 ], [ 110.461221122112207, -6.932418241824185 ], [ 110.46009600960096, -6.931818181818182 ], [ 110.459870987098711, -6.933318331833183 ], [ 110.458820882088204, -6.932343234323429 ], [ 110.455520552055205, -6.935943594359435 ], [ 110.452970297029708, -6.936318631863181 ], [ 110.452145214521451, -6.935043504350432 ], [ 110.449219921992196, -6.936918691869195 ], [ 110.448394839483953, -6.935418541854187 ], [ 110.444419441944191, -6.938943894389443 ], [ 110.459420942094212, -6.938943894389437 ], [ 110.458970897089714, -6.936018601860188 ], [ 110.457695769576958, -6.936843684368431 ], [ 110.458520852085215, -6.938493849384948 ], [ 110.457470747074709, -6.936843684368442 ], [ 110.459645964596476, -6.933468346834691 ], [ 110.465496549654972, -6.938943894389435 ], [ 110.463546354635469, -6.935943594359442 ], [ 110.467221722172226, -6.938943894389433 ], [ 110.481098109810986, -6.93864386438643 ], [ 110.483273327332739, -6.938193819381941 ], [ 110.482373237323728, -6.936168616861681 ], [ 110.483873387338733, -6.937143714371441 ], [ 110.483348334833479, -6.938118811881193 ], [ 110.485448544854506, -6.93759375937594 ], [ 110.494299429942998, -6.932118211821178 ], [ 110.492874287428748, -6.931743174317431 ], [ 110.491299129912989, -6.930843084308433 ], [ 110.493699369936991, -6.93181818181818 ], [ 110.494899489948992, -6.931518151815187 ], [ 110.499624962496256, -6.924092409240917 ], [ 110.50142514251425, -6.915316531653163 ], [ 110.50142514251425, -6.906315631563159 ], [ 110.499924992499245, -6.905490549054905 ], [ 110.498799879987999, -6.905715571557147 ], [ 110.496849684968495, -6.904290429042904 ], [ 110.495499549954999, -6.90406540654065 ], [ 110.49527452745275, -6.903840384038397 ], [ 110.498799879987999, -6.904590459045897 ], [ 110.50142514251425, -6.902565256525655 ], [ 110.499324932493252, -6.900540054005394 ], [ 110.500375037503744, -6.900540054005393 ], [ 110.500075007500755, -6.899264926492653 ], [ 110.50142514251425, -6.899789978997895 ], [ 110.50142514251425, -6.896939693969404 ], [ 110.508850885088506, -6.894764476447647 ], [ 110.511251125112508, -6.89198919891989 ], [ 110.510726072607255, -6.893639363936396 ], [ 110.515601560156014, -6.889888988898881 ], [ 110.517251725172514, -6.887863786378631 ], [ 110.513726372637265, -6.885088508850888 ], [ 110.51380138013802, -6.884488448844883 ], [ 110.516726672667261, -6.886813681368137 ], [ 110.517926792679262, -6.887038703870386 ], [ 110.518751875187519, -6.885763576357642 ], [ 110.520402040204019, -6.882088208820888 ], [ 110.517926792679262, -6.875112511251133 ], [ 110.516726672667261, -6.872862286228623 ], [ 110.515601560156014, -6.873387338733867 ], [ 110.516426642664271, -6.872412241224132 ], [ 110.515001500150021, -6.870837083708372 ], [ 110.518076807680771, -6.873237323732375 ], [ 110.518976897689768, -6.877212721272134 ], [ 110.519576957695776, -6.877212721272121 ], [ 110.520252025202524, -6.880063006300624 ], [ 110.521002100210026, -6.880813081308129 ], [ 110.522277227722768, -6.862286228622869 ], [ 110.521002100210026, -6.860711071107119 ], [ 110.522127212721273, -6.859585958595868 ] ], [ [ 110.520927092709272, -6.860711071107114 ], [ 110.521002100210026, -6.860636063606353 ], [ 110.521002100210026, -6.860711071107119 ], [ 110.520927092709272, -6.860711071107114 ] ], [ [ 110.518751875187519, -6.864086408640864 ], [ 110.518826882688273, -6.86401140114011 ], [ 110.518826882688273, -6.864086408640866 ], [ 110.518751875187519, -6.864086408640864 ] ], [ [ 110.517626762676272, -6.864911491149123 ], [ 110.517701770177013, -6.864836483648364 ], [ 110.517701770177013, -6.86491149114911 ], [ 110.517626762676272, -6.864911491149123 ] ], [ [ 110.517551755175518, -6.865061506150618 ], [ 110.517626762676272, -6.864986498649857 ], [ 110.517626762676272, -6.86506150615061 ], [ 110.517551755175518, -6.865061506150618 ] ], [ [ 110.516126612661267, -6.866936693669365 ], [ 110.516276627662762, -6.867011701170115 ], [ 110.516126612661267, -6.867011701170123 ], [ 110.516126612661267, -6.866936693669365 ] ], [ [ 110.51515151515153, -6.870387038703863 ], [ 110.51515151515153, -6.870162016201618 ], [ 110.51530153015301, -6.870387038703863 ], [ 110.51515151515153, -6.870387038703863 ] ], [ [ 110.515001500150021, -6.87046204620462 ], [ 110.51515151515153, -6.870387038703863 ], [ 110.51522652265227, -6.870612061206114 ], [ 110.515001500150021, -6.87046204620462 ] ], [ [ 110.51530153015301, -6.870462046204625 ], [ 110.515376537653765, -6.870387038703866 ], [ 110.515376537653765, -6.870462046204615 ], [ 110.51530153015301, -6.870462046204625 ] ], [ [ 110.515376537653765, -6.870537053705368 ], [ 110.515451545154519, -6.870462046204625 ], [ 110.515451545154519, -6.870537053705365 ], [ 110.515376537653765, -6.870537053705368 ] ], [ [ 110.515451545154519, -6.870612061206122 ], [ 110.51552655265526, -6.870537053705362 ], [ 110.51552655265526, -6.870612061206126 ], [ 110.515451545154519, -6.870612061206122 ] ], [ [ 110.515601560156014, -6.870987098709874 ], [ 110.515826582658264, -6.870837083708379 ], [ 110.515751575157509, -6.870987098709866 ], [ 110.515601560156014, -6.870987098709874 ] ], [ [ 110.515901590159018, -6.871212121212116 ], [ 110.516051605160513, -6.871137113711376 ], [ 110.516201620162022, -6.871362136213629 ], [ 110.515901590159018, -6.871212121212116 ] ], [ [ 110.516276627662762, -6.871512151215122 ], [ 110.516351635163517, -6.871437143714375 ], [ 110.516351635163517, -6.87151215121512 ], [ 110.516276627662762, -6.871512151215122 ] ], [ [ 110.516351635163517, -6.871587158715869 ], [ 110.516426642664271, -6.87151215121512 ], [ 110.516426642664271, -6.87158715871587 ], [ 110.516351635163517, -6.871587158715869 ] ], [ [ 110.516426642664271, -6.871662166216624 ], [ 110.516501650165011, -6.871587158715871 ], [ 110.516501650165011, -6.871662166216627 ], [ 110.516426642664271, -6.871662166216624 ] ], [ [ 110.516501650165011, -6.871737173717369 ], [ 110.516576657665766, -6.87166216621663 ], [ 110.516576657665766, -6.871737173717374 ], [ 110.516501650165011, -6.871737173717369 ] ], [ [ 110.513126312631258, -6.874287428742872 ], [ 110.514251425142518, -6.872712271227121 ], [ 110.51380138013802, -6.873687368736878 ], [ 110.513126312631258, -6.874287428742872 ] ], [ [ 110.51522652265227, -6.873762376237618 ], [ 110.51552655265526, -6.873687368736874 ], [ 110.515451545154519, -6.873837383738366 ], [ 110.515376537653765, -6.873762376237626 ], [ 110.51522652265227, -6.873762376237618 ] ], [ [ 110.515001500150021, -6.873837383738367 ], [ 110.515076507650761, -6.87376237623763 ], [ 110.515076507650761, -6.873837383738377 ], [ 110.515001500150021, -6.873837383738367 ] ], [ [ 110.51515151515153, -6.873837383738368 ], [ 110.51522652265227, -6.873762376237618 ], [ 110.51522652265227, -6.873837383738373 ], [ 110.51515151515153, -6.873837383738368 ] ], [ [ 110.515076507650761, -6.873912391239126 ], [ 110.51515151515153, -6.873837383738368 ], [ 110.51515151515153, -6.873912391239122 ], [ 110.515076507650761, -6.873912391239126 ] ], [ [ 110.51530153015301, -6.873912391239118 ], [ 110.515376537653765, -6.873837383738373 ], [ 110.515376537653765, -6.87391239123912 ], [ 110.51530153015301, -6.873912391239118 ] ], [ [ 110.514476447644768, -6.874287428742868 ], [ 110.514851485148512, -6.873912391239121 ], [ 110.514926492649266, -6.874062406240621 ], [ 110.514476447644768, -6.874287428742868 ] ], [ [ 110.515001500150021, -6.873987398739879 ], [ 110.515076507650761, -6.873912391239126 ], [ 110.515076507650761, -6.873987398739881 ], [ 110.515001500150021, -6.873987398739879 ] ], [ [ 110.514251425142518, -6.874062406240618 ], [ 110.514476447644768, -6.874062406240619 ], [ 110.514251425142518, -6.874212421242125 ], [ 110.514251425142518, -6.874062406240618 ] ], [ [ 110.513351335133507, -6.874737473747372 ], [ 110.514251425142518, -6.874437443744379 ], [ 110.513051305130517, -6.875262526252629 ], [ 110.513351335133507, -6.874737473747372 ] ], [ [ 110.518376837683775, -6.874287428742867 ], [ 110.518451845184529, -6.874212421242122 ], [ 110.518451845184529, -6.874287428742872 ], [ 110.518376837683775, -6.874287428742867 ] ], [ [ 110.514551455145508, -6.874437443744378 ], [ 110.514626462646262, -6.874362436243617 ], [ 110.514626462646262, -6.874437443744379 ], [ 110.514551455145508, -6.874437443744378 ] ], [ [ 110.514476447644768, -6.874512451245129 ], [ 110.514551455145508, -6.874437443744378 ], [ 110.514551455145508, -6.874512451245122 ], [ 110.514476447644768, -6.874512451245129 ] ], [ [ 110.514401440144013, -6.874587458745869 ], [ 110.514476447644768, -6.874512451245129 ], [ 110.514476447644768, -6.874587458745872 ], [ 110.514401440144013, -6.874587458745869 ] ], [ [ 110.514251425142518, -6.87466246624663 ], [ 110.514326432643259, -6.874587458745878 ], [ 110.514326432643259, -6.874662466246632 ], [ 110.514251425142518, -6.87466246624663 ] ], [ [ 110.513351335133507, -6.875262526252627 ], [ 110.513426342634261, -6.875187518751879 ], [ 110.513426342634261, -6.875262526252619 ], [ 110.513351335133507, -6.875262526252627 ] ], [ [ 110.511026102610259, -6.87563756375638 ], [ 110.511401140114017, -6.875862586258634 ], [ 110.511476147614758, -6.876237623762371 ], [ 110.511251125112508, -6.876012601260125 ], [ 110.511101110111014, -6.876012601260133 ], [ 110.51080108010801, -6.876312631263134 ], [ 110.511026102610259, -6.87563756375638 ] ], [ [ 110.511176117611768, -6.876162616261627 ], [ 110.511251125112508, -6.876087608760872 ], [ 110.511251125112508, -6.876162616261623 ], [ 110.511176117611768, -6.876162616261627 ] ], [ [ 110.510726072607255, -6.876387638763873 ], [ 110.51080108010801, -6.876312631263134 ], [ 110.51080108010801, -6.87638763876388 ], [ 110.510726072607255, -6.876387638763873 ] ], [ [ 110.51852685268527, -6.877512751275119 ], [ 110.518601860186024, -6.877437743774373 ], [ 110.518601860186024, -6.877512751275122 ], [ 110.51852685268527, -6.877512751275119 ] ], [ [ 110.518676867686764, -6.878712871287133 ], [ 110.518826882688273, -6.878637863786381 ], [ 110.518826882688273, -6.878712871287119 ], [ 110.518676867686764, -6.878712871287133 ] ], [ [ 110.518751875187519, -6.878862886288624 ], [ 110.518826882688273, -6.878787878787879 ], [ 110.518826882688273, -6.878862886288622 ], [ 110.518751875187519, -6.878862886288624 ] ], [ [ 110.509225922592279, -6.879237923792372 ], [ 110.510126012601262, -6.880738073807378 ], [ 110.509375937593759, -6.881638163816377 ], [ 110.509450945094514, -6.882613261326136 ], [ 110.508925892589261, -6.882238223822384 ], [ 110.509225922592279, -6.879237923792372 ] ], [ [ 110.511401140114017, -6.879462946294634 ], [ 110.511476147614758, -6.879387938793881 ], [ 110.511476147614758, -6.87946294629463 ], [ 110.511401140114017, -6.879462946294634 ] ], [ [ 110.511701170117007, -6.879537953795374 ], [ 110.511776177617762, -6.879612961296122 ], [ 110.511551155115512, -6.879687968796874 ], [ 110.511701170117007, -6.879537953795374 ] ], [ [ 110.511176117611768, -6.879687968796881 ], [ 110.511251125112508, -6.879612961296136 ], [ 110.511251125112508, -6.879687968796878 ], [ 110.511176117611768, -6.879687968796881 ] ], [ [ 110.511101110111014, -6.87976297629763 ], [ 110.511176117611768, -6.879687968796881 ], [ 110.511176117611768, -6.879762976297636 ], [ 110.511101110111014, -6.87976297629763 ] ], [ [ 110.511476147614758, -6.879762976297623 ], [ 110.511551155115512, -6.879687968796874 ], [ 110.511551155115512, -6.879762976297628 ], [ 110.511476147614758, -6.879762976297623 ] ], [ [ 110.510951095109505, -6.879837983798375 ], [ 110.511101110111014, -6.87976297629763 ], [ 110.511101110111014, -6.879837983798377 ], [ 110.510951095109505, -6.879837983798375 ] ], [ [ 110.511401140114017, -6.879837983798375 ], [ 110.511476147614758, -6.879762976297623 ], [ 110.511476147614758, -6.879837983798388 ], [ 110.511401140114017, -6.879837983798375 ] ], [ [ 110.510351035103511, -6.880063006300623 ], [ 110.51050105010502, -6.880063006300625 ], [ 110.510126012601262, -6.880213021302123 ], [ 110.510351035103511, -6.880063006300623 ] ], [ [ 110.510351035103511, -6.880513051305138 ], [ 110.510951095109505, -6.880213021302129 ], [ 110.510126012601262, -6.880738073807378 ], [ 110.510351035103511, -6.880513051305138 ] ], [ [ 110.510051005100507, -6.880438043804372 ], [ 110.510201020102031, -6.880363036303632 ], [ 110.510201020102031, -6.880438043804385 ], [ 110.510051005100507, -6.880438043804372 ] ], [ [ 110.520777077707791, -6.880513051305124 ], [ 110.520852085208517, -6.880363036303621 ], [ 110.520852085208517, -6.880513051305138 ], [ 110.520777077707791, -6.880513051305124 ] ], [ [ 110.520852085208517, -6.880663066306634 ], [ 110.520927092709272, -6.880588058805889 ], [ 110.520927092709272, -6.880663066306638 ], [ 110.520852085208517, -6.880663066306634 ] ], [ [ 110.509975997599753, -6.881263126312636 ], [ 110.510051005100507, -6.881188118811887 ], [ 110.510051005100507, -6.881263126312632 ], [ 110.509975997599753, -6.881263126312636 ] ], [ [ 110.510201020102031, -6.881413141314126 ], [ 110.510276027602757, -6.881338133813379 ], [ 110.510276027602757, -6.881413141314132 ], [ 110.510201020102031, -6.881413141314126 ] ], [ [ 110.509750975097504, -6.881638163816387 ], [ 110.509900990099013, -6.881488148814884 ], [ 110.509825982598258, -6.881638163816378 ], [ 110.509750975097504, -6.881638163816387 ] ], [ [ 110.510426042604266, -6.881713171317137 ], [ 110.51050105010502, -6.881638163816375 ], [ 110.51050105010502, -6.881713171317124 ], [ 110.510426042604266, -6.881713171317137 ] ], [ [ 110.509750975097504, -6.881938193819372 ], [ 110.509825982598258, -6.881863186318631 ], [ 110.509825982598258, -6.88193819381938 ], [ 110.509750975097504, -6.881938193819372 ] ], [ [ 110.509675967596763, -6.882013201320127 ], [ 110.509750975097504, -6.881938193819372 ], [ 110.509750975097504, -6.88201320132013 ], [ 110.509675967596763, -6.882013201320127 ] ], [ [ 110.508400840084008, -6.882913291329134 ], [ 110.509375937593759, -6.883438343834383 ], [ 110.508400840084008, -6.883138313831383 ], [ 110.508400840084008, -6.882913291329134 ] ], [ [ 110.514551455145508, -6.884338433843393 ], [ 110.514626462646262, -6.884188418841881 ], [ 110.514701470147017, -6.884338433843383 ], [ 110.514551455145508, -6.884338433843393 ] ], [ [ 110.509075907590756, -6.88456345634563 ], [ 110.509675967596763, -6.884638463846381 ], [ 110.510126012601262, -6.885538553855394 ], [ 110.509300930093005, -6.884713471347131 ], [ 110.50915091509151, -6.88478847884789 ], [ 110.509075907590756, -6.88456345634563 ] ], [ [ 110.509000900090015, -6.884713471347125 ], [ 110.509075907590756, -6.884638463846386 ], [ 110.509075907590756, -6.88471347134713 ], [ 110.509000900090015, -6.884713471347125 ] ], [ [ 110.509375937593759, -6.885088508850881 ], [ 110.509450945094514, -6.885013501350137 ], [ 110.509450945094514, -6.885088508850879 ], [ 110.509375937593759, -6.885088508850881 ] ], [ [ 110.515601560156014, -6.885163516351631 ], [ 110.515676567656769, -6.885013501350128 ], [ 110.515676567656769, -6.885163516351628 ], [ 110.515601560156014, -6.885163516351631 ] ], [ [ 110.507125712571252, -6.885088508850891 ], [ 110.508625862586257, -6.885088508850885 ], [ 110.509225922592279, -6.88561356135613 ], [ 110.506750675067508, -6.886663666366631 ], [ 110.507125712571252, -6.885088508850891 ] ], [ [ 110.509450945094514, -6.885238523852387 ], [ 110.509675967596763, -6.885238523852393 ], [ 110.509675967596763, -6.885388538853891 ], [ 110.509450945094514, -6.885238523852387 ] ], [ [ 110.509675967596763, -6.885463546354637 ], [ 110.509750975097504, -6.885388538853884 ], [ 110.509750975097504, -6.885463546354643 ], [ 110.509675967596763, -6.885463546354637 ] ], [ [ 110.515901590159018, -6.885463546354644 ], [ 110.516051605160513, -6.885388538853892 ], [ 110.516051605160513, -6.885538553855381 ], [ 110.515901590159018, -6.885463546354644 ] ], [ [ 110.509750975097504, -6.885538553855387 ], [ 110.509825982598258, -6.885463546354627 ], [ 110.509825982598258, -6.885538553855382 ], [ 110.509750975097504, -6.885538553855387 ] ], [ [ 110.516126612661267, -6.885538553855391 ], [ 110.516201620162022, -6.885463546354639 ], [ 110.516201620162022, -6.88553855385538 ], [ 110.516126612661267, -6.885538553855391 ] ], [ [ 110.509825982598258, -6.885613561356141 ], [ 110.509900990099013, -6.88553855385539 ], [ 110.509900990099013, -6.885613561356129 ], [ 110.509825982598258, -6.885613561356141 ] ], [ [ 110.510126012601262, -6.885613561356133 ], [ 110.510276027602757, -6.885538553855387 ], [ 110.510276027602757, -6.885613561356136 ], [ 110.510126012601262, -6.885613561356133 ] ], [ [ 110.509225922592279, -6.885688568856887 ], [ 110.509300930093005, -6.885613561356132 ], [ 110.509300930093005, -6.885688568856887 ], [ 110.509225922592279, -6.885688568856887 ] ], [ [ 110.509900990099013, -6.885688568856888 ], [ 110.509975997599753, -6.885613561356142 ], [ 110.509975997599753, -6.88568856885688 ], [ 110.509900990099013, -6.885688568856888 ] ], [ [ 110.510351035103511, -6.885763576357633 ], [ 110.510426042604266, -6.88561356135613 ], [ 110.51050105010502, -6.885763576357626 ], [ 110.510351035103511, -6.885763576357633 ] ], [ [ 110.510051005100507, -6.885763576357636 ], [ 110.510126012601262, -6.885688568856881 ], [ 110.510126012601262, -6.885763576357628 ], [ 110.510051005100507, -6.885763576357636 ] ], [ [ 110.510201020102031, -6.885913591359142 ], [ 110.510276027602757, -6.885763576357625 ], [ 110.510351035103511, -6.885913591359142 ], [ 110.510201020102031, -6.885913591359142 ] ], [ [ 110.51050105010502, -6.885838583858385 ], [ 110.510576057605761, -6.885763576357631 ], [ 110.510576057605761, -6.885838583858384 ], [ 110.51050105010502, -6.885838583858385 ] ], [ [ 110.510576057605761, -6.885913591359142 ], [ 110.510651065106515, -6.885838583858376 ], [ 110.510651065106515, -6.885913591359127 ], [ 110.510576057605761, -6.885913591359142 ] ], [ [ 110.510351035103511, -6.885988598859883 ], [ 110.510426042604266, -6.885913591359131 ], [ 110.510426042604266, -6.885988598859885 ], [ 110.510351035103511, -6.885988598859883 ] ], [ [ 110.510651065106515, -6.885988598859882 ], [ 110.510726072607255, -6.885913591359142 ], [ 110.510726072607255, -6.88598859885989 ], [ 110.510651065106515, -6.885988598859882 ] ], [ [ 110.510726072607255, -6.886063606360642 ], [ 110.51080108010801, -6.885988598859893 ], [ 110.51080108010801, -6.886063606360638 ], [ 110.510726072607255, -6.886063606360642 ] ], [ [ 110.517551755175518, -6.886738673867381 ], [ 110.517626762676272, -6.886663666366633 ], [ 110.517626762676272, -6.886738673867383 ], [ 110.517551755175518, -6.886738673867381 ] ], [ [ 110.515976597659773, -6.887113711371133 ], [ 110.516051605160513, -6.887038703870386 ], [ 110.516051605160513, -6.887113711371131 ], [ 110.515976597659773, -6.887113711371133 ] ], [ [ 110.516051605160513, -6.88726372637263 ], [ 110.516126612661267, -6.887113711371137 ], [ 110.516126612661267, -6.887263726372641 ], [ 110.516051605160513, -6.88726372637263 ] ], [ [ 110.51350135013503, -6.888463846384647 ], [ 110.51357635763577, -6.888388838883889 ], [ 110.51357635763577, -6.888463846384642 ], [ 110.51350135013503, -6.888463846384647 ] ], [ [ 110.51357635763577, -6.888538853885382 ], [ 110.513651365136511, -6.888463846384645 ], [ 110.513651365136511, -6.88853885388539 ], [ 110.51357635763577, -6.888538853885382 ] ], [ [ 110.513651365136511, -6.888613861386139 ], [ 110.513726372637265, -6.888538853885388 ], [ 110.513726372637265, -6.888613861386143 ], [ 110.513651365136511, -6.888613861386139 ] ], [ [ 110.513726372637265, -6.888763876387642 ], [ 110.51380138013802, -6.888688868886898 ], [ 110.51380138013802, -6.888763876387646 ], [ 110.513726372637265, -6.888763876387642 ] ], [ [ 110.51380138013802, -6.888838883888381 ], [ 110.51387638763876, -6.88876387638764 ], [ 110.51387638763876, -6.888838883888381 ], [ 110.51380138013802, -6.888838883888381 ] ], [ [ 110.51387638763876, -6.888988898889886 ], [ 110.513951395139514, -6.888838883888385 ], [ 110.513951395139514, -6.888988898889886 ], [ 110.51387638763876, -6.888988898889886 ] ], [ [ 110.514326432643259, -6.88936393639364 ], [ 110.514401440144013, -6.889288928892897 ], [ 110.514401440144013, -6.889363936393646 ], [ 110.514326432643259, -6.88936393639364 ] ], [ [ 110.514401440144013, -6.889438943894395 ], [ 110.514476447644768, -6.889363936393636 ], [ 110.514476447644768, -6.889438943894392 ], [ 110.514401440144013, -6.889438943894395 ] ], [ [ 110.514551455145508, -6.889513951395138 ], [ 110.514626462646262, -6.889438943894381 ], [ 110.514626462646262, -6.889513951395148 ], [ 110.514551455145508, -6.889513951395138 ] ], [ [ 110.514626462646262, -6.889588958895885 ], [ 110.514701470147017, -6.889513951395144 ], [ 110.514701470147017, -6.889588958895886 ], [ 110.514626462646262, -6.889588958895885 ] ], [ [ 110.514626462646262, -6.889813981398143 ], [ 110.514701470147017, -6.889738973897393 ], [ 110.514701470147017, -6.889813981398142 ], [ 110.514626462646262, -6.889813981398143 ] ], [ [ 110.514701470147017, -6.889888988898894 ], [ 110.514851485148512, -6.889813981398134 ], [ 110.514851485148512, -6.889888988898893 ], [ 110.514701470147017, -6.889888988898894 ] ], [ [ 110.514851485148512, -6.889963996399639 ], [ 110.515001500150021, -6.889888988898889 ], [ 110.515001500150021, -6.889963996399644 ], [ 110.514851485148512, -6.889963996399639 ] ], [ [ 110.505775577557756, -6.890264026402644 ], [ 110.506750675067508, -6.891614161416142 ], [ 110.507575757575751, -6.891314131413137 ], [ 110.507875787578769, -6.892214221422146 ], [ 110.509825982598258, -6.893564356435637 ], [ 110.505700570057002, -6.891464146414647 ], [ 110.505775577557756, -6.890264026402644 ] ], [ [ 110.506675667566753, -6.891164116411646 ], [ 110.506750675067508, -6.891089108910889 ], [ 110.506750675067508, -6.89116411641165 ], [ 110.506675667566753, -6.891164116411646 ] ], [ [ 110.511626162616267, -6.892064206420644 ], [ 110.511701170117007, -6.891989198919897 ], [ 110.511701170117007, -6.892064206420632 ], [ 110.511626162616267, -6.892064206420644 ] ], [ [ 110.507200720072007, -6.892439243924397 ], [ 110.507275727572761, -6.892364236423634 ], [ 110.507275727572761, -6.892439243924395 ], [ 110.507200720072007, -6.892439243924397 ] ], [ [ 110.507125712571252, -6.892514251425142 ], [ 110.507200720072007, -6.892439243924397 ], [ 110.507200720072007, -6.892514251425143 ], [ 110.507125712571252, -6.892514251425142 ] ], [ [ 110.508775877587752, -6.892739273927396 ], [ 110.509075907590756, -6.892514251425142 ], [ 110.509000900090015, -6.892739273927392 ], [ 110.508775877587752, -6.892739273927396 ] ], [ [ 110.509225922592279, -6.892964296429649 ], [ 110.509600960096009, -6.892739273927385 ], [ 110.509600960096009, -6.893114311431138 ], [ 110.509225922592279, -6.892964296429649 ] ], [ [ 110.510951095109505, -6.89333933393339 ], [ 110.511026102610259, -6.893264326432638 ], [ 110.511026102610259, -6.893339333933394 ], [ 110.510951095109505, -6.89333933393339 ] ], [ [ 110.510876087608779, -6.893414341434139 ], [ 110.510951095109505, -6.89333933393339 ], [ 110.510951095109505, -6.893414341434139 ], [ 110.510876087608779, -6.893414341434139 ] ], [ [ 110.503975397539747, -6.893789378937897 ], [ 110.505100510051008, -6.894314431443144 ], [ 110.505025502550254, -6.894614461446141 ], [ 110.503975397539747, -6.893789378937897 ] ], [ [ 110.499624962496256, -6.898664866486648 ], [ 110.500225022502249, -6.898664866486649 ], [ 110.500225022502249, -6.899039903990393 ], [ 110.499624962496256, -6.898664866486648 ] ], [ [ 110.500300030003018, -6.899114911491143 ], [ 110.500450045004499, -6.899039903990404 ], [ 110.500450045004499, -6.899114911491156 ], [ 110.500300030003018, -6.899114911491143 ] ], [ [ 110.500450045004499, -6.899189918991891 ], [ 110.500525052505253, -6.899114911491152 ], [ 110.500525052505253, -6.899189918991898 ], [ 110.500450045004499, -6.899189918991891 ] ], [ [ 110.500525052505253, -6.899264926492651 ], [ 110.500600060006008, -6.899189918991895 ], [ 110.500600060006008, -6.899264926492656 ], [ 110.500525052505253, -6.899264926492651 ] ], [ [ 110.498424842484255, -6.900240024002391 ], [ 110.498724872487244, -6.900090009000893 ], [ 110.498799879987999, -6.900240024002394 ], [ 110.498424842484255, -6.900240024002391 ] ], [ [ 110.494224422442244, -6.902940294029397 ], [ 110.49534953495349, -6.903690369036897 ], [ 110.495124512451241, -6.903840384038412 ], [ 110.495199519951996, -6.903990399039906 ], [ 110.494224422442244, -6.902940294029397 ] ], [ [ 110.499099909991003, -6.903465346534648 ], [ 110.499624962496256, -6.903465346534654 ], [ 110.499099909991003, -6.903540354035401 ], [ 110.499099909991003, -6.903465346534648 ] ], [ [ 110.49527452745275, -6.904065406540654 ], [ 110.49534953495349, -6.903990399039897 ], [ 110.49534953495349, -6.90406540654065 ], [ 110.49527452745275, -6.904065406540654 ] ], [ [ 110.495949594959498, -6.904290429042899 ], [ 110.498649864986518, -6.905865586558656 ], [ 110.5, -6.905715571557154 ], [ 110.500150015001495, -6.906165616561663 ], [ 110.498199819981991, -6.906165616561663 ], [ 110.495949594959498, -6.904290429042899 ] ], [ [ 110.500375037503744, -6.906165616561654 ], [ 110.500525052505253, -6.906015601560155 ], [ 110.500525052505253, -6.906090609060903 ], [ 110.500375037503744, -6.906165616561654 ] ], [ [ 110.500525052505253, -6.906390639063909 ], [ 110.500900090008997, -6.906240624062404 ], [ 110.500975097509752, -6.906540654065413 ], [ 110.500525052505253, -6.906390639063909 ] ], [ [ 110.501050105010506, -6.906615661566158 ], [ 110.501350135013496, -6.906465646564663 ], [ 110.501200120012001, -6.906690669066912 ], [ 110.501050105010506, -6.906615661566158 ] ], [ [ 110.493324332433247, -6.906990699069907 ], [ 110.493399339933987, -6.906915691569159 ], [ 110.493399339933987, -6.906990699069912 ], [ 110.493324332433247, -6.906990699069907 ] ], [ [ 110.493399339933987, -6.907065706570648 ], [ 110.493474347434741, -6.906990699069907 ], [ 110.493474347434741, -6.907065706570649 ], [ 110.493399339933987, -6.907065706570648 ] ], [ [ 110.493474347434741, -6.907065706570649 ], [ 110.496624662466246, -6.908565856585653 ], [ 110.497074707470745, -6.90999099909991 ], [ 110.495199519951996, -6.909240924092409 ], [ 110.493474347434741, -6.907065706570649 ] ], [ [ 110.490249024902496, -6.908490849084908 ], [ 110.492124212421245, -6.910066006600665 ], [ 110.491374137413757, -6.909915991599166 ], [ 110.490474047404746, -6.911491149114914 ], [ 110.488898889888986, -6.910141014101409 ], [ 110.487398739873996, -6.911716171617162 ], [ 110.488073807380758, -6.912841284128413 ], [ 110.489723972397258, -6.912541254125407 ], [ 110.489273927392745, -6.913216321632154 ], [ 110.488898889888986, -6.913066306630655 ], [ 110.488298829882993, -6.913216321632159 ], [ 110.488298829882993, -6.913366336633668 ], [ 110.489648964896489, -6.914266426642664 ], [ 110.490699069906995, -6.913966396639665 ], [ 110.49084908490849, -6.915466546654668 ], [ 110.488823882388232, -6.914791479147924 ], [ 110.486948694869483, -6.915316531653159 ], [ 110.487623762376231, -6.913966396639665 ], [ 110.485748574857496, -6.914791479147908 ], [ 110.48612361236124, -6.911566156615665 ], [ 110.488373837383747, -6.909390939093902 ], [ 110.490399039903991, -6.910141014101415 ], [ 110.490249024902496, -6.908490849084908 ] ], [ [ 110.492574257425744, -6.909915991599166 ], [ 110.493474347434741, -6.910366036603665 ], [ 110.495799579957989, -6.91276627662767 ], [ 110.493774377437745, -6.912316231623158 ], [ 110.492574257425744, -6.909915991599166 ] ], [ [ 110.49527452745275, -6.910591059105918 ], [ 110.495649564956508, -6.910066006600653 ], [ 110.495724572457249, -6.910216021602163 ], [ 110.49527452745275, -6.910591059105918 ] ], [ [ 110.491449144914498, -6.910066006600667 ], [ 110.491524152415238, -6.909990999099906 ], [ 110.491524152415238, -6.910066006600669 ], [ 110.491449144914498, -6.910066006600667 ] ], [ [ 110.495724572457249, -6.910141014101414 ], [ 110.495799579957989, -6.910066006600668 ], [ 110.495799579957989, -6.910141014101415 ], [ 110.495724572457249, -6.910141014101414 ] ], [ [ 110.491374137413757, -6.910366036603667 ], [ 110.491749174917487, -6.910291029102912 ], [ 110.491374137413757, -6.910516051605163 ], [ 110.491374137413757, -6.910366036603667 ] ], [ [ 110.492049204920491, -6.910216021602163 ], [ 110.492199219921986, -6.910141014101406 ], [ 110.492574257425744, -6.911941194119419 ], [ 110.489948994899493, -6.913741374137406 ], [ 110.491599159915992, -6.911641164116411 ], [ 110.491374137413757, -6.911116111611165 ], [ 110.492049204920491, -6.910441044104418 ], [ 110.492049204920491, -6.910216021602163 ] ], [ [ 110.491824182418242, -6.910291029102905 ], [ 110.491899189918996, -6.910216021602167 ], [ 110.491899189918996, -6.910291029102915 ], [ 110.491824182418242, -6.910291029102905 ] ], [ [ 110.491899189918996, -6.910366036603667 ], [ 110.491974197419736, -6.910291029102912 ], [ 110.491974197419736, -6.910366036603654 ], [ 110.491899189918996, -6.910366036603667 ] ], [ [ 110.49699969996999, -6.912091209120919 ], [ 110.497074707470745, -6.911941194119416 ], [ 110.497149714971499, -6.912091209120907 ], [ 110.49699969996999, -6.912091209120919 ] ], [ [ 110.487848784878494, -6.912166216621664 ], [ 110.487923792379235, -6.912091209120917 ], [ 110.487923792379235, -6.912166216621663 ], [ 110.487848784878494, -6.912166216621664 ] ], [ [ 110.489723972397258, -6.912541254125407 ], [ 110.489798979897984, -6.912466246624658 ], [ 110.489798979897984, -6.912541254125409 ], [ 110.489723972397258, -6.912541254125407 ] ], [ [ 110.495949594959498, -6.912841284128415 ], [ 110.496024602460267, -6.912766276627668 ], [ 110.496024602460267, -6.912841284128414 ], [ 110.495949594959498, -6.912841284128415 ] ], [ [ 110.491524152415238, -6.912916291629172 ], [ 110.491599159915992, -6.912841284128409 ], [ 110.491599159915992, -6.912916291629164 ], [ 110.491524152415238, -6.912916291629172 ] ], [ [ 110.495649564956508, -6.913516351635164 ], [ 110.496024602460267, -6.912916291629163 ], [ 110.495874587458744, -6.913666366636665 ], [ 110.495649564956508, -6.913516351635164 ] ], [ [ 110.491449144914498, -6.912991299129914 ], [ 110.491524152415238, -6.912916291629172 ], [ 110.491524152415238, -6.912991299129916 ], [ 110.491449144914498, -6.912991299129914 ] ], [ [ 110.489348934893485, -6.913891389138909 ], [ 110.489423942394239, -6.913441344134403 ], [ 110.489798979897984, -6.913741374137418 ], [ 110.489348934893485, -6.913891389138909 ] ], [ [ 110.498274827482746, -6.913891389138907 ], [ 110.499849984998505, -6.914566456645672 ], [ 110.499849984998505, -6.915016501650164 ], [ 110.498274827482746, -6.913891389138907 ] ], [ [ 110.498499849984995, -6.914866486648662 ], [ 110.499624962496256, -6.915016501650157 ], [ 110.499849984998505, -6.91554155415541 ], [ 110.498499849984995, -6.914866486648662 ] ], [ [ 110.495949594959498, -6.914341434143415 ], [ 110.496174617461747, -6.914341434143419 ], [ 110.496324632463256, -6.914566456645662 ], [ 110.495949594959498, -6.914341434143415 ] ], [ [ 110.496474647464751, -6.914716471647165 ], [ 110.496549654965492, -6.914641464146407 ], [ 110.496549654965492, -6.914716471647165 ], [ 110.496474647464751, -6.914716471647165 ] ], [ [ 110.496474647464751, -6.91494149414941 ], [ 110.496774677467741, -6.915016501650165 ], [ 110.496624662466246, -6.915391539153922 ], [ 110.496474647464751, -6.91494149414941 ] ], [ [ 110.491149114911494, -6.914941494149416 ], [ 110.491224122412248, -6.914866486648657 ], [ 110.491224122412248, -6.914941494149417 ], [ 110.491149114911494, -6.914941494149416 ] ], [ [ 110.489123912391236, -6.915466546654661 ], [ 110.489648964896489, -6.915391539153923 ], [ 110.48919891989199, -6.915691569156923 ], [ 110.489123912391236, -6.915466546654661 ] ], [ [ 110.489723972397258, -6.915541554155419 ], [ 110.489798979897984, -6.915391539153916 ], [ 110.489798979897984, -6.915541554155413 ], [ 110.489723972397258, -6.915541554155419 ] ], [ [ 110.481923192319229, -6.91621662166216 ], [ 110.484023402340227, -6.917116711671171 ], [ 110.483873387338733, -6.918016801680162 ], [ 110.481923192319229, -6.91621662166216 ] ], [ [ 110.491224122412248, -6.915691569156913 ], [ 110.491674167416747, -6.915616561656166 ], [ 110.491599159915992, -6.915841584158419 ], [ 110.491224122412248, -6.915691569156913 ] ], [ [ 110.496549654965492, -6.915691569156917 ], [ 110.496699669967001, -6.915541554155413 ], [ 110.496699669967001, -6.915766576657665 ], [ 110.496549654965492, -6.915691569156917 ] ], [ [ 110.490999099909985, -6.916291629162917 ], [ 110.492949294929488, -6.91794179417942 ], [ 110.492799279927993, -6.918166816681667 ], [ 110.490324032403237, -6.916816681668168 ], [ 110.490999099909985, -6.916291629162917 ] ], [ [ 110.489498949894994, -6.915766576657667 ], [ 110.489573957395734, -6.915691569156913 ], [ 110.489573957395734, -6.915766576657667 ], [ 110.489498949894994, -6.915766576657667 ] ], [ [ 110.489498949894994, -6.916066606660662 ], [ 110.490174017401742, -6.915991599159923 ], [ 110.489948994899493, -6.916291629162916 ], [ 110.489498949894994, -6.916066606660662 ] ], [ [ 110.491974197419736, -6.916666666666664 ], [ 110.4938493849385, -6.916516651665163 ], [ 110.493249324932492, -6.917941794179416 ], [ 110.491974197419736, -6.916666666666664 ] ], [ [ 110.496849684968495, -6.916066606660671 ], [ 110.49692469246925, -6.915991599159912 ], [ 110.49692469246925, -6.916066606660658 ], [ 110.496849684968495, -6.916066606660671 ] ], [ [ 110.49692469246925, -6.916141614161423 ], [ 110.49699969996999, -6.916066606660672 ], [ 110.49699969996999, -6.916141614161418 ], [ 110.49692469246925, -6.916141614161423 ] ], [ [ 110.488148814881484, -6.916816681668158 ], [ 110.489048904890495, -6.91636663666367 ], [ 110.489048904890495, -6.917041704170418 ], [ 110.488148814881484, -6.916816681668158 ] ], [ [ 110.489498949894994, -6.916291629162918 ], [ 110.489573957395734, -6.916216621662171 ], [ 110.489573957395734, -6.916291629162921 ], [ 110.489498949894994, -6.916291629162918 ] ], [ [ 110.490099009900987, -6.916291629162913 ], [ 110.490174017401742, -6.916216621662163 ], [ 110.490174017401742, -6.91629162916291 ], [ 110.490099009900987, -6.916291629162913 ] ], [ [ 110.490174017401742, -6.916441644164408 ], [ 110.490699069906995, -6.91636663666366 ], [ 110.490174017401742, -6.91651665166516 ], [ 110.490174017401742, -6.916441644164408 ] ], [ [ 110.497374737473748, -6.916291629162917 ], [ 110.497449744974503, -6.91621662166217 ], [ 110.497449744974503, -6.916291629162921 ], [ 110.497374737473748, -6.916291629162917 ] ], [ [ 110.497599759975998, -6.916441644164414 ], [ 110.497674767476752, -6.916216621662162 ], [ 110.497824782478247, -6.916441644164423 ], [ 110.497599759975998, -6.916441644164414 ] ], [ [ 110.491899189918996, -6.916591659165925 ], [ 110.491974197419736, -6.91651665166517 ], [ 110.491974197419736, -6.916591659165918 ], [ 110.491899189918996, -6.916591659165925 ] ], [ [ 110.489723972397258, -6.917191719171917 ], [ 110.489948994899493, -6.91734173417342 ], [ 110.489723972397258, -6.917341734173419 ], [ 110.489723972397258, -6.917191719171917 ] ], [ [ 110.48919891989199, -6.917191719171918 ], [ 110.489273927392745, -6.917116711671171 ], [ 110.489273927392745, -6.917191719171909 ], [ 110.48919891989199, -6.917191719171918 ] ], [ [ 110.489123912391236, -6.917266726672667 ], [ 110.48919891989199, -6.917191719171918 ], [ 110.48919891989199, -6.917266726672661 ], [ 110.489123912391236, -6.917266726672667 ] ], [ [ 110.493474347434741, -6.917941794179416 ], [ 110.49362436243625, -6.91771677167716 ], [ 110.49362436243625, -6.918016801680163 ], [ 110.493474347434741, -6.917941794179416 ] ], [ [ 110.490924092409244, -6.918991899189916 ], [ 110.491524152415238, -6.919066906690677 ], [ 110.490999099909985, -6.919291929192911 ], [ 110.490924092409244, -6.918991899189916 ] ], [ [ 110.494599459945988, -6.921617161716168 ], [ 110.494899489948992, -6.921467146714674 ], [ 110.494824482448252, -6.921767176717678 ], [ 110.494599459945988, -6.921617161716168 ] ], [ [ 110.487473747374736, -6.922442244224427 ], [ 110.488223822382238, -6.922292229222923 ], [ 110.487923792379235, -6.92281728172817 ], [ 110.487473747374736, -6.922442244224427 ] ], [ [ 110.494449444944493, -6.921992199219928 ], [ 110.494524452445248, -6.921917191719166 ], [ 110.494524452445248, -6.921992199219913 ], [ 110.494449444944493, -6.921992199219928 ] ], [ [ 110.486948694869483, -6.922742274227426 ], [ 110.487248724872487, -6.922292229222927 ], [ 110.48754875487549, -6.922892289228919 ], [ 110.486948694869483, -6.922742274227426 ] ], [ [ 110.487998799879989, -6.922817281728167 ], [ 110.488598859885983, -6.922892289228924 ], [ 110.488073807380758, -6.923042304230414 ], [ 110.487998799879989, -6.922817281728167 ] ], [ [ 110.495424542454245, -6.922892289228929 ], [ 110.495724572457249, -6.922592259225913 ], [ 110.496024602460267, -6.923042304230421 ], [ 110.495424542454245, -6.922892289228929 ] ], [ [ 110.487623762376231, -6.923267326732674 ], [ 110.48777377737774, -6.922967296729681 ], [ 110.487998799879989, -6.92326732673268 ], [ 110.487623762376231, -6.923267326732674 ] ], [ [ 110.488223822382238, -6.923267326732678 ], [ 110.488598859885983, -6.923267326732668 ], [ 110.488523852385242, -6.92341734173417 ], [ 110.488223822382238, -6.923267326732678 ] ], [ [ 110.487023702370237, -6.923717371737172 ], [ 110.487623762376231, -6.923717371737172 ], [ 110.487248724872487, -6.923942394239431 ], [ 110.487023702370237, -6.923717371737172 ] ], [ [ 110.487923792379235, -6.923567356735677 ], [ 110.488223822382238, -6.923492349234918 ], [ 110.487998799879989, -6.923717371737173 ], [ 110.487923792379235, -6.923567356735677 ] ], [ [ 110.488598859885983, -6.923567356735679 ], [ 110.488823882388232, -6.923417341734169 ], [ 110.488823882388232, -6.92349234923493 ], [ 110.488598859885983, -6.923567356735679 ] ], [ [ 110.488598859885983, -6.923717371737179 ], [ 110.489273927392745, -6.92386738673867 ], [ 110.489123912391236, -6.924017401740176 ], [ 110.488598859885983, -6.923717371737179 ] ], [ [ 110.488223822382238, -6.924017401740173 ], [ 110.488448844884488, -6.923792379237915 ], [ 110.488523852385242, -6.924092409240926 ], [ 110.488223822382238, -6.924017401740173 ] ], [ [ 110.478022802280222, -6.923942394239418 ], [ 110.478172817281745, -6.923792379237923 ], [ 110.478097809780976, -6.92394239423942 ], [ 110.478022802280222, -6.923942394239418 ] ], [ [ 110.478322832283226, -6.924017401740169 ], [ 110.47839783978398, -6.923942394239427 ], [ 110.47839783978398, -6.924017401740172 ], [ 110.478322832283226, -6.924017401740169 ] ], [ [ 110.47839783978398, -6.924017401740172 ], [ 110.484923492349239, -6.928367836783675 ], [ 110.488298829882993, -6.929942994299426 ], [ 110.484548454845481, -6.928817881788178 ], [ 110.484023402340227, -6.929042904290434 ], [ 110.47839783978398, -6.924017401740172 ] ], [ [ 110.489123912391236, -6.924242424242422 ], [ 110.489723972397258, -6.924242424242422 ], [ 110.489648964896489, -6.924542454245418 ], [ 110.489123912391236, -6.924242424242422 ] ], [ [ 110.488598859885983, -6.92416741674167 ], [ 110.488673867386737, -6.924092409240924 ], [ 110.488673867386737, -6.924167416741674 ], [ 110.488598859885983, -6.92416741674167 ] ], [ [ 110.488598859885983, -6.924392439243923 ], [ 110.489048904890495, -6.924317431743165 ], [ 110.48919891989199, -6.924692469246915 ], [ 110.488598859885983, -6.924392439243923 ] ], [ [ 110.480423042304224, -6.924617461746175 ], [ 110.480498049804979, -6.924542454245425 ], [ 110.480498049804979, -6.924617461746169 ], [ 110.480423042304224, -6.924617461746175 ] ], [ [ 110.489723972397258, -6.924767476747671 ], [ 110.490024002400247, -6.924617461746179 ], [ 110.490024002400247, -6.924692469246922 ], [ 110.489723972397258, -6.924767476747671 ] ], [ [ 110.480498049804979, -6.924617461746169 ], [ 110.485523552355232, -6.926042604260422 ], [ 110.485073507350748, -6.927692769276931 ], [ 110.489573957395734, -6.930018001800174 ], [ 110.484623462346235, -6.927767776777681 ], [ 110.480498049804979, -6.924617461746169 ] ], [ [ 110.489273927392745, -6.924692469246931 ], [ 110.489348934893485, -6.924617461746178 ], [ 110.489348934893485, -6.924692469246928 ], [ 110.489273927392745, -6.924692469246931 ] ], [ [ 110.489348934893485, -6.92506750675067 ], [ 110.489798979897984, -6.924917491749177 ], [ 110.489873987398738, -6.925142514251431 ], [ 110.489348934893485, -6.92506750675067 ] ], [ [ 110.490024002400247, -6.924992499249917 ], [ 110.490099009900987, -6.924842484248424 ], [ 110.490099009900987, -6.924992499249932 ], [ 110.490024002400247, -6.924992499249917 ] ], [ [ 110.490249024902496, -6.925142514251425 ], [ 110.490474047404746, -6.924842484248429 ], [ 110.490474047404746, -6.925142514251426 ], [ 110.490249024902496, -6.925142514251425 ] ], [ [ 110.490699069906995, -6.925142514251416 ], [ 110.490774077407735, -6.924992499249927 ], [ 110.490774077407735, -6.925142514251425 ], [ 110.490699069906995, -6.925142514251416 ] ], [ [ 110.489723972397258, -6.925292529252919 ], [ 110.489798979897984, -6.925142514251428 ], [ 110.489798979897984, -6.925292529252919 ], [ 110.489723972397258, -6.925292529252919 ] ], [ [ 110.490624062406241, -6.925217521752182 ], [ 110.490699069906995, -6.925142514251416 ], [ 110.490699069906995, -6.925217521752174 ], [ 110.490624062406241, -6.925217521752182 ] ], [ [ 110.489873987398738, -6.925367536753684 ], [ 110.489948994899493, -6.925217521752175 ], [ 110.490024002400247, -6.925367536753679 ], [ 110.489873987398738, -6.925367536753684 ] ], [ [ 110.49084908490849, -6.925517551755167 ], [ 110.491374137413757, -6.925442544254424 ], [ 110.491299129912989, -6.925667566756673 ], [ 110.49084908490849, -6.925517551755167 ] ], [ [ 110.490174017401742, -6.925367536753671 ], [ 110.490249024902496, -6.925292529252923 ], [ 110.490249024902496, -6.925367536753668 ], [ 110.490174017401742, -6.925367536753671 ] ], [ [ 110.490474047404746, -6.925742574257417 ], [ 110.49084908490849, -6.925592559255919 ], [ 110.490924092409244, -6.92596759675967 ], [ 110.490474047404746, -6.925742574257417 ] ], [ [ 110.491449144914498, -6.925817581758175 ], [ 110.491824182418242, -6.925667566756671 ], [ 110.491674167416747, -6.925892589258929 ], [ 110.491449144914498, -6.925817581758175 ] ], [ [ 110.491374137413757, -6.925667566756674 ], [ 110.491449144914498, -6.925592559255919 ], [ 110.491449144914498, -6.925667566756669 ], [ 110.491374137413757, -6.925667566756674 ] ], [ [ 110.491149114911494, -6.925967596759684 ], [ 110.491299129912989, -6.925817581758175 ], [ 110.491224122412248, -6.92596759675967 ], [ 110.491149114911494, -6.925967596759684 ] ], [ [ 110.491899189918996, -6.926117611761174 ], [ 110.492199219921986, -6.925817581758168 ], [ 110.492574257425744, -6.926417641764185 ], [ 110.491899189918996, -6.926117611761174 ] ], [ [ 110.490999099909985, -6.925967596759678 ], [ 110.491074107410739, -6.925892589258933 ], [ 110.491074107410739, -6.925967596759675 ], [ 110.490999099909985, -6.925967596759678 ] ], [ [ 110.490924092409244, -6.926042604260426 ], [ 110.490999099909985, -6.925967596759678 ], [ 110.490999099909985, -6.926042604260426 ], [ 110.490924092409244, -6.926042604260426 ] ], [ [ 110.491224122412248, -6.926192619261931 ], [ 110.491599159915992, -6.926042604260427 ], [ 110.491524152415238, -6.926267626762677 ], [ 110.491224122412248, -6.926192619261931 ] ], [ [ 110.49084908490849, -6.926192619261935 ], [ 110.491074107410739, -6.926192619261927 ], [ 110.49084908490849, -6.926267626762669 ], [ 110.49084908490849, -6.926192619261935 ] ], [ [ 110.491674167416747, -6.926192619261927 ], [ 110.491749174917487, -6.92611761176118 ], [ 110.491749174917487, -6.926192619261927 ], [ 110.491674167416747, -6.926192619261927 ] ], [ [ 110.491749174917487, -6.926267626762677 ], [ 110.491824182418242, -6.926192619261921 ], [ 110.491824182418242, -6.92626762676268 ], [ 110.491749174917487, -6.926267626762677 ] ], [ [ 110.491824182418242, -6.926417641764184 ], [ 110.491899189918996, -6.926342634263427 ], [ 110.491899189918996, -6.926417641764181 ], [ 110.491824182418242, -6.926417641764184 ] ], [ [ 110.491899189918996, -6.926642664266419 ], [ 110.49249924992499, -6.926492649264925 ], [ 110.49249924992499, -6.926867686768671 ], [ 110.491899189918996, -6.926642664266419 ] ], [ [ 110.485523552355232, -6.926717671767186 ], [ 110.485598559855987, -6.926642664266426 ], [ 110.485598559855987, -6.926717671767171 ], [ 110.485523552355232, -6.926717671767186 ] ], [ [ 110.483723372337238, -6.928967896789672 ], [ 110.483798379837978, -6.928892889288923 ], [ 110.483798379837978, -6.928967896789676 ], [ 110.483723372337238, -6.928967896789672 ] ], [ [ 110.48469846984699, -6.929267926792674 ], [ 110.484848484848484, -6.929117911791177 ], [ 110.484848484848484, -6.929267926792682 ], [ 110.48469846984699, -6.929267926792674 ] ], [ [ 110.482523252325237, -6.929492949294927 ], [ 110.483573357335729, -6.930168016801677 ], [ 110.483273327332739, -6.930618061806183 ], [ 110.482148214821478, -6.930543054305427 ], [ 110.482523252325237, -6.929492949294927 ] ], [ [ 110.488523852385242, -6.930093009300933 ], [ 110.488598859885983, -6.930018001800178 ], [ 110.488598859885983, -6.930093009300927 ], [ 110.488523852385242, -6.930093009300933 ] ], [ [ 110.489648964896489, -6.930093009300933 ], [ 110.489873987398738, -6.930018001800187 ], [ 110.489948994899493, -6.930168016801674 ], [ 110.489648964896489, -6.930093009300933 ] ], [ [ 110.489123912391236, -6.93046804680468 ], [ 110.489123912391236, -6.930168016801685 ], [ 110.489423942394239, -6.930468046804672 ], [ 110.489123912391236, -6.93046804680468 ] ], [ [ 110.490099009900987, -6.93031803180318 ], [ 110.490249024902496, -6.930243024302429 ], [ 110.490249024902496, -6.930318031803179 ], [ 110.490099009900987, -6.93031803180318 ] ], [ [ 110.490324032403237, -6.930468046804674 ], [ 110.490549054905486, -6.930318031803175 ], [ 110.490699069906995, -6.930543054305427 ], [ 110.490324032403237, -6.930468046804674 ] ], [ [ 110.490699069906995, -6.930618061806182 ], [ 110.49084908490849, -6.930543054305434 ], [ 110.49084908490849, -6.930618061806177 ], [ 110.490699069906995, -6.930618061806182 ] ], [ [ 110.49084908490849, -6.930693069306939 ], [ 110.490999099909985, -6.930618061806181 ], [ 110.490999099909985, -6.930693069306929 ], [ 110.49084908490849, -6.930693069306939 ] ], [ [ 110.490999099909985, -6.930768076807677 ], [ 110.491149114911494, -6.930693069306931 ], [ 110.491149114911494, -6.930768076807682 ], [ 110.490999099909985, -6.930768076807677 ] ], [ [ 110.491149114911494, -6.930843084308433 ], [ 110.491299129912989, -6.930768076807679 ], [ 110.491299129912989, -6.930843084308433 ], [ 110.491149114911494, -6.930843084308433 ] ], [ [ 110.492649264926499, -6.931293129312935 ], [ 110.492724272427239, -6.931218121812186 ], [ 110.492724272427239, -6.931293129312926 ], [ 110.492649264926499, -6.931293129312935 ] ], [ [ 110.461821182118214, -6.934218421842181 ], [ 110.462196219621958, -6.93324332433243 ], [ 110.462346234623467, -6.934518451845173 ], [ 110.461821182118214, -6.934218421842181 ] ], [ [ 110.457920792079207, -6.934443444344434 ], [ 110.458370837083706, -6.934443444344434 ], [ 110.457845784578453, -6.934743474347434 ], [ 110.457920792079207, -6.934443444344434 ] ], [ [ 110.447344734473447, -6.937518751875192 ], [ 110.447644764476451, -6.937443744374434 ], [ 110.447719771977191, -6.937593759375939 ], [ 110.447344734473447, -6.937518751875192 ] ], [ [ 110.45844584458446, -6.937593759375946 ], [ 110.458520852085215, -6.937518751875195 ], [ 110.458520852085215, -6.937593759375943 ], [ 110.45844584458446, -6.937593759375946 ] ], [ [ 110.447944794479454, -6.937818781878183 ], [ 110.448019801980195, -6.937743774377443 ], [ 110.448019801980195, -6.937818781878184 ], [ 110.447944794479454, -6.937818781878183 ] ], [ [ 110.448169816981704, -6.938043804380432 ], [ 110.448469846984693, -6.937818781878192 ], [ 110.448544854485448, -6.938043804380442 ], [ 110.448169816981704, -6.938043804380432 ] ], [ [ 110.459270927092703, -6.938718871887187 ], [ 110.459345934593458, -6.938643864386438 ], [ 110.459345934593458, -6.938718871887187 ], [ 110.459270927092703, -6.938718871887187 ] ], [ [ 110.459270927092703, -6.938868886888682 ], [ 110.459345934593458, -6.938793879387939 ], [ 110.459345934593458, -6.93886888688869 ], [ 110.459270927092703, -6.938868886888682 ] ] ] } },
{ "type": "Feature", "properties": { "year": 2029, "layer": "atrisk" }, "geometry": { "type": "Polygon", "coordinates": [ [ [ 110.438643864386435, -6.93946894689469 ], [ 110.437368736873694, -6.939618961896188 ], [ 110.437743774377438, -6.942319231923186 ], [ 110.438643864386435, -6.93946894689469 ] ] ] } },
{ "type": "Feature", "properties": { "year": 2029, "layer": "atrisk" }, "geometry": { "type": "Polygon", "coordinates": [ [ [ 110.432043204320436, -6.944194419441941 ], [ 110.431518151815183, -6.944194419441949 ], [ 110.430918091809176, -6.944569456945698 ], [ 110.432043204320436, -6.944194419441941 ] ] ] } },
{ "type": "Feature", "properties": { "year": 2029, "layer": "atrisk" }, "geometry": { "type": "Polygon", "coordinates": [ [ [ 110.435193519351941, -6.940369036903689 ], [ 110.433093309330928, -6.94194419441945 ], [ 110.434368436843684, -6.946294629462945 ], [ 110.433168316831683, -6.943219321932199 ], [ 110.431593159315952, -6.942844284428448 ], [ 110.433243324332452, -6.949219921992201 ], [ 110.43564356435644, -6.94794479447944 ], [ 110.434143414341435, -6.947269726972705 ], [ 110.436618661866191, -6.943294329432949 ], [ 110.435193519351941, -6.940369036903689 ] ], [ [ 110.433918391839185, -6.948619861986203 ], [ 110.43399339933994, -6.948544854485455 ], [ 110.43399339933994, -6.948619861986193 ], [ 110.433918391839185, -6.948619861986203 ] ] ] } },
{ "type": "Feature", "properties": { "year": 2029, "layer": "atrisk" }, "geometry": { "type": "Polygon", "coordinates": [ [ [ 110.432718271827184, -6.951170117011695 ], [ 110.431068106810685, -6.952370237023705 ], [ 110.431293129312934, -6.952745274527447 ], [ 110.432043204320436, -6.952745274527451 ], [ 110.432793279327939, -6.951695169516946 ], [ 110.432718271827184, -6.951170117011695 ] ], [ [ 110.432568256825704, -6.951545154515444 ], [ 110.43264326432643, -6.951470147014694 ], [ 110.43264326432643, -6.951545154515448 ], [ 110.432568256825704, -6.951545154515444 ] ], [ [ 110.43264326432643, -6.951620162016205 ], [ 110.432718271827184, -6.951545154515452 ], [ 110.432718271827184, -6.9516201620162 ], [ 110.43264326432643, -6.951620162016205 ] ], [ [ 110.431743174317432, -6.952745274527446 ], [ 110.431818181818187, -6.952670267026699 ], [ 110.431818181818187, -6.952745274527458 ], [ 110.431743174317432, -6.952745274527446 ] ] ] } },
{ "type": "Feature", "properties": { "year": 2029, "layer": "atrisk" }, "geometry": { "type": "Polygon", "coordinates": [ [ [ 110.382163216321629, -6.950870087008696 ], [ 110.382013201320149, -6.952820282028198 ], [ 110.382913291329132, -6.954095409540953 ], [ 110.382163216321629, -6.950870087008696 ] ] ] } },
{ "type": "Feature", "properties": { "year": 2029, "layer": "atrisk" }, "geometry": { "type": "Polygon", "coordinates": [ [ [ 110.402715271527157, -6.953645364536451 ], [ 110.399339933993403, -6.952670267026708 ], [ 110.399489948994898, -6.954170417041698 ], [ 110.402715271527157, -6.953645364536451 ] ] ] } },
{ "type": "Feature", "properties": { "year": 2029, "layer": "atrisk" }, "geometry": { "type": "Polygon", "coordinates": [ [ [ 110.417341734173419, -6.952295229522954 ], [ 110.415841584158414, -6.952745274527454 ], [ 110.416441644164422, -6.954695469546957 ], [ 110.418166816681662, -6.954170417041701 ], [ 110.417341734173419, -6.952295229522954 ] ] ] } },
{ "type": "Feature", "properties": { "year": 2029, "layer": "atrisk" }, "geometry": { "type": "Polygon", "coordinates": [ [ [ 110.377737773777397, -6.954545454545451 ], [ 110.376162616261624, -6.95447044704471 ], [ 110.376162616261624, -6.95462046204621 ], [ 110.377737773777397, -6.954545454545451 ] ] ] } },
{ "type": "Feature", "properties": { "year": 2029, "layer": "atrisk" }, "geometry": { "type": "Polygon", "coordinates": [ [ [ 110.423942394239418, -6.953645364536458 ], [ 110.424242424242422, -6.955295529552957 ], [ 110.425817581758182, -6.954845484548453 ], [ 110.423942394239418, -6.953645364536458 ] ] ] } },
{ "type": "Feature", "properties": { "year": 2029, "layer": "atrisk" }, "geometry": { "type": "Polygon", "coordinates": [ [ [ 110.422367236723673, -6.954620462046211 ], [ 110.421542154215416, -6.95514551455145 ], [ 110.424242424242422, -6.955745574557455 ], [ 110.422367236723673, -6.954620462046211 ] ] ] } },
{ "type": "Feature", "properties": { "year": 2029, "layer": "atrisk" }, "geometry": { "type": "Polygon", "coordinates": [ [ [ 110.414716471647168, -6.956720672067208 ], [ 110.41374137413743, -6.956345634563446 ], [ 110.413666366636662, -6.95657065706571 ], [ 110.414716471647168, -6.956720672067208 ] ] ] } },
{ "type": "Feature", "properties": { "year": 2029, "layer": "atrisk" }, "geometry": { "type": "Polygon", "coordinates": [ [ [ 110.392439243924386, -6.959195919591965 ], [ 110.391239123912399, -6.95889588958896 ], [ 110.391164116411645, -6.959195919591957 ], [ 110.392439243924386, -6.959195919591965 ] ] ] } },
{ "type": "Feature", "properties": { "year": 2029, "layer": "atrisk" }, "geometry": { "type": "Polygon", "coordinates": [ [ [ 110.396564656465642, -6.9484698469847 ], [ 110.395664566456645, -6.951020102010206 ], [ 110.398964896489645, -6.959645964596463 ], [ 110.400315031503155, -6.959720972097217 ], [ 110.398139813981402, -6.95349534953496 ], [ 110.399114911491154, -6.954020402040207 ], [ 110.398889888988919, -6.952595259525953 ], [ 110.398064806480647, -6.953195319531954 ], [ 110.397014701470141, -6.950720072007197 ], [ 110.399564956495652, -6.952295229522952 ], [ 110.40046504650465, -6.951320132013204 ], [ 110.398139813981402, -6.951170117011702 ], [ 110.396564656465642, -6.9484698469847 ] ] ] } },
{ "type": "Feature", "properties": { "year": 2029, "layer": "atrisk" }, "geometry": { "type": "Polygon", "coordinates": [ [ [ 110.406090609060911, -6.947494749474947 ], [ 110.403015301530147, -6.947044704470442 ], [ 110.406240624062406, -6.948319831983197 ], [ 110.406465646564669, -6.950570057005699 ], [ 110.405040504050405, -6.951920192019209 ], [ 110.407290729072912, -6.951470147014699 ], [ 110.410066006600658, -6.955820582058212 ], [ 110.414491449144919, -6.959345934593451 ], [ 110.416966696669661, -6.959645964596461 ], [ 110.410666066606666, -6.955895589558955 ], [ 110.406090609060911, -6.947494749474947 ] ], [ [ 110.407215721572157, -6.951320132013202 ], [ 110.407365736573652, -6.951245124512449 ], [ 110.407365736573652, -6.951320132013199 ], [ 110.407215721572157, -6.951320132013202 ] ], [ [ 110.41374137413743, -6.958670867086708 ], [ 110.413816381638171, -6.958595859585961 ], [ 110.413816381638171, -6.958670867086703 ], [ 110.41374137413743, -6.958670867086708 ] ] ] } },
{ "type": "Feature", "properties": { "year": 2029, "layer": "atrisk" }, "geometry": { "type": "Polygon", "coordinates": [ [ [ 110.382388238823879, -6.954920492049201 ], [ 110.377662766276629, -6.954770477047703 ], [ 110.377137713771376, -6.956120612061203 ], [ 110.374812481248128, -6.955445544554463 ], [ 110.371512151215128, -6.955595559555958 ], [ 110.37443744374437, -6.956870687068706 ], [ 110.368361836183624, -6.956045604560461 ], [ 110.368136813681375, -6.957845784578458 ], [ 110.36671167116711, -6.9576207620762 ], [ 110.367086708670868, -6.955970597059704 ], [ 110.363936393639364, -6.956495649564953 ], [ 110.364836483648375, -6.955820582058214 ], [ 110.363486348634865, -6.955070507050696 ], [ 110.360111011101111, -6.955970597059709 ], [ 110.359960996099616, -6.958820882088214 ], [ 110.360636063606364, -6.959720972097205 ], [ 110.387788778877891, -6.959720972097207 ], [ 110.38358835883588, -6.958820882088204 ], [ 110.38328832883289, -6.95537053705371 ], [ 110.380963096309628, -6.956945694569455 ], [ 110.379537953795378, -6.9570207020702 ], [ 110.382388238823879, -6.954920492049201 ] ], [ [ 110.378412841284131, -6.956345634563461 ], [ 110.379612961296132, -6.95559555955596 ], [ 110.379612961296132, -6.955820582058212 ], [ 110.378412841284131, -6.956345634563461 ] ], [ [ 110.363711371137114, -6.955745574557451 ], [ 110.364011401140118, -6.95582058205821 ], [ 110.363711371137114, -6.955820582058206 ], [ 110.363711371137114, -6.955745574557451 ] ], [ [ 110.373162316231628, -6.955745574557455 ], [ 110.373237323732369, -6.955670567056712 ], [ 110.373237323732369, -6.95574557455746 ], [ 110.373162316231628, -6.955745574557455 ] ], [ [ 110.36333633363337, -6.955820582058211 ], [ 110.36341134113411, -6.955745574557448 ], [ 110.36341134113411, -6.955820582058201 ], [ 110.36333633363337, -6.955820582058211 ] ], [ [ 110.374362436243629, -6.9558205820582 ], [ 110.37443744374437, -6.955745574557463 ], [ 110.37443744374437, -6.955820582058211 ], [ 110.374362436243629, -6.9558205820582 ] ], [ [ 110.363186318631875, -6.955895589558948 ], [ 110.36333633363337, -6.955820582058211 ], [ 110.36333633363337, -6.955970597059713 ], [ 110.363186318631875, -6.955895589558948 ] ], [ [ 110.374512451245124, -6.956195619561955 ], [ 110.374587458745879, -6.956120612061204 ], [ 110.374587458745879, -6.956195619561964 ], [ 110.374512451245124, -6.956195619561955 ] ], [ [ 110.363561356135619, -6.956345634563462 ], [ 110.363711371137114, -6.956195619561953 ], [ 110.36363636363636, -6.95634563456346 ], [ 110.363561356135619, -6.956345634563462 ] ], [ [ 110.378337833783377, -6.956420642064206 ], [ 110.378412841284131, -6.956345634563461 ], [ 110.378412841284131, -6.956420642064209 ], [ 110.378337833783377, -6.956420642064206 ] ], [ [ 110.376612661266122, -6.956645664566457 ], [ 110.377812781278124, -6.956420642064208 ], [ 110.377812781278124, -6.956495649564948 ], [ 110.376612661266122, -6.956645664566457 ] ], [ [ 110.369561956195625, -6.956570657065702 ], [ 110.36971197119712, -6.956495649564951 ], [ 110.36971197119712, -6.956570657065708 ], [ 110.369561956195625, -6.956570657065702 ] ], [ [ 110.361911191119106, -6.957170717071701 ], [ 110.362961296129612, -6.957170717071707 ], [ 110.361911191119106, -6.957545754575454 ], [ 110.361911191119106, -6.957170717071701 ] ], [ [ 110.368286828682869, -6.957020702070205 ], [ 110.368361836183624, -6.9567206720672 ], [ 110.368361836183624, -6.957020702070209 ], [ 110.368286828682869, -6.957020702070205 ] ], [ [ 110.36663666366637, -6.957170717071715 ], [ 110.36671167116711, -6.957020702070203 ], [ 110.36671167116711, -6.957170717071706 ], [ 110.36663666366637, -6.957170717071715 ] ], [ [ 110.361461146114607, -6.957545754575454 ], [ 110.361686168616856, -6.957245724572451 ], [ 110.361761176117611, -6.957545754575456 ], [ 110.361461146114607, -6.957545754575454 ] ], [ [ 110.366486648664875, -6.957470747074705 ], [ 110.36663666366637, -6.957545754575452 ], [ 110.366486648664875, -6.957620762076213 ], [ 110.366486648664875, -6.957470747074705 ] ], [ [ 110.37728772877287, -6.957470747074701 ], [ 110.378637863786381, -6.957620762076215 ], [ 110.377137713771376, -6.957695769576963 ], [ 110.37728772877287, -6.957470747074701 ] ], [ [ 110.369786978697874, -6.959345934593454 ], [ 110.369861986198615, -6.959120912091216 ], [ 110.369936993699369, -6.959345934593461 ], [ 110.369786978697874, -6.959345934593454 ] ] ] } },
{ "type": "Feature", "properties": { "year": 2029, "layer": "atrisk" }, "geometry": { "type": "Polygon", "coordinates": [ [ [ 110.319456945694569, -6.938268826882693 ], [ 110.317656765676574, -6.939693969396942 ], [ 110.318481848184817, -6.939918991899183 ], [ 110.318781878187821, -6.940219021902184 ], [ 110.317131713171321, -6.940069006900697 ], [ 110.312406240624057, -6.943744374437443 ], [ 110.318106810681073, -6.952895289528954 ], [ 110.319081908190824, -6.9505700570057 ], [ 110.320057005700576, -6.950870087008709 ], [ 110.318631863186312, -6.953345334533455 ], [ 110.327557755775572, -6.958595859585952 ], [ 110.349684968496845, -6.959720972097204 ], [ 110.352385238523851, -6.958070807080701 ], [ 110.350810081008106, -6.959720972097208 ], [ 110.359135913591359, -6.959720972097215 ], [ 110.359060906090605, -6.954845484548458 ], [ 110.355385538553861, -6.95469546954696 ], [ 110.358685868586861, -6.954170417041712 ], [ 110.359435943594363, -6.954245424542453 ], [ 110.359660966096612, -6.959720972097211 ], [ 110.359960996099616, -6.954395439543949 ], [ 110.367161716171637, -6.95514551455145 ], [ 110.375187518751872, -6.954695469546957 ], [ 110.349309930993115, -6.952220222022198 ], [ 110.344884488448841, -6.949144914491447 ], [ 110.327632763276327, -6.942844284428435 ], [ 110.319456945694569, -6.938268826882693 ] ], [ [ 110.319531953195323, -6.94051905190519 ], [ 110.319681968196818, -6.940444044404438 ], [ 110.319681968196818, -6.940519051905197 ], [ 110.319531953195323, -6.94051905190519 ] ], [ [ 110.319756975697572, -6.940594059405948 ], [ 110.319906990699081, -6.94051905190519 ], [ 110.319906990699081, -6.940594059405931 ], [ 110.319756975697572, -6.940594059405948 ] ], [ [ 110.318181818181813, -6.940669066906691 ], [ 110.318256825682582, -6.940594059405941 ], [ 110.318256825682582, -6.940669066906696 ], [ 110.318181818181813, -6.940669066906691 ] ], [ [ 110.320357035703566, -6.940894089408944 ], [ 110.320132013201317, -6.940594059405946 ], [ 110.320582058205815, -6.940894089408935 ], [ 110.320357035703566, -6.940894089408944 ] ], [ [ 110.318256825682582, -6.940744074407437 ], [ 110.318406840684062, -6.940669066906693 ], [ 110.318406840684062, -6.940744074407443 ], [ 110.318256825682582, -6.940744074407437 ] ], [ [ 110.318481848184817, -6.940894089408946 ], [ 110.318556855685571, -6.940744074407433 ], [ 110.318631863186312, -6.940894089408936 ], [ 110.318481848184817, -6.940894089408946 ] ], [ [ 110.318631863186312, -6.940969096909683 ], [ 110.318706870687066, -6.940894089408933 ], [ 110.318706870687066, -6.940969096909692 ], [ 110.318631863186312, -6.940969096909683 ] ], [ [ 110.320582058205815, -6.940969096909694 ], [ 110.320807080708065, -6.940894089408944 ], [ 110.320807080708065, -6.940969096909697 ], [ 110.320582058205815, -6.940969096909694 ] ], [ [ 110.321407140714072, -6.941569156915684 ], [ 110.321557155715581, -6.941119111911184 ], [ 110.321482148214827, -6.941494149414945 ], [ 110.321782178217816, -6.941644164416446 ], [ 110.321407140714072, -6.941569156915684 ] ], [ [ 110.321557155715581, -6.941269126912685 ], [ 110.321632163216321, -6.941194119411946 ], [ 110.321632163216321, -6.941269126912696 ], [ 110.321557155715581, -6.941269126912685 ] ], [ [ 110.321632163216321, -6.941344134413449 ], [ 110.321707170717076, -6.941269126912688 ], [ 110.321707170717076, -6.941344134413448 ], [ 110.321632163216321, -6.941344134413449 ] ], [ [ 110.321782178217816, -6.941419141914186 ], [ 110.321857185718571, -6.941344134413448 ], [ 110.321857185718571, -6.941419141914191 ], [ 110.321782178217816, -6.941419141914186 ] ], [ [ 110.321857185718571, -6.941494149414938 ], [ 110.321932193219325, -6.941419141914198 ], [ 110.321932193219325, -6.941494149414936 ], [ 110.321857185718571, -6.941494149414938 ] ], [ [ 110.322382238223824, -6.942244224422448 ], [ 110.322607260726073, -6.942094209420946 ], [ 110.322757275727568, -6.942319231923189 ], [ 110.322382238223824, -6.942244224422448 ] ], [ [ 110.322607260726073, -6.9420192019202 ], [ 110.322682268226828, -6.941944194419445 ], [ 110.322682268226828, -6.942019201920196 ], [ 110.322607260726073, -6.9420192019202 ] ], [ [ 110.322682268226828, -6.942094209420949 ], [ 110.322832283228323, -6.942019201920183 ], [ 110.322832283228323, -6.942094209420948 ], [ 110.322682268226828, -6.942094209420949 ] ], [ [ 110.322832283228323, -6.942169216921698 ], [ 110.322907290729091, -6.942094209420944 ], [ 110.322907290729091, -6.942169216921699 ], [ 110.322832283228323, -6.942169216921698 ] ], [ [ 110.322907290729091, -6.942394239423948 ], [ 110.323132313231326, -6.942244224422434 ], [ 110.323057305730572, -6.942394239423943 ], [ 110.322907290729091, -6.942394239423948 ] ], [ [ 110.322907290729091, -6.942544254425447 ], [ 110.323357335733576, -6.942469246924687 ], [ 110.322907290729091, -6.94269426942694 ], [ 110.322907290729091, -6.942544254425447 ] ], [ [ 110.324482448244822, -6.945694569456948 ], [ 110.327557755775572, -6.947794779477955 ], [ 110.326282628262831, -6.948619861986192 ], [ 110.324857485748581, -6.946744674467451 ], [ 110.320582058205815, -6.948469846984701 ], [ 110.321557155715581, -6.946219621962205 ], [ 110.324482448244822, -6.945694569456948 ] ], [ [ 110.32538253825382, -6.945844584458445 ], [ 110.325457545754574, -6.945769576957691 ], [ 110.325457545754574, -6.94584458445844 ], [ 110.32538253825382, -6.945844584458445 ] ], [ [ 110.320357035703566, -6.948244824482442 ], [ 110.32043204320432, -6.9480198019802 ], [ 110.32043204320432, -6.948244824482448 ], [ 110.320357035703566, -6.948244824482442 ] ], [ [ 110.32043204320432, -6.948319831983198 ], [ 110.320507050705075, -6.948244824482442 ], [ 110.320507050705075, -6.948319831983201 ], [ 110.32043204320432, -6.948319831983198 ] ], [ [ 110.321632163216321, -6.948319831983195 ], [ 110.321707170717076, -6.94824482448245 ], [ 110.321707170717076, -6.94831983198319 ], [ 110.321632163216321, -6.948319831983195 ] ], [ [ 110.320507050705075, -6.948394839483945 ], [ 110.320582058205815, -6.948319831983191 ], [ 110.320582058205815, -6.948394839483946 ], [ 110.320507050705075, -6.948394839483945 ] ], [ [ 110.321557155715581, -6.948469846984695 ], [ 110.321632163216321, -6.948394839483946 ], [ 110.321632163216321, -6.948469846984699 ], [ 110.321557155715581, -6.948469846984695 ] ], [ [ 110.320582058205815, -6.950420042004199 ], [ 110.32065706570657, -6.950345034503457 ], [ 110.32065706570657, -6.950420042004198 ], [ 110.320582058205815, -6.950420042004199 ] ], [ [ 110.320132013201317, -6.950795079507951 ], [ 110.320732073207324, -6.950570057005702 ], [ 110.320507050705075, -6.950795079507952 ], [ 110.320132013201317, -6.950795079507951 ] ], [ [ 110.320057005700576, -6.950870087008709 ], [ 110.320132013201317, -6.950795079507951 ], [ 110.320132013201317, -6.950870087008706 ], [ 110.320057005700576, -6.950870087008709 ] ], [ [ 110.320132013201317, -6.951020102010209 ], [ 110.320207020702071, -6.950945094509458 ], [ 110.320207020702071, -6.951020102010192 ], [ 110.320132013201317, -6.951020102010209 ] ], [ [ 110.356960696069606, -6.955295529552953 ], [ 110.357035703570361, -6.955220522052198 ], [ 110.357035703570361, -6.95529552955296 ], [ 110.356960696069606, -6.955295529552953 ] ], [ [ 110.356585658565876, -6.955445544554448 ], [ 110.356660666066603, -6.955295529552962 ], [ 110.356660666066603, -6.955445544554453 ], [ 110.356585658565876, -6.955445544554448 ] ], [ [ 110.352310231023097, -6.957845784578467 ], [ 110.352910291029104, -6.958070807080707 ], [ 110.352610261026115, -6.95814581458145 ], [ 110.352310231023097, -6.957845784578467 ] ] ] } }
]
}
