{
"type": "FeatureCollection",
"name": "atrisk_2050",
"crs": { "type": "name", "properties": { "name": "urn:ogc:def:crs:OGC:1.3:CRS84" } },
"features": [
{ "type": "Feature", "properties": { "year": 2050, "layer": "atrisk" }, "geometry": { "type": "Polygon", "coordinates": [ [ [ 110.53990399039904, -6.750675067506744 ], [ 110.539603960396036, -6.751275127512747 ], [ 110.540354035403539, -6.751575157515749 ], [ 110.53990399039904, -6.750675067506744 ] ] ] } },
{ "type": "Feature", "properties": { "year": 2050, "layer": "atrisk" }, "geometry": { "type": "Polygon", "coordinates": [ [ [ 110.584083408340831, -6.751125112511255 ], [ 110.58280828082809, -6.751050105010501 ], [ 110.58280828082809, -6.752100210021005 ], [ 110.584083408340831, -6.751125112511255 ] ] ] } },
{ "type": "Feature", "properties": { "year": 2050, "layer": "atrisk" }, "geometry": { "type": "Polygon", "coordinates": [ [ [ 110.584383438343835, -6.75202520252025 ], [ 110.583558355835578, -6.752850285028503 ], [ 110.583333333333329, -6.753750375037505 ], [ 110.58453345334533, -6.753525352535251 ], [ 110.584383438343835, -6.75202520252025 ] ] ] } },
{ "type": "Feature", "properties": { "year": 2050, "layer": "atrisk" }, "geometry": { "type": "Polygon", "coordinates": [ [ [ 110.581158115811576, -6.752475247524748 ], [ 110.577857785778576, -6.753000300030006 ], [ 110.577782778277822, -6.753900390038999 ], [ 110.581158115811576, -6.753900390039009 ], [ 110.581158115811576, -6.752475247524748 ] ] ] } },
{ "type": "Feature", "properties": { "year": 2050, "layer": "atrisk" }, "geometry": { "type": "Polygon", "coordinates": [ [ [ 110.583108310831079, -6.753450345034507 ], [ 110.581683168316829, -6.752400240024009 ], [ 110.582208220822096, -6.754425442544249 ], [ 110.583108310831079, -6.753450345034507 ] ] ] } },
{ "type": "Feature", "properties": { "year": 2050, "layer": "atrisk" }, "geometry": { "type": "Polygon", "coordinates": [ [ [ 110.569606960696063, -6.753225322532258 ], [ 110.567806780678069, -6.754125412541245 ], [ 110.567731773177314, -6.754800480048011 ], [ 110.569531953195323, -6.754950495049511 ], [ 110.569606960696063, -6.753225322532258 ] ], [ [ 110.568931893189315, -6.75405040504051 ], [ 110.569231923192319, -6.75382538253825 ], [ 110.569381938193814, -6.7540504050405 ], [ 110.568931893189315, -6.75405040504051 ] ], [ [ 110.568406840684062, -6.75457545754575 ], [ 110.568481848184817, -6.754500450045 ], [ 110.568481848184817, -6.75457545754575 ], [ 110.568406840684062, -6.75457545754575 ] ] ] } },
{ "type": "Feature", "properties": { "year": 2050, "layer": "atrisk" }, "geometry": { "type": "Polygon", "coordinates": [ [ [ 110.572532253225319, -6.752625262526246 ], [ 110.570657065706584, -6.753225322532255 ], [ 110.570657065706584, -6.754275427542757 ], [ 110.571032103210328, -6.755175517551757 ], [ 110.570357035703566, -6.755325532553251 ], [ 110.570657065706584, -6.756150615061508 ], [ 110.572607260726073, -6.755475547554754 ], [ 110.573357335733576, -6.753150315031496 ], [ 110.572832283228323, -6.753000300029995 ], [ 110.572982298229817, -6.752775277527757 ], [ 110.572532253225319, -6.752625262526246 ] ], [ [ 110.572607260726073, -6.752775277527748 ], [ 110.572682268226828, -6.752700270027004 ], [ 110.572682268226828, -6.75277527752775 ], [ 110.572607260726073, -6.752775277527748 ] ], [ [ 110.572307230723084, -6.753750375037503 ], [ 110.572532253225319, -6.753525352535245 ], [ 110.572532253225319, -6.753750375037501 ], [ 110.572307230723084, -6.753750375037503 ] ], [ [ 110.572607260726073, -6.753750375037495 ], [ 110.572682268226828, -6.753675367536751 ], [ 110.572682268226828, -6.7537503750375 ], [ 110.572607260726073, -6.753750375037495 ] ], [ [ 110.572532253225319, -6.753825382538257 ], [ 110.572607260726073, -6.753750375037495 ], [ 110.572607260726073, -6.753825382538259 ], [ 110.572532253225319, -6.753825382538257 ] ], [ [ 110.572457245724578, -6.753975397539746 ], [ 110.572532253225319, -6.753900390039002 ], [ 110.572532253225319, -6.753975397539754 ], [ 110.572457245724578, -6.753975397539746 ] ], [ [ 110.571407140714072, -6.754275427542744 ], [ 110.571482148214827, -6.754200420042001 ], [ 110.571482148214827, -6.754275427542752 ], [ 110.571407140714072, -6.754275427542744 ] ], [ [ 110.571332133213318, -6.754350435043502 ], [ 110.571407140714072, -6.754275427542744 ], [ 110.571407140714072, -6.754350435043508 ], [ 110.571332133213318, -6.754350435043502 ] ], [ [ 110.570882088208819, -6.754425442544254 ], [ 110.570957095709574, -6.7543504350435 ], [ 110.570957095709574, -6.75442544254425 ], [ 110.570882088208819, -6.754425442544254 ] ], [ [ 110.571407140714072, -6.754500450045007 ], [ 110.571482148214827, -6.754425442544259 ], [ 110.571482148214827, -6.754500450044998 ], [ 110.571407140714072, -6.754500450045007 ] ], [ [ 110.571557155715567, -6.754575457545758 ], [ 110.571707170717076, -6.754500450045009 ], [ 110.571707170717076, -6.754575457545753 ], [ 110.571557155715567, -6.754575457545758 ] ], [ [ 110.572532253225319, -6.754575457545758 ], [ 110.572607260726073, -6.754500450045004 ], [ 110.572607260726073, -6.754575457545752 ], [ 110.572532253225319, -6.754575457545758 ] ], [ [ 110.571407140714072, -6.754650465046497 ], [ 110.571482148214827, -6.75457545754576 ], [ 110.571482148214827, -6.754650465046495 ], [ 110.571407140714072, -6.754650465046497 ] ], [ [ 110.571557155715567, -6.755400540054006 ], [ 110.571782178217816, -6.755100510050997 ], [ 110.571782178217816, -6.755400540054008 ], [ 110.571557155715567, -6.755400540054006 ] ], [ [ 110.571182118211823, -6.755550555055498 ], [ 110.571257125712577, -6.755325532553255 ], [ 110.571257125712577, -6.755550555055498 ], [ 110.571182118211823, -6.755550555055498 ] ], [ [ 110.570582058205815, -6.755850585058501 ], [ 110.570657065706584, -6.755775577557758 ], [ 110.570657065706584, -6.755850585058504 ], [ 110.570582058205815, -6.755850585058501 ] ] ] } },
{ "type": "Feature", "properties": { "year": 2050, "layer": "atrisk" }, "geometry": { "type": "Polygon", "coordinates": [ [ [ 110.541104110411041, -6.75 ], [ 110.545904590459045, -6.756000600060001 ], [ 110.547479747974791, -6.75577557755776 ], [ 110.543429342934289, -6.75 ], [ 110.541104110411041, -6.75 ] ] ] } },
{ "type": "Feature", "properties": { "year": 2050, "layer": "atrisk" }, "geometry": { "type": "Polygon", "coordinates": [ [ [ 110.581158115811576, -6.754800480048007 ], [ 110.580783078307832, -6.75487548754876 ], [ 110.580333033303333, -6.756225622562252 ], [ 110.581083108310835, -6.756375637563764 ], [ 110.581533153315334, -6.75540054005401 ], [ 110.581383138313825, -6.756450645064501 ], [ 110.581683168316829, -6.756600660066012 ], [ 110.581983198319833, -6.755325532553259 ], [ 110.581158115811576, -6.754800480048007 ] ], [ [ 110.581008100810081, -6.755175517551764 ], [ 110.581083108310835, -6.754950495049511 ], [ 110.581083108310835, -6.755175517551748 ], [ 110.581008100810081, -6.755175517551764 ] ], [ [ 110.580933093309326, -6.755400540053998 ], [ 110.581008100810081, -6.755250525052511 ], [ 110.581008100810081, -6.755400540054008 ], [ 110.580933093309326, -6.755400540053998 ] ], [ [ 110.581683168316829, -6.755475547554763 ], [ 110.581758175817583, -6.755400540054007 ], [ 110.581758175817583, -6.755475547554755 ], [ 110.581683168316829, -6.755475547554763 ] ], [ [ 110.580858085808586, -6.755775577557762 ], [ 110.580933093309326, -6.755550555055499 ], [ 110.580933093309326, -6.755775577557757 ], [ 110.580858085808586, -6.755775577557762 ] ], [ [ 110.581008100810081, -6.756000600060001 ], [ 110.581083108310835, -6.75577557755776 ], [ 110.581083108310835, -6.75600060006 ], [ 110.581008100810081, -6.756000600060001 ] ], [ [ 110.580783078307832, -6.755925592559263 ], [ 110.580858085808586, -6.755850585058505 ], [ 110.580858085808586, -6.755925592559256 ], [ 110.580783078307832, -6.755925592559263 ] ], [ [ 110.580633063306337, -6.756000600060008 ], [ 110.580708070807077, -6.755925592559246 ], [ 110.580708070807077, -6.756000600060013 ], [ 110.580633063306337, -6.756000600060008 ] ], [ [ 110.580783078307832, -6.756000600060006 ], [ 110.580933093309326, -6.756075607560752 ], [ 110.580783078307832, -6.756075607560759 ], [ 110.580783078307832, -6.756000600060006 ] ], [ [ 110.580933093309326, -6.756225622562257 ], [ 110.581008100810081, -6.756150615061515 ], [ 110.581008100810081, -6.756225622562265 ], [ 110.580933093309326, -6.756225622562257 ] ], [ [ 110.581608160816089, -6.75637563756376 ], [ 110.581683168316829, -6.756225622562263 ], [ 110.581683168316829, -6.756375637563757 ], [ 110.581608160816089, -6.75637563756376 ] ] ] } },
{ "type": "Feature", "properties": { "year": 2050, "layer": "atrisk" }, "geometry": { "type": "Polygon", "coordinates": [ [ [ 110.549279927992799, -6.755775577557748 ], [ 110.548754875487546, -6.756450645064505 ], [ 110.549504950495063, -6.756675667566749 ], [ 110.549279927992799, -6.755775577557748 ] ] ] } },
{ "type": "Feature", "properties": { "year": 2050, "layer": "atrisk" }, "geometry": { "type": "Polygon", "coordinates": [ [ [ 110.578532853285324, -6.755625562556263 ], [ 110.578382838283829, -6.756750675067503 ], [ 110.578532853285324, -6.756225622562261 ], [ 110.578682868286833, -6.756525652565257 ], [ 110.578457845784584, -6.75712571257126 ], [ 110.579282928292827, -6.75600060006 ], [ 110.578982898289823, -6.755625562556252 ], [ 110.578532853285324, -6.755625562556263 ] ], [ [ 110.578757875787574, -6.755925592559249 ], [ 110.578832883288328, -6.755700570057015 ], [ 110.578832883288328, -6.755925592559251 ], [ 110.578757875787574, -6.755925592559249 ] ], [ [ 110.578532853285324, -6.756075607560761 ], [ 110.578607860786079, -6.755925592559257 ], [ 110.578607860786079, -6.756075607560764 ], [ 110.578532853285324, -6.756075607560761 ] ], [ [ 110.578607860786079, -6.756225622562249 ], [ 110.578757875787574, -6.756000600060014 ], [ 110.578757875787574, -6.756300630063008 ], [ 110.578607860786079, -6.756225622562249 ] ], [ [ 110.578832883288328, -6.756225622562249 ], [ 110.578907890789097, -6.756150615061506 ], [ 110.578907890789097, -6.756225622562256 ], [ 110.578832883288328, -6.756225622562249 ] ] ] } },
{ "type": "Feature", "properties": { "year": 2050, "layer": "atrisk" }, "geometry": { "type": "Polygon", "coordinates": [ [ [ 110.571407140714072, -6.756450645064513 ], [ 110.569606960696063, -6.757575757575764 ], [ 110.569831983198327, -6.758775877587755 ], [ 110.571482148214827, -6.757725772577258 ], [ 110.571407140714072, -6.756450645064513 ] ], [ [ 110.570057005700576, -6.75787578757876 ], [ 110.570132013201317, -6.757650765076502 ], [ 110.570132013201317, -6.757875787578758 ], [ 110.570057005700576, -6.75787578757876 ] ], [ [ 110.570657065706584, -6.757725772577258 ], [ 110.570732073207324, -6.757650765076505 ], [ 110.570732073207324, -6.757725772577265 ], [ 110.570657065706584, -6.757725772577258 ] ], [ [ 110.569831983198327, -6.758625862586256 ], [ 110.569906990699067, -6.758175817581765 ], [ 110.569906990699067, -6.758625862586257 ], [ 110.569831983198327, -6.758625862586256 ] ], [ [ 110.569981998199836, -6.758325832583264 ], [ 110.570057005700576, -6.758250825082509 ], [ 110.570057005700576, -6.758325832583256 ], [ 110.569981998199836, -6.758325832583264 ] ] ] } },
{ "type": "Feature", "properties": { "year": 2050, "layer": "atrisk" }, "geometry": { "type": "Polygon", "coordinates": [ [ [ 110.547329732973296, -6.758925892589266 ], [ 110.546354635463544, -6.759975997599765 ], [ 110.546879687968811, -6.760201020102007 ], [ 110.547329732973296, -6.758925892589266 ] ] ] } },
{ "type": "Feature", "properties": { "year": 2050, "layer": "atrisk" }, "geometry": { "type": "Polygon", "coordinates": [ [ [ 110.568856885688575, -6.760051005100507 ], [ 110.568631863186312, -6.760126012601265 ], [ 110.568406840684062, -6.760426042604268 ], [ 110.568331833183322, -6.761026102610255 ], [ 110.568556855685571, -6.761551155115516 ], [ 110.568931893189315, -6.761476147614766 ], [ 110.569081908190824, -6.760726072607262 ], [ 110.568856885688575, -6.760051005100507 ] ], [ [ 110.568631863186312, -6.760276027602754 ], [ 110.568706870687066, -6.760201020102016 ], [ 110.568706870687066, -6.760276027602756 ], [ 110.568631863186312, -6.760276027602754 ] ], [ [ 110.568481848184817, -6.761026102610267 ], [ 110.568556855685571, -6.760951095109517 ], [ 110.568556855685571, -6.761026102610256 ], [ 110.568481848184817, -6.761026102610267 ] ], [ [ 110.568631863186312, -6.761476147614769 ], [ 110.568856885688575, -6.761101110111003 ], [ 110.568781878187821, -6.761476147614758 ], [ 110.568631863186312, -6.761476147614769 ] ] ] } },
{ "type": "Feature", "properties": { "year": 2050, "layer": "atrisk" }, "geometry": { "type": "Polygon", "coordinates": [ [ [ 110.568106810681073, -6.761326132613262 ], [ 110.567431743174311, -6.761026102610257 ], [ 110.567431743174311, -6.761551155115513 ], [ 110.568106810681073, -6.761326132613262 ] ] ] } },
{ "type": "Feature", "properties": { "year": 2050, "layer": "atrisk" }, "geometry": { "type": "Polygon", "coordinates": [ [ [ 110.554530453045302, -6.760876087608767 ], [ 110.554830483048306, -6.762376237623768 ], [ 110.556255625562557, -6.761926192619257 ], [ 110.555955595559553, -6.761101110111017 ], [ 110.554530453045302, -6.760876087608767 ] ], [ [ 110.555280528052805, -6.761926192619258 ], [ 110.555805580558072, -6.762001200120018 ], [ 110.555280528052805, -6.762151215121509 ], [ 110.555280528052805, -6.761926192619258 ] ] ] } },
{ "type": "Feature", "properties": { "year": 2050, "layer": "atrisk" }, "geometry": { "type": "Polygon", "coordinates": [ [ [ 110.566831683168317, -6.759075907590764 ], [ 110.565481548154821, -6.759975997599761 ], [ 110.565331533153312, -6.762901290129011 ], [ 110.567281728172816, -6.760651065106503 ], [ 110.566831683168317, -6.759075907590764 ] ], [ [ 110.56593159315932, -6.760426042604261 ], [ 110.566006600660074, -6.760276027602766 ], [ 110.566006600660074, -6.760426042604256 ], [ 110.56593159315932, -6.760426042604261 ] ], [ [ 110.566006600660074, -6.761251125112512 ], [ 110.566231623162309, -6.760426042604252 ], [ 110.566156615661569, -6.761776177617763 ], [ 110.566006600660074, -6.761251125112512 ] ], [ [ 110.565856585658565, -6.761626162616266 ], [ 110.56593159315932, -6.761026102610256 ], [ 110.56593159315932, -6.761626162616269 ], [ 110.565856585658565, -6.761626162616266 ] ], [ [ 110.565856585658565, -6.76200120012002 ], [ 110.56593159315932, -6.761926192619265 ], [ 110.56593159315932, -6.762001200120006 ], [ 110.565856585658565, -6.76200120012002 ] ], [ [ 110.565481548154821, -6.762076207620765 ], [ 110.565556555655562, -6.762001200120015 ], [ 110.565556555655562, -6.762076207620758 ], [ 110.565481548154821, -6.762076207620765 ] ], [ [ 110.565556555655562, -6.762226222622267 ], [ 110.565631563156316, -6.762076207620767 ], [ 110.565706570657085, -6.762226222622253 ], [ 110.565556555655562, -6.762226222622267 ] ], [ [ 110.565706570657085, -6.762151215121505 ], [ 110.565856585658565, -6.762076207620764 ], [ 110.565856585658565, -6.762151215121514 ], [ 110.565706570657085, -6.762151215121505 ] ], [ [ 110.565556555655562, -6.762376237623768 ], [ 110.565631563156316, -6.762301230123003 ], [ 110.565631563156316, -6.762376237623762 ], [ 110.565556555655562, -6.762376237623768 ] ] ] } },
{ "type": "Feature", "properties": { "year": 2050, "layer": "atrisk" }, "geometry": { "type": "Polygon", "coordinates": [ [ [ 110.567056705670566, -6.761926192619271 ], [ 110.566306630663064, -6.762451245124512 ], [ 110.566906690669072, -6.763051305130513 ], [ 110.567056705670566, -6.761926192619271 ] ] ] } },
{ "type": "Feature", "properties": { "year": 2050, "layer": "atrisk" }, "geometry": { "type": "Polygon", "coordinates": [ [ [ 110.571182118211823, -6.762076207620756 ], [ 110.571032103210328, -6.762901290129006 ], [ 110.571482148214827, -6.763201320132015 ], [ 110.571707170717076, -6.762751275127511 ], [ 110.571182118211823, -6.762076207620756 ] ], [ [ 110.571332133213318, -6.762676267626765 ], [ 110.571407140714072, -6.762376237623769 ], [ 110.571407140714072, -6.762676267626757 ], [ 110.571332133213318, -6.762676267626765 ] ], [ [ 110.571182118211823, -6.762526252625268 ], [ 110.571257125712577, -6.762451245124511 ], [ 110.571257125712577, -6.762526252625258 ], [ 110.571182118211823, -6.762526252625268 ] ] ] } },
{ "type": "Feature", "properties": { "year": 2050, "layer": "atrisk" }, "geometry": { "type": "Polygon", "coordinates": [ [ [ 110.584383438343835, -6.754275427542757 ], [ 110.582958295829584, -6.757800780078013 ], [ 110.581758175817583, -6.757650765076505 ], [ 110.582508250825086, -6.759000900090015 ], [ 110.581608160816089, -6.757425742574251 ], [ 110.577557755775587, -6.756750675067511 ], [ 110.575757575757578, -6.757200720072015 ], [ 110.57538253825382, -6.755550555055509 ], [ 110.57208220822082, -6.756150615061507 ], [ 110.572907290729077, -6.757425742574251 ], [ 110.573357335733576, -6.757275727572753 ], [ 110.57365736573658, -6.756150615061505 ], [ 110.574107410741078, -6.757650765076505 ], [ 110.57508250825083, -6.757575757575752 ], [ 110.573807380738074, -6.759975997599756 ], [ 110.573507350735071, -6.759750975097501 ], [ 110.57343234323433, -6.760201020102008 ], [ 110.573357335733576, -6.75960096009601 ], [ 110.572757275727568, -6.759525952595259 ], [ 110.573057305730572, -6.760426042604259 ], [ 110.574707470747072, -6.759975997599762 ], [ 110.575907590759073, -6.759150915091505 ], [ 110.580933093309326, -6.759825982598266 ], [ 110.583708370837087, -6.761476147614764 ], [ 110.583108310831079, -6.763501350135021 ], [ 110.583708370837087, -6.763726372637271 ], [ 110.584383438343835, -6.754275427542757 ] ], [ [ 110.572832283228323, -6.756375637563748 ], [ 110.573207320732067, -6.756300630063005 ], [ 110.573057305730572, -6.756975697569756 ], [ 110.573057305730572, -6.75667566756675 ], [ 110.572832283228323, -6.756375637563748 ] ], [ [ 110.572832283228323, -6.756300630063011 ], [ 110.572907290729077, -6.756225622562251 ], [ 110.572907290729077, -6.756300630063006 ], [ 110.572832283228323, -6.756300630063011 ] ], [ [ 110.574782478247826, -6.756450645064508 ], [ 110.574857485748581, -6.756225622562255 ], [ 110.574857485748581, -6.756450645064512 ], [ 110.574782478247826, -6.756450645064508 ] ], [ [ 110.572907290729077, -6.75675067506751 ], [ 110.572982298229817, -6.756675667566762 ], [ 110.572982298229817, -6.756750675067499 ], [ 110.572907290729077, -6.75675067506751 ] ], [ [ 110.574707470747072, -6.756750675067502 ], [ 110.574782478247826, -6.756675667566761 ], [ 110.574782478247826, -6.756750675067502 ], [ 110.574707470747072, -6.756750675067502 ] ], [ [ 110.573207320732067, -6.75682568256825 ], [ 110.573357335733576, -6.756750675067498 ], [ 110.573357335733576, -6.756825682568251 ], [ 110.573207320732067, -6.75682568256825 ] ], [ [ 110.575007500750075, -6.756825682568251 ], [ 110.57515751575157, -6.75675067506751 ], [ 110.57515751575157, -6.756825682568252 ], [ 110.575007500750075, -6.756825682568251 ] ], [ [ 110.574782478247826, -6.756900690069005 ], [ 110.574932493249335, -6.756825682568254 ], [ 110.574932493249335, -6.756900690069003 ], [ 110.574782478247826, -6.756900690069005 ] ], [ [ 110.574932493249335, -6.756975697569759 ], [ 110.575007500750075, -6.756900690069005 ], [ 110.575007500750075, -6.75697569756975 ], [ 110.574932493249335, -6.756975697569759 ] ], [ [ 110.57515751575157, -6.757125712571251 ], [ 110.575232523252325, -6.756900690069009 ], [ 110.575232523252325, -6.757125712571259 ], [ 110.57515751575157, -6.757125712571251 ] ], [ [ 110.57673267326733, -6.757125712571254 ], [ 110.57680768076807, -6.757050705070503 ], [ 110.57680768076807, -6.757125712571251 ], [ 110.57673267326733, -6.757125712571254 ] ], [ [ 110.573207320732067, -6.757275727572756 ], [ 110.573282328232835, -6.757200720072 ], [ 110.573282328232835, -6.75727572757275 ], [ 110.573207320732067, -6.757275727572756 ] ], [ [ 110.577707770777081, -6.757350735073511 ], [ 110.577782778277822, -6.757275727572757 ], [ 110.577782778277822, -6.757350735073511 ], [ 110.577707770777081, -6.757350735073511 ] ], [ [ 110.574707470747072, -6.757575757575752 ], [ 110.575007500750075, -6.757500750075014 ], [ 110.575007500750075, -6.757575757575761 ], [ 110.574707470747072, -6.757575757575752 ] ], [ [ 110.573132313231326, -6.759750975097512 ], [ 110.573207320732067, -6.759675967596761 ], [ 110.573207320732067, -6.759750975097507 ], [ 110.573132313231326, -6.759750975097512 ] ], [ [ 110.573207320732067, -6.759975997599761 ], [ 110.573282328232835, -6.759825982598263 ], [ 110.573282328232835, -6.759975997599766 ], [ 110.573207320732067, -6.759975997599761 ] ], [ [ 110.573582358235825, -6.759975997599754 ], [ 110.57365736573658, -6.759900990099011 ], [ 110.57365736573658, -6.759975997599757 ], [ 110.573582358235825, -6.759975997599754 ] ], [ [ 110.57365736573658, -6.760201020102012 ], [ 110.57373237323732, -6.760051005100504 ], [ 110.57373237323732, -6.760201020102007 ], [ 110.57365736573658, -6.760201020102012 ] ], [ [ 110.573507350735071, -6.760276027602766 ], [ 110.573582358235825, -6.760201020102002 ], [ 110.573582358235825, -6.760276027602763 ], [ 110.573507350735071, -6.760276027602766 ] ] ] } },
{ "type": "Feature", "properties": { "year": 2050, "layer": "atrisk" }, "geometry": { "type": "Polygon", "coordinates": [ [ [ 110.568931893189315, -6.76402640264026 ], [ 110.568856885688575, -6.763051305130509 ], [ 110.566381638163818, -6.763501350135004 ], [ 110.568931893189315, -6.76402640264026 ] ] ] } },
{ "type": "Feature", "properties": { "year": 2050, "layer": "atrisk" }, "geometry": { "type": "Polygon", "coordinates": [ [ [ 110.584383438343835, -6.767776777677774 ], [ 110.583333333333329, -6.768376837683777 ], [ 110.58453345334533, -6.768826882688272 ], [ 110.584383438343835, -6.767776777677774 ] ] ] } },
{ "type": "Feature", "properties": { "year": 2050, "layer": "atrisk" }, "geometry": { "type": "Polygon", "coordinates": [ [ [ 110.583783378337827, -6.768976897689763 ], [ 110.583483348334838, -6.769726972697276 ], [ 110.584383438343835, -6.769876987698772 ], [ 110.583783378337827, -6.768976897689763 ] ] ] } },
{ "type": "Feature", "properties": { "year": 2050, "layer": "atrisk" }, "geometry": { "type": "Polygon", "coordinates": [ [ [ 110.443069306930695, -6.938268826882689 ], [ 110.439468946894692, -6.938943894389444 ], [ 110.443894389438938, -6.938943894389443 ], [ 110.443069306930695, -6.938268826882689 ] ] ] } },
{ "type": "Feature", "properties": { "year": 2050, "layer": "atrisk" }, "geometry": { "type": "Polygon", "coordinates": [ [ [ 110.577257725772597, -6.759600960096004 ], [ 110.572457245724578, -6.761401140114007 ], [ 110.572907290729077, -6.763126312631257 ], [ 110.570507050705075, -6.763876387638762 ], [ 110.575607560756069, -6.764326432643267 ], [ 110.575457545754574, -6.770027002700273 ], [ 110.576957695769579, -6.770777077707776 ], [ 110.577482748274832, -6.768376837683775 ], [ 110.578007800780071, -6.770627062706273 ], [ 110.575532553255329, -6.771452145214529 ], [ 110.575457545754574, -6.770402040204012 ], [ 110.575232523252325, -6.773477347734771 ], [ 110.569456945694569, -6.775202520252023 ], [ 110.569531953195323, -6.775502550255033 ], [ 110.568706870687066, -6.775652565256522 ], [ 110.567731773177314, -6.776852685268533 ], [ 110.565706570657085, -6.786528652865289 ], [ 110.566981698169812, -6.788178817881795 ], [ 110.565406540654067, -6.78780378037804 ], [ 110.562256225622562, -6.794104410441046 ], [ 110.563531353135318, -6.795004500450037 ], [ 110.561956195619558, -6.794854485448542 ], [ 110.559555955595556, -6.798154815481547 ], [ 110.560081008100823, -6.803705370537059 ], [ 110.556705670567055, -6.805880588058803 ], [ 110.554230423042299, -6.809030903090314 ], [ 110.557005700570059, -6.811731173117319 ], [ 110.551080108010808, -6.808430843084302 ], [ 110.549504950495063, -6.811131113111306 ], [ 110.550855085508545, -6.810681068106811 ], [ 110.549204920492045, -6.812931293129317 ], [ 110.549429942994294, -6.817881788178826 ], [ 110.54740474047405, -6.820432043204314 ], [ 110.542454245424537, -6.820657065706573 ], [ 110.537503750375038, -6.827032703270317 ], [ 110.534953495349541, -6.82778277827782 ], [ 110.5303780378038, -6.832733273327329 ], [ 110.520102010201029, -6.834983498349827 ], [ 110.523402340234028, -6.838508850885088 ], [ 110.527527752775271, -6.839333933393331 ], [ 110.528127812781278, -6.847509750975099 ], [ 110.521827182718269, -6.848709870987097 ], [ 110.524302430243026, -6.850135013501353 ], [ 110.521902190219024, -6.851260126012602 ], [ 110.522277227722768, -6.849684968496842 ], [ 110.521077107710781, -6.849684968496851 ], [ 110.519576957695776, -6.854785478547853 ], [ 110.51522652265227, -6.85913591359135 ], [ 110.516051605160513, -6.860711071107104 ], [ 110.515976597659773, -6.859885988598855 ], [ 110.51687668766877, -6.859360936093609 ], [ 110.51695169516951, -6.861386138613863 ], [ 110.519351935193512, -6.861836183618368 ], [ 110.508700870087011, -6.880063006300624 ], [ 110.478997899789974, -6.918241824182414 ], [ 110.47562256225622, -6.920942094209425 ], [ 110.476072607260733, -6.924167416741672 ], [ 110.470447044704471, -6.925442544254425 ], [ 110.467371737173721, -6.930468046804684 ], [ 110.46482148214821, -6.929717971797172 ], [ 110.461221122112207, -6.932418241824185 ], [ 110.46009600960096, -6.931818181818182 ], [ 110.459870987098711, -6.933318331833183 ], [ 110.458820882088204, -6.932343234323429 ], [ 110.455520552055205, -6.935943594359435 ], [ 110.452970297029708, -6.936318631863181 ], [ 110.452145214521451, -6.935043504350432 ], [ 110.449219921992196, -6.936918691869195 ], [ 110.448394839483953, -6.935418541854187 ], [ 110.444419441944191, -6.938943894389443 ], [ 110.482073207320738, -6.938493849384936 ], [ 110.490474047404746, -6.935193519351929 ], [ 110.496399639963997, -6.929792979297926 ], [ 110.501050105010506, -6.919141914191428 ], [ 110.50142514251425, -6.896939693969404 ], [ 110.508325832583253, -6.894989498949901 ], [ 110.51357635763577, -6.891764176417639 ], [ 110.520777077707791, -6.881488148814877 ], [ 110.522202220222027, -6.873912391239132 ], [ 110.522202220222027, -6.85523552355235 ], [ 110.529477947794774, -6.853135313531346 ], [ 110.535553555355534, -6.848934893489345 ], [ 110.540804080408037, -6.841584158415835 ], [ 110.542079207920793, -6.838133813381342 ], [ 110.542754275427541, -6.834383438343829 ], [ 110.547779777977794, -6.833258325832576 ], [ 110.552130213021314, -6.831233123312331 ], [ 110.549654965496543, -6.830633063306324 ], [ 110.548754875487546, -6.828157815781576 ], [ 110.553330333033301, -6.830258025802586 ], [ 110.552580258025799, -6.829432943294325 ], [ 110.554905490549061, -6.829357935793578 ], [ 110.560756075607557, -6.822382238223816 ], [ 110.562706270627075, -6.817656765676574 ], [ 110.561581158115814, -6.815631563156315 ], [ 110.563156315631559, -6.816006600660062 ], [ 110.563531353135318, -6.81345634563457 ], [ 110.568481848184817, -6.81240624062406 ], [ 110.568331833183322, -6.811431143114318 ], [ 110.569381938193814, -6.812031203120305 ], [ 110.574407440744068, -6.80940594059406 ], [ 110.577257725772597, -6.807080708070805 ], [ 110.579132913291332, -6.80505550555055 ], [ 110.582358235823577, -6.799879987998802 ], [ 110.584458445844589, -6.791779177917794 ], [ 110.581983198319833, -6.790129012901291 ], [ 110.581983198319833, -6.792604260426041 ], [ 110.581833183318338, -6.792154215421541 ], [ 110.581758175817583, -6.793204320432046 ], [ 110.581533153315334, -6.793579357935786 ], [ 110.581533153315334, -6.789903990399039 ], [ 110.578832883288328, -6.788703870387034 ], [ 110.581608160816089, -6.789378937893792 ], [ 110.581608160816089, -6.789978997899796 ], [ 110.582133213321328, -6.789753975397544 ], [ 110.584458445844589, -6.791479147914792 ], [ 110.584683468346839, -6.771152115211522 ], [ 110.582058205820587, -6.770027002700274 ], [ 110.582658265826581, -6.768901890189013 ], [ 110.582583258325826, -6.767626762676272 ], [ 110.58430843084308, -6.767701770177024 ], [ 110.583633363336332, -6.765526552655261 ], [ 110.582433243324331, -6.766576657665775 ], [ 110.582283228322837, -6.76432643264326 ], [ 110.584083408340831, -6.76485148514851 ], [ 110.58423342334234, -6.764026402640264 ], [ 110.580408040804087, -6.762151215121506 ], [ 110.578457845784584, -6.762676267626753 ], [ 110.579732973297325, -6.761101110111009 ], [ 110.579507950795076, -6.761101110111003 ], [ 110.579282928292827, -6.760351035103507 ], [ 110.578607860786079, -6.759825982598258 ], [ 110.577257725772597, -6.759600960096004 ] ], [ [ 110.576882688268824, -6.759900990099013 ], [ 110.577257725772597, -6.759750975097512 ], [ 110.577257725772597, -6.760426042604267 ], [ 110.576882688268824, -6.759900990099013 ] ], [ [ 110.577407740774078, -6.760426042604266 ], [ 110.577482748274832, -6.760276027602753 ], [ 110.577482748274832, -6.760426042604252 ], [ 110.577407740774078, -6.760426042604266 ] ], [ [ 110.577632763276327, -6.760426042604265 ], [ 110.577707770777081, -6.760351035103517 ], [ 110.577707770777081, -6.760426042604256 ], [ 110.577632763276327, -6.760426042604265 ] ], [ [ 110.578982898289823, -6.760576057605759 ], [ 110.579057905790577, -6.760351035103517 ], [ 110.579132913291332, -6.760576057605762 ], [ 110.578982898289823, -6.760576057605759 ] ], [ [ 110.577257725772597, -6.760726072607262 ], [ 110.577407740774078, -6.760501050105007 ], [ 110.577332733273323, -6.760726072607266 ], [ 110.577257725772597, -6.760726072607262 ] ], [ [ 110.579207920792086, -6.760801080108009 ], [ 110.579282928292827, -6.760501050105018 ], [ 110.579282928292827, -6.760801080108019 ], [ 110.579207920792086, -6.760801080108009 ] ], [ [ 110.57650765076508, -6.762451245124517 ], [ 110.577707770777081, -6.760576057605753 ], [ 110.577707770777081, -6.761326132613267 ], [ 110.578232823282335, -6.761476147614768 ], [ 110.578307830783075, -6.76275127512751 ], [ 110.57650765076508, -6.762451245124517 ] ], [ [ 110.578832883288328, -6.760876087608756 ], [ 110.578982898289823, -6.760651065106511 ], [ 110.578982898289823, -6.760951095109506 ], [ 110.578832883288328, -6.760876087608756 ] ], [ [ 110.579132913291332, -6.76132613261326 ], [ 110.579207920792086, -6.760951095109518 ], [ 110.579207920792086, -6.761326132613256 ], [ 110.579132913291332, -6.76132613261326 ] ], [ [ 110.572982298229817, -6.761626162616258 ], [ 110.57538253825382, -6.76267626762677 ], [ 110.572982298229817, -6.762976297629764 ], [ 110.573282328232835, -6.762076207620765 ], [ 110.572982298229817, -6.761626162616258 ] ], [ [ 110.575457545754574, -6.761926192619259 ], [ 110.575532553255329, -6.761851185118519 ], [ 110.575532553255329, -6.761926192619263 ], [ 110.575457545754574, -6.761926192619259 ] ], [ [ 110.572832283228323, -6.762226222622257 ], [ 110.573057305730572, -6.762226222622253 ], [ 110.573057305730572, -6.762676267626764 ], [ 110.572832283228323, -6.762226222622257 ] ], [ [ 110.576207620762077, -6.762076207620762 ], [ 110.576282628262845, -6.762001200120006 ], [ 110.576282628262845, -6.762076207620769 ], [ 110.576207620762077, -6.762076207620762 ] ], [ [ 110.576132613261322, -6.762301230123011 ], [ 110.576282628262845, -6.762151215121521 ], [ 110.576207620762077, -6.76230123012301 ], [ 110.576132613261322, -6.762301230123011 ] ], [ [ 110.578382838283829, -6.762376237623769 ], [ 110.578457845784584, -6.762151215121512 ], [ 110.578457845784584, -6.762376237623754 ], [ 110.578382838283829, -6.762376237623769 ] ], [ [ 110.573882388238829, -6.76297629762977 ], [ 110.574107410741078, -6.762901290129006 ], [ 110.574107410741078, -6.762976297629768 ], [ 110.573882388238829, -6.76297629762977 ] ], [ [ 110.572682268226828, -6.763276327632756 ], [ 110.572757275727568, -6.763201320132008 ], [ 110.572757275727568, -6.763276327632756 ], [ 110.572682268226828, -6.763276327632756 ] ], [ [ 110.580108010801084, -6.764476447644761 ], [ 110.581383138313825, -6.76380138013802 ], [ 110.582133213321328, -6.764251425142521 ], [ 110.581308130813085, -6.764176417641769 ], [ 110.580108010801084, -6.764476447644761 ] ], [ [ 110.581758175817583, -6.764326432643258 ], [ 110.581833183318338, -6.764251425142522 ], [ 110.581833183318338, -6.764326432643267 ], [ 110.581758175817583, -6.764326432643258 ] ], [ [ 110.582133213321328, -6.764326432643256 ], [ 110.582283228322837, -6.76425142514252 ], [ 110.582283228322837, -6.76432643264326 ], [ 110.582133213321328, -6.764326432643256 ] ], [ [ 110.577107710771074, -6.765826582658267 ], [ 110.577707770777081, -6.76477647764776 ], [ 110.577482748274832, -6.765676567656764 ], [ 110.577107710771074, -6.765826582658267 ] ], [ [ 110.583183318331834, -6.766126612661274 ], [ 110.583258325832588, -6.765976597659757 ], [ 110.583258325832588, -6.766126612661264 ], [ 110.583183318331834, -6.766126612661274 ] ], [ [ 110.583333333333329, -6.766126612661263 ], [ 110.583408340834083, -6.766051605160517 ], [ 110.583408340834083, -6.766126612661272 ], [ 110.583333333333329, -6.766126612661263 ] ], [ [ 110.583108310831079, -6.766201620162024 ], [ 110.583183318331834, -6.766126612661274 ], [ 110.583183318331834, -6.766201620162011 ], [ 110.583108310831079, -6.766201620162024 ] ], [ [ 110.583258325832588, -6.76620162016201 ], [ 110.583333333333329, -6.766126612661263 ], [ 110.583333333333329, -6.766201620162018 ], [ 110.583258325832588, -6.76620162016201 ] ], [ [ 110.583333333333329, -6.766201620162018 ], [ 110.583408340834083, -6.767026702670271 ], [ 110.583033303330339, -6.76702670267026 ], [ 110.582733273327335, -6.767551755175524 ], [ 110.583333333333329, -6.766201620162018 ] ], [ [ 110.581908190819078, -6.766801680168024 ], [ 110.582433243324331, -6.766801680168021 ], [ 110.581908190819078, -6.767026702670266 ], [ 110.581908190819078, -6.766801680168024 ] ], [ [ 110.583033303330339, -6.766351635163523 ], [ 110.583108310831079, -6.76627662766276 ], [ 110.583108310831079, -6.766351635163519 ], [ 110.583033303330339, -6.766351635163523 ] ], [ [ 110.581908190819078, -6.767176717671763 ], [ 110.581983198319833, -6.767101710171021 ], [ 110.581983198319833, -6.767176717671775 ], [ 110.581908190819078, -6.767176717671763 ] ], [ [ 110.582058205820587, -6.767176717671775 ], [ 110.582133213321328, -6.767101710171009 ], [ 110.582133213321328, -6.767176717671767 ], [ 110.582058205820587, -6.767176717671775 ] ], [ [ 110.583108310831079, -6.767176717671767 ], [ 110.583258325832588, -6.767101710171024 ], [ 110.583258325832588, -6.76717671767177 ], [ 110.583108310831079, -6.767176717671767 ] ], [ [ 110.583333333333329, -6.767401740174012 ], [ 110.583408340834083, -6.767326732673259 ], [ 110.583408340834083, -6.767401740174021 ], [ 110.583333333333329, -6.767401740174012 ] ], [ [ 110.583258325832588, -6.76747674767476 ], [ 110.583333333333329, -6.767401740174012 ], [ 110.583333333333329, -6.767476747674773 ], [ 110.583258325832588, -6.76747674767476 ] ], [ [ 110.583183318331834, -6.767551755175523 ], [ 110.583258325832588, -6.76747674767476 ], [ 110.583258325832588, -6.76755175517552 ], [ 110.583183318331834, -6.767551755175523 ] ], [ [ 110.583333333333329, -6.767626762676264 ], [ 110.583408340834083, -6.767551755175516 ], [ 110.583408340834083, -6.767626762676266 ], [ 110.583333333333329, -6.767626762676264 ] ], [ [ 110.577257725772597, -6.76777677767776 ], [ 110.577407740774078, -6.767926792679268 ], [ 110.577257725772597, -6.767926792679265 ], [ 110.577257725772597, -6.76777677767776 ] ], [ [ 110.577557755775587, -6.768451845184512 ], [ 110.577632763276327, -6.768376837683761 ], [ 110.577632763276327, -6.768451845184517 ], [ 110.577557755775587, -6.768451845184512 ] ], [ [ 110.576132613261322, -6.769576957695777 ], [ 110.57680768076807, -6.768826882688277 ], [ 110.576582658265835, -6.769726972697272 ], [ 110.576132613261322, -6.769576957695777 ] ], [ [ 110.57815781578158, -6.769126912691273 ], [ 110.578232823282335, -6.769051905190522 ], [ 110.578232823282335, -6.769126912691269 ], [ 110.57815781578158, -6.769126912691273 ] ], [ [ 110.582358235823577, -6.769126912691261 ], [ 110.582433243324331, -6.769051905190524 ], [ 110.582433243324331, -6.769126912691267 ], [ 110.582358235823577, -6.769126912691261 ] ], [ [ 110.578007800780071, -6.77025202520251 ], [ 110.578082808280826, -6.770177017701779 ], [ 110.578082808280826, -6.770252025202518 ], [ 110.578007800780071, -6.77025202520251 ] ], [ [ 110.582133213321328, -6.770477047704764 ], [ 110.582208220822096, -6.770402040204027 ], [ 110.582208220822096, -6.770477047704768 ], [ 110.582133213321328, -6.770477047704764 ] ], [ [ 110.582058205820587, -6.770627062706273 ], [ 110.582133213321328, -6.770552055205519 ], [ 110.582133213321328, -6.770627062706263 ], [ 110.582058205820587, -6.770627062706273 ] ], [ [ 110.57043204320432, -6.775277527752773 ], [ 110.570507050705075, -6.775127512751275 ], [ 110.570582058205815, -6.775277527752783 ], [ 110.57043204320432, -6.775277527752773 ] ], [ [ 110.569756975697572, -6.775652565256517 ], [ 110.569981998199836, -6.775727572757272 ], [ 110.569756975697572, -6.775877587758781 ], [ 110.569756975697572, -6.775652565256517 ] ], [ [ 110.569606960696063, -6.775652565256519 ], [ 110.569681968196818, -6.775577557755778 ], [ 110.569681968196818, -6.775652565256521 ], [ 110.569606960696063, -6.775652565256519 ] ], [ [ 110.568931893189315, -6.776027602760282 ], [ 110.569081908190824, -6.775652565256532 ], [ 110.569006900690084, -6.776027602760269 ], [ 110.568931893189315, -6.776027602760282 ] ], [ [ 110.569231923192319, -6.775877587758786 ], [ 110.569381938193814, -6.776102610261024 ], [ 110.569231923192319, -6.776177617761784 ], [ 110.569231923192319, -6.775877587758786 ] ], [ [ 110.568706870687066, -6.776327632763281 ], [ 110.568781878187821, -6.776102610261019 ], [ 110.568781878187821, -6.776327632763269 ], [ 110.568706870687066, -6.776327632763281 ] ], [ [ 110.569756975697572, -6.776252625262519 ], [ 110.569831983198327, -6.776177617761783 ], [ 110.569831983198327, -6.776252625262519 ], [ 110.569756975697572, -6.776252625262519 ] ], [ [ 110.570657065706584, -6.776552655265534 ], [ 110.571032103210328, -6.776252625262534 ], [ 110.570882088208819, -6.77662766276628 ], [ 110.570657065706584, -6.776552655265534 ] ], [ [ 110.578457845784584, -6.776177617761778 ], [ 110.580783078307832, -6.777752775277521 ], [ 110.583258325832588, -6.778202820282022 ], [ 110.584458445844589, -6.780003000300034 ], [ 110.580858085808586, -6.779252925292532 ], [ 110.578457845784584, -6.776177617761778 ] ], [ [ 110.568931893189315, -6.776327632763272 ], [ 110.569081908190824, -6.776477647764779 ], [ 110.568931893189315, -6.776552655265534 ], [ 110.568931893189315, -6.776327632763272 ] ], [ [ 110.568631863186312, -6.776552655265528 ], [ 110.568706870687066, -6.776327632763281 ], [ 110.568706870687066, -6.77655265526552 ], [ 110.568631863186312, -6.776552655265528 ] ], [ [ 110.569156915691565, -6.776702670267026 ], [ 110.569231923192319, -6.776402640264023 ], [ 110.569231923192319, -6.776702670267025 ], [ 110.569156915691565, -6.776702670267026 ] ], [ [ 110.570357035703566, -6.776552655265521 ], [ 110.57043204320432, -6.776477647764776 ], [ 110.57043204320432, -6.776552655265527 ], [ 110.570357035703566, -6.776552655265521 ] ], [ [ 110.570357035703566, -6.776777677767772 ], [ 110.57043204320432, -6.777077707770784 ], [ 110.570282028202826, -6.777077707770784 ], [ 110.570357035703566, -6.776777677767772 ] ], [ [ 110.570207020702071, -6.776927692769282 ], [ 110.570282028202826, -6.776777677767767 ], [ 110.570282028202826, -6.776927692769271 ], [ 110.570207020702071, -6.776927692769282 ] ], [ [ 110.570582058205815, -6.776852685268532 ], [ 110.570657065706584, -6.776777677767784 ], [ 110.570657065706584, -6.77685268526853 ], [ 110.570582058205815, -6.776852685268532 ] ], [ [ 110.570132013201317, -6.777077707770777 ], [ 110.570207020702071, -6.776927692769282 ], [ 110.570207020702071, -6.777077707770785 ], [ 110.570132013201317, -6.777077707770777 ] ], [ [ 110.570057005700576, -6.777302730273031 ], [ 110.570207020702071, -6.777152715271529 ], [ 110.570132013201317, -6.77730273027302 ], [ 110.570057005700576, -6.777302730273031 ] ], [ [ 110.570132013201317, -6.777452745274522 ], [ 110.570282028202826, -6.777377737773777 ], [ 110.570282028202826, -6.777527752775277 ], [ 110.570132013201317, -6.777452745274522 ] ], [ [ 110.570657065706584, -6.77752775277528 ], [ 110.570882088208819, -6.777452745274535 ], [ 110.570882088208819, -6.777527752775286 ], [ 110.570657065706584, -6.77752775277528 ] ], [ [ 110.57043204320432, -6.777602760276035 ], [ 110.570582058205815, -6.777677767776777 ], [ 110.57043204320432, -6.777827782778275 ], [ 110.57043204320432, -6.777602760276035 ] ], [ [ 110.581308130813085, -6.777677767776782 ], [ 110.581383138313825, -6.777602760276027 ], [ 110.581383138313825, -6.777677767776783 ], [ 110.581308130813085, -6.777677767776782 ] ], [ [ 110.570057005700576, -6.777752775277532 ], [ 110.570207020702071, -6.777677767776783 ], [ 110.570207020702071, -6.777752775277525 ], [ 110.570057005700576, -6.777752775277532 ] ], [ [ 110.568931893189315, -6.777827782778282 ], [ 110.569006900690084, -6.777752775277528 ], [ 110.569006900690084, -6.777827782778283 ], [ 110.568931893189315, -6.777827782778282 ] ], [ [ 110.570357035703566, -6.777977797779783 ], [ 110.57043204320432, -6.777827782778275 ], [ 110.57043204320432, -6.777977797779783 ], [ 110.570357035703566, -6.777977797779783 ] ], [ [ 110.569081908190824, -6.778202820282033 ], [ 110.569231923192319, -6.777902790279034 ], [ 110.569156915691565, -6.778202820282021 ], [ 110.569081908190824, -6.778202820282033 ] ], [ [ 110.569306930693074, -6.778052805280535 ], [ 110.569381938193814, -6.777902790279024 ], [ 110.569381938193814, -6.77805280528053 ], [ 110.569306930693074, -6.778052805280535 ] ], [ [ 110.568856885688575, -6.778052805280531 ], [ 110.568931893189315, -6.777977797779781 ], [ 110.568931893189315, -6.778052805280522 ], [ 110.568856885688575, -6.778052805280531 ] ], [ [ 110.569756975697572, -6.778052805280524 ], [ 110.569831983198327, -6.777977797779775 ], [ 110.569831983198327, -6.778052805280522 ], [ 110.569756975697572, -6.778052805280524 ] ], [ [ 110.570132013201317, -6.778052805280524 ], [ 110.570207020702071, -6.777977797779784 ], [ 110.570207020702071, -6.778052805280534 ], [ 110.570132013201317, -6.778052805280524 ] ], [ [ 110.569831983198327, -6.778127812781277 ], [ 110.569981998199836, -6.778277827782781 ], [ 110.569831983198327, -6.778277827782771 ], [ 110.569831983198327, -6.778127812781277 ] ], [ [ 110.568781878187821, -6.778202820282035 ], [ 110.568856885688575, -6.778127812781278 ], [ 110.568856885688575, -6.778202820282033 ], [ 110.568781878187821, -6.778202820282035 ] ], [ [ 110.569006900690084, -6.778427842784274 ], [ 110.569081908190824, -6.778202820282033 ], [ 110.569081908190824, -6.77842784278427 ], [ 110.569006900690084, -6.778427842784274 ] ], [ [ 110.570057005700576, -6.778277827782771 ], [ 110.570132013201317, -6.778202820282028 ], [ 110.570132013201317, -6.778277827782782 ], [ 110.570057005700576, -6.778277827782771 ] ], [ [ 110.570207020702071, -6.778352835283521 ], [ 110.570282028202826, -6.778202820282025 ], [ 110.570282028202826, -6.778352835283526 ], [ 110.570207020702071, -6.778352835283521 ] ], [ [ 110.57043204320432, -6.778277827782786 ], [ 110.570507050705075, -6.778202820282024 ], [ 110.570507050705075, -6.778277827782776 ], [ 110.57043204320432, -6.778277827782786 ] ], [ [ 110.570357035703566, -6.778427842784271 ], [ 110.57043204320432, -6.778277827782786 ], [ 110.57043204320432, -6.778427842784281 ], [ 110.570357035703566, -6.778427842784271 ] ], [ [ 110.568706870687066, -6.778502850285029 ], [ 110.568781878187821, -6.778427842784272 ], [ 110.568781878187821, -6.778502850285036 ], [ 110.568706870687066, -6.778502850285029 ] ], [ [ 110.568931893189315, -6.778652865286535 ], [ 110.569006900690084, -6.778427842784274 ], [ 110.569006900690084, -6.778652865286536 ], [ 110.568931893189315, -6.778652865286535 ] ], [ [ 110.569306930693074, -6.779102910291036 ], [ 110.569756975697572, -6.778802880288032 ], [ 110.569381938193814, -6.779477947794775 ], [ 110.569306930693074, -6.779102910291036 ] ], [ [ 110.568331833183322, -6.77887788778878 ], [ 110.568706870687066, -6.778577857785783 ], [ 110.568631863186312, -6.778952895289531 ], [ 110.568331833183322, -6.77887788778878 ] ], [ [ 110.568856885688575, -6.77880288028802 ], [ 110.568931893189315, -6.778652865286535 ], [ 110.568931893189315, -6.778802880288032 ], [ 110.568856885688575, -6.77880288028802 ] ], [ [ 110.568781878187821, -6.779027902790279 ], [ 110.568856885688575, -6.77887788778878 ], [ 110.568856885688575, -6.779027902790282 ], [ 110.568781878187821, -6.779027902790279 ] ], [ [ 110.569231923192319, -6.779477947794772 ], [ 110.569306930693074, -6.779327932793286 ], [ 110.569306930693074, -6.779477947794772 ], [ 110.569231923192319, -6.779477947794772 ] ], [ [ 110.569156915691565, -6.779702970297028 ], [ 110.569231923192319, -6.779477947794772 ], [ 110.569231923192319, -6.779702970297036 ], [ 110.569156915691565, -6.779702970297028 ] ], [ [ 110.569306930693074, -6.779627962796282 ], [ 110.569381938193814, -6.779552955295526 ], [ 110.569381938193814, -6.779627962796281 ], [ 110.569306930693074, -6.779627962796282 ] ], [ [ 110.569081908190824, -6.779927992799286 ], [ 110.569156915691565, -6.779702970297028 ], [ 110.569156915691565, -6.779927992799284 ], [ 110.569081908190824, -6.779927992799286 ] ], [ [ 110.569231923192319, -6.780003000300023 ], [ 110.569306930693074, -6.779777977797782 ], [ 110.569306930693074, -6.780003000300027 ], [ 110.569231923192319, -6.780003000300023 ] ], [ [ 110.569081908190824, -6.780153015301531 ], [ 110.569231923192319, -6.780228022802277 ], [ 110.569081908190824, -6.780378037803782 ], [ 110.569081908190824, -6.780153015301531 ] ], [ [ 110.568931893189315, -6.780303030303037 ], [ 110.569006900690084, -6.780228022802286 ], [ 110.569006900690084, -6.780303030303021 ], [ 110.568931893189315, -6.780303030303037 ] ], [ [ 110.569006900690084, -6.78052805280528 ], [ 110.569081908190824, -6.780378037803782 ], [ 110.569081908190824, -6.78052805280528 ], [ 110.569006900690084, -6.78052805280528 ] ], [ [ 110.569381938193814, -6.780528052805278 ], [ 110.569531953195323, -6.780378037803776 ], [ 110.569456945694569, -6.780528052805287 ], [ 110.569381938193814, -6.780528052805278 ] ], [ [ 110.569081908190824, -6.780978097809777 ], [ 110.569381938193814, -6.780828082808276 ], [ 110.569081908190824, -6.781278127812784 ], [ 110.569081908190824, -6.780978097809777 ] ], [ [ 110.568781878187821, -6.780678067806777 ], [ 110.568856885688575, -6.780603060306033 ], [ 110.568856885688575, -6.780678067806783 ], [ 110.568781878187821, -6.780678067806777 ] ], [ [ 110.568706870687066, -6.780903090309033 ], [ 110.568781878187821, -6.780753075307534 ], [ 110.568781878187821, -6.780903090309036 ], [ 110.568706870687066, -6.780903090309033 ] ], [ [ 110.568631863186312, -6.781053105310527 ], [ 110.568706870687066, -6.780978097809777 ], [ 110.568706870687066, -6.781053105310527 ], [ 110.568631863186312, -6.781053105310527 ] ], [ [ 110.568556855685571, -6.781278127812787 ], [ 110.568631863186312, -6.781203120312029 ], [ 110.568631863186312, -6.781278127812783 ], [ 110.568556855685571, -6.781278127812787 ] ], [ [ 110.568481848184817, -6.781503150315038 ], [ 110.568556855685571, -6.781353135313529 ], [ 110.568556855685571, -6.78150315031503 ], [ 110.568481848184817, -6.781503150315038 ] ], [ [ 110.568031803180318, -6.78180318031803 ], [ 110.568481848184817, -6.781653165316532 ], [ 110.568406840684062, -6.781953195319534 ], [ 110.568031803180318, -6.78180318031803 ] ], [ [ 110.568406840684062, -6.781953195319534 ], [ 110.568556855685571, -6.782028202820286 ], [ 110.568406840684062, -6.78202820282028 ], [ 110.568406840684062, -6.781953195319534 ] ], [ [ 110.568031803180318, -6.782103210321027 ], [ 110.568256825682568, -6.782028202820287 ], [ 110.568256825682568, -6.782178217821783 ], [ 110.568031803180318, -6.782103210321027 ] ], [ [ 110.568631863186312, -6.782178217821776 ], [ 110.568856885688575, -6.782028202820275 ], [ 110.568931893189315, -6.782178217821787 ], [ 110.568631863186312, -6.782178217821776 ] ], [ [ 110.568331833183322, -6.782253225322534 ], [ 110.568406840684062, -6.782178217821789 ], [ 110.568406840684062, -6.782253225322536 ], [ 110.568331833183322, -6.782253225322534 ] ], [ [ 110.568931893189315, -6.782253225322527 ], [ 110.569006900690084, -6.782178217821784 ], [ 110.569006900690084, -6.782253225322538 ], [ 110.568931893189315, -6.782253225322527 ] ], [ [ 110.569081908190824, -6.782328232823276 ], [ 110.569381938193814, -6.782253225322533 ], [ 110.569381938193814, -6.782403240324025 ], [ 110.569081908190824, -6.782328232823276 ] ], [ [ 110.568631863186312, -6.782403240324028 ], [ 110.568856885688575, -6.782328232823279 ], [ 110.568856885688575, -6.782478247824788 ], [ 110.568631863186312, -6.782403240324028 ] ], [ [ 110.568106810681073, -6.782478247824787 ], [ 110.568256825682568, -6.782328232823285 ], [ 110.568181818181813, -6.782478247824774 ], [ 110.568106810681073, -6.782478247824787 ] ], [ [ 110.569456945694569, -6.782403240324027 ], [ 110.569531953195323, -6.782328232823276 ], [ 110.569531953195323, -6.782403240324029 ], [ 110.569456945694569, -6.782403240324027 ] ], [ [ 110.569531953195323, -6.782403240324029 ], [ 110.57208220822082, -6.783378337833789 ], [ 110.572457245724578, -6.78435343534353 ], [ 110.570057005700576, -6.783228322832285 ], [ 110.569531953195323, -6.782403240324029 ] ], [ [ 110.574407440744068, -6.782478247824784 ], [ 110.574482448244822, -6.782403240324026 ], [ 110.574482448244822, -6.782478247824784 ], [ 110.574407440744068, -6.782478247824784 ] ], [ [ 110.568031803180318, -6.782628262826281 ], [ 110.568106810681073, -6.782478247824787 ], [ 110.568106810681073, -6.782628262826285 ], [ 110.568031803180318, -6.782628262826281 ] ], [ [ 110.569006900690084, -6.782553255325533 ], [ 110.569156915691565, -6.782478247824782 ], [ 110.569156915691565, -6.78255325532554 ], [ 110.569006900690084, -6.782553255325533 ] ], [ [ 110.569306930693074, -6.782628262826285 ], [ 110.569381938193814, -6.782553255325523 ], [ 110.569381938193814, -6.782628262826281 ], [ 110.569306930693074, -6.782628262826285 ] ], [ [ 110.574332433243328, -6.78262826282629 ], [ 110.574407440744068, -6.782553255325524 ], [ 110.574407440744068, -6.782628262826288 ], [ 110.574332433243328, -6.78262826282629 ] ], [ [ 110.567956795679564, -6.782778277827778 ], [ 110.568031803180318, -6.782628262826281 ], [ 110.568031803180318, -6.782778277827785 ], [ 110.567956795679564, -6.782778277827778 ] ], [ [ 110.569456945694569, -6.782703270327038 ], [ 110.569606960696063, -6.78262826282628 ], [ 110.569606960696063, -6.782703270327035 ], [ 110.569456945694569, -6.782703270327038 ] ], [ [ 110.57043204320432, -6.782703270327026 ], [ 110.570507050705075, -6.78262826282628 ], [ 110.570507050705075, -6.782703270327029 ], [ 110.57043204320432, -6.782703270327026 ] ], [ [ 110.574182418241818, -6.783153315331529 ], [ 110.574257425742573, -6.783078307830782 ], [ 110.574257425742573, -6.783153315331524 ], [ 110.574182418241818, -6.783153315331529 ] ], [ [ 110.568031803180318, -6.783378337833779 ], [ 110.568406840684062, -6.783228322832279 ], [ 110.568406840684062, -6.783378337833776 ], [ 110.568031803180318, -6.783378337833779 ] ], [ [ 110.57373237323732, -6.783903390339034 ], [ 110.573807380738074, -6.78382838283829 ], [ 110.573807380738074, -6.78390339033903 ], [ 110.57373237323732, -6.783903390339034 ] ], [ [ 110.57365736573658, -6.783978397839784 ], [ 110.57373237323732, -6.783903390339034 ], [ 110.57373237323732, -6.783978397839774 ], [ 110.57365736573658, -6.783978397839784 ] ], [ [ 110.572982298229817, -6.784578457845787 ], [ 110.573282328232835, -6.784353435343535 ], [ 110.573282328232835, -6.785103510351037 ], [ 110.572757275727568, -6.784728472847283 ], [ 110.572982298229817, -6.784578457845787 ] ], [ [ 110.573357335733576, -6.784053405340526 ], [ 110.57343234323433, -6.783978397839789 ], [ 110.57343234323433, -6.78405340534054 ], [ 110.573357335733576, -6.784053405340526 ] ], [ [ 110.572682268226828, -6.784653465346538 ], [ 110.572757275727568, -6.784578457845785 ], [ 110.572757275727568, -6.78465346534654 ], [ 110.572682268226828, -6.784653465346538 ] ], [ [ 110.566531653165313, -6.785028502850289 ], [ 110.566756675667563, -6.784878487848779 ], [ 110.566906690669072, -6.785028502850285 ], [ 110.566531653165313, -6.785028502850289 ] ], [ [ 110.583333333333329, -6.787353735373532 ], [ 110.584383438343835, -6.786828682868282 ], [ 110.583633363336332, -6.787803780378032 ], [ 110.583333333333329, -6.787353735373532 ] ], [ [ 110.569756975697572, -6.787053705370529 ], [ 110.569906990699067, -6.787128712871286 ], [ 110.569756975697572, -6.787203720372032 ], [ 110.569756975697572, -6.787053705370529 ] ], [ [ 110.569681968196818, -6.787278727872787 ], [ 110.569756975697572, -6.787203720372032 ], [ 110.569756975697572, -6.787278727872787 ], [ 110.569681968196818, -6.787278727872787 ] ], [ [ 110.570057005700576, -6.787278727872788 ], [ 110.570207020702071, -6.787353735373539 ], [ 110.570057005700576, -6.787428742874283 ], [ 110.570057005700576, -6.787278727872788 ] ], [ [ 110.575907590759073, -6.787353735373538 ], [ 110.575982598259827, -6.787203720372034 ], [ 110.575982598259827, -6.787353735373542 ], [ 110.575907590759073, -6.787353735373538 ] ], [ [ 110.575532553255329, -6.787803780378032 ], [ 110.575982598259827, -6.787653765376544 ], [ 110.575532553255329, -6.788028802880285 ], [ 110.575532553255329, -6.787803780378032 ] ], [ [ 110.569831983198327, -6.787503750375039 ], [ 110.570057005700576, -6.787578757875786 ], [ 110.569756975697572, -6.787953795379544 ], [ 110.569831983198327, -6.787503750375039 ] ], [ [ 110.569906990699067, -6.787953795379543 ], [ 110.570357035703566, -6.788028802880289 ], [ 110.569981998199836, -6.788328832883289 ], [ 110.569906990699067, -6.787953795379543 ] ], [ [ 110.569681968196818, -6.788103810381034 ], [ 110.569756975697572, -6.788028802880286 ], [ 110.569756975697572, -6.788103810381032 ], [ 110.569681968196818, -6.788103810381034 ] ], [ [ 110.569456945694569, -6.788628862886284 ], [ 110.569681968196818, -6.788328832883286 ], [ 110.569606960696063, -6.78877887788779 ], [ 110.569456945694569, -6.788628862886284 ] ], [ [ 110.565331533153312, -6.788478847884787 ], [ 110.565481548154821, -6.78832883288328 ], [ 110.565406540654067, -6.788478847884793 ], [ 110.565331533153312, -6.788478847884787 ] ], [ [ 110.569906990699067, -6.788853885388534 ], [ 110.570807080708065, -6.788703870387033 ], [ 110.570882088208819, -6.789078907890784 ], [ 110.569906990699067, -6.788853885388534 ] ], [ [ 110.571032103210328, -6.788853885388531 ], [ 110.57515751575157, -6.789978997899787 ], [ 110.575757575757578, -6.790504050405036 ], [ 110.576357635763571, -6.792304230423036 ], [ 110.578907890789097, -6.79275427542755 ], [ 110.576657665766575, -6.792904290429035 ], [ 110.575532553255329, -6.790804080408039 ], [ 110.571032103210328, -6.788853885388531 ] ], [ [ 110.580933093309326, -6.789153915391547 ], [ 110.581008100810081, -6.789078907890786 ], [ 110.581008100810081, -6.78915391539153 ], [ 110.580933093309326, -6.789153915391547 ] ], [ [ 110.567356735673584, -6.789303930393035 ], [ 110.56758175817582, -6.789378937893796 ], [ 110.567356735673584, -6.789453945394537 ], [ 110.567356735673584, -6.789303930393035 ] ], [ [ 110.565031503150323, -6.789453945394542 ], [ 110.565106510651063, -6.789303930393032 ], [ 110.565106510651063, -6.789453945394539 ], [ 110.565031503150323, -6.789453945394542 ] ], [ [ 110.567656765676574, -6.789453945394536 ], [ 110.567731773177314, -6.789303930393041 ], [ 110.567731773177314, -6.789453945394534 ], [ 110.567656765676574, -6.789453945394536 ] ], [ [ 110.570282028202826, -6.789903990399042 ], [ 110.571182118211823, -6.789453945394541 ], [ 110.571632163216336, -6.789753975397534 ], [ 110.570282028202826, -6.789903990399042 ] ], [ [ 110.567206720672061, -6.789603960396037 ], [ 110.567431743174311, -6.789528952895287 ], [ 110.567356735673584, -6.789678967896786 ], [ 110.567206720672061, -6.789603960396037 ] ], [ [ 110.56758175817582, -6.789528952895297 ], [ 110.567656765676574, -6.789453945394536 ], [ 110.567656765676574, -6.78952895289529 ], [ 110.56758175817582, -6.789528952895297 ] ], [ [ 110.567356735673584, -6.789828982898294 ], [ 110.56758175817582, -6.789828982898298 ], [ 110.567281728172816, -6.790279027902792 ], [ 110.567056705670566, -6.790054005400532 ], [ 110.566756675667563, -6.79050405040504 ], [ 110.566981698169812, -6.79080408040804 ], [ 110.566531653165313, -6.790804080408035 ], [ 110.566981698169812, -6.789903990399046 ], [ 110.567356735673584, -6.789828982898294 ] ], [ [ 110.567131713171321, -6.789753975397533 ], [ 110.567206720672061, -6.789678967896794 ], [ 110.567206720672061, -6.789753975397542 ], [ 110.567131713171321, -6.789753975397533 ] ], [ [ 110.571707170717076, -6.789828982898286 ], [ 110.571782178217816, -6.789678967896791 ], [ 110.571782178217816, -6.789828982898293 ], [ 110.571707170717076, -6.789828982898286 ] ], [ [ 110.581908190819078, -6.789753975397533 ], [ 110.581983198319833, -6.789678967896791 ], [ 110.581983198319833, -6.789753975397539 ], [ 110.581908190819078, -6.789753975397533 ] ], [ [ 110.571857185718571, -6.789753975397539 ], [ 110.57515751575157, -6.790879087908796 ], [ 110.575757575757578, -6.792304230423039 ], [ 110.575232523252325, -6.792229222922298 ], [ 110.574257425742573, -6.791254125412544 ], [ 110.571857185718571, -6.789753975397539 ] ], [ [ 110.570207020702071, -6.789978997899789 ], [ 110.570282028202826, -6.789903990399042 ], [ 110.570282028202826, -6.789978997899791 ], [ 110.570207020702071, -6.789978997899789 ] ], [ [ 110.567056705670566, -6.790279027902784 ], [ 110.567131713171321, -6.79020402040203 ], [ 110.567131713171321, -6.790279027902785 ], [ 110.567056705670566, -6.790279027902784 ] ], [ [ 110.566981698169812, -6.790429042904287 ], [ 110.567056705670566, -6.790279027902784 ], [ 110.567056705670566, -6.790429042904287 ], [ 110.566981698169812, -6.790429042904287 ] ], [ [ 110.566906690669072, -6.790504050405035 ], [ 110.566981698169812, -6.790429042904287 ], [ 110.566981698169812, -6.790504050405034 ], [ 110.566906690669072, -6.790504050405035 ] ], [ [ 110.567056705670566, -6.790579057905794 ], [ 110.567131713171321, -6.790504050405041 ], [ 110.567131713171321, -6.790579057905783 ], [ 110.567056705670566, -6.790579057905794 ] ], [ [ 110.566981698169812, -6.790654065406535 ], [ 110.567056705670566, -6.790579057905794 ], [ 110.567056705670566, -6.790654065406541 ], [ 110.566981698169812, -6.790654065406535 ] ], [ [ 110.566756675667563, -6.791029102910288 ], [ 110.566831683168317, -6.790879087908784 ], [ 110.566831683168317, -6.791029102910297 ], [ 110.566756675667563, -6.791029102910288 ] ], [ [ 110.566456645664573, -6.791029102910293 ], [ 110.566531653165313, -6.790954095409538 ], [ 110.566531653165313, -6.791029102910298 ], [ 110.566456645664573, -6.791029102910293 ] ], [ [ 110.56458145814581, -6.791104110411046 ], [ 110.564731473147319, -6.79102910291029 ], [ 110.564731473147319, -6.791104110411044 ], [ 110.56458145814581, -6.791104110411046 ] ], [ [ 110.566681668166822, -6.791104110411048 ], [ 110.566756675667563, -6.791029102910288 ], [ 110.566756675667563, -6.791104110411044 ], [ 110.566681668166822, -6.791104110411048 ] ], [ [ 110.566081608160815, -6.791779177917797 ], [ 110.566456645664573, -6.7917791779178 ], [ 110.56593159315932, -6.79185418541855 ], [ 110.565856585658565, -6.791629162916283 ], [ 110.566081608160815, -6.791779177917797 ] ], [ [ 110.565031503150323, -6.791254125412535 ], [ 110.565106510651063, -6.791179117911793 ], [ 110.565106510651063, -6.791254125412532 ], [ 110.565031503150323, -6.791254125412535 ] ], [ [ 110.573957395739569, -6.791254125412547 ], [ 110.574032403240324, -6.791179117911797 ], [ 110.574032403240324, -6.791254125412545 ], [ 110.573957395739569, -6.791254125412547 ] ], [ [ 110.564956495649568, -6.791329132913291 ], [ 110.565031503150323, -6.791254125412535 ], [ 110.565031503150323, -6.791329132913294 ], [ 110.564956495649568, -6.791329132913291 ] ], [ [ 110.574107410741078, -6.79140414041404 ], [ 110.574182418241818, -6.791329132913296 ], [ 110.574182418241818, -6.791404140414035 ], [ 110.574107410741078, -6.79140414041404 ] ], [ [ 110.574182418241818, -6.791479147914798 ], [ 110.574257425742573, -6.791404140414047 ], [ 110.574257425742573, -6.791479147914782 ], [ 110.574182418241818, -6.791479147914798 ] ], [ [ 110.56593159315932, -6.79162916291629 ], [ 110.566006600660074, -6.791554155415548 ], [ 110.566006600660074, -6.791629162916299 ], [ 110.56593159315932, -6.79162916291629 ] ], [ [ 110.566456645664573, -6.791629162916297 ], [ 110.566531653165313, -6.791554155415535 ], [ 110.566531653165313, -6.79162916291629 ], [ 110.566456645664573, -6.791629162916297 ] ], [ [ 110.563831383138307, -6.791779177917789 ], [ 110.563981398139816, -6.791854185418537 ], [ 110.563831383138307, -6.7919291929193 ], [ 110.563831383138307, -6.791779177917789 ] ], [ [ 110.567056705670566, -6.792754275427546 ], [ 110.567131713171321, -6.792679267926793 ], [ 110.567131713171321, -6.792754275427545 ], [ 110.567056705670566, -6.792754275427546 ] ], [ [ 110.566831683168317, -6.792829282928286 ], [ 110.567131713171321, -6.792979297929786 ], [ 110.566831683168317, -6.792904290429044 ], [ 110.566831683168317, -6.792829282928286 ] ], [ [ 110.566906690669072, -6.793279327932797 ], [ 110.566981698169812, -6.793204320432041 ], [ 110.566981698169812, -6.793279327932796 ], [ 110.566906690669072, -6.793279327932797 ] ], [ [ 110.566606660666068, -6.793354335433543 ], [ 110.566906690669072, -6.793354335433538 ], [ 110.566606660666068, -6.793654365436549 ], [ 110.566606660666068, -6.793354335433543 ] ], [ [ 110.581383138313825, -6.793504350435038 ], [ 110.58145814581458, -6.793429342934293 ], [ 110.58145814581458, -6.79350435043504 ], [ 110.581383138313825, -6.793504350435038 ] ], [ [ 110.573132313231326, -6.793504350435042 ], [ 110.57365736573658, -6.793879387938793 ], [ 110.573357335733576, -6.793879387938787 ], [ 110.572757275727568, -6.794629462946287 ], [ 110.573132313231326, -6.793504350435042 ] ], [ [ 110.574407440744068, -6.793729372937301 ], [ 110.574557455745577, -6.793504350435043 ], [ 110.574632463246346, -6.793879387938801 ], [ 110.574407440744068, -6.793729372937301 ] ], [ [ 110.566756675667563, -6.793654365436535 ], [ 110.566831683168317, -6.793579357935789 ], [ 110.566831683168317, -6.79365436543655 ], [ 110.566756675667563, -6.793654365436535 ] ], [ [ 110.573582358235825, -6.793654365436546 ], [ 110.57365736573658, -6.793579357935801 ], [ 110.57365736573658, -6.793654365436541 ], [ 110.573582358235825, -6.793654365436546 ] ], [ [ 110.566531653165313, -6.793804380438049 ], [ 110.566606660666068, -6.793729372937293 ], [ 110.566606660666068, -6.793804380438043 ], [ 110.566531653165313, -6.793804380438049 ] ], [ [ 110.566381638163818, -6.793879387938795 ], [ 110.566531653165313, -6.794029402940289 ], [ 110.566381638163818, -6.794029402940291 ], [ 110.566381638163818, -6.793879387938795 ] ], [ [ 110.566231623162309, -6.79395439543954 ], [ 110.566306630663064, -6.793879387938788 ], [ 110.566306630663064, -6.793954395439539 ], [ 110.566231623162309, -6.79395439543954 ] ], [ [ 110.57343234323433, -6.794029402940297 ], [ 110.573507350735071, -6.793954395439535 ], [ 110.573507350735071, -6.794029402940287 ], [ 110.57343234323433, -6.794029402940297 ] ], [ [ 110.566306630663064, -6.79410441044104 ], [ 110.566381638163818, -6.794029402940291 ], [ 110.566381638163818, -6.79410441044104 ], [ 110.566306630663064, -6.79410441044104 ] ], [ [ 110.565781578157811, -6.794779477947797 ], [ 110.566531653165313, -6.794704470447045 ], [ 110.565856585658565, -6.795304530453052 ], [ 110.56593159315932, -6.795004500450046 ], [ 110.565781578157811, -6.794779477947797 ] ], [ [ 110.572982298229817, -6.794554455445543 ], [ 110.573057305730572, -6.794404440444051 ], [ 110.573057305730572, -6.794554455445548 ], [ 110.572982298229817, -6.794554455445543 ] ], [ [ 110.57343234323433, -6.794554455445547 ], [ 110.573507350735071, -6.794404440444047 ], [ 110.573507350735071, -6.794554455445539 ], [ 110.57343234323433, -6.794554455445547 ] ], [ [ 110.572532253225319, -6.794629462946297 ], [ 110.572607260726073, -6.79455445544554 ], [ 110.572607260726073, -6.794629462946288 ], [ 110.572532253225319, -6.794629462946297 ] ], [ [ 110.573357335733576, -6.794629462946296 ], [ 110.57343234323433, -6.794554455445547 ], [ 110.57343234323433, -6.794629462946301 ], [ 110.573357335733576, -6.794629462946296 ] ], [ [ 110.572307230723084, -6.794929492949289 ], [ 110.572457245724578, -6.794854485448536 ], [ 110.572982298229817, -6.794929492949298 ], [ 110.572907290729077, -6.79515451545154 ], [ 110.572307230723084, -6.794929492949289 ] ], [ [ 110.572607260726073, -6.794779477947796 ], [ 110.572757275727568, -6.794629462946287 ], [ 110.572757275727568, -6.794854485448544 ], [ 110.572607260726073, -6.794779477947796 ] ], [ [ 110.573282328232835, -6.794779477947797 ], [ 110.573357335733576, -6.794629462946296 ], [ 110.573357335733576, -6.794779477947789 ], [ 110.573282328232835, -6.794779477947797 ] ], [ [ 110.573207320732067, -6.794854485448549 ], [ 110.573282328232835, -6.794779477947797 ], [ 110.573282328232835, -6.794854485448536 ], [ 110.573207320732067, -6.794854485448549 ] ], [ [ 110.565706570657085, -6.795004500450053 ], [ 110.565781578157811, -6.794929492949291 ], [ 110.565781578157811, -6.795004500450045 ], [ 110.565706570657085, -6.795004500450053 ] ], [ [ 110.563681368136812, -6.795154515451553 ], [ 110.563756375637567, -6.795004500450053 ], [ 110.563906390639062, -6.795154515451543 ], [ 110.563681368136812, -6.795154515451553 ] ], [ [ 110.565631563156316, -6.79507950795079 ], [ 110.565856585658565, -6.795154515451546 ], [ 110.565706570657085, -6.795229522952288 ], [ 110.565631563156316, -6.79507950795079 ] ], [ [ 110.567356735673584, -6.79500450045005 ], [ 110.567956795679564, -6.796804680468053 ], [ 110.568331833183322, -6.796654665466551 ], [ 110.568706870687066, -6.795679567956801 ], [ 110.569156915691565, -6.795454545454549 ], [ 110.569306930693074, -6.795679567956789 ], [ 110.568931893189315, -6.796129612961294 ], [ 110.569006900690084, -6.796429642964299 ], [ 110.569306930693074, -6.795979597959798 ], [ 110.569381938193814, -6.796129612961301 ], [ 110.569006900690084, -6.796804680468047 ], [ 110.569456945694569, -6.796879687968802 ], [ 110.569981998199836, -6.796204620462055 ], [ 110.569381938193814, -6.797704770477051 ], [ 110.569681968196818, -6.79822982298229 ], [ 110.567056705670566, -6.797704770477055 ], [ 110.568181818181813, -6.79717971797179 ], [ 110.566081608160815, -6.797104710471055 ], [ 110.564731473147319, -6.79567956795679 ], [ 110.565631563156316, -6.795154515451547 ], [ 110.565331533153312, -6.7961296129613 ], [ 110.566081608160815, -6.796804680468042 ], [ 110.567356735673584, -6.79500450045005 ] ], [ [ 110.565406540654067, -6.795154515451547 ], [ 110.565481548154821, -6.795079507950804 ], [ 110.565481548154821, -6.795154515451554 ], [ 110.565406540654067, -6.795154515451547 ] ], [ [ 110.563906390639062, -6.795229522952302 ], [ 110.564056405640585, -6.795154515451542 ], [ 110.564056405640585, -6.795229522952297 ], [ 110.563906390639062, -6.795229522952302 ] ], [ [ 110.56428142814282, -6.795229522952288 ], [ 110.564356435643575, -6.79515451545154 ], [ 110.564356435643575, -6.795229522952303 ], [ 110.56428142814282, -6.795229522952288 ] ], [ [ 110.581533153315334, -6.79665466546654 ], [ 110.582358235823577, -6.79530453045304 ], [ 110.582583258325826, -6.795829582958304 ], [ 110.581533153315334, -6.79665466546654 ] ], [ [ 110.564131413141311, -6.795679567956802 ], [ 110.563756375637567, -6.795304530453047 ], [ 110.564356435643575, -6.795679567956805 ], [ 110.564131413141311, -6.795679567956802 ] ], [ [ 110.564056405640585, -6.795304530453039 ], [ 110.564206420642066, -6.795229522952304 ], [ 110.564206420642066, -6.795304530453041 ], [ 110.564056405640585, -6.795304530453039 ] ], [ [ 110.573807380738074, -6.795379537953798 ], [ 110.573882388238829, -6.795229522952296 ], [ 110.573882388238829, -6.795379537953795 ], [ 110.573807380738074, -6.795379537953798 ] ], [ [ 110.564206420642066, -6.795379537953802 ], [ 110.56428142814282, -6.795304530453051 ], [ 110.56428142814282, -6.7953795379538 ], [ 110.564206420642066, -6.795379537953802 ] ], [ [ 110.568931893189315, -6.795454545454549 ], [ 110.569006900690084, -6.795304530453046 ], [ 110.569006900690084, -6.79545454545455 ], [ 110.568931893189315, -6.795454545454549 ] ], [ [ 110.564356435643575, -6.795454545454538 ], [ 110.564431443144315, -6.795379537953796 ], [ 110.564431443144315, -6.795454545454547 ], [ 110.564356435643575, -6.795454545454538 ] ], [ [ 110.569081908190824, -6.795454545454546 ], [ 110.569156915691565, -6.79537953795379 ], [ 110.569156915691565, -6.795454545454549 ], [ 110.569081908190824, -6.795454545454546 ] ], [ [ 110.564506450645069, -6.795529552955295 ], [ 110.56458145814581, -6.795454545454546 ], [ 110.56458145814581, -6.795529552955298 ], [ 110.564506450645069, -6.795529552955295 ] ], [ [ 110.563081308130833, -6.795679567956797 ], [ 110.563231323132314, -6.795604560456044 ], [ 110.563231323132314, -6.795679567956802 ], [ 110.563081308130833, -6.795679567956797 ] ], [ [ 110.564356435643575, -6.79575457545754 ], [ 110.564431443144315, -6.795679567956798 ], [ 110.564431443144315, -6.795754575457538 ], [ 110.564356435643575, -6.79575457545754 ] ], [ [ 110.563006300630065, -6.795829582958302 ], [ 110.563156315631559, -6.795754575457541 ], [ 110.563156315631559, -6.7958295829583 ], [ 110.563006300630065, -6.795829582958302 ] ], [ [ 110.564731473147319, -6.796129612961294 ], [ 110.564656465646564, -6.795754575457546 ], [ 110.565031503150323, -6.796204620462054 ], [ 110.564731473147319, -6.796129612961294 ] ], [ [ 110.575682568256823, -6.795829582958301 ], [ 110.575757575757578, -6.795754575457551 ], [ 110.575757575757578, -6.795829582958304 ], [ 110.575682568256823, -6.795829582958301 ] ], [ [ 110.569381938193814, -6.795979597959802 ], [ 110.569456945694569, -6.795829582958294 ], [ 110.569456945694569, -6.795979597959799 ], [ 110.569381938193814, -6.795979597959802 ] ], [ [ 110.575532553255329, -6.795979597959801 ], [ 110.575607560756069, -6.79582958295829 ], [ 110.575607560756069, -6.795979597959795 ], [ 110.575532553255329, -6.795979597959801 ] ], [ [ 110.575682568256823, -6.795979597959795 ], [ 110.575757575757578, -6.795904590459044 ], [ 110.575757575757578, -6.79597959795979 ], [ 110.575682568256823, -6.795979597959795 ] ], [ [ 110.575832583258332, -6.795979597959793 ], [ 110.575982598259827, -6.795904590459041 ], [ 110.575982598259827, -6.795979597959798 ], [ 110.575832583258332, -6.795979597959793 ] ], [ [ 110.575607560756069, -6.796129612961303 ], [ 110.575682568256823, -6.795979597959795 ], [ 110.575682568256823, -6.796129612961295 ], [ 110.575607560756069, -6.796129612961303 ] ], [ [ 110.575232523252325, -6.796729672967304 ], [ 110.57673267326733, -6.796429642964301 ], [ 110.57650765076508, -6.797104710471051 ], [ 110.575232523252325, -6.796729672967304 ] ], [ [ 110.565406540654067, -6.796129612961301 ], [ 110.565481548154821, -6.796054605460542 ], [ 110.565481548154821, -6.796129612961295 ], [ 110.565406540654067, -6.796129612961301 ] ], [ [ 110.569006900690084, -6.796279627962804 ], [ 110.569081908190824, -6.79620462046204 ], [ 110.569081908190824, -6.796279627962796 ], [ 110.569006900690084, -6.796279627962804 ] ], [ [ 110.57673267326733, -6.796429642964301 ], [ 110.57680768076807, -6.796279627962798 ], [ 110.57680768076807, -6.796429642964295 ], [ 110.57673267326733, -6.796429642964301 ] ], [ [ 110.562181218121808, -6.79665466546655 ], [ 110.562256225622562, -6.796429642964299 ], [ 110.562256225622562, -6.796654665466541 ], [ 110.562181218121808, -6.79665466546655 ] ], [ [ 110.570657065706584, -6.796654665466548 ], [ 110.571032103210328, -6.79665466546654 ], [ 110.570657065706584, -6.796879687968794 ], [ 110.570657065706584, -6.796654665466548 ] ], [ [ 110.581608160816089, -6.796729672967291 ], [ 110.582133213321328, -6.796654665466543 ], [ 110.581608160816089, -6.797179717971794 ], [ 110.581608160816089, -6.796729672967291 ] ], [ [ 110.563231323132314, -6.79657965796579 ], [ 110.563306330633068, -6.796504650465045 ], [ 110.563306330633068, -6.796579657965792 ], [ 110.563231323132314, -6.79657965796579 ] ], [ [ 110.569231923192319, -6.796579657965795 ], [ 110.569306930693074, -6.796504650465052 ], [ 110.569306930693074, -6.796579657965789 ], [ 110.569231923192319, -6.796579657965795 ] ], [ [ 110.568106810681073, -6.796654665466551 ], [ 110.568181818181813, -6.796579657965802 ], [ 110.568181818181813, -6.796654665466548 ], [ 110.568106810681073, -6.796654665466551 ] ], [ [ 110.562331233123317, -6.796729672967302 ], [ 110.562406240624057, -6.796654665466549 ], [ 110.562406240624057, -6.796729672967305 ], [ 110.562331233123317, -6.796729672967302 ] ], [ [ 110.569156915691565, -6.79672967296729 ], [ 110.569231923192319, -6.796654665466538 ], [ 110.569231923192319, -6.796729672967305 ], [ 110.569156915691565, -6.79672967296729 ] ], [ [ 110.571182118211823, -6.796954695469542 ], [ 110.571857185718571, -6.7967296729673 ], [ 110.571782178217816, -6.79710471047104 ], [ 110.571182118211823, -6.796954695469542 ] ], [ [ 110.579132913291332, -6.798529852985299 ], [ 110.579657965796585, -6.797029702970295 ], [ 110.579432943294336, -6.798379837983791 ], [ 110.579132913291332, -6.798529852985299 ] ], [ [ 110.562256225622562, -6.796804680468052 ], [ 110.562331233123317, -6.796729672967302 ], [ 110.562331233123317, -6.796804680468055 ], [ 110.562256225622562, -6.796804680468052 ] ], [ [ 110.565181518151817, -6.796954695469545 ], [ 110.565406540654067, -6.796879687968794 ], [ 110.565406540654067, -6.797029702970299 ], [ 110.565181518151817, -6.796954695469545 ] ], [ [ 110.57208220822082, -6.796954695469538 ], [ 110.572307230723084, -6.796804680468051 ], [ 110.572232223222329, -6.797029702970299 ], [ 110.57208220822082, -6.796954695469538 ] ], [ [ 110.576657665766575, -6.797179717971803 ], [ 110.57680768076807, -6.797104710471053 ], [ 110.57680768076807, -6.797179717971789 ], [ 110.576657665766575, -6.797179717971803 ] ], [ [ 110.566306630663064, -6.797554755475556 ], [ 110.566456645664573, -6.797479747974795 ], [ 110.566456645664573, -6.797554755475545 ], [ 110.566306630663064, -6.797554755475556 ] ], [ [ 110.569531953195323, -6.797629762976299 ], [ 110.569681968196818, -6.797779777977803 ], [ 110.569531953195323, -6.79777977797779 ], [ 110.569531953195323, -6.797629762976299 ] ], [ [ 110.579882988298834, -6.797704770477048 ], [ 110.580108010801084, -6.797779777977802 ], [ 110.579882988298834, -6.79800480048005 ], [ 110.579882988298834, -6.797704770477048 ] ], [ [ 110.578682868286833, -6.7979297929793 ], [ 110.578757875787574, -6.797779777977805 ], [ 110.578757875787574, -6.797929792979304 ], [ 110.578682868286833, -6.7979297929793 ] ], [ [ 110.560231023102304, -6.798004800480052 ], [ 110.560306030603059, -6.797854785478545 ], [ 110.560306030603059, -6.798004800480052 ], [ 110.560231023102304, -6.798004800480052 ] ], [ [ 110.577857785778576, -6.798004800480049 ], [ 110.57815781578158, -6.797854785478546 ], [ 110.57815781578158, -6.798154815481545 ], [ 110.577857785778576, -6.798004800480049 ] ], [ [ 110.573957395739569, -6.798529852985293 ], [ 110.574782478247826, -6.798229822982297 ], [ 110.574482448244822, -6.798754875487549 ], [ 110.573957395739569, -6.798529852985293 ] ], [ [ 110.566681668166822, -6.798154815481547 ], [ 110.566756675667563, -6.798004800480045 ], [ 110.566756675667563, -6.798154815481542 ], [ 110.566681668166822, -6.798154815481547 ] ], [ [ 110.578607860786079, -6.798229822982289 ], [ 110.578682868286833, -6.798004800480042 ], [ 110.578682868286833, -6.798229822982298 ], [ 110.578607860786079, -6.798229822982289 ] ], [ [ 110.579582958295845, -6.798529852985298 ], [ 110.579882988298834, -6.798304830483055 ], [ 110.579582958295845, -6.79875487548755 ], [ 110.579582958295845, -6.798529852985298 ] ], [ [ 110.579957995799575, -6.799054905490551 ], [ 110.580558055805596, -6.798679867986793 ], [ 110.580033003300329, -6.799354935493554 ], [ 110.579957995799575, -6.799054905490551 ] ], [ [ 110.568706870687066, -6.798154815481553 ], [ 110.568781878187821, -6.798079807980798 ], [ 110.568781878187821, -6.798154815481542 ], [ 110.568706870687066, -6.798154815481553 ] ], [ [ 110.578232823282335, -6.798154815481549 ], [ 110.578307830783075, -6.798079807980792 ], [ 110.578307830783075, -6.798154815481547 ], [ 110.578232823282335, -6.798154815481549 ] ], [ [ 110.577857785778576, -6.798604860486043 ], [ 110.57815781578158, -6.798304830483057 ], [ 110.578082808280826, -6.798604860486045 ], [ 110.577857785778576, -6.798604860486043 ] ], [ [ 110.578232823282335, -6.798304830483047 ], [ 110.578307830783075, -6.798229822982294 ], [ 110.578307830783075, -6.798304830483041 ], [ 110.578232823282335, -6.798304830483047 ] ], [ [ 110.574782478247826, -6.7985298529853 ], [ 110.574857485748581, -6.798379837983804 ], [ 110.574857485748581, -6.798529852985292 ], [ 110.574782478247826, -6.7985298529853 ] ], [ [ 110.57815781578158, -6.798679867986807 ], [ 110.578307830783075, -6.798379837983799 ], [ 110.578307830783075, -6.798679867986791 ], [ 110.57815781578158, -6.798679867986807 ] ], [ [ 110.578832883288328, -6.798529852985294 ], [ 110.578907890789097, -6.798379837983805 ], [ 110.578907890789097, -6.798529852985298 ], [ 110.578832883288328, -6.798529852985294 ] ], [ [ 110.573882388238829, -6.798754875487544 ], [ 110.574032403240324, -6.798604860486055 ], [ 110.574032403240324, -6.798754875487545 ], [ 110.573882388238829, -6.798754875487544 ] ], [ [ 110.574707470747072, -6.798679867986801 ], [ 110.574782478247826, -6.798604860486054 ], [ 110.574782478247826, -6.7986798679868 ], [ 110.574707470747072, -6.798679867986801 ] ], [ [ 110.574032403240324, -6.798829882988306 ], [ 110.574107410741078, -6.798754875487552 ], [ 110.574107410741078, -6.798829882988302 ], [ 110.574032403240324, -6.798829882988306 ] ], [ [ 110.574632463246346, -6.798829882988308 ], [ 110.574707470747072, -6.798754875487546 ], [ 110.574707470747072, -6.798829882988294 ], [ 110.574632463246346, -6.798829882988308 ] ], [ [ 110.574482448244822, -6.799054905490544 ], [ 110.574707470747072, -6.79890489048905 ], [ 110.574707470747072, -6.79905490549054 ], [ 110.574482448244822, -6.799054905490544 ] ], [ [ 110.582133213321328, -6.799129912991307 ], [ 110.582208220822096, -6.799054905490552 ], [ 110.582208220822096, -6.799129912991301 ], [ 110.582133213321328, -6.799129912991307 ] ], [ [ 110.581983198319833, -6.799804980498057 ], [ 110.582058205820587, -6.799729972997306 ], [ 110.582058205820587, -6.799804980498047 ], [ 110.581983198319833, -6.799804980498057 ] ], [ [ 110.560081008100823, -6.800030003000299 ], [ 110.560231023102304, -6.799954995499546 ], [ 110.560006000600055, -6.800180018001806 ], [ 110.560081008100823, -6.800030003000299 ] ], [ [ 110.581833183318338, -6.800105010501052 ], [ 110.581908190819078, -6.800030003000301 ], [ 110.581908190819078, -6.800105010501044 ], [ 110.581833183318338, -6.800105010501052 ] ], [ [ 110.561806180618063, -6.801305130513049 ], [ 110.562031203120313, -6.801305130513058 ], [ 110.561806180618063, -6.801455145514554 ], [ 110.561806180618063, -6.801305130513049 ] ], [ [ 110.560831083108312, -6.801455145514546 ], [ 110.560906090609066, -6.801380138013809 ], [ 110.560906090609066, -6.801455145514558 ], [ 110.560831083108312, -6.801455145514546 ] ], [ [ 110.560531053105308, -6.801680168016808 ], [ 110.560981098109806, -6.801605160516054 ], [ 110.560981098109806, -6.802055205520555 ], [ 110.560531053105308, -6.801680168016808 ] ], [ [ 110.561731173117323, -6.801680168016796 ], [ 110.561806180618063, -6.801605160516047 ], [ 110.561806180618063, -6.80168016801681 ], [ 110.561731173117323, -6.801680168016796 ] ], [ [ 110.561656165616569, -6.801755175517546 ], [ 110.561731173117323, -6.801680168016796 ], [ 110.561731173117323, -6.801755175517553 ], [ 110.561656165616569, -6.801755175517546 ] ], [ [ 110.561206120612056, -6.801830183018305 ], [ 110.56128112811281, -6.801755175517559 ], [ 110.56128112811281, -6.801830183018306 ], [ 110.561206120612056, -6.801830183018305 ] ], [ [ 110.561731173117323, -6.801905190519051 ], [ 110.561806180618063, -6.8018301830183 ], [ 110.561806180618063, -6.801905190519046 ], [ 110.561731173117323, -6.801905190519051 ] ], [ [ 110.561656165616569, -6.802055205520554 ], [ 110.561731173117323, -6.801980198019809 ], [ 110.561731173117323, -6.802055205520555 ], [ 110.561656165616569, -6.802055205520554 ] ], [ [ 110.561956195619558, -6.802055205520548 ], [ 110.562181218121808, -6.801980198019801 ], [ 110.562181218121808, -6.802130213021299 ], [ 110.561956195619558, -6.802055205520548 ] ], [ [ 110.560981098109806, -6.802130213021297 ], [ 110.561056105610575, -6.802055205520559 ], [ 110.561056105610575, -6.802130213021295 ], [ 110.560981098109806, -6.802130213021297 ] ], [ [ 110.561056105610575, -6.802205220522052 ], [ 110.561206120612056, -6.802130213021306 ], [ 110.561206120612056, -6.802205220522054 ], [ 110.561056105610575, -6.802205220522052 ] ], [ [ 110.562031203120313, -6.802280228022801 ], [ 110.562106210621067, -6.802205220522049 ], [ 110.562106210621067, -6.802280228022794 ], [ 110.562031203120313, -6.802280228022801 ] ], [ [ 110.563156315631559, -6.802280228022807 ], [ 110.563231323132314, -6.802205220522045 ], [ 110.563231323132314, -6.802280228022805 ], [ 110.563156315631559, -6.802280228022807 ] ], [ [ 110.563081308130833, -6.803105310531053 ], [ 110.563606360636058, -6.802505250525052 ], [ 110.563456345634563, -6.803180318031806 ], [ 110.563081308130833, -6.803105310531053 ] ], [ [ 110.563231323132314, -6.802355235523553 ], [ 110.563306330633068, -6.8022802280228 ], [ 110.563306330633068, -6.802355235523557 ], [ 110.563231323132314, -6.802355235523553 ] ], [ [ 110.56150615061506, -6.802580258025796 ], [ 110.561806180618063, -6.802505250525047 ], [ 110.561806180618063, -6.802580258025804 ], [ 110.56150615061506, -6.802580258025796 ] ], [ [ 110.562556255625566, -6.802730273027297 ], [ 110.562706270627075, -6.802805280528048 ], [ 110.562556255625566, -6.802805280528051 ], [ 110.562556255625566, -6.802730273027297 ] ], [ [ 110.562256225622562, -6.803255325532547 ], [ 110.562481248124811, -6.80280528052805 ], [ 110.562706270627075, -6.803030303030295 ], [ 110.562256225622562, -6.803255325532547 ] ], [ [ 110.564431443144315, -6.803030303030295 ], [ 110.564506450645069, -6.802955295529556 ], [ 110.564506450645069, -6.803030303030303 ], [ 110.564431443144315, -6.803030303030295 ] ], [ [ 110.564731473147319, -6.803030303030296 ], [ 110.564806480648059, -6.802955295529546 ], [ 110.564806480648059, -6.803030303030295 ], [ 110.564731473147319, -6.803030303030296 ] ], [ [ 110.564656465646564, -6.803105310531055 ], [ 110.564731473147319, -6.803030303030296 ], [ 110.564731473147319, -6.803105310531045 ], [ 110.564656465646564, -6.803105310531055 ] ], [ [ 110.562706270627075, -6.803180318031801 ], [ 110.562781278127815, -6.80310531053105 ], [ 110.562781278127815, -6.803180318031806 ], [ 110.562706270627075, -6.803180318031801 ] ], [ [ 110.563681368136812, -6.803180318031799 ], [ 110.563756375637567, -6.80310531053105 ], [ 110.563756375637567, -6.803180318031808 ], [ 110.563681368136812, -6.803180318031799 ] ], [ [ 110.563756375637567, -6.803255325532554 ], [ 110.563831383138307, -6.803180318031798 ], [ 110.563831383138307, -6.803255325532552 ], [ 110.563756375637567, -6.803255325532554 ] ], [ [ 110.563906390639062, -6.803405340534049 ], [ 110.564131413141311, -6.803255325532549 ], [ 110.56428142814282, -6.80340534053405 ], [ 110.563906390639062, -6.803405340534049 ] ], [ [ 110.564356435643575, -6.803405340534058 ], [ 110.56458145814581, -6.803255325532554 ], [ 110.564731473147319, -6.803480348034803 ], [ 110.564356435643575, -6.803405340534058 ] ], [ [ 110.564881488148814, -6.803630363036299 ], [ 110.564956495649568, -6.803480348034805 ], [ 110.565031503150323, -6.803630363036302 ], [ 110.564881488148814, -6.803630363036299 ] ], [ [ 110.565556555655562, -6.803630363036295 ], [ 110.565631563156316, -6.803555355535545 ], [ 110.565631563156316, -6.803630363036302 ], [ 110.565556555655562, -6.803630363036295 ] ], [ [ 110.564656465646564, -6.80370537053706 ], [ 110.564881488148814, -6.803705370537051 ], [ 110.565106510651063, -6.804080408040805 ], [ 110.564656465646564, -6.80370537053706 ] ], [ [ 110.565481548154821, -6.803705370537054 ], [ 110.565556555655562, -6.803630363036295 ], [ 110.565556555655562, -6.803705370537053 ], [ 110.565481548154821, -6.803705370537054 ] ], [ [ 110.565106510651063, -6.803855385538561 ], [ 110.565406540654067, -6.803780378037809 ], [ 110.565406540654067, -6.804080408040801 ], [ 110.565106510651063, -6.803855385538561 ] ], [ [ 110.565406540654067, -6.803780378037809 ], [ 110.565481548154821, -6.803705370537054 ], [ 110.565481548154821, -6.803780378037799 ], [ 110.565406540654067, -6.803780378037809 ] ], [ [ 110.566006600660074, -6.803855385538555 ], [ 110.566081608160815, -6.803705370537055 ], [ 110.566081608160815, -6.803855385538556 ], [ 110.566006600660074, -6.803855385538555 ] ], [ [ 110.566231623162309, -6.804155415541547 ], [ 110.566381638163818, -6.8040804080408 ], [ 110.566381638163818, -6.804155415541558 ], [ 110.566231623162309, -6.804155415541547 ] ], [ [ 110.566456645664573, -6.804155415541553 ], [ 110.566531653165313, -6.80408040804081 ], [ 110.566531653165313, -6.804155415541557 ], [ 110.566456645664573, -6.804155415541553 ] ], [ [ 110.565706570657085, -6.804380438043807 ], [ 110.56593159315932, -6.804230423042302 ], [ 110.566006600660074, -6.804455445544551 ], [ 110.565706570657085, -6.804380438043807 ] ], [ [ 110.565181518151817, -6.804305430543047 ], [ 110.565331533153312, -6.8042304230423 ], [ 110.565331533153312, -6.804305430543054 ], [ 110.565181518151817, -6.804305430543047 ] ], [ [ 110.565406540654067, -6.804455445544561 ], [ 110.565481548154821, -6.804305430543047 ], [ 110.565556555655562, -6.80445544554456 ], [ 110.565406540654067, -6.804455445544561 ] ], [ [ 110.565556555655562, -6.804530453045309 ], [ 110.565706570657085, -6.804455445544558 ], [ 110.565706570657085, -6.804530453045298 ], [ 110.565556555655562, -6.804530453045309 ] ], [ [ 110.566231623162309, -6.804755475547546 ], [ 110.566231623162309, -6.804455445544546 ], [ 110.566381638163818, -6.804755475547554 ], [ 110.566231623162309, -6.804755475547546 ] ], [ [ 110.56593159315932, -6.80483048304831 ], [ 110.565856585658565, -6.804530453045302 ], [ 110.566081608160815, -6.804830483048296 ], [ 110.56593159315932, -6.80483048304831 ] ], [ [ 110.567131713171321, -6.804605460546063 ], [ 110.567206720672061, -6.80453045304531 ], [ 110.567206720672061, -6.804605460546056 ], [ 110.567131713171321, -6.804605460546063 ] ], [ [ 110.563081308130833, -6.804905490549051 ], [ 110.563531353135318, -6.80483048304831 ], [ 110.563681368136812, -6.805280528052798 ], [ 110.563081308130833, -6.804905490549051 ] ], [ [ 110.566381638163818, -6.804905490549054 ], [ 110.566456645664573, -6.804755475547551 ], [ 110.566456645664573, -6.804905490549057 ], [ 110.566381638163818, -6.804905490549054 ] ], [ [ 110.566081608160815, -6.8049804980498 ], [ 110.566456645664573, -6.80513051305131 ], [ 110.566456645664573, -6.805280528052801 ], [ 110.566081608160815, -6.8049804980498 ] ], [ [ 110.567056705670566, -6.804905490549049 ], [ 110.567131713171321, -6.804830483048305 ], [ 110.567131713171321, -6.804905490549054 ], [ 110.567056705670566, -6.804905490549049 ] ], [ [ 110.558730873087313, -6.804905490549056 ], [ 110.564431443144315, -6.807680768076802 ], [ 110.566006600660074, -6.809555955595565 ], [ 110.562481248124811, -6.807755775577554 ], [ 110.558730873087313, -6.804905490549056 ] ], [ [ 110.567356735673584, -6.805055505550555 ], [ 110.567431743174311, -6.804980498049813 ], [ 110.567431743174311, -6.805055505550557 ], [ 110.567356735673584, -6.805055505550555 ] ], [ [ 110.567431743174311, -6.80513051305131 ], [ 110.567506750675065, -6.805055505550555 ], [ 110.567506750675065, -6.805130513051309 ], [ 110.567431743174311, -6.80513051305131 ] ], [ [ 110.566681668166822, -6.805130513051305 ], [ 110.567806780678069, -6.805205520552054 ], [ 110.567731773177314, -6.805505550555062 ], [ 110.568781878187821, -6.80640564056405 ], [ 110.566681668166822, -6.805130513051305 ] ], [ [ 110.567806780678069, -6.805205520552054 ], [ 110.567881788178823, -6.805130513051299 ], [ 110.567881788178823, -6.805205520552058 ], [ 110.567806780678069, -6.805205520552054 ] ], [ [ 110.563831383138307, -6.805430543054306 ], [ 110.563906390639062, -6.805355535553552 ], [ 110.563906390639062, -6.805430543054312 ], [ 110.563831383138307, -6.805430543054306 ] ], [ [ 110.568106810681073, -6.805580558055807 ], [ 110.568181818181813, -6.805505550555054 ], [ 110.568181818181813, -6.805580558055804 ], [ 110.568106810681073, -6.805580558055807 ] ], [ [ 110.564056405640585, -6.805655565556558 ], [ 110.564131413141311, -6.805580558055808 ], [ 110.564131413141311, -6.805655565556552 ], [ 110.564056405640585, -6.805655565556558 ] ], [ [ 110.56428142814282, -6.805730573057312 ], [ 110.566531653165313, -6.807980798079802 ], [ 110.566381638163818, -6.808280828082809 ], [ 110.564656465646564, -6.806630663066315 ], [ 110.56428142814282, -6.805730573057312 ] ], [ [ 110.558580858085804, -6.805955595559556 ], [ 110.558730873087313, -6.805805580558052 ], [ 110.558730873087313, -6.805955595559551 ], [ 110.558580858085804, -6.805955595559556 ] ], [ [ 110.577632763276327, -6.806105610561064 ], [ 110.577707770777081, -6.806030603060305 ], [ 110.577707770777081, -6.806105610561056 ], [ 110.577632763276327, -6.806105610561064 ] ], [ [ 110.577782778277822, -6.806180618061798 ], [ 110.577857785778576, -6.8060306030603 ], [ 110.577932793279345, -6.806180618061815 ], [ 110.577782778277822, -6.806180618061798 ] ], [ [ 110.568031803180318, -6.806405640564049 ], [ 110.568106810681073, -6.80633063306331 ], [ 110.568106810681073, -6.806405640564052 ], [ 110.568031803180318, -6.806405640564049 ] ], [ [ 110.569006900690084, -6.807080708070813 ], [ 110.569456945694569, -6.806705670567057 ], [ 110.569456945694569, -6.807005700570048 ], [ 110.569006900690084, -6.807080708070813 ] ], [ [ 110.567431743174311, -6.806555655565556 ], [ 110.567506750675065, -6.806480648064806 ], [ 110.567506750675065, -6.806555655565554 ], [ 110.567431743174311, -6.806555655565556 ] ], [ [ 110.568406840684062, -6.806555655565554 ], [ 110.568556855685571, -6.806480648064805 ], [ 110.568556855685571, -6.806555655565552 ], [ 110.568406840684062, -6.806555655565554 ] ], [ [ 110.568631863186312, -6.806630663066295 ], [ 110.568706870687066, -6.80655565556555 ], [ 110.568706870687066, -6.8066306630663 ], [ 110.568631863186312, -6.806630663066295 ] ], [ [ 110.556405640564051, -6.807605760576054 ], [ 110.557155715571554, -6.807380738073808 ], [ 110.55655565556556, -6.807830783078308 ], [ 110.556405640564051, -6.807605760576054 ] ], [ [ 110.569531953195323, -6.807155715571556 ], [ 110.569756975697572, -6.807005700570057 ], [ 110.569681968196818, -6.807230723072302 ], [ 110.569531953195323, -6.807155715571556 ] ], [ [ 110.569306930693074, -6.807305730573061 ], [ 110.569381938193814, -6.807230723072309 ], [ 110.569381938193814, -6.807305730573054 ], [ 110.569306930693074, -6.807305730573061 ] ], [ [ 110.569381938193814, -6.807380738073804 ], [ 110.569456945694569, -6.807305730573056 ], [ 110.569456945694569, -6.807380738073803 ], [ 110.569381938193814, -6.807380738073804 ] ], [ [ 110.566456645664573, -6.808580858085807 ], [ 110.566531653165313, -6.808505850585059 ], [ 110.566531653165313, -6.808580858085804 ], [ 110.566456645664573, -6.808580858085807 ] ], [ [ 110.566906690669072, -6.809180918091816 ], [ 110.567506750675065, -6.809255925592555 ], [ 110.567881788178823, -6.809855985598555 ], [ 110.566906690669072, -6.809180918091816 ] ], [ [ 110.551155115511563, -6.810006000600058 ], [ 110.551755175517556, -6.809630963096307 ], [ 110.551605160516047, -6.809855985598561 ], [ 110.551155115511563, -6.810006000600058 ] ], [ [ 110.551080108010808, -6.810081008100801 ], [ 110.551155115511563, -6.810006000600058 ], [ 110.551155115511563, -6.810081008100813 ], [ 110.551080108010808, -6.810081008100801 ] ], [ [ 110.567956795679564, -6.810081008100815 ], [ 110.568031803180318, -6.810006000600067 ], [ 110.568031803180318, -6.810081008100802 ], [ 110.567956795679564, -6.810081008100815 ] ], [ [ 110.568031803180318, -6.81015601560156 ], [ 110.568106810681073, -6.810081008100811 ], [ 110.568106810681073, -6.810156015601568 ], [ 110.568031803180318, -6.81015601560156 ] ], [ [ 110.568106810681073, -6.810231023102314 ], [ 110.568181818181813, -6.810156015601561 ], [ 110.568181818181813, -6.810231023102307 ], [ 110.568106810681073, -6.810231023102314 ] ], [ [ 110.568181818181813, -6.810306030603055 ], [ 110.568256825682568, -6.810231023102302 ], [ 110.568256825682568, -6.810306030603051 ], [ 110.568181818181813, -6.810306030603055 ] ], [ [ 110.569006900690084, -6.810681068106809 ], [ 110.569381938193814, -6.810681068106817 ], [ 110.569306930693074, -6.810831083108318 ], [ 110.569006900690084, -6.810681068106809 ] ], [ [ 110.569981998199836, -6.811281128112805 ], [ 110.570282028202826, -6.811056105610564 ], [ 110.570207020702071, -6.811356135613555 ], [ 110.569981998199836, -6.811281128112805 ] ], [ [ 110.556105610561062, -6.811581158115819 ], [ 110.556255625562557, -6.811506150615059 ], [ 110.556405640564051, -6.811731173117308 ], [ 110.556105610561062, -6.811581158115819 ] ], [ [ 110.556405640564051, -6.811806180618071 ], [ 110.556630663066301, -6.811731173117315 ], [ 110.556630663066301, -6.811806180618068 ], [ 110.556405640564051, -6.811806180618071 ] ], [ [ 110.556630663066301, -6.811881188118808 ], [ 110.556780678067824, -6.811806180618065 ], [ 110.556780678067824, -6.811956195619558 ], [ 110.556630663066301, -6.811881188118808 ] ], [ [ 110.557380738073803, -6.812481248124813 ], [ 110.557605760576052, -6.812256225622569 ], [ 110.557680768076807, -6.812481248124813 ], [ 110.557380738073803, -6.812481248124813 ] ], [ [ 110.557755775577562, -6.812331233123308 ], [ 110.557905790579056, -6.812256225622569 ], [ 110.557905790579056, -6.812331233123308 ], [ 110.557755775577562, -6.812331233123308 ] ], [ [ 110.557905790579056, -6.812331233123308 ], [ 110.559255925592552, -6.813231323132306 ], [ 110.559330933093307, -6.813531353135318 ], [ 110.559030903090303, -6.813606360636062 ], [ 110.557905790579056, -6.812331233123308 ] ], [ [ 110.558130813081306, -6.81300630063007 ], [ 110.558355835583555, -6.812931293129308 ], [ 110.558355835583555, -6.81308130813082 ], [ 110.558130813081306, -6.81300630063007 ] ], [ [ 110.558355835583555, -6.813156315631558 ], [ 110.558430843084324, -6.813081308130805 ], [ 110.558430843084324, -6.813156315631558 ], [ 110.558355835583555, -6.813156315631558 ] ], [ [ 110.558805880588054, -6.813606360636056 ], [ 110.559030903090303, -6.813606360636062 ], [ 110.559030903090303, -6.813756375637555 ], [ 110.558805880588054, -6.813606360636056 ] ], [ [ 110.559330933093307, -6.813606360636067 ], [ 110.560531053105308, -6.81405640564057 ], [ 110.561806180618063, -6.815481548154819 ], [ 110.560606060606062, -6.81465646564657 ], [ 110.560231023102304, -6.814806480648063 ], [ 110.559330933093307, -6.813606360636067 ] ], [ [ 110.559255925592552, -6.814056405640559 ], [ 110.559330933093307, -6.813906390639072 ], [ 110.559405940594061, -6.814056405640563 ], [ 110.559255925592552, -6.814056405640559 ] ], [ [ 110.559405940594061, -6.814131413141309 ], [ 110.559480948094816, -6.814056405640567 ], [ 110.559480948094816, -6.814131413141311 ], [ 110.559405940594061, -6.814131413141309 ] ], [ [ 110.559555955595556, -6.81420642064207 ], [ 110.559630963096311, -6.814131413141318 ], [ 110.559630963096311, -6.81420642064206 ], [ 110.559555955595556, -6.81420642064207 ] ], [ [ 110.559630963096311, -6.814281428142809 ], [ 110.559705970597065, -6.814206420642066 ], [ 110.559705970597065, -6.814281428142809 ], [ 110.559630963096311, -6.814281428142809 ] ], [ [ 110.550405040504046, -6.814656465646559 ], [ 110.55070507050705, -6.81443144314432 ], [ 110.550930093009299, -6.81473147314732 ], [ 110.550405040504046, -6.814656465646559 ] ], [ [ 110.550630063006295, -6.814881488148814 ], [ 110.550780078007804, -6.814731473147306 ], [ 110.550855085508545, -6.814881488148812 ], [ 110.550630063006295, -6.814881488148814 ] ], [ [ 110.560606060606062, -6.814956495649562 ], [ 110.560681068106817, -6.814881488148814 ], [ 110.560681068106817, -6.814956495649569 ], [ 110.560606060606062, -6.814956495649562 ] ], [ [ 110.560756075607557, -6.815106510651068 ], [ 110.560831083108312, -6.815031503150315 ], [ 110.560831083108312, -6.81510651065107 ], [ 110.560756075607557, -6.815106510651068 ] ], [ [ 110.560831083108312, -6.815181518151813 ], [ 110.560906090609066, -6.815106510651068 ], [ 110.560906090609066, -6.815181518151824 ], [ 110.560831083108312, -6.815181518151813 ] ], [ [ 110.562106210621067, -6.815481548154823 ], [ 110.562181218121808, -6.815406540654073 ], [ 110.562181218121808, -6.81548154815481 ], [ 110.562106210621067, -6.815481548154823 ] ], [ [ 110.544179417941791, -6.822457245724574 ], [ 110.545154515451543, -6.82163216321632 ], [ 110.544254425442546, -6.822682268226823 ], [ 110.544179417941791, -6.822457245724574 ] ], [ [ 110.551530153015307, -6.822307230723069 ], [ 110.551755175517556, -6.822307230723078 ], [ 110.551530153015307, -6.82238223822382 ], [ 110.551530153015307, -6.822307230723069 ] ], [ [ 110.544929492949294, -6.822832283228327 ], [ 110.545154515451543, -6.822757275727564 ], [ 110.545079507950788, -6.822907290729074 ], [ 110.544929492949294, -6.822832283228327 ] ], [ [ 110.551230123012303, -6.822832283228326 ], [ 110.551305130513057, -6.82268226822683 ], [ 110.551305130513057, -6.82283228322832 ], [ 110.551230123012303, -6.822832283228326 ] ], [ [ 110.544104410441051, -6.82463246324633 ], [ 110.544104410441051, -6.823732373237329 ], [ 110.548004800480044, -6.825757575757572 ], [ 110.545229522952312, -6.825682568256819 ], [ 110.544104410441051, -6.82463246324633 ] ], [ [ 110.55070507050705, -6.823507350735067 ], [ 110.550780078007804, -6.823357335733581 ], [ 110.550780078007804, -6.823507350735079 ], [ 110.55070507050705, -6.823507350735067 ] ], [ [ 110.548904890489055, -6.823807380738071 ], [ 110.549354935493554, -6.82380738073807 ], [ 110.548754875487546, -6.824257425742579 ], [ 110.548904890489055, -6.823807380738071 ] ], [ [ 110.549954995499547, -6.824182418241823 ], [ 110.550555055505555, -6.823882388238823 ], [ 110.549954995499547, -6.824407440744078 ], [ 110.549954995499547, -6.824182418241823 ] ], [ [ 110.543804380438047, -6.824107410741076 ], [ 110.543954395439542, -6.823882388238824 ], [ 110.543879387938802, -6.824107410741068 ], [ 110.543804380438047, -6.824107410741076 ] ], [ [ 110.549879987998793, -6.824482448244831 ], [ 110.549954995499547, -6.824407440744078 ], [ 110.549954995499547, -6.824482448244829 ], [ 110.549879987998793, -6.824482448244831 ] ], [ [ 110.548304830483048, -6.824782478247818 ], [ 110.548379837983802, -6.824707470747073 ], [ 110.548379837983802, -6.824782478247821 ], [ 110.548304830483048, -6.824782478247818 ] ], [ [ 110.548229822982293, -6.824857485748582 ], [ 110.548304830483048, -6.824782478247818 ], [ 110.548304830483048, -6.824857485748573 ], [ 110.548229822982293, -6.824857485748582 ] ], [ [ 110.548079807980798, -6.825007500750079 ], [ 110.548229822982293, -6.825082508250826 ], [ 110.548079807980798, -6.825157515751573 ], [ 110.548079807980798, -6.825007500750079 ] ], [ [ 110.548229822982293, -6.825157515751583 ], [ 110.548304830483048, -6.825082508250831 ], [ 110.548304830483048, -6.825157515751572 ], [ 110.548229822982293, -6.825157515751583 ] ], [ [ 110.548004800480044, -6.825232523252335 ], [ 110.548079807980798, -6.825157515751573 ], [ 110.548079807980798, -6.825232523252319 ], [ 110.548004800480044, -6.825232523252335 ] ], [ [ 110.546579657965793, -6.826357635763569 ], [ 110.546654665466548, -6.826282628262826 ], [ 110.546654665466548, -6.826357635763578 ], [ 110.546579657965793, -6.826357635763569 ] ], [ [ 110.546804680468043, -6.82755775577558 ], [ 110.54740474047405, -6.82830783078307 ], [ 110.546804680468043, -6.828382838283825 ], [ 110.546429642964299, -6.829432943294329 ], [ 110.546804680468043, -6.82755775577558 ] ], [ [ 110.548754875487546, -6.827857785778583 ], [ 110.548829882988301, -6.827782778277828 ], [ 110.548829882988301, -6.827857785778571 ], [ 110.548754875487546, -6.827857785778583 ] ], [ [ 110.548904890489055, -6.82793279327933 ], [ 110.549204920492045, -6.827782778277831 ], [ 110.549354935493554, -6.828157815781585 ], [ 110.548904890489055, -6.82793279327933 ] ], [ [ 110.549804980498052, -6.828382838283827 ], [ 110.549879987998793, -6.828307830783078 ], [ 110.549879987998793, -6.828382838283833 ], [ 110.549804980498052, -6.828382838283827 ] ], [ [ 110.549879987998793, -6.828457845784573 ], [ 110.549954995499547, -6.828382838283829 ], [ 110.549954995499547, -6.828457845784585 ], [ 110.549879987998793, -6.828457845784573 ] ], [ [ 110.550030003000302, -6.828457845784583 ], [ 110.551080108010808, -6.828907890789075 ], [ 110.551230123012303, -6.829207920792085 ], [ 110.550780078007804, -6.829057905790575 ], [ 110.550030003000302, -6.828457845784583 ] ], [ [ 110.547104710471046, -6.828607860786076 ], [ 110.547179717971801, -6.828532853285333 ], [ 110.547179717971801, -6.828607860786079 ], [ 110.547104710471046, -6.828607860786076 ] ], [ [ 110.547029702970292, -6.828682868286826 ], [ 110.547104710471046, -6.828607860786076 ], [ 110.547104710471046, -6.828682868286825 ], [ 110.547029702970292, -6.828682868286826 ] ], [ [ 110.546954695469552, -6.828757875787583 ], [ 110.547029702970292, -6.828682868286826 ], [ 110.547029702970292, -6.828757875787579 ], [ 110.546954695469552, -6.828757875787583 ] ], [ [ 110.546879687968811, -6.828832883288332 ], [ 110.546954695469552, -6.828757875787583 ], [ 110.546954695469552, -6.828832883288323 ], [ 110.546879687968811, -6.828832883288332 ] ], [ [ 110.546804680468043, -6.828982898289831 ], [ 110.546879687968811, -6.828907890789074 ], [ 110.546879687968811, -6.828982898289821 ], [ 110.546804680468043, -6.828982898289831 ] ], [ [ 110.536978697869785, -6.829132913291325 ], [ 110.537128712871294, -6.829057905790584 ], [ 110.537128712871294, -6.829207920792079 ], [ 110.536978697869785, -6.829132913291325 ] ], [ [ 110.53682868286829, -6.829207920792079 ], [ 110.53690369036903, -6.829132913291336 ], [ 110.53690369036903, -6.829207920792082 ], [ 110.53682868286829, -6.829207920792079 ] ], [ [ 110.551530153015307, -6.829282928292828 ], [ 110.551680168016802, -6.829132913291322 ], [ 110.551680168016802, -6.829357935793571 ], [ 110.551530153015307, -6.829282928292828 ] ], [ [ 110.551305130513057, -6.829282928292827 ], [ 110.551380138013798, -6.829207920792082 ], [ 110.551380138013798, -6.829282928292828 ], [ 110.551305130513057, -6.829282928292827 ] ], [ [ 110.53690369036903, -6.829357935793588 ], [ 110.536978697869785, -6.829282928292824 ], [ 110.536978697869785, -6.82935793579358 ], [ 110.53690369036903, -6.829357935793588 ] ], [ [ 110.54627962796279, -6.829507950795078 ], [ 110.546504650465053, -6.829732973297327 ], [ 110.54627962796279, -6.830033003300339 ], [ 110.54627962796279, -6.829507950795078 ] ], [ [ 110.552205220522055, -6.829507950795079 ], [ 110.552355235523549, -6.829432943294323 ], [ 110.552355235523549, -6.829507950795077 ], [ 110.552205220522055, -6.829507950795079 ] ], [ [ 110.537053705370539, -6.829657965796583 ], [ 110.537128712871294, -6.829582958295829 ], [ 110.537128712871294, -6.829657965796588 ], [ 110.537053705370539, -6.829657965796583 ] ], [ [ 110.546579657965793, -6.829657965796585 ], [ 110.546654665466548, -6.829582958295829 ], [ 110.546654665466548, -6.829657965796577 ], [ 110.546579657965793, -6.829657965796585 ] ], [ [ 110.537128712871294, -6.829807980798088 ], [ 110.537278727872803, -6.829732973297324 ], [ 110.537278727872803, -6.829882988298835 ], [ 110.537128712871294, -6.829807980798088 ] ], [ [ 110.537278727872803, -6.830033003300333 ], [ 110.537353735373543, -6.829882988298835 ], [ 110.537353735373543, -6.830033003300334 ], [ 110.537278727872803, -6.830033003300333 ] ], [ [ 110.546204620462063, -6.830483048304838 ], [ 110.54627962796279, -6.830408040804087 ], [ 110.54627962796279, -6.830483048304825 ], [ 110.546204620462063, -6.830483048304838 ] ], [ [ 110.546129612961295, -6.830558055805573 ], [ 110.546204620462063, -6.830483048304838 ], [ 110.546204620462063, -6.830558055805575 ], [ 110.546129612961295, -6.830558055805573 ] ], [ [ 110.537578757875792, -6.83108310831083 ], [ 110.537953795379551, -6.830858085808571 ], [ 110.537878787878782, -6.831458145814575 ], [ 110.537578757875792, -6.83108310831083 ] ], [ [ 110.537803780378042, -6.830708070807081 ], [ 110.537878787878782, -6.830633063306326 ], [ 110.537878787878782, -6.830708070807084 ], [ 110.537803780378042, -6.830708070807081 ] ], [ [ 110.5459795979598, -6.830783078307824 ], [ 110.546129612961295, -6.830858085808577 ], [ 110.5459795979598, -6.831083108310822 ], [ 110.5459795979598, -6.830783078307824 ] ], [ [ 110.545679567956796, -6.831008100810079 ], [ 110.545754575457551, -6.831083108310823 ], [ 110.545529552955301, -6.831158115811579 ], [ 110.545679567956796, -6.831008100810079 ] ], [ [ 110.551230123012303, -6.831308130813078 ], [ 110.551305130513057, -6.831533153315323 ], [ 110.551005100510054, -6.831533153315331 ], [ 110.551230123012303, -6.831308130813078 ] ], [ [ 110.545829582958291, -6.831308130813079 ], [ 110.545904590459045, -6.831233123312333 ], [ 110.545904590459045, -6.831308130813089 ], [ 110.545829582958291, -6.831308130813079 ] ], [ [ 110.545679567956796, -6.831383138313827 ], [ 110.545829582958291, -6.831458145814577 ], [ 110.545679567956796, -6.831533153315338 ], [ 110.545679567956796, -6.831383138313827 ] ], [ [ 110.538028802880291, -6.831533153315337 ], [ 110.538103810381031, -6.831383138313829 ], [ 110.538103810381031, -6.831533153315322 ], [ 110.538028802880291, -6.831533153315337 ] ], [ [ 110.545754575457551, -6.832058205820588 ], [ 110.546204620462063, -6.831983198319837 ], [ 110.546729672967302, -6.832358235823587 ], [ 110.545754575457551, -6.832058205820588 ] ], [ [ 110.537878787878782, -6.831983198319826 ], [ 110.538103810381031, -6.831758175817587 ], [ 110.538178817881786, -6.832283228322831 ], [ 110.537878787878782, -6.831983198319826 ] ], [ [ 110.538103810381031, -6.831683168316833 ], [ 110.538178817881786, -6.831608160816087 ], [ 110.538178817881786, -6.831683168316836 ], [ 110.538103810381031, -6.831683168316833 ] ], [ [ 110.546204620462063, -6.831983198319837 ], [ 110.54627962796279, -6.831908190819084 ], [ 110.54627962796279, -6.831983198319825 ], [ 110.546204620462063, -6.831983198319837 ] ], [ [ 110.546429642964299, -6.83205820582058 ], [ 110.546504650465053, -6.831983198319834 ], [ 110.546504650465053, -6.832058205820583 ], [ 110.546429642964299, -6.83205820582058 ] ], [ [ 110.546579657965793, -6.832133213321331 ], [ 110.546654665466548, -6.832058205820577 ], [ 110.546654665466548, -6.832133213321337 ], [ 110.546579657965793, -6.832133213321331 ] ], [ [ 110.534503450345028, -6.832583258325826 ], [ 110.534878487848786, -6.832658265826578 ], [ 110.534578457845782, -6.832808280828075 ], [ 110.534503450345028, -6.832583258325826 ] ], [ [ 110.546729672967302, -6.832433243324333 ], [ 110.546954695469552, -6.83235823582358 ], [ 110.546954695469552, -6.832433243324332 ], [ 110.546729672967302, -6.832433243324333 ] ], [ [ 110.54740474047405, -6.832658265826581 ], [ 110.547704770477054, -6.832658265826589 ], [ 110.547554755475545, -6.833108310831082 ], [ 110.54740474047405, -6.832658265826581 ] ], [ [ 110.539153915391537, -6.832733273327328 ], [ 110.539228922892292, -6.832658265826577 ], [ 110.539228922892292, -6.832733273327332 ], [ 110.539153915391537, -6.832733273327328 ] ], [ [ 110.539453945394541, -6.832883288328838 ], [ 110.539753975397545, -6.83273327332733 ], [ 110.540054005400535, -6.833033303330336 ], [ 110.539453945394541, -6.832883288328838 ] ], [ [ 110.530453045304526, -6.83288328832884 ], [ 110.53052805280528, -6.832808280828083 ], [ 110.53052805280528, -6.832883288328832 ], [ 110.530453045304526, -6.83288328832884 ] ], [ [ 110.534503450345028, -6.832883288328828 ], [ 110.534578457845782, -6.832808280828075 ], [ 110.534578457845782, -6.832883288328838 ], [ 110.534503450345028, -6.832883288328828 ] ], [ [ 110.53052805280528, -6.832958295829588 ], [ 110.530603060306035, -6.83288328832884 ], [ 110.530603060306035, -6.832958295829591 ], [ 110.53052805280528, -6.832958295829588 ] ], [ [ 110.534278427842779, -6.833033303330332 ], [ 110.534353435343533, -6.832958295829586 ], [ 110.534353435343533, -6.833033303330342 ], [ 110.534278427842779, -6.833033303330332 ] ], [ [ 110.534203420342038, -6.833108310831084 ], [ 110.534278427842779, -6.833033303330332 ], [ 110.534278427842779, -6.833108310831085 ], [ 110.534203420342038, -6.833108310831084 ] ], [ [ 110.534128412841284, -6.833258325832577 ], [ 110.534278427842779, -6.833183318331828 ], [ 110.534278427842779, -6.833333333333324 ], [ 110.534203420342038, -6.833258325832576 ], [ 110.534128412841284, -6.833258325832577 ] ], [ [ 110.540579057905802, -6.833258325832587 ], [ 110.540729072907297, -6.833108310831088 ], [ 110.540729072907297, -6.833258325832584 ], [ 110.540579057905802, -6.833258325832587 ] ], [ [ 110.54740474047405, -6.833183318331836 ], [ 110.547479747974791, -6.833108310831078 ], [ 110.547479747974791, -6.833183318331828 ], [ 110.54740474047405, -6.833183318331836 ] ], [ [ 110.531203120312028, -6.833933393339325 ], [ 110.531578157815787, -6.833708370837091 ], [ 110.53217821782178, -6.834383438343842 ], [ 110.531203120312028, -6.833933393339325 ] ], [ [ 110.534053405340529, -6.833333333333326 ], [ 110.534128412841284, -6.833258325832577 ], [ 110.534128412841284, -6.833333333333333 ], [ 110.534053405340529, -6.833333333333326 ] ], [ [ 110.534203420342038, -6.833483348334824 ], [ 110.534278427842779, -6.833408340834078 ], [ 110.534278427842779, -6.833483348334838 ], [ 110.534203420342038, -6.833483348334824 ] ], [ [ 110.534278427842779, -6.833633363336338 ], [ 110.534353435343533, -6.833483348334832 ], [ 110.534353435343533, -6.833633363336343 ], [ 110.534278427842779, -6.833633363336338 ] ], [ [ 110.534203420342038, -6.833708370837079 ], [ 110.534278427842779, -6.833633363336338 ], [ 110.534278427842779, -6.833708370837074 ], [ 110.534203420342038, -6.833708370837079 ] ], [ [ 110.534128412841284, -6.833783378337825 ], [ 110.534203420342038, -6.833708370837079 ], [ 110.534203420342038, -6.833783378337833 ], [ 110.534128412841284, -6.833783378337825 ] ], [ [ 110.534203420342038, -6.833858385838576 ], [ 110.534278427842779, -6.833783378337837 ], [ 110.534278427842779, -6.833858385838584 ], [ 110.534203420342038, -6.833858385838576 ] ], [ [ 110.541929192919312, -6.834308430843092 ], [ 110.542379237923797, -6.834083408340831 ], [ 110.542379237923797, -6.834533453345336 ], [ 110.541929192919312, -6.834308430843092 ] ], [ [ 110.533903390339034, -6.834008400840086 ], [ 110.534203420342038, -6.833933393339339 ], [ 110.533903390339034, -6.834083408340835 ], [ 110.533903390339034, -6.834008400840086 ] ], [ [ 110.533678367836785, -6.834233423342338 ], [ 110.533903390339034, -6.834233423342326 ], [ 110.533678367836785, -6.834383438343827 ], [ 110.533678367836785, -6.834233423342338 ] ], [ [ 110.53352835283529, -6.834383438343838 ], [ 110.533603360336031, -6.834308430843087 ], [ 110.533603360336031, -6.834383438343827 ], [ 110.53352835283529, -6.834383438343838 ] ], [ [ 110.525352535253532, -6.834833483348341 ], [ 110.52610261026102, -6.834908490849079 ], [ 110.525877587758771, -6.835358535853585 ], [ 110.525352535253532, -6.834833483348341 ] ], [ [ 110.533453345334536, -6.83460846084608 ], [ 110.53352835283529, -6.834533453345331 ], [ 110.53352835283529, -6.834608460846077 ], [ 110.533453345334536, -6.83460846084608 ] ], [ [ 110.525352535253532, -6.834683468346832 ], [ 110.525502550255027, -6.834608460846088 ], [ 110.525502550255027, -6.834683468346833 ], [ 110.525352535253532, -6.834683468346832 ] ], [ [ 110.532553255325539, -6.834833483348326 ], [ 110.533453345334536, -6.834758475847585 ], [ 110.532853285328528, -6.835658565856581 ], [ 110.532553255325539, -6.834833483348326 ] ], [ [ 110.525277527752777, -6.83475847584759 ], [ 110.525352535253532, -6.834683468346832 ], [ 110.525352535253532, -6.834758475847592 ], [ 110.525277527752777, -6.83475847584759 ] ], [ [ 110.522577257725771, -6.83490849084908 ], [ 110.523252325232519, -6.835283528352828 ], [ 110.522577257725771, -6.835058505850578 ], [ 110.522127212721273, -6.836258625862581 ], [ 110.522877287728775, -6.835583558355841 ], [ 110.524227422742271, -6.836033603360331 ], [ 110.522052205220518, -6.836483648364831 ], [ 110.521977197719778, -6.835358535853588 ], [ 110.522577257725771, -6.83490849084908 ] ], [ [ 110.52460246024603, -6.835058505850593 ], [ 110.524902490249019, -6.835208520852082 ], [ 110.52460246024603, -6.835208520852088 ], [ 110.52460246024603, -6.835058505850593 ] ], [ [ 110.522577257725771, -6.835283528352842 ], [ 110.522652265226526, -6.835208520852095 ], [ 110.522652265226526, -6.835283528352835 ], [ 110.522577257725771, -6.835283528352842 ] ], [ [ 110.52572757275729, -6.835958595859586 ], [ 110.526627662766273, -6.836258625862588 ], [ 110.52610261026102, -6.83633363336334 ], [ 110.52572757275729, -6.835958595859586 ] ], [ [ 110.533228322832286, -6.836033603360331 ], [ 110.533303330333041, -6.835958595859592 ], [ 110.533303330333041, -6.836033603360332 ], [ 110.533228322832286, -6.836033603360331 ] ], [ [ 110.52737773777379, -6.836258625862595 ], [ 110.52745274527453, -6.836108610861092 ], [ 110.527527752775271, -6.836258625862595 ], [ 110.52737773777379, -6.836258625862595 ] ], [ [ 110.526627662766273, -6.836333633363337 ], [ 110.526702670267042, -6.836258625862585 ], [ 110.526702670267042, -6.836333633363335 ], [ 110.526627662766273, -6.836333633363337 ] ], [ [ 110.526852685268523, -6.836558655865592 ], [ 110.527602760276025, -6.836408640864092 ], [ 110.52737773777379, -6.837008700870082 ], [ 110.526852685268523, -6.836558655865592 ] ], [ [ 110.523552355235523, -6.837008700870081 ], [ 110.524152415241531, -6.836783678367838 ], [ 110.524152415241531, -6.837083708370836 ], [ 110.523552355235523, -6.837008700870081 ] ], [ [ 110.534878487848786, -6.836933693369335 ], [ 110.534953495349541, -6.836858685868582 ], [ 110.534953495349541, -6.836933693369335 ], [ 110.534878487848786, -6.836933693369335 ] ], [ [ 110.535028502850281, -6.83700870087009 ], [ 110.535103510351036, -6.836933693369328 ], [ 110.535103510351036, -6.83700870087008 ], [ 110.535028502850281, -6.83700870087009 ] ], [ [ 110.527527752775271, -6.837083708370842 ], [ 110.527602760276025, -6.837008700870079 ], [ 110.527602760276025, -6.837083708370833 ], [ 110.527527752775271, -6.837083708370842 ] ], [ [ 110.535328532853285, -6.837083708370843 ], [ 110.535703570357029, -6.837083708370843 ], [ 110.535928592859293, -6.837383738373846 ], [ 110.535403540354039, -6.837308730873089 ], [ 110.535328532853285, -6.837083708370843 ] ], [ [ 110.527977797779783, -6.837233723372339 ], [ 110.528052805280524, -6.837158715871582 ], [ 110.528052805280524, -6.837233723372341 ], [ 110.527977797779783, -6.837233723372339 ] ], [ [ 110.53525352535253, -6.837233723372332 ], [ 110.535328532853285, -6.837158715871582 ], [ 110.535328532853285, -6.837233723372339 ], [ 110.53525352535253, -6.837233723372332 ] ], [ [ 110.529477947794774, -6.83730873087309 ], [ 110.529552955295529, -6.837233723372332 ], [ 110.529552955295529, -6.837308730873092 ], [ 110.529477947794774, -6.83730873087309 ] ], [ [ 110.529627962796283, -6.837308730873083 ], [ 110.53240324032403, -6.837608760876085 ], [ 110.532853285328528, -6.838133813381346 ], [ 110.532253225322535, -6.838133813381341 ], [ 110.529627962796283, -6.837308730873083 ] ], [ [ 110.527902790279029, -6.837758775877592 ], [ 110.527977797779783, -6.837683768376845 ], [ 110.527977797779783, -6.837758775877583 ], [ 110.527902790279029, -6.837758775877592 ] ], [ [ 110.533453345334536, -6.838208820882085 ], [ 110.533603360336031, -6.838058805880593 ], [ 110.53352835283529, -6.838208820882083 ], [ 110.533453345334536, -6.838208820882085 ] ], [ [ 110.538178817881786, -6.839708970897083 ], [ 110.53825382538254, -6.839633963396337 ], [ 110.53825382538254, -6.839708970897093 ], [ 110.538178817881786, -6.839708970897083 ] ], [ [ 110.538928892889302, -6.840459045904598 ], [ 110.539303930393032, -6.840309030903087 ], [ 110.539303930393032, -6.840684068406836 ], [ 110.538928892889302, -6.840459045904598 ] ], [ [ 110.539978997899794, -6.840234023402338 ], [ 110.540054005400535, -6.840159015901597 ], [ 110.540054005400535, -6.840234023402339 ], [ 110.539978997899794, -6.840234023402338 ] ], [ [ 110.540054005400535, -6.840309030903087 ], [ 110.540129012901289, -6.840234023402346 ], [ 110.540129012901289, -6.840309030903087 ], [ 110.540054005400535, -6.840309030903087 ] ], [ [ 110.540129012901289, -6.840384038403834 ], [ 110.540204020402044, -6.840309030903089 ], [ 110.540204020402044, -6.840384038403833 ], [ 110.540129012901289, -6.840384038403834 ] ], [ [ 110.540204020402044, -6.840459045904599 ], [ 110.540279027902784, -6.840384038403836 ], [ 110.540279027902784, -6.840459045904596 ], [ 110.540204020402044, -6.840459045904599 ] ], [ [ 110.539303930393032, -6.840759075907591 ], [ 110.539378937893787, -6.840684068406845 ], [ 110.539378937893787, -6.8407590759076 ], [ 110.539303930393032, -6.840759075907591 ] ], [ [ 110.540504050405048, -6.840759075907594 ], [ 110.540579057905802, -6.840684068406842 ], [ 110.540579057905802, -6.840759075907583 ], [ 110.540504050405048, -6.840759075907594 ] ], [ [ 110.540654065406542, -6.840834083408345 ], [ 110.540729072907297, -6.840759075907598 ], [ 110.540729072907297, -6.840834083408349 ], [ 110.540654065406542, -6.840834083408345 ] ], [ [ 110.540729072907297, -6.840909090909087 ], [ 110.540804080408037, -6.840834083408335 ], [ 110.540804080408037, -6.84090909090909 ], [ 110.540729072907297, -6.840909090909087 ] ], [ [ 110.540804080408037, -6.840984098409843 ], [ 110.540879087908792, -6.84090909090909 ], [ 110.540879087908792, -6.840984098409841 ], [ 110.540804080408037, -6.840984098409843 ] ], [ [ 110.540879087908792, -6.841059105910595 ], [ 110.540954095409546, -6.840984098409836 ], [ 110.540954095409546, -6.841059105910586 ], [ 110.540879087908792, -6.841059105910595 ] ], [ [ 110.539678967896791, -6.841134113411347 ], [ 110.539753975397545, -6.84105910591059 ], [ 110.539753975397545, -6.841134113411331 ], [ 110.539678967896791, -6.841134113411347 ] ], [ [ 110.52902790279029, -6.847434743474348 ], [ 110.529627962796283, -6.8473597359736 ], [ 110.52910291029103, -6.847884788478849 ], [ 110.52902790279029, -6.847434743474348 ] ], [ [ 110.52602760276028, -6.849159915991604 ], [ 110.527827782778274, -6.8484098409841 ], [ 110.526477647764779, -6.850360036003591 ], [ 110.52602760276028, -6.849159915991604 ] ], [ [ 110.528202820282033, -6.848259825982592 ], [ 110.528577857785777, -6.848184818481855 ], [ 110.528577857785777, -6.848259825982596 ], [ 110.528202820282033, -6.848259825982592 ] ], [ [ 110.528652865286531, -6.84840984098409 ], [ 110.529177917791785, -6.848184818481847 ], [ 110.529177917791785, -6.848334833483349 ], [ 110.528652865286531, -6.84840984098409 ] ], [ [ 110.52467746774677, -6.850510051005108 ], [ 110.524752475247524, -6.85043504350435 ], [ 110.524752475247524, -6.850510051005097 ], [ 110.52467746774677, -6.850510051005108 ] ], [ [ 110.519051905190523, -6.855685568556862 ], [ 110.519351935193512, -6.855535553555354 ], [ 110.519351935193512, -6.855985598559853 ], [ 110.519051905190523, -6.855685568556862 ] ], [ [ 110.518751875187519, -6.856660666066602 ], [ 110.519051905190523, -6.856735673567354 ], [ 110.518676867686764, -6.856885688568864 ], [ 110.518751875187519, -6.856660666066602 ] ], [ [ 110.517026702670265, -6.858085808580865 ], [ 110.517326732673268, -6.858085808580854 ], [ 110.517026702670265, -6.858310831083113 ], [ 110.517026702670265, -6.858085808580865 ] ], [ [ 110.51687668766877, -6.859360936093609 ], [ 110.51695169516951, -6.859285928592863 ], [ 110.51695169516951, -6.85936093609361 ], [ 110.51687668766877, -6.859360936093609 ] ], [ [ 110.46009600960096, -6.935118511851191 ], [ 110.460246024602455, -6.935043504350442 ], [ 110.460321032103224, -6.935268526852683 ], [ 110.46009600960096, -6.935118511851191 ] ], [ [ 110.46009600960096, -6.935268526852688 ], [ 110.460171017101715, -6.935193519351937 ], [ 110.460171017101715, -6.93526852685268 ], [ 110.46009600960096, -6.935268526852688 ] ], [ [ 110.459495949594952, -6.935793579357937 ], [ 110.459720972097216, -6.935643564356436 ], [ 110.459720972097216, -6.935868586858691 ], [ 110.459495949594952, -6.935793579357937 ] ], [ [ 110.459420942094212, -6.936543654365442 ], [ 110.461146114611466, -6.937143714371433 ], [ 110.460021002100206, -6.937668766876691 ], [ 110.459420942094212, -6.936543654365442 ] ], [ [ 110.462046204620464, -6.937443744374438 ], [ 110.462571257125717, -6.937218721872183 ], [ 110.462496249624962, -6.93751875187519 ], [ 110.462046204620464, -6.937443744374438 ] ], [ [ 110.46317131713171, -6.937293729372944 ], [ 110.463246324632465, -6.937218721872187 ], [ 110.463246324632465, -6.937293729372941 ], [ 110.46317131713171, -6.937293729372944 ] ], [ [ 110.463321332133219, -6.93736873687369 ], [ 110.463621362136209, -6.937443744374431 ], [ 110.463021302130215, -6.937593759375946 ], [ 110.46309630963097, -6.937293729372937 ], [ 110.463321332133219, -6.93736873687369 ] ], [ [ 110.459795979597956, -6.93781878187819 ], [ 110.459870987098711, -6.937743774377436 ], [ 110.459870987098711, -6.937818781878187 ], [ 110.459795979597956, -6.93781878187819 ] ], [ [ 110.459495949594952, -6.93811881188118 ], [ 110.459645964596476, -6.937893789378933 ], [ 110.459870987098711, -6.938193819381941 ], [ 110.459495949594952, -6.93811881188118 ] ], [ [ 110.460621062106213, -6.938418841884182 ], [ 110.461146114611466, -6.938043804380445 ], [ 110.461296129612975, -6.938343834383444 ], [ 110.460621062106213, -6.938418841884182 ] ] ] } },
{ "type": "Feature", "properties": { "year": 2050, "layer": "atrisk" }, "geometry": { "type": "Polygon", "coordinates": [ [ [ 110.438643864386435, -6.93946894689469 ], [ 110.437293729372939, -6.940444044404442 ], [ 110.437743774377438, -6.94314431443144 ], [ 110.438643864386435, -6.93946894689469 ] ] ] } },
{ "type": "Feature", "properties": { "year": 2050, "layer": "atrisk" }, "geometry": { "type": "Polygon", "coordinates": [ [ [ 110.39273927392739, -6.946444644464443 ], [ 110.393114311431148, -6.947644764476452 ], [ 110.392139213921396, -6.948319831983199 ], [ 110.393489348934892, -6.947719771977202 ], [ 110.39273927392739, -6.946444644464443 ] ], [ [ 110.393189318931888, -6.947494749474954 ], [ 110.393264326432657, -6.947419741974191 ], [ 110.393264326432657, -6.947494749474952 ], [ 110.393189318931888, -6.947494749474954 ] ] ] } },
{ "type": "Feature", "properties": { "year": 2050, "layer": "atrisk" }, "geometry": { "type": "Polygon", "coordinates": [ [ [ 110.407890789078905, -6.948244824482443 ], [ 110.407215721572157, -6.948469846984707 ], [ 110.407665766576656, -6.950120012001207 ], [ 110.407890789078905, -6.948244824482443 ] ] ] } },
{ "type": "Feature", "properties": { "year": 2050, "layer": "atrisk" }, "geometry": { "type": "Polygon", "coordinates": [ [ [ 110.392439243924386, -6.946069606960696 ], [ 110.388838883888383, -6.948544854485456 ], [ 110.390489048904897, -6.950945094509454 ], [ 110.389138913891387, -6.948694869486946 ], [ 110.392439243924386, -6.946069606960696 ] ] ] } },
{ "type": "Feature", "properties": { "year": 2050, "layer": "atrisk" }, "geometry": { "type": "Polygon", "coordinates": [ [ [ 110.383963396339638, -6.95094509450946 ], [ 110.383513351335139, -6.950420042004205 ], [ 110.382838283828377, -6.950795079507954 ], [ 110.383963396339638, -6.95094509450946 ] ] ] } },
{ "type": "Feature", "properties": { "year": 2050, "layer": "atrisk" }, "geometry": { "type": "Polygon", "coordinates": [ [ [ 110.38658865886589, -6.952145214521445 ], [ 110.38658865886589, -6.953420342034199 ], [ 110.387338733873392, -6.953945394539458 ], [ 110.387938793879385, -6.953270327032697 ], [ 110.38658865886589, -6.952145214521445 ] ] ] } },
{ "type": "Feature", "properties": { "year": 2050, "layer": "atrisk" }, "geometry": { "type": "Polygon", "coordinates": [ [ [ 110.381863186318625, -6.950795079507953 ], [ 110.382238223822384, -6.953945394539454 ], [ 110.38328832883289, -6.954995499549952 ], [ 110.383438343834385, -6.954395439543959 ], [ 110.381863186318625, -6.950795079507953 ] ], [ [ 110.382763276327637, -6.953420342034205 ], [ 110.382838283828377, -6.953345334533449 ], [ 110.382838283828377, -6.953420342034211 ], [ 110.382763276327637, -6.953420342034205 ] ], [ [ 110.382913291329132, -6.953795379537955 ], [ 110.382988298829886, -6.953720372037203 ], [ 110.382988298829886, -6.95379537953795 ], [ 110.382913291329132, -6.953795379537955 ] ], [ [ 110.382988298829886, -6.954095409540954 ], [ 110.383063306330627, -6.953945394539452 ], [ 110.383063306330627, -6.954095409540953 ], [ 110.382988298829886, -6.954095409540954 ] ] ] } },
{ "type": "Feature", "properties": { "year": 2050, "layer": "atrisk" }, "geometry": { "type": "Polygon", "coordinates": [ [ [ 110.435193519351941, -6.940369036903689 ], [ 110.433093309330928, -6.94194419441945 ], [ 110.434368436843684, -6.946294629462945 ], [ 110.433093309330928, -6.943144314431438 ], [ 110.431668166816678, -6.942769276927698 ], [ 110.431443144314429, -6.944269426942694 ], [ 110.427392739273927, -6.945619561956188 ], [ 110.425742574257427, -6.941644164416436 ], [ 110.423942394239418, -6.941644164416448 ], [ 110.42349234923492, -6.944119411941189 ], [ 110.424467446744671, -6.946969696969698 ], [ 110.42626762676268, -6.95004500450044 ], [ 110.426867686768674, -6.950645064506457 ], [ 110.425967596759691, -6.952595259525955 ], [ 110.420267026702675, -6.947794779477954 ], [ 110.419591959195913, -6.947944794479442 ], [ 110.421467146714676, -6.951620162016197 ], [ 110.426942694269442, -6.954245424542446 ], [ 110.423567356735674, -6.953570357035701 ], [ 110.424242424242422, -6.955670567056705 ], [ 110.421167116711672, -6.955070507050704 ], [ 110.421092109210917, -6.952520252025209 ], [ 110.419516951695172, -6.953345334533455 ], [ 110.418691869186929, -6.9520702070207 ], [ 110.418691869186929, -6.945769576957694 ], [ 110.416816681668166, -6.9457695769577 ], [ 110.417491749174914, -6.948619861986197 ], [ 110.415016501650172, -6.948094809480956 ], [ 110.417266726672665, -6.949894989498946 ], [ 110.416666666666671, -6.95109510951095 ], [ 110.410291029102908, -6.949969996999706 ], [ 110.410291029102908, -6.950645064506454 ], [ 110.411641164116418, -6.951020102010204 ], [ 110.410891089108915, -6.952295229522952 ], [ 110.408415841584159, -6.952145214521446 ], [ 110.408865886588657, -6.953120312031204 ], [ 110.406090609060911, -6.947494749474947 ], [ 110.403090309030901, -6.946294629462949 ], [ 110.406015601560156, -6.947794779477945 ], [ 110.404515451545151, -6.95169516951695 ], [ 110.40654065406541, -6.952070207020698 ], [ 110.400915091509148, -6.951845184518446 ], [ 110.397989798979893, -6.950270027002695 ], [ 110.397089708970896, -6.948319831983195 ], [ 110.399339933993403, -6.946894689468949 ], [ 110.398964896489645, -6.94636963696369 ], [ 110.396039603960389, -6.948169816981695 ], [ 110.396189618961898, -6.950870087008709 ], [ 110.394989498949897, -6.950120012001197 ], [ 110.397614761476149, -6.955220522052199 ], [ 110.396789678967892, -6.955895589558955 ], [ 110.398439843984391, -6.957170717071707 ], [ 110.397314731473145, -6.959570957095717 ], [ 110.417641764176423, -6.959645964596466 ], [ 110.42626762676268, -6.957020702070202 ], [ 110.428817881788177, -6.955370537053708 ], [ 110.42656765676567, -6.956420642064201 ], [ 110.422517251725168, -6.957095709570963 ], [ 110.430243024302442, -6.954395439543953 ], [ 110.433243324332452, -6.951395139513948 ], [ 110.432493249324935, -6.950045004500446 ], [ 110.434218421842203, -6.950195019501958 ], [ 110.436393639363942, -6.946744674467441 ], [ 110.437293729372939, -6.94449444944494 ], [ 110.435193519351941, -6.940369036903689 ] ], [ [ 110.424767476747675, -6.942544254425449 ], [ 110.424992499249925, -6.942319231923198 ], [ 110.424992499249925, -6.942544254425438 ], [ 110.424767476747675, -6.942544254425449 ] ], [ [ 110.424992499249925, -6.946144614461448 ], [ 110.425442544254423, -6.945469546954693 ], [ 110.425217521752174, -6.94629462946295 ], [ 110.424992499249925, -6.946144614461448 ] ], [ [ 110.41711671167117, -6.946069606960689 ], [ 110.417266726672665, -6.945994599459946 ], [ 110.417266726672665, -6.946144614461441 ], [ 110.41711671167117, -6.946069606960689 ] ], [ [ 110.41711671167117, -6.946744674467441 ], [ 110.417341734173419, -6.9463696369637 ], [ 110.417341734173419, -6.946744674467441 ], [ 110.41711671167117, -6.946744674467441 ] ], [ [ 110.43264326432643, -6.946594659465946 ], [ 110.432793279327939, -6.946444644464449 ], [ 110.432793279327939, -6.946669666966705 ], [ 110.43264326432643, -6.946594659465946 ] ], [ [ 110.430768076807681, -6.947194719471944 ], [ 110.431368136813688, -6.947419741974201 ], [ 110.430918091809176, -6.947644764476451 ], [ 110.430768076807681, -6.947194719471944 ] ], [ [ 110.428667866786682, -6.947194719471941 ], [ 110.428742874287423, -6.947119711971192 ], [ 110.428742874287423, -6.947194719471937 ], [ 110.428667866786682, -6.947194719471941 ] ], [ [ 110.43241824182418, -6.947719771977196 ], [ 110.432493249324935, -6.947644764476453 ], [ 110.432493249324935, -6.947719771977193 ], [ 110.43241824182418, -6.947719771977196 ] ], [ [ 110.426192619261926, -6.948094809480944 ], [ 110.426492649264929, -6.947869786978701 ], [ 110.426492649264929, -6.948169816981695 ], [ 110.426192619261926, -6.948094809480944 ] ], [ [ 110.429942994299424, -6.947869786978692 ], [ 110.430468046804677, -6.948244824482443 ], [ 110.429942994299424, -6.948094809480941 ], [ 110.429942994299424, -6.947869786978692 ] ], [ [ 110.42791779177918, -6.947944794479445 ], [ 110.427992799279934, -6.947869786978704 ], [ 110.427992799279934, -6.947944794479442 ], [ 110.42791779177918, -6.947944794479445 ] ], [ [ 110.425967596759691, -6.948094809480947 ], [ 110.426042604260431, -6.948019801980204 ], [ 110.426042604260431, -6.948094809480946 ], [ 110.425967596759691, -6.948094809480947 ] ], [ [ 110.431893189318941, -6.948469846984706 ], [ 110.432043204320436, -6.948244824482441 ], [ 110.432043204320436, -6.948469846984701 ], [ 110.431893189318941, -6.948469846984706 ] ], [ [ 110.429042904290426, -6.948469846984693 ], [ 110.429192919291935, -6.948544854485442 ], [ 110.429042904290426, -6.948544854485447 ], [ 110.429042904290426, -6.948469846984693 ] ], [ [ 110.418316831683171, -6.948694869486945 ], [ 110.418466846684666, -6.948544854485451 ], [ 110.418466846684666, -6.948694869486946 ], [ 110.418316831683171, -6.948694869486945 ] ], [ [ 110.428292829282924, -6.94914491449145 ], [ 110.428817881788177, -6.948619861986197 ], [ 110.428892889288932, -6.949144914491447 ], [ 110.428292829282924, -6.94914491449145 ] ], [ [ 110.42019201920192, -6.948844884488441 ], [ 110.420642064206419, -6.948694869486954 ], [ 110.420642064206419, -6.949144914491443 ], [ 110.42019201920192, -6.948844884488441 ] ], [ [ 110.432118211821177, -6.948919891989191 ], [ 110.43241824182418, -6.948694869486953 ], [ 110.432343234323426, -6.948919891989192 ], [ 110.432118211821177, -6.948919891989191 ] ], [ [ 110.417866786678672, -6.949069906990708 ], [ 110.418391839183911, -6.948844884488451 ], [ 110.418241824182417, -6.949144914491441 ], [ 110.417866786678672, -6.949069906990708 ] ], [ [ 110.431593159315952, -6.949369936993698 ], [ 110.431968196819682, -6.948994899489955 ], [ 110.432268226822686, -6.949669966996693 ], [ 110.431593159315952, -6.949369936993698 ] ], [ [ 110.426042604260431, -6.949519951995202 ], [ 110.42634263426342, -6.949294929492951 ], [ 110.426417641764175, -6.949594959495954 ], [ 110.426042604260431, -6.949519951995202 ] ], [ [ 110.417641764176423, -6.949594959495943 ], [ 110.418241824182417, -6.949369936993706 ], [ 110.418316831683171, -6.949519951995196 ], [ 110.417641764176423, -6.949594959495943 ] ], [ [ 110.405865586558662, -6.949819981998198 ], [ 110.406090609060911, -6.9496699669967 ], [ 110.406090609060911, -6.949819981998203 ], [ 110.405865586558662, -6.949819981998198 ] ], [ [ 110.427842784278425, -6.949894989498947 ], [ 110.42791779177918, -6.949819981998207 ], [ 110.42791779177918, -6.94989498949895 ], [ 110.427842784278425, -6.949894989498947 ] ], [ [ 110.429642964296434, -6.950195019501952 ], [ 110.429792979297929, -6.950120012001202 ], [ 110.429792979297929, -6.950195019501958 ], [ 110.429642964296434, -6.950195019501952 ] ], [ [ 110.429642964296434, -6.950870087008701 ], [ 110.431068106810685, -6.950495049504958 ], [ 110.430468046804677, -6.951395139513945 ], [ 110.429642964296434, -6.950870087008701 ] ], [ [ 110.406090609060911, -6.950270027002695 ], [ 110.406165616561651, -6.950195019501948 ], [ 110.406165616561651, -6.950270027002703 ], [ 110.406090609060911, -6.950270027002695 ] ], [ [ 110.431518151815183, -6.950720072007209 ], [ 110.432043204320436, -6.950345034503457 ], [ 110.432193219321931, -6.950645064506448 ], [ 110.431518151815183, -6.950720072007209 ] ], [ [ 110.410666066606666, -6.95049504950496 ], [ 110.410891089108915, -6.950420042004197 ], [ 110.410891089108915, -6.950495049504942 ], [ 110.410666066606666, -6.95049504950496 ] ], [ [ 110.427017701770183, -6.951245124512456 ], [ 110.428442844284433, -6.951470147014699 ], [ 110.428367836783679, -6.952145214521458 ], [ 110.427017701770183, -6.951245124512456 ] ], [ [ 110.412991299129914, -6.951095109510956 ], [ 110.413591359135907, -6.951170117011698 ], [ 110.412991299129914, -6.95132013201321 ], [ 110.412991299129914, -6.951095109510956 ] ], [ [ 110.412991299129914, -6.951620162016202 ], [ 110.416666666666671, -6.952295229522955 ], [ 110.412916291629159, -6.952145214521446 ], [ 110.412991299129914, -6.951620162016202 ] ], [ [ 110.407215721572157, -6.952295229522951 ], [ 110.407590759075902, -6.952220222022196 ], [ 110.407590759075902, -6.952670267026701 ], [ 110.407215721572157, -6.952295229522951 ] ], [ [ 110.427317731773172, -6.95199519951995 ], [ 110.427542754275422, -6.951995199519951 ], [ 110.427317731773172, -6.952145214521456 ], [ 110.427317731773172, -6.95199519951995 ] ], [ [ 110.398889888988919, -6.952070207020705 ], [ 110.398964896489645, -6.951995199519955 ], [ 110.398964896489645, -6.952070207020705 ], [ 110.398889888988919, -6.952070207020705 ] ], [ [ 110.42761776177619, -6.952520252025209 ], [ 110.42791779177918, -6.952445244524458 ], [ 110.42791779177918, -6.952520252025196 ], [ 110.42761776177619, -6.952520252025209 ] ], [ [ 110.426867686768674, -6.952670267026694 ], [ 110.427242724272432, -6.952595259525953 ], [ 110.427167716771677, -6.952745274527446 ], [ 110.426867686768674, -6.952670267026694 ] ], [ [ 110.403465346534659, -6.952820282028196 ], [ 110.40496549654965, -6.953345334533445 ], [ 110.4035403540354, -6.953570357035707 ], [ 110.403465346534659, -6.952820282028196 ] ], [ [ 110.406765676567659, -6.952820282028198 ], [ 110.407065706570663, -6.952745274527457 ], [ 110.406990699069908, -6.952970297029694 ], [ 110.406765676567659, -6.952820282028198 ] ], [ [ 110.41246624662466, -6.952745274527456 ], [ 110.41269126912691, -6.952895289528951 ], [ 110.41246624662466, -6.952970297029702 ], [ 110.41246624662466, -6.952745274527456 ] ], [ [ 110.407590759075902, -6.953120312031208 ], [ 110.407890789078905, -6.95282028202821 ], [ 110.40796579657966, -6.953270327032699 ], [ 110.407590759075902, -6.953120312031208 ] ], [ [ 110.424992499249925, -6.952895289528952 ], [ 110.425142514251419, -6.952745274527457 ], [ 110.425142514251419, -6.952895289528955 ], [ 110.424992499249925, -6.952895289528952 ] ], [ [ 110.428742874287423, -6.953420342034197 ], [ 110.42956795679568, -6.953045304530459 ], [ 110.429267926792676, -6.953645364536446 ], [ 110.428742874287423, -6.953420342034197 ] ], [ [ 110.413291329132917, -6.952970297029699 ], [ 110.413441344134412, -6.95289528952895 ], [ 110.413441344134412, -6.953045304530443 ], [ 110.413291329132917, -6.952970297029699 ] ], [ [ 110.412916291629159, -6.9534203420342 ], [ 110.413291329132917, -6.953195319531957 ], [ 110.413291329132917, -6.953495349534946 ], [ 110.412916291629159, -6.9534203420342 ] ], [ [ 110.41374137413743, -6.953120312031209 ], [ 110.413891389138911, -6.953045304530455 ], [ 110.413816381638171, -6.953270327032701 ], [ 110.41374137413743, -6.953120312031209 ] ], [ [ 110.418391839183911, -6.953345334533448 ], [ 110.41854185418542, -6.953045304530448 ], [ 110.418691869186929, -6.953345334533454 ], [ 110.418391839183911, -6.953345334533448 ] ], [ [ 110.420717071707173, -6.953120312031213 ], [ 110.420792079207928, -6.953045304530449 ], [ 110.420792079207928, -6.953120312031195 ], [ 110.420717071707173, -6.953120312031213 ] ], [ [ 110.426717671767179, -6.95312031203121 ], [ 110.427167716771677, -6.953345334533455 ], [ 110.426717671767179, -6.953195319531961 ], [ 110.426717671767179, -6.95312031203121 ] ], [ [ 110.427467746774681, -6.953120312031198 ], [ 110.427542754275422, -6.953045304530445 ], [ 110.427542754275422, -6.953120312031203 ], [ 110.427467746774681, -6.953120312031198 ] ], [ [ 110.41404140414042, -6.953645364536445 ], [ 110.41576657665766, -6.953570357035701 ], [ 110.416141614161418, -6.954695469546959 ], [ 110.41404140414042, -6.953645364536445 ] ], [ [ 110.420942094209423, -6.953195319531956 ], [ 110.421017101710191, -6.9531203120312 ], [ 110.421017101710191, -6.953195319531958 ], [ 110.420942094209423, -6.953195319531956 ] ], [ [ 110.409240924092416, -6.953870387038704 ], [ 110.410216021602167, -6.953495349534948 ], [ 110.410066006600658, -6.954095409540946 ], [ 110.409765976597669, -6.953870387038698 ], [ 110.409240924092416, -6.953870387038704 ] ], [ [ 110.410291029102908, -6.953270327032701 ], [ 110.411266126612659, -6.953570357035707 ], [ 110.414791479147908, -6.955970597059705 ], [ 110.411641164116418, -6.95597059705971 ], [ 110.411116111611179, -6.954695469546959 ], [ 110.410591059105911, -6.955370537053709 ], [ 110.410291029102908, -6.953270327032701 ] ], [ [ 110.413516351635167, -6.953495349534952 ], [ 110.413666366636662, -6.953420342034199 ], [ 110.413666366636662, -6.953495349534945 ], [ 110.413516351635167, -6.953495349534952 ] ], [ [ 110.413666366636662, -6.953720372037207 ], [ 110.41434143414341, -6.953945394539447 ], [ 110.41269126912691, -6.953870387038704 ], [ 110.413666366636662, -6.953720372037207 ] ], [ [ 110.413366336633658, -6.953645364536451 ], [ 110.413441344134412, -6.953570357035707 ], [ 110.413441344134412, -6.953645364536459 ], [ 110.413366336633658, -6.953645364536451 ] ], [ [ 110.409465946594679, -6.954020402040199 ], [ 110.409540954095405, -6.953945394539455 ], [ 110.409540954095405, -6.954020402040195 ], [ 110.409465946594679, -6.954020402040199 ] ], [ [ 110.398889888988919, -6.954545454545461 ], [ 110.399789978997902, -6.954395439543956 ], [ 110.398889888988919, -6.954695469546952 ], [ 110.398889888988919, -6.954545454545461 ] ], [ [ 110.41104110411041, -6.955595559555961 ], [ 110.411116111611179, -6.955445544554451 ], [ 110.411191119111905, -6.955595559555949 ], [ 110.41104110411041, -6.955595559555961 ] ], [ [ 110.41576657665766, -6.956495649564959 ], [ 110.416141614161418, -6.95634563456345 ], [ 110.415991599159909, -6.956720672067198 ], [ 110.41576657665766, -6.956495649564959 ] ], [ [ 110.419516951695172, -6.956870687068707 ], [ 110.420042004200425, -6.956720672067197 ], [ 110.42019201920192, -6.957020702070209 ], [ 110.419516951695172, -6.956870687068707 ] ], [ [ 110.420642064206419, -6.95702070207021 ], [ 110.420717071707173, -6.956945694569455 ], [ 110.420717071707173, -6.957020702070206 ], [ 110.420642064206419, -6.95702070207021 ] ], [ [ 110.420792079207928, -6.957170717071716 ], [ 110.420867086708668, -6.957095709570956 ], [ 110.420867086708668, -6.957170717071711 ], [ 110.420792079207928, -6.957170717071716 ] ], [ [ 110.421017101710191, -6.957245724572452 ], [ 110.421167116711672, -6.957170717071708 ], [ 110.421167116711672, -6.957245724572451 ], [ 110.421017101710191, -6.957245724572452 ] ], [ [ 110.417266726672665, -6.957470747074709 ], [ 110.417641764176423, -6.957245724572458 ], [ 110.417566756675669, -6.957545754575455 ], [ 110.417266726672665, -6.957470747074709 ] ], [ [ 110.415841584158414, -6.958145814581456 ], [ 110.416216621662173, -6.95799579957996 ], [ 110.416141614161418, -6.958220822082206 ], [ 110.415841584158414, -6.958145814581456 ] ] ] } },
{ "type": "Feature", "properties": { "year": 2050, "layer": "atrisk" }, "geometry": { "type": "Polygon", "coordinates": [ [ [ 110.396189618961898, -6.956045604560456 ], [ 110.394539453945399, -6.957470747074703 ], [ 110.394464446444644, -6.959720972097214 ], [ 110.395889588958909, -6.959720972097205 ], [ 110.395139513951392, -6.957395739573952 ], [ 110.396189618961898, -6.956045604560456 ] ] ] } },
{ "type": "Feature", "properties": { "year": 2050, "layer": "atrisk" }, "geometry": { "type": "Polygon", "coordinates": [ [ [ 110.319456945694569, -6.938268826882693 ], [ 110.312406240624057, -6.943744374437443 ], [ 110.318181818181813, -6.952970297029702 ], [ 110.318856885688575, -6.952145214521453 ], [ 110.319831983198313, -6.954470447044705 ], [ 110.327557755775572, -6.958595859585952 ], [ 110.333558355835578, -6.95972097209721 ], [ 110.359735973597353, -6.959720972097204 ], [ 110.359810981098107, -6.956270627062708 ], [ 110.359960996099616, -6.956195619561962 ], [ 110.359810981098107, -6.959720972097218 ], [ 110.392814281428144, -6.959270927092706 ], [ 110.387638763876382, -6.957995799579964 ], [ 110.386213621362131, -6.959195919591964 ], [ 110.386438643864381, -6.957845784578451 ], [ 110.384638463846386, -6.958220822082199 ], [ 110.382013201320149, -6.954620462046197 ], [ 110.363036303630366, -6.9543204320432 ], [ 110.349309930993115, -6.952220222022198 ], [ 110.344884488448841, -6.949144914491447 ], [ 110.327632763276327, -6.942844284428435 ], [ 110.319456945694569, -6.938268826882693 ] ], [ [ 110.323957395739569, -6.946594659465949 ], [ 110.324632463246331, -6.946294629462946 ], [ 110.324632463246331, -6.946444644464441 ], [ 110.323957395739569, -6.946594659465949 ] ], [ [ 110.324107410741078, -6.947194719471954 ], [ 110.324482448244822, -6.946819681968191 ], [ 110.324482448244822, -6.94704470447044 ], [ 110.324107410741078, -6.947194719471954 ] ], [ [ 110.319081908190824, -6.951095109510947 ], [ 110.319231923192319, -6.951245124512448 ], [ 110.319081908190824, -6.951245124512448 ], [ 110.319081908190824, -6.951095109510947 ] ], [ [ 110.319606960696063, -6.951170117011701 ], [ 110.319831983198313, -6.9511701170117 ], [ 110.319606960696063, -6.951245124512448 ], [ 110.319606960696063, -6.951170117011701 ] ], [ [ 110.319531953195323, -6.951395139513942 ], [ 110.319606960696063, -6.951245124512448 ], [ 110.319606960696063, -6.951395139513947 ], [ 110.319531953195323, -6.951395139513942 ] ], [ [ 110.319456945694569, -6.951470147014703 ], [ 110.319531953195323, -6.951395139513942 ], [ 110.319531953195323, -6.951470147014701 ], [ 110.319456945694569, -6.951470147014703 ] ], [ [ 110.318856885688575, -6.952145214521453 ], [ 110.318931893189315, -6.952070207020708 ], [ 110.318931893189315, -6.952145214521447 ], [ 110.318856885688575, -6.952145214521453 ] ], [ [ 110.318331833183322, -6.952595259525944 ], [ 110.318406840684062, -6.952520252025193 ], [ 110.318406840684062, -6.952595259525943 ], [ 110.318331833183322, -6.952595259525944 ] ], [ [ 110.355760576057605, -6.954620462046201 ], [ 110.359435943594363, -6.954545454545448 ], [ 110.359360936093609, -6.955970597059709 ], [ 110.359135913591359, -6.954695469546957 ], [ 110.355760576057605, -6.954620462046201 ] ], [ [ 110.375337533753381, -6.955145514551451 ], [ 110.37578757875788, -6.954770477047704 ], [ 110.37578757875788, -6.954920492049212 ], [ 110.375337533753381, -6.955145514551451 ] ], [ [ 110.360636063606364, -6.95589558955896 ], [ 110.363186318631875, -6.954845484548454 ], [ 110.363261326132616, -6.954995499549958 ], [ 110.360636063606364, -6.95589558955896 ] ], [ [ 110.364236423642367, -6.95499549954995 ], [ 110.374962496249623, -6.954920492049196 ], [ 110.374512451245124, -6.955370537053702 ], [ 110.371512151215128, -6.955370537053711 ], [ 110.371212121212125, -6.956120612061198 ], [ 110.370987098709875, -6.955145514551456 ], [ 110.368961896189617, -6.955220522052208 ], [ 110.367761776177616, -6.956495649564955 ], [ 110.367611761176121, -6.955970597059709 ], [ 110.367161716171637, -6.95574557455746 ], [ 110.364236423642367, -6.95499549954995 ] ], [ [ 110.359810981098107, -6.955745574557453 ], [ 110.360186018601865, -6.955520552055212 ], [ 110.359960996099616, -6.956120612061213 ], [ 110.359810981098107, -6.955745574557453 ] ], [ [ 110.374962496249623, -6.955145514551461 ], [ 110.375037503750377, -6.954995499549956 ], [ 110.375037503750377, -6.955145514551461 ], [ 110.374962496249623, -6.955145514551461 ] ], [ [ 110.375337533753381, -6.95529552955296 ], [ 110.376162616261624, -6.955070507050698 ], [ 110.376012601260129, -6.955445544554455 ], [ 110.375337533753381, -6.95529552955296 ] ], [ [ 110.374887488748868, -6.95529552955296 ], [ 110.374962496249623, -6.955220522052215 ], [ 110.374962496249623, -6.955295529552952 ], [ 110.374887488748868, -6.95529552955296 ] ], [ [ 110.360411041104115, -6.955370537053713 ], [ 110.360561056105624, -6.955295529552949 ], [ 110.360561056105624, -6.955370537053709 ], [ 110.360411041104115, -6.955370537053713 ] ], [ [ 110.370462046204636, -6.956195619561957 ], [ 110.370537053705377, -6.955820582058199 ], [ 110.370687068706872, -6.956045604560453 ], [ 110.370462046204636, -6.956195619561957 ] ], [ [ 110.365736573657372, -6.956045604560458 ], [ 110.366261626162611, -6.955895589558955 ], [ 110.366336633663366, -6.9561206120612 ], [ 110.365736573657372, -6.956045604560458 ] ], [ [ 110.368661866186613, -6.955895589558957 ], [ 110.368811881188137, -6.955820582058205 ], [ 110.368811881188137, -6.955895589558957 ], [ 110.368661866186613, -6.955895589558957 ] ], [ [ 110.364311431143108, -6.956270627062702 ], [ 110.365661566156618, -6.955970597059699 ], [ 110.365736573657372, -6.956570657065711 ], [ 110.364311431143108, -6.956270627062702 ] ], [ [ 110.367386738673872, -6.9561206120612 ], [ 110.367461746174627, -6.956045604560457 ], [ 110.367461746174627, -6.956120612061206 ], [ 110.367386738673872, -6.9561206120612 ] ], [ [ 110.370087008700864, -6.95642064206421 ], [ 110.370312031203127, -6.956195619561952 ], [ 110.370312031203127, -6.956270627062702 ], [ 110.370087008700864, -6.95642064206421 ] ], [ [ 110.370987098709875, -6.956345634563453 ], [ 110.371062106210616, -6.956270627062703 ], [ 110.371062106210616, -6.956345634563465 ], [ 110.370987098709875, -6.956345634563453 ] ], [ [ 110.367236723672363, -6.956495649564955 ], [ 110.367386738673872, -6.956420642064201 ], [ 110.367386738673872, -6.956495649564957 ], [ 110.367236723672363, -6.956495649564955 ] ], [ [ 110.361911191119106, -6.957320732073204 ], [ 110.362736273627362, -6.957245724572453 ], [ 110.36198619861986, -6.957470747074716 ], [ 110.361911191119106, -6.957320732073204 ] ], [ [ 110.366861686168619, -6.957020702070209 ], [ 110.367761776177616, -6.957770777077701 ], [ 110.366786678667864, -6.957620762076209 ], [ 110.366861686168619, -6.957020702070209 ] ], [ [ 110.361536153615376, -6.957395739573952 ], [ 110.361611161116116, -6.957320732073205 ], [ 110.361611161116116, -6.957395739573963 ], [ 110.361536153615376, -6.957395739573952 ] ], [ [ 110.387563756375641, -6.958370837083701 ], [ 110.387788778877891, -6.958295829582959 ], [ 110.387788778877891, -6.958370837083717 ], [ 110.387563756375641, -6.958370837083701 ] ], [ [ 110.359135913591359, -6.959645964596459 ], [ 110.359210921092114, -6.959270927092706 ], [ 110.359210921092114, -6.959645964596454 ], [ 110.359135913591359, -6.959645964596459 ] ], [ [ 110.359885988598876, -6.959420942094209 ], [ 110.360111011101111, -6.959345934593461 ], [ 110.360111011101111, -6.959570957095707 ], [ 110.359885988598876, -6.959420942094209 ] ] ] } }
]
}
