{
"type": "FeatureCollection",
"name": "atrisk_2039",
"crs": { "type": "name", "properties": { "name": "urn:ogc:def:crs:OGC:1.3:CRS84" } },
"features": [
{ "type": "Feature", "properties": { "year": 2039, "layer": "atrisk" }, "geometry": { "type": "Polygon", "coordinates": [ [ [ 110.57680768076807, -6.75 ], [ 110.572757275727568, -6.750600060005993 ], [ 110.57680768076807, -6.750075007500755 ], [ 110.57680768076807, -6.75 ] ] ] } },
{ "type": "Feature", "properties": { "year": 2039, "layer": "atrisk" }, "geometry": { "type": "Polygon", "coordinates": [ [ [ 110.53990399039904, -6.750750075007499 ], [ 110.539678967896791, -6.751275127512749 ], [ 110.540279027902784, -6.751500150015008 ], [ 110.53990399039904, -6.750750075007499 ] ] ] } },
{ "type": "Feature", "properties": { "year": 2039, "layer": "atrisk" }, "geometry": { "type": "Polygon", "coordinates": [ [ [ 110.583858385838596, -6.750900090009003 ], [ 110.58280828082809, -6.751200120011998 ], [ 110.58280828082809, -6.752025202520256 ], [ 110.583333333333329, -6.751950195019509 ], [ 110.583858385838596, -6.750900090009003 ] ] ] } },
{ "type": "Feature", "properties": { "year": 2039, "layer": "atrisk" }, "geometry": { "type": "Polygon", "coordinates": [ [ [ 110.564056405640585, -6.75 ], [ 110.566981698169812, -6.752250225022503 ], [ 110.571707170717076, -6.750150015001493 ], [ 110.571707170717076, -6.75 ], [ 110.564056405640585, -6.75 ] ] ] } },
{ "type": "Feature", "properties": { "year": 2039, "layer": "atrisk" }, "geometry": { "type": "Polygon", "coordinates": [ [ [ 110.584458445844589, -6.752100210020992 ], [ 110.583633363336332, -6.752850285028502 ], [ 110.583408340834083, -6.753750375037506 ], [ 110.584458445844589, -6.753600360036009 ], [ 110.584458445844589, -6.752100210020992 ] ] ] } },
{ "type": "Feature", "properties": { "year": 2039, "layer": "atrisk" }, "geometry": { "type": "Polygon", "coordinates": [ [ [ 110.580558055805596, -6.752625262526255 ], [ 110.578007800780071, -6.753000300030009 ], [ 110.577857785778576, -6.753900390039011 ], [ 110.581008100810081, -6.753900390038996 ], [ 110.580558055805596, -6.752625262526255 ] ] ] } },
{ "type": "Feature", "properties": { "year": 2039, "layer": "atrisk" }, "geometry": { "type": "Polygon", "coordinates": [ [ [ 110.571707170717076, -6.753300330032997 ], [ 110.570732073207324, -6.754125412541248 ], [ 110.571632163216336, -6.754125412541248 ], [ 110.571707170717076, -6.753300330032997 ] ] ] } },
{ "type": "Feature", "properties": { "year": 2039, "layer": "atrisk" }, "geometry": { "type": "Polygon", "coordinates": [ [ [ 110.583033303330339, -6.753300330033002 ], [ 110.582058205820587, -6.75247524752475 ], [ 110.582358235823577, -6.754275427542747 ], [ 110.583033303330339, -6.753300330033002 ] ] ] } },
{ "type": "Feature", "properties": { "year": 2039, "layer": "atrisk" }, "geometry": { "type": "Polygon", "coordinates": [ [ [ 110.569681968196818, -6.754050405040497 ], [ 110.568406840684062, -6.754275427542751 ], [ 110.569531953195323, -6.75465046504651 ], [ 110.569681968196818, -6.754050405040497 ] ] ] } },
{ "type": "Feature", "properties": { "year": 2039, "layer": "atrisk" }, "geometry": { "type": "Polygon", "coordinates": [ [ [ 110.541104110411041, -6.75 ], [ 110.545829582958291, -6.75592559255925 ], [ 110.547479747974791, -6.755700570057004 ], [ 110.543429342934289, -6.75 ], [ 110.541104110411041, -6.75 ] ] ] } },
{ "type": "Feature", "properties": { "year": 2039, "layer": "atrisk" }, "geometry": { "type": "Polygon", "coordinates": [ [ [ 110.549504950495063, -6.756300630063011 ], [ 110.548829882988301, -6.756450645064513 ], [ 110.549354935493554, -6.756675667566754 ], [ 110.549504950495063, -6.756300630063011 ] ] ] } },
{ "type": "Feature", "properties": { "year": 2039, "layer": "atrisk" }, "geometry": { "type": "Polygon", "coordinates": [ [ [ 110.571407140714072, -6.756525652565255 ], [ 110.569981998199836, -6.757425742574261 ], [ 110.570057005700576, -6.758775877587755 ], [ 110.571407140714072, -6.757725772577253 ], [ 110.571407140714072, -6.756525652565255 ] ] ] } },
{ "type": "Feature", "properties": { "year": 2039, "layer": "atrisk" }, "geometry": { "type": "Polygon", "coordinates": [ [ [ 110.547254725472541, -6.759075907590766 ], [ 110.546354635463544, -6.759900990099009 ], [ 110.546654665466548, -6.760126012601257 ], [ 110.547254725472541, -6.759075907590766 ] ] ] } },
{ "type": "Feature", "properties": { "year": 2039, "layer": "atrisk" }, "geometry": { "type": "Polygon", "coordinates": [ [ [ 110.577482748274832, -6.759675967596768 ], [ 110.577932793279345, -6.761326132613258 ], [ 110.578457845784584, -6.761401140114007 ], [ 110.578607860786079, -6.759975997599751 ], [ 110.577482748274832, -6.759675967596768 ] ] ] } },
{ "type": "Feature", "properties": { "year": 2039, "layer": "atrisk" }, "geometry": { "type": "Polygon", "coordinates": [ [ [ 110.566756675667563, -6.759225922592256 ], [ 110.565631563156316, -6.759975997599761 ], [ 110.566231623162309, -6.761551155115503 ], [ 110.567206720672061, -6.760276027602756 ], [ 110.566756675667563, -6.759225922592256 ] ] ] } },
{ "type": "Feature", "properties": { "year": 2039, "layer": "atrisk" }, "geometry": { "type": "Polygon", "coordinates": [ [ [ 110.555955595559553, -6.761176117611768 ], [ 110.554905490549061, -6.762376237623767 ], [ 110.555655565556549, -6.762526252625259 ], [ 110.555955595559553, -6.761176117611768 ] ] ] } },
{ "type": "Feature", "properties": { "year": 2039, "layer": "atrisk" }, "geometry": { "type": "Polygon", "coordinates": [ [ [ 110.58423342334234, -6.754275427542751 ], [ 110.582058205820587, -6.757725772577265 ], [ 110.582583258325826, -6.759000900090013 ], [ 110.581533153315334, -6.757575757575752 ], [ 110.57508250825083, -6.757200720072002 ], [ 110.574782478247826, -6.755550555055503 ], [ 110.572982298229817, -6.755850585058509 ], [ 110.572157215721575, -6.756450645064502 ], [ 110.57515751575157, -6.757425742574257 ], [ 110.574107410741078, -6.759900990099014 ], [ 110.576882688268824, -6.759000900090016 ], [ 110.582433243324331, -6.760501050105007 ], [ 110.583633363336332, -6.763726372637266 ], [ 110.58423342334234, -6.754275427542751 ] ] ] } },
{ "type": "Feature", "properties": { "year": 2039, "layer": "atrisk" }, "geometry": { "type": "Polygon", "coordinates": [ [ [ 110.568706870687066, -6.763876387638763 ], [ 110.569006900690084, -6.763126312631258 ], [ 110.566381638163818, -6.763501350135004 ], [ 110.568706870687066, -6.763876387638763 ] ] ] } },
{ "type": "Feature", "properties": { "year": 2039, "layer": "atrisk" }, "geometry": { "type": "Polygon", "coordinates": [ [ [ 110.576432643264326, -6.759825982598252 ], [ 110.572307230723084, -6.761626162616257 ], [ 110.574932493249335, -6.76125112511251 ], [ 110.575457545754574, -6.762826282628267 ], [ 110.573057305730572, -6.763051305130517 ], [ 110.570657065706584, -6.764176417641769 ], [ 110.575607560756069, -6.764326432643267 ], [ 110.575457545754574, -6.769951995199527 ], [ 110.576882688268824, -6.770627062706262 ], [ 110.576057605760582, -6.768976897689773 ], [ 110.577407740774078, -6.767551755175523 ], [ 110.578082808280826, -6.770627062706263 ], [ 110.575532553255329, -6.771452145214529 ], [ 110.575457545754574, -6.770402040204012 ], [ 110.575232523252325, -6.773477347734771 ], [ 110.572982298229817, -6.77475247524752 ], [ 110.569456945694569, -6.775202520252023 ], [ 110.568331833183322, -6.775952595259531 ], [ 110.56593159315932, -6.784428442844288 ], [ 110.565706570657085, -6.787203720372032 ], [ 110.566681668166822, -6.787728772877283 ], [ 110.566981698169812, -6.788253825382541 ], [ 110.565331533153312, -6.78795379537953 ], [ 110.562706270627075, -6.792904290429049 ], [ 110.564806480648059, -6.795529552955299 ], [ 110.567281728172816, -6.792679267926785 ], [ 110.565406540654067, -6.796054605460551 ], [ 110.569156915691565, -6.795229522952286 ], [ 110.569756975697572, -6.798154815481551 ], [ 110.566981698169812, -6.797779777977794 ], [ 110.566456645664573, -6.798379837983795 ], [ 110.566681668166822, -6.797779777977802 ], [ 110.566081608160815, -6.797404740474056 ], [ 110.565706570657085, -6.797479747974804 ], [ 110.565181518151817, -6.797104710471053 ], [ 110.565031503150323, -6.797029702970294 ], [ 110.564881488148814, -6.797029702970291 ], [ 110.565181518151817, -6.796504650465053 ], [ 110.565631563156316, -6.797104710471056 ], [ 110.566456645664573, -6.797329732973296 ], [ 110.565331533153312, -6.796354635463551 ], [ 110.561881188118818, -6.795004500450043 ], [ 110.559555955595556, -6.798154815481547 ], [ 110.55985598559856, -6.800330033003299 ], [ 110.56128112811281, -6.799054905490548 ], [ 110.560081008100823, -6.800930093009298 ], [ 110.560231023102304, -6.801830183018302 ], [ 110.562181218121808, -6.800855085508553 ], [ 110.561731173117323, -6.8018301830183 ], [ 110.562706270627075, -6.802280228022807 ], [ 110.563981398139816, -6.802055205520548 ], [ 110.563906390639062, -6.802730273027303 ], [ 110.569831983198327, -6.807155715571555 ], [ 110.567731773177314, -6.806405640564052 ], [ 110.566606660666068, -6.807830783078305 ], [ 110.566456645664573, -6.808430843084306 ], [ 110.568031803180318, -6.809780978097809 ], [ 110.567881788178823, -6.810081008100815 ], [ 110.56293129312931, -6.8046804680468 ], [ 110.566381638163818, -6.807830783078317 ], [ 110.567206720672061, -6.806780678067814 ], [ 110.566906690669072, -6.806180618061799 ], [ 110.567431743174311, -6.805805580558061 ], [ 110.560231023102304, -6.801980198019796 ], [ 110.560081008100823, -6.803705370537059 ], [ 110.556705670567055, -6.805880588058803 ], [ 110.554230423042299, -6.809030903090314 ], [ 110.56293129312931, -6.816006600660069 ], [ 110.563531353135318, -6.81345634563457 ], [ 110.568931893189315, -6.812181218121803 ], [ 110.568256825682568, -6.811356135613554 ], [ 110.569456945694569, -6.811956195619564 ], [ 110.571182118211823, -6.811281128112814 ], [ 110.577257725772597, -6.807080708070805 ], [ 110.581533153315334, -6.801530153015299 ], [ 110.582358235823577, -6.799879987998802 ], [ 110.582283228322837, -6.799654965496553 ], [ 110.582433243324331, -6.799654965496546 ], [ 110.583108310831079, -6.798004800480045 ], [ 110.583933393339336, -6.795154515451541 ], [ 110.584458445844589, -6.791779177917794 ], [ 110.582058205820587, -6.790279027902787 ], [ 110.58145814581458, -6.79365436543655 ], [ 110.581533153315334, -6.789978997899788 ], [ 110.578757875787574, -6.788703870387039 ], [ 110.582133213321328, -6.789528952895292 ], [ 110.584458445844589, -6.791404140414036 ], [ 110.584608460846084, -6.770702070207022 ], [ 110.581908190819078, -6.77070207020702 ], [ 110.582958295829584, -6.76650165016502 ], [ 110.581908190819078, -6.767326732673271 ], [ 110.582133213321328, -6.764476447644761 ], [ 110.579732973297325, -6.763951395139514 ], [ 110.583858385838596, -6.764851485148519 ], [ 110.58423342334234, -6.764101410141012 ], [ 110.581158115811576, -6.762601260126014 ], [ 110.576057605760582, -6.762901290129014 ], [ 110.576432643264326, -6.759825982598252 ] ], [ [ 110.576957695769579, -6.764776477647773 ], [ 110.577707770777081, -6.765301530153012 ], [ 110.576957695769579, -6.765826582658267 ], [ 110.576957695769579, -6.764776477647773 ] ], [ [ 110.570357035703566, -6.775277527752782 ], [ 110.570582058205815, -6.775127512751276 ], [ 110.570582058205815, -6.775277527752783 ], [ 110.570357035703566, -6.775277527752782 ] ], [ [ 110.571107110711068, -6.77535253525352 ], [ 110.571182118211823, -6.775202520252019 ], [ 110.571182118211823, -6.775352535253528 ], [ 110.571107110711068, -6.77535253525352 ] ], [ [ 110.569756975697572, -6.775877587758781 ], [ 110.570132013201317, -6.775577557755772 ], [ 110.570132013201317, -6.77580258025802 ], [ 110.569756975697572, -6.775877587758781 ] ], [ [ 110.569606960696063, -6.775802580258032 ], [ 110.569681968196818, -6.775577557755778 ], [ 110.569681968196818, -6.775802580258028 ], [ 110.569606960696063, -6.775802580258032 ] ], [ [ 110.568931893189315, -6.776027602760282 ], [ 110.569081908190824, -6.775652565256532 ], [ 110.569006900690084, -6.776027602760269 ], [ 110.568931893189315, -6.776027602760282 ] ], [ [ 110.569231923192319, -6.775877587758786 ], [ 110.569456945694569, -6.775802580258032 ], [ 110.569231923192319, -6.776177617761784 ], [ 110.569231923192319, -6.775877587758786 ] ], [ [ 110.568706870687066, -6.775877587758782 ], [ 110.568781878187821, -6.775802580258024 ], [ 110.568781878187821, -6.775877587758775 ], [ 110.568706870687066, -6.775877587758782 ] ], [ [ 110.568631863186312, -6.776252625262527 ], [ 110.568781878187821, -6.776402640264031 ], [ 110.568631863186312, -6.776552655265528 ], [ 110.568631863186312, -6.776252625262527 ] ], [ [ 110.569756975697572, -6.776327632763282 ], [ 110.569831983198327, -6.776102610261017 ], [ 110.569831983198327, -6.776327632763279 ], [ 110.569756975697572, -6.776327632763282 ] ], [ [ 110.570657065706584, -6.776552655265534 ], [ 110.571032103210328, -6.776252625262534 ], [ 110.570882088208819, -6.776702670267034 ], [ 110.570657065706584, -6.776552655265534 ] ], [ [ 110.578457845784584, -6.776177617761778 ], [ 110.583333333333329, -6.778202820282023 ], [ 110.584458445844589, -6.780078007800785 ], [ 110.581008100810081, -6.77947794779478 ], [ 110.578457845784584, -6.776177617761778 ] ], [ [ 110.568931893189315, -6.776327632763272 ], [ 110.569081908190824, -6.776477647764779 ], [ 110.568931893189315, -6.776627662766278 ], [ 110.568931893189315, -6.776327632763272 ] ], [ [ 110.569681968196818, -6.776477647764777 ], [ 110.569756975697572, -6.776327632763282 ], [ 110.569756975697572, -6.776477647764777 ], [ 110.569681968196818, -6.776477647764777 ] ], [ [ 110.570357035703566, -6.776552655265521 ], [ 110.570507050705075, -6.776327632763272 ], [ 110.57043204320432, -6.776552655265527 ], [ 110.570357035703566, -6.776552655265521 ] ], [ [ 110.569156915691565, -6.776702670267026 ], [ 110.569231923192319, -6.776402640264023 ], [ 110.569231923192319, -6.776702670267025 ], [ 110.569156915691565, -6.776702670267026 ] ], [ [ 110.570357035703566, -6.776777677767772 ], [ 110.570507050705075, -6.776927692769283 ], [ 110.570282028202826, -6.777152715271523 ], [ 110.570357035703566, -6.776777677767772 ] ], [ [ 110.570207020702071, -6.776927692769282 ], [ 110.570282028202826, -6.776777677767767 ], [ 110.570282028202826, -6.776927692769271 ], [ 110.570207020702071, -6.776927692769282 ] ], [ [ 110.570582058205815, -6.776927692769271 ], [ 110.570732073207324, -6.77677767776778 ], [ 110.570657065706584, -6.776927692769282 ], [ 110.570582058205815, -6.776927692769271 ] ], [ [ 110.570882088208819, -6.776927692769282 ], [ 110.570957095709574, -6.776852685268523 ], [ 110.570957095709574, -6.776927692769275 ], [ 110.570882088208819, -6.776927692769282 ] ], [ [ 110.570132013201317, -6.777077707770777 ], [ 110.570207020702071, -6.776927692769282 ], [ 110.570207020702071, -6.777077707770785 ], [ 110.570132013201317, -6.777077707770777 ] ], [ [ 110.570807080708065, -6.777077707770782 ], [ 110.570882088208819, -6.777002700270025 ], [ 110.570882088208819, -6.777077707770776 ], [ 110.570807080708065, -6.777077707770782 ] ], [ [ 110.570507050705075, -6.777152715271534 ], [ 110.570582058205815, -6.777077707770784 ], [ 110.570582058205815, -6.777152715271525 ], [ 110.570507050705075, -6.777152715271534 ] ], [ [ 110.569981998199836, -6.777602760276022 ], [ 110.570357035703566, -6.777377737773786 ], [ 110.570132013201317, -6.777827782778283 ], [ 110.569981998199836, -6.777602760276022 ] ], [ [ 110.570657065706584, -6.77752775277528 ], [ 110.570882088208819, -6.777452745274535 ], [ 110.570957095709574, -6.777677767776771 ], [ 110.570882088208819, -6.777602760276028 ], [ 110.570732073207324, -6.777602760276032 ], [ 110.570732073207324, -6.777527752775281 ], [ 110.570657065706584, -6.77752775277528 ] ], [ [ 110.57043204320432, -6.777602760276035 ], [ 110.570657065706584, -6.77767776777678 ], [ 110.570357035703566, -6.777977797779783 ], [ 110.57043204320432, -6.777602760276035 ] ], [ [ 110.569756975697572, -6.777677767776779 ], [ 110.569831983198327, -6.777602760276022 ], [ 110.569831983198327, -6.777677767776773 ], [ 110.569756975697572, -6.777677767776779 ] ], [ [ 110.570807080708065, -6.77775277527753 ], [ 110.570882088208819, -6.777677767776777 ], [ 110.570882088208819, -6.777752775277531 ], [ 110.570807080708065, -6.77775277527753 ] ], [ [ 110.568931893189315, -6.777827782778282 ], [ 110.569006900690084, -6.777752775277528 ], [ 110.569006900690084, -6.777827782778283 ], [ 110.568931893189315, -6.777827782778282 ] ], [ [ 110.568856885688575, -6.777902790279034 ], [ 110.568931893189315, -6.777827782778282 ], [ 110.568931893189315, -6.777902790279027 ], [ 110.568856885688575, -6.777902790279034 ] ], [ [ 110.569156915691565, -6.777827782778273 ], [ 110.569681968196818, -6.778127812781276 ], [ 110.569156915691565, -6.778052805280531 ], [ 110.569006900690084, -6.778427842784274 ], [ 110.569156915691565, -6.777827782778273 ] ], [ [ 110.569756975697572, -6.778052805280524 ], [ 110.569831983198327, -6.777902790279032 ], [ 110.569831983198327, -6.778052805280522 ], [ 110.569756975697572, -6.778052805280524 ] ], [ [ 110.568781878187821, -6.778052805280527 ], [ 110.568931893189315, -6.777977797779781 ], [ 110.568931893189315, -6.778052805280522 ], [ 110.568781878187821, -6.778052805280527 ] ], [ [ 110.570132013201317, -6.778052805280524 ], [ 110.570207020702071, -6.777977797779784 ], [ 110.570207020702071, -6.778052805280534 ], [ 110.570132013201317, -6.778052805280524 ] ], [ [ 110.569831983198327, -6.778352835283526 ], [ 110.570057005700576, -6.778052805280534 ], [ 110.569906990699067, -6.778352835283534 ], [ 110.569831983198327, -6.778352835283526 ] ], [ [ 110.568781878187821, -6.778352835283531 ], [ 110.568856885688575, -6.778127812781278 ], [ 110.568856885688575, -6.778352835283528 ], [ 110.568781878187821, -6.778352835283531 ] ], [ [ 110.570057005700576, -6.778277827782771 ], [ 110.570132013201317, -6.778127812781281 ], [ 110.570132013201317, -6.778277827782782 ], [ 110.570057005700576, -6.778277827782771 ] ], [ [ 110.570207020702071, -6.778352835283521 ], [ 110.570357035703566, -6.778127812781271 ], [ 110.570282028202826, -6.778352835283526 ], [ 110.570207020702071, -6.778352835283521 ] ], [ [ 110.570357035703566, -6.778652865286538 ], [ 110.570582058205815, -6.778202820282024 ], [ 110.570507050705075, -6.778652865286523 ], [ 110.570357035703566, -6.778652865286538 ] ], [ [ 110.568331833183322, -6.778952895289534 ], [ 110.568781878187821, -6.778352835283531 ], [ 110.568706870687066, -6.778877887788775 ], [ 110.568331833183322, -6.778952895289534 ] ], [ [ 110.569531953195323, -6.778352835283532 ], [ 110.569606960696063, -6.778277827782786 ], [ 110.569606960696063, -6.778352835283534 ], [ 110.569531953195323, -6.778352835283532 ] ], [ [ 110.569156915691565, -6.778502850285026 ], [ 110.569231923192319, -6.778352835283528 ], [ 110.569231923192319, -6.77850285028503 ], [ 110.569156915691565, -6.778502850285026 ] ], [ [ 110.568706870687066, -6.779102910291027 ], [ 110.569006900690084, -6.778652865286536 ], [ 110.568856885688575, -6.779102910291023 ], [ 110.568706870687066, -6.779102910291027 ] ], [ [ 110.569306930693074, -6.778502850285022 ], [ 110.569381938193814, -6.778427842784271 ], [ 110.569381938193814, -6.778502850285021 ], [ 110.569306930693074, -6.778502850285022 ] ], [ [ 110.568031803180318, -6.78180318031803 ], [ 110.569831983198327, -6.778652865286524 ], [ 110.568856885688575, -6.780828082808288 ], [ 110.569456945694569, -6.780078007800779 ], [ 110.569681968196818, -6.780378037803779 ], [ 110.569006900690084, -6.782103210321036 ], [ 110.571032103210328, -6.783078307830782 ], [ 110.572007200720066, -6.783228322832279 ], [ 110.573357335733576, -6.785103510351032 ], [ 110.572457245724578, -6.783978397839778 ], [ 110.568031803180318, -6.78180318031803 ] ], [ [ 110.569081908190824, -6.778727872787286 ], [ 110.569156915691565, -6.778577857785771 ], [ 110.569156915691565, -6.778727872787278 ], [ 110.569081908190824, -6.778727872787286 ] ], [ [ 110.570282028202826, -6.778727872787275 ], [ 110.570357035703566, -6.778652865286538 ], [ 110.570357035703566, -6.778727872787282 ], [ 110.570282028202826, -6.778727872787275 ] ], [ [ 110.569006900690084, -6.77895289528953 ], [ 110.569081908190824, -6.778802880288033 ], [ 110.569081908190824, -6.778952895289531 ], [ 110.569006900690084, -6.77895289528953 ] ], [ [ 110.570207020702071, -6.778877887788781 ], [ 110.570282028202826, -6.778802880288031 ], [ 110.570282028202826, -6.778877887788775 ], [ 110.570207020702071, -6.778877887788781 ] ], [ [ 110.570132013201317, -6.779027902790279 ], [ 110.570207020702071, -6.778952895289534 ], [ 110.570207020702071, -6.779027902790277 ], [ 110.570132013201317, -6.779027902790279 ] ], [ [ 110.568931893189315, -6.779102910291029 ], [ 110.569006900690084, -6.779027902790282 ], [ 110.569006900690084, -6.779102910291021 ], [ 110.568931893189315, -6.779102910291029 ] ], [ [ 110.569981998199836, -6.779402940294032 ], [ 110.570057005700576, -6.779252925292536 ], [ 110.570057005700576, -6.779402940294022 ], [ 110.569981998199836, -6.779402940294032 ] ], [ [ 110.569906990699067, -6.779552955295537 ], [ 110.569981998199836, -6.779402940294032 ], [ 110.569981998199836, -6.779552955295533 ], [ 110.569906990699067, -6.779552955295537 ] ], [ [ 110.569531953195323, -6.779702970297031 ], [ 110.569606960696063, -6.779627962796283 ], [ 110.569606960696063, -6.779702970297022 ], [ 110.569531953195323, -6.779702970297031 ] ], [ [ 110.569606960696063, -6.779777977797781 ], [ 110.569831983198327, -6.779702970297029 ], [ 110.569756975697572, -6.78007800780078 ], [ 110.569606960696063, -6.779777977797781 ] ], [ [ 110.569831983198327, -6.779702970297029 ], [ 110.569906990699067, -6.779627962796274 ], [ 110.569906990699067, -6.779702970297032 ], [ 110.569831983198327, -6.779702970297029 ] ], [ [ 110.569531953195323, -6.779927992799286 ], [ 110.569606960696063, -6.779852985298532 ], [ 110.569606960696063, -6.779927992799287 ], [ 110.569531953195323, -6.779927992799286 ] ], [ [ 110.567956795679564, -6.781728172817276 ], [ 110.568031803180318, -6.781653165316526 ], [ 110.568031803180318, -6.781728172817283 ], [ 110.567956795679564, -6.781728172817276 ] ], [ [ 110.574857485748581, -6.781728172817287 ], [ 110.575007500750075, -6.781653165316526 ], [ 110.575007500750075, -6.781728172817282 ], [ 110.574857485748581, -6.781728172817287 ] ], [ [ 110.573582358235825, -6.784278427842783 ], [ 110.575307530753079, -6.781803180318033 ], [ 110.57508250825083, -6.782328232823288 ], [ 110.573582358235825, -6.784278427842783 ] ], [ [ 110.568181818181813, -6.782178217821778 ], [ 110.568331833183322, -6.782103210321028 ], [ 110.568031803180318, -6.782778277827785 ], [ 110.568181818181813, -6.782178217821778 ] ], [ [ 110.568331833183322, -6.782253225322534 ], [ 110.568406840684062, -6.782178217821789 ], [ 110.568406840684062, -6.782253225322536 ], [ 110.568331833183322, -6.782253225322534 ] ], [ [ 110.568781878187821, -6.78247824782478 ], [ 110.569081908190824, -6.782403240324039 ], [ 110.569231923192319, -6.782553255325523 ], [ 110.568781878187821, -6.78247824782478 ] ], [ [ 110.569906990699067, -6.782328232823277 ], [ 110.569981998199836, -6.782253225322526 ], [ 110.569981998199836, -6.78232823282329 ], [ 110.569906990699067, -6.782328232823277 ] ], [ [ 110.569381938193814, -6.782703270327028 ], [ 110.569456945694569, -6.782553255325537 ], [ 110.569606960696063, -6.782703270327035 ], [ 110.569381938193814, -6.782703270327028 ] ], [ [ 110.567881788178823, -6.782853285328532 ], [ 110.567956795679564, -6.782778277827778 ], [ 110.567956795679564, -6.78285328532854 ], [ 110.567881788178823, -6.782853285328532 ] ], [ [ 110.571182118211823, -6.783003300330039 ], [ 110.571257125712577, -6.78292829282928 ], [ 110.571257125712577, -6.783003300330039 ], [ 110.571182118211823, -6.783003300330039 ] ], [ [ 110.571557155715567, -6.783078307830789 ], [ 110.571632163216336, -6.783003300330035 ], [ 110.571632163216336, -6.783078307830789 ], [ 110.571557155715567, -6.783078307830789 ] ], [ [ 110.567731773177314, -6.783228322832283 ], [ 110.567806780678069, -6.78307830783079 ], [ 110.567806780678069, -6.783228322832282 ], [ 110.567731773177314, -6.783228322832283 ] ], [ [ 110.567956795679564, -6.78345334533453 ], [ 110.568556855685571, -6.783228322832279 ], [ 110.568556855685571, -6.783378337833788 ], [ 110.567956795679564, -6.78345334533453 ] ], [ [ 110.573882388238829, -6.783153315331529 ], [ 110.573957395739569, -6.783078307830787 ], [ 110.573957395739569, -6.783153315331534 ], [ 110.573882388238829, -6.783153315331529 ] ], [ [ 110.57365736573658, -6.783303330333029 ], [ 110.573882388238829, -6.783303330333029 ], [ 110.57365736573658, -6.783378337833782 ], [ 110.57365736573658, -6.783303330333029 ] ], [ [ 110.567656765676574, -6.783378337833778 ], [ 110.567731773177314, -6.783228322832283 ], [ 110.567731773177314, -6.78337833783378 ], [ 110.567656765676574, -6.783378337833778 ] ], [ [ 110.56758175817582, -6.783528352835274 ], [ 110.567656765676574, -6.783453345334535 ], [ 110.567656765676574, -6.783528352835281 ], [ 110.56758175817582, -6.783528352835274 ] ], [ [ 110.573807380738074, -6.783528352835281 ], [ 110.573882388238829, -6.783453345334534 ], [ 110.573882388238829, -6.783528352835289 ], [ 110.573807380738074, -6.783528352835281 ] ], [ [ 110.573582358235825, -6.783678367836789 ], [ 110.57365736573658, -6.78352835283529 ], [ 110.57365736573658, -6.783678367836788 ], [ 110.573582358235825, -6.783678367836789 ] ], [ [ 110.573507350735071, -6.783753375337537 ], [ 110.573582358235825, -6.783678367836789 ], [ 110.573582358235825, -6.783753375337531 ], [ 110.573507350735071, -6.783753375337537 ] ], [ [ 110.57343234323433, -6.783828382838291 ], [ 110.573507350735071, -6.783753375337537 ], [ 110.573507350735071, -6.783828382838277 ], [ 110.57343234323433, -6.783828382838291 ] ], [ [ 110.573357335733576, -6.783903390339032 ], [ 110.57343234323433, -6.783828382838291 ], [ 110.57343234323433, -6.78390339033903 ], [ 110.573357335733576, -6.783903390339032 ] ], [ [ 110.572757275727568, -6.783978397839791 ], [ 110.572832283228323, -6.78390339033903 ], [ 110.572832283228323, -6.783978397839776 ], [ 110.572757275727568, -6.783978397839791 ] ], [ [ 110.572832283228323, -6.784053405340543 ], [ 110.572907290729077, -6.78397839783979 ], [ 110.572907290729077, -6.784053405340533 ], [ 110.572832283228323, -6.784053405340543 ] ], [ [ 110.572832283228323, -6.784203420342027 ], [ 110.572907290729077, -6.78412841284128 ], [ 110.572907290729077, -6.784203420342035 ], [ 110.572832283228323, -6.784203420342027 ] ], [ [ 110.573132313231326, -6.784203420342034 ], [ 110.573357335733576, -6.784128412841291 ], [ 110.57343234323433, -6.784278427842789 ], [ 110.573132313231326, -6.784203420342034 ] ], [ [ 110.57343234323433, -6.784353435343529 ], [ 110.573507350735071, -6.784278427842789 ], [ 110.573507350735071, -6.784353435343536 ], [ 110.57343234323433, -6.784353435343529 ] ], [ [ 110.566531653165313, -6.785028502850289 ], [ 110.566906690669072, -6.784953495349537 ], [ 110.566906690669072, -6.785028502850285 ], [ 110.566531653165313, -6.785028502850289 ] ], [ [ 110.56758175817582, -6.785178517851791 ], [ 110.567731773177314, -6.78495349534954 ], [ 110.567656765676574, -6.785178517851779 ], [ 110.56758175817582, -6.785178517851791 ] ], [ [ 110.566381638163818, -6.786303630363046 ], [ 110.566456645664573, -6.786153615361536 ], [ 110.566456645664573, -6.786303630363031 ], [ 110.566381638163818, -6.786303630363046 ] ], [ [ 110.583258325832588, -6.787353735373537 ], [ 110.584383438343835, -6.786903690369043 ], [ 110.583783378337827, -6.787878787878791 ], [ 110.583258325832588, -6.787353735373537 ] ], [ [ 110.569906990699067, -6.786978697869789 ], [ 110.569981998199836, -6.786903690369035 ], [ 110.569981998199836, -6.786978697869789 ], [ 110.569906990699067, -6.786978697869789 ] ], [ [ 110.569606960696063, -6.788103810381038 ], [ 110.569906990699067, -6.787428742874281 ], [ 110.570357035703566, -6.787053705370534 ], [ 110.570132013201317, -6.788403840384031 ], [ 110.569606960696063, -6.788103810381038 ] ], [ [ 110.569981998199836, -6.787203720372033 ], [ 110.570057005700576, -6.78712871287128 ], [ 110.570057005700576, -6.787203720372031 ], [ 110.569981998199836, -6.787203720372033 ] ], [ [ 110.57538253825382, -6.788028802880294 ], [ 110.576207620762077, -6.787578757875786 ], [ 110.575457545754574, -6.788253825382545 ], [ 110.57538253825382, -6.788028802880294 ] ], [ [ 110.569906990699067, -6.787278727872788 ], [ 110.569981998199836, -6.787203720372033 ], [ 110.569981998199836, -6.787278727872792 ], [ 110.569906990699067, -6.787278727872788 ] ], [ [ 110.575307530753079, -6.788328832883282 ], [ 110.57538253825382, -6.788178817881779 ], [ 110.57538253825382, -6.788328832883288 ], [ 110.575307530753079, -6.788328832883282 ] ], [ [ 110.569456945694569, -6.788778877887797 ], [ 110.569681968196818, -6.788778877887794 ], [ 110.570282028202826, -6.788478847884785 ], [ 110.570882088208819, -6.788703870387038 ], [ 110.570882088208819, -6.789078907890784 ], [ 110.569456945694569, -6.788778877887797 ] ], [ [ 110.574932493249335, -6.788403840384038 ], [ 110.575007500750075, -6.788328832883288 ], [ 110.575007500750075, -6.788403840384036 ], [ 110.574932493249335, -6.788403840384038 ] ], [ [ 110.574932493249335, -6.789003900390044 ], [ 110.57538253825382, -6.788478847884784 ], [ 110.57515751575157, -6.788928892889287 ], [ 110.574932493249335, -6.789003900390044 ] ], [ [ 110.569981998199836, -6.788478847884785 ], [ 110.570057005700576, -6.788403840384047 ], [ 110.570057005700576, -6.788478847884793 ], [ 110.569981998199836, -6.788478847884785 ] ], [ [ 110.574857485748581, -6.788553855385535 ], [ 110.574932493249335, -6.788478847884785 ], [ 110.574932493249335, -6.788553855385539 ], [ 110.574857485748581, -6.788553855385535 ] ], [ [ 110.574857485748581, -6.788703870387033 ], [ 110.574932493249335, -6.788628862886283 ], [ 110.574932493249335, -6.788703870387046 ], [ 110.574857485748581, -6.788703870387033 ] ], [ [ 110.574932493249335, -6.788778877887782 ], [ 110.575007500750075, -6.788703870387047 ], [ 110.575007500750075, -6.78877887788779 ], [ 110.574932493249335, -6.788778877887782 ] ], [ [ 110.571032103210328, -6.788853885388531 ], [ 110.575457545754574, -6.790054005400545 ], [ 110.576282628262845, -6.7922292229223 ], [ 110.578982898289823, -6.792754275427543 ], [ 110.57680768076807, -6.792979297929794 ], [ 110.576132613261322, -6.79245424542455 ], [ 110.575532553255329, -6.790804080408039 ], [ 110.571032103210328, -6.788853885388531 ] ], [ [ 110.565031503150323, -6.789153915391538 ], [ 110.565106510651063, -6.789078907890783 ], [ 110.565106510651063, -6.789153915391533 ], [ 110.565031503150323, -6.789153915391538 ] ], [ [ 110.565631563156316, -6.791779177917793 ], [ 110.567806780678069, -6.78952895289529 ], [ 110.566531653165313, -6.791779177917799 ], [ 110.565631563156316, -6.791779177917793 ] ], [ [ 110.570207020702071, -6.790054005400548 ], [ 110.57515751575157, -6.790804080408039 ], [ 110.575832583258332, -6.792454245424544 ], [ 110.570207020702071, -6.790054005400548 ] ], [ [ 110.569531953195323, -6.789753975397541 ], [ 110.569756975697572, -6.789753975397547 ], [ 110.569531953195323, -6.789903990399035 ], [ 110.569531953195323, -6.789753975397541 ] ], [ [ 110.56458145814581, -6.790879087908786 ], [ 110.564656465646564, -6.790804080408036 ], [ 110.564656465646564, -6.790879087908785 ], [ 110.56458145814581, -6.790879087908786 ] ], [ [ 110.56458145814581, -6.791104110411046 ], [ 110.564731473147319, -6.79102910291029 ], [ 110.564731473147319, -6.791179117911787 ], [ 110.56458145814581, -6.791104110411046 ] ], [ [ 110.564956495649568, -6.791329132913291 ], [ 110.565106510651063, -6.791179117911793 ], [ 110.565106510651063, -6.791329132913296 ], [ 110.564956495649568, -6.791329132913291 ] ], [ [ 110.565406540654067, -6.791329132913297 ], [ 110.565481548154821, -6.791254125412533 ], [ 110.565481548154821, -6.791329132913285 ], [ 110.565406540654067, -6.791329132913297 ] ], [ [ 110.564881488148814, -6.791404140414043 ], [ 110.564956495649568, -6.791329132913291 ], [ 110.564956495649568, -6.791404140414033 ], [ 110.564881488148814, -6.791404140414043 ] ], [ [ 110.563831383138307, -6.791779177917789 ], [ 110.564131413141311, -6.791629162916297 ], [ 110.563831383138307, -6.7919291929193 ], [ 110.563831383138307, -6.791779177917789 ] ], [ [ 110.565331533153312, -6.791479147914794 ], [ 110.565406540654067, -6.791404140414032 ], [ 110.565406540654067, -6.79147914791479 ], [ 110.565331533153312, -6.791479147914794 ] ], [ [ 110.565481548154821, -6.791704170417044 ], [ 110.565556555655562, -6.791554155415544 ], [ 110.565556555655562, -6.791704170417038 ], [ 110.565481548154821, -6.791704170417044 ] ], [ [ 110.581833183318338, -6.79335433543355 ], [ 110.581908190819078, -6.792979297929786 ], [ 110.581908190819078, -6.793354335433547 ], [ 110.581833183318338, -6.79335433543355 ] ], [ [ 110.581758175817583, -6.793579357935802 ], [ 110.581833183318338, -6.79335433543355 ], [ 110.581833183318338, -6.7935793579358 ], [ 110.581758175817583, -6.793579357935802 ] ], [ [ 110.573132313231326, -6.793429342934284 ], [ 110.574782478247826, -6.793579357935795 ], [ 110.574407440744068, -6.794404440444036 ], [ 110.574632463246346, -6.794929492949302 ], [ 110.572232223222329, -6.794929492949292 ], [ 110.573132313231326, -6.793429342934284 ] ], [ [ 110.581683168316829, -6.793654365436538 ], [ 110.581758175817583, -6.793579357935802 ], [ 110.581758175817583, -6.79365436543655 ], [ 110.581683168316829, -6.793654365436538 ] ], [ [ 110.574632463246346, -6.794704470447052 ], [ 110.574707470747072, -6.794629462946295 ], [ 110.574707470747072, -6.79470447044705 ], [ 110.574632463246346, -6.794704470447052 ] ], [ [ 110.574707470747072, -6.794929492949298 ], [ 110.574782478247826, -6.794854485448545 ], [ 110.574782478247826, -6.79492949294929 ], [ 110.574707470747072, -6.794929492949298 ] ], [ [ 110.574632463246346, -6.795004500450039 ], [ 110.574707470747072, -6.794929492949298 ], [ 110.574707470747072, -6.79500450045004 ], [ 110.574632463246346, -6.795004500450039 ] ], [ [ 110.574407440744068, -6.795079507950793 ], [ 110.574482448244822, -6.795004500450052 ], [ 110.574482448244822, -6.795079507950801 ], [ 110.574407440744068, -6.795079507950793 ] ], [ [ 110.574332433243328, -6.795229522952303 ], [ 110.574407440744068, -6.795079507950793 ], [ 110.574407440744068, -6.795229522952296 ], [ 110.574332433243328, -6.795229522952303 ] ], [ [ 110.581908190819078, -6.795079507950794 ], [ 110.582658265826581, -6.795829582958293 ], [ 110.581533153315334, -6.797479747974798 ], [ 110.581533153315334, -6.796279627962799 ], [ 110.581908190819078, -6.795079507950794 ] ], [ [ 110.574032403240324, -6.795379537953805 ], [ 110.574332433243328, -6.795229522952303 ], [ 110.574332433243328, -6.795379537953797 ], [ 110.574032403240324, -6.795379537953805 ] ], [ [ 110.573882388238829, -6.795454545454553 ], [ 110.573957395739569, -6.795379537953803 ], [ 110.573957395739569, -6.79545454545455 ], [ 110.573882388238829, -6.795454545454553 ] ], [ [ 110.574032403240324, -6.795529552955301 ], [ 110.574182418241818, -6.795454545454555 ], [ 110.574182418241818, -6.795529552955294 ], [ 110.574032403240324, -6.795529552955301 ] ], [ [ 110.562481248124811, -6.795604560456054 ], [ 110.562556255625566, -6.795529552955292 ], [ 110.562556255625566, -6.795604560456051 ], [ 110.562481248124811, -6.795604560456054 ] ], [ [ 110.562481248124811, -6.79567956795679 ], [ 110.562631263126306, -6.795754575457544 ], [ 110.562481248124811, -6.795829582958302 ], [ 110.562481248124811, -6.79567956795679 ] ], [ [ 110.575532553255329, -6.795754575457551 ], [ 110.577107710771074, -6.796429642964291 ], [ 110.576882688268824, -6.79732973297329 ], [ 110.57515751575157, -6.796729672967297 ], [ 110.575532553255329, -6.795754575457551 ] ], [ [ 110.563456345634563, -6.795979597959797 ], [ 110.563531353135318, -6.795904590459039 ], [ 110.563531353135318, -6.795979597959799 ], [ 110.563456345634563, -6.795979597959797 ] ], [ [ 110.562256225622562, -6.795979597959792 ], [ 110.562331233123317, -6.796204620462047 ], [ 110.562181218121808, -6.796354635463547 ], [ 110.562631263126306, -6.796879687968804 ], [ 110.562406240624057, -6.796804680468048 ], [ 110.561956195619558, -6.797329732973298 ], [ 110.562256225622562, -6.795979597959792 ] ], [ [ 110.563381338133823, -6.796054605460554 ], [ 110.563456345634563, -6.795979597959797 ], [ 110.563456345634563, -6.796054605460554 ], [ 110.563381338133823, -6.796054605460554 ] ], [ [ 110.563531353135318, -6.796129612961299 ], [ 110.563606360636058, -6.796054605460549 ], [ 110.563606360636058, -6.796129612961293 ], [ 110.563531353135318, -6.796129612961299 ] ], [ [ 110.576432643264326, -6.796129612961291 ], [ 110.57650765076508, -6.796054605460551 ], [ 110.57650765076508, -6.796129612961288 ], [ 110.576432643264326, -6.796129612961291 ] ], [ [ 110.563231323132314, -6.796279627962801 ], [ 110.563381338133823, -6.796729672967293 ], [ 110.562781278127815, -6.796879687968799 ], [ 110.563231323132314, -6.796279627962801 ] ], [ [ 110.562781278127815, -6.796279627962801 ], [ 110.56285628562857, -6.79620462046204 ], [ 110.56285628562857, -6.7962796279628 ], [ 110.562781278127815, -6.796279627962801 ] ], [ [ 110.562331233123317, -6.796354635463546 ], [ 110.562406240624057, -6.796279627962789 ], [ 110.562406240624057, -6.79635463546355 ], [ 110.562331233123317, -6.796354635463546 ] ], [ [ 110.562706270627075, -6.79635463546354 ], [ 110.562781278127815, -6.796279627962801 ], [ 110.562781278127815, -6.79635463546354 ], [ 110.562706270627075, -6.79635463546354 ] ], [ [ 110.564206420642066, -6.796429642964303 ], [ 110.56428142814282, -6.796279627962793 ], [ 110.56428142814282, -6.796429642964288 ], [ 110.564206420642066, -6.796429642964303 ] ], [ [ 110.570582058205815, -6.796954695469553 ], [ 110.572382238223824, -6.796729672967306 ], [ 110.572457245724578, -6.797029702970301 ], [ 110.570582058205815, -6.796954695469553 ] ], [ [ 110.562631263126306, -6.796429642964292 ], [ 110.562706270627075, -6.79635463546354 ], [ 110.562706270627075, -6.796429642964292 ], [ 110.562631263126306, -6.796429642964292 ] ], [ [ 110.564806480648059, -6.796429642964302 ], [ 110.564881488148814, -6.796354635463554 ], [ 110.564881488148814, -6.796429642964292 ], [ 110.564806480648059, -6.796429642964302 ] ], [ [ 110.562481248124811, -6.796504650465053 ], [ 110.562556255625566, -6.796429642964304 ], [ 110.562556255625566, -6.796504650465045 ], [ 110.562481248124811, -6.796504650465053 ] ], [ [ 110.563456345634563, -6.796504650465044 ], [ 110.563531353135318, -6.7964296429643 ], [ 110.563531353135318, -6.796504650465049 ], [ 110.563456345634563, -6.796504650465044 ] ], [ [ 110.563606360636058, -6.796579657965786 ], [ 110.563831383138307, -6.796654665466553 ], [ 110.563381338133823, -6.79687968796879 ], [ 110.563606360636058, -6.796579657965786 ] ], [ [ 110.563831383138307, -6.7965796579658 ], [ 110.563906390639062, -6.796504650465049 ], [ 110.563906390639062, -6.796579657965805 ], [ 110.563831383138307, -6.7965796579658 ] ], [ [ 110.56428142814282, -6.796879687968793 ], [ 110.564731473147319, -6.796504650465054 ], [ 110.56458145814581, -6.796954695469552 ], [ 110.56428142814282, -6.796879687968793 ] ], [ [ 110.579132913291332, -6.796504650465046 ], [ 110.579432943294336, -6.798454845484548 ], [ 110.577932793279345, -6.798679867986804 ], [ 110.577782778277822, -6.797929792979295 ], [ 110.579132913291332, -6.796504650465046 ] ], [ [ 110.563381338133823, -6.796654665466545 ], [ 110.563456345634563, -6.796579657965789 ], [ 110.563456345634563, -6.796654665466539 ], [ 110.563381338133823, -6.796654665466545 ] ], [ [ 110.564731473147319, -6.796729672967302 ], [ 110.564881488148814, -6.796654665466539 ], [ 110.564881488148814, -6.796729672967298 ], [ 110.564731473147319, -6.796729672967302 ] ], [ [ 110.564881488148814, -6.796804680468046 ], [ 110.564956495649568, -6.796729672967301 ], [ 110.564956495649568, -6.796804680468053 ], [ 110.564881488148814, -6.796804680468046 ] ], [ [ 110.564731473147319, -6.796879687968799 ], [ 110.564806480648059, -6.796804680468047 ], [ 110.564806480648059, -6.796879687968796 ], [ 110.564731473147319, -6.796879687968799 ] ], [ [ 110.562406240624057, -6.797029702970296 ], [ 110.562481248124811, -6.796954695469538 ], [ 110.562481248124811, -6.797029702970291 ], [ 110.562406240624057, -6.797029702970296 ] ], [ [ 110.563381338133823, -6.797029702970291 ], [ 110.563456345634563, -6.796954695469545 ], [ 110.563456345634563, -6.79702970297029 ], [ 110.563381338133823, -6.797029702970291 ] ], [ [ 110.564806480648059, -6.79710471047104 ], [ 110.564881488148814, -6.797029702970291 ], [ 110.564881488148814, -6.797104710471045 ], [ 110.564806480648059, -6.79710471047104 ] ], [ [ 110.563306330633068, -6.797179717971792 ], [ 110.563381338133823, -6.797104710471051 ], [ 110.563381338133823, -6.797179717971797 ], [ 110.563306330633068, -6.797179717971792 ] ], [ [ 110.561806180618063, -6.79725472547254 ], [ 110.561881188118818, -6.797179717971794 ], [ 110.561881188118818, -6.797254725472553 ], [ 110.561806180618063, -6.79725472547254 ] ], [ [ 110.563231323132314, -6.797329732973289 ], [ 110.563306330633068, -6.797179717971792 ], [ 110.563306330633068, -6.797329732973304 ], [ 110.563231323132314, -6.797329732973289 ] ], [ [ 110.561881188118818, -6.797404740474051 ], [ 110.561956195619558, -6.797329732973298 ], [ 110.561956195619558, -6.797404740474044 ], [ 110.561881188118818, -6.797404740474051 ] ], [ [ 110.563156315631559, -6.797404740474041 ], [ 110.563231323132314, -6.797329732973289 ], [ 110.563231323132314, -6.797404740474054 ], [ 110.563156315631559, -6.797404740474041 ] ], [ [ 110.560081008100823, -6.797779777977798 ], [ 110.560456045604568, -6.798154815481551 ], [ 110.560156015601564, -6.798154815481549 ], [ 110.560081008100823, -6.797779777977798 ] ], [ [ 110.563081308130833, -6.797629762976294 ], [ 110.563156315631559, -6.797479747974802 ], [ 110.563156315631559, -6.797629762976292 ], [ 110.563081308130833, -6.797629762976294 ] ], [ [ 110.579507950795076, -6.79860486048604 ], [ 110.580108010801084, -6.79785478547854 ], [ 110.579582958295845, -6.798829882988294 ], [ 110.579507950795076, -6.79860486048604 ] ], [ [ 110.566156615661569, -6.797704770477052 ], [ 110.566231623162309, -6.7976297629763 ], [ 110.566231623162309, -6.797704770477052 ], [ 110.566156615661569, -6.797704770477052 ] ], [ [ 110.566306630663064, -6.797779777977802 ], [ 110.566381638163818, -6.797704770477056 ], [ 110.566381638163818, -6.797779777977803 ], [ 110.566306630663064, -6.797779777977802 ] ], [ [ 110.57373237323732, -6.798604860486047 ], [ 110.574932493249335, -6.798304830483058 ], [ 110.574632463246346, -6.799129912991301 ], [ 110.57373237323732, -6.798604860486047 ] ], [ [ 110.580333033303333, -6.797929792979303 ], [ 110.580408040804087, -6.797854785478555 ], [ 110.580408040804087, -6.7979297929793 ], [ 110.580333033303333, -6.797929792979303 ] ], [ [ 110.579957995799575, -6.798679867986791 ], [ 110.580708070807077, -6.798304830483041 ], [ 110.580108010801084, -6.799429942994308 ], [ 110.579957995799575, -6.798679867986791 ] ], [ [ 110.566906690669072, -6.798154815481546 ], [ 110.566981698169812, -6.798079807980801 ], [ 110.566981698169812, -6.798154815481541 ], [ 110.566906690669072, -6.798154815481546 ] ], [ [ 110.568331833183322, -6.798379837983791 ], [ 110.568481848184817, -6.798304830483047 ], [ 110.568481848184817, -6.798379837983796 ], [ 110.568331833183322, -6.798379837983791 ] ], [ [ 110.568106810681073, -6.798454845484555 ], [ 110.568181818181813, -6.798379837983791 ], [ 110.568181818181813, -6.798454845484546 ], [ 110.568106810681073, -6.798454845484555 ] ], [ [ 110.568031803180318, -6.798754875487549 ], [ 110.568331833183322, -6.798529852985306 ], [ 110.568331833183322, -6.798904890489053 ], [ 110.568031803180318, -6.798754875487549 ] ], [ [ 110.569156915691565, -6.798529852985296 ], [ 110.569531953195323, -6.79845484548455 ], [ 110.569531953195323, -6.798529852985301 ], [ 110.569156915691565, -6.798529852985296 ] ], [ [ 110.579882988298834, -6.798679867986797 ], [ 110.579957995799575, -6.798604860486053 ], [ 110.579957995799575, -6.798679867986791 ], [ 110.579882988298834, -6.798679867986797 ] ], [ [ 110.581533153315334, -6.799879987998805 ], [ 110.582658265826581, -6.798979897989804 ], [ 110.581908190819078, -6.800255025502545 ], [ 110.581533153315334, -6.799879987998805 ] ], [ [ 110.568031803180318, -6.798979897989797 ], [ 110.568106810681073, -6.798904890489053 ], [ 110.568106810681073, -6.798979897989797 ], [ 110.568031803180318, -6.798979897989797 ] ], [ [ 110.56128112811281, -6.799054905490548 ], [ 110.561356135613565, -6.798979897989793 ], [ 110.561356135613565, -6.799054905490541 ], [ 110.56128112811281, -6.799054905490548 ] ], [ [ 110.582208220822096, -6.799879987998792 ], [ 110.582283228322837, -6.799804980498043 ], [ 110.582283228322837, -6.799879987998803 ], [ 110.582208220822096, -6.799879987998792 ] ], [ [ 110.582133213321328, -6.799954995499546 ], [ 110.582208220822096, -6.799879987998792 ], [ 110.582208220822096, -6.799954995499548 ], [ 110.582133213321328, -6.799954995499546 ] ], [ [ 110.582058205820587, -6.800105010501054 ], [ 110.582133213321328, -6.800030003000298 ], [ 110.582133213321328, -6.800105010501055 ], [ 110.582058205820587, -6.800105010501054 ] ], [ [ 110.560756075607557, -6.800255025502556 ], [ 110.560831083108312, -6.800180018001808 ], [ 110.560831083108312, -6.800255025502544 ], [ 110.560756075607557, -6.800255025502556 ] ], [ [ 110.560531053105308, -6.801380138013806 ], [ 110.560606060606062, -6.801230123012299 ], [ 110.560606060606062, -6.801380138013802 ], [ 110.560531053105308, -6.801380138013806 ] ], [ [ 110.561956195619558, -6.801755175517544 ], [ 110.562031203120313, -6.801680168016803 ], [ 110.562031203120313, -6.80175517551755 ], [ 110.561956195619558, -6.801755175517544 ] ], [ [ 110.562781278127815, -6.801830183018293 ], [ 110.56285628562857, -6.801680168016806 ], [ 110.56285628562857, -6.801830183018309 ], [ 110.562781278127815, -6.801830183018293 ] ], [ [ 110.562631263126306, -6.801980198019797 ], [ 110.56285628562857, -6.801980198019799 ], [ 110.562631263126306, -6.802130213021308 ], [ 110.562631263126306, -6.801980198019797 ] ], [ [ 110.563606360636058, -6.801980198019803 ], [ 110.563681368136812, -6.801905190519047 ], [ 110.563681368136812, -6.801980198019797 ], [ 110.563606360636058, -6.801980198019803 ] ], [ [ 110.562781278127815, -6.80220522052205 ], [ 110.56285628562857, -6.802130213021296 ], [ 110.56285628562857, -6.802205220522059 ], [ 110.562781278127815, -6.80220522052205 ] ], [ [ 110.564206420642066, -6.802355235523548 ], [ 110.56428142814282, -6.802280228022811 ], [ 110.56428142814282, -6.802355235523557 ], [ 110.564206420642066, -6.802355235523548 ] ], [ [ 110.564131413141311, -6.802505250525055 ], [ 110.564206420642066, -6.802430243024309 ], [ 110.564206420642066, -6.80250525052506 ], [ 110.564131413141311, -6.802505250525055 ] ], [ [ 110.56428142814282, -6.802805280528061 ], [ 110.564356435643575, -6.802730273027304 ], [ 110.564356435643575, -6.802805280528051 ], [ 110.56428142814282, -6.802805280528061 ] ], [ [ 110.565031503150323, -6.803030303030297 ], [ 110.565106510651063, -6.802955295529554 ], [ 110.565106510651063, -6.803030303030305 ], [ 110.565031503150323, -6.803030303030297 ] ], [ [ 110.565481548154821, -6.803330333033299 ], [ 110.565556555655562, -6.80325532553256 ], [ 110.565556555655562, -6.803330333033311 ], [ 110.565481548154821, -6.803330333033299 ] ], [ [ 110.565256525652572, -6.803405340534054 ], [ 110.565331533153312, -6.803330333033302 ], [ 110.565331533153312, -6.80340534053406 ], [ 110.565256525652572, -6.803405340534054 ] ], [ [ 110.565556555655562, -6.80340534053405 ], [ 110.565631563156316, -6.803330333033303 ], [ 110.565631563156316, -6.803405340534047 ], [ 110.565556555655562, -6.80340534053405 ] ], [ [ 110.565706570657085, -6.803405340534056 ], [ 110.565781578157811, -6.803330333033297 ], [ 110.565781578157811, -6.803405340534047 ], [ 110.565706570657085, -6.803405340534056 ] ], [ [ 110.565331533153312, -6.803480348034809 ], [ 110.565481548154821, -6.80340534053405 ], [ 110.565481548154821, -6.803480348034806 ], [ 110.565331533153312, -6.803480348034809 ] ], [ [ 110.565781578157811, -6.803705370537048 ], [ 110.565856585658565, -6.80363036303631 ], [ 110.565856585658565, -6.803705370537051 ], [ 110.565781578157811, -6.803705370537048 ] ], [ [ 110.565706570657085, -6.803855385538557 ], [ 110.565781578157811, -6.803705370537048 ], [ 110.565781578157811, -6.803855385538554 ], [ 110.565706570657085, -6.803855385538557 ] ], [ [ 110.566906690669072, -6.804230423042305 ], [ 110.566981698169812, -6.804155415541556 ], [ 110.566981698169812, -6.804230423042306 ], [ 110.566906690669072, -6.804230423042305 ] ], [ [ 110.568331833183322, -6.804905490549049 ], [ 110.568631863186312, -6.804830483048305 ], [ 110.568556855685571, -6.805055505550555 ], [ 110.568331833183322, -6.804905490549049 ] ], [ [ 110.558355835583555, -6.804830483048304 ], [ 110.563606360636058, -6.80708070807081 ], [ 110.56293129312931, -6.806330633063304 ], [ 110.563156315631559, -6.806180618061799 ], [ 110.566156615661569, -6.809630963096302 ], [ 110.560006000600055, -6.805730573057311 ], [ 110.558430843084324, -6.806105610561048 ], [ 110.559030903090303, -6.805430543054309 ], [ 110.558355835583555, -6.804830483048304 ] ], [ [ 110.567731773177314, -6.804905490549059 ], [ 110.567806780678069, -6.804830483048296 ], [ 110.567806780678069, -6.804905490549051 ], [ 110.567731773177314, -6.804905490549059 ] ], [ [ 110.567506750675065, -6.80498049804981 ], [ 110.56758175817582, -6.80490549054906 ], [ 110.56758175817582, -6.804980498049801 ], [ 110.567506750675065, -6.80498049804981 ] ], [ [ 110.567656765676574, -6.805055505550551 ], [ 110.567731773177314, -6.804905490549059 ], [ 110.567731773177314, -6.805055505550549 ], [ 110.567656765676574, -6.805055505550551 ] ], [ [ 110.567956795679564, -6.804980498049797 ], [ 110.568031803180318, -6.804905490549062 ], [ 110.568031803180318, -6.804980498049806 ], [ 110.567956795679564, -6.804980498049797 ] ], [ [ 110.567881788178823, -6.805130513051299 ], [ 110.567956795679564, -6.804980498049797 ], [ 110.567956795679564, -6.805130513051298 ], [ 110.567881788178823, -6.805130513051299 ] ], [ [ 110.568256825682568, -6.805130513051305 ], [ 110.568406840684062, -6.804980498049809 ], [ 110.568481848184817, -6.805205520552056 ], [ 110.568256825682568, -6.805130513051305 ] ], [ [ 110.568031803180318, -6.80535553555355 ], [ 110.568331833183322, -6.805205520552049 ], [ 110.568331833183322, -6.805430543054301 ], [ 110.568031803180318, -6.80535553555355 ] ], [ [ 110.558580858085804, -6.805505550555058 ], [ 110.558655865586559, -6.80535553555355 ], [ 110.558655865586559, -6.805505550555056 ], [ 110.558580858085804, -6.805505550555058 ] ], [ [ 110.568106810681073, -6.805580558055807 ], [ 110.568181818181813, -6.805505550555054 ], [ 110.568181818181813, -6.805580558055804 ], [ 110.568106810681073, -6.805580558055807 ] ], [ [ 110.568181818181813, -6.80565556555656 ], [ 110.568256825682568, -6.80558055805581 ], [ 110.568256825682568, -6.805655565556549 ], [ 110.568181818181813, -6.80565556555656 ] ], [ [ 110.562706270627075, -6.806030603060308 ], [ 110.56285628562857, -6.805955595559561 ], [ 110.56285628562857, -6.806030603060305 ], [ 110.562706270627075, -6.806030603060308 ] ], [ [ 110.56285628562857, -6.806105610561054 ], [ 110.56293129312931, -6.80603060306031 ], [ 110.56293129312931, -6.806105610561049 ], [ 110.56285628562857, -6.806105610561054 ] ], [ [ 110.558505850585064, -6.806255625562549 ], [ 110.558580858085804, -6.806180618061802 ], [ 110.558580858085804, -6.80625562556256 ], [ 110.558505850585064, -6.806255625562549 ] ], [ [ 110.558430843084324, -6.806330633063312 ], [ 110.558505850585064, -6.806255625562549 ], [ 110.558505850585064, -6.806330633063314 ], [ 110.558430843084324, -6.806330633063312 ] ], [ [ 110.55820582058206, -6.806405640564052 ], [ 110.558430843084324, -6.806480648064809 ], [ 110.558280828082815, -6.806555655565552 ], [ 110.55820582058206, -6.806405640564052 ] ], [ [ 110.55820582058206, -6.806630663066302 ], [ 110.558280828082815, -6.806555655565552 ], [ 110.558280828082815, -6.806630663066307 ], [ 110.55820582058206, -6.806630663066302 ] ], [ [ 110.567056705670566, -6.806780678067809 ], [ 110.567131713171321, -6.806705670567058 ], [ 110.567131713171321, -6.806780678067798 ], [ 110.567056705670566, -6.806780678067809 ] ], [ [ 110.568481848184817, -6.806855685568554 ], [ 110.568556855685571, -6.806705670567058 ], [ 110.568631863186312, -6.806855685568561 ], [ 110.568481848184817, -6.806855685568554 ] ], [ [ 110.556405640564051, -6.807455745574563 ], [ 110.557230723072308, -6.80745574557456 ], [ 110.556405640564051, -6.808055805580559 ], [ 110.556405640564051, -6.807455745574563 ] ], [ [ 110.557905790579056, -6.8075307530753 ], [ 110.557980798079811, -6.807455745574553 ], [ 110.557980798079811, -6.807530753075304 ], [ 110.557905790579056, -6.8075307530753 ] ], [ [ 110.558055805580551, -6.807530753075314 ], [ 110.558130813081306, -6.807455745574549 ], [ 110.558130813081306, -6.807530753075315 ], [ 110.558055805580551, -6.807530753075314 ] ], [ [ 110.557380738073803, -6.807905790579055 ], [ 110.557605760576052, -6.807830783078306 ], [ 110.557605760576052, -6.807905790579065 ], [ 110.557380738073803, -6.807905790579055 ] ], [ [ 110.556255625562557, -6.808355835583561 ], [ 110.556330633063311, -6.808205820582053 ], [ 110.556330633063311, -6.808355835583555 ], [ 110.556255625562557, -6.808355835583561 ] ], [ [ 110.556105610561062, -6.808505850585064 ], [ 110.556255625562557, -6.808355835583561 ], [ 110.556180618061802, -6.808505850585052 ], [ 110.556105610561062, -6.808505850585064 ] ], [ [ 110.570507050705075, -6.809030903090314 ], [ 110.570582058205815, -6.808955895589557 ], [ 110.570582058205815, -6.809030903090314 ], [ 110.570507050705075, -6.809030903090314 ] ], [ [ 110.570357035703566, -6.809255925592566 ], [ 110.57043204320432, -6.809180918091815 ], [ 110.57043204320432, -6.80925592559256 ], [ 110.570357035703566, -6.809255925592566 ] ], [ [ 110.570282028202826, -6.809330933093302 ], [ 110.570357035703566, -6.809255925592566 ], [ 110.570357035703566, -6.809330933093304 ], [ 110.570282028202826, -6.809330933093302 ] ], [ [ 110.570207020702071, -6.809405940594056 ], [ 110.570282028202826, -6.809330933093302 ], [ 110.570282028202826, -6.809405940594066 ], [ 110.570207020702071, -6.809405940594056 ] ], [ [ 110.570132013201317, -6.809480948094807 ], [ 110.570207020702071, -6.809405940594056 ], [ 110.570207020702071, -6.809480948094812 ], [ 110.570132013201317, -6.809480948094807 ] ], [ [ 110.570057005700576, -6.809555955595561 ], [ 110.570132013201317, -6.809480948094807 ], [ 110.570132013201317, -6.809555955595557 ], [ 110.570057005700576, -6.809555955595561 ] ], [ [ 110.569981998199836, -6.809630963096313 ], [ 110.570057005700576, -6.809555955595561 ], [ 110.570057005700576, -6.809630963096301 ], [ 110.569981998199836, -6.809630963096313 ] ], [ [ 110.569906990699067, -6.809705970597062 ], [ 110.569981998199836, -6.809630963096313 ], [ 110.569981998199836, -6.809705970597062 ], [ 110.569906990699067, -6.809705970597062 ] ], [ [ 110.569831983198327, -6.809780978097811 ], [ 110.569906990699067, -6.809705970597062 ], [ 110.569906990699067, -6.809780978097802 ], [ 110.569831983198327, -6.809780978097811 ] ], [ [ 110.568031803180318, -6.809930993099304 ], [ 110.568106810681073, -6.809855985598554 ], [ 110.568106810681073, -6.809930993099313 ], [ 110.568031803180318, -6.809930993099304 ] ], [ [ 110.568031803180318, -6.81015601560156 ], [ 110.568106810681073, -6.810081008100811 ], [ 110.568106810681073, -6.810156015601568 ], [ 110.568031803180318, -6.81015601560156 ] ], [ [ 110.568106810681073, -6.810231023102314 ], [ 110.568256825682568, -6.810156015601558 ], [ 110.568331833183322, -6.81038103810382 ], [ 110.568106810681073, -6.810231023102314 ] ], [ [ 110.568856885688575, -6.810756075607556 ], [ 110.569606960696063, -6.810906090609056 ], [ 110.570282028202826, -6.810831083108313 ], [ 110.57043204320432, -6.811506150615057 ], [ 110.568856885688575, -6.810756075607556 ] ], [ [ 110.571782178217816, -6.810456045604557 ], [ 110.571857185718571, -6.810381038103806 ], [ 110.571857185718571, -6.810456045604562 ], [ 110.571782178217816, -6.810456045604557 ] ], [ [ 110.571707170717076, -6.81053105310531 ], [ 110.571782178217816, -6.810456045604557 ], [ 110.571782178217816, -6.810531053105308 ], [ 110.571707170717076, -6.81053105310531 ] ], [ [ 110.571857185718571, -6.810606060606057 ], [ 110.571932193219325, -6.810456045604553 ], [ 110.571932193219325, -6.810606060606053 ], [ 110.571857185718571, -6.810606060606057 ] ], [ [ 110.571782178217816, -6.810681068106808 ], [ 110.571857185718571, -6.810606060606057 ], [ 110.571857185718571, -6.810681068106812 ], [ 110.571782178217816, -6.810681068106808 ] ], [ [ 110.570057005700576, -6.810831083108302 ], [ 110.570132013201317, -6.810756075607557 ], [ 110.570132013201317, -6.810831083108305 ], [ 110.570057005700576, -6.810831083108302 ] ] ] } },
{ "type": "Feature", "properties": { "year": 2039, "layer": "atrisk" }, "geometry": { "type": "Polygon", "coordinates": [ [ [ 110.551080108010808, -6.829132913291328 ], [ 110.552805280528062, -6.830108010801085 ], [ 110.553780378037814, -6.830108010801084 ], [ 110.551080108010808, -6.829132913291328 ] ] ] } },
{ "type": "Feature", "properties": { "year": 2039, "layer": "atrisk" }, "geometry": { "type": "Polygon", "coordinates": [ [ [ 110.52737773777379, -6.848109810981089 ], [ 110.522652265226526, -6.848334833483343 ], [ 110.521827182718269, -6.848859885988604 ], [ 110.524902490249019, -6.850210021002101 ], [ 110.52737773777379, -6.848109810981089 ] ] ] } },
{ "type": "Feature", "properties": { "year": 2039, "layer": "atrisk" }, "geometry": { "type": "Polygon", "coordinates": [ [ [ 110.442694269426937, -6.938943894389436 ], [ 110.440819081908202, -6.938043804380433 ], [ 110.439468946894692, -6.938943894389444 ], [ 110.442694269426937, -6.938943894389436 ] ] ] } },
{ "type": "Feature", "properties": { "year": 2039, "layer": "atrisk" }, "geometry": { "type": "Polygon", "coordinates": [ [ [ 110.551455145514552, -6.808280828082807 ], [ 110.549504950495063, -6.811131113111306 ], [ 110.552280228022809, -6.809180918091805 ], [ 110.549204920492045, -6.812931293129317 ], [ 110.549429942994294, -6.818181818181825 ], [ 110.546204620462063, -6.821332133213324 ], [ 110.544029402940296, -6.819906990699073 ], [ 110.542454245424537, -6.820657065706573 ], [ 110.537353735373543, -6.827182718271833 ], [ 110.534953495349541, -6.82778277827782 ], [ 110.53052805280528, -6.832058205820585 ], [ 110.532703270327033, -6.834908490849092 ], [ 110.534878487848786, -6.832058205820581 ], [ 110.533453345334536, -6.836183618361834 ], [ 110.529777977797778, -6.832283228322838 ], [ 110.520102010201029, -6.834983498349827 ], [ 110.523402340234028, -6.838508850885088 ], [ 110.52572757275729, -6.839333933393334 ], [ 110.527527752775271, -6.839333933393331 ], [ 110.528727872787272, -6.844584458445837 ], [ 110.527527752775271, -6.848109810981098 ], [ 110.529777977797778, -6.846159615961599 ], [ 110.529252925292525, -6.848484848484844 ], [ 110.52767776777678, -6.848559855985592 ], [ 110.526477647764779, -6.850960096009591 ], [ 110.523702370237018, -6.850660066006607 ], [ 110.52160216021602, -6.851410141014102 ], [ 110.522202220222027, -6.849759975997596 ], [ 110.521077107710781, -6.849684968496851 ], [ 110.519351935193512, -6.855160516051599 ], [ 110.520702070207022, -6.855610561056099 ], [ 110.51852685268527, -6.857185718571853 ], [ 110.518451845184529, -6.855085508550848 ], [ 110.51522652265227, -6.85913591359135 ], [ 110.516051605160513, -6.86063606360636 ], [ 110.515901590159018, -6.859885988598856 ], [ 110.519201920192017, -6.857410741074105 ], [ 110.519051905190523, -6.858460846084607 ], [ 110.517776777677767, -6.858610861086112 ], [ 110.516351635163517, -6.860336033603363 ], [ 110.519576957695776, -6.86213621362136 ], [ 110.515076507650761, -6.867386738673869 ], [ 110.508700870087011, -6.880063006300624 ], [ 110.478997899789974, -6.918241824182414 ], [ 110.47562256225622, -6.920942094209425 ], [ 110.476072607260733, -6.924167416741672 ], [ 110.470447044704471, -6.925442544254425 ], [ 110.467371737173721, -6.930468046804684 ], [ 110.46482148214821, -6.929717971797172 ], [ 110.461221122112207, -6.932418241824185 ], [ 110.46009600960096, -6.931818181818182 ], [ 110.459870987098711, -6.933318331833183 ], [ 110.458820882088204, -6.932343234323429 ], [ 110.455520552055205, -6.935943594359435 ], [ 110.452970297029708, -6.936318631863181 ], [ 110.452145214521451, -6.935043504350432 ], [ 110.449219921992196, -6.936918691869195 ], [ 110.448394839483953, -6.935418541854187 ], [ 110.444419441944191, -6.938943894389443 ], [ 110.460996099609957, -6.938943894389444 ], [ 110.461221122112207, -6.937443744374438 ], [ 110.462796279627966, -6.938943894389438 ], [ 110.461596159615965, -6.937293729372946 ], [ 110.462796279627966, -6.936393639363934 ], [ 110.465271527152709, -6.938943894389434 ], [ 110.464446444644466, -6.936843684368434 ], [ 110.466846684668468, -6.938943894389434 ], [ 110.482073207320738, -6.938493849384936 ], [ 110.490474047404746, -6.935193519351929 ], [ 110.496174617461747, -6.930093009300924 ], [ 110.501050105010506, -6.919141914191428 ], [ 110.50142514251425, -6.896939693969404 ], [ 110.508325832583253, -6.894989498949901 ], [ 110.51357635763577, -6.891764176417639 ], [ 110.520777077707791, -6.881488148814877 ], [ 110.522277227722768, -6.872337233723364 ], [ 110.521977197719778, -6.855535553555356 ], [ 110.528277827782773, -6.853660366036598 ], [ 110.534053405340529, -6.850285028502846 ], [ 110.540129012901289, -6.84293429342935 ], [ 110.540954095409546, -6.841134113411338 ], [ 110.539153915391537, -6.839408940894092 ], [ 110.541179117911796, -6.840684068406834 ], [ 110.542754275427541, -6.834383438343829 ], [ 110.547254725472541, -6.833408340834084 ], [ 110.545154515451543, -6.83160816081608 ], [ 110.545829582958291, -6.830558055805582 ], [ 110.5476297629763, -6.833258325832576 ], [ 110.551080108010808, -6.831833183318333 ], [ 110.548529852985297, -6.82823282328232 ], [ 110.554680468046811, -6.829507950795079 ], [ 110.561656165616569, -6.820582058205828 ], [ 110.561881188118818, -6.81608160816082 ], [ 110.551455145514552, -6.808280828082807 ] ], [ [ 110.552355235523549, -6.80910591059106 ], [ 110.552430243024304, -6.809030903090306 ], [ 110.552430243024304, -6.809105910591066 ], [ 110.552355235523549, -6.80910591059106 ] ], [ [ 110.552280228022809, -6.809180918091805 ], [ 110.552355235523549, -6.80910591059106 ], [ 110.552355235523549, -6.809180918091815 ], [ 110.552280228022809, -6.809180918091805 ] ], [ [ 110.550105010501056, -6.814731473147317 ], [ 110.551530153015307, -6.814881488148822 ], [ 110.551605160516047, -6.815256525652572 ], [ 110.550105010501056, -6.814731473147317 ] ], [ [ 110.551680168016802, -6.815181518151813 ], [ 110.551830183018296, -6.815031503150312 ], [ 110.551830183018296, -6.815181518151813 ], [ 110.551680168016802, -6.815181518151813 ] ], [ [ 110.551830183018296, -6.81525652565257 ], [ 110.551980198019805, -6.815181518151809 ], [ 110.551980198019805, -6.815331533153317 ], [ 110.551830183018296, -6.81525652565257 ] ], [ [ 110.551605160516047, -6.815331533153321 ], [ 110.551755175517556, -6.815256525652572 ], [ 110.551755175517556, -6.815406540654064 ], [ 110.551605160516047, -6.815331533153321 ] ], [ [ 110.549654965496543, -6.817431743174315 ], [ 110.549729972997298, -6.817356735673568 ], [ 110.549729972997298, -6.81743174317432 ], [ 110.549654965496543, -6.817431743174315 ] ], [ [ 110.551830183018296, -6.821182118211814 ], [ 110.551980198019805, -6.822307230723077 ], [ 110.550255025502551, -6.824482448244822 ], [ 110.549504950495063, -6.82493249324932 ], [ 110.551830183018296, -6.821182118211814 ] ], [ [ 110.544779477947799, -6.821257125712567 ], [ 110.545004500450048, -6.823582358235822 ], [ 110.547479747974791, -6.825307530753079 ], [ 110.549729972997298, -6.822982298229816 ], [ 110.548079807980798, -6.825907590759075 ], [ 110.547179717971801, -6.825682568256817 ], [ 110.546504650465053, -6.826507650765078 ], [ 110.543729372937293, -6.824407440744077 ], [ 110.544779477947799, -6.821257125712567 ] ], [ [ 110.545529552955301, -6.821782178217823 ], [ 110.545679567956796, -6.821707170717066 ], [ 110.545679567956796, -6.821857185718574 ], [ 110.545529552955301, -6.821782178217823 ] ], [ [ 110.545529552955301, -6.822007200720066 ], [ 110.545604560456042, -6.821932193219324 ], [ 110.545604560456042, -6.822007200720066 ], [ 110.545529552955301, -6.822007200720066 ] ], [ [ 110.550030003000302, -6.823957395739578 ], [ 110.550105010501056, -6.823882388238816 ], [ 110.550105010501056, -6.823957395739577 ], [ 110.550030003000302, -6.823957395739578 ] ], [ [ 110.552880288028803, -6.824407440744071 ], [ 110.553255325532547, -6.824707470747072 ], [ 110.553030303030297, -6.824782478247829 ], [ 110.552880288028803, -6.825082508250824 ], [ 110.552655265526553, -6.82598259825982 ], [ 110.552880288028803, -6.824407440744071 ] ], [ [ 110.549204920492045, -6.824557455745572 ], [ 110.549279927992799, -6.824482448244824 ], [ 110.549279927992799, -6.824557455745573 ], [ 110.549204920492045, -6.824557455745572 ] ], [ [ 110.549429942994294, -6.824782478247819 ], [ 110.549579957995803, -6.824557455745568 ], [ 110.549579957995803, -6.824707470747073 ], [ 110.549429942994294, -6.824782478247819 ] ], [ [ 110.549129912991305, -6.824707470747069 ], [ 110.549204920492045, -6.824632463246326 ], [ 110.549204920492045, -6.82470747074707 ], [ 110.549129912991305, -6.824707470747069 ] ], [ [ 110.549204920492045, -6.824782478247818 ], [ 110.549279927992799, -6.824707470747067 ], [ 110.549279927992799, -6.824782478247828 ], [ 110.549204920492045, -6.824782478247818 ] ], [ [ 110.553105310531052, -6.824857485748584 ], [ 110.553180318031806, -6.824782478247828 ], [ 110.553180318031806, -6.824857485748581 ], [ 110.553105310531052, -6.824857485748584 ] ], [ [ 110.54740474047405, -6.825907590759078 ], [ 110.547479747974791, -6.825832583258328 ], [ 110.547479747974791, -6.825907590759082 ], [ 110.54740474047405, -6.825907590759078 ] ], [ [ 110.540579057905802, -6.826207620762081 ], [ 110.541029102910286, -6.826207620762072 ], [ 110.540729072907297, -6.826507650765077 ], [ 110.540579057905802, -6.826207620762081 ] ], [ [ 110.540504050405048, -6.826507650765076 ], [ 110.540579057905802, -6.826432643264321 ], [ 110.540579057905802, -6.826507650765073 ], [ 110.540504050405048, -6.826507650765076 ] ], [ [ 110.546129612961295, -6.826882688268819 ], [ 110.547554755475545, -6.828082808280823 ], [ 110.54605460546054, -6.830333033303321 ], [ 110.546729672967302, -6.828232823282325 ], [ 110.546129612961295, -6.826882688268819 ] ], [ [ 110.548679867986792, -6.827857785778583 ], [ 110.549204920492045, -6.827707770777086 ], [ 110.549354935493554, -6.828157815781585 ], [ 110.548679867986792, -6.827857785778583 ] ], [ [ 110.536378637863791, -6.828157815781585 ], [ 110.536453645364531, -6.828007800780076 ], [ 110.536453645364531, -6.828157815781581 ], [ 110.536378637863791, -6.828157815781585 ] ], [ [ 110.536453645364531, -6.828457845784583 ], [ 110.53660366036604, -6.828232823282322 ], [ 110.536753675367535, -6.828607860786081 ], [ 110.536678667866781, -6.82853285328533 ], [ 110.536528652865286, -6.828532853285322 ], [ 110.536528652865286, -6.828457845784576 ], [ 110.536453645364531, -6.828457845784583 ] ], [ [ 110.536378637863791, -6.828532853285321 ], [ 110.536453645364531, -6.828457845784583 ], [ 110.536453645364531, -6.828532853285329 ], [ 110.536378637863791, -6.828532853285321 ] ], [ [ 110.536753675367535, -6.828682868286827 ], [ 110.53682868286829, -6.828607860786082 ], [ 110.53682868286829, -6.82868286828683 ], [ 110.536753675367535, -6.828682868286827 ] ], [ [ 110.536528652865286, -6.828757875787574 ], [ 110.53660366036604, -6.828682868286836 ], [ 110.53660366036604, -6.828757875787582 ], [ 110.536528652865286, -6.828757875787574 ] ], [ [ 110.53660366036604, -6.828907890789085 ], [ 110.536678667866781, -6.828757875787574 ], [ 110.536678667866781, -6.828907890789084 ], [ 110.53660366036604, -6.828907890789085 ] ], [ [ 110.53682868286829, -6.828832883288334 ], [ 110.53690369036903, -6.828757875787572 ], [ 110.53690369036903, -6.82883288328833 ], [ 110.53682868286829, -6.828832883288334 ] ], [ [ 110.536753675367535, -6.829132913291323 ], [ 110.537203720372034, -6.828982898289827 ], [ 110.537428742874283, -6.830183018301822 ], [ 110.536753675367535, -6.829132913291323 ] ], [ [ 110.536678667866781, -6.828982898289829 ], [ 110.536753675367535, -6.828907890789086 ], [ 110.536753675367535, -6.828982898289834 ], [ 110.536678667866781, -6.828982898289829 ] ], [ [ 110.537503750375038, -6.830108010801087 ], [ 110.537578757875792, -6.829957995799587 ], [ 110.537578757875792, -6.83010801080108 ], [ 110.537503750375038, -6.830108010801087 ] ], [ [ 110.546504650465053, -6.830108010801074 ], [ 110.546579657965793, -6.829957995799583 ], [ 110.546579657965793, -6.830108010801076 ], [ 110.546504650465053, -6.830108010801074 ] ], [ [ 110.537578757875792, -6.830183018301826 ], [ 110.537653765376533, -6.830108010801076 ], [ 110.537653765376533, -6.830183018301822 ], [ 110.537578757875792, -6.830183018301826 ] ], [ [ 110.537428742874283, -6.830258025802571 ], [ 110.537503750375038, -6.830183018301831 ], [ 110.537503750375038, -6.83025802580258 ], [ 110.537428742874283, -6.830258025802571 ] ], [ [ 110.537503750375038, -6.830408040804075 ], [ 110.537578757875792, -6.830258025802576 ], [ 110.537578757875792, -6.830408040804087 ], [ 110.537503750375038, -6.830408040804075 ] ], [ [ 110.537653765376533, -6.830333033303326 ], [ 110.537728772877287, -6.830258025802572 ], [ 110.537728772877287, -6.830333033303325 ], [ 110.537653765376533, -6.830333033303326 ] ], [ [ 110.546354635463544, -6.830333033303322 ], [ 110.546429642964299, -6.830258025802576 ], [ 110.546429642964299, -6.830333033303325 ], [ 110.546354635463544, -6.830333033303322 ] ], [ [ 110.5459795979598, -6.830408040804084 ], [ 110.54605460546054, -6.830333033303321 ], [ 110.54605460546054, -6.830408040804077 ], [ 110.5459795979598, -6.830408040804084 ] ], [ [ 110.537953795379551, -6.832208220822089 ], [ 110.537803780378042, -6.830408040804087 ], [ 110.538553855385544, -6.832283228322833 ], [ 110.537953795379551, -6.832208220822089 ] ], [ [ 110.545904590459045, -6.830483048304833 ], [ 110.5459795979598, -6.830408040804084 ], [ 110.5459795979598, -6.830483048304828 ], [ 110.545904590459045, -6.830483048304833 ] ], [ [ 110.538553855385544, -6.832358235823582 ], [ 110.538703870387039, -6.832283228322831 ], [ 110.538703870387039, -6.832358235823578 ], [ 110.538553855385544, -6.832358235823582 ] ], [ [ 110.538778877887793, -6.832433243324332 ], [ 110.538928892889302, -6.832358235823589 ], [ 110.538928892889302, -6.832433243324332 ], [ 110.538778877887793, -6.832433243324332 ] ], [ [ 110.538328832883295, -6.832508250825076 ], [ 110.53847884788479, -6.832433243324331 ], [ 110.53847884788479, -6.832508250825073 ], [ 110.538328832883295, -6.832508250825076 ] ], [ [ 110.53847884788479, -6.832583258325836 ], [ 110.538703870387039, -6.832508250825083 ], [ 110.538703870387039, -6.832583258325827 ], [ 110.53847884788479, -6.832583258325836 ] ], [ [ 110.538703870387039, -6.832583258325827 ], [ 110.539828982898285, -6.832658265826575 ], [ 110.540279027902784, -6.83303330333034 ], [ 110.539528952895296, -6.833033303330327 ], [ 110.538703870387039, -6.832583258325827 ] ], [ [ 110.540204020402044, -6.833183318331826 ], [ 110.542679267926786, -6.833858385838576 ], [ 110.542379237923797, -6.834683468346832 ], [ 110.540204020402044, -6.833183318331826 ] ], [ [ 110.525877587758771, -6.834383438343834 ], [ 110.526852685268523, -6.83633363336334 ], [ 110.528277827782773, -6.837308730873092 ], [ 110.52437743774378, -6.835283528352831 ], [ 110.525877587758771, -6.834383438343834 ] ], [ [ 110.542079207920793, -6.834908490849082 ], [ 110.542154215421547, -6.834983498349835 ], [ 110.542004200420038, -6.834983498349831 ], [ 110.542079207920793, -6.834908490849082 ] ], [ [ 110.522652265226526, -6.834833483348332 ], [ 110.525052505250528, -6.83633363336333 ], [ 110.524752475247524, -6.83768376837683 ], [ 110.521977197719778, -6.836483648364843 ], [ 110.522652265226526, -6.834833483348332 ] ], [ [ 110.525052505250528, -6.83633363336333 ], [ 110.525127512751268, -6.836258625862581 ], [ 110.525127512751268, -6.836333633363338 ], [ 110.525052505250528, -6.83633363336333 ] ], [ [ 110.525202520252023, -6.836483648364838 ], [ 110.525277527752777, -6.83633363336333 ], [ 110.525277527752777, -6.836483648364839 ], [ 110.525202520252023, -6.836483648364838 ] ], [ [ 110.534353435343533, -6.836633663366341 ], [ 110.534503450345028, -6.836558655865586 ], [ 110.534503450345028, -6.836633663366328 ], [ 110.534353435343533, -6.836633663366341 ] ], [ [ 110.534503450345028, -6.836633663366328 ], [ 110.535628562856303, -6.837008700870087 ], [ 110.536228622862282, -6.837458745874578 ], [ 110.53547854785478, -6.837383738373841 ], [ 110.534503450345028, -6.836633663366328 ] ], [ [ 110.529777977797778, -6.836783678367836 ], [ 110.530228022802277, -6.83670867086709 ], [ 110.530228022802277, -6.836783678367836 ], [ 110.529777977797778, -6.836783678367836 ] ], [ [ 110.529852985298533, -6.837083708370833 ], [ 110.530303030303031, -6.836858685868589 ], [ 110.530303030303031, -6.837083708370836 ], [ 110.529852985298533, -6.837083708370833 ] ], [ [ 110.528052805280524, -6.837008700870091 ], [ 110.528727872787272, -6.837158715871579 ], [ 110.528052805280524, -6.837083708370844 ], [ 110.528052805280524, -6.837008700870091 ] ], [ [ 110.528802880288026, -6.837083708370836 ], [ 110.53240324032403, -6.837533753375336 ], [ 110.533978397839789, -6.838133813381343 ], [ 110.532478247824784, -6.838208820882084 ], [ 110.528802880288026, -6.837083708370836 ] ], [ [ 110.535853585358538, -6.837158715871591 ], [ 110.535928592859293, -6.83708370837084 ], [ 110.535928592859293, -6.837158715871589 ], [ 110.535853585358538, -6.837158715871591 ] ], [ [ 110.536078607860787, -6.837158715871595 ], [ 110.536153615361542, -6.837083708370842 ], [ 110.536153615361542, -6.837158715871582 ], [ 110.536078607860787, -6.837158715871595 ] ], [ [ 110.536153615361542, -6.837233723372344 ], [ 110.536303630363051, -6.837158715871585 ], [ 110.536303630363051, -6.837233723372334 ], [ 110.536153615361542, -6.837233723372344 ] ], [ [ 110.528352835283542, -6.837308730873092 ], [ 110.528427842784282, -6.837233723372338 ], [ 110.528427842784282, -6.837308730873082 ], [ 110.528352835283542, -6.837308730873092 ] ], [ [ 110.536303630363051, -6.837308730873088 ], [ 110.536378637863791, -6.837233723372333 ], [ 110.536378637863791, -6.837308730873088 ], [ 110.536303630363051, -6.837308730873088 ] ], [ [ 110.527227722772281, -6.837458745874579 ], [ 110.530078007800782, -6.837758775877591 ], [ 110.530453045304526, -6.837983798379833 ], [ 110.528052805280524, -6.837908790879094 ], [ 110.527227722772281, -6.837458745874579 ] ], [ [ 110.53052805280528, -6.838133813381345 ], [ 110.530828082808284, -6.837983798379828 ], [ 110.530903090309025, -6.838133813381337 ], [ 110.53052805280528, -6.838133813381345 ] ], [ [ 110.530903090309025, -6.838208820882087 ], [ 110.531128112811288, -6.838133813381339 ], [ 110.531128112811288, -6.83820882088209 ], [ 110.530903090309025, -6.838208820882087 ] ], [ [ 110.536078607860787, -6.838358835883596 ], [ 110.536528652865286, -6.838283828382831 ], [ 110.53660366036604, -6.83850885088509 ], [ 110.536078607860787, -6.838358835883596 ] ], [ [ 110.533453345334536, -6.838733873387345 ], [ 110.535328532853285, -6.838433843384334 ], [ 110.535703570357029, -6.838733873387347 ], [ 110.533453345334536, -6.838733873387345 ] ], [ [ 110.536753675367535, -6.838733873387335 ], [ 110.539828982898285, -6.840609060906091 ], [ 110.540354035403539, -6.841659165916593 ], [ 110.536753675367535, -6.838733873387335 ] ], [ [ 110.525427542754272, -6.839108910891084 ], [ 110.525577557755781, -6.838883888388843 ], [ 110.525502550255027, -6.839108910891087 ], [ 110.525427542754272, -6.839108910891084 ] ], [ [ 110.536678667866781, -6.839258925892594 ], [ 110.536753675367535, -6.839183918391831 ], [ 110.536753675367535, -6.83925892589259 ], [ 110.536678667866781, -6.839258925892594 ] ], [ [ 110.539078907890783, -6.839408940894096 ], [ 110.539153915391537, -6.839333933393339 ], [ 110.539153915391537, -6.839408940894092 ], [ 110.539078907890783, -6.839408940894096 ] ], [ [ 110.538553855385544, -6.841959195919596 ], [ 110.539078907890783, -6.841959195919587 ], [ 110.539528952895296, -6.8425592559256 ], [ 110.538553855385544, -6.841959195919596 ] ], [ [ 110.539153915391537, -6.841884188418843 ], [ 110.539303930393032, -6.841584158415836 ], [ 110.539228922892292, -6.841884188418844 ], [ 110.539153915391537, -6.841884188418843 ] ], [ [ 110.539603960396036, -6.841884188418847 ], [ 110.539678967896791, -6.841809180918096 ], [ 110.539678967896791, -6.841884188418847 ], [ 110.539603960396036, -6.841884188418847 ] ], [ [ 110.539078907890783, -6.841959195919587 ], [ 110.539153915391537, -6.841884188418843 ], [ 110.539153915391537, -6.841959195919587 ], [ 110.539078907890783, -6.841959195919587 ] ], [ [ 110.530603060306035, -6.842859285928593 ], [ 110.530678067806789, -6.84248424842484 ], [ 110.530678067806789, -6.842859285928587 ], [ 110.530603060306035, -6.842859285928593 ] ], [ [ 110.530303030303031, -6.843759375937599 ], [ 110.5303780378038, -6.843534353435346 ], [ 110.5303780378038, -6.843759375937595 ], [ 110.530303030303031, -6.843759375937599 ] ], [ [ 110.530453045304526, -6.843759375937589 ], [ 110.53052805280528, -6.843684368436848 ], [ 110.53052805280528, -6.843759375937598 ], [ 110.530453045304526, -6.843759375937589 ] ], [ [ 110.5303780378038, -6.843909390939094 ], [ 110.530453045304526, -6.84383438343835 ], [ 110.530453045304526, -6.843909390939095 ], [ 110.5303780378038, -6.843909390939094 ] ], [ [ 110.528877887788781, -6.845784578457842 ], [ 110.529177917791785, -6.845559555955605 ], [ 110.529327932793279, -6.845784578457846 ], [ 110.528877887788781, -6.845784578457842 ] ], [ [ 110.530078007800782, -6.846234623462347 ], [ 110.530603060306035, -6.846084608460847 ], [ 110.530678067806789, -6.846234623462353 ], [ 110.530078007800782, -6.846234623462347 ] ], [ [ 110.531728172817282, -6.847284728472842 ], [ 110.531803180318036, -6.8472097209721 ], [ 110.531803180318036, -6.847284728472839 ], [ 110.531728172817282, -6.847284728472842 ] ], [ [ 110.532328232823289, -6.847884788478841 ], [ 110.53240324032403, -6.84780978097809 ], [ 110.53240324032403, -6.847884788478851 ], [ 110.532328232823289, -6.847884788478841 ] ], [ [ 110.53240324032403, -6.847959795979598 ], [ 110.532478247824784, -6.847884788478851 ], [ 110.532478247824784, -6.84795979597959 ], [ 110.53240324032403, -6.847959795979598 ] ], [ [ 110.532553255325539, -6.848034803480341 ], [ 110.532628262826279, -6.847959795979594 ], [ 110.532628262826279, -6.848034803480355 ], [ 110.532553255325539, -6.848034803480341 ] ], [ [ 110.533378337833781, -6.848484848484847 ], [ 110.533453345334536, -6.848409840984105 ], [ 110.533453345334536, -6.848484848484857 ], [ 110.533378337833781, -6.848484848484847 ] ], [ [ 110.533453345334536, -6.848559855985593 ], [ 110.53352835283529, -6.848484848484854 ], [ 110.53352835283529, -6.8485598559856 ], [ 110.533453345334536, -6.848559855985593 ] ], [ [ 110.53352835283529, -6.848634863486348 ], [ 110.533603360336031, -6.848559855985593 ], [ 110.533603360336031, -6.848634863486349 ], [ 110.53352835283529, -6.848634863486348 ] ], [ [ 110.533603360336031, -6.848709870987093 ], [ 110.533678367836785, -6.848634863486354 ], [ 110.533678367836785, -6.848709870987105 ], [ 110.533603360336031, -6.848709870987093 ] ], [ [ 110.53382838283828, -6.849159915991605 ], [ 110.533903390339034, -6.849084908490844 ], [ 110.533903390339034, -6.849159915991604 ], [ 110.53382838283828, -6.849159915991605 ] ], [ [ 110.533903390339034, -6.849234923492349 ], [ 110.533978397839789, -6.849159915991607 ], [ 110.533978397839789, -6.849234923492342 ], [ 110.533903390339034, -6.849234923492349 ] ], [ [ 110.534353435343533, -6.849684968496843 ], [ 110.534428442844288, -6.849609960996102 ], [ 110.534428442844288, -6.849684968496846 ], [ 110.534353435343533, -6.849684968496843 ] ], [ [ 110.52295229522953, -6.851260126012605 ], [ 110.523252325232519, -6.851110111011096 ], [ 110.523252325232519, -6.851185118511857 ], [ 110.52295229522953, -6.851260126012605 ] ], [ [ 110.526252625262529, -6.852910291029094 ], [ 110.526477647764779, -6.852760276027601 ], [ 110.526477647764779, -6.852910291029102 ], [ 110.526252625262529, -6.852910291029094 ] ], [ [ 110.526702670267042, -6.853360336033604 ], [ 110.527077707770772, -6.853135313531352 ], [ 110.527002700270032, -6.853360336033599 ], [ 110.526702670267042, -6.853360336033604 ] ], [ [ 110.522127212721273, -6.85448544854486 ], [ 110.522427242724291, -6.854560456045597 ], [ 110.522127212721273, -6.854560456045605 ], [ 110.522127212721273, -6.85448544854486 ] ], [ [ 110.521977197719778, -6.854710471047107 ], [ 110.522052205220518, -6.854635463546357 ], [ 110.522052205220518, -6.854710471047103 ], [ 110.521977197719778, -6.854710471047107 ] ], [ [ 110.521752175217529, -6.854785478547853 ], [ 110.521902190219024, -6.854710471047108 ], [ 110.521902190219024, -6.854785478547853 ], [ 110.521752175217529, -6.854785478547853 ] ], [ [ 110.521677167716774, -6.854860486048602 ], [ 110.521752175217529, -6.854785478547853 ], [ 110.521752175217529, -6.854860486048602 ], [ 110.521677167716774, -6.854860486048602 ] ], [ [ 110.521527152715265, -6.855385538553849 ], [ 110.521977197719778, -6.855310531053105 ], [ 110.521527152715265, -6.855535553555349 ], [ 110.521527152715265, -6.855385538553849 ] ], [ [ 110.520702070207022, -6.855535553555362 ], [ 110.520777077707791, -6.855460546054601 ], [ 110.520777077707791, -6.855535553555363 ], [ 110.520702070207022, -6.855535553555362 ] ], [ [ 110.52137713771377, -6.855610561056101 ], [ 110.521527152715265, -6.855535553555349 ], [ 110.521527152715265, -6.855610561056104 ], [ 110.52137713771377, -6.855610561056101 ] ], [ [ 110.521752175217529, -6.855685568556854 ], [ 110.521977197719778, -6.855685568556853 ], [ 110.521752175217529, -6.855760576057614 ], [ 110.521752175217529, -6.855685568556854 ] ], [ [ 110.521677167716774, -6.85583558355835 ], [ 110.521752175217529, -6.855760576057614 ], [ 110.521752175217529, -6.85583558355836 ], [ 110.521677167716774, -6.85583558355835 ] ], [ [ 110.521527152715265, -6.855910591059113 ], [ 110.52160216021602, -6.855835583558351 ], [ 110.52160216021602, -6.855910591059114 ], [ 110.521527152715265, -6.855910591059113 ] ], [ [ 110.519576957695776, -6.856810681068112 ], [ 110.520252025202524, -6.856810681068106 ], [ 110.519351935193512, -6.857110711071101 ], [ 110.519576957695776, -6.856810681068112 ] ], [ [ 110.519276927692772, -6.857185718571857 ], [ 110.519351935193512, -6.857110711071101 ], [ 110.519351935193512, -6.857185718571858 ], [ 110.519276927692772, -6.857185718571857 ] ], [ [ 110.517476747674763, -6.857635763576356 ], [ 110.517701770177013, -6.857635763576362 ], [ 110.517476747674763, -6.857710771077111 ], [ 110.517476747674763, -6.857635763576356 ] ], [ [ 110.51687668766877, -6.858010801080106 ], [ 110.517476747674763, -6.858310831083109 ], [ 110.51695169516951, -6.85861086108611 ], [ 110.51687668766877, -6.858010801080106 ] ], [ [ 110.517851785178522, -6.858760876087607 ], [ 110.517926792679262, -6.858685868586862 ], [ 110.517926792679262, -6.858760876087615 ], [ 110.517851785178522, -6.858760876087607 ] ], [ [ 110.517776777677767, -6.858835883588362 ], [ 110.517851785178522, -6.858760876087607 ], [ 110.517851785178522, -6.858835883588363 ], [ 110.517776777677767, -6.858835883588362 ] ], [ [ 110.521152115211521, -6.859960996099619 ], [ 110.521302130213016, -6.859885988598858 ], [ 110.521302130213016, -6.859960996099612 ], [ 110.521152115211521, -6.859960996099619 ] ], [ [ 110.521077107710781, -6.86003600360036 ], [ 110.521152115211521, -6.859960996099619 ], [ 110.521152115211521, -6.860036003600354 ], [ 110.521077107710781, -6.86003600360036 ] ], [ [ 110.516501650165011, -6.872412241224116 ], [ 110.516651665166521, -6.872112211221121 ], [ 110.516726672667261, -6.87248724872488 ], [ 110.516501650165011, -6.872412241224116 ] ], [ [ 110.516726672667261, -6.872712271227121 ], [ 110.517026702670265, -6.872562256225625 ], [ 110.517101710171019, -6.872787278727867 ], [ 110.516726672667261, -6.872712271227121 ] ], [ [ 110.513426342634261, -6.87361236123612 ], [ 110.51357635763577, -6.873387338733878 ], [ 110.51350135013503, -6.87361236123613 ], [ 110.513426342634261, -6.87361236123612 ] ], [ [ 110.509300930093005, -6.879612961296131 ], [ 110.509450945094514, -6.879537953795375 ], [ 110.509525952595268, -6.879912991299125 ], [ 110.509300930093005, -6.879612961296131 ] ], [ [ 110.509075907590756, -6.881413141314137 ], [ 110.509525952595268, -6.881188118811889 ], [ 110.509075907590756, -6.881713171317126 ], [ 110.509075907590756, -6.881413141314137 ] ], [ [ 110.509075907590756, -6.882088208820886 ], [ 110.50915091509151, -6.88193819381938 ], [ 110.50915091509151, -6.882088208820889 ], [ 110.509075907590756, -6.882088208820886 ] ], [ [ 110.506900690069003, -6.885538553855383 ], [ 110.507575757575751, -6.88546354635464 ], [ 110.506825682568262, -6.885988598859891 ], [ 110.506900690069003, -6.885538553855383 ] ], [ [ 110.516126612661267, -6.886513651365135 ], [ 110.516201620162022, -6.886438643864391 ], [ 110.516201620162022, -6.886513651365134 ], [ 110.516126612661267, -6.886513651365135 ] ], [ [ 110.4938493849385, -6.907515751575154 ], [ 110.494224422442244, -6.907440744074403 ], [ 110.494224422442244, -6.907590759075914 ], [ 110.4938493849385, -6.907515751575154 ] ], [ [ 110.490474047404746, -6.908640864086413 ], [ 110.491674167416747, -6.909465946594655 ], [ 110.491674167416747, -6.909615961596157 ], [ 110.490699069906995, -6.909990999099903 ], [ 110.490474047404746, -6.908640864086413 ] ], [ [ 110.48619861986198, -6.911791179117902 ], [ 110.488748874887492, -6.909915991599158 ], [ 110.486948694869483, -6.911491149114916 ], [ 110.48754875487549, -6.91336633663366 ], [ 110.485898589858991, -6.914791479147909 ], [ 110.48619861986198, -6.911791179117902 ] ], [ [ 110.492574257425744, -6.910591059105917 ], [ 110.493024302430257, -6.910291029102915 ], [ 110.493024302430257, -6.91051605160516 ], [ 110.492574257425744, -6.910591059105917 ] ], [ [ 110.488373837383747, -6.913066306630665 ], [ 110.488673867386737, -6.912841284128421 ], [ 110.488673867386737, -6.913066306630654 ], [ 110.488373837383747, -6.913066306630665 ] ], [ [ 110.487998799879989, -6.913141314131406 ], [ 110.488298829882993, -6.912991299129912 ], [ 110.488223822382238, -6.913141314131418 ], [ 110.487998799879989, -6.913141314131406 ] ], [ [ 110.487848784878494, -6.91374137413742 ], [ 110.488598859885983, -6.913741374137407 ], [ 110.48777377737774, -6.914191419141913 ], [ 110.487848784878494, -6.91374137413742 ] ], [ [ 110.487323732373241, -6.91486648664867 ], [ 110.487698769876985, -6.914566456645669 ], [ 110.48754875487549, -6.914941494149411 ], [ 110.487323732373241, -6.91486648664867 ] ], [ [ 110.487848784878494, -6.914866486648657 ], [ 110.488148814881484, -6.91471647164716 ], [ 110.488073807380758, -6.914866486648669 ], [ 110.487848784878494, -6.914866486648657 ] ], [ [ 110.481998199819984, -6.916216621662167 ], [ 110.483648364836483, -6.916966696669675 ], [ 110.483798379837978, -6.917866786678672 ], [ 110.481998199819984, -6.916216621662167 ] ], [ [ 110.492724272427239, -6.916591659165924 ], [ 110.492949294929488, -6.916441644164416 ], [ 110.492949294929488, -6.91659165916591 ], [ 110.492724272427239, -6.916591659165924 ] ], [ [ 110.493249324932492, -6.917716771677164 ], [ 110.493324332433247, -6.917491749174911 ], [ 110.493324332433247, -6.917716771677165 ], [ 110.493249324932492, -6.917716771677164 ] ], [ [ 110.486873687368742, -6.922367236723671 ], [ 110.486948694869483, -6.922217221722181 ], [ 110.487023702370237, -6.922367236723679 ], [ 110.486873687368742, -6.922367236723671 ] ], [ [ 110.479897989798985, -6.925742574257426 ], [ 110.480123012301235, -6.925142514251424 ], [ 110.481173117311727, -6.926267626762682 ], [ 110.479897989798985, -6.925742574257426 ] ], [ [ 110.481398139813976, -6.925217521752172 ], [ 110.482823282328226, -6.925292529252926 ], [ 110.482823282328226, -6.926117611761184 ], [ 110.481398139813976, -6.925217521752172 ] ], [ [ 110.48169816981698, -6.927092709270926 ], [ 110.482073207320738, -6.926792679267933 ], [ 110.481848184818489, -6.927167716771672 ], [ 110.48169816981698, -6.927092709270926 ] ], [ [ 110.484998499849979, -6.927242724272425 ], [ 110.485148514851488, -6.927017701770176 ], [ 110.485073507350748, -6.927242724272421 ], [ 110.484998499849979, -6.927242724272425 ] ], [ [ 110.48447344734474, -6.927392739273923 ], [ 110.484923492349239, -6.92761776177618 ], [ 110.484623462346235, -6.927692769276921 ], [ 110.48447344734474, -6.927392739273923 ] ], [ [ 110.482973297329735, -6.928142814281431 ], [ 110.482898289828981, -6.927692769276923 ], [ 110.483198319831985, -6.928142814281435 ], [ 110.482973297329735, -6.928142814281431 ] ], [ [ 110.484023402340227, -6.928817881788185 ], [ 110.483948394839487, -6.928292829282935 ], [ 110.484323432343231, -6.928142814281421 ], [ 110.484548454845481, -6.928217821782176 ], [ 110.484023402340227, -6.928817881788185 ] ], [ [ 110.461671167116705, -6.933543354335435 ], [ 110.461971197119723, -6.933318331833185 ], [ 110.461971197119723, -6.933618361836189 ], [ 110.461671167116705, -6.933543354335435 ] ], [ [ 110.459570957095707, -6.933843384338433 ], [ 110.459870987098711, -6.933618361836174 ], [ 110.459870987098711, -6.933843384338437 ], [ 110.459570957095707, -6.933843384338433 ] ], [ [ 110.459645964596476, -6.933918391839185 ], [ 110.459945994599465, -6.934143414341427 ], [ 110.459570957095707, -6.934143414341428 ], [ 110.459645964596476, -6.933918391839185 ] ], [ [ 110.462046204620464, -6.934143414341435 ], [ 110.462121212121218, -6.934068406840677 ], [ 110.462121212121218, -6.934143414341428 ], [ 110.462046204620464, -6.934143414341435 ] ], [ [ 110.46009600960096, -6.934818481848184 ], [ 110.462046204620464, -6.93481848184818 ], [ 110.460846084608463, -6.935793579357931 ], [ 110.462121212121218, -6.936768676867683 ], [ 110.459645964596476, -6.938418841884186 ], [ 110.458595859585955, -6.93684368436844 ], [ 110.46009600960096, -6.934818481848184 ] ], [ [ 110.461971197119723, -6.936243624362429 ], [ 110.462871287128706, -6.936243624362437 ], [ 110.462121212121218, -6.936543654365437 ], [ 110.461971197119723, -6.936243624362429 ] ], [ [ 110.461446144614456, -6.937443744374435 ], [ 110.46152115211521, -6.937293729372937 ], [ 110.46152115211521, -6.937443744374439 ], [ 110.461446144614456, -6.937443744374435 ] ], [ [ 110.458070807080702, -6.93774377437743 ], [ 110.458145814581457, -6.937668766876691 ], [ 110.458145814581457, -6.937743774377437 ], [ 110.458070807080702, -6.93774377437743 ] ], [ [ 110.458145814581457, -6.937818781878186 ], [ 110.458220822082211, -6.937743774377434 ], [ 110.458220822082211, -6.937818781878182 ], [ 110.458145814581457, -6.937818781878186 ] ], [ [ 110.458145814581457, -6.937968796879689 ], [ 110.458220822082211, -6.937893789378929 ], [ 110.458220822082211, -6.937968796879681 ], [ 110.458145814581457, -6.937968796879689 ] ], [ [ 110.46452145214522, -6.938118811881195 ], [ 110.464596459645975, -6.938043804380433 ], [ 110.464596459645975, -6.938118811881192 ], [ 110.46452145214522, -6.938118811881195 ] ] ] } },
{ "type": "Feature", "properties": { "year": 2039, "layer": "atrisk" }, "geometry": { "type": "Polygon", "coordinates": [ [ [ 110.438643864386435, -6.93946894689469 ], [ 110.437368736873694, -6.939618961896188 ], [ 110.437743774377438, -6.942319231923186 ], [ 110.438643864386435, -6.93946894689469 ] ] ] } },
{ "type": "Feature", "properties": { "year": 2039, "layer": "atrisk" }, "geometry": { "type": "Polygon", "coordinates": [ [ [ 110.424542454245426, -6.943294329432935 ], [ 110.423942394239418, -6.944269426942697 ], [ 110.424467446744671, -6.946069606960693 ], [ 110.424767476747675, -6.943594359435946 ], [ 110.425817581758182, -6.943894389438935 ], [ 110.424542454245426, -6.943294329432935 ] ] ] } },
{ "type": "Feature", "properties": { "year": 2039, "layer": "atrisk" }, "geometry": { "type": "Polygon", "coordinates": [ [ [ 110.41854185418542, -6.945769576957698 ], [ 110.416741674167412, -6.946219621962201 ], [ 110.416666666666671, -6.946969696969693 ], [ 110.418616861686175, -6.946969696969693 ], [ 110.41854185418542, -6.945769576957698 ] ] ] } },
{ "type": "Feature", "properties": { "year": 2039, "layer": "atrisk" }, "geometry": { "type": "Polygon", "coordinates": [ [ [ 110.432118211821177, -6.946369636963696 ], [ 110.431068106810685, -6.946669666966699 ], [ 110.431968196819682, -6.947419741974191 ], [ 110.432118211821177, -6.946369636963696 ] ] ] } },
{ "type": "Feature", "properties": { "year": 2039, "layer": "atrisk" }, "geometry": { "type": "Polygon", "coordinates": [ [ [ 110.399039903990399, -6.947194719471939 ], [ 110.39881488148815, -6.946819681968202 ], [ 110.397314731473145, -6.947944794479455 ], [ 110.399039903990399, -6.947194719471939 ] ] ] } },
{ "type": "Feature", "properties": { "year": 2039, "layer": "atrisk" }, "geometry": { "type": "Polygon", "coordinates": [ [ [ 110.425967596759691, -6.942394239423947 ], [ 110.425667566756672, -6.944644464446451 ], [ 110.427242724272432, -6.945994599459937 ], [ 110.425967596759691, -6.945769576957691 ], [ 110.42461746174618, -6.947119711971196 ], [ 110.425517551755178, -6.948094809480953 ], [ 110.427767776777671, -6.946369636963701 ], [ 110.425967596759691, -6.942394239423947 ] ], [ [ 110.42634263426342, -6.944344434443447 ], [ 110.426417641764175, -6.944269426942699 ], [ 110.426417641764175, -6.944344434443437 ], [ 110.42634263426342, -6.944344434443447 ] ], [ [ 110.426417641764175, -6.944494449444934 ], [ 110.426492649264929, -6.944419441944198 ], [ 110.426492649264929, -6.944494449444939 ], [ 110.426417641764175, -6.944494449444934 ] ], [ [ 110.426717671767179, -6.946369636963698 ], [ 110.426867686768674, -6.946219621962198 ], [ 110.426792679267933, -6.946369636963697 ], [ 110.426717671767179, -6.946369636963698 ] ], [ [ 110.42634263426342, -6.946669666966701 ], [ 110.426642664266424, -6.946369636963691 ], [ 110.426642664266424, -6.946594659465937 ], [ 110.42634263426342, -6.946669666966701 ] ], [ [ 110.425442544254423, -6.947494749474947 ], [ 110.425517551755178, -6.947419741974199 ], [ 110.425517551755178, -6.947494749474954 ], [ 110.425442544254423, -6.947494749474947 ] ] ] } },
{ "type": "Feature", "properties": { "year": 2039, "layer": "atrisk" }, "geometry": { "type": "Polygon", "coordinates": [ [ [ 110.430918091809176, -6.946894689468953 ], [ 110.428142814281429, -6.945844584458442 ], [ 110.42956795679568, -6.947269726972704 ], [ 110.428367836783679, -6.94816981698169 ], [ 110.430918091809176, -6.946894689468953 ] ] ] } },
{ "type": "Feature", "properties": { "year": 2039, "layer": "atrisk" }, "geometry": { "type": "Polygon", "coordinates": [ [ [ 110.418391839183911, -6.94824482448244 ], [ 110.417416741674174, -6.947869786978702 ], [ 110.417566756675669, -6.948769876987696 ], [ 110.418391839183911, -6.94824482448244 ] ] ] } },
{ "type": "Feature", "properties": { "year": 2039, "layer": "atrisk" }, "geometry": { "type": "Polygon", "coordinates": [ [ [ 110.392439243924386, -6.946069606960696 ], [ 110.390714071407146, -6.947044704470444 ], [ 110.388988898889892, -6.948394839483953 ], [ 110.388988898889892, -6.948844884488444 ], [ 110.392439243924386, -6.946069606960696 ] ] ] } },
{ "type": "Feature", "properties": { "year": 2039, "layer": "atrisk" }, "geometry": { "type": "Polygon", "coordinates": [ [ [ 110.407890789078905, -6.948244824482443 ], [ 110.407215721572157, -6.948469846984707 ], [ 110.407590759075902, -6.949969996999692 ], [ 110.407890789078905, -6.948244824482443 ] ] ] } },
{ "type": "Feature", "properties": { "year": 2039, "layer": "atrisk" }, "geometry": { "type": "Polygon", "coordinates": [ [ [ 110.431293129312934, -6.948244824482455 ], [ 110.429417941794185, -6.948769876987699 ], [ 110.427992799279934, -6.949669966996704 ], [ 110.431143114311425, -6.949894989498948 ], [ 110.431293129312934, -6.948244824482455 ] ], [ [ 110.430243024302442, -6.949594959495941 ], [ 110.430768076807681, -6.949294929492944 ], [ 110.430618061806186, -6.949594959495946 ], [ 110.430243024302442, -6.949594959495941 ] ] ] } },
{ "type": "Feature", "properties": { "year": 2039, "layer": "atrisk" }, "geometry": { "type": "Polygon", "coordinates": [ [ [ 110.435193519351941, -6.940369036903689 ], [ 110.433093309330928, -6.94194419441945 ], [ 110.434368436843684, -6.946294629462945 ], [ 110.431818181818187, -6.942769276927698 ], [ 110.429642964296434, -6.945169516951693 ], [ 110.432268226822686, -6.94441944194419 ], [ 110.432193219321931, -6.949294929492953 ], [ 110.434218421842203, -6.950045004500455 ], [ 110.433543354335441, -6.948844884488456 ], [ 110.434743474347428, -6.949444944494446 ], [ 110.43571857185718, -6.947944794479456 ], [ 110.434218421842203, -6.947119711971203 ], [ 110.436618661866191, -6.943294329432949 ], [ 110.435193519351941, -6.940369036903689 ] ], [ [ 110.432943294329434, -6.947194719471942 ], [ 110.433168316831683, -6.9469696969697 ], [ 110.433168316831683, -6.947194719471942 ], [ 110.432943294329434, -6.947194719471942 ] ], [ [ 110.433018301830188, -6.947419741974199 ], [ 110.433318331833178, -6.947269726972702 ], [ 110.433243324332452, -6.947494749474939 ], [ 110.433018301830188, -6.947419741974199 ] ], [ [ 110.433243324332452, -6.947794779477951 ], [ 110.433318331833178, -6.947494749474947 ], [ 110.433318331833178, -6.947794779477946 ], [ 110.433243324332452, -6.947794779477951 ] ] ] } },
{ "type": "Feature", "properties": { "year": 2039, "layer": "atrisk" }, "geometry": { "type": "Polygon", "coordinates": [ [ [ 110.42626762676268, -6.94861986198619 ], [ 110.426792679267933, -6.949969996999694 ], [ 110.427542754275422, -6.950195019501957 ], [ 110.42626762676268, -6.94861986198619 ] ] ] } },
{ "type": "Feature", "properties": { "year": 2039, "layer": "atrisk" }, "geometry": { "type": "Polygon", "coordinates": [ [ [ 110.420267026702675, -6.947794779477954 ], [ 110.421167116711672, -6.950120012001192 ], [ 110.42326732673267, -6.950495049504943 ], [ 110.420267026702675, -6.947794779477954 ] ], [ [ 110.421542154215416, -6.949669966996695 ], [ 110.421617161716171, -6.949594959495956 ], [ 110.421617161716171, -6.949669966996706 ], [ 110.421542154215416, -6.949669966996695 ] ] ] } },
{ "type": "Feature", "properties": { "year": 2039, "layer": "atrisk" }, "geometry": { "type": "Polygon", "coordinates": [ [ [ 110.416441644164422, -6.951245124512445 ], [ 110.41404140414042, -6.951245124512448 ], [ 110.413516351635167, -6.951470147014696 ], [ 110.416441644164422, -6.951245124512445 ] ] ] } },
{ "type": "Feature", "properties": { "year": 2039, "layer": "atrisk" }, "geometry": { "type": "Polygon", "coordinates": [ [ [ 110.417716771677163, -6.950420042004195 ], [ 110.416966696669661, -6.951245124512455 ], [ 110.417341734173419, -6.951770177017694 ], [ 110.41854185418542, -6.9514701470147 ], [ 110.417716771677163, -6.950420042004195 ] ] ] } },
{ "type": "Feature", "properties": { "year": 2039, "layer": "atrisk" }, "geometry": { "type": "Polygon", "coordinates": [ [ [ 110.421917191719174, -6.950420042004204 ], [ 110.420642064206419, -6.950720072007194 ], [ 110.421992199219929, -6.951845184518453 ], [ 110.421917191719174, -6.950420042004204 ] ] ] } },
{ "type": "Feature", "properties": { "year": 2039, "layer": "atrisk" }, "geometry": { "type": "Polygon", "coordinates": [ [ [ 110.422367236723673, -6.950795079507953 ], [ 110.422067206720669, -6.951995199519946 ], [ 110.422742274227417, -6.952370237023707 ], [ 110.423792379237923, -6.951395139513945 ], [ 110.422367236723673, -6.950795079507953 ] ], [ [ 110.42319231923193, -6.951470147014705 ], [ 110.42326732673267, -6.951395139513942 ], [ 110.42326732673267, -6.951470147014693 ], [ 110.42319231923193, -6.951470147014705 ] ] ] } },
{ "type": "Feature", "properties": { "year": 2039, "layer": "atrisk" }, "geometry": { "type": "Polygon", "coordinates": [ [ [ 110.42656765676567, -6.9514701470147 ], [ 110.42626762676268, -6.952670267026706 ], [ 110.425067506750679, -6.952070207020703 ], [ 110.42491749174917, -6.952520252025197 ], [ 110.426492649264929, -6.953195319531952 ], [ 110.42656765676567, -6.9514701470147 ] ] ] } },
{ "type": "Feature", "properties": { "year": 2039, "layer": "atrisk" }, "geometry": { "type": "Polygon", "coordinates": [ [ [ 110.411416141614168, -6.952370237023696 ], [ 110.41074107410742, -6.952895289528944 ], [ 110.412316231623166, -6.953645364536445 ], [ 110.412241224122411, -6.952445244524452 ], [ 110.411416141614168, -6.952370237023696 ] ], [ [ 110.411566156615663, -6.952670267026707 ], [ 110.411641164116418, -6.952595259525959 ], [ 110.411641164116418, -6.952670267026699 ], [ 110.411566156615663, -6.952670267026707 ] ] ] } },
{ "type": "Feature", "properties": { "year": 2039, "layer": "atrisk" }, "geometry": { "type": "Polygon", "coordinates": [ [ [ 110.381863186318625, -6.950795079507953 ], [ 110.38193819381938, -6.952745274527446 ], [ 110.382463246324633, -6.953945394539453 ], [ 110.383063306330627, -6.954245424542456 ], [ 110.381863186318625, -6.950795079507953 ] ] ] } },
{ "type": "Feature", "properties": { "year": 2039, "layer": "atrisk" }, "geometry": { "type": "Polygon", "coordinates": [ [ [ 110.430918091809176, -6.953795379537955 ], [ 110.429192919291935, -6.953645364536452 ], [ 110.429042904290426, -6.95439543954396 ], [ 110.430918091809176, -6.953795379537955 ] ] ] } },
{ "type": "Feature", "properties": { "year": 2039, "layer": "atrisk" }, "geometry": { "type": "Polygon", "coordinates": [ [ [ 110.402940294029406, -6.954395439543955 ], [ 110.40016501650166, -6.955295529552952 ], [ 110.402940294029406, -6.954470447044702 ], [ 110.402940294029406, -6.954395439543955 ] ] ] } },
{ "type": "Feature", "properties": { "year": 2039, "layer": "atrisk" }, "geometry": { "type": "Polygon", "coordinates": [ [ [ 110.410966096609656, -6.953345334533448 ], [ 110.413816381638171, -6.955370537053697 ], [ 110.41539153915393, -6.955295529552961 ], [ 110.414641464146413, -6.954245424542461 ], [ 110.410966096609656, -6.953345334533448 ] ], [ [ 110.413141314131408, -6.954620462046205 ], [ 110.413216321632163, -6.95454545454546 ], [ 110.413216321632163, -6.954620462046211 ], [ 110.413141314131408, -6.954620462046205 ] ], [ [ 110.413216321632163, -6.954695469546946 ], [ 110.413291329132917, -6.954620462046194 ], [ 110.413291329132917, -6.954695469546953 ], [ 110.413216321632163, -6.954695469546946 ] ], [ [ 110.413291329132917, -6.954770477047696 ], [ 110.413366336633658, -6.954695469546953 ], [ 110.413366336633658, -6.954770477047701 ], [ 110.413291329132917, -6.954770477047696 ] ], [ [ 110.413441344134412, -6.954995499549954 ], [ 110.413666366636662, -6.954845484548461 ], [ 110.413666366636662, -6.954995499549955 ], [ 110.413441344134412, -6.954995499549954 ] ], [ [ 110.41434143414341, -6.955070507050707 ], [ 110.414716471647168, -6.954995499549957 ], [ 110.414791479147908, -6.955220522052205 ], [ 110.41434143414341, -6.955070507050707 ] ], [ [ 110.41374137413743, -6.955145514551456 ], [ 110.413891389138911, -6.955070507050707 ], [ 110.413891389138911, -6.955145514551448 ], [ 110.41374137413743, -6.955145514551456 ] ] ] } },
{ "type": "Feature", "properties": { "year": 2039, "layer": "atrisk" }, "geometry": { "type": "Polygon", "coordinates": [ [ [ 110.404440444044411, -6.955895589558962 ], [ 110.403390339033905, -6.956495649564962 ], [ 110.404365436543657, -6.956570657065703 ], [ 110.404440444044411, -6.955895589558962 ] ] ] } },
{ "type": "Feature", "properties": { "year": 2039, "layer": "atrisk" }, "geometry": { "type": "Polygon", "coordinates": [ [ [ 110.406990699069908, -6.956270627062709 ], [ 110.406240624062406, -6.95672067206721 ], [ 110.406765676567659, -6.956870687068707 ], [ 110.406990699069908, -6.956270627062709 ] ] ] } },
{ "type": "Feature", "properties": { "year": 2039, "layer": "atrisk" }, "geometry": { "type": "Polygon", "coordinates": [ [ [ 110.426642664266424, -6.956420642064215 ], [ 110.425442544254423, -6.95657065706571 ], [ 110.425442544254423, -6.957020702070201 ], [ 110.425817581758182, -6.95724572457245 ], [ 110.426642664266424, -6.956420642064215 ] ] ] } },
{ "type": "Feature", "properties": { "year": 2039, "layer": "atrisk" }, "geometry": { "type": "Polygon", "coordinates": [ [ [ 110.424692469246921, -6.957095709570952 ], [ 110.423942394239418, -6.957620762076205 ], [ 110.424542454245426, -6.95784578457846 ], [ 110.424692469246921, -6.957095709570952 ] ] ] } },
{ "type": "Feature", "properties": { "year": 2039, "layer": "atrisk" }, "geometry": { "type": "Polygon", "coordinates": [ [ [ 110.40316531653167, -6.955970597059712 ], [ 110.402640264026402, -6.958145814581459 ], [ 110.40324032403241, -6.958295829582963 ], [ 110.40316531653167, -6.955970597059712 ] ] ] } },
{ "type": "Feature", "properties": { "year": 2039, "layer": "atrisk" }, "geometry": { "type": "Polygon", "coordinates": [ [ [ 110.417491749174914, -6.957770777077712 ], [ 110.416891689168921, -6.958370837083703 ], [ 110.418091809180922, -6.959120912091211 ], [ 110.41854185418542, -6.958520852085205 ], [ 110.417491749174914, -6.957770777077712 ] ], [ [ 110.418091809180922, -6.958595859585964 ], [ 110.418241824182417, -6.958445844584465 ], [ 110.418316831683171, -6.958595859585964 ], [ 110.418091809180922, -6.958595859585964 ] ] ] } },
{ "type": "Feature", "properties": { "year": 2039, "layer": "atrisk" }, "geometry": { "type": "Polygon", "coordinates": [ [ [ 110.431218121812179, -6.950645064506453 ], [ 110.431068106810685, -6.952145214521456 ], [ 110.430318031803182, -6.952070207020704 ], [ 110.429942994299424, -6.951395139513944 ], [ 110.428667866786682, -6.950720072007206 ], [ 110.427017701770183, -6.954845484548457 ], [ 110.423567356735674, -6.953570357035701 ], [ 110.424242424242422, -6.955670567056705 ], [ 110.421017101710191, -6.954995499549959 ], [ 110.422667266726691, -6.956795679567949 ], [ 110.420417041704169, -6.956720672067204 ], [ 110.419966996699671, -6.954470447044697 ], [ 110.421617161716171, -6.954170417041694 ], [ 110.420342034203429, -6.953795379537961 ], [ 110.420492049204924, -6.952220222022203 ], [ 110.419516951695172, -6.953345334533455 ], [ 110.419141914191414, -6.95214521452145 ], [ 110.41854185418542, -6.951845184518449 ], [ 110.418091809180922, -6.951995199519944 ], [ 110.418391839183911, -6.953795379537947 ], [ 110.417641764176423, -6.95207020702071 ], [ 110.41576657665766, -6.952670267026698 ], [ 110.415541554155411, -6.955370537053703 ], [ 110.41854185418542, -6.956870687068704 ], [ 110.419066906690674, -6.955520552055202 ], [ 110.419891989198916, -6.959120912091207 ], [ 110.42184218421842, -6.958820882088203 ], [ 110.422442244224428, -6.957245724572457 ], [ 110.420342034203429, -6.95694569456946 ], [ 110.422142214221424, -6.957095709570956 ], [ 110.423117311731176, -6.956870687068705 ], [ 110.427992799279934, -6.955145514551446 ], [ 110.429267926792676, -6.951920192019203 ], [ 110.430018001800178, -6.952970297029698 ], [ 110.430618061806186, -6.953270327032695 ], [ 110.431518151815183, -6.953270327032711 ], [ 110.433168316831683, -6.951320132013207 ], [ 110.431218121812179, -6.950645064506453 ] ], [ [ 110.429117911791181, -6.951095109510953 ], [ 110.429192919291935, -6.951020102010199 ], [ 110.429192919291935, -6.95109510951096 ], [ 110.429117911791181, -6.951095109510953 ] ], [ [ 110.431443144314429, -6.951320132013195 ], [ 110.431518151815183, -6.951245124512448 ], [ 110.431518151815183, -6.951320132013201 ], [ 110.431443144314429, -6.951320132013195 ] ], [ [ 110.428817881788177, -6.951470147014703 ], [ 110.428892889288932, -6.951395139513955 ], [ 110.428892889288932, -6.951470147014703 ], [ 110.428817881788177, -6.951470147014703 ] ], [ [ 110.42934293429343, -6.951545154515455 ], [ 110.429417941794185, -6.951395139513948 ], [ 110.429492949294925, -6.951545154515452 ], [ 110.42934293429343, -6.951545154515455 ] ], [ [ 110.418616861686175, -6.952145214521455 ], [ 110.418691869186929, -6.9520702070207 ], [ 110.418691869186929, -6.952145214521446 ], [ 110.418616861686175, -6.952145214521455 ] ], [ [ 110.430693069306926, -6.952295229522946 ], [ 110.430768076807681, -6.952220222022207 ], [ 110.430768076807681, -6.952295229522952 ], [ 110.430693069306926, -6.952295229522946 ] ], [ [ 110.43099309930993, -6.952745274527452 ], [ 110.431143114311425, -6.952595259525955 ], [ 110.431143114311425, -6.952745274527453 ], [ 110.43099309930993, -6.952745274527452 ] ], [ [ 110.430468046804677, -6.952820282028208 ], [ 110.430618061806186, -6.9528202820282 ], [ 110.430618061806186, -6.952970297029705 ], [ 110.430768076807681, -6.952895289528958 ], [ 110.43099309930993, -6.952970297029704 ], [ 110.430618061806186, -6.953120312031198 ], [ 110.430468046804677, -6.952820282028208 ] ], [ [ 110.43099309930993, -6.952895289528951 ], [ 110.431068106810685, -6.952820282028203 ], [ 110.431068106810685, -6.952895289528947 ], [ 110.43099309930993, -6.952895289528951 ] ], [ [ 110.427842784278425, -6.953720372037203 ], [ 110.428517851785173, -6.953270327032704 ], [ 110.427992799279934, -6.953945394539447 ], [ 110.427842784278425, -6.953720372037203 ] ], [ [ 110.431218121812179, -6.953120312031204 ], [ 110.431293129312934, -6.953045304530447 ], [ 110.431293129312934, -6.953120312031205 ], [ 110.431218121812179, -6.953120312031204 ] ], [ [ 110.41854185418542, -6.955295529552951 ], [ 110.419366936693663, -6.954170417041703 ], [ 110.419216921692168, -6.955520552055206 ], [ 110.41854185418542, -6.955295529552951 ] ], [ [ 110.419591959195913, -6.954245424542458 ], [ 110.419741974197422, -6.954095409540947 ], [ 110.419741974197422, -6.95424542454245 ], [ 110.419591959195913, -6.954245424542458 ] ], [ [ 110.419891989198916, -6.95424542454246 ], [ 110.419966996699671, -6.954095409540948 ], [ 110.419966996699671, -6.954245424542449 ], [ 110.419891989198916, -6.95424542454246 ] ], [ [ 110.427692769276931, -6.954695469546951 ], [ 110.427767776777671, -6.954545454545454 ], [ 110.427767776777671, -6.95469546954696 ], [ 110.427692769276931, -6.954695469546951 ] ], [ [ 110.42461746174618, -6.955295529552961 ], [ 110.425367536753669, -6.955220522052215 ], [ 110.425292529252943, -6.955445544554462 ], [ 110.42461746174618, -6.955295529552961 ] ], [ [ 110.424992499249925, -6.954695469546952 ], [ 110.425067506750679, -6.954620462046197 ], [ 110.425067506750679, -6.95469546954695 ], [ 110.424992499249925, -6.954695469546952 ] ], [ [ 110.41711671167117, -6.954995499549953 ], [ 110.41719171917191, -6.954920492049211 ], [ 110.41719171917191, -6.954995499549953 ], [ 110.41711671167117, -6.954995499549953 ] ], [ [ 110.425667566756672, -6.955220522052211 ], [ 110.425967596759691, -6.955145514551455 ], [ 110.425892589258922, -6.955295529552952 ], [ 110.425667566756672, -6.955220522052211 ] ], [ [ 110.425367536753669, -6.955370537053705 ], [ 110.425442544254423, -6.955295529552957 ], [ 110.425442544254423, -6.955370537053712 ], [ 110.425367536753669, -6.955370537053705 ] ], [ [ 110.417791779177918, -6.955595559555962 ], [ 110.418091809180922, -6.955370537053706 ], [ 110.418166816681662, -6.956045604560456 ], [ 110.417791779177918, -6.955595559555962 ] ], [ [ 110.425592559255932, -6.955445544554455 ], [ 110.425667566756672, -6.9553705370537 ], [ 110.425667566756672, -6.955445544554463 ], [ 110.425592559255932, -6.955445544554455 ] ], [ [ 110.425892589258922, -6.955595559555955 ], [ 110.425967596759691, -6.955520552055203 ], [ 110.425967596759691, -6.955595559555958 ], [ 110.425892589258922, -6.955595559555955 ] ], [ [ 110.418241824182417, -6.956270627062707 ], [ 110.418616861686175, -6.956045604560457 ], [ 110.418616861686175, -6.956270627062707 ], [ 110.418241824182417, -6.956270627062707 ] ], [ [ 110.421092109210917, -6.95694569456945 ], [ 110.421167116711672, -6.956870687068712 ], [ 110.421167116711672, -6.956945694569452 ], [ 110.421092109210917, -6.95694569456945 ] ], [ [ 110.421242124212426, -6.956945694569459 ], [ 110.421317131713181, -6.956870687068703 ], [ 110.421317131713181, -6.956945694569461 ], [ 110.421242124212426, -6.956945694569459 ] ], [ [ 110.420942094209423, -6.958295829582959 ], [ 110.421917191719174, -6.958445844584453 ], [ 110.421017101710191, -6.958595859585953 ], [ 110.420942094209423, -6.958295829582959 ] ], [ [ 110.420642064206419, -6.958520852085203 ], [ 110.420717071707173, -6.958370837083714 ], [ 110.420717071707173, -6.95852085208521 ], [ 110.420642064206419, -6.958520852085203 ] ] ] } },
{ "type": "Feature", "properties": { "year": 2039, "layer": "atrisk" }, "geometry": { "type": "Polygon", "coordinates": [ [ [ 110.417641764176423, -6.958895889588963 ], [ 110.416891689168921, -6.959270927092711 ], [ 110.417866786678672, -6.959570957095717 ], [ 110.417641764176423, -6.958895889588963 ] ] ] } },
{ "type": "Feature", "properties": { "year": 2039, "layer": "atrisk" }, "geometry": { "type": "Polygon", "coordinates": [ [ [ 110.406090609060911, -6.947494749474947 ], [ 110.403015301530147, -6.947044704470442 ], [ 110.406015601560156, -6.947794779477945 ], [ 110.4063906390639, -6.950495049504954 ], [ 110.404740474047401, -6.952070207020702 ], [ 110.407365736573652, -6.951770177017696 ], [ 110.408115811581169, -6.953270327032709 ], [ 110.406765676567659, -6.95364536453646 ], [ 110.408190819081909, -6.953570357035703 ], [ 110.409765976597669, -6.956870687068704 ], [ 110.407665766576656, -6.958370837083706 ], [ 110.4018901890189, -6.958370837083709 ], [ 110.401290129012907, -6.955595559555955 ], [ 110.400090009000905, -6.956045604560448 ], [ 110.401665166516651, -6.958370837083714 ], [ 110.40046504650465, -6.958370837083704 ], [ 110.398739873987395, -6.954470447044712 ], [ 110.403840384038403, -6.953945394539451 ], [ 110.401965196519654, -6.955820582058214 ], [ 110.403765376537649, -6.955745574557452 ], [ 110.404215421542148, -6.955220522052199 ], [ 110.404065406540653, -6.953870387038702 ], [ 110.407290729072912, -6.953345334533459 ], [ 110.407515751575161, -6.953195319531956 ], [ 110.407440744074421, -6.952520252025197 ], [ 110.405265526552654, -6.9523702370237 ], [ 110.403840384038403, -6.95372037203721 ], [ 110.403015301530147, -6.953195319531954 ], [ 110.404365436543657, -6.952370237023695 ], [ 110.399114911491154, -6.952895289528946 ], [ 110.398889888988919, -6.951620162016193 ], [ 110.400315031503155, -6.952370237023706 ], [ 110.400540054005418, -6.951170117011704 ], [ 110.396039603960389, -6.948169816981695 ], [ 110.396564656465642, -6.950195019501953 ], [ 110.395214521452147, -6.950570057005697 ], [ 110.398964896489645, -6.959720972097203 ], [ 110.417266726672665, -6.959645964596465 ], [ 110.41539153915393, -6.959270927092703 ], [ 110.416141614161418, -6.958445844584452 ], [ 110.414266426642669, -6.958295829582962 ], [ 110.415316531653161, -6.956120612061207 ], [ 110.41074107410742, -6.955820582058208 ], [ 110.408940894089412, -6.953420342034199 ], [ 110.410516051605157, -6.9531203120312 ], [ 110.408640864086408, -6.95319531953196 ], [ 110.406090609060911, -6.947494749474947 ] ], [ [ 110.398214821482142, -6.950720072007202 ], [ 110.398289828982897, -6.950570057005706 ], [ 110.398289828982897, -6.950720072007195 ], [ 110.398214821482142, -6.950720072007202 ] ], [ [ 110.39723972397239, -6.951545154515447 ], [ 110.397539753975408, -6.951395139513957 ], [ 110.397389738973899, -6.95169516951695 ], [ 110.39723972397239, -6.951545154515447 ] ], [ [ 110.397914791479153, -6.951995199519952 ], [ 110.397989798979893, -6.951845184518449 ], [ 110.397989798979893, -6.952295229522947 ], [ 110.397914791479153, -6.951995199519952 ] ], [ [ 110.406015601560156, -6.952670267026701 ], [ 110.406090609060911, -6.952520252025197 ], [ 110.406240624062406, -6.952670267026707 ], [ 110.406015601560156, -6.952670267026701 ] ], [ [ 110.405940594059402, -6.952970297029696 ], [ 110.40631563156316, -6.953270327032708 ], [ 110.405865586558662, -6.95342034203421 ], [ 110.405940594059402, -6.952970297029696 ] ], [ [ 110.399039903990399, -6.953195319531955 ], [ 110.399189918991908, -6.952970297029696 ], [ 110.399189918991908, -6.953345334533455 ], [ 110.399039903990399, -6.953195319531955 ] ], [ [ 110.398664866486655, -6.954395439543953 ], [ 110.398739873987395, -6.954320432043197 ], [ 110.398739873987395, -6.954395439543954 ], [ 110.398664866486655, -6.954395439543953 ] ], [ [ 110.403465346534659, -6.954845484548462 ], [ 110.403990399039898, -6.954995499549955 ], [ 110.403390339033905, -6.955445544554463 ], [ 110.403465346534659, -6.954845484548462 ] ], [ [ 110.410066006600658, -6.955970597059715 ], [ 110.411866186618667, -6.956795679567957 ], [ 110.411191119111905, -6.958370837083701 ], [ 110.410366036603662, -6.958220822082205 ], [ 110.410066006600658, -6.955970597059715 ] ], [ [ 110.413066306630668, -6.956645664566455 ], [ 110.413291329132917, -6.956420642064215 ], [ 110.413291329132917, -6.956645664566451 ], [ 110.413066306630668, -6.956645664566455 ] ], [ [ 110.412841284128419, -6.956570657065712 ], [ 110.412916291629159, -6.956420642064203 ], [ 110.412916291629159, -6.95657065706571 ], [ 110.412841284128419, -6.956570657065712 ] ], [ [ 110.41239123912392, -6.957020702070206 ], [ 110.412541254125415, -6.956945694569463 ], [ 110.412541254125415, -6.957095709570957 ], [ 110.41239123912392, -6.957020702070206 ] ], [ [ 110.399639963996393, -6.957245724572464 ], [ 110.399789978997902, -6.957170717071715 ], [ 110.399789978997902, -6.957470747074713 ], [ 110.399639963996393, -6.957245724572464 ] ], [ [ 110.412616261626169, -6.957320732073211 ], [ 110.412766276627664, -6.957245724572461 ], [ 110.412841284128419, -6.957470747074712 ], [ 110.412616261626169, -6.957320732073211 ] ], [ [ 110.414191419141915, -6.957395739573955 ], [ 110.41434143414341, -6.957245724572455 ], [ 110.41434143414341, -6.957395739573953 ], [ 110.414191419141915, -6.957395739573955 ] ], [ [ 110.413816381638171, -6.957470747074712 ], [ 110.41404140414042, -6.95754575457546 ], [ 110.413816381638171, -6.957545754575452 ], [ 110.413816381638171, -6.957470747074712 ] ], [ [ 110.399789978997902, -6.957770777077699 ], [ 110.400015001500151, -6.957770777077701 ], [ 110.400090009000905, -6.958370837083712 ], [ 110.399789978997902, -6.957770777077699 ] ], [ [ 110.412916291629159, -6.957770777077701 ], [ 110.412991299129914, -6.957695769576963 ], [ 110.412991299129914, -6.957770777077702 ], [ 110.412916291629159, -6.957770777077701 ] ], [ [ 110.408715871587162, -6.958295829582964 ], [ 110.409765976597669, -6.957845784578456 ], [ 110.409765976597669, -6.957920792079214 ], [ 110.408715871587162, -6.958295829582964 ] ], [ [ 110.41239123912392, -6.958295829582958 ], [ 110.413066306630668, -6.95822082208221 ], [ 110.413066306630668, -6.958370837083714 ], [ 110.41239123912392, -6.958295829582958 ] ], [ [ 110.409540954095405, -6.958445844584456 ], [ 110.409840984098409, -6.95829582958295 ], [ 110.409765976597669, -6.958520852085201 ], [ 110.409540954095405, -6.958445844584456 ] ], [ [ 110.410366036603662, -6.958445844584456 ], [ 110.410441044104431, -6.958370837083709 ], [ 110.410441044104431, -6.958445844584454 ], [ 110.410366036603662, -6.958445844584456 ] ], [ [ 110.401140114011397, -6.958745874587452 ], [ 110.401365136513647, -6.958595859585963 ], [ 110.401290129012907, -6.958820882088208 ], [ 110.401140114011397, -6.958745874587452 ] ], [ [ 110.40796579657966, -6.958670867086703 ], [ 110.408265826582664, -6.958595859585952 ], [ 110.408265826582664, -6.958670867086707 ], [ 110.40796579657966, -6.958670867086703 ] ], [ [ 110.408790879087903, -6.958820882088204 ], [ 110.408865886588657, -6.958595859585949 ], [ 110.408940894089412, -6.9588208820882 ], [ 110.408790879087903, -6.958820882088204 ] ], [ [ 110.414941494149417, -6.958745874587462 ], [ 110.415016501650172, -6.958670867086711 ], [ 110.415016501650172, -6.95874587458746 ], [ 110.414941494149417, -6.958745874587462 ] ], [ [ 110.414866486648663, -6.958820882088217 ], [ 110.414941494149417, -6.958745874587462 ], [ 110.414941494149417, -6.958820882088212 ], [ 110.414866486648663, -6.958820882088217 ] ], [ [ 110.415316531653161, -6.958820882088209 ], [ 110.41539153915393, -6.958745874587456 ], [ 110.41539153915393, -6.958820882088218 ], [ 110.415316531653161, -6.958820882088209 ] ], [ [ 110.414791479147908, -6.95889588958895 ], [ 110.414866486648663, -6.958820882088217 ], [ 110.414866486648663, -6.95889588958896 ], [ 110.414791479147908, -6.95889588958895 ] ], [ [ 110.415016501650172, -6.958970897089714 ], [ 110.415316531653161, -6.958970897089713 ], [ 110.415016501650172, -6.959195919591958 ], [ 110.415016501650172, -6.958970897089714 ] ], [ [ 110.414716471647168, -6.958970897089704 ], [ 110.414791479147908, -6.95889588958895 ], [ 110.414791479147908, -6.958970897089712 ], [ 110.414716471647168, -6.958970897089704 ] ], [ [ 110.400540054005418, -6.959195919591962 ], [ 110.400690069006899, -6.959120912091203 ], [ 110.400690069006899, -6.959345934593459 ], [ 110.400540054005418, -6.959195919591962 ] ], [ [ 110.402865286528652, -6.959045904590455 ], [ 110.403090309030901, -6.958970897089716 ], [ 110.403090309030901, -6.959045904590456 ], [ 110.402865286528652, -6.959045904590455 ] ], [ [ 110.400690069006899, -6.959420942094215 ], [ 110.400765076507653, -6.959345934593466 ], [ 110.400765076507653, -6.959420942094212 ], [ 110.400690069006899, -6.959420942094215 ] ] ] } },
{ "type": "Feature", "properties": { "year": 2039, "layer": "atrisk" }, "geometry": { "type": "Polygon", "coordinates": [ [ [ 110.39551455145515, -6.958370837083705 ], [ 110.394614461446139, -6.959720972097212 ], [ 110.395289528952901, -6.959720972097206 ], [ 110.39551455145515, -6.958370837083705 ] ] ] } },
{ "type": "Feature", "properties": { "year": 2039, "layer": "atrisk" }, "geometry": { "type": "Polygon", "coordinates": [ [ [ 110.39108910891089, -6.958370837083712 ], [ 110.390489048904897, -6.958520852085202 ], [ 110.389813981398135, -6.959645964596455 ], [ 110.392514251425141, -6.959270927092702 ], [ 110.39108910891089, -6.958370837083712 ] ], [ [ 110.39108910891089, -6.958595859585959 ], [ 110.391164116411645, -6.958520852085204 ], [ 110.391164116411645, -6.958595859585964 ], [ 110.39108910891089, -6.958595859585959 ] ] ] } },
{ "type": "Feature", "properties": { "year": 2039, "layer": "atrisk" }, "geometry": { "type": "Polygon", "coordinates": [ [ [ 110.319456945694569, -6.938268826882693 ], [ 110.312406240624057, -6.943744374437443 ], [ 110.318106810681073, -6.952895289528954 ], [ 110.319606960696063, -6.950720072007209 ], [ 110.319081908190824, -6.953795379537956 ], [ 110.327557755775572, -6.958595859585952 ], [ 110.333558355835578, -6.95972097209721 ], [ 110.3497599759976, -6.95972097209721 ], [ 110.351860186018598, -6.958670867086701 ], [ 110.350660066006597, -6.959720972097207 ], [ 110.359135913591359, -6.959720972097215 ], [ 110.359135913591359, -6.954845484548462 ], [ 110.355460546054601, -6.95469546954696 ], [ 110.358610861086106, -6.954245424542449 ], [ 110.359435943594363, -6.954395439543948 ], [ 110.359210921092114, -6.959720972097205 ], [ 110.359885988598876, -6.954770477047695 ], [ 110.362211221122109, -6.954695469546953 ], [ 110.363486348634865, -6.9549204920492 ], [ 110.359960996099616, -6.955670567056704 ], [ 110.359885988598876, -6.958745874587456 ], [ 110.360561056105624, -6.959720972097211 ], [ 110.38801380138014, -6.959570957095703 ], [ 110.387938793879385, -6.958445844584452 ], [ 110.38358835883588, -6.958670867086712 ], [ 110.383663366336648, -6.955745574557455 ], [ 110.382013201320149, -6.954620462046197 ], [ 110.376162616261624, -6.95447044704471 ], [ 110.377587758775874, -6.9555205520552 ], [ 110.370237023702373, -6.956495649564951 ], [ 110.365661566156618, -6.95552055205521 ], [ 110.365136513651365, -6.95664566456645 ], [ 110.363936393639364, -6.956345634563458 ], [ 110.364836483648375, -6.955820582058214 ], [ 110.364236423642367, -6.955745574557447 ], [ 110.364236423642367, -6.955145514551448 ], [ 110.363711371137114, -6.954920492049197 ], [ 110.367011701170114, -6.955445544554459 ], [ 110.367986798679866, -6.954920492049211 ], [ 110.373462346234618, -6.955070507050711 ], [ 110.375262526252627, -6.954770477047697 ], [ 110.375412541254136, -6.954545454545452 ], [ 110.349309930993115, -6.952220222022198 ], [ 110.344884488448841, -6.949144914491447 ], [ 110.327632763276327, -6.942844284428435 ], [ 110.319456945694569, -6.938268826882693 ] ], [ [ 110.322382238223824, -6.942244224422448 ], [ 110.322607260726073, -6.942094209420946 ], [ 110.322682268226828, -6.942244224422446 ], [ 110.322382238223824, -6.942244224422448 ] ], [ [ 110.325007500750075, -6.946594659465949 ], [ 110.325832583258332, -6.945919591959193 ], [ 110.325757575757578, -6.946819681968187 ], [ 110.325007500750075, -6.946594659465949 ] ], [ [ 110.322307230723069, -6.946069606960703 ], [ 110.32508250825083, -6.946069606960702 ], [ 110.32515751575157, -6.946219621962189 ], [ 110.323882388238843, -6.947494749474953 ], [ 110.322307230723069, -6.946069606960703 ] ], [ [ 110.325757575757578, -6.947119711971193 ], [ 110.325982598259827, -6.946969696969696 ], [ 110.325982598259827, -6.947194719471941 ], [ 110.325757575757578, -6.947119711971193 ] ], [ [ 110.32208220822082, -6.947194719471947 ], [ 110.322532253225319, -6.947419741974199 ], [ 110.32208220822082, -6.947344734473446 ], [ 110.32208220822082, -6.947194719471947 ] ], [ [ 110.325982598259827, -6.947269726972689 ], [ 110.326057605760582, -6.947194719471955 ], [ 110.326057605760582, -6.947269726972703 ], [ 110.325982598259827, -6.947269726972689 ] ], [ [ 110.321107110711068, -6.947794779477955 ], [ 110.321332133213318, -6.948019801980206 ], [ 110.320807080708065, -6.948244824482453 ], [ 110.321107110711068, -6.947794779477955 ] ], [ [ 110.322157215721575, -6.947569756975696 ], [ 110.322382238223824, -6.947494749474944 ], [ 110.322382238223824, -6.947644764476448 ], [ 110.322157215721575, -6.947569756975696 ] ], [ [ 110.326357635763571, -6.947869786978698 ], [ 110.326432643264326, -6.947794779477944 ], [ 110.326432643264326, -6.947869786978691 ], [ 110.326357635763571, -6.947869786978698 ] ], [ [ 110.326357635763571, -6.948019801980203 ], [ 110.32673267326733, -6.948019801980192 ], [ 110.32650765076508, -6.948244824482441 ], [ 110.326357635763571, -6.948019801980203 ] ], [ [ 110.326357635763571, -6.948319831983203 ], [ 110.326432643264326, -6.948244824482447 ], [ 110.326432643264326, -6.948319831983191 ], [ 110.326357635763571, -6.948319831983203 ] ], [ [ 110.319981998199822, -6.950945094509449 ], [ 110.320057005700576, -6.950870087008709 ], [ 110.320057005700576, -6.950945094509457 ], [ 110.319981998199822, -6.950945094509449 ] ], [ [ 110.319906990699081, -6.951020102010204 ], [ 110.319981998199822, -6.950945094509449 ], [ 110.319981998199822, -6.951020102010205 ], [ 110.319906990699081, -6.951020102010204 ] ], [ [ 110.377137713771376, -6.954845484548448 ], [ 110.377512751275134, -6.954845484548446 ], [ 110.37721272127213, -6.954995499549961 ], [ 110.377137713771376, -6.954845484548448 ] ], [ [ 110.364086408640858, -6.955295529552953 ], [ 110.364161416141613, -6.955145514551451 ], [ 110.364161416141613, -6.955295529552961 ], [ 110.364086408640858, -6.955295529552953 ] ], [ [ 110.363036303630366, -6.955520552055206 ], [ 110.363111311131107, -6.955445544554461 ], [ 110.363111311131107, -6.955520552055204 ], [ 110.363036303630366, -6.955520552055206 ] ], [ [ 110.363786378637869, -6.955595559555955 ], [ 110.363936393639364, -6.955520552055206 ], [ 110.363936393639364, -6.955595559555951 ], [ 110.363786378637869, -6.955595559555955 ] ], [ [ 110.361761176117611, -6.95589558955895 ], [ 110.361836183618365, -6.955820582058207 ], [ 110.361836183618365, -6.955895589558952 ], [ 110.361761176117611, -6.95589558955895 ] ], [ [ 110.361461146114607, -6.955970597059698 ], [ 110.361611161116116, -6.955895589558959 ], [ 110.361611161116116, -6.955970597059704 ], [ 110.361461146114607, -6.955970597059698 ] ], [ [ 110.366786678667864, -6.956120612061205 ], [ 110.366861686168619, -6.956045604560464 ], [ 110.366861686168619, -6.956120612061206 ], [ 110.366786678667864, -6.956120612061205 ] ], [ [ 110.366786678667864, -6.957620762076209 ], [ 110.367761776177616, -6.956720672067204 ], [ 110.368211821182115, -6.956720672067203 ], [ 110.368136813681375, -6.957770777077712 ], [ 110.366786678667864, -6.957620762076209 ] ], [ [ 110.366861686168619, -6.956570657065703 ], [ 110.366936693669373, -6.956495649564955 ], [ 110.366936693669373, -6.956570657065706 ], [ 110.366861686168619, -6.956570657065703 ] ], [ [ 110.367986798679866, -6.956645664566459 ], [ 110.368136813681375, -6.95657065706571 ], [ 110.368136813681375, -6.956645664566463 ], [ 110.367986798679866, -6.956645664566459 ] ], [ [ 110.361911191119106, -6.957245724572451 ], [ 110.362736273627362, -6.957245724572453 ], [ 110.361911191119106, -6.957470747074713 ], [ 110.361911191119106, -6.957245724572451 ] ], [ [ 110.361311131113112, -6.95739573957396 ], [ 110.361686168616856, -6.957245724572451 ], [ 110.361686168616856, -6.95754575457545 ], [ 110.361311131113112, -6.95739573957396 ] ], [ [ 110.359960996099616, -6.957695769576951 ], [ 110.360036003600356, -6.957545754575461 ], [ 110.360036003600356, -6.957695769576962 ], [ 110.359960996099616, -6.957695769576951 ] ], [ [ 110.352460246024606, -6.957995799579952 ], [ 110.352685268526855, -6.957845784578457 ], [ 110.352685268526855, -6.957920792079204 ], [ 110.352460246024606, -6.957995799579952 ] ], [ [ 110.352160216021602, -6.958370837083713 ], [ 110.352235223522356, -6.958295829582951 ], [ 110.352235223522356, -6.958370837083706 ], [ 110.352160216021602, -6.958370837083713 ] ], [ [ 110.351860186018598, -6.958520852085216 ], [ 110.352160216021602, -6.958520852085213 ], [ 110.351935193519353, -6.958670867086703 ], [ 110.351860186018598, -6.958520852085216 ] ], [ [ 110.370237023702373, -6.959645964596455 ], [ 110.370312031203127, -6.959570957095714 ], [ 110.370312031203127, -6.959645964596468 ], [ 110.370237023702373, -6.959645964596455 ] ] ] } }
]
}
