{
"type": "FeatureCollection",
"name": "atrisk_2045",
"crs": { "type": "name", "properties": { "name": "urn:ogc:def:crs:OGC:1.3:CRS84" } },
"features": [
{ "type": "Feature", "properties": { "year": 2045, "layer": "atrisk" }, "geometry": { "type": "Polygon", "coordinates": [ [ [ 110.576957695769579, -6.75 ], [ 110.572757275727568, -6.750600060005993 ], [ 110.576957695769579, -6.750075007500751 ], [ 110.576957695769579, -6.75 ] ] ] } },
{ "type": "Feature", "properties": { "year": 2045, "layer": "atrisk" }, "geometry": { "type": "Polygon", "coordinates": [ [ [ 110.53990399039904, -6.750750075007499 ], [ 110.53990399039904, -6.751500150015003 ], [ 110.540354035403539, -6.751575157515749 ], [ 110.53990399039904, -6.750750075007499 ] ] ] } },
{ "type": "Feature", "properties": { "year": 2045, "layer": "atrisk" }, "geometry": { "type": "Polygon", "coordinates": [ [ [ 110.583408340834083, -6.751875187518745 ], [ 110.58280828082809, -6.751125112511244 ], [ 110.582733273327335, -6.752025202520253 ], [ 110.583408340834083, -6.751875187518745 ] ] ] } },
{ "type": "Feature", "properties": { "year": 2045, "layer": "atrisk" }, "geometry": { "type": "Polygon", "coordinates": [ [ [ 110.563981398139816, -6.75 ], [ 110.567056705670566, -6.752325232523257 ], [ 110.571707170717076, -6.750225022502258 ], [ 110.571707170717076, -6.75 ], [ 110.563981398139816, -6.75 ] ] ] } },
{ "type": "Feature", "properties": { "year": 2045, "layer": "atrisk" }, "geometry": { "type": "Polygon", "coordinates": [ [ [ 110.584458445844589, -6.752100210020992 ], [ 110.583633363336332, -6.752775277527759 ], [ 110.583408340834083, -6.753750375037506 ], [ 110.58453345334533, -6.753525352535251 ], [ 110.584458445844589, -6.752100210020992 ] ] ] } },
{ "type": "Feature", "properties": { "year": 2045, "layer": "atrisk" }, "geometry": { "type": "Polygon", "coordinates": [ [ [ 110.580483048304828, -6.752625262526246 ], [ 110.577932793279345, -6.753000300030009 ], [ 110.577782778277822, -6.753825382538252 ], [ 110.581008100810081, -6.753900390038996 ], [ 110.580483048304828, -6.752625262526246 ] ] ] } },
{ "type": "Feature", "properties": { "year": 2045, "layer": "atrisk" }, "geometry": { "type": "Polygon", "coordinates": [ [ [ 110.571782178217816, -6.753300330032997 ], [ 110.570807080708065, -6.754200420042011 ], [ 110.571782178217816, -6.754050405040507 ], [ 110.571782178217816, -6.753300330032997 ] ] ] } },
{ "type": "Feature", "properties": { "year": 2045, "layer": "atrisk" }, "geometry": { "type": "Polygon", "coordinates": [ [ [ 110.583108310831079, -6.753150315031504 ], [ 110.582058205820587, -6.752400240023996 ], [ 110.582283228322837, -6.754275427542762 ], [ 110.583108310831079, -6.753150315031504 ] ] ] } },
{ "type": "Feature", "properties": { "year": 2045, "layer": "atrisk" }, "geometry": { "type": "Polygon", "coordinates": [ [ [ 110.568781878187821, -6.753300330033001 ], [ 110.568406840684062, -6.754425442544254 ], [ 110.569531953195323, -6.75465046504651 ], [ 110.569756975697572, -6.754050405040499 ], [ 110.568781878187821, -6.753300330033001 ] ] ] } },
{ "type": "Feature", "properties": { "year": 2045, "layer": "atrisk" }, "geometry": { "type": "Polygon", "coordinates": [ [ [ 110.541104110411041, -6.75 ], [ 110.545829582958291, -6.75592559255925 ], [ 110.547479747974791, -6.755700570057004 ], [ 110.543429342934289, -6.75 ], [ 110.541104110411041, -6.75 ] ] ] } },
{ "type": "Feature", "properties": { "year": 2045, "layer": "atrisk" }, "geometry": { "type": "Polygon", "coordinates": [ [ [ 110.549279927992799, -6.755775577557748 ], [ 110.548829882988301, -6.75652565256525 ], [ 110.549429942994294, -6.756675667566756 ], [ 110.549279927992799, -6.755775577557748 ] ] ] } },
{ "type": "Feature", "properties": { "year": 2045, "layer": "atrisk" }, "geometry": { "type": "Polygon", "coordinates": [ [ [ 110.571332133213318, -6.756525652565253 ], [ 110.569906990699067, -6.757425742574256 ], [ 110.570057005700576, -6.758775877587755 ], [ 110.571407140714072, -6.757725772577253 ], [ 110.571332133213318, -6.756525652565253 ] ] ] } },
{ "type": "Feature", "properties": { "year": 2045, "layer": "atrisk" }, "geometry": { "type": "Polygon", "coordinates": [ [ [ 110.547329732973296, -6.759000900090014 ], [ 110.546354635463544, -6.759825982598256 ], [ 110.546654665466548, -6.760126012601257 ], [ 110.547329732973296, -6.759000900090014 ] ] ] } },
{ "type": "Feature", "properties": { "year": 2045, "layer": "atrisk" }, "geometry": { "type": "Polygon", "coordinates": [ [ [ 110.577407740774078, -6.759675967596759 ], [ 110.577857785778576, -6.761251125112519 ], [ 110.578457845784584, -6.761401140114007 ], [ 110.578607860786079, -6.759900990099002 ], [ 110.577407740774078, -6.759675967596759 ] ] ] } },
{ "type": "Feature", "properties": { "year": 2045, "layer": "atrisk" }, "geometry": { "type": "Polygon", "coordinates": [ [ [ 110.566681668166822, -6.759225922592264 ], [ 110.565631563156316, -6.759975997599761 ], [ 110.566231623162309, -6.761626162616259 ], [ 110.567206720672061, -6.760426042604259 ], [ 110.566681668166822, -6.759225922592264 ] ] ] } },
{ "type": "Feature", "properties": { "year": 2045, "layer": "atrisk" }, "geometry": { "type": "Polygon", "coordinates": [ [ [ 110.554605460546057, -6.760876087608755 ], [ 110.554830483048306, -6.762376237623768 ], [ 110.555655565556549, -6.762526252625259 ], [ 110.555955595559553, -6.761101110111017 ], [ 110.554605460546057, -6.760876087608755 ] ] ] } },
{ "type": "Feature", "properties": { "year": 2045, "layer": "atrisk" }, "geometry": { "type": "Polygon", "coordinates": [ [ [ 110.58423342334234, -6.754275427542751 ], [ 110.581983198319833, -6.757725772577256 ], [ 110.582508250825086, -6.759000900090015 ], [ 110.581608160816089, -6.757575757575766 ], [ 110.57515751575157, -6.757200720072009 ], [ 110.574632463246346, -6.755475547554755 ], [ 110.572907290729077, -6.755850585058509 ], [ 110.572157215721575, -6.756525652565251 ], [ 110.57508250825083, -6.757425742574253 ], [ 110.574107410741078, -6.759975997599752 ], [ 110.577632763276327, -6.759075907590758 ], [ 110.583333333333329, -6.761101110111017 ], [ 110.583633363336332, -6.763726372637266 ], [ 110.58423342334234, -6.754275427542751 ] ] ] } },
{ "type": "Feature", "properties": { "year": 2045, "layer": "atrisk" }, "geometry": { "type": "Polygon", "coordinates": [ [ [ 110.569681968196818, -6.763576357635756 ], [ 110.567431743174311, -6.763351335133514 ], [ 110.566381638163818, -6.763501350135004 ], [ 110.569681968196818, -6.763576357635756 ] ] ] } },
{ "type": "Feature", "properties": { "year": 2045, "layer": "atrisk" }, "geometry": { "type": "Polygon", "coordinates": [ [ [ 110.584083408340831, -6.766501650165009 ], [ 110.583408340834083, -6.766126612661272 ], [ 110.583483348334838, -6.766801680168018 ], [ 110.584083408340831, -6.766501650165009 ] ] ] } },
{ "type": "Feature", "properties": { "year": 2045, "layer": "atrisk" }, "geometry": { "type": "Polygon", "coordinates": [ [ [ 110.460546054605459, -6.935868586858683 ], [ 110.459420942094212, -6.936318631863191 ], [ 110.460846084608463, -6.936543654365431 ], [ 110.460546054605459, -6.935868586858683 ] ] ] } },
{ "type": "Feature", "properties": { "year": 2045, "layer": "atrisk" }, "geometry": { "type": "Polygon", "coordinates": [ [ [ 110.443069306930695, -6.938268826882689 ], [ 110.439468946894692, -6.938943894389444 ], [ 110.443894389438938, -6.938943894389443 ], [ 110.443069306930695, -6.938268826882689 ] ] ] } },
{ "type": "Feature", "properties": { "year": 2045, "layer": "atrisk" }, "geometry": { "type": "Polygon", "coordinates": [ [ [ 110.576282628262845, -6.759825982598255 ], [ 110.572307230723084, -6.761626162616257 ], [ 110.574857485748581, -6.761251125112516 ], [ 110.57538253825382, -6.762826282628257 ], [ 110.572982298229817, -6.763051305130521 ], [ 110.570657065706584, -6.763951395139509 ], [ 110.570582058205815, -6.764251425142512 ], [ 110.575607560756069, -6.764326432643267 ], [ 110.575457545754574, -6.769951995199527 ], [ 110.576882688268824, -6.770702070207025 ], [ 110.576057605760582, -6.769051905190517 ], [ 110.577482748274832, -6.767626762676272 ], [ 110.578007800780071, -6.770702070207015 ], [ 110.575532553255329, -6.771452145214529 ], [ 110.575457545754574, -6.770402040204012 ], [ 110.575232523252325, -6.773477347734771 ], [ 110.572982298229817, -6.77475247524752 ], [ 110.569456945694569, -6.775202520252023 ], [ 110.568331833183322, -6.775952595259531 ], [ 110.56593159315932, -6.784428442844288 ], [ 110.565706570657085, -6.787203720372032 ], [ 110.566981698169812, -6.788178817881795 ], [ 110.565331533153312, -6.78795379537953 ], [ 110.562631263126306, -6.793054305430537 ], [ 110.563081308130833, -6.795154515451542 ], [ 110.563756375637567, -6.795304530453047 ], [ 110.565106510651063, -6.796129612961302 ], [ 110.567206720672061, -6.79267926792679 ], [ 110.565406540654067, -6.796054605460551 ], [ 110.569156915691565, -6.795304530453053 ], [ 110.569681968196818, -6.79822982298229 ], [ 110.567881788178823, -6.797779777977802 ], [ 110.567506750675065, -6.7982298229823 ], [ 110.566681668166822, -6.797329732973297 ], [ 110.568031803180318, -6.797179717971789 ], [ 110.566231623162309, -6.7971797179718 ], [ 110.564131413141311, -6.795604560456042 ], [ 110.563456345634563, -6.795304530453044 ], [ 110.562556255625566, -6.795529552955292 ], [ 110.562556255625566, -6.794929492949303 ], [ 110.559555955595556, -6.798154815481547 ], [ 110.559705970597065, -6.799729972997293 ], [ 110.560231023102304, -6.801830183018302 ], [ 110.561656165616569, -6.801755175517546 ], [ 110.562106210621067, -6.800855085508546 ], [ 110.561881188118818, -6.802130213021305 ], [ 110.562706270627075, -6.802430243024309 ], [ 110.563306330633068, -6.8022802280228 ], [ 110.563381338133823, -6.801980198019794 ], [ 110.563681368136812, -6.803330333033299 ], [ 110.563981398139816, -6.803555355535556 ], [ 110.564656465646564, -6.803555355535561 ], [ 110.564356435643575, -6.803255325532546 ], [ 110.564656465646564, -6.802955295529555 ], [ 110.564656465646564, -6.8033303330333 ], [ 110.565031503150323, -6.803705370537063 ], [ 110.565481548154821, -6.803705370537054 ], [ 110.565331533153312, -6.804155415541551 ], [ 110.565481548154821, -6.804380438043798 ], [ 110.565781578157811, -6.80415541554156 ], [ 110.566606660666068, -6.804755475547546 ], [ 110.565781578157811, -6.804455445544551 ], [ 110.566531653165313, -6.805355535553555 ], [ 110.560231023102304, -6.801980198019796 ], [ 110.560081008100823, -6.803705370537059 ], [ 110.556705670567055, -6.805880588058803 ], [ 110.554230423042299, -6.809030903090314 ], [ 110.557230723072308, -6.811806180618058 ], [ 110.551080108010808, -6.808430843084302 ], [ 110.549504950495063, -6.811281128112816 ], [ 110.551230123012303, -6.809705970597054 ], [ 110.552130213021314, -6.809255925592562 ], [ 110.552205220522055, -6.809405940594056 ], [ 110.551080108010808, -6.81038103810382 ], [ 110.549204920492045, -6.812931293129317 ], [ 110.549654965496543, -6.817506750675075 ], [ 110.54740474047405, -6.820432043204314 ], [ 110.542454245424537, -6.820657065706573 ], [ 110.537353735373543, -6.827182718271833 ], [ 110.530303030303031, -6.831983198319834 ], [ 110.530678067806789, -6.833033303330326 ], [ 110.520327032703264, -6.834683468346832 ], [ 110.521002100210026, -6.837008700870084 ], [ 110.527527752775271, -6.839333933393331 ], [ 110.528352835283542, -6.846984698469852 ], [ 110.521827182718269, -6.848709870987097 ], [ 110.525277527752777, -6.850660066006599 ], [ 110.521677167716774, -6.851335133513358 ], [ 110.521302130213016, -6.849384938493849 ], [ 110.519126912691263, -6.855160516051599 ], [ 110.520402040204019, -6.855760576057614 ], [ 110.51852685268527, -6.857035703570356 ], [ 110.518451845184529, -6.855010501050103 ], [ 110.51522652265227, -6.85913591359135 ], [ 110.516126612661267, -6.860711071107118 ], [ 110.515901590159018, -6.859885988598856 ], [ 110.517326732673268, -6.858985898589856 ], [ 110.516351635163517, -6.860411041104118 ], [ 110.519351935193512, -6.861836183618368 ], [ 110.508700870087011, -6.880063006300624 ], [ 110.478997899789974, -6.918241824182414 ], [ 110.47562256225622, -6.920942094209425 ], [ 110.475847584758469, -6.924392439243932 ], [ 110.470672067206721, -6.925292529252926 ], [ 110.467671767176711, -6.928292829282924 ], [ 110.467521752175216, -6.930393039303931 ], [ 110.46482148214821, -6.929717971797172 ], [ 110.461221122112207, -6.932418241824185 ], [ 110.46009600960096, -6.931818181818182 ], [ 110.459870987098711, -6.933318331833183 ], [ 110.458820882088204, -6.932343234323429 ], [ 110.456870687068701, -6.935343534353427 ], [ 110.452970297029708, -6.936318631863181 ], [ 110.452145214521451, -6.935043504350432 ], [ 110.449369936993705, -6.936918691869188 ], [ 110.448394839483953, -6.935418541854187 ], [ 110.444419441944191, -6.938943894389443 ], [ 110.460996099609957, -6.938943894389444 ], [ 110.461221122112207, -6.937593759375939 ], [ 110.462421242124208, -6.938943894389431 ], [ 110.466021602160211, -6.938943894389443 ], [ 110.464896489648964, -6.937368736873691 ], [ 110.466696669666973, -6.938943894389439 ], [ 110.482073207320738, -6.938493849384936 ], [ 110.490474047404746, -6.935193519351929 ], [ 110.496399639963997, -6.929792979297926 ], [ 110.501050105010506, -6.919141914191428 ], [ 110.50142514251425, -6.896939693969404 ], [ 110.508325832583253, -6.894989498949901 ], [ 110.51357635763577, -6.891764176417639 ], [ 110.520777077707791, -6.881488148814877 ], [ 110.522202220222027, -6.873912391239132 ], [ 110.522202220222027, -6.85523552355235 ], [ 110.530228022802277, -6.852760276027608 ], [ 110.536453645364531, -6.84803480348035 ], [ 110.540804080408037, -6.841584158415835 ], [ 110.542754275427541, -6.834383438343829 ], [ 110.547329732973296, -6.833408340834082 ], [ 110.54740474047405, -6.832733273327337 ], [ 110.545679567956796, -6.83205820582058 ], [ 110.545154515451543, -6.83160816081608 ], [ 110.545304530453052, -6.831308130813087 ], [ 110.545529552955301, -6.831758175817583 ], [ 110.547704770477054, -6.832583258325835 ], [ 110.547479747974791, -6.833258325832582 ], [ 110.551305130513057, -6.831683168316837 ], [ 110.548679867986792, -6.828157815781583 ], [ 110.550930093009299, -6.829507950795082 ], [ 110.55370537053706, -6.830183018301824 ], [ 110.549579957995803, -6.828232823282323 ], [ 110.554680468046811, -6.829507950795079 ], [ 110.558355835583555, -6.825907590759074 ], [ 110.560756075607557, -6.822382238223816 ], [ 110.562706270627075, -6.817431743174322 ], [ 110.557080708070814, -6.81210621062106 ], [ 110.563156315631559, -6.816006600660062 ], [ 110.563531353135318, -6.81345634563457 ], [ 110.570657065706584, -6.811506150615057 ], [ 110.571482148214827, -6.810756075607556 ], [ 110.571632163216336, -6.810981098109804 ], [ 110.571782178217816, -6.810981098109805 ], [ 110.575907590759073, -6.808280828082799 ], [ 110.582358235823577, -6.799879987998802 ], [ 110.583858385838596, -6.795454545454543 ], [ 110.584458445844589, -6.791779177917794 ], [ 110.582058205820587, -6.790279027902787 ], [ 110.581533153315334, -6.793654365436537 ], [ 110.581533153315334, -6.789903990399039 ], [ 110.578832883288328, -6.788703870387034 ], [ 110.582208220822096, -6.789603960396044 ], [ 110.584458445844589, -6.791479147914792 ], [ 110.584683468346839, -6.771152115211522 ], [ 110.581908190819078, -6.77055205520552 ], [ 110.583033303330339, -6.766501650165009 ], [ 110.581908190819078, -6.767326732673271 ], [ 110.582133213321328, -6.764476447644761 ], [ 110.57980798079808, -6.763951395139505 ], [ 110.581308130813085, -6.763726372637259 ], [ 110.583783378337827, -6.76485148514851 ], [ 110.58423342334234, -6.764101410141012 ], [ 110.581008100810081, -6.762526252625267 ], [ 110.576132613261322, -6.762901290129007 ], [ 110.576282628262845, -6.759825982598255 ] ], [ [ 110.576957695769579, -6.764851485148512 ], [ 110.577707770777081, -6.765226522652273 ], [ 110.577032703270334, -6.765826582658264 ], [ 110.576957695769579, -6.764851485148512 ] ], [ [ 110.570357035703566, -6.775277527752782 ], [ 110.570582058205815, -6.775127512751276 ], [ 110.570582058205815, -6.775277527752783 ], [ 110.570357035703566, -6.775277527752782 ] ], [ [ 110.571107110711068, -6.775277527752773 ], [ 110.571182118211823, -6.775202520252019 ], [ 110.571182118211823, -6.775277527752769 ], [ 110.571107110711068, -6.775277527752773 ] ], [ [ 110.569756975697572, -6.775877587758781 ], [ 110.570132013201317, -6.775577557755772 ], [ 110.570132013201317, -6.77580258025802 ], [ 110.569756975697572, -6.775877587758781 ] ], [ [ 110.569606960696063, -6.775727572757273 ], [ 110.569681968196818, -6.775577557755778 ], [ 110.569681968196818, -6.775727572757273 ], [ 110.569606960696063, -6.775727572757273 ] ], [ [ 110.568931893189315, -6.776027602760282 ], [ 110.569081908190824, -6.775652565256532 ], [ 110.569006900690084, -6.776027602760269 ], [ 110.568931893189315, -6.776027602760282 ] ], [ [ 110.569231923192319, -6.775877587758786 ], [ 110.569381938193814, -6.77617761776177 ], [ 110.569231923192319, -6.776177617761784 ], [ 110.569231923192319, -6.775877587758786 ] ], [ [ 110.568706870687066, -6.775877587758782 ], [ 110.568781878187821, -6.775802580258024 ], [ 110.568781878187821, -6.775877587758775 ], [ 110.568706870687066, -6.775877587758782 ] ], [ [ 110.568631863186312, -6.776252625262527 ], [ 110.568781878187821, -6.776402640264031 ], [ 110.568631863186312, -6.776552655265528 ], [ 110.568631863186312, -6.776252625262527 ] ], [ [ 110.569756975697572, -6.776252625262519 ], [ 110.569831983198327, -6.776102610261017 ], [ 110.569831983198327, -6.776252625262519 ], [ 110.569756975697572, -6.776252625262519 ] ], [ [ 110.570657065706584, -6.776552655265534 ], [ 110.571032103210328, -6.776252625262534 ], [ 110.570882088208819, -6.77662766276628 ], [ 110.570657065706584, -6.776552655265534 ] ], [ [ 110.578457845784584, -6.776177617761778 ], [ 110.583258325832588, -6.778202820282022 ], [ 110.584458445844589, -6.780078007800785 ], [ 110.580933093309326, -6.779402940294033 ], [ 110.578457845784584, -6.776177617761778 ] ], [ [ 110.568931893189315, -6.776327632763272 ], [ 110.569081908190824, -6.776477647764779 ], [ 110.568931893189315, -6.776627662766278 ], [ 110.568931893189315, -6.776327632763272 ] ], [ [ 110.570357035703566, -6.776402640264034 ], [ 110.570507050705075, -6.776477647764779 ], [ 110.570357035703566, -6.776552655265521 ], [ 110.570357035703566, -6.776402640264034 ] ], [ [ 110.569156915691565, -6.776702670267026 ], [ 110.569231923192319, -6.776402640264023 ], [ 110.569231923192319, -6.776702670267025 ], [ 110.569156915691565, -6.776702670267026 ] ], [ [ 110.569681968196818, -6.776477647764777 ], [ 110.569756975697572, -6.776402640264036 ], [ 110.569756975697572, -6.776477647764777 ], [ 110.569681968196818, -6.776477647764777 ] ], [ [ 110.570357035703566, -6.776777677767772 ], [ 110.570507050705075, -6.776927692769283 ], [ 110.570282028202826, -6.777077707770784 ], [ 110.570357035703566, -6.776777677767772 ] ], [ [ 110.570207020702071, -6.776927692769282 ], [ 110.570282028202826, -6.776777677767767 ], [ 110.570282028202826, -6.776927692769271 ], [ 110.570207020702071, -6.776927692769282 ] ], [ [ 110.570582058205815, -6.776927692769271 ], [ 110.570657065706584, -6.776777677767784 ], [ 110.570657065706584, -6.776927692769282 ], [ 110.570582058205815, -6.776927692769271 ] ], [ [ 110.570132013201317, -6.777077707770777 ], [ 110.570207020702071, -6.776927692769282 ], [ 110.570207020702071, -6.777077707770785 ], [ 110.570132013201317, -6.777077707770777 ] ], [ [ 110.570507050705075, -6.777152715271534 ], [ 110.570582058205815, -6.777077707770784 ], [ 110.570582058205815, -6.777152715271525 ], [ 110.570507050705075, -6.777152715271534 ] ], [ [ 110.569981998199836, -6.777602760276022 ], [ 110.570357035703566, -6.777377737773786 ], [ 110.570207020702071, -6.777752775277525 ], [ 110.569981998199836, -6.777602760276022 ] ], [ [ 110.570657065706584, -6.77752775277528 ], [ 110.570882088208819, -6.777452745274535 ], [ 110.570807080708065, -6.777602760276035 ], [ 110.570657065706584, -6.77752775277528 ] ], [ [ 110.57043204320432, -6.777602760276035 ], [ 110.570582058205815, -6.777752775277532 ], [ 110.57043204320432, -6.777827782778275 ], [ 110.57043204320432, -6.777602760276035 ] ], [ [ 110.568931893189315, -6.777827782778282 ], [ 110.569006900690084, -6.777752775277528 ], [ 110.569006900690084, -6.777827782778283 ], [ 110.568931893189315, -6.777827782778282 ] ], [ [ 110.569081908190824, -6.777902790279034 ], [ 110.569231923192319, -6.77805280528053 ], [ 110.569081908190824, -6.778202820282033 ], [ 110.569081908190824, -6.777902790279034 ] ], [ [ 110.570357035703566, -6.777977797779783 ], [ 110.57043204320432, -6.777827782778275 ], [ 110.57043204320432, -6.777977797779783 ], [ 110.570357035703566, -6.777977797779783 ] ], [ [ 110.569231923192319, -6.778277827782786 ], [ 110.569681968196818, -6.77797779777978 ], [ 110.569681968196818, -6.778127812781276 ], [ 110.569231923192319, -6.778277827782786 ] ], [ [ 110.569756975697572, -6.778052805280524 ], [ 110.569831983198327, -6.777902790279032 ], [ 110.569831983198327, -6.778052805280522 ], [ 110.569756975697572, -6.778052805280524 ] ], [ [ 110.568856885688575, -6.778052805280531 ], [ 110.568931893189315, -6.777977797779781 ], [ 110.568931893189315, -6.778052805280522 ], [ 110.568856885688575, -6.778052805280531 ] ], [ [ 110.570132013201317, -6.778052805280524 ], [ 110.570207020702071, -6.777977797779784 ], [ 110.570207020702071, -6.778052805280534 ], [ 110.570132013201317, -6.778052805280524 ] ], [ [ 110.569831983198327, -6.778127812781277 ], [ 110.570057005700576, -6.778127812781279 ], [ 110.569831983198327, -6.778352835283526 ], [ 110.569831983198327, -6.778127812781277 ] ], [ [ 110.568781878187821, -6.778352835283531 ], [ 110.568856885688575, -6.778127812781278 ], [ 110.568856885688575, -6.778352835283528 ], [ 110.568781878187821, -6.778352835283531 ] ], [ [ 110.570057005700576, -6.778277827782771 ], [ 110.570132013201317, -6.778127812781281 ], [ 110.570132013201317, -6.778277827782782 ], [ 110.570057005700576, -6.778277827782771 ] ], [ [ 110.570207020702071, -6.778352835283521 ], [ 110.570357035703566, -6.778127812781271 ], [ 110.570282028202826, -6.778352835283526 ], [ 110.570207020702071, -6.778352835283521 ] ], [ [ 110.569006900690084, -6.778427842784274 ], [ 110.569081908190824, -6.778202820282033 ], [ 110.569081908190824, -6.77842784278427 ], [ 110.569006900690084, -6.778427842784274 ] ], [ [ 110.57043204320432, -6.778277827782786 ], [ 110.570507050705075, -6.778202820282024 ], [ 110.570507050705075, -6.778277827782776 ], [ 110.57043204320432, -6.778277827782786 ] ], [ [ 110.570357035703566, -6.778427842784271 ], [ 110.57043204320432, -6.778277827782786 ], [ 110.570507050705075, -6.77842784278428 ], [ 110.570357035703566, -6.778427842784271 ] ], [ [ 110.568331833183322, -6.778652865286536 ], [ 110.568706870687066, -6.778877887788775 ], [ 110.568331833183322, -6.778952895289534 ], [ 110.568331833183322, -6.778652865286536 ] ], [ [ 110.568781878187821, -6.778802880288032 ], [ 110.569006900690084, -6.778652865286536 ], [ 110.568781878187821, -6.779027902790279 ], [ 110.568781878187821, -6.778802880288032 ] ], [ [ 110.568706870687066, -6.780678067806789 ], [ 110.569681968196818, -6.779027902790279 ], [ 110.568631863186312, -6.781128112811284 ], [ 110.568706870687066, -6.780678067806789 ] ], [ [ 110.570357035703566, -6.778652865286538 ], [ 110.57043204320432, -6.778502850285021 ], [ 110.57043204320432, -6.778652865286535 ], [ 110.570357035703566, -6.778652865286538 ] ], [ [ 110.570282028202826, -6.778727872787275 ], [ 110.570357035703566, -6.778652865286538 ], [ 110.570357035703566, -6.778727872787282 ], [ 110.570282028202826, -6.778727872787275 ] ], [ [ 110.569006900690084, -6.778877887788786 ], [ 110.569081908190824, -6.778802880288033 ], [ 110.569081908190824, -6.778877887788772 ], [ 110.569006900690084, -6.778877887788786 ] ], [ [ 110.568706870687066, -6.779102910291027 ], [ 110.568781878187821, -6.779027902790279 ], [ 110.568781878187821, -6.779102910291023 ], [ 110.568706870687066, -6.779102910291027 ] ], [ [ 110.569981998199836, -6.779402940294032 ], [ 110.570057005700576, -6.779327932793277 ], [ 110.570057005700576, -6.779402940294022 ], [ 110.569981998199836, -6.779402940294032 ] ], [ [ 110.569906990699067, -6.779477947794772 ], [ 110.569981998199836, -6.779402940294032 ], [ 110.569981998199836, -6.779477947794772 ], [ 110.569906990699067, -6.779477947794772 ] ], [ [ 110.569531953195323, -6.780378037803776 ], [ 110.569606960696063, -6.780228022802284 ], [ 110.569606960696063, -6.780378037803778 ], [ 110.569531953195323, -6.780378037803776 ] ], [ [ 110.568931893189315, -6.780903090309026 ], [ 110.569456945694569, -6.780903090309032 ], [ 110.568931893189315, -6.781503150315027 ], [ 110.568931893189315, -6.780903090309026 ] ], [ [ 110.568556855685571, -6.781353135313529 ], [ 110.568631863186312, -6.781128112811284 ], [ 110.568631863186312, -6.781353135313522 ], [ 110.568556855685571, -6.781353135313529 ] ], [ [ 110.568481848184817, -6.781503150315038 ], [ 110.568556855685571, -6.781353135313529 ], [ 110.568556855685571, -6.78150315031503 ], [ 110.568481848184817, -6.781503150315038 ] ], [ [ 110.568031803180318, -6.78180318031803 ], [ 110.568481848184817, -6.781503150315038 ], [ 110.568631863186312, -6.782028202820287 ], [ 110.568031803180318, -6.78180318031803 ] ], [ [ 110.567956795679564, -6.781728172817276 ], [ 110.568031803180318, -6.781653165316526 ], [ 110.568031803180318, -6.781728172817283 ], [ 110.567956795679564, -6.781728172817276 ] ], [ [ 110.574857485748581, -6.781728172817287 ], [ 110.575007500750075, -6.781653165316526 ], [ 110.575007500750075, -6.781728172817282 ], [ 110.574857485748581, -6.781728172817287 ] ], [ [ 110.57515751575157, -6.781878187818789 ], [ 110.575232523252325, -6.78180318031804 ], [ 110.575232523252325, -6.781878187818787 ], [ 110.57515751575157, -6.781878187818789 ] ], [ [ 110.568031803180318, -6.782103210321027 ], [ 110.568256825682568, -6.782028202820287 ], [ 110.568256825682568, -6.782178217821783 ], [ 110.568031803180318, -6.782103210321027 ] ], [ [ 110.568631863186312, -6.782178217821776 ], [ 110.569006900690084, -6.782103210321036 ], [ 110.569006900690084, -6.782253225322538 ], [ 110.568631863186312, -6.782178217821776 ] ], [ [ 110.574557455745577, -6.782628262826275 ], [ 110.575007500750075, -6.782403240324031 ], [ 110.574557455745577, -6.782778277827775 ], [ 110.574557455745577, -6.782628262826275 ] ], [ [ 110.568331833183322, -6.782253225322534 ], [ 110.568406840684062, -6.782178217821789 ], [ 110.568406840684062, -6.782253225322536 ], [ 110.568331833183322, -6.782253225322534 ] ], [ [ 110.569081908190824, -6.78217821782178 ], [ 110.570132013201317, -6.782403240324024 ], [ 110.570957095709574, -6.783078307830783 ], [ 110.572157215721575, -6.783378337833779 ], [ 110.573357335733576, -6.785028502850292 ], [ 110.572382238223824, -6.783903390339034 ], [ 110.569081908190824, -6.78217821782178 ] ], [ [ 110.568031803180318, -6.782478247824779 ], [ 110.568256825682568, -6.782403240324028 ], [ 110.568031803180318, -6.782628262826281 ], [ 110.568031803180318, -6.782478247824779 ] ], [ [ 110.568631863186312, -6.782403240324028 ], [ 110.568856885688575, -6.782328232823279 ], [ 110.568856885688575, -6.782478247824788 ], [ 110.568631863186312, -6.782403240324028 ] ], [ [ 110.574482448244822, -6.782403240324026 ], [ 110.574557455745577, -6.782328232823278 ], [ 110.574557455745577, -6.782403240324035 ], [ 110.574482448244822, -6.782403240324026 ] ], [ [ 110.569006900690084, -6.782553255325533 ], [ 110.569231923192319, -6.782478247824786 ], [ 110.569231923192319, -6.782553255325523 ], [ 110.569006900690084, -6.782553255325533 ] ], [ [ 110.574332433243328, -6.782478247824783 ], [ 110.574482448244822, -6.782553255325529 ], [ 110.574332433243328, -6.78262826282629 ], [ 110.574332433243328, -6.782478247824783 ] ], [ [ 110.569231923192319, -6.782628262826288 ], [ 110.569456945694569, -6.782553255325537 ], [ 110.569456945694569, -6.782628262826277 ], [ 110.569231923192319, -6.782628262826288 ] ], [ [ 110.567956795679564, -6.782778277827778 ], [ 110.568031803180318, -6.782628262826281 ], [ 110.568031803180318, -6.782778277827785 ], [ 110.567956795679564, -6.782778277827778 ] ], [ [ 110.569456945694569, -6.782703270327038 ], [ 110.569606960696063, -6.78262826282628 ], [ 110.569606960696063, -6.782703270327035 ], [ 110.569456945694569, -6.782703270327038 ] ], [ [ 110.574182418241818, -6.782703270327027 ], [ 110.574332433243328, -6.782778277827788 ], [ 110.574182418241818, -6.782853285328527 ], [ 110.574182418241818, -6.782703270327027 ] ], [ [ 110.570807080708065, -6.782853285328523 ], [ 110.570882088208819, -6.782778277827788 ], [ 110.570882088208819, -6.782853285328526 ], [ 110.570807080708065, -6.782853285328523 ] ], [ [ 110.574482448244822, -6.78285328532854 ], [ 110.574557455745577, -6.782778277827775 ], [ 110.574557455745577, -6.782853285328534 ], [ 110.574482448244822, -6.78285328532854 ] ], [ [ 110.574107410741078, -6.782928292829284 ], [ 110.574182418241818, -6.782853285328527 ], [ 110.574182418241818, -6.782928292829277 ], [ 110.574107410741078, -6.782928292829284 ] ], [ [ 110.574032403240324, -6.783303330333027 ], [ 110.574482448244822, -6.783153315331525 ], [ 110.574032403240324, -6.783453345334527 ], [ 110.574032403240324, -6.783303330333027 ] ], [ [ 110.574107410741078, -6.783078307830788 ], [ 110.574182418241818, -6.783003300330033 ], [ 110.574182418241818, -6.783078307830779 ], [ 110.574107410741078, -6.783078307830788 ] ], [ [ 110.567956795679564, -6.78345334533453 ], [ 110.568556855685571, -6.783228322832279 ], [ 110.568556855685571, -6.783378337833788 ], [ 110.567956795679564, -6.78345334533453 ] ], [ [ 110.567731773177314, -6.783228322832283 ], [ 110.567806780678069, -6.783153315331524 ], [ 110.567806780678069, -6.783228322832282 ], [ 110.567731773177314, -6.783228322832283 ] ], [ [ 110.567656765676574, -6.783378337833778 ], [ 110.567731773177314, -6.783228322832283 ], [ 110.567731773177314, -6.78337833783378 ], [ 110.567656765676574, -6.783378337833778 ] ], [ [ 110.573807380738074, -6.783528352835281 ], [ 110.573882388238829, -6.783453345334534 ], [ 110.573882388238829, -6.783528352835289 ], [ 110.573807380738074, -6.783528352835281 ] ], [ [ 110.573957395739569, -6.783528352835276 ], [ 110.574032403240324, -6.783453345334527 ], [ 110.574032403240324, -6.783528352835279 ], [ 110.573957395739569, -6.783528352835276 ] ], [ [ 110.573882388238829, -6.783678367836777 ], [ 110.573957395739569, -6.783528352835276 ], [ 110.573957395739569, -6.783678367836781 ], [ 110.573882388238829, -6.783678367836777 ] ], [ [ 110.57365736573658, -6.783753375337536 ], [ 110.57373237323732, -6.783678367836781 ], [ 110.57373237323732, -6.783753375337538 ], [ 110.57365736573658, -6.783753375337536 ] ], [ [ 110.573582358235825, -6.784053405340537 ], [ 110.573882388238829, -6.784053405340539 ], [ 110.57365736573658, -6.784203420342035 ], [ 110.573582358235825, -6.784053405340537 ] ], [ [ 110.573582358235825, -6.78390339033903 ], [ 110.57365736573658, -6.783828382838291 ], [ 110.57365736573658, -6.783903390339034 ], [ 110.573582358235825, -6.78390339033903 ] ], [ [ 110.573357335733576, -6.784053405340526 ], [ 110.57343234323433, -6.783978397839789 ], [ 110.57343234323433, -6.78405340534054 ], [ 110.573357335733576, -6.784053405340526 ] ], [ [ 110.57343234323433, -6.784128412841278 ], [ 110.573507350735071, -6.784053405340533 ], [ 110.573507350735071, -6.784128412841279 ], [ 110.57343234323433, -6.784128412841278 ] ], [ [ 110.573282328232835, -6.784278427842778 ], [ 110.573357335733576, -6.784128412841291 ], [ 110.57343234323433, -6.784278427842789 ], [ 110.573282328232835, -6.784278427842778 ] ], [ [ 110.573507350735071, -6.784203420342031 ], [ 110.573582358235825, -6.78412841284129 ], [ 110.573582358235825, -6.784203420342034 ], [ 110.573507350735071, -6.784203420342031 ] ], [ [ 110.572457245724578, -6.78442844284428 ], [ 110.572532253225319, -6.784353435343527 ], [ 110.572532253225319, -6.784428442844288 ], [ 110.572457245724578, -6.78442844284428 ] ], [ [ 110.566681668166822, -6.785103510351028 ], [ 110.566756675667563, -6.784878487848779 ], [ 110.566906690669072, -6.785028502850285 ], [ 110.566681668166822, -6.785103510351028 ] ], [ [ 110.56758175817582, -6.785178517851791 ], [ 110.567731773177314, -6.78495349534954 ], [ 110.567656765676574, -6.785178517851779 ], [ 110.56758175817582, -6.785178517851791 ] ], [ [ 110.583333333333329, -6.787203720372041 ], [ 110.584383438343835, -6.786828682868282 ], [ 110.583633363336332, -6.787803780378032 ], [ 110.583333333333329, -6.787203720372041 ] ], [ [ 110.569681968196818, -6.787203720372032 ], [ 110.569906990699067, -6.787128712871286 ], [ 110.569681968196818, -6.787353735373531 ], [ 110.569681968196818, -6.787203720372032 ] ], [ [ 110.570207020702071, -6.787053705370536 ], [ 110.570357035703566, -6.788028802880289 ], [ 110.569981998199836, -6.788328832883289 ], [ 110.569606960696063, -6.788028802880285 ], [ 110.570207020702071, -6.787053705370536 ] ], [ [ 110.569981998199836, -6.787203720372033 ], [ 110.570057005700576, -6.78712871287128 ], [ 110.570057005700576, -6.787203720372031 ], [ 110.569981998199836, -6.787203720372033 ] ], [ [ 110.575607560756069, -6.787578757875791 ], [ 110.575982598259827, -6.787953795379535 ], [ 110.57538253825382, -6.788178817881779 ], [ 110.575607560756069, -6.787578757875791 ] ], [ [ 110.569906990699067, -6.787278727872788 ], [ 110.569981998199836, -6.787203720372033 ], [ 110.569981998199836, -6.787278727872792 ], [ 110.569906990699067, -6.787278727872788 ] ], [ [ 110.576057605760582, -6.787353735373538 ], [ 110.576132613261322, -6.787278727872794 ], [ 110.576132613261322, -6.78735373537354 ], [ 110.576057605760582, -6.787353735373538 ] ], [ [ 110.569606960696063, -6.787428742874295 ], [ 110.569681968196818, -6.787353735373531 ], [ 110.569681968196818, -6.787428742874281 ], [ 110.569606960696063, -6.787428742874295 ] ], [ [ 110.569831983198327, -6.787428742874289 ], [ 110.569906990699067, -6.787353735373541 ], [ 110.569906990699067, -6.787428742874281 ], [ 110.569831983198327, -6.787428742874289 ] ], [ [ 110.576057605760582, -6.787653765376537 ], [ 110.576132613261322, -6.787578757875783 ], [ 110.576132613261322, -6.787653765376536 ], [ 110.576057605760582, -6.787653765376537 ] ], [ [ 110.575982598259827, -6.787803780378039 ], [ 110.576057605760582, -6.787728772877292 ], [ 110.576057605760582, -6.787803780378036 ], [ 110.575982598259827, -6.787803780378039 ] ], [ [ 110.569456945694569, -6.788778877887797 ], [ 110.569756975697572, -6.788328832883295 ], [ 110.569606960696063, -6.78877887788779 ], [ 110.569456945694569, -6.788778877887797 ] ], [ [ 110.569906990699067, -6.788853885388534 ], [ 110.570807080708065, -6.788703870387033 ], [ 110.570882088208819, -6.789078907890784 ], [ 110.569906990699067, -6.788853885388534 ] ], [ [ 110.57515751575157, -6.788553855385545 ], [ 110.575232523252325, -6.788478847884797 ], [ 110.575232523252325, -6.788553855385537 ], [ 110.57515751575157, -6.788553855385545 ] ], [ [ 110.574857485748581, -6.788703870387033 ], [ 110.574932493249335, -6.788628862886283 ], [ 110.574932493249335, -6.788703870387046 ], [ 110.574857485748581, -6.788703870387033 ] ], [ [ 110.57515751575157, -6.788703870387033 ], [ 110.575232523252325, -6.788628862886281 ], [ 110.575232523252325, -6.788703870387032 ], [ 110.57515751575157, -6.788703870387033 ] ], [ [ 110.565181518151817, -6.788853885388546 ], [ 110.565256525652572, -6.788778877887793 ], [ 110.565256525652572, -6.788853885388528 ], [ 110.565181518151817, -6.788853885388546 ] ], [ [ 110.569606960696063, -6.788853885388532 ], [ 110.569756975697572, -6.788778877887787 ], [ 110.569756975697572, -6.788853885388541 ], [ 110.569606960696063, -6.788853885388532 ] ], [ [ 110.57508250825083, -6.788853885388535 ], [ 110.57515751575157, -6.788778877887785 ], [ 110.57515751575157, -6.788853885388541 ], [ 110.57508250825083, -6.788853885388535 ] ], [ [ 110.571032103210328, -6.788853885388531 ], [ 110.575232523252325, -6.789978997899786 ], [ 110.575757575757578, -6.79042904290429 ], [ 110.576282628262845, -6.7922292229223 ], [ 110.578982898289823, -6.792754275427543 ], [ 110.576657665766575, -6.792904290429035 ], [ 110.576132613261322, -6.79245424542455 ], [ 110.575532553255329, -6.790804080408039 ], [ 110.571032103210328, -6.788853885388531 ] ], [ [ 110.575007500750075, -6.789003900390032 ], [ 110.57508250825083, -6.788853885388535 ], [ 110.57508250825083, -6.789003900390042 ], [ 110.575007500750075, -6.789003900390032 ] ], [ [ 110.565856585658565, -6.791854185418547 ], [ 110.567806780678069, -6.789378937893785 ], [ 110.567056705670566, -6.790879087908795 ], [ 110.565856585658565, -6.791854185418547 ] ], [ [ 110.570282028202826, -6.790054005400544 ], [ 110.570957095709574, -6.789378937893797 ], [ 110.571632163216336, -6.789753975397534 ], [ 110.570282028202826, -6.790054005400544 ] ], [ [ 110.569531953195323, -6.789753975397541 ], [ 110.569681968196818, -6.789828982898288 ], [ 110.569531953195323, -6.789828982898293 ], [ 110.569531953195323, -6.789753975397541 ] ], [ [ 110.571707170717076, -6.789678967896789 ], [ 110.575232523252325, -6.790879087908784 ], [ 110.575757575757578, -6.792304230423039 ], [ 110.57538253825382, -6.792379237923785 ], [ 110.574107410741078, -6.791179117911789 ], [ 110.571707170717076, -6.789678967896789 ] ], [ [ 110.56458145814581, -6.791104110411046 ], [ 110.564731473147319, -6.79102910291029 ], [ 110.564731473147319, -6.791104110411044 ], [ 110.56458145814581, -6.791104110411046 ] ], [ [ 110.565031503150323, -6.791254125412535 ], [ 110.565106510651063, -6.791179117911793 ], [ 110.565106510651063, -6.791254125412532 ], [ 110.565031503150323, -6.791254125412535 ] ], [ [ 110.564956495649568, -6.791329132913291 ], [ 110.565031503150323, -6.791254125412535 ], [ 110.565031503150323, -6.791329132913294 ], [ 110.564956495649568, -6.791329132913291 ] ], [ [ 110.565406540654067, -6.791329132913297 ], [ 110.565481548154821, -6.791254125412533 ], [ 110.565481548154821, -6.791329132913285 ], [ 110.565406540654067, -6.791329132913297 ] ], [ [ 110.565631563156316, -6.791404140414047 ], [ 110.565706570657085, -6.791329132913291 ], [ 110.565706570657085, -6.791404140414043 ], [ 110.565631563156316, -6.791404140414047 ] ], [ [ 110.565556555655562, -6.791554155415544 ], [ 110.565631563156316, -6.791404140414047 ], [ 110.565631563156316, -6.791554155415546 ], [ 110.565556555655562, -6.791554155415544 ] ], [ [ 110.563981398139816, -6.791704170417045 ], [ 110.564056405640585, -6.791554155415537 ], [ 110.564056405640585, -6.791704170417038 ], [ 110.563981398139816, -6.791704170417045 ] ], [ [ 110.565631563156316, -6.791629162916297 ], [ 110.565706570657085, -6.791554155415533 ], [ 110.565706570657085, -6.791629162916287 ], [ 110.565631563156316, -6.791629162916297 ] ], [ [ 110.574482448244822, -6.791704170417037 ], [ 110.574557455745577, -6.791629162916285 ], [ 110.574557455745577, -6.791704170417043 ], [ 110.574482448244822, -6.791704170417037 ] ], [ [ 110.563831383138307, -6.791779177917789 ], [ 110.563981398139816, -6.791854185418537 ], [ 110.563831383138307, -6.7919291929193 ], [ 110.563831383138307, -6.791779177917789 ] ], [ [ 110.575607560756069, -6.792529252925293 ], [ 110.575757575757578, -6.792454245424548 ], [ 110.575757575757578, -6.792529252925295 ], [ 110.575607560756069, -6.792529252925293 ] ], [ [ 110.566681668166822, -6.793054305430545 ], [ 110.566831683168317, -6.792979297929789 ], [ 110.566831683168317, -6.793054305430542 ], [ 110.566681668166822, -6.793054305430545 ] ], [ [ 110.581758175817583, -6.79350435043504 ], [ 110.581833183318338, -6.79335433543355 ], [ 110.581833183318338, -6.793504350435044 ], [ 110.581758175817583, -6.79350435043504 ] ], [ [ 110.573207320732067, -6.793429342934291 ], [ 110.574257425742573, -6.794704470447047 ], [ 110.573582358235825, -6.794329432943299 ], [ 110.572607260726073, -6.795229522952287 ], [ 110.573207320732067, -6.793429342934291 ] ], [ [ 110.574257425742573, -6.793729372937291 ], [ 110.574857485748581, -6.79380438043804 ], [ 110.574182418241818, -6.794104410441046 ], [ 110.574257425742573, -6.793729372937291 ] ], [ [ 110.566381638163818, -6.793729372937288 ], [ 110.566456645664573, -6.793654365436549 ], [ 110.566456645664573, -6.793729372937289 ], [ 110.566381638163818, -6.793729372937288 ] ], [ [ 110.566231623162309, -6.79395439543954 ], [ 110.566306630663064, -6.793879387938788 ], [ 110.566306630663064, -6.793954395439539 ], [ 110.566231623162309, -6.79395439543954 ] ], [ [ 110.566156615661569, -6.794104410441046 ], [ 110.566231623162309, -6.79395439543954 ], [ 110.566231623162309, -6.794104410441036 ], [ 110.566156615661569, -6.794104410441046 ] ], [ [ 110.573957395739569, -6.794104410441046 ], [ 110.574032403240324, -6.794029402940293 ], [ 110.574032403240324, -6.794104410441049 ], [ 110.573957395739569, -6.794104410441046 ] ], [ [ 110.574107410741078, -6.794254425442543 ], [ 110.574182418241818, -6.794179417941788 ], [ 110.574182418241818, -6.794254425442552 ], [ 110.574107410741078, -6.794254425442543 ] ], [ [ 110.574482448244822, -6.794254425442544 ], [ 110.574557455745577, -6.794179417941788 ], [ 110.574557455745577, -6.79425442544255 ], [ 110.574482448244822, -6.794254425442544 ] ], [ [ 110.574332433243328, -6.794479447944786 ], [ 110.574407440744068, -6.794404440444036 ], [ 110.574407440744068, -6.7944794479448 ], [ 110.574332433243328, -6.794479447944786 ] ], [ [ 110.573507350735071, -6.794629462946301 ], [ 110.573582358235825, -6.794554455445542 ], [ 110.573582358235825, -6.794629462946297 ], [ 110.573507350735071, -6.794629462946301 ] ], [ [ 110.573807380738074, -6.794704470447035 ], [ 110.573882388238829, -6.794629462946297 ], [ 110.573882388238829, -6.794704470447035 ], [ 110.573807380738074, -6.794704470447035 ] ], [ [ 110.573882388238829, -6.794779477947793 ], [ 110.573957395739569, -6.794704470447046 ], [ 110.573957395739569, -6.794779477947796 ], [ 110.573882388238829, -6.794779477947793 ] ], [ [ 110.574482448244822, -6.794929492949292 ], [ 110.574632463246346, -6.794704470447052 ], [ 110.574557455745577, -6.794929492949299 ], [ 110.574482448244822, -6.794929492949292 ] ], [ [ 110.573357335733576, -6.794854485448536 ], [ 110.57343234323433, -6.794779477947793 ], [ 110.57343234323433, -6.794854485448545 ], [ 110.573357335733576, -6.794854485448536 ] ], [ [ 110.57365736573658, -6.794929492949299 ], [ 110.573882388238829, -6.794779477947793 ], [ 110.573807380738074, -6.795004500450043 ], [ 110.57373237323732, -6.794929492949298 ], [ 110.57365736573658, -6.794929492949299 ] ], [ [ 110.574107410741078, -6.794854485448536 ], [ 110.574182418241818, -6.794779477947789 ], [ 110.574182418241818, -6.794854485448547 ], [ 110.574107410741078, -6.794854485448536 ] ], [ [ 110.57343234323433, -6.794929492949291 ], [ 110.573507350735071, -6.794854485448536 ], [ 110.573507350735071, -6.794929492949289 ], [ 110.57343234323433, -6.794929492949291 ] ], [ [ 110.574032403240324, -6.794929492949288 ], [ 110.574107410741078, -6.794854485448536 ], [ 110.574107410741078, -6.794929492949293 ], [ 110.574032403240324, -6.794929492949288 ] ], [ [ 110.573582358235825, -6.795079507950796 ], [ 110.57365736573658, -6.794929492949299 ], [ 110.57365736573658, -6.795079507950797 ], [ 110.573582358235825, -6.795079507950796 ] ], [ [ 110.57365736573658, -6.79537953795379 ], [ 110.574032403240324, -6.795079507950788 ], [ 110.573882388238829, -6.795379537953795 ], [ 110.57365736573658, -6.79537953795379 ] ], [ [ 110.574632463246346, -6.795004500450039 ], [ 110.574707470747072, -6.794929492949298 ], [ 110.574707470747072, -6.79500450045004 ], [ 110.574632463246346, -6.795004500450039 ] ], [ [ 110.574407440744068, -6.795079507950793 ], [ 110.574482448244822, -6.795004500450052 ], [ 110.574482448244822, -6.795079507950801 ], [ 110.574407440744068, -6.795079507950793 ] ], [ [ 110.563906390639062, -6.795229522952302 ], [ 110.564356435643575, -6.795079507950802 ], [ 110.564506450645069, -6.795304530453041 ], [ 110.563906390639062, -6.795229522952302 ] ], [ [ 110.581983198319833, -6.79507950795079 ], [ 110.582583258325826, -6.795904590459038 ], [ 110.581533153315334, -6.797404740474041 ], [ 110.581533153315334, -6.796354635463543 ], [ 110.581983198319833, -6.79507950795079 ] ], [ [ 110.573582358235825, -6.795304530453052 ], [ 110.57365736573658, -6.795154515451545 ], [ 110.57365736573658, -6.795304530453041 ], [ 110.573582358235825, -6.795304530453052 ] ], [ [ 110.574182418241818, -6.795379537953803 ], [ 110.574257425742573, -6.795304530453051 ], [ 110.574257425742573, -6.795379537953785 ], [ 110.574182418241818, -6.795379537953803 ] ], [ [ 110.564356435643575, -6.795454545454538 ], [ 110.564431443144315, -6.795379537953796 ], [ 110.564431443144315, -6.795454545454547 ], [ 110.564356435643575, -6.795454545454538 ] ], [ [ 110.573882388238829, -6.795454545454553 ], [ 110.573957395739569, -6.795379537953803 ], [ 110.573957395739569, -6.79545454545455 ], [ 110.573882388238829, -6.795454545454553 ] ], [ [ 110.56293129312931, -6.795679567956802 ], [ 110.563381338133823, -6.79560456045604 ], [ 110.563006300630065, -6.795904590459052 ], [ 110.56293129312931, -6.795679567956802 ] ], [ [ 110.564506450645069, -6.795529552955295 ], [ 110.56458145814581, -6.795454545454546 ], [ 110.56458145814581, -6.795529552955298 ], [ 110.564506450645069, -6.795529552955295 ] ], [ [ 110.563681368136812, -6.795754575457543 ], [ 110.563756375637567, -6.795679567956805 ], [ 110.563756375637567, -6.795754575457552 ], [ 110.563681368136812, -6.795754575457543 ] ], [ [ 110.56285628562857, -6.795829582958293 ], [ 110.56293129312931, -6.795754575457549 ], [ 110.56293129312931, -6.7958295829583 ], [ 110.56285628562857, -6.795829582958293 ] ], [ [ 110.563906390639062, -6.795829582958302 ], [ 110.564056405640585, -6.79590459045904 ], [ 110.563906390639062, -6.795979597959802 ], [ 110.563906390639062, -6.795829582958302 ] ], [ [ 110.575682568256823, -6.795829582958301 ], [ 110.575757575757578, -6.795754575457551 ], [ 110.575757575757578, -6.795829582958304 ], [ 110.575682568256823, -6.795829582958301 ] ], [ [ 110.563981398139816, -6.796054605460553 ], [ 110.564206420642066, -6.795979597959797 ], [ 110.563981398139816, -6.796204620462048 ], [ 110.563981398139816, -6.796054605460553 ] ], [ [ 110.575457545754574, -6.79590459045904 ], [ 110.575757575757578, -6.79605460546054 ], [ 110.575457545754574, -6.796204620462041 ], [ 110.575457545754574, -6.79590459045904 ] ], [ [ 110.575757575757578, -6.795904590459044 ], [ 110.575832583258332, -6.795829582958302 ], [ 110.575832583258332, -6.795904590459044 ], [ 110.575757575757578, -6.795904590459044 ] ], [ [ 110.569531953195323, -6.79597959795979 ], [ 110.569606960696063, -6.795904590459037 ], [ 110.569606960696063, -6.79597959795979 ], [ 110.569531953195323, -6.79597959795979 ] ], [ [ 110.575832583258332, -6.79620462046204 ], [ 110.576882688268824, -6.796354635463544 ], [ 110.576657665766575, -6.796954695469549 ], [ 110.576882688268824, -6.797254725472541 ], [ 110.575232523252325, -6.796729672967304 ], [ 110.575832583258332, -6.79620462046204 ] ], [ [ 110.569456945694569, -6.796129612961293 ], [ 110.569531953195323, -6.796054605460547 ], [ 110.569531953195323, -6.796129612961294 ], [ 110.569456945694569, -6.796129612961293 ] ], [ [ 110.576432643264326, -6.796129612961291 ], [ 110.57650765076508, -6.796054605460551 ], [ 110.57650765076508, -6.796129612961288 ], [ 110.576432643264326, -6.796129612961291 ] ], [ [ 110.563756375637567, -6.79627962796279 ], [ 110.563831383138307, -6.796129612961295 ], [ 110.563906390639062, -6.796279627962803 ], [ 110.563756375637567, -6.79627962796279 ] ], [ [ 110.562031203120313, -6.796279627962789 ], [ 110.562331233123317, -6.7965796579658 ], [ 110.562031203120313, -6.796879687968798 ], [ 110.562031203120313, -6.796279627962789 ] ], [ [ 110.563381338133823, -6.79635463546354 ], [ 110.563456345634563, -6.796279627962791 ], [ 110.563456345634563, -6.796354635463555 ], [ 110.563381338133823, -6.79635463546354 ] ], [ [ 110.564206420642066, -6.796354635463551 ], [ 110.56428142814282, -6.796279627962793 ], [ 110.56428142814282, -6.796354635463546 ], [ 110.564206420642066, -6.796354635463551 ] ], [ [ 110.570657065706584, -6.796954695469548 ], [ 110.571182118211823, -6.796804680468041 ], [ 110.572382238223824, -6.796954695469545 ], [ 110.570657065706584, -6.796954695469548 ] ], [ [ 110.562481248124811, -6.796504650465053 ], [ 110.562556255625566, -6.796429642964304 ], [ 110.562556255625566, -6.796504650465045 ], [ 110.562481248124811, -6.796504650465053 ] ], [ [ 110.563081308130833, -6.796504650465053 ], [ 110.563156315631559, -6.796429642964291 ], [ 110.563156315631559, -6.796504650465048 ], [ 110.563081308130833, -6.796504650465053 ] ], [ [ 110.563306330633068, -6.796504650465045 ], [ 110.563381338133823, -6.796429642964299 ], [ 110.563381338133823, -6.796504650465049 ], [ 110.563306330633068, -6.796504650465045 ] ], [ [ 110.562406240624057, -6.796654665466549 ], [ 110.562481248124811, -6.796504650465053 ], [ 110.562481248124811, -6.796654665466549 ], [ 110.562406240624057, -6.796654665466549 ] ], [ [ 110.563006300630065, -6.7965796579658 ], [ 110.563081308130833, -6.796504650465053 ], [ 110.563081308130833, -6.796579657965793 ], [ 110.563006300630065, -6.7965796579658 ] ], [ [ 110.563231323132314, -6.79657965796579 ], [ 110.563306330633068, -6.796504650465045 ], [ 110.563306330633068, -6.796579657965792 ], [ 110.563231323132314, -6.79657965796579 ] ], [ [ 110.565031503150323, -6.7968796879688 ], [ 110.565706570657085, -6.797104710471045 ], [ 110.565556555655562, -6.797329732973291 ], [ 110.565481548154821, -6.797104710471052 ], [ 110.565031503150323, -6.7968796879688 ] ], [ [ 110.563081308130833, -6.796654665466539 ], [ 110.563231323132314, -6.7967296729673 ], [ 110.563081308130833, -6.796804680468044 ], [ 110.563081308130833, -6.796654665466539 ] ], [ [ 110.563756375637567, -6.79665466546655 ], [ 110.563831383138307, -6.7965796579658 ], [ 110.563831383138307, -6.796654665466553 ], [ 110.563756375637567, -6.79665466546655 ] ], [ [ 110.564506450645069, -6.79680468046805 ], [ 110.564656465646564, -6.796579657965792 ], [ 110.56458145814581, -6.79680468046805 ], [ 110.564506450645069, -6.79680468046805 ] ], [ [ 110.576957695769579, -6.796654665466541 ], [ 110.577032703270334, -6.796579657965792 ], [ 110.577032703270334, -6.796654665466549 ], [ 110.576957695769579, -6.796654665466541 ] ], [ [ 110.578607860786079, -6.797854785478547 ], [ 110.579732973297325, -6.796879687968797 ], [ 110.578757875787574, -6.798604860486043 ], [ 110.578607860786079, -6.797854785478547 ] ], [ [ 110.562181218121808, -6.796804680468042 ], [ 110.562406240624057, -6.796804680468048 ], [ 110.562106210621067, -6.797104710471051 ], [ 110.562181218121808, -6.796804680468042 ] ], [ [ 110.56285628562857, -6.796804680468049 ], [ 110.56293129312931, -6.796729672967294 ], [ 110.56293129312931, -6.79680468046805 ], [ 110.56285628562857, -6.796804680468049 ] ], [ [ 110.56428142814282, -6.796879687968793 ], [ 110.564356435643575, -6.796804680468042 ], [ 110.564356435643575, -6.79687968796879 ], [ 110.56428142814282, -6.796879687968793 ] ], [ [ 110.576882688268824, -6.79695469546954 ], [ 110.576957695769579, -6.796804680468051 ], [ 110.576957695769579, -6.796954695469547 ], [ 110.576882688268824, -6.79695469546954 ] ], [ [ 110.561956195619558, -6.797029702970303 ], [ 110.562031203120313, -6.796879687968798 ], [ 110.562031203120313, -6.7970297029703 ], [ 110.561956195619558, -6.797029702970303 ] ], [ [ 110.561881188118818, -6.79710471047104 ], [ 110.561956195619558, -6.797029702970303 ], [ 110.561956195619558, -6.797104710471042 ], [ 110.561881188118818, -6.79710471047104 ] ], [ [ 110.562031203120313, -6.797179717971789 ], [ 110.562106210621067, -6.797104710471051 ], [ 110.562106210621067, -6.797179717971801 ], [ 110.562031203120313, -6.797179717971789 ] ], [ [ 110.565256525652572, -6.797254725472549 ], [ 110.565331533153312, -6.797104710471044 ], [ 110.565406540654067, -6.797254725472542 ], [ 110.565256525652572, -6.797254725472549 ] ], [ [ 110.565706570657085, -6.797254725472549 ], [ 110.565856585658565, -6.797179717971794 ], [ 110.565856585658565, -6.797254725472548 ], [ 110.565706570657085, -6.797254725472549 ] ], [ [ 110.561956195619558, -6.797329732973298 ], [ 110.562031203120313, -6.797254725472554 ], [ 110.562031203120313, -6.797329732973304 ], [ 110.561956195619558, -6.797329732973298 ] ], [ [ 110.565856585658565, -6.797329732973291 ], [ 110.56593159315932, -6.79725472547255 ], [ 110.56593159315932, -6.797329732973296 ], [ 110.565856585658565, -6.797329732973291 ] ], [ [ 110.565556555655562, -6.797404740474041 ], [ 110.565706570657085, -6.797329732973301 ], [ 110.565706570657085, -6.797404740474043 ], [ 110.565556555655562, -6.797404740474041 ] ], [ [ 110.566381638163818, -6.797629762976299 ], [ 110.566306630663064, -6.797329732973304 ], [ 110.566681668166822, -6.797554755475551 ], [ 110.566381638163818, -6.797629762976299 ] ], [ [ 110.565706570657085, -6.797479747974804 ], [ 110.565781578157811, -6.797404740474054 ], [ 110.565781578157811, -6.797479747974802 ], [ 110.565706570657085, -6.797479747974804 ] ], [ [ 110.579657965796585, -6.798154815481541 ], [ 110.580183018301824, -6.797554755475549 ], [ 110.579582958295845, -6.798829882988294 ], [ 110.579657965796585, -6.798154815481541 ] ], [ [ 110.560081008100823, -6.797929792979301 ], [ 110.560381038103813, -6.797704770477053 ], [ 110.560381038103813, -6.798079807980799 ], [ 110.560081008100823, -6.797929792979301 ] ], [ [ 110.566831683168317, -6.797779777977794 ], [ 110.566906690669072, -6.797704770477043 ], [ 110.566906690669072, -6.797779777977805 ], [ 110.566831683168317, -6.797779777977794 ] ], [ [ 110.566756675667563, -6.798004800480045 ], [ 110.566831683168317, -6.797854785478541 ], [ 110.566831683168317, -6.798004800480056 ], [ 110.566756675667563, -6.798004800480045 ] ], [ [ 110.573807380738074, -6.798754875487552 ], [ 110.574782478247826, -6.79815481548155 ], [ 110.574707470747072, -6.79905490549054 ], [ 110.573807380738074, -6.798754875487552 ] ], [ [ 110.577857785778576, -6.798604860486043 ], [ 110.578532853285324, -6.798004800480056 ], [ 110.578307830783075, -6.798679867986791 ], [ 110.577857785778576, -6.798604860486043 ] ], [ [ 110.579957995799575, -6.799054905490551 ], [ 110.580708070807077, -6.798304830483041 ], [ 110.580108010801084, -6.799429942994308 ], [ 110.579957995799575, -6.799054905490551 ] ], [ [ 110.566606660666068, -6.798229822982295 ], [ 110.566756675667563, -6.798004800480045 ], [ 110.566681668166822, -6.798229822982302 ], [ 110.566606660666068, -6.798229822982295 ] ], [ [ 110.568856885688575, -6.798304830483057 ], [ 110.568931893189315, -6.798229822982305 ], [ 110.568931893189315, -6.798304830483057 ], [ 110.568856885688575, -6.798304830483057 ] ], [ [ 110.567656765676574, -6.798379837983806 ], [ 110.567731773177314, -6.798304830483044 ], [ 110.567731773177314, -6.798379837983796 ], [ 110.567656765676574, -6.798379837983806 ] ], [ [ 110.569081908190824, -6.798454845484553 ], [ 110.569156915691565, -6.798379837983794 ], [ 110.569156915691565, -6.798454845484551 ], [ 110.569081908190824, -6.798454845484553 ] ], [ [ 110.569156915691565, -6.798529852985296 ], [ 110.569381938193814, -6.798454845484557 ], [ 110.569381938193814, -6.798529852985296 ], [ 110.569156915691565, -6.798529852985296 ] ], [ [ 110.569456945694569, -6.798529852985297 ], [ 110.569531953195323, -6.79845484548455 ], [ 110.569531953195323, -6.798529852985301 ], [ 110.569456945694569, -6.798529852985297 ] ], [ [ 110.578532853285324, -6.798529852985293 ], [ 110.578607860786079, -6.798454845484547 ], [ 110.578607860786079, -6.798529852985292 ], [ 110.578532853285324, -6.798529852985293 ] ], [ [ 110.578382838283829, -6.798679867986805 ], [ 110.578457845784584, -6.798529852985298 ], [ 110.578457845784584, -6.798679867986793 ], [ 110.578382838283829, -6.798679867986805 ] ], [ [ 110.568106810681073, -6.798679867986806 ], [ 110.568181818181813, -6.798604860486041 ], [ 110.568181818181813, -6.798679867986796 ], [ 110.568106810681073, -6.798679867986806 ] ], [ [ 110.582358235823577, -6.798754875487548 ], [ 110.582433243324331, -6.79867986798679 ], [ 110.582433243324331, -6.798754875487557 ], [ 110.582358235823577, -6.798754875487548 ] ], [ [ 110.568106810681073, -6.798829882988299 ], [ 110.568181818181813, -6.798754875487557 ], [ 110.568181818181813, -6.798829882988305 ], [ 110.568106810681073, -6.798829882988299 ] ], [ [ 110.582283228322837, -6.798829882988297 ], [ 110.582358235823577, -6.798754875487548 ], [ 110.582358235823577, -6.798829882988294 ], [ 110.582283228322837, -6.798829882988297 ] ], [ [ 110.560681068106817, -6.799054905490546 ], [ 110.560756075607557, -6.798829882988305 ], [ 110.560756075607557, -6.799054905490554 ], [ 110.560681068106817, -6.799054905490546 ] ], [ [ 110.582583258325826, -6.798904890489048 ], [ 110.582658265826581, -6.798829882988302 ], [ 110.582658265826581, -6.798904890489042 ], [ 110.582583258325826, -6.798904890489048 ] ], [ [ 110.560981098109806, -6.799054905490552 ], [ 110.561056105610575, -6.798904890489046 ], [ 110.561056105610575, -6.799054905490545 ], [ 110.560981098109806, -6.799054905490552 ] ], [ [ 110.582208220822096, -6.798979897989792 ], [ 110.582283228322837, -6.798904890489057 ], [ 110.582283228322837, -6.798979897989804 ], [ 110.582208220822096, -6.798979897989792 ] ], [ [ 110.582508250825086, -6.799054905490551 ], [ 110.582583258325826, -6.798904890489048 ], [ 110.582583258325826, -6.799054905490542 ], [ 110.582508250825086, -6.799054905490551 ] ], [ [ 110.560906090609066, -6.799279927992799 ], [ 110.560981098109806, -6.799054905490552 ], [ 110.560981098109806, -6.799279927992805 ], [ 110.560906090609066, -6.799279927992799 ] ], [ [ 110.582133213321328, -6.799129912991307 ], [ 110.582208220822096, -6.799054905490552 ], [ 110.582208220822096, -6.799129912991301 ], [ 110.582133213321328, -6.799129912991307 ] ], [ [ 110.582433243324331, -6.799129912991293 ], [ 110.582508250825086, -6.799054905490551 ], [ 110.582508250825086, -6.799129912991304 ], [ 110.582433243324331, -6.799129912991293 ] ], [ [ 110.582058205820587, -6.799204920492054 ], [ 110.582133213321328, -6.799129912991307 ], [ 110.582133213321328, -6.799204920492052 ], [ 110.582058205820587, -6.799204920492054 ] ], [ [ 110.582358235823577, -6.799204920492042 ], [ 110.582433243324331, -6.799129912991293 ], [ 110.582433243324331, -6.799204920492042 ], [ 110.582358235823577, -6.799204920492042 ] ], [ [ 110.560756075607557, -6.799354935493543 ], [ 110.560906090609066, -6.799279927992799 ], [ 110.560906090609066, -6.799429942994304 ], [ 110.560756075607557, -6.799354935493543 ] ], [ [ 110.561131113111315, -6.799429942994304 ], [ 110.561206120612056, -6.799279927992798 ], [ 110.561206120612056, -6.799429942994294 ], [ 110.561131113111315, -6.799429942994304 ] ], [ [ 110.582283228322837, -6.799354935493556 ], [ 110.582358235823577, -6.799279927992804 ], [ 110.582358235823577, -6.799354935493554 ], [ 110.582283228322837, -6.799354935493556 ] ], [ [ 110.560456045604568, -6.799354935493546 ], [ 110.560981098109806, -6.799504950495039 ], [ 110.560531053105308, -6.80055505550555 ], [ 110.560531053105308, -6.799579957995806 ], [ 110.560156015601564, -6.800255025502546 ], [ 110.559930993099314, -6.800330033003302 ], [ 110.560456045604568, -6.799354935493546 ] ], [ [ 110.560981098109806, -6.799504950495039 ], [ 110.561056105610575, -6.799354935493555 ], [ 110.561056105610575, -6.79950495049505 ], [ 110.560981098109806, -6.799504950495039 ] ], [ [ 110.581908190819078, -6.799429942994293 ], [ 110.581983198319833, -6.799354935493557 ], [ 110.581983198319833, -6.799429942994296 ], [ 110.581908190819078, -6.799429942994293 ] ], [ [ 110.582208220822096, -6.799429942994299 ], [ 110.582283228322837, -6.799354935493556 ], [ 110.582283228322837, -6.799429942994301 ], [ 110.582208220822096, -6.799429942994299 ] ], [ [ 110.581833183318338, -6.79950495049505 ], [ 110.581908190819078, -6.799429942994293 ], [ 110.581908190819078, -6.799504950495044 ], [ 110.581833183318338, -6.79950495049505 ] ], [ [ 110.582133213321328, -6.799579957995801 ], [ 110.582208220822096, -6.79950495049504 ], [ 110.582208220822096, -6.799579957995803 ], [ 110.582133213321328, -6.799579957995801 ] ], [ [ 110.581983198319833, -6.799804980498057 ], [ 110.582133213321328, -6.799579957995801 ], [ 110.582058205820587, -6.799804980498047 ], [ 110.581983198319833, -6.799804980498057 ] ], [ [ 110.581683168316829, -6.799729972997301 ], [ 110.581758175817583, -6.799654965496555 ], [ 110.581758175817583, -6.799729972997302 ], [ 110.581683168316829, -6.799729972997301 ] ], [ [ 110.581908190819078, -6.799879987998797 ], [ 110.581983198319833, -6.799804980498057 ], [ 110.581983198319833, -6.799879987998795 ], [ 110.581908190819078, -6.799879987998797 ] ], [ [ 110.581533153315334, -6.799954995499552 ], [ 110.581608160816089, -6.799879987998803 ], [ 110.581608160816089, -6.799954995499544 ], [ 110.581533153315334, -6.799954995499552 ] ], [ [ 110.581758175817583, -6.800105010501046 ], [ 110.581908190819078, -6.800030003000301 ], [ 110.581908190819078, -6.800105010501044 ], [ 110.581758175817583, -6.800105010501046 ] ], [ [ 110.581908190819078, -6.800180018001792 ], [ 110.582058205820587, -6.800105010501054 ], [ 110.582058205820587, -6.800180018001806 ], [ 110.581908190819078, -6.800180018001792 ] ], [ [ 110.560231023102304, -6.800930093009295 ], [ 110.560456045604568, -6.800705070507049 ], [ 110.560381038103813, -6.801005100510046 ], [ 110.560231023102304, -6.800930093009295 ] ], [ [ 110.56128112811281, -6.80115511551156 ], [ 110.561806180618063, -6.800855085508543 ], [ 110.56150615061506, -6.801455145514558 ], [ 110.56128112811281, -6.80115511551156 ] ], [ [ 110.560831083108312, -6.801455145514546 ], [ 110.560981098109806, -6.801380138013809 ], [ 110.560981098109806, -6.801455145514552 ], [ 110.560831083108312, -6.801455145514546 ] ], [ [ 110.560981098109806, -6.8015301530153 ], [ 110.561131113111315, -6.801455145514558 ], [ 110.561206120612056, -6.801680168016802 ], [ 110.560981098109806, -6.8015301530153 ] ], [ [ 110.562706270627075, -6.801980198019798 ], [ 110.562781278127815, -6.801830183018293 ], [ 110.562781278127815, -6.8019801980198 ], [ 110.562706270627075, -6.801980198019798 ] ], [ [ 110.562631263126306, -6.802055205520558 ], [ 110.562706270627075, -6.801980198019798 ], [ 110.562706270627075, -6.80205520552055 ], [ 110.562631263126306, -6.802055205520558 ] ], [ [ 110.563531353135318, -6.802055205520546 ], [ 110.563606360636058, -6.801980198019803 ], [ 110.563606360636058, -6.80205520552055 ], [ 110.563531353135318, -6.802055205520546 ] ], [ [ 110.562781278127815, -6.80220522052205 ], [ 110.56285628562857, -6.802130213021296 ], [ 110.56285628562857, -6.802205220522059 ], [ 110.562781278127815, -6.80220522052205 ] ], [ [ 110.563006300630065, -6.802205220522059 ], [ 110.563156315631559, -6.802130213021293 ], [ 110.563156315631559, -6.802205220522056 ], [ 110.563006300630065, -6.802205220522059 ] ], [ [ 110.563456345634563, -6.802205220522059 ], [ 110.563531353135318, -6.80213021302131 ], [ 110.563531353135318, -6.802205220522044 ], [ 110.563456345634563, -6.802205220522059 ] ], [ [ 110.564056405640585, -6.802580258025808 ], [ 110.564131413141311, -6.802505250525055 ], [ 110.564131413141311, -6.802580258025803 ], [ 110.564056405640585, -6.802580258025808 ] ], [ [ 110.563756375637567, -6.802730273027307 ], [ 110.563831383138307, -6.802655265526556 ], [ 110.563831383138307, -6.802730273027306 ], [ 110.563756375637567, -6.802730273027307 ] ], [ [ 110.563981398139816, -6.802730273027299 ], [ 110.564056405640585, -6.802655265526557 ], [ 110.564056405640585, -6.802730273027309 ], [ 110.563981398139816, -6.802730273027299 ] ], [ [ 110.563906390639062, -6.802805280528048 ], [ 110.563981398139816, -6.802730273027299 ], [ 110.563981398139816, -6.802805280528051 ], [ 110.563906390639062, -6.802805280528048 ] ], [ [ 110.56428142814282, -6.802805280528061 ], [ 110.564356435643575, -6.802730273027304 ], [ 110.564356435643575, -6.802805280528051 ], [ 110.56428142814282, -6.802805280528061 ] ], [ [ 110.564431443144315, -6.802880288028807 ], [ 110.56458145814581, -6.802730273027306 ], [ 110.564506450645069, -6.802880288028802 ], [ 110.564431443144315, -6.802880288028807 ] ], [ [ 110.564131413141311, -6.802880288028804 ], [ 110.564206420642066, -6.802805280528045 ], [ 110.564206420642066, -6.802880288028808 ], [ 110.564131413141311, -6.802880288028804 ] ], [ [ 110.564356435643575, -6.803030303030301 ], [ 110.564506450645069, -6.802955295529556 ], [ 110.564506450645069, -6.803030303030303 ], [ 110.564356435643575, -6.803030303030301 ] ], [ [ 110.564731473147319, -6.803030303030296 ], [ 110.564806480648059, -6.802955295529546 ], [ 110.564806480648059, -6.803030303030295 ], [ 110.564731473147319, -6.803030303030296 ] ], [ [ 110.564131413141311, -6.803255325532549 ], [ 110.56428142814282, -6.803480348034807 ], [ 110.563756375637567, -6.803255325532554 ], [ 110.564131413141311, -6.803255325532549 ] ], [ [ 110.564806480648059, -6.803330333033296 ], [ 110.564881488148814, -6.803255325532555 ], [ 110.564881488148814, -6.803330333033296 ], [ 110.564806480648059, -6.803330333033296 ] ], [ [ 110.565706570657085, -6.803405340534056 ], [ 110.565781578157811, -6.803330333033297 ], [ 110.565781578157811, -6.803405340534047 ], [ 110.565706570657085, -6.803405340534056 ] ], [ [ 110.565331533153312, -6.803480348034809 ], [ 110.565406540654067, -6.803405340534048 ], [ 110.565406540654067, -6.803480348034801 ], [ 110.565331533153312, -6.803480348034809 ] ], [ [ 110.565631563156316, -6.803555355535545 ], [ 110.565706570657085, -6.803405340534056 ], [ 110.565706570657085, -6.803555355535546 ], [ 110.565631563156316, -6.803555355535545 ] ], [ [ 110.565181518151817, -6.803555355535559 ], [ 110.565256525652572, -6.803480348034796 ], [ 110.565256525652572, -6.803555355535545 ], [ 110.565181518151817, -6.803555355535559 ] ], [ [ 110.565256525652572, -6.803630363036297 ], [ 110.565331533153312, -6.803555355535562 ], [ 110.565331533153312, -6.803630363036302 ], [ 110.565256525652572, -6.803630363036297 ] ], [ [ 110.565556555655562, -6.803630363036295 ], [ 110.565631563156316, -6.803555355535545 ], [ 110.565631563156316, -6.803630363036302 ], [ 110.565556555655562, -6.803630363036295 ] ], [ [ 110.565481548154821, -6.803705370537054 ], [ 110.565556555655562, -6.803630363036295 ], [ 110.565556555655562, -6.803705370537053 ], [ 110.565481548154821, -6.803705370537054 ] ], [ [ 110.56593159315932, -6.803855385538553 ], [ 110.566231623162309, -6.803705370537048 ], [ 110.566156615661569, -6.803855385538552 ], [ 110.56593159315932, -6.803855385538553 ] ], [ [ 110.565706570657085, -6.803855385538557 ], [ 110.565781578157811, -6.803705370537048 ], [ 110.565781578157811, -6.803855385538554 ], [ 110.565706570657085, -6.803855385538557 ] ], [ [ 110.565481548154821, -6.8039303930393 ], [ 110.565631563156316, -6.803855385538557 ], [ 110.565631563156316, -6.803930393039301 ], [ 110.565481548154821, -6.8039303930393 ] ], [ [ 110.565631563156316, -6.804005400540053 ], [ 110.565781578157811, -6.803930393039305 ], [ 110.565781578157811, -6.804005400540046 ], [ 110.565631563156316, -6.804005400540053 ] ], [ [ 110.56593159315932, -6.80400540054006 ], [ 110.566006600660074, -6.803930393039301 ], [ 110.566006600660074, -6.804005400540055 ], [ 110.56593159315932, -6.80400540054006 ] ], [ [ 110.565781578157811, -6.80408040804081 ], [ 110.565856585658565, -6.804005400540047 ], [ 110.565856585658565, -6.804080408040796 ], [ 110.565781578157811, -6.80408040804081 ] ], [ [ 110.566156615661569, -6.804155415541557 ], [ 110.566531653165313, -6.80408040804081 ], [ 110.566531653165313, -6.80423042304231 ], [ 110.566381638163818, -6.804155415541558 ], [ 110.566156615661569, -6.804155415541557 ] ], [ [ 110.566531653165313, -6.80408040804081 ], [ 110.566606660666068, -6.804005400540047 ], [ 110.566606660666068, -6.804080408040809 ], [ 110.566531653165313, -6.80408040804081 ] ], [ [ 110.565856585658565, -6.804155415541551 ], [ 110.56593159315932, -6.804080408040797 ], [ 110.56593159315932, -6.804155415541555 ], [ 110.565856585658565, -6.804155415541551 ] ], [ [ 110.566081608160815, -6.804230423042303 ], [ 110.566156615661569, -6.804155415541557 ], [ 110.566156615661569, -6.804230423042297 ], [ 110.566081608160815, -6.804230423042303 ] ], [ [ 110.566531653165313, -6.804305430543052 ], [ 110.566606660666068, -6.804230423042297 ], [ 110.566606660666068, -6.804305430543058 ], [ 110.566531653165313, -6.804305430543052 ] ], [ [ 110.566306630663064, -6.804380438043798 ], [ 110.566381638163818, -6.804305430543061 ], [ 110.566381638163818, -6.804380438043801 ], [ 110.566306630663064, -6.804380438043798 ] ], [ [ 110.566456645664573, -6.804380438043802 ], [ 110.566531653165313, -6.804305430543052 ], [ 110.566531653165313, -6.8043804380438 ], [ 110.566456645664573, -6.804380438043802 ] ], [ [ 110.566831683168317, -6.804380438043808 ], [ 110.566906690669072, -6.804305430543057 ], [ 110.566906690669072, -6.804380438043798 ], [ 110.566831683168317, -6.804380438043808 ] ], [ [ 110.566981698169812, -6.804380438043801 ], [ 110.567056705670566, -6.804305430543057 ], [ 110.567056705670566, -6.8043804380438 ], [ 110.566981698169812, -6.804380438043801 ] ], [ [ 110.566606660666068, -6.804455445544561 ], [ 110.566681668166822, -6.80438043804381 ], [ 110.566681668166822, -6.804455445544551 ], [ 110.566606660666068, -6.804455445544561 ] ], [ [ 110.566906690669072, -6.804455445544559 ], [ 110.566981698169812, -6.804380438043801 ], [ 110.566981698169812, -6.804455445544547 ], [ 110.566906690669072, -6.804455445544559 ] ], [ [ 110.567056705670566, -6.804455445544547 ], [ 110.567131713171321, -6.804380438043796 ], [ 110.567131713171321, -6.804455445544562 ], [ 110.567056705670566, -6.804455445544547 ] ], [ [ 110.566906690669072, -6.80468046804681 ], [ 110.566981698169812, -6.804530453045301 ], [ 110.566981698169812, -6.804680468046803 ], [ 110.566906690669072, -6.80468046804681 ] ], [ [ 110.567131713171321, -6.804530453045301 ], [ 110.568181818181813, -6.805880588058805 ], [ 110.569831983198327, -6.807005700570057 ], [ 110.569531953195323, -6.807455745574559 ], [ 110.567281728172816, -6.806705670567061 ], [ 110.567431743174311, -6.805805580558061 ], [ 110.566531653165313, -6.805430543054307 ], [ 110.567131713171321, -6.804530453045301 ] ], [ [ 110.563006300630065, -6.804605460546046 ], [ 110.565481548154821, -6.80670567056706 ], [ 110.568031803180318, -6.810081008100802 ], [ 110.566531653165313, -6.808805880588061 ], [ 110.563006300630065, -6.804605460546046 ] ], [ [ 110.558655865586559, -6.804830483048305 ], [ 110.563831383138307, -6.807155715571555 ], [ 110.566081608160815, -6.809705970597059 ], [ 110.564506450645069, -6.808205820582057 ], [ 110.562556255625566, -6.807830783078314 ], [ 110.560156015601564, -6.805805580558056 ], [ 110.559255925592552, -6.805505550555058 ], [ 110.559030903090303, -6.805655565556552 ], [ 110.558655865586559, -6.804830483048305 ] ], [ [ 110.568406840684062, -6.804905490549051 ], [ 110.568481848184817, -6.804830483048311 ], [ 110.568481848184817, -6.804905490549046 ], [ 110.568406840684062, -6.804905490549051 ] ], [ [ 110.568556855685571, -6.804905490549053 ], [ 110.568631863186312, -6.804830483048305 ], [ 110.568631863186312, -6.804905490549055 ], [ 110.568556855685571, -6.804905490549053 ] ], [ [ 110.566531653165313, -6.804980498049806 ], [ 110.566606660666068, -6.804905490549061 ], [ 110.566606660666068, -6.8049804980498 ], [ 110.566531653165313, -6.804980498049806 ] ], [ [ 110.568481848184817, -6.805055505550549 ], [ 110.568556855685571, -6.804905490549053 ], [ 110.568556855685571, -6.805055505550555 ], [ 110.568481848184817, -6.805055505550549 ] ], [ [ 110.566531653165313, -6.805130513051298 ], [ 110.566606660666068, -6.805055505550563 ], [ 110.566606660666068, -6.805130513051312 ], [ 110.566531653165313, -6.805130513051298 ] ], [ [ 110.567881788178823, -6.805130513051299 ], [ 110.567956795679564, -6.805055505550562 ], [ 110.567956795679564, -6.805130513051298 ], [ 110.567881788178823, -6.805130513051299 ] ], [ [ 110.568406840684062, -6.805130513051307 ], [ 110.568481848184817, -6.805055505550549 ], [ 110.568481848184817, -6.8051305130513 ], [ 110.568406840684062, -6.805130513051307 ] ], [ [ 110.567806780678069, -6.805205520552054 ], [ 110.567881788178823, -6.805130513051299 ], [ 110.567881788178823, -6.805205520552058 ], [ 110.567806780678069, -6.805205520552054 ] ], [ [ 110.568106810681073, -6.80543054305431 ], [ 110.568256825682568, -6.805205520552062 ], [ 110.568331833183322, -6.805355535553561 ], [ 110.568106810681073, -6.80543054305431 ] ], [ [ 110.568106810681073, -6.805580558055807 ], [ 110.568181818181813, -6.805505550555054 ], [ 110.568181818181813, -6.805580558055804 ], [ 110.568106810681073, -6.805580558055807 ] ], [ [ 110.558955895589563, -6.805730573057303 ], [ 110.559030903090303, -6.805655565556552 ], [ 110.559030903090303, -6.8057305730573 ], [ 110.558955895589563, -6.805730573057303 ] ], [ [ 110.557005700570059, -6.805805580558055 ], [ 110.557155715571554, -6.805730573057311 ], [ 110.557155715571554, -6.805805580558052 ], [ 110.557005700570059, -6.805805580558055 ] ], [ [ 110.558505850585064, -6.806030603060303 ], [ 110.558805880588054, -6.80573057305731 ], [ 110.558880888088808, -6.805880588058801 ], [ 110.558505850585064, -6.806030603060303 ] ], [ [ 110.558880888088808, -6.805805580558058 ], [ 110.558955895589563, -6.805730573057303 ], [ 110.558955895589563, -6.805805580558057 ], [ 110.558880888088808, -6.805805580558058 ] ], [ [ 110.55685568556855, -6.806030603060306 ], [ 110.556930693069305, -6.805955595559556 ], [ 110.556930693069305, -6.806030603060312 ], [ 110.55685568556855, -6.806030603060306 ] ], [ [ 110.567056705670566, -6.806255625562551 ], [ 110.567206720672061, -6.806105610561062 ], [ 110.567281728172816, -6.806255625562554 ], [ 110.567056705670566, -6.806255625562551 ] ], [ [ 110.563006300630065, -6.806405640564053 ], [ 110.563081308130833, -6.806330633063305 ], [ 110.563081308130833, -6.806405640564051 ], [ 110.563006300630065, -6.806405640564053 ] ], [ [ 110.556405640564051, -6.807605760576054 ], [ 110.557230723072308, -6.807380738073805 ], [ 110.556480648064806, -6.807905790579049 ], [ 110.556405640564051, -6.807605760576054 ] ], [ [ 110.566606660666068, -6.807530753075306 ], [ 110.566681668166822, -6.807455745574551 ], [ 110.566681668166822, -6.807530753075299 ], [ 110.566606660666068, -6.807530753075306 ] ], [ [ 110.566756675667563, -6.807530753075304 ], [ 110.566831683168317, -6.80745574557456 ], [ 110.566831683168317, -6.807530753075314 ], [ 110.566756675667563, -6.807530753075304 ] ], [ [ 110.566531653165313, -6.80760576057605 ], [ 110.566606660666068, -6.807530753075306 ], [ 110.566606660666068, -6.807605760576058 ], [ 110.566531653165313, -6.80760576057605 ] ], [ [ 110.566531653165313, -6.807680768076803 ], [ 110.566681668166822, -6.807755775577559 ], [ 110.566531653165313, -6.807755775577562 ], [ 110.566531653165313, -6.807680768076803 ] ], [ [ 110.568031803180318, -6.81015601560156 ], [ 110.568106810681073, -6.810081008100811 ], [ 110.568106810681073, -6.810156015601568 ], [ 110.568031803180318, -6.81015601560156 ] ], [ [ 110.568181818181813, -6.810306030603055 ], [ 110.568256825682568, -6.810156015601558 ], [ 110.568331833183322, -6.810306030603066 ], [ 110.568181818181813, -6.810306030603055 ] ], [ [ 110.568931893189315, -6.810756075607566 ], [ 110.569381938193814, -6.810606060606065 ], [ 110.569606960696063, -6.810906090609056 ], [ 110.568931893189315, -6.810756075607566 ] ], [ [ 110.550930093009299, -6.81075607560757 ], [ 110.551005100510054, -6.81068106810682 ], [ 110.551005100510054, -6.810756075607561 ], [ 110.550930093009299, -6.81075607560757 ] ], [ [ 110.571557155715567, -6.810756075607562 ], [ 110.571632163216336, -6.810681068106809 ], [ 110.571632163216336, -6.810756075607554 ], [ 110.571557155715567, -6.810756075607562 ] ], [ [ 110.571632163216336, -6.81090609060906 ], [ 110.571707170717076, -6.810831083108309 ], [ 110.571707170717076, -6.810906090609058 ], [ 110.571632163216336, -6.81090609060906 ] ], [ [ 110.569756975697572, -6.811206120612062 ], [ 110.570282028202826, -6.810981098109809 ], [ 110.570282028202826, -6.811431143114315 ], [ 110.569756975697572, -6.811206120612062 ] ], [ [ 110.570282028202826, -6.811506150615065 ], [ 110.570357035703566, -6.811431143114304 ], [ 110.570357035703566, -6.811506150615068 ], [ 110.570282028202826, -6.811506150615065 ] ], [ [ 110.557005700570059, -6.812106210621055 ], [ 110.557080708070814, -6.812031203120313 ], [ 110.557080708070814, -6.81210621062106 ], [ 110.557005700570059, -6.812106210621055 ] ], [ [ 110.550405040504046, -6.814806480648067 ], [ 110.550780078007804, -6.814806480648066 ], [ 110.551230123012303, -6.815031503150308 ], [ 110.550405040504046, -6.814806480648067 ] ], [ [ 110.550255025502551, -6.814506450645062 ], [ 110.550405040504046, -6.814356435643568 ], [ 110.550405040504046, -6.814506450645069 ], [ 110.550255025502551, -6.814506450645062 ] ], [ [ 110.550180018001797, -6.814731473147323 ], [ 110.550330033003306, -6.814581458145808 ], [ 110.550330033003306, -6.814731473147313 ], [ 110.550180018001797, -6.814731473147323 ] ], [ [ 110.551155115511563, -6.814881488148806 ], [ 110.551305130513057, -6.814806480648056 ], [ 110.551305130513057, -6.814881488148815 ], [ 110.551155115511563, -6.814881488148806 ] ], [ [ 110.551305130513057, -6.814956495649563 ], [ 110.551455145514552, -6.81488148814882 ], [ 110.551455145514552, -6.814956495649557 ], [ 110.551305130513057, -6.814956495649563 ] ], [ [ 110.551230123012303, -6.815106510651072 ], [ 110.551380138013798, -6.815031503150316 ], [ 110.551380138013798, -6.815106510651071 ], [ 110.551230123012303, -6.815106510651072 ] ], [ [ 110.551680168016802, -6.815181518151813 ], [ 110.551755175517556, -6.815031503150311 ], [ 110.551830183018296, -6.815181518151813 ], [ 110.551680168016802, -6.815181518151813 ] ], [ [ 110.551380138013798, -6.815181518151809 ], [ 110.551530153015307, -6.815106510651061 ], [ 110.551530153015307, -6.815181518151822 ], [ 110.551380138013798, -6.815181518151809 ] ], [ [ 110.551830183018296, -6.81525652565257 ], [ 110.551905190519051, -6.815181518151813 ], [ 110.551905190519051, -6.815256525652566 ], [ 110.551830183018296, -6.81525652565257 ] ], [ [ 110.551605160516047, -6.815331533153321 ], [ 110.551680168016802, -6.815256525652566 ], [ 110.551680168016802, -6.815331533153309 ], [ 110.551605160516047, -6.815331533153321 ] ], [ [ 110.544929492949294, -6.821332133213325 ], [ 110.545304530453052, -6.821557155715575 ], [ 110.544704470447044, -6.822532253225321 ], [ 110.545604560456042, -6.824182418241821 ], [ 110.5476297629763, -6.825382538253819 ], [ 110.548604860486051, -6.82433243324333 ], [ 110.548079807980798, -6.825907590759075 ], [ 110.546504650465053, -6.826507650765078 ], [ 110.543804380438047, -6.824482448244825 ], [ 110.544929492949294, -6.821332133213325 ] ], [ [ 110.551905190519051, -6.82155715571557 ], [ 110.551980198019805, -6.82148214821482 ], [ 110.551980198019805, -6.821557155715564 ], [ 110.551905190519051, -6.82155715571557 ] ], [ [ 110.551755175517556, -6.822157215721576 ], [ 110.551905190519051, -6.821857185718569 ], [ 110.551605160516047, -6.822682268226822 ], [ 110.549654965496543, -6.825007500750081 ], [ 110.551755175517556, -6.822157215721576 ] ], [ [ 110.545304530453052, -6.822232223222315 ], [ 110.545379537953792, -6.82208220822082 ], [ 110.545379537953792, -6.822232223222329 ], [ 110.545304530453052, -6.822232223222315 ] ], [ [ 110.551455145514552, -6.822232223222318 ], [ 110.551530153015307, -6.822157215721582 ], [ 110.551530153015307, -6.822232223222322 ], [ 110.551455145514552, -6.822232223222318 ] ], [ [ 110.551305130513057, -6.822382238223823 ], [ 110.551380138013798, -6.822307230723071 ], [ 110.551380138013798, -6.822382238223818 ], [ 110.551305130513057, -6.822382238223823 ] ], [ [ 110.545079507950788, -6.822457245724574 ], [ 110.545154515451543, -6.82238223822382 ], [ 110.545154515451543, -6.82245724572457 ], [ 110.545079507950788, -6.822457245724574 ] ], [ [ 110.548604860486051, -6.824032403240319 ], [ 110.549429942994294, -6.823807380738072 ], [ 110.548604860486051, -6.82433243324333 ], [ 110.548604860486051, -6.824032403240319 ] ], [ [ 110.548604860486051, -6.824632463246314 ], [ 110.548979897989796, -6.82440744074408 ], [ 110.549129912991305, -6.824632463246322 ], [ 110.548604860486051, -6.824632463246314 ] ], [ [ 110.548304830483048, -6.824557455745582 ], [ 110.548379837983802, -6.82448244824482 ], [ 110.548379837983802, -6.824557455745571 ], [ 110.548304830483048, -6.824557455745582 ] ], [ [ 110.552805280528062, -6.82478247824782 ], [ 110.553030303030297, -6.824782478247829 ], [ 110.552805280528062, -6.824932493249316 ], [ 110.552805280528062, -6.82478247824782 ] ], [ [ 110.552730273027308, -6.825232523252319 ], [ 110.552805280528062, -6.824932493249316 ], [ 110.552805280528062, -6.825232523252332 ], [ 110.552730273027308, -6.825232523252319 ] ], [ [ 110.552505250525073, -6.82568256825683 ], [ 110.552730273027308, -6.825457545754578 ], [ 110.552730273027308, -6.825832583258333 ], [ 110.552505250525073, -6.82568256825683 ] ], [ [ 110.540579057905802, -6.826357635763577 ], [ 110.540954095409546, -6.826282628262828 ], [ 110.540579057905802, -6.826432643264321 ], [ 110.540579057905802, -6.826357635763577 ] ], [ [ 110.546579657965793, -6.827332733273323 ], [ 110.547479747974791, -6.828157815781585 ], [ 110.546579657965793, -6.828907890789083 ], [ 110.546204620462063, -6.830033003300334 ], [ 110.546579657965793, -6.827332733273323 ] ], [ [ 110.548829882988301, -6.827932793279336 ], [ 110.549279927992799, -6.827782778277829 ], [ 110.549354935493554, -6.828157815781585 ], [ 110.548829882988301, -6.827932793279336 ] ], [ [ 110.549429942994294, -6.828157815781583 ], [ 110.549504950495063, -6.82808280828083 ], [ 110.549504950495063, -6.82815781578157 ], [ 110.549429942994294, -6.828157815781583 ] ], [ [ 110.536453645364531, -6.828307830783073 ], [ 110.53660366036604, -6.828232823282322 ], [ 110.53660366036604, -6.82838283828383 ], [ 110.536453645364531, -6.828307830783073 ] ], [ [ 110.53660366036604, -6.828457845784574 ], [ 110.536678667866781, -6.828382838283834 ], [ 110.536678667866781, -6.828457845784578 ], [ 110.53660366036604, -6.828457845784574 ] ], [ [ 110.53690369036903, -6.828907890789074 ], [ 110.536978697869785, -6.828832883288328 ], [ 110.536978697869785, -6.828907890789075 ], [ 110.53690369036903, -6.828907890789074 ] ], [ [ 110.53690369036903, -6.829357935793588 ], [ 110.537128712871294, -6.828982898289827 ], [ 110.537128712871294, -6.829282928292833 ], [ 110.53690369036903, -6.829357935793588 ] ], [ [ 110.546804680468043, -6.829132913291335 ], [ 110.546879687968811, -6.829057905790572 ], [ 110.546879687968811, -6.829132913291328 ], [ 110.546804680468043, -6.829132913291335 ] ], [ [ 110.546729672967302, -6.829282928292833 ], [ 110.546804680468043, -6.829207920792078 ], [ 110.546804680468043, -6.829282928292825 ], [ 110.546729672967302, -6.829282928292833 ] ], [ [ 110.536978697869785, -6.829507950795072 ], [ 110.537053705370539, -6.829432943294338 ], [ 110.537053705370539, -6.829507950795088 ], [ 110.536978697869785, -6.829507950795072 ] ], [ [ 110.537203720372034, -6.829507950795079 ], [ 110.537278727872803, -6.829432943294336 ], [ 110.537278727872803, -6.829507950795072 ], [ 110.537203720372034, -6.829507950795079 ] ], [ [ 110.546654665466548, -6.829507950795084 ], [ 110.546729672967302, -6.829432943294336 ], [ 110.546729672967302, -6.829507950795078 ], [ 110.546654665466548, -6.829507950795084 ] ], [ [ 110.537128712871294, -6.829807980798088 ], [ 110.537428742874283, -6.829657965796574 ], [ 110.537353735373543, -6.830033003300334 ], [ 110.537128712871294, -6.829807980798088 ] ], [ [ 110.537428742874283, -6.829957995799588 ], [ 110.537503750375038, -6.829882988298829 ], [ 110.537503750375038, -6.829957995799577 ], [ 110.537428742874283, -6.829957995799588 ] ], [ [ 110.537353735373543, -6.830108010801073 ], [ 110.537428742874283, -6.830033003300322 ], [ 110.537428742874283, -6.830108010801079 ], [ 110.537353735373543, -6.830108010801073 ] ], [ [ 110.546129612961295, -6.830258025802573 ], [ 110.546204620462063, -6.830183018301828 ], [ 110.546204620462063, -6.830258025802585 ], [ 110.546129612961295, -6.830258025802573 ] ], [ [ 110.5459795979598, -6.830408040804084 ], [ 110.54605460546054, -6.830333033303321 ], [ 110.54605460546054, -6.830408040804077 ], [ 110.5459795979598, -6.830408040804084 ] ], [ [ 110.54627962796279, -6.830408040804087 ], [ 110.546354635463544, -6.830333033303322 ], [ 110.546354635463544, -6.830408040804073 ], [ 110.54627962796279, -6.830408040804087 ] ], [ [ 110.546204620462063, -6.830483048304838 ], [ 110.54627962796279, -6.830408040804087 ], [ 110.54627962796279, -6.830483048304825 ], [ 110.546204620462063, -6.830483048304838 ] ], [ [ 110.545529552955301, -6.831083108310835 ], [ 110.546129612961295, -6.830933093309335 ], [ 110.545679567956796, -6.831608160816083 ], [ 110.545529552955301, -6.831083108310835 ] ], [ [ 110.537578757875792, -6.831158115811584 ], [ 110.53825382538254, -6.831758175817572 ], [ 110.538178817881786, -6.832283228322831 ], [ 110.537578757875792, -6.831158115811584 ] ], [ [ 110.545454545454547, -6.831233123312328 ], [ 110.545529552955301, -6.831158115811579 ], [ 110.545529552955301, -6.831233123312328 ], [ 110.545454545454547, -6.831233123312328 ] ], [ [ 110.545379537953792, -6.831308130813073 ], [ 110.545454545454547, -6.831233123312328 ], [ 110.545454545454547, -6.831308130813079 ], [ 110.545379537953792, -6.831308130813073 ] ], [ [ 110.53825382538254, -6.832058205820574 ], [ 110.538328832883295, -6.831983198319836 ], [ 110.538328832883295, -6.832058205820587 ], [ 110.53825382538254, -6.832058205820574 ] ], [ [ 110.538328832883295, -6.832208220822089 ], [ 110.538403840384035, -6.832133213321324 ], [ 110.538403840384035, -6.832208220822083 ], [ 110.538328832883295, -6.832208220822089 ] ], [ [ 110.546729672967302, -6.832208220822075 ], [ 110.546804680468043, -6.832133213321329 ], [ 110.546804680468043, -6.832208220822082 ], [ 110.546729672967302, -6.832208220822075 ] ], [ [ 110.534503450345028, -6.832583258325826 ], [ 110.534878487848786, -6.832658265826578 ], [ 110.534428442844288, -6.832883288328833 ], [ 110.534503450345028, -6.832583258325826 ] ], [ [ 110.546954695469552, -6.832283228322834 ], [ 110.547104710471046, -6.832208220822085 ], [ 110.547104710471046, -6.832283228322829 ], [ 110.546954695469552, -6.832283228322834 ] ], [ [ 110.538778877887793, -6.832658265826589 ], [ 110.538853885388534, -6.832583258325824 ], [ 110.538853885388534, -6.832658265826583 ], [ 110.538778877887793, -6.832658265826589 ] ], [ [ 110.538928892889302, -6.832733273327325 ], [ 110.53990399039904, -6.832733273327328 ], [ 110.540054005400535, -6.833033303330336 ], [ 110.538928892889302, -6.832733273327325 ] ], [ [ 110.547854785478563, -6.832658265826584 ], [ 110.547929792979303, -6.832583258325827 ], [ 110.547929792979303, -6.832658265826582 ], [ 110.547854785478563, -6.832658265826584 ] ], [ [ 110.534353435343533, -6.832958295829586 ], [ 110.534428442844288, -6.832883288328833 ], [ 110.534428442844288, -6.832958295829588 ], [ 110.534353435343533, -6.832958295829586 ] ], [ [ 110.534278427842779, -6.833033303330332 ], [ 110.534353435343533, -6.832958295829586 ], [ 110.534353435343533, -6.833033303330342 ], [ 110.534278427842779, -6.833033303330332 ] ], [ [ 110.530678067806789, -6.833108310831079 ], [ 110.53075307530753, -6.833033303330336 ], [ 110.53075307530753, -6.833108310831084 ], [ 110.530678067806789, -6.833108310831079 ] ], [ [ 110.533978397839789, -6.833258325832587 ], [ 110.534278427842779, -6.833033303330332 ], [ 110.534203420342038, -6.833408340834086 ], [ 110.533978397839789, -6.833258325832587 ] ], [ [ 110.53075307530753, -6.833108310831084 ], [ 110.53217821782178, -6.834233423342338 ], [ 110.53217821782178, -6.834458445844584 ], [ 110.531203120312028, -6.833933393339325 ], [ 110.53075307530753, -6.833108310831084 ] ], [ [ 110.540504050405048, -6.83333333333334 ], [ 110.540729072907297, -6.833108310831088 ], [ 110.540729072907297, -6.833408340834083 ], [ 110.540504050405048, -6.83333333333334 ] ], [ [ 110.532478247824784, -6.834758475847577 ], [ 110.534353435343533, -6.833783378337837 ], [ 110.533003300330051, -6.835133513351343 ], [ 110.533303330333041, -6.835808580858094 ], [ 110.533153315331532, -6.835958595859583 ], [ 110.532478247824784, -6.834758475847577 ] ], [ [ 110.541704170417049, -6.833558355835575 ], [ 110.541929192919312, -6.833483348334838 ], [ 110.541929192919312, -6.833633363336335 ], [ 110.541704170417049, -6.833558355835575 ] ], [ [ 110.541179117911796, -6.83355835583558 ], [ 110.541254125412536, -6.833483348334824 ], [ 110.541254125412536, -6.83355835583558 ], [ 110.541179117911796, -6.83355835583558 ] ], [ [ 110.541929192919312, -6.833708370837074 ], [ 110.542004200420038, -6.833633363336332 ], [ 110.542004200420038, -6.833708370837081 ], [ 110.541929192919312, -6.833708370837074 ] ], [ [ 110.541629162916294, -6.834008400840078 ], [ 110.542529252925291, -6.834158415841576 ], [ 110.542379237923797, -6.834608460846082 ], [ 110.541629162916294, -6.834008400840078 ] ], [ [ 110.542079207920793, -6.833783378337829 ], [ 110.542154215421547, -6.833708370837082 ], [ 110.542154215421547, -6.833783378337837 ], [ 110.542079207920793, -6.833783378337829 ] ], [ [ 110.542154215421547, -6.833858385838578 ], [ 110.542304230423042, -6.833783378337825 ], [ 110.542304230423042, -6.833858385838588 ], [ 110.542154215421547, -6.833858385838578 ] ], [ [ 110.525652565256522, -6.834458445844584 ], [ 110.527527752775271, -6.836108610861087 ], [ 110.527827782778274, -6.837158715871594 ], [ 110.524977497749774, -6.835658565856591 ], [ 110.525652565256522, -6.834458445844584 ] ], [ [ 110.522502250225017, -6.834908490849092 ], [ 110.52460246024603, -6.836033603360338 ], [ 110.524752475247524, -6.837533753375344 ], [ 110.521977197719778, -6.836408640864079 ], [ 110.522502250225017, -6.834908490849092 ] ], [ [ 110.52437743774378, -6.835283528352831 ], [ 110.525052505250528, -6.835058505850586 ], [ 110.524977497749774, -6.835508550855078 ], [ 110.52437743774378, -6.835283528352831 ] ], [ [ 110.533228322832286, -6.836033603360331 ], [ 110.533303330333041, -6.835958595859592 ], [ 110.533303330333041, -6.836033603360332 ], [ 110.533228322832286, -6.836033603360331 ] ], [ [ 110.52767776777678, -6.836333633363344 ], [ 110.527752775277534, -6.836183618361834 ], [ 110.527752775277534, -6.836333633363335 ], [ 110.52767776777678, -6.836333633363344 ] ], [ [ 110.524827482748279, -6.836408640864089 ], [ 110.525052505250528, -6.83633363336333 ], [ 110.525052505250528, -6.836483648364831 ], [ 110.524827482748279, -6.836408640864089 ] ], [ [ 110.535328532853285, -6.837308730873088 ], [ 110.535553555355534, -6.837008700870093 ], [ 110.536078607860787, -6.837383738373834 ], [ 110.535328532853285, -6.837308730873088 ] ], [ [ 110.527827782778274, -6.837233723372338 ], [ 110.528202820282033, -6.837158715871579 ], [ 110.528202820282033, -6.837233723372338 ], [ 110.527827782778274, -6.837233723372338 ] ], [ [ 110.528877887788781, -6.837308730873095 ], [ 110.52902790279029, -6.837158715871583 ], [ 110.529177917791785, -6.837308730873093 ], [ 110.528877887788781, -6.837308730873095 ] ], [ [ 110.529402940294034, -6.83723372337233 ], [ 110.532478247824784, -6.837608760876081 ], [ 110.532928292829283, -6.838133813381339 ], [ 110.53217821782178, -6.838133813381338 ], [ 110.529402940294034, -6.83723372337233 ] ], [ [ 110.527752775277534, -6.837833783378342 ], [ 110.528502850285022, -6.837683768376833 ], [ 110.528652865286531, -6.837833783378334 ], [ 110.527752775277534, -6.837833783378342 ] ], [ [ 110.529852985298533, -6.838058805880584 ], [ 110.530078007800782, -6.83790879087909 ], [ 110.530078007800782, -6.838058805880591 ], [ 110.529852985298533, -6.838058805880584 ] ], [ [ 110.529477947794774, -6.837983798379844 ], [ 110.529702970297024, -6.837908790879095 ], [ 110.529702970297024, -6.837983798379835 ], [ 110.529477947794774, -6.837983798379844 ] ], [ [ 110.533078307830777, -6.83813381338134 ], [ 110.533678367836785, -6.837983798379834 ], [ 110.53382838283828, -6.838133813381342 ], [ 110.533078307830777, -6.83813381338134 ] ], [ [ 110.536378637863791, -6.83843384338434 ], [ 110.536528652865286, -6.838358835883585 ], [ 110.536528652865286, -6.838508850885087 ], [ 110.536378637863791, -6.83843384338434 ] ], [ [ 110.534728472847291, -6.838508850885083 ], [ 110.53517851785179, -6.838433843384346 ], [ 110.53517851785179, -6.838508850885086 ], [ 110.534728472847291, -6.838508850885083 ] ], [ [ 110.53352835283529, -6.838733873387342 ], [ 110.534053405340529, -6.838583858385837 ], [ 110.534053405340529, -6.83880888088808 ], [ 110.53352835283529, -6.838733873387342 ] ], [ [ 110.537503750375038, -6.839258925892589 ], [ 110.537278727872803, -6.838733873387342 ], [ 110.537653765376533, -6.839258925892597 ], [ 110.537503750375038, -6.839258925892589 ] ], [ [ 110.537728772877287, -6.839408940894081 ], [ 110.537878787878782, -6.839258925892583 ], [ 110.537953795379551, -6.839483948394842 ], [ 110.537728772877287, -6.839408940894081 ] ], [ [ 110.539453945394541, -6.839558955895595 ], [ 110.539528952895296, -6.839408940894081 ], [ 110.539528952895296, -6.839558955895588 ], [ 110.539453945394541, -6.839558955895595 ] ], [ [ 110.538103810381031, -6.839708970897092 ], [ 110.538403840384035, -6.839708970897092 ], [ 110.53847884788479, -6.840009000900097 ], [ 110.538103810381031, -6.839708970897092 ] ], [ [ 110.539303930393032, -6.839558955895586 ], [ 110.539378937893787, -6.839483948394836 ], [ 110.539378937893787, -6.839558955895589 ], [ 110.539303930393032, -6.839558955895586 ] ], [ [ 110.539378937893787, -6.839633963396346 ], [ 110.539453945394541, -6.839558955895595 ], [ 110.539453945394541, -6.839633963396332 ], [ 110.539378937893787, -6.839633963396346 ] ], [ [ 110.539453945394541, -6.839708970897091 ], [ 110.539528952895296, -6.83963396339634 ], [ 110.539528952895296, -6.839708970897094 ], [ 110.539453945394541, -6.839708970897091 ] ], [ [ 110.539528952895296, -6.839783978397839 ], [ 110.539603960396036, -6.839708970897087 ], [ 110.539603960396036, -6.839783978397843 ], [ 110.539528952895296, -6.839783978397839 ] ], [ [ 110.539603960396036, -6.839858985898587 ], [ 110.539678967896791, -6.839783978397834 ], [ 110.539678967896791, -6.83985898589859 ], [ 110.539603960396036, -6.839858985898587 ] ], [ [ 110.538553855385544, -6.839933993399331 ], [ 110.538703870387039, -6.839858985898588 ], [ 110.538703870387039, -6.840009000900097 ], [ 110.538553855385544, -6.839933993399331 ] ], [ [ 110.539678967896791, -6.839933993399335 ], [ 110.539753975397545, -6.839858985898582 ], [ 110.539753975397545, -6.839933993399342 ], [ 110.539678967896791, -6.839933993399335 ] ], [ [ 110.539753975397545, -6.840009000900087 ], [ 110.539828982898285, -6.839933993399348 ], [ 110.539828982898285, -6.840009000900091 ], [ 110.539753975397545, -6.840009000900087 ] ], [ [ 110.538703870387039, -6.840234023402351 ], [ 110.539378937893787, -6.840309030903098 ], [ 110.539678967896791, -6.840984098409847 ], [ 110.538703870387039, -6.840234023402351 ] ], [ [ 110.539828982898285, -6.840159015901587 ], [ 110.53990399039904, -6.840009000900081 ], [ 110.539978997899794, -6.840159015901592 ], [ 110.539828982898285, -6.840159015901587 ] ], [ [ 110.539978997899794, -6.840234023402338 ], [ 110.540054005400535, -6.840159015901597 ], [ 110.540054005400535, -6.840234023402339 ], [ 110.539978997899794, -6.840234023402338 ] ], [ [ 110.540054005400535, -6.840309030903087 ], [ 110.540129012901289, -6.840234023402346 ], [ 110.540129012901289, -6.840309030903087 ], [ 110.540054005400535, -6.840309030903087 ] ], [ [ 110.540129012901289, -6.840459045904587 ], [ 110.540204020402044, -6.840309030903089 ], [ 110.540279027902784, -6.840459045904596 ], [ 110.540129012901289, -6.840459045904587 ] ], [ [ 110.539603960396036, -6.840684068406842 ], [ 110.539678967896791, -6.840534053405343 ], [ 110.539753975397545, -6.840684068406849 ], [ 110.539603960396036, -6.840684068406842 ] ], [ [ 110.539753975397545, -6.840759075907585 ], [ 110.539828982898285, -6.840684068406839 ], [ 110.539828982898285, -6.840759075907588 ], [ 110.539753975397545, -6.840759075907585 ] ], [ [ 110.539678967896791, -6.841134113411347 ], [ 110.539828982898285, -6.840984098409847 ], [ 110.539828982898285, -6.841209120912092 ], [ 110.539678967896791, -6.841134113411347 ] ], [ [ 110.53847884788479, -6.841734173417346 ], [ 110.538628862886284, -6.841659165916593 ], [ 110.538703870387039, -6.841809180918089 ], [ 110.53847884788479, -6.841734173417346 ] ], [ [ 110.538703870387039, -6.84188418841884 ], [ 110.538778877887793, -6.841809180918091 ], [ 110.538778877887793, -6.84188418841884 ], [ 110.538703870387039, -6.84188418841884 ] ], [ [ 110.539078907890783, -6.842334233423339 ], [ 110.539228922892292, -6.842184218421845 ], [ 110.539378937893787, -6.842484248424835 ], [ 110.539078907890783, -6.842334233423339 ] ], [ [ 110.528202820282033, -6.844209420942097 ], [ 110.528427842784282, -6.843909390939093 ], [ 110.528427842784282, -6.844284428442845 ], [ 110.528202820282033, -6.844209420942097 ] ], [ [ 110.528352835283542, -6.844734473447339 ], [ 110.528502850285022, -6.844659465946592 ], [ 110.528502850285022, -6.84473447344735 ], [ 110.528352835283542, -6.844734473447339 ] ], [ [ 110.528877887788781, -6.845784578457842 ], [ 110.529177917791785, -6.84563456345634 ], [ 110.529252925292525, -6.845784578457845 ], [ 110.528877887788781, -6.845784578457842 ] ], [ [ 110.529177917791785, -6.846309630963101 ], [ 110.529627962796283, -6.846234623462354 ], [ 110.529627962796283, -6.84630963096309 ], [ 110.529177917791785, -6.846309630963101 ] ], [ [ 110.52910291029103, -6.846459645964595 ], [ 110.529177917791785, -6.846309630963101 ], [ 110.529177917791785, -6.846459645964603 ], [ 110.52910291029103, -6.846459645964595 ] ], [ [ 110.529627962796283, -6.846384638463847 ], [ 110.529702970297024, -6.846309630963101 ], [ 110.529702970297024, -6.846384638463854 ], [ 110.529627962796283, -6.846384638463847 ] ], [ [ 110.529252925292525, -6.846684668466841 ], [ 110.529702970297024, -6.84653465346534 ], [ 110.529627962796283, -6.846834683468356 ], [ 110.529252925292525, -6.846684668466841 ] ], [ [ 110.528952895289535, -6.847434743474356 ], [ 110.529702970297024, -6.847134713471343 ], [ 110.52902790279029, -6.848034803480343 ], [ 110.528952895289535, -6.847434743474356 ] ], [ [ 110.52602760276028, -6.848259825982591 ], [ 110.529252925292525, -6.848409840984096 ], [ 110.525277527752777, -6.850285028502853 ], [ 110.52602760276028, -6.848259825982591 ] ], [ [ 110.51687668766877, -6.858160816081612 ], [ 110.517401740174023, -6.858235823582365 ], [ 110.51695169516951, -6.858535853585349 ], [ 110.51687668766877, -6.858160816081612 ] ], [ [ 110.517926792679262, -6.858385838583851 ], [ 110.51852685268527, -6.858160816081607 ], [ 110.517926792679262, -6.858535853585365 ], [ 110.517926792679262, -6.858385838583851 ] ], [ [ 110.51852685268527, -6.858235823582359 ], [ 110.518601860186024, -6.858160816081609 ], [ 110.518601860186024, -6.85823582358236 ], [ 110.51852685268527, -6.858235823582359 ] ], [ [ 110.517626762676272, -6.85876087608761 ], [ 110.517701770177013, -6.858685868586865 ], [ 110.517701770177013, -6.858760876087602 ], [ 110.517626762676272, -6.85876087608761 ] ], [ [ 110.486348634863489, -6.911716171617166 ], [ 110.486723672367248, -6.911791179117902 ], [ 110.48642364236423, -6.912016201620158 ], [ 110.486348634863489, -6.911716171617166 ] ], [ [ 110.487098709871006, -6.912391239123913 ], [ 110.487323732373241, -6.912241224122417 ], [ 110.487323732373241, -6.912466246624665 ], [ 110.487098709871006, -6.912391239123913 ] ], [ [ 110.485748574857496, -6.914491449144915 ], [ 110.486048604860486, -6.914116411641156 ], [ 110.486048604860486, -6.914566456645671 ], [ 110.485748574857496, -6.914491449144915 ] ], [ [ 110.482823282328226, -6.917041704170415 ], [ 110.483423342334234, -6.917041704170415 ], [ 110.483423342334234, -6.917566756675662 ], [ 110.482823282328226, -6.917041704170415 ] ], [ [ 110.479897989798985, -6.925592559255933 ], [ 110.480198019801975, -6.925667566756675 ], [ 110.480648064806488, -6.926042604260418 ], [ 110.479897989798985, -6.925592559255933 ] ], [ [ 110.459720972097216, -6.933993399339927 ], [ 110.459870987098711, -6.933918391839191 ], [ 110.459870987098711, -6.933993399339927 ], [ 110.459720972097216, -6.933993399339927 ] ], [ [ 110.46009600960096, -6.934893489348942 ], [ 110.461596159615965, -6.934968496849681 ], [ 110.460621062106213, -6.93534353435343 ], [ 110.461596159615965, -6.93661866186618 ], [ 110.459795979597956, -6.938268826882683 ], [ 110.458745874587464, -6.93676867686769 ], [ 110.46009600960096, -6.934893489348942 ] ], [ [ 110.462346234623467, -6.937818781878186 ], [ 110.463471347134714, -6.936993699369934 ], [ 110.463846384638458, -6.937743774377438 ], [ 110.462346234623467, -6.937818781878186 ] ], [ [ 110.463996399639967, -6.937968796879684 ], [ 110.464146414641462, -6.937818781878182 ], [ 110.464221422142217, -6.938043804380434 ], [ 110.463996399639967, -6.937968796879684 ] ], [ [ 110.464221422142217, -6.93811881188119 ], [ 110.464296429642985, -6.938043804380434 ], [ 110.464296429642985, -6.938118811881194 ], [ 110.464221422142217, -6.93811881188119 ] ], [ [ 110.462646264626457, -6.938193819381933 ], [ 110.462721272127212, -6.938118811881184 ], [ 110.462721272127212, -6.938193819381944 ], [ 110.462646264626457, -6.938193819381933 ] ] ] } },
{ "type": "Feature", "properties": { "year": 2045, "layer": "atrisk" }, "geometry": { "type": "Polygon", "coordinates": [ [ [ 110.438643864386435, -6.93946894689469 ], [ 110.437293729372939, -6.940444044404442 ], [ 110.437743774377438, -6.94314431443144 ], [ 110.438643864386435, -6.93946894689469 ] ] ] } },
{ "type": "Feature", "properties": { "year": 2045, "layer": "atrisk" }, "geometry": { "type": "Polygon", "coordinates": [ [ [ 110.399039903990399, -6.947194719471939 ], [ 110.39881488148815, -6.946819681968202 ], [ 110.397089708970896, -6.94816981698169 ], [ 110.399039903990399, -6.947194719471939 ] ] ] } },
{ "type": "Feature", "properties": { "year": 2045, "layer": "atrisk" }, "geometry": { "type": "Polygon", "coordinates": [ [ [ 110.39266426642665, -6.946294629462954 ], [ 110.388988898889892, -6.948394839483953 ], [ 110.388988898889892, -6.948844884488444 ], [ 110.39266426642665, -6.946294629462954 ] ] ] } },
{ "type": "Feature", "properties": { "year": 2045, "layer": "atrisk" }, "geometry": { "type": "Polygon", "coordinates": [ [ [ 110.407890789078905, -6.948244824482443 ], [ 110.407215721572157, -6.948469846984707 ], [ 110.407590759075902, -6.949969996999692 ], [ 110.407890789078905, -6.948244824482443 ] ] ] } },
{ "type": "Feature", "properties": { "year": 2045, "layer": "atrisk" }, "geometry": { "type": "Polygon", "coordinates": [ [ [ 110.419741974197422, -6.947719771977199 ], [ 110.419666966696681, -6.948544854485451 ], [ 110.421467146714676, -6.951620162016197 ], [ 110.424017401740173, -6.951695169516952 ], [ 110.419741974197422, -6.947719771977199 ] ], [ [ 110.420117011701166, -6.948919891989194 ], [ 110.420642064206419, -6.948619861986191 ], [ 110.420717071707173, -6.949219921992206 ], [ 110.420117011701166, -6.948919891989194 ] ], [ [ 110.421917191719174, -6.949969996999704 ], [ 110.421992199219929, -6.949894989498951 ], [ 110.421992199219929, -6.949969996999696 ], [ 110.421917191719174, -6.949969996999704 ] ], [ [ 110.421917191719174, -6.950120012001198 ], [ 110.422292229222919, -6.950120012001197 ], [ 110.422217221722178, -6.950270027002705 ], [ 110.421917191719174, -6.950120012001198 ] ], [ [ 110.421692169216925, -6.951320132013197 ], [ 110.421917191719174, -6.951020102010197 ], [ 110.42184218421842, -6.951320132013203 ], [ 110.421692169216925, -6.951320132013197 ] ], [ [ 110.422217221722178, -6.951620162016208 ], [ 110.422517251725168, -6.951470147014697 ], [ 110.422517251725168, -6.951545154515454 ], [ 110.422217221722178, -6.951620162016208 ] ] ] } },
{ "type": "Feature", "properties": { "year": 2045, "layer": "atrisk" }, "geometry": { "type": "Polygon", "coordinates": [ [ [ 110.381863186318625, -6.950795079507953 ], [ 110.38193819381938, -6.952895289528955 ], [ 110.382388238823879, -6.954020402040205 ], [ 110.383063306330627, -6.954245424542456 ], [ 110.381863186318625, -6.950795079507953 ] ] ] } },
{ "type": "Feature", "properties": { "year": 2045, "layer": "atrisk" }, "geometry": { "type": "Polygon", "coordinates": [ [ [ 110.435193519351941, -6.940369036903689 ], [ 110.433093309330928, -6.94194419441945 ], [ 110.434368436843684, -6.946294629462945 ], [ 110.431818181818187, -6.942769276927698 ], [ 110.431443144314429, -6.944269426942694 ], [ 110.427767776777671, -6.945994599459945 ], [ 110.42626762676268, -6.942469246924698 ], [ 110.423942394239418, -6.941644164416448 ], [ 110.42349234923492, -6.944119411941189 ], [ 110.426867686768674, -6.950645064506457 ], [ 110.425967596759691, -6.952595259525955 ], [ 110.424542454245426, -6.951770177017708 ], [ 110.424317431743191, -6.951845184518443 ], [ 110.424242424242422, -6.952070207020706 ], [ 110.427017701770183, -6.954170417041706 ], [ 110.425967596759691, -6.954920492049202 ], [ 110.423567356735674, -6.953570357035701 ], [ 110.424242424242422, -6.955670567056705 ], [ 110.421167116711672, -6.955070507050704 ], [ 110.421617161716171, -6.953945394539446 ], [ 110.420567056705664, -6.953120312031204 ], [ 110.421092109210917, -6.952520252025209 ], [ 110.420417041704169, -6.952220222022198 ], [ 110.419516951695172, -6.953345334533455 ], [ 110.418691869186929, -6.9520702070207 ], [ 110.418616861686175, -6.948769876987703 ], [ 110.418016801680182, -6.949669966996706 ], [ 110.417416741674174, -6.948844884488445 ], [ 110.418616861686175, -6.948394839483944 ], [ 110.418691869186929, -6.945769576957694 ], [ 110.416966696669661, -6.945694569456939 ], [ 110.416741674167412, -6.946069606960693 ], [ 110.417491749174914, -6.948619861986197 ], [ 110.416141614161418, -6.949144914491447 ], [ 110.417641764176423, -6.950645064506443 ], [ 110.413066306630668, -6.951470147014697 ], [ 110.413591359135907, -6.950570057005705 ], [ 110.413216321632163, -6.950045004500443 ], [ 110.411866186618667, -6.951170117011703 ], [ 110.412766276627664, -6.951770177017703 ], [ 110.412841284128419, -6.952895289528959 ], [ 110.412916291629159, -6.951545154515448 ], [ 110.417266726672665, -6.951545154515457 ], [ 110.415091509150912, -6.952520252025203 ], [ 110.416066606660664, -6.955070507050698 ], [ 110.412616261626169, -6.953945394539456 ], [ 110.412616261626169, -6.952295229522951 ], [ 110.408715871587162, -6.953195319531954 ], [ 110.406090609060911, -6.947494749474947 ], [ 110.403090309030901, -6.946294629462949 ], [ 110.406240624062406, -6.948319831983197 ], [ 110.405265526552654, -6.94884488448845 ], [ 110.404740474047401, -6.952145214521445 ], [ 110.406090609060911, -6.951995199519949 ], [ 110.406690669066904, -6.952070207020697 ], [ 110.404815481548169, -6.952370237023702 ], [ 110.404440444044411, -6.95169516951695 ], [ 110.400840084008408, -6.951995199519948 ], [ 110.396039603960389, -6.948169816981695 ], [ 110.396564656465642, -6.950195019501953 ], [ 110.395139513951392, -6.950495049504947 ], [ 110.398139813981402, -6.958745874587454 ], [ 110.398964896489645, -6.959720972097203 ], [ 110.416666666666671, -6.959720972097202 ], [ 110.42184218421842, -6.958820882088203 ], [ 110.425217521752174, -6.957545754575453 ], [ 110.428742874287423, -6.955445544554451 ], [ 110.426642664266424, -6.956420642064215 ], [ 110.422592259225922, -6.957170717071705 ], [ 110.422367236723673, -6.957020702070216 ], [ 110.430243024302442, -6.954395439543953 ], [ 110.433168316831683, -6.951470147014697 ], [ 110.432268226822686, -6.950120012001193 ], [ 110.434293429342929, -6.950120012001206 ], [ 110.43541854185419, -6.948469846984698 ], [ 110.437218721872185, -6.944569456945699 ], [ 110.436018601860184, -6.94441944194419 ], [ 110.436918691869181, -6.943819381938193 ], [ 110.435193519351941, -6.940369036903689 ] ], [ [ 110.423792379237923, -6.943219321932197 ], [ 110.424467446744671, -6.943369336933685 ], [ 110.423867386738678, -6.943744374437436 ], [ 110.423792379237923, -6.943219321932197 ] ], [ [ 110.424317431743191, -6.942919291929195 ], [ 110.424392439243931, -6.942844284428444 ], [ 110.424392439243931, -6.942919291929195 ], [ 110.424317431743191, -6.942919291929195 ] ], [ [ 110.42491749174917, -6.943369336933698 ], [ 110.425217521752174, -6.943219321932191 ], [ 110.425217521752174, -6.943444344434445 ], [ 110.42491749174917, -6.943369336933698 ] ], [ [ 110.436468646864682, -6.943819381938186 ], [ 110.436618661866191, -6.94366936693669 ], [ 110.436618661866191, -6.943819381938191 ], [ 110.436468646864682, -6.943819381938186 ] ], [ [ 110.423942394239418, -6.944119411941201 ], [ 110.424017401740173, -6.943969396939687 ], [ 110.424017401740173, -6.944119411941202 ], [ 110.423942394239418, -6.944119411941201 ] ], [ [ 110.425442544254423, -6.944269426942699 ], [ 110.425517551755178, -6.944194419441952 ], [ 110.425517551755178, -6.944269426942692 ], [ 110.425442544254423, -6.944269426942699 ] ], [ [ 110.425367536753669, -6.944344434443441 ], [ 110.425442544254423, -6.944269426942699 ], [ 110.425442544254423, -6.94434443444344 ], [ 110.425367536753669, -6.944344434443441 ] ], [ [ 110.429642964296434, -6.946069606960698 ], [ 110.432193219321931, -6.944944494449434 ], [ 110.431743174317432, -6.945319531953199 ], [ 110.429642964296434, -6.946069606960698 ] ], [ [ 110.436018601860184, -6.945094509450945 ], [ 110.436993699369935, -6.944944494449445 ], [ 110.436168616861693, -6.945394539453948 ], [ 110.436018601860184, -6.945094509450945 ] ], [ [ 110.42491749174917, -6.946294629462947 ], [ 110.425517551755178, -6.945244524452445 ], [ 110.425367536753669, -6.946444644464448 ], [ 110.42491749174917, -6.946294629462947 ] ], [ [ 110.436693669366932, -6.945244524452447 ], [ 110.436768676867686, -6.945169516951687 ], [ 110.436768676867686, -6.94524452445244 ], [ 110.436693669366932, -6.945244524452447 ] ], [ [ 110.426042604260431, -6.945469546954698 ], [ 110.426417641764175, -6.945244524452442 ], [ 110.426492649264929, -6.94554455445544 ], [ 110.426042604260431, -6.945469546954698 ] ], [ [ 110.436543654365451, -6.945319531953201 ], [ 110.436693669366932, -6.945394539453944 ], [ 110.436543654365451, -6.945394539453942 ], [ 110.436543654365451, -6.945319531953201 ] ], [ [ 110.435943594359429, -6.94561956195619 ], [ 110.436018601860184, -6.945544554455455 ], [ 110.436018601860184, -6.945619561956194 ], [ 110.435943594359429, -6.94561956195619 ] ], [ [ 110.435793579357934, -6.945769576957704 ], [ 110.435868586858703, -6.945619561956195 ], [ 110.435943594359429, -6.945769576957688 ], [ 110.435793579357934, -6.945769576957704 ] ], [ [ 110.430468046804677, -6.945994599459943 ], [ 110.431743174317432, -6.946219621962195 ], [ 110.430393039303937, -6.946519651965196 ], [ 110.430468046804677, -6.945994599459943 ] ], [ [ 110.41711671167117, -6.946744674467441 ], [ 110.417641764176423, -6.946219621962196 ], [ 110.417941794179413, -6.945919591959193 ], [ 110.418466846684666, -6.946144614461443 ], [ 110.41711671167117, -6.946744674467441 ] ], [ [ 110.42791779177918, -6.945994599459942 ], [ 110.429042904290426, -6.947344734473447 ], [ 110.427842784278425, -6.948319831983203 ], [ 110.427467746774681, -6.9480198019802 ], [ 110.42791779177918, -6.945994599459942 ] ], [ [ 110.432493249324935, -6.946894689468942 ], [ 110.432868286828679, -6.946294629462941 ], [ 110.432943294329434, -6.946894689468954 ], [ 110.432493249324935, -6.946894689468942 ] ], [ [ 110.430018001800178, -6.94674467446745 ], [ 110.430318031803182, -6.946444644464444 ], [ 110.430318031803182, -6.94659465946594 ], [ 110.430018001800178, -6.94674467446745 ] ], [ [ 110.435193519351941, -6.947044704470448 ], [ 110.43564356435644, -6.946819681968192 ], [ 110.435568556855685, -6.94719471947195 ], [ 110.435193519351941, -6.947044704470448 ] ], [ [ 110.42656765676567, -6.94719471947194 ], [ 110.426867686768674, -6.946969696969699 ], [ 110.426792679267933, -6.947194719471939 ], [ 110.42656765676567, -6.94719471947194 ] ], [ [ 110.429267926792676, -6.947119711971193 ], [ 110.429417941794185, -6.946969696969694 ], [ 110.429417941794185, -6.94711971197119 ], [ 110.429267926792676, -6.947119711971193 ] ], [ [ 110.430918091809176, -6.94696969696969 ], [ 110.431818181818187, -6.947869786978696 ], [ 110.428067806780675, -6.949294929492945 ], [ 110.428217821782184, -6.948394839483953 ], [ 110.430918091809176, -6.94696969696969 ] ], [ [ 110.418316831683171, -6.947869786978704 ], [ 110.41854185418542, -6.947044704470455 ], [ 110.41854185418542, -6.948019801980196 ], [ 110.418316831683171, -6.947869786978704 ] ], [ [ 110.434293429342929, -6.947269726972691 ], [ 110.434743474347428, -6.947119711971197 ], [ 110.434818481848183, -6.947344734473446 ], [ 110.434293429342929, -6.947269726972691 ] ], [ [ 110.417491749174914, -6.947494749474949 ], [ 110.417716771677163, -6.947269726972705 ], [ 110.417641764176423, -6.947644764476451 ], [ 110.417491749174914, -6.947494749474949 ] ], [ [ 110.434893489348951, -6.947344734473448 ], [ 110.435118511851186, -6.947269726972701 ], [ 110.435118511851186, -6.947344734473452 ], [ 110.434893489348951, -6.947344734473448 ] ], [ [ 110.43241824182418, -6.947569756975697 ], [ 110.432793279327939, -6.948619861986195 ], [ 110.432343234323426, -6.949744974497442 ], [ 110.431518151815183, -6.949669966996707 ], [ 110.43241824182418, -6.947569756975697 ] ], [ [ 110.426492649264929, -6.948394839483941 ], [ 110.426792679267933, -6.94801980198019 ], [ 110.427017701770183, -6.947794779477953 ], [ 110.427317731773172, -6.947869786978698 ], [ 110.426492649264929, -6.948394839483941 ] ], [ [ 110.427017701770183, -6.948544854485442 ], [ 110.427317731773172, -6.948244824482446 ], [ 110.427317731773172, -6.948544854485447 ], [ 110.427017701770183, -6.948544854485442 ] ], [ [ 110.43399339933994, -6.949294929492952 ], [ 110.434293429342929, -6.949069906990704 ], [ 110.434368436843684, -6.949444944494442 ], [ 110.43399339933994, -6.949294929492952 ] ], [ [ 110.427692769276931, -6.950270027002698 ], [ 110.427692769276931, -6.949669966996692 ], [ 110.428517851785173, -6.950495049504958 ], [ 110.427692769276931, -6.950270027002698 ] ], [ [ 110.430393039303937, -6.949369936993697 ], [ 110.430618061806186, -6.949444944494456 ], [ 110.430393039303937, -6.949519951995207 ], [ 110.430393039303937, -6.949369936993697 ] ], [ [ 110.427242724272432, -6.949519951995202 ], [ 110.427317731773172, -6.949444944494451 ], [ 110.427317731773172, -6.9495199519952 ], [ 110.427242724272432, -6.949519951995202 ] ], [ [ 110.405565556555658, -6.950045004500439 ], [ 110.406165616561651, -6.949669966996701 ], [ 110.4063906390639, -6.950420042004197 ], [ 110.405565556555658, -6.950045004500439 ] ], [ [ 110.431368136813688, -6.949819981998196 ], [ 110.431443144314429, -6.949744974497441 ], [ 110.431443144314429, -6.949819981998193 ], [ 110.431368136813688, -6.949819981998196 ] ], [ [ 110.428592859285942, -6.950345034503457 ], [ 110.431218121812179, -6.950570057005696 ], [ 110.430168016801687, -6.951695169516944 ], [ 110.428592859285942, -6.950345034503457 ] ], [ [ 110.431518151815183, -6.949969996999703 ], [ 110.431593159315952, -6.94989498949895 ], [ 110.431593159315952, -6.949969996999704 ], [ 110.431518151815183, -6.949969996999703 ] ], [ [ 110.429117911791181, -6.950045004500453 ], [ 110.429192919291935, -6.949969996999693 ], [ 110.429192919291935, -6.95004500450045 ], [ 110.429117911791181, -6.950045004500453 ] ], [ [ 110.417791779177918, -6.950345034503442 ], [ 110.418241824182417, -6.950045004500446 ], [ 110.418316831683171, -6.950195019501951 ], [ 110.417791779177918, -6.950345034503442 ] ], [ [ 110.431518151815183, -6.950795079507955 ], [ 110.432268226822686, -6.950270027002704 ], [ 110.43241824182418, -6.950795079507955 ], [ 110.431518151815183, -6.950795079507955 ] ], [ [ 110.417491749174914, -6.9502700270027 ], [ 110.417641764176423, -6.950120012001193 ], [ 110.417641764176423, -6.950270027002702 ], [ 110.417491749174914, -6.9502700270027 ] ], [ [ 110.427392739273927, -6.950270027002695 ], [ 110.428592859285942, -6.951620162016204 ], [ 110.428367836783679, -6.952220222022209 ], [ 110.426867686768674, -6.951320132013203 ], [ 110.427392739273927, -6.950270027002695 ] ], [ [ 110.431893189318941, -6.951245124512457 ], [ 110.432118211821177, -6.951095109510951 ], [ 110.432193219321931, -6.951320132013196 ], [ 110.431893189318941, -6.951245124512457 ] ], [ [ 110.416666666666671, -6.951320132013202 ], [ 110.416741674167412, -6.951245124512449 ], [ 110.416741674167412, -6.951320132013198 ], [ 110.416666666666671, -6.951320132013202 ] ], [ [ 110.418166816681662, -6.951695169516948 ], [ 110.418241824182417, -6.951620162016205 ], [ 110.418241824182417, -6.951695169516944 ], [ 110.418166816681662, -6.951695169516948 ] ], [ [ 110.427017701770183, -6.951695169516953 ], [ 110.427092709270923, -6.951620162016194 ], [ 110.427092709270923, -6.951695169516952 ], [ 110.427017701770183, -6.951695169516953 ] ], [ [ 110.39881488148815, -6.952145214521448 ], [ 110.399189918991908, -6.951995199519947 ], [ 110.399114911491154, -6.952295229522948 ], [ 110.39881488148815, -6.952145214521448 ] ], [ [ 110.407590759075902, -6.953345334533454 ], [ 110.407665766576656, -6.952295229522948 ], [ 110.408040804080414, -6.953270327032697 ], [ 110.407590759075902, -6.953345334533454 ] ], [ [ 110.424392439243931, -6.951920192019204 ], [ 110.424467446744671, -6.95184518451846 ], [ 110.424467446744671, -6.951920192019205 ], [ 110.424392439243931, -6.951920192019204 ] ], [ [ 110.427467746774681, -6.952595259525959 ], [ 110.428067806780675, -6.952295229522951 ], [ 110.427992799279934, -6.9526702670267 ], [ 110.427467746774681, -6.952595259525959 ] ], [ [ 110.430843084308435, -6.951995199519946 ], [ 110.431068106810685, -6.951845184518458 ], [ 110.431068106810685, -6.951995199519945 ], [ 110.430843084308435, -6.951995199519946 ] ], [ [ 110.400540054005418, -6.952220222022207 ], [ 110.400990099009903, -6.952295229522946 ], [ 110.400540054005418, -6.952295229522945 ], [ 110.400540054005418, -6.952220222022207 ] ], [ [ 110.424767476747675, -6.952295229522954 ], [ 110.42484248424843, -6.952145214521451 ], [ 110.42491749174917, -6.952295229522955 ], [ 110.424767476747675, -6.952295229522954 ] ], [ [ 110.417791779177918, -6.952370237023702 ], [ 110.417941794179413, -6.952220222022196 ], [ 110.417941794179413, -6.952370237023699 ], [ 110.417791779177918, -6.952370237023702 ] ], [ [ 110.400315031503155, -6.95244524452445 ], [ 110.40046504650465, -6.952370237023709 ], [ 110.40046504650465, -6.952520252025206 ], [ 110.400315031503155, -6.95244524452445 ] ], [ [ 110.403390339033905, -6.952670267026707 ], [ 110.40496549654965, -6.953420342034201 ], [ 110.40331533153315, -6.95349534953495 ], [ 110.403390339033905, -6.952670267026707 ] ], [ [ 110.426942694269442, -6.953420342034196 ], [ 110.427392739273927, -6.952970297029704 ], [ 110.427842784278425, -6.953045304530452 ], [ 110.426942694269442, -6.953420342034196 ] ], [ [ 110.406765676567659, -6.953045304530449 ], [ 110.407140714071403, -6.952595259525948 ], [ 110.407290729072912, -6.952895289528955 ], [ 110.406765676567659, -6.953045304530449 ] ], [ [ 110.420567056705664, -6.95274527452745 ], [ 110.420717071707173, -6.952520252025207 ], [ 110.420792079207928, -6.952670267026705 ], [ 110.420567056705664, -6.95274527452745 ] ], [ [ 110.429717971797174, -6.952595259525959 ], [ 110.429792979297929, -6.952520252025208 ], [ 110.429792979297929, -6.952595259525954 ], [ 110.429717971797174, -6.952595259525959 ] ], [ [ 110.418316831683171, -6.953420342034201 ], [ 110.41876687668767, -6.952820282028196 ], [ 110.418841884188424, -6.95334533453345 ], [ 110.418316831683171, -6.953420342034201 ] ], [ [ 110.428667866786682, -6.95319531953195 ], [ 110.429717971797174, -6.953045304530459 ], [ 110.428967896789672, -6.953720372037207 ], [ 110.428667866786682, -6.95319531953195 ] ], [ [ 110.410366036603662, -6.953045304530454 ], [ 110.41104110411041, -6.953120312031206 ], [ 110.41104110411041, -6.953195319531953 ], [ 110.410366036603662, -6.953045304530454 ] ], [ [ 110.40939093909391, -6.953195319531948 ], [ 110.411341134113414, -6.953570357035709 ], [ 110.414941494149417, -6.95604560456045 ], [ 110.410591059105911, -6.955595559555958 ], [ 110.40939093909391, -6.953195319531948 ] ], [ [ 110.41104110411041, -6.953270327032701 ], [ 110.411266126612659, -6.953195319531946 ], [ 110.411266126612659, -6.953270327032705 ], [ 110.41104110411041, -6.953270327032701 ] ], [ [ 110.42791779177918, -6.953720372037197 ], [ 110.428367836783679, -6.953570357035696 ], [ 110.42791779177918, -6.953870387038701 ], [ 110.42791779177918, -6.953720372037197 ] ], [ [ 110.405490549054903, -6.953720372037205 ], [ 110.405940594059402, -6.953720372037197 ], [ 110.405490549054903, -6.953795379537951 ], [ 110.405490549054903, -6.953720372037205 ] ], [ [ 110.407665766576656, -6.953795379537951 ], [ 110.40796579657966, -6.95364536453646 ], [ 110.407890789078905, -6.953870387038708 ], [ 110.407665766576656, -6.953795379537951 ] ], [ [ 110.40661566156615, -6.95387038703871 ], [ 110.406765676567659, -6.95402040204021 ], [ 110.40661566156615, -6.954020402040197 ], [ 110.40661566156615, -6.95387038703871 ] ], [ [ 110.428967896789672, -6.953870387038708 ], [ 110.429042904290426, -6.953795379537951 ], [ 110.429042904290426, -6.953870387038697 ], [ 110.428967896789672, -6.953870387038708 ] ], [ [ 110.402715271527157, -6.954170417041703 ], [ 110.403615361536154, -6.95402040204021 ], [ 110.403690369036909, -6.954170417041708 ], [ 110.402715271527157, -6.954170417041703 ] ], [ [ 110.427092709270923, -6.954020402040198 ], [ 110.427167716771677, -6.953945394539459 ], [ 110.427167716771677, -6.954020402040205 ], [ 110.427092709270923, -6.954020402040198 ] ], [ [ 110.405490549054903, -6.954395439543948 ], [ 110.405940594059402, -6.954245424542446 ], [ 110.405865586558662, -6.954395439543955 ], [ 110.405490549054903, -6.954395439543948 ] ], [ [ 110.427167716771677, -6.954095409540952 ], [ 110.427242724272432, -6.954020402040205 ], [ 110.427242724272432, -6.954095409540951 ], [ 110.427167716771677, -6.954095409540952 ] ], [ [ 110.401590159015896, -6.954170417041702 ], [ 110.401665166516651, -6.954095409540946 ], [ 110.401665166516651, -6.954170417041703 ], [ 110.401590159015896, -6.954170417041702 ] ], [ [ 110.39881488148815, -6.95469546954696 ], [ 110.400090009000905, -6.954320432043209 ], [ 110.399489948994898, -6.954620462046209 ], [ 110.399639963996393, -6.955145514551456 ], [ 110.39881488148815, -6.95469546954696 ] ], [ [ 110.40016501650166, -6.954320432043197 ], [ 110.4002400240024, -6.954245424542461 ], [ 110.4002400240024, -6.954320432043196 ], [ 110.40016501650166, -6.954320432043197 ] ], [ [ 110.408340834083404, -6.954845484548457 ], [ 110.408940894089412, -6.954545454545456 ], [ 110.409165916591661, -6.954995499549955 ], [ 110.408340834083404, -6.954845484548457 ] ], [ [ 110.400690069006899, -6.95439543954395 ], [ 110.400990099009903, -6.954320432043202 ], [ 110.400990099009903, -6.954395439543954 ], [ 110.400690069006899, -6.95439543954395 ] ], [ [ 110.404215421542148, -6.954920492049205 ], [ 110.404590459045906, -6.954545454545456 ], [ 110.404515451545151, -6.955070507050698 ], [ 110.404215421542148, -6.954920492049205 ] ], [ [ 110.421017101710191, -6.954395439543962 ], [ 110.421317131713181, -6.954695469546951 ], [ 110.421092109210917, -6.954920492049198 ], [ 110.421017101710191, -6.954395439543962 ] ], [ [ 110.404815481548169, -6.954470447044702 ], [ 110.405265526552654, -6.954545454545454 ], [ 110.404740474047401, -6.954620462046206 ], [ 110.404815481548169, -6.954470447044702 ] ], [ [ 110.400090009000905, -6.954545454545449 ], [ 110.40016501650166, -6.954470447044703 ], [ 110.40016501650166, -6.954545454545451 ], [ 110.400090009000905, -6.954545454545449 ] ], [ [ 110.41854185418542, -6.954770477047703 ], [ 110.419141914191414, -6.95447044704471 ], [ 110.419141914191414, -6.954545454545457 ], [ 110.41854185418542, -6.954770477047703 ] ], [ [ 110.399789978997902, -6.954845484548446 ], [ 110.40016501650166, -6.954695469546951 ], [ 110.400090009000905, -6.954920492049204 ], [ 110.399789978997902, -6.954845484548446 ] ], [ [ 110.424692469246921, -6.95499549954996 ], [ 110.42491749174917, -6.955145514551452 ], [ 110.424767476747675, -6.955145514551449 ], [ 110.424692469246921, -6.95499549954996 ] ], [ [ 110.401965196519654, -6.954995499549962 ], [ 110.402190219021918, -6.954920492049202 ], [ 110.402190219021918, -6.954995499549962 ], [ 110.401965196519654, -6.954995499549962 ] ], [ [ 110.40181518151816, -6.955070507050696 ], [ 110.401965196519654, -6.954995499549962 ], [ 110.401965196519654, -6.9550705070507 ], [ 110.40181518151816, -6.955070507050696 ] ], [ [ 110.402265226522658, -6.955145514551459 ], [ 110.402340234023399, -6.955070507050702 ], [ 110.402340234023399, -6.955145514551461 ], [ 110.402265226522658, -6.955145514551459 ] ], [ [ 110.404740474047401, -6.95522052205221 ], [ 110.40489048904891, -6.955070507050712 ], [ 110.40489048904891, -6.955220522052201 ], [ 110.404740474047401, -6.95522052205221 ] ], [ [ 110.414566456645659, -6.955145514551463 ], [ 110.414716471647168, -6.955070507050702 ], [ 110.414716471647168, -6.955145514551448 ], [ 110.414566456645659, -6.955145514551463 ] ], [ [ 110.420342034203429, -6.955370537053707 ], [ 110.420792079207928, -6.955070507050711 ], [ 110.420567056705664, -6.955520552055212 ], [ 110.420342034203429, -6.955370537053707 ] ], [ [ 110.400690069006899, -6.955670567056697 ], [ 110.401215121512152, -6.955820582058198 ], [ 110.400090009000905, -6.955670567056704 ], [ 110.400690069006899, -6.955670567056697 ] ], [ [ 110.41546654665467, -6.955520552055214 ], [ 110.415616561656165, -6.95544554455445 ], [ 110.415616561656165, -6.955520552055211 ], [ 110.41546654665467, -6.955520552055214 ] ], [ [ 110.407665766576656, -6.955670567056697 ], [ 110.40796579657966, -6.955520552055201 ], [ 110.40796579657966, -6.955820582058196 ], [ 110.407665766576656, -6.955670567056697 ] ], [ [ 110.409165916591661, -6.955820582058196 ], [ 110.409540954095405, -6.955595559555947 ], [ 110.409540954095405, -6.955895589558963 ], [ 110.409165916591661, -6.955820582058196 ] ], [ [ 110.421392139213921, -6.955595559555959 ], [ 110.421542154215416, -6.955520552055201 ], [ 110.421542154215416, -6.955595559555963 ], [ 110.421392139213921, -6.955595559555959 ] ], [ [ 110.399639963996393, -6.955820582058212 ], [ 110.400015001500151, -6.955745574557453 ], [ 110.39986498649867, -6.95604560456045 ], [ 110.399639963996393, -6.955820582058212 ] ], [ [ 110.415541554155411, -6.955895589558962 ], [ 110.41576657665766, -6.955670567056703 ], [ 110.415916591659169, -6.955970597059713 ], [ 110.415541554155411, -6.955895589558962 ] ], [ [ 110.420567056705664, -6.955745574557458 ], [ 110.420642064206419, -6.955670567056704 ], [ 110.420642064206419, -6.95574557455746 ], [ 110.420567056705664, -6.955745574557458 ] ], [ [ 110.422292229222919, -6.956120612061214 ], [ 110.422442244224428, -6.955895589558952 ], [ 110.422367236723673, -6.956120612061199 ], [ 110.422292229222919, -6.956120612061214 ] ], [ [ 110.422592259225922, -6.955970597059703 ], [ 110.422667266726691, -6.955895589558953 ], [ 110.422667266726691, -6.955970597059697 ], [ 110.422592259225922, -6.955970597059703 ] ], [ [ 110.399939993999396, -6.95604560456045 ], [ 110.400015001500151, -6.955970597059709 ], [ 110.400015001500151, -6.956045604560464 ], [ 110.399939993999396, -6.95604560456045 ] ], [ [ 110.410141014101413, -6.956345634563455 ], [ 110.410366036603662, -6.956195619561962 ], [ 110.410441044104431, -6.956495649564951 ], [ 110.410141014101413, -6.956345634563455 ] ], [ [ 110.415316531653161, -6.956045604560459 ], [ 110.416366636663682, -6.95649564956495 ], [ 110.416741674167412, -6.956420642064211 ], [ 110.41704170417043, -6.95649564956495 ], [ 110.415316531653161, -6.956045604560459 ] ], [ [ 110.41539153915393, -6.956345634563456 ], [ 110.41546654665467, -6.956270627062702 ], [ 110.41546654665467, -6.956345634563458 ], [ 110.41539153915393, -6.956345634563456 ] ], [ [ 110.419216921692168, -6.956495649564949 ], [ 110.419291929192923, -6.956345634563454 ], [ 110.419291929192923, -6.956495649564956 ], [ 110.419216921692168, -6.956495649564949 ] ], [ [ 110.421092109210917, -6.956495649564956 ], [ 110.421692169216925, -6.95634563456346 ], [ 110.421767176717665, -6.956645664566461 ], [ 110.421092109210917, -6.956495649564956 ] ], [ [ 110.422367236723673, -6.956495649564951 ], [ 110.422442244224428, -6.956420642064215 ], [ 110.422442244224428, -6.956495649564948 ], [ 110.422367236723673, -6.956495649564951 ] ], [ [ 110.417866786678672, -6.956795679567948 ], [ 110.417941794179413, -6.956495649564951 ], [ 110.418091809180922, -6.956720672067211 ], [ 110.417866786678672, -6.956795679567948 ] ], [ [ 110.418916891689165, -6.957020702070205 ], [ 110.42019201920192, -6.956945694569463 ], [ 110.419591959195913, -6.958520852085207 ], [ 110.418916891689165, -6.957020702070205 ] ], [ [ 110.408715871587162, -6.957020702070201 ], [ 110.409015901590152, -6.956870687068712 ], [ 110.408865886588657, -6.957095709570956 ], [ 110.408715871587162, -6.957020702070201 ] ], [ [ 110.420642064206419, -6.957170717071713 ], [ 110.421392139213921, -6.957020702070201 ], [ 110.421692169216925, -6.957245724572455 ], [ 110.420642064206419, -6.957170717071713 ] ], [ [ 110.416891689168921, -6.957695769576957 ], [ 110.417641764176423, -6.957020702070204 ], [ 110.417791779177918, -6.957545754575458 ], [ 110.416891689168921, -6.957695769576957 ] ], [ [ 110.42491749174917, -6.957170717071704 ], [ 110.425292529252943, -6.957170717071703 ], [ 110.42491749174917, -6.957320732073211 ], [ 110.42491749174917, -6.957170717071704 ] ], [ [ 110.410891089108915, -6.958145814581455 ], [ 110.411116111611179, -6.957470747074703 ], [ 110.411116111611179, -6.958295829582961 ], [ 110.410891089108915, -6.958145814581455 ] ], [ [ 110.422742274227417, -6.957470747074701 ], [ 110.423042304230421, -6.957620762076205 ], [ 110.422742274227417, -6.957620762076202 ], [ 110.422742274227417, -6.957470747074701 ] ], [ [ 110.400765076507653, -6.958370837083715 ], [ 110.400990099009903, -6.957845784578454 ], [ 110.401440144014401, -6.958220822082202 ], [ 110.400765076507653, -6.958370837083715 ] ], [ [ 110.415616561656165, -6.958370837083715 ], [ 110.416441644164422, -6.95799579957995 ], [ 110.416291629162913, -6.95837083708371 ], [ 110.415616561656165, -6.958370837083715 ] ], [ [ 110.408865886588657, -6.957995799579963 ], [ 110.409015901590152, -6.957920792079204 ], [ 110.409015901590152, -6.957995799579961 ], [ 110.408865886588657, -6.957995799579963 ] ], [ [ 110.418691869186929, -6.958070807080716 ], [ 110.418841884188424, -6.957995799579958 ], [ 110.418841884188424, -6.95807080708071 ], [ 110.418691869186929, -6.958070807080716 ] ], [ [ 110.423042304230421, -6.958220822082204 ], [ 110.423342334233425, -6.957995799579954 ], [ 110.42319231923193, -6.958295829582951 ], [ 110.423042304230421, -6.958220822082204 ] ], [ [ 110.416666666666671, -6.958970897089714 ], [ 110.416741674167412, -6.958820882088212 ], [ 110.416816681668166, -6.958970897089711 ], [ 110.416666666666671, -6.958970897089714 ] ], [ [ 110.416141614161418, -6.958970897089701 ], [ 110.416216621662173, -6.958895889588956 ], [ 110.416216621662173, -6.958970897089715 ], [ 110.416141614161418, -6.958970897089701 ] ], [ [ 110.41854185418542, -6.959045904590452 ], [ 110.418616861686175, -6.958895889588959 ], [ 110.418616861686175, -6.959045904590464 ], [ 110.41854185418542, -6.959045904590452 ] ], [ [ 110.415841584158414, -6.95904590459045 ], [ 110.416066606660664, -6.958970897089708 ], [ 110.416066606660664, -6.959045904590452 ], [ 110.415841584158414, -6.95904590459045 ] ], [ [ 110.416216621662173, -6.959045904590458 ], [ 110.416291629162913, -6.9589708970897 ], [ 110.416291629162913, -6.959045904590461 ], [ 110.416216621662173, -6.959045904590458 ] ] ] } },
{ "type": "Feature", "properties": { "year": 2045, "layer": "atrisk" }, "geometry": { "type": "Polygon", "coordinates": [ [ [ 110.319456945694569, -6.938268826882693 ], [ 110.312406240624057, -6.943744374437443 ], [ 110.314881488148814, -6.948919891989195 ], [ 110.316381638163818, -6.951020102010196 ], [ 110.318181818181813, -6.952970297029702 ], [ 110.319381938193814, -6.950870087008705 ], [ 110.318631863186312, -6.952970297029711 ], [ 110.319081908190824, -6.953795379537956 ], [ 110.327557755775572, -6.958595859585952 ], [ 110.333558355835578, -6.95972097209721 ], [ 110.359135913591359, -6.959720972097215 ], [ 110.359285928592854, -6.95852085208521 ], [ 110.359660966096612, -6.959720972097211 ], [ 110.359885988598876, -6.954845484548454 ], [ 110.362511251125113, -6.954770477047705 ], [ 110.359960996099616, -6.95559555955595 ], [ 110.359885988598876, -6.9597209720972 ], [ 110.392514251425141, -6.959345934593461 ], [ 110.392364236423646, -6.958445844584451 ], [ 110.383738373837389, -6.958445844584462 ], [ 110.383663366336648, -6.955595559555958 ], [ 110.382013201320149, -6.954620462046197 ], [ 110.363036303630366, -6.9543204320432 ], [ 110.349309930993115, -6.952220222022198 ], [ 110.344884488448841, -6.949144914491447 ], [ 110.327632763276327, -6.942844284428435 ], [ 110.319456945694569, -6.938268826882693 ] ], [ [ 110.322457245724578, -6.942169216921692 ], [ 110.322532253225319, -6.942094209420944 ], [ 110.322532253225319, -6.942169216921687 ], [ 110.322457245724578, -6.942169216921692 ] ], [ [ 110.322532253225319, -6.942244224422435 ], [ 110.322607260726073, -6.942169216921697 ], [ 110.322607260726073, -6.942244224422448 ], [ 110.322532253225319, -6.942244224422435 ] ], [ [ 110.322682268226828, -6.946144614461449 ], [ 110.324857485748581, -6.946144614461442 ], [ 110.325007500750075, -6.946294629462938 ], [ 110.323957395739569, -6.947419741974192 ], [ 110.322682268226828, -6.946144614461449 ] ], [ [ 110.32515751575157, -6.946444644464455 ], [ 110.325607560756069, -6.94621962196219 ], [ 110.325757575757578, -6.94651965196519 ], [ 110.32515751575157, -6.946444644464455 ] ], [ [ 110.322232223222343, -6.947344734473446 ], [ 110.322457245724578, -6.94726972697269 ], [ 110.322457245724578, -6.947344734473448 ], [ 110.322232223222343, -6.947344734473446 ] ], [ [ 110.31600660066006, -6.950345034503455 ], [ 110.316156615661569, -6.950045004500458 ], [ 110.316306630663064, -6.950345034503447 ], [ 110.31600660066006, -6.950345034503455 ] ], [ [ 110.319531953195323, -6.950945094509456 ], [ 110.319606960696063, -6.950870087008708 ], [ 110.319606960696063, -6.950945094509444 ], [ 110.319531953195323, -6.950945094509456 ] ], [ [ 110.319831983198313, -6.951095109510943 ], [ 110.319906990699081, -6.951020102010204 ], [ 110.319906990699081, -6.951095109510955 ], [ 110.319831983198313, -6.951095109510943 ] ], [ [ 110.319456945694569, -6.951320132013194 ], [ 110.319831983198313, -6.9511701170117 ], [ 110.319456945694569, -6.951470147014703 ], [ 110.319456945694569, -6.951320132013194 ] ], [ [ 110.319381938193814, -6.951545154515459 ], [ 110.319456945694569, -6.951470147014703 ], [ 110.319456945694569, -6.951545154515453 ], [ 110.319381938193814, -6.951545154515459 ] ], [ [ 110.319231923192319, -6.951620162016206 ], [ 110.319306930693074, -6.951545154515448 ], [ 110.319306930693074, -6.951620162016194 ], [ 110.319231923192319, -6.951620162016206 ] ], [ [ 110.319231923192319, -6.951845184518442 ], [ 110.319306930693074, -6.951770177017695 ], [ 110.319306930693074, -6.951845184518449 ], [ 110.319231923192319, -6.951845184518442 ] ], [ [ 110.355610561056125, -6.954620462046209 ], [ 110.359435943594363, -6.954470447044697 ], [ 110.359360936093609, -6.957020702070201 ], [ 110.359135913591359, -6.9547704770477 ], [ 110.355610561056125, -6.954620462046209 ] ], [ [ 110.375637563756371, -6.954695469546955 ], [ 110.375712571257125, -6.954620462046205 ], [ 110.375712571257125, -6.95469546954696 ], [ 110.375637563756371, -6.954695469546955 ] ], [ [ 110.363861386138609, -6.954995499549962 ], [ 110.377437743774379, -6.955520552055209 ], [ 110.371512151215128, -6.955445544554453 ], [ 110.369936993699369, -6.9564206420642 ], [ 110.370837083708366, -6.955445544554462 ], [ 110.369561956195625, -6.955220522052206 ], [ 110.367611761176121, -6.956495649564953 ], [ 110.365661566156618, -6.955445544554463 ], [ 110.365286528652859, -6.95657065706571 ], [ 110.364236423642367, -6.956345634563458 ], [ 110.365136513651365, -6.955820582058214 ], [ 110.363861386138609, -6.954995499549962 ] ], [ [ 110.364311431143108, -6.955595559555951 ], [ 110.364386438643862, -6.955445544554459 ], [ 110.364386438643862, -6.955595559555953 ], [ 110.364311431143108, -6.955595559555951 ] ], [ [ 110.373612361236127, -6.95559555955596 ], [ 110.373687368736867, -6.955520552055207 ], [ 110.373687368736867, -6.955595559555963 ], [ 110.373612361236127, -6.95559555955596 ] ], [ [ 110.373837383738376, -6.955670567056711 ], [ 110.373912391239131, -6.955520552055209 ], [ 110.373912391239131, -6.955670567056713 ], [ 110.373837383738376, -6.955670567056711 ] ], [ [ 110.365811581158127, -6.95627062706271 ], [ 110.365961596159622, -6.956195619561959 ], [ 110.365961596159622, -6.956270627062709 ], [ 110.365811581158127, -6.95627062706271 ] ], [ [ 110.366486648664875, -6.956270627062705 ], [ 110.366561656165615, -6.956195619561951 ], [ 110.366561656165615, -6.956270627062702 ], [ 110.366486648664875, -6.956270627062705 ] ], [ [ 110.366786678667864, -6.957620762076209 ], [ 110.36806180618062, -6.956795679567964 ], [ 110.367536753675367, -6.9571707170717 ], [ 110.367836783678385, -6.957770777077712 ], [ 110.366786678667864, -6.957620762076209 ] ], [ [ 110.36198619861986, -6.957170717071707 ], [ 110.362736273627362, -6.957245724572453 ], [ 110.361911191119106, -6.957470747074713 ], [ 110.36198619861986, -6.957170717071707 ] ], [ [ 110.367836783678385, -6.95754575457545 ], [ 110.368136813681375, -6.957095709570963 ], [ 110.368136813681375, -6.957695769576953 ], [ 110.367836783678385, -6.95754575457545 ] ], [ [ 110.361386138613867, -6.957395739573951 ], [ 110.361686168616856, -6.957245724572451 ], [ 110.361686168616856, -6.957470747074716 ], [ 110.361386138613867, -6.957395739573951 ] ], [ [ 110.359210921092114, -6.958295829582966 ], [ 110.359285928592854, -6.957770777077704 ], [ 110.359285928592854, -6.958295829582955 ], [ 110.359210921092114, -6.958295829582966 ] ], [ [ 110.352160216021602, -6.958370837083713 ], [ 110.352235223522356, -6.958295829582951 ], [ 110.352235223522356, -6.958370837083706 ], [ 110.352160216021602, -6.958370837083713 ] ], [ [ 110.352085208520847, -6.95844584458445 ], [ 110.352160216021602, -6.958370837083713 ], [ 110.352160216021602, -6.958445844584461 ], [ 110.352085208520847, -6.95844584458445 ] ], [ [ 110.383663366336648, -6.958670867086701 ], [ 110.383738373837389, -6.958595859585965 ], [ 110.383738373837389, -6.958670867086708 ], [ 110.383663366336648, -6.958670867086701 ] ], [ [ 110.389963996399658, -6.959345934593459 ], [ 110.390264026402647, -6.959120912091205 ], [ 110.390339033903388, -6.959345934593464 ], [ 110.389963996399658, -6.959345934593459 ] ], [ [ 110.390414041404142, -6.959270927092701 ], [ 110.390489048904897, -6.959045904590453 ], [ 110.390489048904897, -6.959270927092715 ], [ 110.390414041404142, -6.959270927092701 ] ] ] } },
{ "type": "Feature", "properties": { "year": 2045, "layer": "atrisk" }, "geometry": { "type": "Polygon", "coordinates": [ [ [ 110.3957395739574, -6.957695769576964 ], [ 110.394539453945399, -6.959720972097211 ], [ 110.395889588958909, -6.959720972097205 ], [ 110.3957395739574, -6.957695769576964 ] ] ] } }
]
}
