{
"type": "FeatureCollection",
"name": "atrisk_2030",
"crs": { "type": "name", "properties": { "name": "urn:ogc:def:crs:OGC:1.3:CRS84" } },
"features": [
{ "type": "Feature", "properties": { "year": 2030, "layer": "atrisk" }, "geometry": { "type": "Polygon", "coordinates": [ [ [ 110.575532553255329, -6.75 ], [ 110.572907290729077, -6.75052505250525 ], [ 110.575532553255329, -6.750150015001497 ], [ 110.575532553255329, -6.75 ] ] ] } },
{ "type": "Feature", "properties": { "year": 2030, "layer": "atrisk" }, "geometry": { "type": "Polygon", "coordinates": [ [ [ 110.583633363336332, -6.751275127512755 ], [ 110.58280828082809, -6.751950195019494 ], [ 110.583258325832588, -6.751950195019502 ], [ 110.583633363336332, -6.751275127512755 ] ] ] } },
{ "type": "Feature", "properties": { "year": 2030, "layer": "atrisk" }, "geometry": { "type": "Polygon", "coordinates": [ [ [ 110.564056405640585, -6.75 ], [ 110.567056705670566, -6.752250225022506 ], [ 110.571632163216336, -6.750150015001494 ], [ 110.571632163216336, -6.75 ], [ 110.564056405640585, -6.75 ] ] ] } },
{ "type": "Feature", "properties": { "year": 2030, "layer": "atrisk" }, "geometry": { "type": "Polygon", "coordinates": [ [ [ 110.580483048304828, -6.752700270026995 ], [ 110.577932793279345, -6.753075307530748 ], [ 110.577857785778576, -6.753825382538264 ], [ 110.581008100810081, -6.753825382538253 ], [ 110.580483048304828, -6.752700270026995 ] ] ] } },
{ "type": "Feature", "properties": { "year": 2030, "layer": "atrisk" }, "geometry": { "type": "Polygon", "coordinates": [ [ [ 110.58453345334533, -6.752175217521753 ], [ 110.583633363336332, -6.75292529252925 ], [ 110.583408340834083, -6.753750375037506 ], [ 110.584458445844589, -6.753525352535255 ], [ 110.58453345334533, -6.752175217521753 ] ] ] } },
{ "type": "Feature", "properties": { "year": 2030, "layer": "atrisk" }, "geometry": { "type": "Polygon", "coordinates": [ [ [ 110.571557155715567, -6.753300330033002 ], [ 110.570807080708065, -6.754125412541255 ], [ 110.571632163216336, -6.754050405040505 ], [ 110.571557155715567, -6.753300330033002 ] ] ] } },
{ "type": "Feature", "properties": { "year": 2030, "layer": "atrisk" }, "geometry": { "type": "Polygon", "coordinates": [ [ [ 110.583033303330339, -6.753150315031506 ], [ 110.582133213321328, -6.752475247524755 ], [ 110.582208220822096, -6.754200420042004 ], [ 110.583033303330339, -6.753150315031506 ] ] ] } },
{ "type": "Feature", "properties": { "year": 2030, "layer": "atrisk" }, "geometry": { "type": "Polygon", "coordinates": [ [ [ 110.569681968196818, -6.754125412541248 ], [ 110.568481848184817, -6.754275427542754 ], [ 110.569531953195323, -6.754575457545755 ], [ 110.569681968196818, -6.754125412541248 ] ] ] } },
{ "type": "Feature", "properties": { "year": 2030, "layer": "atrisk" }, "geometry": { "type": "Polygon", "coordinates": [ [ [ 110.541104110411041, -6.75 ], [ 110.545754575457551, -6.755850585058507 ], [ 110.547479747974791, -6.755625562556256 ], [ 110.543429342934289, -6.75 ], [ 110.541104110411041, -6.75 ] ] ] } },
{ "type": "Feature", "properties": { "year": 2030, "layer": "atrisk" }, "geometry": { "type": "Polygon", "coordinates": [ [ [ 110.571407140714072, -6.757650765076503 ], [ 110.57043204320432, -6.756975697569755 ], [ 110.570057005700576, -6.757575757575758 ], [ 110.571407140714072, -6.757650765076503 ] ] ] } },
{ "type": "Feature", "properties": { "year": 2030, "layer": "atrisk" }, "geometry": { "type": "Polygon", "coordinates": [ [ [ 110.547254725472541, -6.759075907590766 ], [ 110.546354635463544, -6.759900990099009 ], [ 110.546654665466548, -6.760126012601257 ], [ 110.547254725472541, -6.759075907590766 ] ] ] } },
{ "type": "Feature", "properties": { "year": 2030, "layer": "atrisk" }, "geometry": { "type": "Polygon", "coordinates": [ [ [ 110.577482748274832, -6.759750975097512 ], [ 110.577932793279345, -6.761251125112507 ], [ 110.578457845784584, -6.761326132613266 ], [ 110.578607860786079, -6.760051005100508 ], [ 110.577482748274832, -6.759750975097512 ] ] ] } },
{ "type": "Feature", "properties": { "year": 2030, "layer": "atrisk" }, "geometry": { "type": "Polygon", "coordinates": [ [ [ 110.566681668166822, -6.759300930093014 ], [ 110.565706570657085, -6.759975997599756 ], [ 110.566306630663064, -6.761551155115503 ], [ 110.567131713171321, -6.760426042604265 ], [ 110.566681668166822, -6.759300930093014 ] ] ] } },
{ "type": "Feature", "properties": { "year": 2030, "layer": "atrisk" }, "geometry": { "type": "Polygon", "coordinates": [ [ [ 110.555955595559553, -6.761176117611768 ], [ 110.554905490549061, -6.762376237623767 ], [ 110.555655565556549, -6.762526252625259 ], [ 110.555955595559553, -6.761176117611768 ] ] ] } },
{ "type": "Feature", "properties": { "year": 2030, "layer": "atrisk" }, "geometry": { "type": "Polygon", "coordinates": [ [ [ 110.58430843084308, -6.754275427542758 ], [ 110.582508250825086, -6.759075907590762 ], [ 110.581533153315334, -6.757650765076509 ], [ 110.575007500750075, -6.757200720072006 ], [ 110.574707470747072, -6.75555055505551 ], [ 110.573132313231326, -6.755850585058507 ], [ 110.572682268226828, -6.756150615061498 ], [ 110.575232523252325, -6.757500750075007 ], [ 110.574182418241818, -6.759900990099015 ], [ 110.577182718271828, -6.759000900090006 ], [ 110.581683168316829, -6.760051005100505 ], [ 110.583783378337827, -6.761551155115518 ], [ 110.583258325832588, -6.76342634263426 ], [ 110.583558355835578, -6.763726372637257 ], [ 110.584158415841586, -6.763126312631267 ], [ 110.58430843084308, -6.754275427542758 ] ] ] } },
{ "type": "Feature", "properties": { "year": 2030, "layer": "atrisk" }, "geometry": { "type": "Polygon", "coordinates": [ [ [ 110.569531953195323, -6.763651365136512 ], [ 110.568406840684062, -6.762976297629764 ], [ 110.567356735673584, -6.763501350135014 ], [ 110.569531953195323, -6.763651365136512 ] ], [ [ 110.568406840684062, -6.763351335133514 ], [ 110.568556855685571, -6.76342634263427 ], [ 110.568406840684062, -6.763426342634263 ], [ 110.568406840684062, -6.763351335133514 ] ] ] } },
{ "type": "Feature", "properties": { "year": 2030, "layer": "atrisk" }, "geometry": { "type": "Polygon", "coordinates": [ [ [ 110.552505250525073, -6.808955895589562 ], [ 110.551080108010808, -6.808430843084302 ], [ 110.549504950495063, -6.811206120612058 ], [ 110.552505250525073, -6.808955895589562 ] ] ] } },
{ "type": "Feature", "properties": { "year": 2030, "layer": "atrisk" }, "geometry": { "type": "Polygon", "coordinates": [ [ [ 110.576357635763571, -6.759900990099013 ], [ 110.572307230723084, -6.761701170117013 ], [ 110.575007500750075, -6.761251125112503 ], [ 110.575532553255329, -6.762826282628257 ], [ 110.571857185718571, -6.763876387638758 ], [ 110.575607560756069, -6.764326432643267 ], [ 110.575457545754574, -6.769801980198028 ], [ 110.57680768076807, -6.770702070207026 ], [ 110.576057605760582, -6.768901890189018 ], [ 110.577482748274832, -6.76755175517552 ], [ 110.578082808280826, -6.770702070207024 ], [ 110.575532553255329, -6.771452145214529 ], [ 110.575457545754574, -6.770477047704776 ], [ 110.575232523252325, -6.773477347734771 ], [ 110.572982298229817, -6.77475247524752 ], [ 110.569456945694569, -6.775202520252023 ], [ 110.568331833183322, -6.775952595259531 ], [ 110.56593159315932, -6.784428442844288 ], [ 110.565856585658565, -6.787503750375043 ], [ 110.567056705670566, -6.788253825382545 ], [ 110.565331533153312, -6.78795379537953 ], [ 110.564806480648059, -6.791104110411045 ], [ 110.562706270627075, -6.792904290429049 ], [ 110.564806480648059, -6.795379537953804 ], [ 110.567281728172816, -6.792679267926785 ], [ 110.565481548154821, -6.796129612961295 ], [ 110.569156915691565, -6.795154515451541 ], [ 110.569756975697572, -6.798304830483051 ], [ 110.568106810681073, -6.7991299129913 ], [ 110.564731473147319, -6.797029702970303 ], [ 110.561656165616569, -6.797479747974798 ], [ 110.561806180618063, -6.795079507950794 ], [ 110.559555955595556, -6.798154815481547 ], [ 110.559780978097805, -6.799804980498056 ], [ 110.561431143114305, -6.798979897989796 ], [ 110.560081008100823, -6.801080108010798 ], [ 110.560231023102304, -6.801605160516059 ], [ 110.561581158115814, -6.800480048004797 ], [ 110.562031203120313, -6.80175517551755 ], [ 110.563006300630065, -6.801455145514558 ], [ 110.568106810681073, -6.805130513051311 ], [ 110.568706870687066, -6.804680468046804 ], [ 110.568331833183322, -6.805880588058811 ], [ 110.569681968196818, -6.807530753075303 ], [ 110.567731773177314, -6.806555655565546 ], [ 110.566531653165313, -6.808205820582053 ], [ 110.568481848184817, -6.810381038103805 ], [ 110.56285628562857, -6.804680468046797 ], [ 110.566306630663064, -6.807680768076815 ], [ 110.567281728172816, -6.805805580558063 ], [ 110.564731473147319, -6.803930393039296 ], [ 110.560306030603059, -6.802055205520551 ], [ 110.558430843084324, -6.804755475547549 ], [ 110.562781278127815, -6.805880588058812 ], [ 110.566081608160815, -6.809855985598554 ], [ 110.560006000600055, -6.805805580558062 ], [ 110.558430843084324, -6.807080708070799 ], [ 110.558280828082815, -6.805055505550548 ], [ 110.556630663066301, -6.805955595559556 ], [ 110.554230423042299, -6.809030903090314 ], [ 110.556030603060307, -6.810156015601566 ], [ 110.557155715571554, -6.811581158115819 ], [ 110.56293129312931, -6.815931593159309 ], [ 110.563531353135318, -6.81345634563457 ], [ 110.568781878187821, -6.812256225622566 ], [ 110.568106810681073, -6.811281128112809 ], [ 110.570282028202826, -6.811656165616567 ], [ 110.568706870687066, -6.810531053105305 ], [ 110.570507050705075, -6.808730873087304 ], [ 110.569606960696063, -6.810756075607562 ], [ 110.570657065706584, -6.811506150615057 ], [ 110.577257725772597, -6.807080708070805 ], [ 110.581533153315334, -6.801530153015299 ], [ 110.583933393339336, -6.795154515451541 ], [ 110.584383438343835, -6.791854185418539 ], [ 110.582133213321328, -6.790354035403532 ], [ 110.58145814581458, -6.793729372937296 ], [ 110.581383138313825, -6.789978997899791 ], [ 110.578757875787574, -6.788628862886288 ], [ 110.584458445844589, -6.791404140414036 ], [ 110.584608460846084, -6.771977197719764 ], [ 110.581758175817583, -6.770552055205525 ], [ 110.582958295829584, -6.766801680168019 ], [ 110.581758175817583, -6.767251725172514 ], [ 110.582058205820587, -6.764476447644766 ], [ 110.579132913291332, -6.76425142514252 ], [ 110.58145814581458, -6.763726372637262 ], [ 110.584158415841586, -6.764776477647757 ], [ 110.58423342334234, -6.764101410141012 ], [ 110.581008100810081, -6.762601260126006 ], [ 110.576057605760582, -6.762976297629759 ], [ 110.576357635763571, -6.759900990099013 ] ], [ [ 110.578982898289823, -6.763351335133514 ], [ 110.579957995799575, -6.76327632763276 ], [ 110.578982898289823, -6.763426342634256 ], [ 110.578982898289823, -6.763351335133514 ] ], [ [ 110.576207620762077, -6.76350135013502 ], [ 110.57650765076508, -6.763351335133507 ], [ 110.576657665766575, -6.763651365136508 ], [ 110.576207620762077, -6.76350135013502 ] ], [ [ 110.574632463246346, -6.763426342634261 ], [ 110.574707470747072, -6.763351335133518 ], [ 110.574707470747072, -6.763426342634269 ], [ 110.574632463246346, -6.763426342634261 ] ], [ [ 110.578082808280826, -6.763651365136504 ], [ 110.57815781578158, -6.763576357635759 ], [ 110.57815781578158, -6.763651365136511 ], [ 110.578082808280826, -6.763651365136504 ] ], [ [ 110.57680768076807, -6.763801380138012 ], [ 110.577707770777081, -6.763651365136519 ], [ 110.577707770777081, -6.763726372637259 ], [ 110.57680768076807, -6.763801380138012 ] ], [ [ 110.576132613261322, -6.764176417641759 ], [ 110.576207620762077, -6.76395139513951 ], [ 110.576207620762077, -6.764176417641758 ], [ 110.576132613261322, -6.764176417641759 ] ], [ [ 110.578532853285324, -6.764326432643261 ], [ 110.578907890789097, -6.764176417641771 ], [ 110.578907890789097, -6.764251425142519 ], [ 110.578532853285324, -6.764326432643261 ] ], [ [ 110.578232823282335, -6.76432643264326 ], [ 110.578307830783075, -6.764251425142515 ], [ 110.578307830783075, -6.76432643264326 ], [ 110.578232823282335, -6.76432643264326 ] ], [ [ 110.577857785778576, -6.764401440144015 ], [ 110.578007800780071, -6.764326432643269 ], [ 110.578007800780071, -6.764401440144019 ], [ 110.577857785778576, -6.764401440144015 ] ], [ [ 110.57680768076807, -6.764926492649263 ], [ 110.577782778277822, -6.765151515151508 ], [ 110.577032703270334, -6.76590159015901 ], [ 110.57680768076807, -6.764926492649263 ] ], [ [ 110.576207620762077, -6.765376537653768 ], [ 110.576357635763571, -6.765301530153007 ], [ 110.576357635763571, -6.765376537653771 ], [ 110.576207620762077, -6.765376537653768 ] ], [ [ 110.575982598259827, -6.765751575157512 ], [ 110.576207620762077, -6.765601560156015 ], [ 110.575982598259827, -6.766051605160511 ], [ 110.575982598259827, -6.765751575157512 ] ], [ [ 110.575907590759073, -6.766126612661265 ], [ 110.575982598259827, -6.766051605160511 ], [ 110.575982598259827, -6.766126612661272 ], [ 110.575907590759073, -6.766126612661265 ] ], [ [ 110.578457845784584, -6.767101710171017 ], [ 110.578607860786079, -6.767026702670259 ], [ 110.578607860786079, -6.767101710171019 ], [ 110.578457845784584, -6.767101710171017 ] ], [ [ 110.576357635763571, -6.767251725172517 ], [ 110.57650765076508, -6.767176717671775 ], [ 110.57650765076508, -6.767251725172521 ], [ 110.576357635763571, -6.767251725172517 ] ], [ [ 110.57680768076807, -6.767326732673274 ], [ 110.576957695769579, -6.767176717671763 ], [ 110.577107710771074, -6.767326732673259 ], [ 110.57680768076807, -6.767326732673274 ] ], [ [ 110.579507950795076, -6.767251725172526 ], [ 110.579582958295845, -6.767176717671775 ], [ 110.579582958295845, -6.767251725172509 ], [ 110.579507950795076, -6.767251725172526 ] ], [ [ 110.577557755775587, -6.767401740174024 ], [ 110.577632763276327, -6.767326732673265 ], [ 110.577632763276327, -6.767401740174015 ], [ 110.577557755775587, -6.767401740174024 ] ], [ [ 110.577707770777081, -6.767401740174015 ], [ 110.578007800780071, -6.767326732673266 ], [ 110.578007800780071, -6.767401740174018 ], [ 110.577707770777081, -6.767401740174015 ] ], [ [ 110.575832583258332, -6.767701770177024 ], [ 110.576057605760582, -6.767626762676261 ], [ 110.575832583258332, -6.768001800180016 ], [ 110.575832583258332, -6.767701770177024 ] ], [ [ 110.577407740774078, -6.767476747674764 ], [ 110.577557755775587, -6.767401740174024 ], [ 110.577557755775587, -6.767476747674762 ], [ 110.577407740774078, -6.767476747674764 ] ], [ [ 110.579057905790577, -6.767551755175523 ], [ 110.579657965796585, -6.767476747674767 ], [ 110.579657965796585, -6.767626762676271 ], [ 110.579057905790577, -6.767551755175523 ] ], [ [ 110.575682568256823, -6.768451845184522 ], [ 110.575757575757578, -6.768226822682275 ], [ 110.575757575757578, -6.768451845184527 ], [ 110.575682568256823, -6.768451845184522 ] ], [ [ 110.575607560756069, -6.768676867686772 ], [ 110.575682568256823, -6.768451845184522 ], [ 110.575682568256823, -6.768676867686767 ], [ 110.575607560756069, -6.768676867686772 ] ], [ [ 110.575532553255329, -6.768976897689771 ], [ 110.575607560756069, -6.768901890189012 ], [ 110.575607560756069, -6.76897689768976 ], [ 110.575532553255329, -6.768976897689771 ] ], [ [ 110.575532553255329, -6.769576957695776 ], [ 110.575607560756069, -6.769126912691275 ], [ 110.575607560756069, -6.769576957695766 ], [ 110.575532553255329, -6.769576957695776 ] ], [ [ 110.580783078307832, -6.770927092709266 ], [ 110.580858085808586, -6.770852085208527 ], [ 110.580858085808586, -6.770927092709274 ], [ 110.580783078307832, -6.770927092709266 ] ], [ [ 110.581308130813085, -6.771077107710766 ], [ 110.58145814581458, -6.771002100210026 ], [ 110.58145814581458, -6.771077107710778 ], [ 110.581308130813085, -6.771077107710766 ] ], [ [ 110.573132313231326, -6.774977497749777 ], [ 110.573207320732067, -6.77490249024902 ], [ 110.573207320732067, -6.774977497749779 ], [ 110.573132313231326, -6.774977497749777 ] ], [ [ 110.573207320732067, -6.775052505250529 ], [ 110.573282328232835, -6.774977497749777 ], [ 110.573282328232835, -6.775052505250517 ], [ 110.573207320732067, -6.775052505250529 ] ], [ [ 110.570282028202826, -6.775277527752771 ], [ 110.570582058205815, -6.775127512751276 ], [ 110.570657065706584, -6.77527752775277 ], [ 110.570282028202826, -6.775277527752771 ] ], [ [ 110.571107110711068, -6.77535253525352 ], [ 110.571182118211823, -6.775202520252019 ], [ 110.571182118211823, -6.775352535253528 ], [ 110.571107110711068, -6.77535253525352 ] ], [ [ 110.569756975697572, -6.775427542754276 ], [ 110.569831983198327, -6.775352535253521 ], [ 110.569831983198327, -6.775427542754275 ], [ 110.569756975697572, -6.775427542754276 ] ], [ [ 110.569606960696063, -6.775802580258032 ], [ 110.570207020702071, -6.775502550255033 ], [ 110.570132013201317, -6.77580258025802 ], [ 110.569606960696063, -6.775802580258032 ] ], [ [ 110.568931893189315, -6.776027602760282 ], [ 110.569081908190824, -6.775652565256532 ], [ 110.569006900690084, -6.776027602760269 ], [ 110.568931893189315, -6.776027602760282 ] ], [ [ 110.569156915691565, -6.775877587758782 ], [ 110.569456945694569, -6.775802580258032 ], [ 110.569231923192319, -6.776177617761784 ], [ 110.569156915691565, -6.775877587758782 ] ], [ [ 110.571407140714072, -6.776177617761779 ], [ 110.571482148214827, -6.776027602760269 ], [ 110.571482148214827, -6.776177617761769 ], [ 110.571407140714072, -6.776177617761779 ] ], [ [ 110.568631863186312, -6.776252625262527 ], [ 110.568781878187821, -6.776402640264031 ], [ 110.568631863186312, -6.776552655265528 ], [ 110.568631863186312, -6.776252625262527 ] ], [ [ 110.569756975697572, -6.776327632763282 ], [ 110.569831983198327, -6.776102610261017 ], [ 110.569831983198327, -6.776327632763279 ], [ 110.569756975697572, -6.776327632763282 ] ], [ [ 110.570657065706584, -6.776552655265534 ], [ 110.571032103210328, -6.776252625262534 ], [ 110.570882088208819, -6.776702670267034 ], [ 110.570657065706584, -6.776552655265534 ] ], [ [ 110.571257125712577, -6.776402640264026 ], [ 110.571332133213318, -6.776477647764785 ], [ 110.571107110711068, -6.776552655265525 ], [ 110.571257125712577, -6.776402640264026 ] ], [ [ 110.578457845784584, -6.776177617761778 ], [ 110.583333333333329, -6.778202820282023 ], [ 110.58453345334533, -6.780003000300026 ], [ 110.580933093309326, -6.779477947794777 ], [ 110.578457845784584, -6.776177617761778 ] ], [ [ 110.568931893189315, -6.776327632763272 ], [ 110.569081908190824, -6.77655265526553 ], [ 110.568931893189315, -6.776627662766278 ], [ 110.568931893189315, -6.776327632763272 ] ], [ [ 110.569681968196818, -6.776552655265528 ], [ 110.569756975697572, -6.776327632763282 ], [ 110.569756975697572, -6.776552655265523 ], [ 110.569681968196818, -6.776552655265528 ] ], [ [ 110.570357035703566, -6.776552655265521 ], [ 110.570507050705075, -6.776327632763272 ], [ 110.570507050705075, -6.776552655265527 ], [ 110.570357035703566, -6.776552655265521 ] ], [ [ 110.569156915691565, -6.776702670267026 ], [ 110.569231923192319, -6.776402640264023 ], [ 110.569231923192319, -6.776702670267025 ], [ 110.569156915691565, -6.776702670267026 ] ], [ [ 110.577932793279345, -6.776552655265528 ], [ 110.578007800780071, -6.776477647764786 ], [ 110.578007800780071, -6.776552655265521 ], [ 110.577932793279345, -6.776552655265528 ] ], [ [ 110.569606960696063, -6.776702670267031 ], [ 110.569681968196818, -6.776552655265528 ], [ 110.569681968196818, -6.776702670267031 ], [ 110.569606960696063, -6.776702670267031 ] ], [ [ 110.57043204320432, -6.776627662766285 ], [ 110.570732073207324, -6.77685268526852 ], [ 110.57043204320432, -6.776927692769272 ], [ 110.570282028202826, -6.777152715271523 ], [ 110.57043204320432, -6.776627662766285 ] ], [ [ 110.571032103210328, -6.776702670267024 ], [ 110.571182118211823, -6.77662766276628 ], [ 110.571182118211823, -6.776702670267031 ], [ 110.571032103210328, -6.776702670267024 ] ], [ [ 110.570957095709574, -6.776702670267024 ], [ 110.571032103210328, -6.77782778277827 ], [ 110.569156915691565, -6.78195319531954 ], [ 110.573207320732067, -6.78397839783978 ], [ 110.57538253825382, -6.781503150315025 ], [ 110.573282328232835, -6.78517851785179 ], [ 110.567956795679564, -6.781728172817276 ], [ 110.569231923192319, -6.778202820282034 ], [ 110.568856885688575, -6.779102910291023 ], [ 110.568331833183322, -6.778577857785773 ], [ 110.569906990699067, -6.77700270027002 ], [ 110.569831983198327, -6.778052805280522 ], [ 110.570732073207324, -6.778127812781276 ], [ 110.570957095709574, -6.776702670267024 ] ], [ [ 110.570207020702071, -6.776927692769282 ], [ 110.570282028202826, -6.776777677767767 ], [ 110.570282028202826, -6.776927692769271 ], [ 110.570207020702071, -6.776927692769282 ] ], [ [ 110.570132013201317, -6.777077707770777 ], [ 110.570207020702071, -6.776927692769282 ], [ 110.570207020702071, -6.777077707770785 ], [ 110.570132013201317, -6.777077707770777 ] ], [ [ 110.570507050705075, -6.777152715271534 ], [ 110.570582058205815, -6.777002700270033 ], [ 110.570582058205815, -6.777152715271525 ], [ 110.570507050705075, -6.777152715271534 ] ], [ [ 110.573357335733576, -6.77730273027303 ], [ 110.57343234323433, -6.777152715271524 ], [ 110.57343234323433, -6.777302730273026 ], [ 110.573357335733576, -6.77730273027303 ] ], [ [ 110.57208220822082, -6.777977797779771 ], [ 110.572157215721575, -6.777902790279023 ], [ 110.572157215721575, -6.777977797779782 ], [ 110.57208220822082, -6.777977797779771 ] ], [ [ 110.570132013201317, -6.778052805280524 ], [ 110.570207020702071, -6.777977797779784 ], [ 110.570207020702071, -6.778052805280534 ], [ 110.570132013201317, -6.778052805280524 ] ], [ [ 110.568181818181813, -6.782178217821778 ], [ 110.568481848184817, -6.782178217821774 ], [ 110.568031803180318, -6.782778277827785 ], [ 110.568181818181813, -6.782178217821778 ] ], [ [ 110.577932793279345, -6.782328232823288 ], [ 110.578007800780071, -6.782253225322522 ], [ 110.578007800780071, -6.782328232823279 ], [ 110.577932793279345, -6.782328232823288 ] ], [ [ 110.577857785778576, -6.782403240324039 ], [ 110.577932793279345, -6.782328232823288 ], [ 110.577932793279345, -6.782403240324032 ], [ 110.577857785778576, -6.782403240324039 ] ], [ [ 110.568406840684062, -6.782553255325533 ], [ 110.568481848184817, -6.782478247824779 ], [ 110.568481848184817, -6.782553255325532 ], [ 110.568406840684062, -6.782553255325533 ] ], [ [ 110.568331833183322, -6.782703270327026 ], [ 110.568406840684062, -6.782628262826276 ], [ 110.568406840684062, -6.782703270327025 ], [ 110.568331833183322, -6.782703270327026 ] ], [ [ 110.568106810681073, -6.782778277827775 ], [ 110.568181818181813, -6.78270327032704 ], [ 110.568181818181813, -6.782778277827779 ], [ 110.568106810681073, -6.782778277827775 ] ], [ [ 110.579582958295845, -6.782778277827777 ], [ 110.579657965796585, -6.782703270327037 ], [ 110.579657965796585, -6.782778277827783 ], [ 110.579582958295845, -6.782778277827777 ] ], [ [ 110.567881788178823, -6.782853285328532 ], [ 110.567956795679564, -6.782778277827778 ], [ 110.567956795679564, -6.78285328532854 ], [ 110.567881788178823, -6.782853285328532 ] ], [ [ 110.567731773177314, -6.783078307830775 ], [ 110.567881788178823, -6.783153315331536 ], [ 110.567731773177314, -6.783228322832283 ], [ 110.567731773177314, -6.783078307830775 ] ], [ [ 110.567806780678069, -6.783453345334538 ], [ 110.568481848184817, -6.783153315331533 ], [ 110.568556855685571, -6.783378337833788 ], [ 110.567806780678069, -6.783453345334538 ] ], [ [ 110.567656765676574, -6.783378337833778 ], [ 110.567731773177314, -6.783228322832283 ], [ 110.567731773177314, -6.78337833783378 ], [ 110.567656765676574, -6.783378337833778 ] ], [ [ 110.56758175817582, -6.783528352835274 ], [ 110.567656765676574, -6.783378337833778 ], [ 110.567656765676574, -6.783528352835281 ], [ 110.56758175817582, -6.783528352835274 ] ], [ [ 110.567506750675065, -6.783678367836789 ], [ 110.56758175817582, -6.783528352835274 ], [ 110.56758175817582, -6.783678367836782 ], [ 110.567506750675065, -6.783678367836789 ] ], [ [ 110.567731773177314, -6.783603360336036 ], [ 110.567806780678069, -6.783528352835285 ], [ 110.567806780678069, -6.783603360336038 ], [ 110.567731773177314, -6.783603360336036 ] ], [ [ 110.568106810681073, -6.783678367836785 ], [ 110.568256825682568, -6.783528352835291 ], [ 110.568181818181813, -6.783678367836786 ], [ 110.568106810681073, -6.783678367836785 ] ], [ [ 110.567881788178823, -6.783678367836778 ], [ 110.567956795679564, -6.783603360336031 ], [ 110.567956795679564, -6.783678367836789 ], [ 110.567881788178823, -6.783678367836778 ] ], [ [ 110.567431743174311, -6.783828382838284 ], [ 110.567506750675065, -6.783753375337534 ], [ 110.567506750675065, -6.783828382838285 ], [ 110.567431743174311, -6.783828382838284 ] ], [ [ 110.567806780678069, -6.783828382838281 ], [ 110.567881788178823, -6.783753375337526 ], [ 110.567881788178823, -6.783828382838279 ], [ 110.567806780678069, -6.783828382838281 ] ], [ [ 110.567356735673584, -6.783978397839782 ], [ 110.567431743174311, -6.783903390339041 ], [ 110.567431743174311, -6.783978397839787 ], [ 110.567356735673584, -6.783978397839782 ] ], [ [ 110.567881788178823, -6.78397839783979 ], [ 110.567956795679564, -6.783903390339035 ], [ 110.567956795679564, -6.783978397839785 ], [ 110.567881788178823, -6.78397839783979 ] ], [ [ 110.567281728172816, -6.784128412841275 ], [ 110.567356735673584, -6.78405340534053 ], [ 110.567356735673584, -6.784128412841286 ], [ 110.567281728172816, -6.784128412841275 ] ], [ [ 110.567206720672061, -6.784278427842785 ], [ 110.567281728172816, -6.784203420342036 ], [ 110.567281728172816, -6.784278427842786 ], [ 110.567206720672061, -6.784278427842785 ] ], [ [ 110.566531653165313, -6.785028502850289 ], [ 110.566906690669072, -6.784878487848777 ], [ 110.566906690669072, -6.785028502850285 ], [ 110.566531653165313, -6.785028502850289 ] ], [ [ 110.583258325832588, -6.784953495349528 ], [ 110.583333333333329, -6.784878487848783 ], [ 110.583333333333329, -6.784953495349533 ], [ 110.583258325832588, -6.784953495349528 ] ], [ [ 110.56758175817582, -6.785253525352536 ], [ 110.567731773177314, -6.78495349534954 ], [ 110.567656765676574, -6.785253525352541 ], [ 110.56758175817582, -6.785253525352536 ] ], [ [ 110.566456645664573, -6.785628562856283 ], [ 110.566606660666068, -6.785703570357033 ], [ 110.566456645664573, -6.78577857785778 ], [ 110.566456645664573, -6.785628562856283 ] ], [ [ 110.566381638163818, -6.785928592859278 ], [ 110.566456645664573, -6.785853585358529 ], [ 110.566456645664573, -6.785928592859285 ], [ 110.566381638163818, -6.785928592859278 ] ], [ [ 110.566531653165313, -6.785928592859285 ], [ 110.566606660666068, -6.785853585358535 ], [ 110.566606660666068, -6.785928592859278 ], [ 110.566531653165313, -6.785928592859285 ] ], [ [ 110.566306630663064, -6.78607860786078 ], [ 110.566381638163818, -6.786003600360036 ], [ 110.566381638163818, -6.786078607860785 ], [ 110.566306630663064, -6.78607860786078 ] ], [ [ 110.566456645664573, -6.786153615361536 ], [ 110.566531653165313, -6.786003600360032 ], [ 110.566531653165313, -6.786153615361544 ], [ 110.566456645664573, -6.786153615361536 ] ], [ [ 110.566381638163818, -6.786303630363046 ], [ 110.566456645664573, -6.786153615361536 ], [ 110.566456645664573, -6.786303630363031 ], [ 110.566381638163818, -6.786303630363046 ] ], [ [ 110.566306630663064, -6.78645364536454 ], [ 110.566381638163818, -6.786303630363046 ], [ 110.566381638163818, -6.78645364536454 ], [ 110.566306630663064, -6.78645364536454 ] ], [ [ 110.583183318331834, -6.787428742874288 ], [ 110.584383438343835, -6.786903690369043 ], [ 110.583708370837087, -6.787878787878784 ], [ 110.583183318331834, -6.787428742874288 ] ], [ [ 110.569906990699067, -6.78682868286828 ], [ 110.570357035703566, -6.788703870387047 ], [ 110.575457545754574, -6.789978997899781 ], [ 110.576432643264326, -6.792304230423033 ], [ 110.579132913291332, -6.792679267926784 ], [ 110.57680768076807, -6.792979297929794 ], [ 110.57538253825382, -6.790729072907294 ], [ 110.569381938193814, -6.788778877887792 ], [ 110.569906990699067, -6.78682868286828 ] ], [ [ 110.570357035703566, -6.786978697869792 ], [ 110.57043204320432, -6.786903690369041 ], [ 110.57043204320432, -6.78697869786979 ], [ 110.570357035703566, -6.786978697869792 ] ], [ [ 110.574857485748581, -6.788403840384045 ], [ 110.576207620762077, -6.787653765376542 ], [ 110.574932493249335, -6.789153915391533 ], [ 110.574857485748581, -6.788403840384045 ] ], [ [ 110.565256525652572, -6.791629162916297 ], [ 110.567881788178823, -6.789453945394539 ], [ 110.566606660666068, -6.791779177917795 ], [ 110.565256525652572, -6.791629162916297 ] ], [ [ 110.565181518151817, -6.789228922892292 ], [ 110.565256525652572, -6.789153915391534 ], [ 110.565256525652572, -6.789228922892282 ], [ 110.565181518151817, -6.789228922892292 ] ], [ [ 110.570057005700576, -6.789978997899797 ], [ 110.57515751575157, -6.790804080408039 ], [ 110.575757575757578, -6.792604260426048 ], [ 110.570057005700576, -6.789978997899797 ] ], [ [ 110.565256525652572, -6.789453945394546 ], [ 110.565331533153312, -6.789378937893783 ], [ 110.565331533153312, -6.789453945394536 ], [ 110.565256525652572, -6.789453945394546 ] ], [ [ 110.569456945694569, -6.789828982898282 ], [ 110.569756975697572, -6.789828982898291 ], [ 110.569456945694569, -6.789903990399043 ], [ 110.569456945694569, -6.789828982898282 ] ], [ [ 110.565181518151817, -6.789828982898294 ], [ 110.565256525652572, -6.789678967896791 ], [ 110.565256525652572, -6.789828982898288 ], [ 110.565181518151817, -6.789828982898294 ] ], [ [ 110.564956495649568, -6.79117911791179 ], [ 110.565106510651063, -6.791329132913296 ], [ 110.564956495649568, -6.791329132913291 ], [ 110.564956495649568, -6.79117911791179 ] ], [ [ 110.564956495649568, -6.791554155415533 ], [ 110.564956495649568, -6.791329132913291 ], [ 110.565181518151817, -6.791554155415534 ], [ 110.564956495649568, -6.791554155415533 ] ], [ [ 110.563831383138307, -6.792229222922285 ], [ 110.563906390639062, -6.792154215421539 ], [ 110.563906390639062, -6.792229222922291 ], [ 110.563831383138307, -6.792229222922285 ] ], [ [ 110.573282328232835, -6.793354335433542 ], [ 110.574932493249335, -6.793729372937286 ], [ 110.574257425742573, -6.795604560456041 ], [ 110.57208220822082, -6.794779477947798 ], [ 110.573282328232835, -6.793354335433542 ] ], [ [ 110.563531353135318, -6.793579357935797 ], [ 110.563606360636058, -6.793504350435048 ], [ 110.563606360636058, -6.793579357935791 ], [ 110.563531353135318, -6.793579357935797 ] ], [ [ 110.58145814581458, -6.794104410441041 ], [ 110.581533153315334, -6.794029402940294 ], [ 110.581533153315334, -6.794104410441044 ], [ 110.58145814581458, -6.794104410441041 ] ], [ [ 110.56458145814581, -6.79425442544255 ], [ 110.564656465646564, -6.794179417941787 ], [ 110.564656465646564, -6.794254425442551 ], [ 110.56458145814581, -6.79425442544255 ] ], [ [ 110.564506450645069, -6.794329432943286 ], [ 110.56458145814581, -6.79425442544255 ], [ 110.56458145814581, -6.794329432943298 ], [ 110.564506450645069, -6.794329432943286 ] ], [ [ 110.581833183318338, -6.795004500450045 ], [ 110.582658265826581, -6.795829582958293 ], [ 110.581533153315334, -6.797554755475544 ], [ 110.581383138313825, -6.796954695469545 ], [ 110.581833183318338, -6.795004500450045 ] ], [ [ 110.575532553255329, -6.795679567956799 ], [ 110.577107710771074, -6.796354635463549 ], [ 110.576882688268824, -6.797404740474048 ], [ 110.57515751575157, -6.796804680468052 ], [ 110.575532553255329, -6.795679567956799 ] ], [ [ 110.582658265826581, -6.795904590459037 ], [ 110.582733273327335, -6.795829582958292 ], [ 110.582733273327335, -6.795904590459045 ], [ 110.582658265826581, -6.795904590459037 ] ], [ [ 110.571182118211823, -6.795979597959802 ], [ 110.571257125712577, -6.795904590459052 ], [ 110.571257125712577, -6.795979597959798 ], [ 110.571182118211823, -6.795979597959802 ] ], [ [ 110.571107110711068, -6.796129612961293 ], [ 110.571182118211823, -6.79605460546054 ], [ 110.571182118211823, -6.796129612961301 ], [ 110.571107110711068, -6.796129612961293 ] ], [ [ 110.570507050705075, -6.797104710471041 ], [ 110.571182118211823, -6.796504650465051 ], [ 110.572382238223824, -6.79665466546655 ], [ 110.572532253225319, -6.797029702970291 ], [ 110.570507050705075, -6.797104710471041 ] ], [ [ 110.571407140714072, -6.7964296429643 ], [ 110.571482148214827, -6.796354635463548 ], [ 110.571482148214827, -6.796429642964291 ], [ 110.571407140714072, -6.7964296429643 ] ], [ [ 110.579057905790577, -6.796504650465043 ], [ 110.580783078307832, -6.798004800480045 ], [ 110.580333033303333, -6.799429942994291 ], [ 110.577782778277822, -6.798604860486046 ], [ 110.579057905790577, -6.796504650465043 ] ], [ [ 110.560006000600055, -6.79777977797779 ], [ 110.560681068106817, -6.797554755475543 ], [ 110.560231023102304, -6.798304830483042 ], [ 110.560006000600055, -6.79777977797779 ] ], [ [ 110.570957095709574, -6.797704770477039 ], [ 110.571032103210328, -6.79762976297629 ], [ 110.571032103210328, -6.797704770477042 ], [ 110.570957095709574, -6.797704770477039 ] ], [ [ 110.570882088208819, -6.797854785478547 ], [ 110.570957095709574, -6.797704770477039 ], [ 110.570957095709574, -6.797854785478548 ], [ 110.570882088208819, -6.797854785478547 ] ], [ [ 110.57373237323732, -6.798754875487551 ], [ 110.574932493249335, -6.798229822982296 ], [ 110.574707470747072, -6.799204920492054 ], [ 110.57373237323732, -6.798754875487551 ] ], [ [ 110.571032103210328, -6.798829882988301 ], [ 110.571107110711068, -6.798754875487556 ], [ 110.571107110711068, -6.7988298829883 ], [ 110.571032103210328, -6.798829882988301 ] ], [ [ 110.571332133213318, -6.798979897989793 ], [ 110.571407140714072, -6.798829882988294 ], [ 110.571482148214827, -6.798979897989796 ], [ 110.571332133213318, -6.798979897989793 ] ], [ [ 110.571707170717076, -6.799054905490555 ], [ 110.571782178217816, -6.798979897989792 ], [ 110.571782178217816, -6.799054905490546 ], [ 110.571707170717076, -6.799054905490555 ] ], [ [ 110.578682868286833, -6.799354935493545 ], [ 110.578832883288328, -6.799279927992796 ], [ 110.578832883288328, -6.799354935493547 ], [ 110.578682868286833, -6.799354935493545 ] ], [ [ 110.575682568256823, -6.799579957995806 ], [ 110.575757575757578, -6.799429942994307 ], [ 110.575832583258332, -6.7995799579958 ], [ 110.575682568256823, -6.799579957995806 ] ], [ [ 110.580033003300329, -6.801755175517558 ], [ 110.580108010801084, -6.801680168016797 ], [ 110.580108010801084, -6.801755175517555 ], [ 110.580033003300329, -6.801755175517558 ] ], [ [ 110.580183018301824, -6.801830183018298 ], [ 110.580333033303333, -6.80175517551755 ], [ 110.580333033303333, -6.801830183018303 ], [ 110.580183018301824, -6.801830183018298 ] ], [ [ 110.563231323132314, -6.80340534053406 ], [ 110.563306330633068, -6.80333033303331 ], [ 110.563306330633068, -6.803405340534055 ], [ 110.563231323132314, -6.80340534053406 ] ], [ [ 110.563381338133823, -6.803480348034809 ], [ 110.563456345634563, -6.803405340534058 ], [ 110.563456345634563, -6.803480348034808 ], [ 110.563381338133823, -6.803480348034809 ] ], [ [ 110.565481548154821, -6.804830483048297 ], [ 110.565556555655562, -6.804755475547553 ], [ 110.565556555655562, -6.804830483048305 ], [ 110.565481548154821, -6.804830483048297 ] ], [ [ 110.567806780678069, -6.804830483048296 ], [ 110.567881788178823, -6.804755475547549 ], [ 110.567881788178823, -6.804830483048299 ], [ 110.567806780678069, -6.804830483048296 ] ], [ [ 110.568106810681073, -6.804830483048312 ], [ 110.568181818181813, -6.804755475547545 ], [ 110.568181818181813, -6.804830483048296 ], [ 110.568106810681073, -6.804830483048312 ] ], [ [ 110.568556855685571, -6.805355535553551 ], [ 110.568631863186312, -6.805280528052799 ], [ 110.568631863186312, -6.805355535553565 ], [ 110.568556855685571, -6.805355535553551 ] ], [ [ 110.557530753075312, -6.805580558055802 ], [ 110.557605760576052, -6.805505550555055 ], [ 110.557605760576052, -6.805580558055805 ], [ 110.557530753075312, -6.805580558055802 ] ], [ [ 110.557380738073803, -6.806405640564054 ], [ 110.557455745574558, -6.807380738073807 ], [ 110.558055805580551, -6.807005700570055 ], [ 110.558580858085804, -6.8072307230723 ], [ 110.558580858085804, -6.807455745574558 ], [ 110.557305730573063, -6.80858085808581 ], [ 110.55685568556855, -6.807830783078302 ], [ 110.556030603060307, -6.808655865586552 ], [ 110.557380738073803, -6.806405640564054 ] ], [ [ 110.557755775577562, -6.806555655565562 ], [ 110.557980798079811, -6.806480648064799 ], [ 110.557905790579056, -6.806630663066302 ], [ 110.557755775577562, -6.806555655565562 ] ], [ [ 110.556480648064806, -6.807230723072302 ], [ 110.55655565556556, -6.807155715571552 ], [ 110.55655565556556, -6.807230723072312 ], [ 110.556480648064806, -6.807230723072302 ] ], [ [ 110.555955595559553, -6.807905790579051 ], [ 110.556030603060307, -6.807830783078316 ], [ 110.556030603060307, -6.807905790579052 ], [ 110.555955595559553, -6.807905790579051 ] ], [ [ 110.556780678067824, -6.808205820582057 ], [ 110.55685568556855, -6.808130813081303 ], [ 110.55685568556855, -6.808205820582054 ], [ 110.556780678067824, -6.808205820582057 ] ], [ [ 110.573057305730572, -6.809780978097803 ], [ 110.573132313231326, -6.809705970597059 ], [ 110.573132313231326, -6.80978097809781 ], [ 110.573057305730572, -6.809780978097803 ] ], [ [ 110.567956795679564, -6.811281128112817 ], [ 110.567956795679564, -6.811056105610558 ], [ 110.568106810681073, -6.811281128112809 ], [ 110.567956795679564, -6.811281128112817 ] ], [ [ 110.560156015601564, -6.813756375637563 ], [ 110.560231023102304, -6.813681368136808 ], [ 110.560231023102304, -6.813756375637562 ], [ 110.560156015601564, -6.813756375637563 ] ], [ [ 110.561206120612056, -6.814581458145818 ], [ 110.56128112811281, -6.814506450645072 ], [ 110.56128112811281, -6.814581458145812 ], [ 110.561206120612056, -6.814581458145818 ] ] ] } },
{ "type": "Feature", "properties": { "year": 2030, "layer": "atrisk" }, "geometry": { "type": "Polygon", "coordinates": [ [ [ 110.551230123012303, -6.829207920792085 ], [ 110.550930093009299, -6.829507950795082 ], [ 110.553030303030297, -6.829957995799583 ], [ 110.551230123012303, -6.829207920792085 ] ] ] } },
{ "type": "Feature", "properties": { "year": 2030, "layer": "atrisk" }, "geometry": { "type": "Polygon", "coordinates": [ [ [ 110.552505250525073, -6.809030903090307 ], [ 110.549204920492045, -6.813006300630066 ], [ 110.549429942994294, -6.818331833183313 ], [ 110.545904590459045, -6.821482148214819 ], [ 110.544029402940296, -6.819906990699073 ], [ 110.542454245424537, -6.820657065706573 ], [ 110.537353735373543, -6.827182718271833 ], [ 110.534953495349541, -6.82778277827782 ], [ 110.53052805280528, -6.832208220822086 ], [ 110.532928292829283, -6.834833483348337 ], [ 110.535028502850281, -6.831983198319838 ], [ 110.533603360336031, -6.836183618361829 ], [ 110.529702970297024, -6.832358235823581 ], [ 110.520102010201029, -6.834983498349827 ], [ 110.523402340234028, -6.838508850885088 ], [ 110.527527752775271, -6.839333933393331 ], [ 110.528727872787272, -6.845409540954095 ], [ 110.529702970297024, -6.845634563456348 ], [ 110.528802880288026, -6.845859585958591 ], [ 110.528127812781278, -6.844284428442847 ], [ 110.527602760276025, -6.848034803480344 ], [ 110.531053105310534, -6.845934593459344 ], [ 110.534878487848786, -6.849534953495342 ], [ 110.537728772877287, -6.846609660966095 ], [ 110.539828982898285, -6.843459345934588 ], [ 110.537953795379551, -6.84105910591059 ], [ 110.53847884788479, -6.840609060906084 ], [ 110.540354035403539, -6.842259225922591 ], [ 110.540579057905802, -6.841884188418846 ], [ 110.536003600360033, -6.838208820882087 ], [ 110.541179117911796, -6.840684068406834 ], [ 110.542754275427541, -6.834383438343829 ], [ 110.547254725472541, -6.83318331833183 ], [ 110.545079507950788, -6.831833183318329 ], [ 110.54605460546054, -6.826732673267331 ], [ 110.547554755475545, -6.828232823282324 ], [ 110.545904590459045, -6.831608160816082 ], [ 110.547779777977794, -6.833258325832576 ], [ 110.551080108010808, -6.831833183318333 ], [ 110.549279927992799, -6.830483048304835 ], [ 110.548754875487546, -6.827557755775579 ], [ 110.554755475547552, -6.829432943294325 ], [ 110.559930993099314, -6.82373237323732 ], [ 110.562631263126306, -6.817881788178815 ], [ 110.561806180618063, -6.816081608160814 ], [ 110.552505250525073, -6.809030903090307 ] ], [ [ 110.550330033003306, -6.811731173117305 ], [ 110.550405040504046, -6.811656165616567 ], [ 110.550405040504046, -6.811731173117312 ], [ 110.550330033003306, -6.811731173117305 ] ], [ [ 110.550030003000302, -6.814731473147309 ], [ 110.551905190519051, -6.81503150315031 ], [ 110.552055205520546, -6.815406540654071 ], [ 110.550030003000302, -6.814731473147309 ] ], [ [ 110.551755175517556, -6.815481548154808 ], [ 110.551905190519051, -6.815406540654063 ], [ 110.551905190519051, -6.815481548154811 ], [ 110.551755175517556, -6.815481548154808 ] ], [ [ 110.549429942994294, -6.817356735673565 ], [ 110.549504950495063, -6.817281728172811 ], [ 110.549504950495063, -6.817356735673567 ], [ 110.549429942994294, -6.817356735673565 ] ], [ [ 110.551830183018296, -6.82110711071108 ], [ 110.552055205520546, -6.822307230723071 ], [ 110.549954995499547, -6.824932493249323 ], [ 110.548679867986792, -6.82478247824782 ], [ 110.548154815481553, -6.825982598259827 ], [ 110.547254725472541, -6.825832583258329 ], [ 110.546729672967302, -6.826657665766568 ], [ 110.543654365436538, -6.824332433243326 ], [ 110.544704470447044, -6.821257125712564 ], [ 110.545754575457551, -6.82170717071707 ], [ 110.545079507950788, -6.823582358235821 ], [ 110.547779777977794, -6.825232523252319 ], [ 110.551830183018296, -6.82110711071108 ] ], [ [ 110.552430243024304, -6.825007500750078 ], [ 110.553330333033301, -6.824707470747076 ], [ 110.552505250525073, -6.826057605760575 ], [ 110.552430243024304, -6.825007500750078 ] ], [ [ 110.54132913291329, -6.82590759075908 ], [ 110.542379237923797, -6.825232523252327 ], [ 110.541854185418543, -6.825757575757571 ], [ 110.54132913291329, -6.82590759075908 ] ], [ [ 110.542529252925291, -6.82515751575158 ], [ 110.542679267926786, -6.825082508250827 ], [ 110.542679267926786, -6.825157515751581 ], [ 110.542529252925291, -6.82515751575158 ] ], [ [ 110.541179117911796, -6.826057605760584 ], [ 110.541254125412536, -6.825982598259818 ], [ 110.541254125412536, -6.826057605760577 ], [ 110.541179117911796, -6.826057605760584 ] ], [ [ 110.547329732973296, -6.826057605760569 ], [ 110.54740474047405, -6.825982598259818 ], [ 110.54740474047405, -6.826057605760582 ], [ 110.547329732973296, -6.826057605760569 ] ], [ [ 110.540054005400535, -6.826957695769573 ], [ 110.541179117911796, -6.826207620762077 ], [ 110.540954095409546, -6.826432643264332 ], [ 110.540054005400535, -6.826957695769573 ] ], [ [ 110.540354035403539, -6.826957695769571 ], [ 110.540429042904293, -6.826882688268821 ], [ 110.540429042904293, -6.826957695769575 ], [ 110.540354035403539, -6.826957695769571 ] ], [ [ 110.539978997899794, -6.827032703270325 ], [ 110.540054005400535, -6.826957695769573 ], [ 110.540054005400535, -6.827032703270319 ], [ 110.539978997899794, -6.827032703270325 ] ], [ [ 110.536303630363051, -6.827782778277836 ], [ 110.538403840384035, -6.832133213321324 ], [ 110.542754275427541, -6.833858385838584 ], [ 110.542379237923797, -6.834683468346832 ], [ 110.537878787878782, -6.832133213321326 ], [ 110.536303630363051, -6.827782778277836 ] ], [ [ 110.547554755475545, -6.828007800780072 ], [ 110.5476297629763, -6.827932793279324 ], [ 110.5476297629763, -6.828007800780071 ], [ 110.547554755475545, -6.828007800780072 ] ], [ [ 110.536078607860787, -6.828082808280823 ], [ 110.536153615361542, -6.828007800780082 ], [ 110.536153615361542, -6.828082808280823 ], [ 110.536078607860787, -6.828082808280823 ] ], [ [ 110.536153615361542, -6.828232823282319 ], [ 110.536228622862282, -6.828157815781579 ], [ 110.536228622862282, -6.828232823282334 ], [ 110.536153615361542, -6.828232823282319 ] ], [ [ 110.537203720372034, -6.828832883288324 ], [ 110.537278727872803, -6.828757875787582 ], [ 110.537278727872803, -6.828832883288326 ], [ 110.537203720372034, -6.828832883288324 ] ], [ [ 110.539378937893787, -6.832433243324333 ], [ 110.539453945394541, -6.832358235823583 ], [ 110.539453945394541, -6.832433243324328 ], [ 110.539378937893787, -6.832433243324333 ] ], [ [ 110.539453945394541, -6.832508250825076 ], [ 110.539528952895296, -6.832433243324336 ], [ 110.539528952895296, -6.832508250825081 ], [ 110.539453945394541, -6.832508250825076 ] ], [ [ 110.542754275427541, -6.834233423342329 ], [ 110.542829282928295, -6.834158415841581 ], [ 110.542829282928295, -6.834233423342324 ], [ 110.542754275427541, -6.834233423342329 ] ], [ [ 110.525802580258031, -6.83438343834383 ], [ 110.52767776777678, -6.837083708370831 ], [ 110.530453045304526, -6.836633663366339 ], [ 110.534053405340529, -6.838133813381343 ], [ 110.52745274527453, -6.837158715871584 ], [ 110.524227422742271, -6.835133513351327 ], [ 110.525802580258031, -6.83438343834383 ] ], [ [ 110.541929192919312, -6.83498349834983 ], [ 110.542229222922302, -6.834908490849089 ], [ 110.541929192919312, -6.835133513351333 ], [ 110.541929192919312, -6.83498349834983 ] ], [ [ 110.522577257725771, -6.834833483348338 ], [ 110.525427542754272, -6.836408640864085 ], [ 110.524827482748279, -6.837908790879079 ], [ 110.521827182718269, -6.83648364836484 ], [ 110.522577257725771, -6.834833483348338 ] ], [ [ 110.524152415241531, -6.835058505850584 ], [ 110.524227422742271, -6.834983498349827 ], [ 110.524227422742271, -6.835058505850585 ], [ 110.524152415241531, -6.835058505850584 ] ], [ [ 110.52737773777379, -6.835958595859584 ], [ 110.527602760276025, -6.835808580858082 ], [ 110.527602760276025, -6.835883588358833 ], [ 110.52737773777379, -6.835958595859584 ] ], [ [ 110.53375337533754, -6.836108610861092 ], [ 110.536378637863791, -6.837158715871579 ], [ 110.536378637863791, -6.837608760876088 ], [ 110.534428442844288, -6.83685868586858 ], [ 110.53375337533754, -6.836108610861092 ] ], [ [ 110.533603360336031, -6.836258625862594 ], [ 110.533678367836785, -6.836183618361841 ], [ 110.533678367836785, -6.836258625862579 ], [ 110.533603360336031, -6.836258625862594 ] ], [ [ 110.536453645364531, -6.837383738373842 ], [ 110.536528652865286, -6.837308730873095 ], [ 110.536528652865286, -6.837383738373842 ], [ 110.536453645364531, -6.837383738373842 ] ], [ [ 110.527602760276025, -6.837908790879087 ], [ 110.530153015301536, -6.837758775877595 ], [ 110.531578157815787, -6.838358835883596 ], [ 110.527602760276025, -6.837908790879087 ] ], [ [ 110.535928592859293, -6.837608760876089 ], [ 110.536003600360033, -6.837533753375337 ], [ 110.536003600360033, -6.837608760876081 ], [ 110.535928592859293, -6.837608760876089 ] ], [ [ 110.533303330333041, -6.838733873387334 ], [ 110.536153615361542, -6.838733873387333 ], [ 110.537128712871294, -6.839483948394839 ], [ 110.533303330333041, -6.838733873387334 ] ], [ [ 110.525502550255027, -6.838658865886591 ], [ 110.525577557755781, -6.838583858385831 ], [ 110.525577557755781, -6.838658865886594 ], [ 110.525502550255027, -6.838658865886591 ] ], [ [ 110.537128712871294, -6.839558955895585 ], [ 110.537203720372034, -6.839483948394846 ], [ 110.537203720372034, -6.839558955895595 ], [ 110.537128712871294, -6.839558955895585 ] ], [ [ 110.53690369036903, -6.839633963396332 ], [ 110.536978697869785, -6.839558955895597 ], [ 110.536978697869785, -6.839633963396346 ], [ 110.53690369036903, -6.839633963396332 ] ], [ [ 110.537203720372034, -6.839633963396333 ], [ 110.537278727872803, -6.839558955895591 ], [ 110.537278727872803, -6.839633963396346 ], [ 110.537203720372034, -6.839633963396333 ] ], [ [ 110.539828982898285, -6.839633963396338 ], [ 110.53990399039904, -6.839558955895596 ], [ 110.53990399039904, -6.839633963396348 ], [ 110.539828982898285, -6.839633963396338 ] ], [ [ 110.537053705370539, -6.839708970897088 ], [ 110.537128712871294, -6.839633963396339 ], [ 110.537128712871294, -6.839708970897095 ], [ 110.537053705370539, -6.839708970897088 ] ], [ [ 110.537278727872803, -6.839708970897087 ], [ 110.537353735373543, -6.839633963396346 ], [ 110.537353735373543, -6.839708970897087 ], [ 110.537278727872803, -6.839708970897087 ] ], [ [ 110.53990399039904, -6.839708970897085 ], [ 110.539978997899794, -6.839633963396342 ], [ 110.539978997899794, -6.839708970897094 ], [ 110.53990399039904, -6.839708970897085 ] ], [ [ 110.530978097809779, -6.840234023402337 ], [ 110.531503150315032, -6.840009000900082 ], [ 110.531053105310534, -6.840534053405339 ], [ 110.530978097809779, -6.840234023402337 ] ], [ [ 110.537353735373543, -6.839783978397833 ], [ 110.537503750375038, -6.839708970897084 ], [ 110.537503750375038, -6.839783978397846 ], [ 110.537353735373543, -6.839783978397833 ] ], [ [ 110.539978997899794, -6.839783978397833 ], [ 110.540129012901289, -6.83970897089709 ], [ 110.540129012901289, -6.839783978397838 ], [ 110.539978997899794, -6.839783978397833 ] ], [ [ 110.537503750375038, -6.83985898589858 ], [ 110.537578757875792, -6.839783978397842 ], [ 110.537578757875792, -6.839858985898594 ], [ 110.537503750375038, -6.83985898589858 ] ], [ [ 110.533603360336031, -6.840084008400841 ], [ 110.535403540354039, -6.840084008400836 ], [ 110.535853585358538, -6.840384038403847 ], [ 110.535403540354039, -6.840534053405344 ], [ 110.534953495349541, -6.840234023402335 ], [ 110.533603360336031, -6.840084008400841 ] ], [ [ 110.537053705370539, -6.839933993399345 ], [ 110.537128712871294, -6.839858985898587 ], [ 110.537128712871294, -6.839933993399338 ], [ 110.537053705370539, -6.839933993399345 ] ], [ [ 110.537578757875792, -6.839933993399333 ], [ 110.537653765376533, -6.839858985898593 ], [ 110.537653765376533, -6.839933993399347 ], [ 110.537578757875792, -6.839933993399333 ] ], [ [ 110.537653765376533, -6.84000900090009 ], [ 110.537728772877287, -6.839933993399334 ], [ 110.537728772877287, -6.840009000900093 ], [ 110.537653765376533, -6.84000900090009 ] ], [ [ 110.537428742874283, -6.840084008400833 ], [ 110.537503750375038, -6.840009000900096 ], [ 110.537503750375038, -6.840084008400843 ], [ 110.537428742874283, -6.840084008400833 ] ], [ [ 110.537728772877287, -6.84008400840084 ], [ 110.537803780378042, -6.840009000900099 ], [ 110.537803780378042, -6.840084008400845 ], [ 110.537728772877287, -6.84008400840084 ] ], [ [ 110.540279027902784, -6.840084008400837 ], [ 110.540354035403539, -6.84000900090009 ], [ 110.540354035403539, -6.840084008400843 ], [ 110.540279027902784, -6.840084008400837 ] ], [ [ 110.537578757875792, -6.84015901590159 ], [ 110.537653765376533, -6.840084008400838 ], [ 110.537653765376533, -6.840159015901589 ], [ 110.537578757875792, -6.84015901590159 ] ], [ [ 110.537803780378042, -6.840159015901596 ], [ 110.537878787878782, -6.840084008400836 ], [ 110.537878787878782, -6.840159015901586 ], [ 110.537803780378042, -6.840159015901596 ] ], [ [ 110.537878787878782, -6.840234023402342 ], [ 110.538028802880291, -6.840159015901593 ], [ 110.538028802880291, -6.840234023402331 ], [ 110.537878787878782, -6.840234023402342 ] ], [ [ 110.538028802880291, -6.840309030903089 ], [ 110.538103810381031, -6.840234023402346 ], [ 110.538103810381031, -6.840309030903087 ], [ 110.538028802880291, -6.840309030903089 ] ], [ [ 110.534878487848786, -6.840384038403847 ], [ 110.534953495349541, -6.840309030903094 ], [ 110.534953495349541, -6.840384038403841 ], [ 110.534878487848786, -6.840384038403847 ] ], [ [ 110.538103810381031, -6.840384038403848 ], [ 110.538178817881786, -6.840309030903087 ], [ 110.538178817881786, -6.840384038403833 ], [ 110.538103810381031, -6.840384038403848 ] ], [ [ 110.530903090309025, -6.840534053405337 ], [ 110.530978097809779, -6.840384038403848 ], [ 110.530978097809779, -6.840534053405344 ], [ 110.530903090309025, -6.840534053405337 ] ], [ [ 110.538178817881786, -6.840459045904597 ], [ 110.53825382538254, -6.840384038403834 ], [ 110.53825382538254, -6.840459045904582 ], [ 110.538178817881786, -6.840459045904597 ] ], [ [ 110.53825382538254, -6.840534053405335 ], [ 110.538328832883295, -6.840459045904586 ], [ 110.538328832883295, -6.840534053405338 ], [ 110.53825382538254, -6.840534053405335 ] ], [ [ 110.538328832883295, -6.840609060906091 ], [ 110.538403840384035, -6.840534053405342 ], [ 110.538403840384035, -6.840609060906096 ], [ 110.538328832883295, -6.840609060906091 ] ], [ [ 110.530828082808284, -6.840684068406848 ], [ 110.530903090309025, -6.840609060906089 ], [ 110.530903090309025, -6.840684068406844 ], [ 110.530828082808284, -6.840684068406848 ] ], [ [ 110.530828082808284, -6.841134113411336 ], [ 110.530903090309025, -6.841059105910584 ], [ 110.530903090309025, -6.841134113411348 ], [ 110.530828082808284, -6.841134113411336 ] ], [ [ 110.530678067806789, -6.841284128412836 ], [ 110.530828082808284, -6.842634263426343 ], [ 110.530303030303031, -6.844059405940595 ], [ 110.530228022802277, -6.843759375937596 ], [ 110.530678067806789, -6.841284128412836 ] ], [ [ 110.530828082808284, -6.841509150915095 ], [ 110.530903090309025, -6.841359135913599 ], [ 110.530903090309025, -6.841509150915098 ], [ 110.530828082808284, -6.841509150915095 ] ], [ [ 110.537878787878782, -6.842109210921088 ], [ 110.537953795379551, -6.842034203420348 ], [ 110.537953795379551, -6.842109210921089 ], [ 110.537878787878782, -6.842109210921088 ] ], [ [ 110.537503750375038, -6.842184218421845 ], [ 110.537653765376533, -6.842109210921087 ], [ 110.537653765376533, -6.842184218421848 ], [ 110.537503750375038, -6.842184218421845 ] ], [ [ 110.538028802880291, -6.842184218421851 ], [ 110.538103810381031, -6.842109210921088 ], [ 110.538103810381031, -6.842184218421847 ], [ 110.538028802880291, -6.842184218421851 ] ], [ [ 110.537428742874283, -6.842259225922589 ], [ 110.537503750375038, -6.842184218421845 ], [ 110.537503750375038, -6.842259225922592 ], [ 110.537428742874283, -6.842259225922589 ] ], [ [ 110.537878787878782, -6.842259225922583 ], [ 110.538028802880291, -6.842184218421851 ], [ 110.538028802880291, -6.842259225922598 ], [ 110.537878787878782, -6.842259225922583 ] ], [ [ 110.537803780378042, -6.842334233423337 ], [ 110.537878787878782, -6.842259225922583 ], [ 110.537878787878782, -6.842334233423337 ], [ 110.537803780378042, -6.842334233423337 ] ], [ [ 110.537128712871294, -6.84240924092409 ], [ 110.537278727872803, -6.842484248424848 ], [ 110.537128712871294, -6.842484248424848 ], [ 110.537128712871294, -6.84240924092409 ] ], [ [ 110.537728772877287, -6.842409240924094 ], [ 110.537803780378042, -6.842334233423337 ], [ 110.537803780378042, -6.842409240924094 ], [ 110.537728772877287, -6.842409240924094 ] ], [ [ 110.537578757875792, -6.842484248424833 ], [ 110.537653765376533, -6.842409240924093 ], [ 110.537653765376533, -6.842484248424836 ], [ 110.537578757875792, -6.842484248424833 ] ], [ [ 110.537053705370539, -6.842559255925583 ], [ 110.537128712871294, -6.842484248424848 ], [ 110.537128712871294, -6.842559255925594 ], [ 110.537053705370539, -6.842559255925583 ] ], [ [ 110.537503750375038, -6.842559255925596 ], [ 110.537578757875792, -6.842484248424833 ], [ 110.537578757875792, -6.842559255925583 ], [ 110.537503750375038, -6.842559255925596 ] ], [ [ 110.536978697869785, -6.842634263426335 ], [ 110.537053705370539, -6.842559255925583 ], [ 110.537053705370539, -6.84263426342635 ], [ 110.536978697869785, -6.842634263426335 ] ], [ [ 110.528877887788781, -6.844284428442845 ], [ 110.528952895289535, -6.844059405940594 ], [ 110.528952895289535, -6.844284428442839 ], [ 110.528877887788781, -6.844284428442845 ] ], [ [ 110.530228022802277, -6.844359435943593 ], [ 110.530303030303031, -6.844134413441345 ], [ 110.530303030303031, -6.844359435943591 ], [ 110.530228022802277, -6.844359435943593 ] ], [ [ 110.530228022802277, -6.845784578457846 ], [ 110.530303030303031, -6.845634563456352 ], [ 110.530453045304526, -6.84578457845784 ], [ 110.530228022802277, -6.845784578457846 ] ] ] } },
{ "type": "Feature", "properties": { "year": 2030, "layer": "atrisk" }, "geometry": { "type": "Polygon", "coordinates": [ [ [ 110.527077707770772, -6.847884788478854 ], [ 110.522652265226526, -6.848334833483343 ], [ 110.521827182718269, -6.848709870987097 ], [ 110.521827182718269, -6.848859885988604 ], [ 110.524977497749774, -6.849984998499843 ], [ 110.527077707770772, -6.847884788478854 ] ] ] } },
{ "type": "Feature", "properties": { "year": 2030, "layer": "atrisk" }, "geometry": { "type": "Polygon", "coordinates": [ [ [ 110.530003000300042, -6.846309630963105 ], [ 110.526477647764779, -6.851035103510356 ], [ 110.52437743774378, -6.850735073507357 ], [ 110.521527152715265, -6.851485148514848 ], [ 110.521227122712276, -6.849534953495352 ], [ 110.519726972697271, -6.854560456045603 ], [ 110.521677167716774, -6.85493549354936 ], [ 110.51830183018302, -6.857560756075602 ], [ 110.518901890189014, -6.856060606060612 ], [ 110.518376837683775, -6.855160516051601 ], [ 110.51522652265227, -6.85913591359135 ], [ 110.51552655265526, -6.860186018601866 ], [ 110.520177017701769, -6.856510651065103 ], [ 110.516351635163517, -6.860186018601865 ], [ 110.51852685268527, -6.861386138613852 ], [ 110.521902190219024, -6.859360936093603 ], [ 110.521677167716774, -6.855160516051606 ], [ 110.526627662766273, -6.854260426042605 ], [ 110.526177617761775, -6.8526102610261 ], [ 110.52745274527453, -6.852985298529851 ], [ 110.526927692769277, -6.854035403540355 ], [ 110.52767776777678, -6.852685268526852 ], [ 110.527752775277534, -6.8538103810381 ], [ 110.528277827782773, -6.853660366036598 ], [ 110.534503450345028, -6.849834983498342 ], [ 110.530003000300042, -6.846309630963105 ] ], [ [ 110.528802880288026, -6.851335133513357 ], [ 110.529252925292525, -6.850585058505854 ], [ 110.529177917791785, -6.851485148514855 ], [ 110.528802880288026, -6.851335133513357 ] ], [ [ 110.529402940294034, -6.851110111011095 ], [ 110.529552955295529, -6.850885088508845 ], [ 110.529477947794774, -6.851110111011099 ], [ 110.529402940294034, -6.851110111011095 ] ], [ [ 110.529252925292525, -6.851185118511847 ], [ 110.529327932793279, -6.851110111011108 ], [ 110.529327932793279, -6.851185118511846 ], [ 110.529252925292525, -6.851185118511847 ] ], [ [ 110.529327932793279, -6.851260126012602 ], [ 110.529402940294034, -6.851185118511846 ], [ 110.529402940294034, -6.851260126012599 ], [ 110.529327932793279, -6.851260126012602 ] ], [ [ 110.522802280228021, -6.851335133513351 ], [ 110.522877287728775, -6.851260126012608 ], [ 110.522877287728775, -6.851335133513356 ], [ 110.522802280228021, -6.851335133513351 ] ], [ [ 110.527902790279029, -6.851635163516359 ], [ 110.528202820282033, -6.851560156015609 ], [ 110.528127812781278, -6.851785178517845 ], [ 110.527902790279029, -6.851635163516359 ] ], [ [ 110.521452145214539, -6.851560156015593 ], [ 110.521527152715265, -6.851485148514848 ], [ 110.521527152715265, -6.851560156015597 ], [ 110.521452145214539, -6.851560156015593 ] ], [ [ 110.528877887788781, -6.851635163516356 ], [ 110.528952895289535, -6.851560156015597 ], [ 110.528952895289535, -6.851635163516353 ], [ 110.528877887788781, -6.851635163516356 ] ], [ [ 110.528802880288026, -6.851710171017107 ], [ 110.528877887788781, -6.851635163516356 ], [ 110.528877887788781, -6.851710171017102 ], [ 110.528802880288026, -6.851710171017107 ] ], [ [ 110.530003000300042, -6.851860186018595 ], [ 110.530078007800782, -6.851635163516356 ], [ 110.530078007800782, -6.851860186018602 ], [ 110.530003000300042, -6.851860186018595 ] ], [ [ 110.528577857785777, -6.852235223522348 ], [ 110.528652865286531, -6.852085208520846 ], [ 110.528652865286531, -6.852235223522348 ], [ 110.528577857785777, -6.852235223522348 ] ], [ [ 110.522652265226526, -6.852235223522344 ], [ 110.52272727272728, -6.852160216021599 ], [ 110.52272727272728, -6.852235223522346 ], [ 110.522652265226526, -6.852235223522344 ] ], [ [ 110.522427242724291, -6.852535253525344 ], [ 110.523777377737773, -6.853210321032106 ], [ 110.524527452745275, -6.853285328532861 ], [ 110.522877287728775, -6.854110411041101 ], [ 110.523177317731779, -6.853660366036596 ], [ 110.522427242724291, -6.852535253525344 ] ], [ [ 110.528502850285022, -6.852460246024599 ], [ 110.528577857785777, -6.852310231023099 ], [ 110.528577857785777, -6.85246024602461 ], [ 110.528502850285022, -6.852460246024599 ] ], [ [ 110.528052805280524, -6.852535253525346 ], [ 110.528202820282033, -6.852385238523845 ], [ 110.528127812781278, -6.852535253525347 ], [ 110.528052805280524, -6.852535253525346 ] ], [ [ 110.528127812781278, -6.852760276027608 ], [ 110.528202820282033, -6.8526102610261 ], [ 110.528202820282033, -6.852760276027604 ], [ 110.528127812781278, -6.852760276027608 ] ], [ [ 110.527977797779783, -6.852910291029103 ], [ 110.528127812781278, -6.85283528352836 ], [ 110.528127812781278, -6.852985298529854 ], [ 110.527977797779783, -6.852910291029103 ] ], [ [ 110.527902790279029, -6.853060306030597 ], [ 110.527977797779783, -6.852985298529847 ], [ 110.527977797779783, -6.853060306030611 ], [ 110.527902790279029, -6.853060306030597 ] ], [ [ 110.52572757275729, -6.853360336033611 ], [ 110.525802580258031, -6.853285328532849 ], [ 110.525802580258031, -6.853360336033595 ], [ 110.52572757275729, -6.853360336033611 ] ], [ [ 110.527902790279029, -6.853435343534356 ], [ 110.527977797779783, -6.853360336033603 ], [ 110.527977797779783, -6.853435343534351 ], [ 110.527902790279029, -6.853435343534356 ] ], [ [ 110.525277527752777, -6.853810381038106 ], [ 110.525802580258031, -6.853510351035097 ], [ 110.52632763276327, -6.854110411041108 ], [ 110.525277527752777, -6.853810381038106 ] ], [ [ 110.52302730273027, -6.853735373537357 ], [ 110.523102310231025, -6.85366036603661 ], [ 110.523102310231025, -6.853735373537354 ], [ 110.52302730273027, -6.853735373537357 ] ], [ [ 110.526252625262529, -6.853810381038097 ], [ 110.52632763276327, -6.85373537353736 ], [ 110.52632763276327, -6.853810381038095 ], [ 110.526252625262529, -6.853810381038097 ] ], [ [ 110.52632763276327, -6.853885388538852 ], [ 110.526402640264024, -6.853810381038105 ], [ 110.526402640264024, -6.853885388538846 ], [ 110.52632763276327, -6.853885388538852 ] ], [ [ 110.526402640264024, -6.853960396039609 ], [ 110.526477647764779, -6.853885388538856 ], [ 110.526477647764779, -6.853960396039603 ], [ 110.526402640264024, -6.853960396039609 ] ], [ [ 110.521827182718269, -6.854635463546354 ], [ 110.522577257725771, -6.854485448544859 ], [ 110.521677167716774, -6.854860486048602 ], [ 110.521827182718269, -6.854635463546354 ] ], [ [ 110.517026702670265, -6.857710771077103 ], [ 110.518001800180016, -6.85793579357935 ], [ 110.515826582658264, -6.859360936093617 ], [ 110.517026702670265, -6.857710771077103 ] ], [ [ 110.518226822682266, -6.857635763576358 ], [ 110.51830183018302, -6.857560756075602 ], [ 110.51830183018302, -6.857635763576362 ], [ 110.518226822682266, -6.857635763576358 ] ], [ [ 110.518151815181511, -6.857710771077111 ], [ 110.518226822682266, -6.857635763576358 ], [ 110.518226822682266, -6.857710771077107 ], [ 110.518151815181511, -6.857710771077111 ] ], [ [ 110.518076807680771, -6.85778577857786 ], [ 110.518151815181511, -6.857710771077111 ], [ 110.518151815181511, -6.857785778577863 ], [ 110.518076807680771, -6.85778577857786 ] ], [ [ 110.518001800180016, -6.857860786078604 ], [ 110.518076807680771, -6.85778577857786 ], [ 110.518076807680771, -6.857860786078601 ], [ 110.518001800180016, -6.857860786078604 ] ], [ [ 110.518601860186024, -6.859060906090601 ], [ 110.518676867686764, -6.858985898589867 ], [ 110.518676867686764, -6.859060906090606 ], [ 110.518601860186024, -6.859060906090601 ] ] ] } },
{ "type": "Feature", "properties": { "year": 2030, "layer": "atrisk" }, "geometry": { "type": "Polygon", "coordinates": [ [ [ 110.50142514251425, -6.903840384038409 ], [ 110.5, -6.904740474047408 ], [ 110.50142514251425, -6.905265526552649 ], [ 110.50142514251425, -6.903840384038409 ] ], [ [ 110.500525052505253, -6.904815481548147 ], [ 110.500600060006008, -6.904740474047407 ], [ 110.500600060006008, -6.904815481548161 ], [ 110.500525052505253, -6.904815481548147 ] ] ] } },
{ "type": "Feature", "properties": { "year": 2030, "layer": "atrisk" }, "geometry": { "type": "Polygon", "coordinates": [ [ [ 110.442619261926197, -6.938943894389443 ], [ 110.440819081908202, -6.938043804380433 ], [ 110.439468946894692, -6.938943894389444 ], [ 110.442619261926197, -6.938943894389443 ] ] ] } },
{ "type": "Feature", "properties": { "year": 2030, "layer": "atrisk" }, "geometry": { "type": "Polygon", "coordinates": [ [ [ 110.522127212721273, -6.859585958595868 ], [ 110.518076807680771, -6.861686168616856 ], [ 110.519801980198039, -6.861986198619869 ], [ 110.515076507650761, -6.867386738673869 ], [ 110.510351035103511, -6.876387638763879 ], [ 110.509600960096009, -6.878712871287121 ], [ 110.509225922592279, -6.878712871287121 ], [ 110.508700870087011, -6.880063006300624 ], [ 110.478997899789974, -6.918241824182414 ], [ 110.47562256225622, -6.920942094209425 ], [ 110.476072607260733, -6.924167416741672 ], [ 110.470447044704471, -6.925442544254425 ], [ 110.467371737173721, -6.930468046804684 ], [ 110.46482148214821, -6.929717971797172 ], [ 110.461221122112207, -6.932418241824185 ], [ 110.46009600960096, -6.931818181818182 ], [ 110.459870987098711, -6.933318331833183 ], [ 110.458820882088204, -6.932343234323429 ], [ 110.455520552055205, -6.935943594359435 ], [ 110.452970297029708, -6.936318631863181 ], [ 110.452145214521451, -6.935043504350432 ], [ 110.449219921992196, -6.936918691869195 ], [ 110.448394839483953, -6.935418541854187 ], [ 110.444419441944191, -6.938943894389443 ], [ 110.459495949594952, -6.938943894389433 ], [ 110.459570957095707, -6.938268826882687 ], [ 110.459120912091208, -6.937593759375936 ], [ 110.459270927092703, -6.937368736873679 ], [ 110.45844584458446, -6.937068706870682 ], [ 110.458970897089714, -6.936018601860188 ], [ 110.458295829582951, -6.936018601860183 ], [ 110.460171017101715, -6.934443444344439 ], [ 110.459645964596476, -6.933468346834691 ], [ 110.465496549654972, -6.938943894389435 ], [ 110.463471347134714, -6.936018601860177 ], [ 110.467221722172226, -6.938943894389433 ], [ 110.481098109810986, -6.93864386438643 ], [ 110.483273327332739, -6.938193819381941 ], [ 110.482448244824496, -6.936168616861695 ], [ 110.483348334833479, -6.938118811881193 ], [ 110.485448544854506, -6.93759375937594 ], [ 110.494299429942998, -6.932118211821178 ], [ 110.492949294929488, -6.931743174317434 ], [ 110.492574257425744, -6.931443144314435 ], [ 110.494899489948992, -6.931518151815187 ], [ 110.499624962496256, -6.924092409240917 ], [ 110.50142514251425, -6.915316531653163 ], [ 110.50142514251425, -6.906315631563159 ], [ 110.499924992499245, -6.905490549054905 ], [ 110.498799879987999, -6.905715571557147 ], [ 110.496774677467741, -6.904215421542146 ], [ 110.49557455745574, -6.904065406540654 ], [ 110.49527452745275, -6.903840384038397 ], [ 110.498874887488753, -6.904590459045911 ], [ 110.50142514251425, -6.902565256525655 ], [ 110.499324932493252, -6.900540054005394 ], [ 110.500375037503744, -6.900540054005393 ], [ 110.500225022502249, -6.899264926492651 ], [ 110.50127512751277, -6.900240024002406 ], [ 110.50142514251425, -6.896939693969404 ], [ 110.508850885088506, -6.894764476447647 ], [ 110.515601560156014, -6.889888988898881 ], [ 110.517401740174023, -6.887638763876394 ], [ 110.513726372637265, -6.884563456345627 ], [ 110.516651665166521, -6.886813681368136 ], [ 110.518751875187519, -6.885763576357642 ], [ 110.520402040204019, -6.882088208820888 ], [ 110.518451845184529, -6.876612661266126 ], [ 110.521002100210026, -6.880813081308129 ], [ 110.522052205220518, -6.875937593759374 ], [ 110.522202220222027, -6.860261026102612 ], [ 110.521452145214539, -6.860561056105615 ], [ 110.521302130213016, -6.860936093609363 ], [ 110.521002100210026, -6.860711071107119 ], [ 110.522127212721273, -6.859585958595868 ] ], [ [ 110.52137713771377, -6.860936093609357 ], [ 110.521452145214539, -6.860861086108613 ], [ 110.521452145214539, -6.860936093609354 ], [ 110.52137713771377, -6.860936093609357 ] ], [ [ 110.521452145214539, -6.861011101110111 ], [ 110.521527152715265, -6.860936093609366 ], [ 110.521527152715265, -6.861011101110101 ], [ 110.521452145214539, -6.861011101110111 ] ], [ [ 110.52160216021602, -6.861086108610859 ], [ 110.521677167716774, -6.861011101110105 ], [ 110.521677167716774, -6.861086108610864 ], [ 110.52160216021602, -6.861086108610859 ] ], [ [ 110.518001800180016, -6.864311431143116 ], [ 110.518076807680771, -6.864236423642367 ], [ 110.518076807680771, -6.864311431143117 ], [ 110.518001800180016, -6.864311431143116 ] ], [ [ 110.517776777677767, -6.864686468646862 ], [ 110.518076807680771, -6.864611461146117 ], [ 110.517776777677767, -6.86476147614762 ], [ 110.517776777677767, -6.864686468646862 ] ], [ [ 110.517701770177013, -6.864836483648364 ], [ 110.517776777677767, -6.86476147614762 ], [ 110.517776777677767, -6.864836483648363 ], [ 110.517701770177013, -6.864836483648364 ] ], [ [ 110.517626762676272, -6.864911491149123 ], [ 110.517701770177013, -6.864836483648364 ], [ 110.517701770177013, -6.86491149114911 ], [ 110.517626762676272, -6.864911491149123 ] ], [ [ 110.516201620162022, -6.866936693669362 ], [ 110.516276627662762, -6.866861686168613 ], [ 110.516276627662762, -6.866936693669369 ], [ 110.516201620162022, -6.866936693669362 ] ], [ [ 110.515076507650761, -6.87031203120312 ], [ 110.51515151515153, -6.870162016201618 ], [ 110.51522652265227, -6.870312031203123 ], [ 110.515076507650761, -6.87031203120312 ] ], [ [ 110.51522652265227, -6.870387038703862 ], [ 110.51530153015301, -6.87031203120312 ], [ 110.51530153015301, -6.870387038703863 ], [ 110.51522652265227, -6.870387038703862 ] ], [ [ 110.515076507650761, -6.870462046204619 ], [ 110.51515151515153, -6.870387038703863 ], [ 110.51515151515153, -6.870462046204619 ], [ 110.515076507650761, -6.870462046204619 ] ], [ [ 110.51530153015301, -6.870462046204625 ], [ 110.515376537653765, -6.870387038703866 ], [ 110.515376537653765, -6.870462046204615 ], [ 110.51530153015301, -6.870462046204625 ] ], [ [ 110.51515151515153, -6.870612061206121 ], [ 110.51522652265227, -6.87046204620462 ], [ 110.51522652265227, -6.870612061206114 ], [ 110.51515151515153, -6.870612061206121 ] ], [ [ 110.515451545154519, -6.870612061206122 ], [ 110.51552655265526, -6.870537053705362 ], [ 110.51552655265526, -6.870612061206126 ], [ 110.515451545154519, -6.870612061206122 ] ], [ [ 110.51522652265227, -6.870612061206114 ], [ 110.515826582658264, -6.871362136213626 ], [ 110.518001800180016, -6.873162316231621 ], [ 110.518976897689768, -6.876237623762375 ], [ 110.51522652265227, -6.870612061206114 ] ], [ [ 110.515601560156014, -6.870987098709874 ], [ 110.515826582658264, -6.870837083708379 ], [ 110.515751575157509, -6.870987098709866 ], [ 110.515601560156014, -6.870987098709874 ] ], [ [ 110.515901590159018, -6.871212121212116 ], [ 110.515976597659773, -6.871062106210625 ], [ 110.515976597659773, -6.871212121212115 ], [ 110.515901590159018, -6.871212121212116 ] ], [ [ 110.515976597659773, -6.871287128712877 ], [ 110.516051605160513, -6.871212121212118 ], [ 110.516051605160513, -6.871287128712864 ], [ 110.515976597659773, -6.871287128712877 ] ], [ [ 110.513276327632767, -6.873087308730877 ], [ 110.514251425142518, -6.872712271227121 ], [ 110.513201320132012, -6.874287428742874 ], [ 110.513276327632767, -6.873087308730877 ] ], [ [ 110.516426642664271, -6.872712271227127 ], [ 110.516501650165011, -6.872637263726367 ], [ 110.516501650165011, -6.872712271227119 ], [ 110.516426642664271, -6.872712271227127 ] ], [ [ 110.516351635163517, -6.872787278727868 ], [ 110.516426642664271, -6.872712271227127 ], [ 110.516426642664271, -6.872787278727881 ], [ 110.516351635163517, -6.872787278727868 ] ], [ [ 110.515901590159018, -6.873012301230117 ], [ 110.516351635163517, -6.873012301230123 ], [ 110.515826582658264, -6.87316231623162 ], [ 110.515901590159018, -6.873012301230117 ] ], [ [ 110.516501650165011, -6.872862286228615 ], [ 110.516576657665766, -6.872787278727865 ], [ 110.516576657665766, -6.872862286228625 ], [ 110.516501650165011, -6.872862286228615 ] ], [ [ 110.516426642664271, -6.872937293729378 ], [ 110.516501650165011, -6.872862286228615 ], [ 110.516501650165011, -6.872937293729375 ], [ 110.516426642664271, -6.872937293729378 ] ], [ [ 110.515601560156014, -6.873237323732381 ], [ 110.515826582658264, -6.873237323732376 ], [ 110.515601560156014, -6.873387338733867 ], [ 110.515601560156014, -6.873237323732381 ] ], [ [ 110.515901590159018, -6.873312331233123 ], [ 110.515976597659773, -6.873237323732365 ], [ 110.515976597659773, -6.873312331233127 ], [ 110.515901590159018, -6.873312331233123 ] ], [ [ 110.515826582658264, -6.873387338733877 ], [ 110.515901590159018, -6.873312331233123 ], [ 110.515901590159018, -6.87338733873387 ], [ 110.515826582658264, -6.873387338733877 ] ], [ [ 110.515676567656769, -6.873462346234625 ], [ 110.515751575157509, -6.873387338733864 ], [ 110.515751575157509, -6.873462346234626 ], [ 110.515676567656769, -6.873462346234625 ] ], [ [ 110.515451545154519, -6.873762376237618 ], [ 110.51552655265526, -6.873687368736874 ], [ 110.51552655265526, -6.873762376237623 ], [ 110.515451545154519, -6.873762376237618 ] ], [ [ 110.515376537653765, -6.873837383738373 ], [ 110.515451545154519, -6.873762376237618 ], [ 110.515451545154519, -6.873837383738366 ], [ 110.515376537653765, -6.873837383738373 ] ], [ [ 110.514551455145508, -6.874062406240617 ], [ 110.514701470147017, -6.873912391239118 ], [ 110.514776477647771, -6.874062406240624 ], [ 110.514551455145508, -6.874062406240617 ] ], [ [ 110.514251425142518, -6.874062406240618 ], [ 110.514476447644768, -6.874062406240619 ], [ 110.514251425142518, -6.874137413741378 ], [ 110.514251425142518, -6.874062406240618 ] ], [ [ 110.513126312631258, -6.875112511251123 ], [ 110.514176417641764, -6.874437443744373 ], [ 110.51387638763876, -6.874812481248122 ], [ 110.513126312631258, -6.875112511251123 ] ], [ [ 110.514551455145508, -6.874437443744378 ], [ 110.514626462646262, -6.874362436243617 ], [ 110.514626462646262, -6.874437443744379 ], [ 110.514551455145508, -6.874437443744378 ] ], [ [ 110.514476447644768, -6.874512451245129 ], [ 110.514551455145508, -6.874437443744378 ], [ 110.514551455145508, -6.874512451245122 ], [ 110.514476447644768, -6.874512451245129 ] ], [ [ 110.513351335133507, -6.875262526252627 ], [ 110.513426342634261, -6.875187518751879 ], [ 110.513426342634261, -6.875262526252619 ], [ 110.513351335133507, -6.875262526252627 ] ], [ [ 110.510876087608779, -6.876162616261634 ], [ 110.511401140114017, -6.875862586258634 ], [ 110.511476147614758, -6.876087608760873 ], [ 110.510876087608779, -6.876162616261634 ] ], [ [ 110.518151815181511, -6.876237623762373 ], [ 110.51852685268527, -6.875937593759383 ], [ 110.518601860186024, -6.876462646264633 ], [ 110.518151815181511, -6.876237623762373 ] ], [ [ 110.51080108010801, -6.876312631263134 ], [ 110.510876087608779, -6.876162616261634 ], [ 110.510876087608779, -6.87631263126312 ], [ 110.51080108010801, -6.876312631263134 ] ], [ [ 110.518901890189014, -6.876537653765385 ], [ 110.519126912691263, -6.876612661266132 ], [ 110.518901890189014, -6.876612661266133 ], [ 110.518901890189014, -6.876537653765385 ] ], [ [ 110.51852685268527, -6.87811281128113 ], [ 110.518826882688273, -6.877887788778881 ], [ 110.518751875187519, -6.878187818781878 ], [ 110.51852685268527, -6.87811281128113 ] ], [ [ 110.520027002700274, -6.878937893789378 ], [ 110.520102010201029, -6.878862886288621 ], [ 110.520102010201029, -6.878937893789377 ], [ 110.520027002700274, -6.878937893789378 ] ], [ [ 110.509225922592279, -6.879312931293131 ], [ 110.510051005100507, -6.880213021302129 ], [ 110.509750975097504, -6.880738073807384 ], [ 110.509525952595268, -6.88066306630663 ], [ 110.509225922592279, -6.879312931293131 ] ], [ [ 110.511626162616267, -6.879612961296131 ], [ 110.511701170117007, -6.879537953795374 ], [ 110.511701170117007, -6.879612961296123 ], [ 110.511626162616267, -6.879612961296131 ] ], [ [ 110.511551155115512, -6.879687968796874 ], [ 110.511626162616267, -6.879612961296131 ], [ 110.511626162616267, -6.879687968796873 ], [ 110.511551155115512, -6.879687968796874 ] ], [ [ 110.511101110111014, -6.87976297629763 ], [ 110.511176117611768, -6.879687968796881 ], [ 110.511176117611768, -6.879762976297636 ], [ 110.511101110111014, -6.87976297629763 ] ], [ [ 110.511476147614758, -6.879762976297623 ], [ 110.511551155115512, -6.879687968796874 ], [ 110.511551155115512, -6.879762976297628 ], [ 110.511476147614758, -6.879762976297623 ] ], [ [ 110.511401140114017, -6.879837983798375 ], [ 110.511476147614758, -6.879762976297623 ], [ 110.511476147614758, -6.879837983798388 ], [ 110.511401140114017, -6.879837983798375 ] ], [ [ 110.510351035103511, -6.880063006300623 ], [ 110.51050105010502, -6.880063006300625 ], [ 110.510126012601262, -6.880213021302123 ], [ 110.510351035103511, -6.880063006300623 ] ], [ [ 110.510351035103511, -6.880363036303634 ], [ 110.510876087608779, -6.880213021302138 ], [ 110.510351035103511, -6.880588058805888 ], [ 110.510351035103511, -6.880363036303634 ] ], [ [ 110.510051005100507, -6.880438043804372 ], [ 110.510201020102031, -6.880363036303632 ], [ 110.510201020102031, -6.880438043804385 ], [ 110.510051005100507, -6.880438043804372 ] ], [ [ 110.510276027602757, -6.880663066306632 ], [ 110.510351035103511, -6.880588058805888 ], [ 110.510351035103511, -6.880663066306623 ], [ 110.510276027602757, -6.880663066306632 ] ], [ [ 110.510126012601262, -6.880738073807378 ], [ 110.510201020102031, -6.880663066306629 ], [ 110.510201020102031, -6.880738073807376 ], [ 110.510126012601262, -6.880738073807378 ] ], [ [ 110.509825982598258, -6.880963096309634 ], [ 110.510051005100507, -6.880738073807382 ], [ 110.509975997599753, -6.881038103810381 ], [ 110.509825982598258, -6.880963096309634 ] ], [ [ 110.509375937593759, -6.880813081308134 ], [ 110.509900990099013, -6.881338133813379 ], [ 110.509375937593759, -6.881563156315632 ], [ 110.509225922592279, -6.882613261326136 ], [ 110.509375937593759, -6.880813081308134 ] ], [ [ 110.509900990099013, -6.881413141314138 ], [ 110.509975997599753, -6.881338133813387 ], [ 110.509975997599753, -6.881413141314125 ], [ 110.509900990099013, -6.881413141314138 ] ], [ [ 110.509750975097504, -6.881638163816387 ], [ 110.509900990099013, -6.881488148814884 ], [ 110.509825982598258, -6.881638163816378 ], [ 110.509750975097504, -6.881638163816387 ] ], [ [ 110.509750975097504, -6.881938193819372 ], [ 110.509825982598258, -6.881863186318631 ], [ 110.509825982598258, -6.88193819381938 ], [ 110.509750975097504, -6.881938193819372 ] ], [ [ 110.509675967596763, -6.882013201320127 ], [ 110.509750975097504, -6.881938193819372 ], [ 110.509750975097504, -6.88201320132013 ], [ 110.509675967596763, -6.882013201320127 ] ], [ [ 110.508400840084008, -6.883138313831383 ], [ 110.509525952595268, -6.883138313831378 ], [ 110.509075907590756, -6.883513351335132 ], [ 110.508400840084008, -6.883138313831383 ] ], [ [ 110.514476447644768, -6.884263426342633 ], [ 110.514551455145508, -6.884188418841885 ], [ 110.514551455145508, -6.884263426342637 ], [ 110.514476447644768, -6.884263426342633 ] ], [ [ 110.514551455145508, -6.884338433843393 ], [ 110.514701470147017, -6.884263426342635 ], [ 110.514701470147017, -6.884338433843383 ], [ 110.514551455145508, -6.884338433843393 ] ], [ [ 110.514701470147017, -6.884413441344134 ], [ 110.514776477647771, -6.884338433843381 ], [ 110.514776477647771, -6.884413441344135 ], [ 110.514701470147017, -6.884413441344134 ] ], [ [ 110.514851485148512, -6.884488448844879 ], [ 110.514926492649266, -6.884413441344126 ], [ 110.514926492649266, -6.884488448844876 ], [ 110.514851485148512, -6.884488448844879 ] ], [ [ 110.514926492649266, -6.88456345634563 ], [ 110.515001500150021, -6.884488448844887 ], [ 110.515001500150021, -6.884563456345627 ], [ 110.514926492649266, -6.88456345634563 ] ], [ [ 110.509675967596763, -6.88516351635164 ], [ 110.509825982598258, -6.884788478847879 ], [ 110.509900990099013, -6.885013501350133 ], [ 110.509675967596763, -6.88516351635164 ] ], [ [ 110.515001500150021, -6.884638463846388 ], [ 110.51515151515153, -6.884563456345626 ], [ 110.51515151515153, -6.884638463846377 ], [ 110.515001500150021, -6.884638463846388 ] ], [ [ 110.509000900090015, -6.884713471347125 ], [ 110.509075907590756, -6.884638463846386 ], [ 110.509075907590756, -6.88471347134713 ], [ 110.509000900090015, -6.884713471347125 ] ], [ [ 110.515601560156014, -6.88508850885089 ], [ 110.515676567656769, -6.885013501350128 ], [ 110.515676567656769, -6.885088508850886 ], [ 110.515601560156014, -6.88508850885089 ] ], [ [ 110.506300630063009, -6.886363636363636 ], [ 110.509000900090015, -6.885238523852379 ], [ 110.50915091509151, -6.885538553855381 ], [ 110.506300630063009, -6.886363636363636 ] ], [ [ 110.509750975097504, -6.88531353135313 ], [ 110.509975997599753, -6.88531353135314 ], [ 110.509975997599753, -6.885463546354628 ], [ 110.509750975097504, -6.88531353135313 ] ], [ [ 110.509525952595268, -6.885313531353137 ], [ 110.509600960096009, -6.885238523852385 ], [ 110.509600960096009, -6.885313531353129 ], [ 110.509525952595268, -6.885313531353137 ] ], [ [ 110.509600960096009, -6.885388538853892 ], [ 110.509675967596763, -6.885313531353132 ], [ 110.509675967596763, -6.885388538853891 ], [ 110.509600960096009, -6.885388538853892 ] ], [ [ 110.509675967596763, -6.885463546354637 ], [ 110.509750975097504, -6.885388538853884 ], [ 110.509750975097504, -6.885463546354643 ], [ 110.509675967596763, -6.885463546354637 ] ], [ [ 110.510051005100507, -6.885538553855386 ], [ 110.510126012601262, -6.885463546354637 ], [ 110.510126012601262, -6.885538553855394 ], [ 110.510051005100507, -6.885538553855386 ] ], [ [ 110.50915091509151, -6.885613561356138 ], [ 110.509225922592279, -6.88553855385539 ], [ 110.509225922592279, -6.88561356135613 ], [ 110.50915091509151, -6.885613561356138 ] ], [ [ 110.510126012601262, -6.885613561356133 ], [ 110.510276027602757, -6.885538553855387 ], [ 110.510276027602757, -6.885613561356136 ], [ 110.510126012601262, -6.885613561356133 ] ], [ [ 110.509225922592279, -6.885688568856887 ], [ 110.509300930093005, -6.885613561356132 ], [ 110.509300930093005, -6.885688568856887 ], [ 110.509225922592279, -6.885688568856887 ] ], [ [ 110.510276027602757, -6.885688568856889 ], [ 110.510351035103511, -6.885613561356135 ], [ 110.510351035103511, -6.885688568856881 ], [ 110.510276027602757, -6.885688568856889 ] ], [ [ 110.510351035103511, -6.885763576357633 ], [ 110.51050105010502, -6.885688568856888 ], [ 110.51050105010502, -6.885763576357626 ], [ 110.510351035103511, -6.885763576357633 ] ], [ [ 110.510126012601262, -6.885838583858393 ], [ 110.510201020102031, -6.885763576357629 ], [ 110.510201020102031, -6.885838583858392 ], [ 110.510126012601262, -6.885838583858393 ] ], [ [ 110.51050105010502, -6.885838583858385 ], [ 110.510576057605761, -6.885763576357631 ], [ 110.510576057605761, -6.885838583858384 ], [ 110.51050105010502, -6.885838583858385 ] ], [ [ 110.510201020102031, -6.885913591359142 ], [ 110.510351035103511, -6.885838583858386 ], [ 110.510351035103511, -6.885913591359142 ], [ 110.510201020102031, -6.885913591359142 ] ], [ [ 110.510576057605761, -6.885913591359142 ], [ 110.510651065106515, -6.885838583858376 ], [ 110.510651065106515, -6.885913591359127 ], [ 110.510576057605761, -6.885913591359142 ] ], [ [ 110.510351035103511, -6.885988598859883 ], [ 110.510426042604266, -6.885913591359131 ], [ 110.510426042604266, -6.885988598859885 ], [ 110.510351035103511, -6.885988598859883 ] ], [ [ 110.510651065106515, -6.885988598859882 ], [ 110.510726072607255, -6.885913591359142 ], [ 110.510726072607255, -6.88598859885989 ], [ 110.510651065106515, -6.885988598859882 ] ], [ [ 110.513651365136511, -6.888613861386139 ], [ 110.513726372637265, -6.888538853885388 ], [ 110.513726372637265, -6.888613861386143 ], [ 110.513651365136511, -6.888613861386139 ] ], [ [ 110.513726372637265, -6.888763876387642 ], [ 110.51380138013802, -6.888688868886898 ], [ 110.51380138013802, -6.888763876387646 ], [ 110.513726372637265, -6.888763876387642 ] ], [ [ 110.51380138013802, -6.888838883888381 ], [ 110.51387638763876, -6.88876387638764 ], [ 110.51387638763876, -6.888838883888381 ], [ 110.51380138013802, -6.888838883888381 ] ], [ [ 110.51387638763876, -6.888988898889886 ], [ 110.513951395139514, -6.888838883888385 ], [ 110.513951395139514, -6.888988898889886 ], [ 110.51387638763876, -6.888988898889886 ] ], [ [ 110.514401440144013, -6.889438943894395 ], [ 110.514476447644768, -6.889363936393636 ], [ 110.514476447644768, -6.889438943894392 ], [ 110.514401440144013, -6.889438943894395 ] ], [ [ 110.514626462646262, -6.889813981398143 ], [ 110.514701470147017, -6.889738973897393 ], [ 110.514701470147017, -6.889813981398142 ], [ 110.514626462646262, -6.889813981398143 ] ], [ [ 110.514776477647771, -6.889888988898882 ], [ 110.514851485148512, -6.889813981398134 ], [ 110.514851485148512, -6.889888988898893 ], [ 110.514776477647771, -6.889888988898882 ] ], [ [ 110.505775577557756, -6.890264026402644 ], [ 110.506900690069003, -6.891764176417647 ], [ 110.507650765076505, -6.891389138913895 ], [ 110.508175817581758, -6.892664266426642 ], [ 110.509825982598258, -6.893564356435637 ], [ 110.509300930093005, -6.893789378937892 ], [ 110.507350735073501, -6.892664266426641 ], [ 110.507425742574256, -6.891839183918385 ], [ 110.506825682568262, -6.892289228922893 ], [ 110.506450645064504, -6.891464146414644 ], [ 110.505625562556261, -6.891389138913889 ], [ 110.505775577557756, -6.890264026402644 ] ], [ [ 110.506900690069003, -6.891314131413147 ], [ 110.506975697569757, -6.891239123912388 ], [ 110.506975697569757, -6.89131413141314 ], [ 110.506900690069003, -6.891314131413147 ] ], [ [ 110.506825682568262, -6.891389138913892 ], [ 110.506900690069003, -6.891314131413147 ], [ 110.506900690069003, -6.891389138913885 ], [ 110.506825682568262, -6.891389138913892 ] ], [ [ 110.506900690069003, -6.891539153915385 ], [ 110.507050705070512, -6.891389138913888 ], [ 110.506975697569757, -6.891539153915397 ], [ 110.506900690069003, -6.891539153915385 ] ], [ [ 110.506825682568262, -6.891614161416136 ], [ 110.506900690069003, -6.891539153915385 ], [ 110.506900690069003, -6.891614161416147 ], [ 110.506825682568262, -6.891614161416136 ] ], [ [ 110.50607560756076, -6.891689168916885 ], [ 110.5061506150615, -6.891614161416141 ], [ 110.5061506150615, -6.891689168916893 ], [ 110.50607560756076, -6.891689168916885 ] ], [ [ 110.5061506150615, -6.891764176417647 ], [ 110.506225622562269, -6.891689168916884 ], [ 110.506225622562269, -6.891764176417642 ], [ 110.5061506150615, -6.891764176417647 ] ], [ [ 110.507125712571252, -6.892514251425142 ], [ 110.507200720072007, -6.892439243924397 ], [ 110.507200720072007, -6.892514251425143 ], [ 110.507125712571252, -6.892514251425142 ] ], [ [ 110.508775877587752, -6.892739273927396 ], [ 110.509075907590756, -6.892514251425142 ], [ 110.509000900090015, -6.892739273927392 ], [ 110.508775877587752, -6.892739273927396 ] ], [ [ 110.509225922592279, -6.892964296429649 ], [ 110.509600960096009, -6.892889288928886 ], [ 110.509600960096009, -6.893114311431138 ], [ 110.509225922592279, -6.892964296429649 ] ], [ [ 110.504050405040502, -6.893789378937898 ], [ 110.505025502550254, -6.894239423942394 ], [ 110.504950495049499, -6.894539453945399 ], [ 110.504050405040502, -6.893789378937898 ] ], [ [ 110.499624962496256, -6.898589858985894 ], [ 110.499849984998505, -6.898364836483653 ], [ 110.500225022502249, -6.899039903990393 ], [ 110.499624962496256, -6.898589858985894 ] ], [ [ 110.500375037503744, -6.899114911491147 ], [ 110.500450045004499, -6.899039903990404 ], [ 110.500450045004499, -6.899114911491156 ], [ 110.500375037503744, -6.899114911491147 ] ], [ [ 110.500525052505253, -6.899264926492651 ], [ 110.500600060006008, -6.899189918991895 ], [ 110.500600060006008, -6.899264926492656 ], [ 110.500525052505253, -6.899264926492651 ] ], [ [ 110.500675067506748, -6.899414941494154 ], [ 110.500750075007502, -6.899339933993403 ], [ 110.500750075007502, -6.899414941494142 ], [ 110.500675067506748, -6.899414941494154 ] ], [ [ 110.500750075007502, -6.899489948994899 ], [ 110.500825082508257, -6.899414941494149 ], [ 110.500825082508257, -6.899489948994901 ], [ 110.500750075007502, -6.899489948994899 ] ], [ [ 110.500825082508257, -6.899564956495654 ], [ 110.500900090008997, -6.899489948994891 ], [ 110.500900090008997, -6.899564956495657 ], [ 110.500825082508257, -6.899564956495654 ] ], [ [ 110.500900090008997, -6.899639963996408 ], [ 110.500975097509752, -6.899564956495643 ], [ 110.500975097509752, -6.899639963996405 ], [ 110.500900090008997, -6.899639963996408 ] ], [ [ 110.499924992499245, -6.900315031503157 ], [ 110.500150015001495, -6.900090009000898 ], [ 110.500150015001495, -6.900315031503155 ], [ 110.499924992499245, -6.900315031503157 ] ], [ [ 110.498499849984995, -6.900240024002396 ], [ 110.498649864986518, -6.90009000900089 ], [ 110.498724872487244, -6.900240024002394 ], [ 110.498499849984995, -6.900240024002396 ] ], [ [ 110.494374437443739, -6.903765376537653 ], [ 110.494374437443739, -6.902940294029407 ], [ 110.495199519951996, -6.903840384038406 ], [ 110.494374437443739, -6.903765376537653 ] ], [ [ 110.495124512451241, -6.903990399039905 ], [ 110.495199519951996, -6.903915391539147 ], [ 110.495199519951996, -6.903990399039906 ], [ 110.495124512451241, -6.903990399039905 ] ], [ [ 110.49527452745275, -6.904065406540654 ], [ 110.49534953495349, -6.903990399039897 ], [ 110.49534953495349, -6.90406540654065 ], [ 110.49527452745275, -6.904065406540654 ] ], [ [ 110.495949594959498, -6.904290429042899 ], [ 110.49857485748575, -6.905865586558653 ], [ 110.500225022502249, -6.905940594059409 ], [ 110.499549954995501, -6.906690669066908 ], [ 110.495949594959498, -6.904290429042899 ] ], [ [ 110.500375037503744, -6.906165616561654 ], [ 110.500450045004499, -6.906015601560157 ], [ 110.500450045004499, -6.906165616561648 ], [ 110.500375037503744, -6.906165616561654 ] ], [ [ 110.500525052505253, -6.906390639063909 ], [ 110.500900090008997, -6.906240624062404 ], [ 110.500975097509752, -6.906540654065413 ], [ 110.500525052505253, -6.906390639063909 ] ], [ [ 110.501050105010506, -6.906615661566158 ], [ 110.501350135013496, -6.906465646564663 ], [ 110.501200120012001, -6.906690669066912 ], [ 110.501050105010506, -6.906615661566158 ] ], [ [ 110.493399339933987, -6.907065706570648 ], [ 110.493474347434741, -6.906990699069907 ], [ 110.493474347434741, -6.907065706570649 ], [ 110.493399339933987, -6.907065706570648 ] ], [ [ 110.4938493849385, -6.90759075907591 ], [ 110.494749474947497, -6.907740774077415 ], [ 110.494899489948992, -6.908190819081911 ], [ 110.4938493849385, -6.90759075907591 ] ], [ [ 110.494899489948992, -6.908190819081911 ], [ 110.496474647464751, -6.908640864086417 ], [ 110.497149714971499, -6.909840984098405 ], [ 110.495199519951996, -6.909165916591657 ], [ 110.494899489948992, -6.908190819081911 ] ], [ [ 110.490324032403237, -6.908565856585657 ], [ 110.492124212421245, -6.910066006600665 ], [ 110.491374137413757, -6.909915991599166 ], [ 110.490249024902496, -6.911116111611161 ], [ 110.488823882388232, -6.910141014101404 ], [ 110.487398739873996, -6.911791179117905 ], [ 110.488073807380758, -6.912841284128413 ], [ 110.489273927392745, -6.912916291629156 ], [ 110.488223822382238, -6.913366336633667 ], [ 110.489873987398738, -6.914416441644162 ], [ 110.490999099909985, -6.914416441644165 ], [ 110.490774077407735, -6.915541554155418 ], [ 110.488673867386737, -6.914641464146409 ], [ 110.486948694869483, -6.915316531653159 ], [ 110.487698769876985, -6.913816381638162 ], [ 110.485823582358236, -6.914791479147911 ], [ 110.48612361236124, -6.911566156615665 ], [ 110.488448844884488, -6.909390939093911 ], [ 110.490549054905486, -6.910066006600658 ], [ 110.490324032403237, -6.908565856585657 ] ], [ [ 110.492799279927993, -6.909915991599163 ], [ 110.495124512451241, -6.912016201620161 ], [ 110.49534953495349, -6.912766276627659 ], [ 110.49249924992499, -6.910891089108914 ], [ 110.492799279927993, -6.909915991599163 ] ], [ [ 110.49534953495349, -6.910591059105903 ], [ 110.495199519951996, -6.910141014101415 ], [ 110.495649564956508, -6.910066006600653 ], [ 110.495724572457249, -6.910216021602163 ], [ 110.49534953495349, -6.910591059105903 ] ], [ [ 110.495199519951996, -6.910066006600655 ], [ 110.49527452745275, -6.909990999099905 ], [ 110.49527452745275, -6.910066006600666 ], [ 110.495199519951996, -6.910066006600655 ] ], [ [ 110.491374137413757, -6.910366036603667 ], [ 110.491674167416747, -6.910291029102907 ], [ 110.491374137413757, -6.910516051605163 ], [ 110.491374137413757, -6.910366036603667 ] ], [ [ 110.489948994899493, -6.913741374137406 ], [ 110.492199219921986, -6.910141014101406 ], [ 110.49249924992499, -6.91186618661867 ], [ 110.489948994899493, -6.913741374137406 ] ], [ [ 110.490249024902496, -6.911416141614163 ], [ 110.490324032403237, -6.911116111611157 ], [ 110.490549054905486, -6.911416141614163 ], [ 110.490249024902496, -6.911416141614163 ] ], [ [ 110.495424542454245, -6.912541254125414 ], [ 110.495799579957989, -6.912616261626162 ], [ 110.495799579957989, -6.91276627662767 ], [ 110.495424542454245, -6.912541254125414 ] ], [ [ 110.488148814881484, -6.912466246624662 ], [ 110.488223822382238, -6.912391239123904 ], [ 110.488223822382238, -6.912466246624671 ], [ 110.488148814881484, -6.912466246624662 ] ], [ [ 110.489498949894994, -6.912691269126906 ], [ 110.489573957395734, -6.912616261626167 ], [ 110.489573957395734, -6.912691269126903 ], [ 110.489498949894994, -6.912691269126906 ] ], [ [ 110.489348934893485, -6.912841284128409 ], [ 110.489423942394239, -6.91276627662767 ], [ 110.489423942394239, -6.912841284128417 ], [ 110.489348934893485, -6.912841284128409 ] ], [ [ 110.489498949894994, -6.912841284128407 ], [ 110.489573957395734, -6.912766276627657 ], [ 110.489573957395734, -6.912841284128413 ], [ 110.489498949894994, -6.912841284128407 ] ], [ [ 110.489273927392745, -6.912916291629156 ], [ 110.489348934893485, -6.912841284128409 ], [ 110.489348934893485, -6.912916291629162 ], [ 110.489273927392745, -6.912916291629156 ] ], [ [ 110.495649564956508, -6.913516351635164 ], [ 110.496024602460267, -6.912916291629163 ], [ 110.495874587458744, -6.913666366636665 ], [ 110.495649564956508, -6.913516351635164 ] ], [ [ 110.489348934893485, -6.912991299129918 ], [ 110.489423942394239, -6.912916291629168 ], [ 110.489423942394239, -6.912991299129918 ], [ 110.489348934893485, -6.912991299129918 ] ], [ [ 110.491449144914498, -6.912991299129914 ], [ 110.491524152415238, -6.912916291629172 ], [ 110.491524152415238, -6.912991299129916 ], [ 110.491449144914498, -6.912991299129914 ] ], [ [ 110.489348934893485, -6.913891389138909 ], [ 110.489423942394239, -6.913441344134403 ], [ 110.489798979897984, -6.913741374137418 ], [ 110.489348934893485, -6.913891389138909 ] ], [ [ 110.4983498349835, -6.913966396639664 ], [ 110.499774977497751, -6.91456645664566 ], [ 110.499849984998505, -6.915016501650164 ], [ 110.4983498349835, -6.913966396639664 ] ], [ [ 110.490399039903991, -6.913891389138913 ], [ 110.490474047404746, -6.913816381638163 ], [ 110.490474047404746, -6.913891389138906 ], [ 110.490399039903991, -6.913891389138913 ] ], [ [ 110.490474047404746, -6.914041404140417 ], [ 110.490624062406241, -6.91396639663967 ], [ 110.490624062406241, -6.914041404140407 ], [ 110.490474047404746, -6.914041404140417 ] ], [ [ 110.490624062406241, -6.914116411641162 ], [ 110.490699069906995, -6.914041404140415 ], [ 110.490699069906995, -6.914116411641162 ], [ 110.490624062406241, -6.914116411641162 ] ], [ [ 110.498499849984995, -6.914791479147915 ], [ 110.499699969996996, -6.91509150915092 ], [ 110.499849984998505, -6.915466546654674 ], [ 110.498499849984995, -6.914791479147915 ] ], [ [ 110.495949594959498, -6.914341434143415 ], [ 110.496174617461747, -6.914341434143419 ], [ 110.496324632463256, -6.914566456645662 ], [ 110.495949594959498, -6.914341434143415 ] ], [ [ 110.496474647464751, -6.914716471647165 ], [ 110.496549654965492, -6.914641464146407 ], [ 110.496549654965492, -6.914716471647165 ], [ 110.496474647464751, -6.914716471647165 ] ], [ [ 110.490999099909985, -6.91486648664867 ], [ 110.491149114911494, -6.914716471647156 ], [ 110.491074107410739, -6.91486648664867 ], [ 110.490999099909985, -6.91486648664867 ] ], [ [ 110.496474647464751, -6.91494149414941 ], [ 110.496774677467741, -6.915016501650165 ], [ 110.496624662466246, -6.915391539153922 ], [ 110.496474647464751, -6.91494149414941 ] ], [ [ 110.490924092409244, -6.914941494149416 ], [ 110.490999099909985, -6.91486648664867 ], [ 110.490999099909985, -6.914941494149415 ], [ 110.490924092409244, -6.914941494149416 ] ], [ [ 110.48919891989199, -6.915466546654671 ], [ 110.489648964896489, -6.915391539153923 ], [ 110.48919891989199, -6.91561656165617 ], [ 110.48919891989199, -6.915466546654671 ] ], [ [ 110.481923192319229, -6.91621662166216 ], [ 110.484023402340227, -6.917116711671171 ], [ 110.483873387338733, -6.918016801680162 ], [ 110.481923192319229, -6.91621662166216 ] ], [ [ 110.496549654965492, -6.915691569156917 ], [ 110.496699669967001, -6.915541554155413 ], [ 110.496699669967001, -6.915766576657665 ], [ 110.496549654965492, -6.915691569156917 ] ], [ [ 110.490699069906995, -6.915691569156914 ], [ 110.491149114911494, -6.91606660666066 ], [ 110.490474047404746, -6.91614161416141 ], [ 110.490699069906995, -6.915691569156914 ] ], [ [ 110.491374137413757, -6.915841584158416 ], [ 110.491599159915992, -6.915616561656162 ], [ 110.491599159915992, -6.915841584158419 ], [ 110.491374137413757, -6.915841584158416 ] ], [ [ 110.489498949894994, -6.916066606660662 ], [ 110.490174017401742, -6.915991599159923 ], [ 110.489948994899493, -6.916291629162916 ], [ 110.489498949894994, -6.916066606660662 ] ], [ [ 110.491974197419736, -6.916666666666664 ], [ 110.4938493849385, -6.916516651665163 ], [ 110.493399339933987, -6.917866786678661 ], [ 110.491974197419736, -6.916666666666664 ] ], [ [ 110.496849684968495, -6.916066606660671 ], [ 110.49692469246925, -6.915991599159912 ], [ 110.49692469246925, -6.916066606660658 ], [ 110.496849684968495, -6.916066606660671 ] ], [ [ 110.491224122412248, -6.916066606660659 ], [ 110.492574257425744, -6.917491749174911 ], [ 110.492874287428748, -6.91809180918092 ], [ 110.490624062406241, -6.917191719171917 ], [ 110.491224122412248, -6.916066606660659 ] ], [ [ 110.49692469246925, -6.916141614161423 ], [ 110.49699969996999, -6.916066606660672 ], [ 110.49699969996999, -6.916141614161418 ], [ 110.49692469246925, -6.916141614161423 ] ], [ [ 110.488148814881484, -6.916816681668158 ], [ 110.489123912391236, -6.916441644164423 ], [ 110.489048904890495, -6.917041704170418 ], [ 110.488148814881484, -6.916816681668158 ] ], [ [ 110.490099009900987, -6.916291629162913 ], [ 110.490174017401742, -6.916216621662163 ], [ 110.490174017401742, -6.91629162916291 ], [ 110.490099009900987, -6.916291629162913 ] ], [ [ 110.490249024902496, -6.916441644164419 ], [ 110.490699069906995, -6.916216621662161 ], [ 110.490699069906995, -6.91636663666366 ], [ 110.490249024902496, -6.916441644164419 ] ], [ [ 110.497374737473748, -6.916291629162917 ], [ 110.497449744974503, -6.91621662166217 ], [ 110.497449744974503, -6.916291629162921 ], [ 110.497374737473748, -6.916291629162917 ] ], [ [ 110.497599759975998, -6.916441644164414 ], [ 110.497824782478247, -6.916366636663672 ], [ 110.497824782478247, -6.916441644164423 ], [ 110.497599759975998, -6.916441644164414 ] ], [ [ 110.490174017401742, -6.91651665166516 ], [ 110.490249024902496, -6.916441644164419 ], [ 110.490249024902496, -6.916516651665167 ], [ 110.490174017401742, -6.91651665166516 ] ], [ [ 110.489723972397258, -6.917266726672667 ], [ 110.489948994899493, -6.917266726672666 ], [ 110.489723972397258, -6.917341734173419 ], [ 110.489723972397258, -6.917266726672667 ] ], [ [ 110.493474347434741, -6.917866786678672 ], [ 110.49362436243625, -6.917791779177912 ], [ 110.49362436243625, -6.917941794179422 ], [ 110.493474347434741, -6.917866786678672 ] ], [ [ 110.490924092409244, -6.91906690669066 ], [ 110.491449144914498, -6.919066906690663 ], [ 110.490999099909985, -6.919291929192911 ], [ 110.490924092409244, -6.91906690669066 ] ], [ [ 110.494674467446757, -6.921692169216914 ], [ 110.494899489948992, -6.921467146714674 ], [ 110.494824482448252, -6.921767176717678 ], [ 110.494674467446757, -6.921692169216914 ] ], [ [ 110.487473747374736, -6.922442244224427 ], [ 110.488223822382238, -6.922292229222923 ], [ 110.487848784878494, -6.922742274227416 ], [ 110.487473747374736, -6.922442244224427 ] ], [ [ 110.494449444944493, -6.921992199219928 ], [ 110.494524452445248, -6.921917191719166 ], [ 110.494524452445248, -6.921992199219913 ], [ 110.494449444944493, -6.921992199219928 ] ], [ [ 110.486948694869483, -6.922742274227426 ], [ 110.487098709871006, -6.922142214221421 ], [ 110.48754875487549, -6.922892289228919 ], [ 110.486948694869483, -6.922742274227426 ] ], [ [ 110.49534953495349, -6.922817281728165 ], [ 110.495799579957989, -6.922667266726672 ], [ 110.495874587458744, -6.923042304230429 ], [ 110.49534953495349, -6.922817281728165 ] ], [ [ 110.487998799879989, -6.92296729672968 ], [ 110.488598859885983, -6.92274227422743 ], [ 110.488523852385242, -6.922967296729669 ], [ 110.487998799879989, -6.92296729672968 ] ], [ [ 110.487923792379235, -6.922742274227415 ], [ 110.487998799879989, -6.922667266726677 ], [ 110.487998799879989, -6.922742274227429 ], [ 110.487923792379235, -6.922742274227415 ] ], [ [ 110.487848784878494, -6.922817281728174 ], [ 110.487923792379235, -6.922742274227415 ], [ 110.487923792379235, -6.92281728172817 ], [ 110.487848784878494, -6.922817281728174 ] ], [ [ 110.48754875487549, -6.923192319231924 ], [ 110.487998799879989, -6.923192319231915 ], [ 110.487923792379235, -6.923342334233428 ], [ 110.48754875487549, -6.923192319231924 ] ], [ [ 110.495949594959498, -6.923042304230426 ], [ 110.496024602460267, -6.922967296729671 ], [ 110.496024602460267, -6.923042304230421 ], [ 110.495949594959498, -6.923042304230426 ] ], [ [ 110.488223822382238, -6.923267326732678 ], [ 110.488598859885983, -6.923267326732668 ], [ 110.488523852385242, -6.92341734173417 ], [ 110.488223822382238, -6.923267326732678 ] ], [ [ 110.487098709871006, -6.923642364236414 ], [ 110.48754875487549, -6.923717371737179 ], [ 110.487023702370237, -6.923867386738682 ], [ 110.487098709871006, -6.923642364236414 ] ], [ [ 110.487923792379235, -6.923567356735677 ], [ 110.488148814881484, -6.923567356735679 ], [ 110.487923792379235, -6.923642364236418 ], [ 110.487923792379235, -6.923567356735677 ] ], [ [ 110.488673867386737, -6.923492349234917 ], [ 110.488823882388232, -6.923417341734169 ], [ 110.488823882388232, -6.92349234923493 ], [ 110.488673867386737, -6.923492349234917 ] ], [ [ 110.488598859885983, -6.923717371737179 ], [ 110.489273927392745, -6.92386738673867 ], [ 110.489123912391236, -6.924017401740176 ], [ 110.488598859885983, -6.923717371737179 ] ], [ [ 110.488223822382238, -6.924017401740173 ], [ 110.488448844884488, -6.923792379237915 ], [ 110.488448844884488, -6.924092409240927 ], [ 110.488223822382238, -6.924017401740173 ] ], [ [ 110.478022802280222, -6.923942394239418 ], [ 110.478097809780976, -6.92386738673867 ], [ 110.478097809780976, -6.92394239423942 ], [ 110.478022802280222, -6.923942394239418 ] ], [ [ 110.47839783978398, -6.924017401740172 ], [ 110.484998499849979, -6.928592859285935 ], [ 110.486723672367248, -6.929192919291922 ], [ 110.484023402340227, -6.929042904290434 ], [ 110.47839783978398, -6.924017401740172 ] ], [ [ 110.489123912391236, -6.924242424242422 ], [ 110.489723972397258, -6.924242424242422 ], [ 110.489648964896489, -6.924542454245418 ], [ 110.489123912391236, -6.924242424242422 ] ], [ [ 110.488598859885983, -6.92416741674167 ], [ 110.488673867386737, -6.924092409240924 ], [ 110.488673867386737, -6.924167416741674 ], [ 110.488598859885983, -6.92416741674167 ] ], [ [ 110.488673867386737, -6.924392439243919 ], [ 110.489048904890495, -6.924317431743165 ], [ 110.48919891989199, -6.924692469246915 ], [ 110.488673867386737, -6.924392439243919 ] ], [ [ 110.489798979897984, -6.924767476747668 ], [ 110.490024002400247, -6.924617461746179 ], [ 110.490024002400247, -6.924692469246922 ], [ 110.489798979897984, -6.924767476747668 ] ], [ [ 110.480423042304224, -6.924692469246927 ], [ 110.485448544854506, -6.92611761176118 ], [ 110.484998499849979, -6.927617761776171 ], [ 110.487998799879989, -6.929267926792678 ], [ 110.484398439843986, -6.927617761776177 ], [ 110.480423042304224, -6.924692469246927 ] ], [ [ 110.489498949894994, -6.924842484248431 ], [ 110.489573957395734, -6.924767476747678 ], [ 110.489573957395734, -6.924842484248419 ], [ 110.489498949894994, -6.924842484248431 ] ], [ [ 110.489423942394239, -6.924842484248416 ], [ 110.489798979897984, -6.924917491749177 ], [ 110.489873987398738, -6.925142514251431 ], [ 110.489498949894994, -6.925067506750675 ], [ 110.489423942394239, -6.925142514251432 ], [ 110.489423942394239, -6.924842484248416 ] ], [ [ 110.490024002400247, -6.924992499249917 ], [ 110.490099009900987, -6.924842484248424 ], [ 110.490099009900987, -6.924992499249932 ], [ 110.490024002400247, -6.924992499249917 ] ], [ [ 110.490249024902496, -6.925142514251425 ], [ 110.490474047404746, -6.924842484248429 ], [ 110.490474047404746, -6.925142514251426 ], [ 110.490249024902496, -6.925142514251425 ] ], [ [ 110.490699069906995, -6.925142514251416 ], [ 110.490774077407735, -6.924992499249927 ], [ 110.490774077407735, -6.925142514251425 ], [ 110.490699069906995, -6.925142514251416 ] ], [ [ 110.489723972397258, -6.925292529252919 ], [ 110.489798979897984, -6.925142514251428 ], [ 110.489798979897984, -6.925292529252919 ], [ 110.489723972397258, -6.925292529252919 ] ], [ [ 110.49084908490849, -6.925442544254433 ], [ 110.491074107410739, -6.925292529252925 ], [ 110.490999099909985, -6.925442544254422 ], [ 110.49084908490849, -6.925442544254433 ] ], [ [ 110.489873987398738, -6.925367536753684 ], [ 110.489948994899493, -6.92529252925292 ], [ 110.489948994899493, -6.925367536753684 ], [ 110.489873987398738, -6.925367536753684 ] ], [ [ 110.491449144914498, -6.925742574257421 ], [ 110.491749174917487, -6.925742574257428 ], [ 110.491524152415238, -6.92589258925893 ], [ 110.491449144914498, -6.925742574257421 ] ], [ [ 110.491149114911494, -6.925967596759684 ], [ 110.491224122412248, -6.925817581758182 ], [ 110.491224122412248, -6.92596759675967 ], [ 110.491149114911494, -6.925967596759684 ] ], [ [ 110.491749174917487, -6.925892589258926 ], [ 110.491899189918996, -6.925817581758177 ], [ 110.491899189918996, -6.925892589258919 ], [ 110.491749174917487, -6.925892589258926 ] ], [ [ 110.49084908490849, -6.925967596759677 ], [ 110.490924092409244, -6.925892589258932 ], [ 110.490924092409244, -6.92596759675967 ], [ 110.49084908490849, -6.925967596759677 ] ], [ [ 110.490999099909985, -6.925967596759678 ], [ 110.491074107410739, -6.925892589258933 ], [ 110.491074107410739, -6.925967596759675 ], [ 110.490999099909985, -6.925967596759678 ] ], [ [ 110.491899189918996, -6.926117611761174 ], [ 110.492424242424249, -6.926042604260425 ], [ 110.492574257425744, -6.926342634263424 ], [ 110.491899189918996, -6.926117611761174 ] ], [ [ 110.490924092409244, -6.926042604260426 ], [ 110.490999099909985, -6.925967596759678 ], [ 110.490999099909985, -6.926042604260426 ], [ 110.490924092409244, -6.926042604260426 ] ], [ [ 110.491224122412248, -6.926192619261931 ], [ 110.491599159915992, -6.926042604260427 ], [ 110.491449144914498, -6.926267626762682 ], [ 110.491224122412248, -6.926192619261931 ] ], [ [ 110.490924092409244, -6.926267626762674 ], [ 110.491074107410739, -6.926117611761179 ], [ 110.490999099909985, -6.926267626762669 ], [ 110.490924092409244, -6.926267626762674 ] ], [ [ 110.491674167416747, -6.926192619261927 ], [ 110.491749174917487, -6.92611761176118 ], [ 110.491749174917487, -6.926192619261927 ], [ 110.491674167416747, -6.926192619261927 ] ], [ [ 110.491749174917487, -6.926267626762677 ], [ 110.491824182418242, -6.926192619261921 ], [ 110.491824182418242, -6.92626762676268 ], [ 110.491749174917487, -6.926267626762677 ] ], [ [ 110.491824182418242, -6.926417641764184 ], [ 110.491899189918996, -6.926342634263427 ], [ 110.491899189918996, -6.926417641764181 ], [ 110.491824182418242, -6.926417641764184 ] ], [ [ 110.491899189918996, -6.926567656765679 ], [ 110.49249924992499, -6.926492649264925 ], [ 110.49249924992499, -6.926867686768671 ], [ 110.491899189918996, -6.926567656765679 ] ], [ [ 110.483723372337238, -6.928967896789672 ], [ 110.483798379837978, -6.928892889288923 ], [ 110.483798379837978, -6.928967896789676 ], [ 110.483723372337238, -6.928967896789672 ] ], [ [ 110.48469846984699, -6.929267926792674 ], [ 110.484848484848484, -6.929117911791177 ], [ 110.48477347734773, -6.929267926792676 ], [ 110.48469846984699, -6.929267926792674 ] ], [ [ 110.486948694869483, -6.929717971797182 ], [ 110.487998799879989, -6.929642964296422 ], [ 110.488223822382238, -6.929942994299423 ], [ 110.486948694869483, -6.929717971797182 ] ], [ [ 110.488373837383747, -6.929567956795686 ], [ 110.488748874887492, -6.92941794179418 ], [ 110.488823882388232, -6.92964296429643 ], [ 110.488373837383747, -6.929567956795686 ] ], [ [ 110.482148214821478, -6.929642964296435 ], [ 110.482298229822987, -6.929717971797179 ], [ 110.482148214821478, -6.929792979297925 ], [ 110.482148214821478, -6.929642964296435 ] ], [ [ 110.482223222322233, -6.930543054305427 ], [ 110.483498349834989, -6.930168016801679 ], [ 110.483273327332739, -6.930618061806183 ], [ 110.482223222322233, -6.930543054305427 ] ], [ [ 110.488823882388232, -6.929717971797179 ], [ 110.488973897389741, -6.929642964296432 ], [ 110.488973897389741, -6.929717971797175 ], [ 110.488823882388232, -6.929717971797179 ] ], [ [ 110.489048904890495, -6.929792979297931 ], [ 110.489123912391236, -6.929717971797172 ], [ 110.489123912391236, -6.929792979297926 ], [ 110.489048904890495, -6.929792979297931 ] ], [ [ 110.489348934893485, -6.929942994299432 ], [ 110.489498949894994, -6.929867986798672 ], [ 110.489498949894994, -6.929942994299426 ], [ 110.489348934893485, -6.929942994299432 ] ], [ [ 110.489498949894994, -6.930018001800183 ], [ 110.489573957395734, -6.929942994299437 ], [ 110.489573957395734, -6.930018001800174 ], [ 110.489498949894994, -6.930018001800183 ] ], [ [ 110.488973897389741, -6.930393039303926 ], [ 110.489048904890495, -6.930168016801672 ], [ 110.489348934893485, -6.93046804680468 ], [ 110.488973897389741, -6.930393039303926 ] ], [ [ 110.490249024902496, -6.930393039303929 ], [ 110.490399039903991, -6.930318031803189 ], [ 110.490399039903991, -6.930393039303929 ], [ 110.490249024902496, -6.930393039303929 ] ], [ [ 110.490399039903991, -6.930468046804685 ], [ 110.490624062406241, -6.930393039303929 ], [ 110.490699069906995, -6.930543054305427 ], [ 110.490399039903991, -6.930468046804685 ] ], [ [ 110.490774077407735, -6.930618061806177 ], [ 110.49084908490849, -6.930543054305434 ], [ 110.49084908490849, -6.930618061806177 ], [ 110.490774077407735, -6.930618061806177 ] ], [ [ 110.490924092409244, -6.930693069306932 ], [ 110.490999099909985, -6.930618061806181 ], [ 110.490999099909985, -6.930693069306929 ], [ 110.490924092409244, -6.930693069306932 ] ], [ [ 110.491074107410739, -6.930768076807687 ], [ 110.491149114911494, -6.930693069306931 ], [ 110.491149114911494, -6.930768076807682 ], [ 110.491074107410739, -6.930768076807687 ] ], [ [ 110.491149114911494, -6.930843084308433 ], [ 110.491299129912989, -6.930768076807679 ], [ 110.491299129912989, -6.930843084308433 ], [ 110.491149114911494, -6.930843084308433 ] ], [ [ 110.492349234923509, -6.931443144314423 ], [ 110.491749174917487, -6.930843084308432 ], [ 110.492574257425744, -6.931443144314435 ], [ 110.492349234923509, -6.931443144314423 ] ], [ [ 110.492949294929488, -6.931443144314424 ], [ 110.493024302430257, -6.931368136813679 ], [ 110.493024302430257, -6.931443144314434 ], [ 110.492949294929488, -6.931443144314424 ] ], [ [ 110.461446144614456, -6.933468346834691 ], [ 110.462271227122713, -6.933393339333941 ], [ 110.462346234623467, -6.934518451845173 ], [ 110.461446144614456, -6.933468346834691 ] ], [ [ 110.460321032103224, -6.933993399339933 ], [ 110.460396039603964, -6.933918391839175 ], [ 110.460396039603964, -6.93399339933994 ], [ 110.460321032103224, -6.933993399339933 ] ], [ [ 110.460546054605459, -6.93399339933993 ], [ 110.460621062106213, -6.933918391839179 ], [ 110.460621062106213, -6.933993399339927 ], [ 110.460546054605459, -6.93399339933993 ] ], [ [ 110.457920792079207, -6.934443444344434 ], [ 110.458370837083706, -6.934443444344434 ], [ 110.457920792079207, -6.93474347434744 ], [ 110.457920792079207, -6.934443444344434 ] ], [ [ 110.462271227122713, -6.935118511851191 ], [ 110.462346234623467, -6.935043504350429 ], [ 110.462346234623467, -6.935118511851191 ], [ 110.462271227122713, -6.935118511851191 ] ], [ [ 110.462346234623467, -6.935193519351938 ], [ 110.462421242124208, -6.935118511851186 ], [ 110.462421242124208, -6.935193519351939 ], [ 110.462346234623467, -6.935193519351938 ] ], [ [ 110.462421242124208, -6.935343534353438 ], [ 110.462946294629475, -6.93564356435644 ], [ 110.46309630963097, -6.936018601860194 ], [ 110.462421242124208, -6.935343534353438 ] ], [ [ 110.46309630963097, -6.936093609360928 ], [ 110.46317131713171, -6.936018601860194 ], [ 110.46317131713171, -6.936093609360936 ], [ 110.46309630963097, -6.936093609360928 ] ], [ [ 110.458295829582951, -6.936243624362434 ], [ 110.458670867086724, -6.936168616861685 ], [ 110.458295829582951, -6.936393639363929 ], [ 110.458295829582951, -6.936243624362434 ] ], [ [ 110.46317131713171, -6.936168616861695 ], [ 110.463246324632465, -6.936093609360936 ], [ 110.463246324632465, -6.936168616861683 ], [ 110.46317131713171, -6.936168616861695 ] ], [ [ 110.463246324632465, -6.936243624362433 ], [ 110.463321332133219, -6.936168616861682 ], [ 110.463321332133219, -6.936243624362437 ], [ 110.463246324632465, -6.936243624362433 ] ], [ [ 110.463321332133219, -6.936393639363938 ], [ 110.46339633963396, -6.936243624362436 ], [ 110.46339633963396, -6.93639363936393 ], [ 110.463321332133219, -6.936393639363938 ] ], [ [ 110.458070807080702, -6.93646864686469 ], [ 110.458295829582951, -6.936468646864679 ], [ 110.458070807080702, -6.936543654365432 ], [ 110.458070807080702, -6.93646864686469 ] ], [ [ 110.46339633963396, -6.93646864686468 ], [ 110.463471347134714, -6.936393639363932 ], [ 110.463471347134714, -6.936468646864687 ], [ 110.46339633963396, -6.93646864686468 ] ], [ [ 110.463471347134714, -6.936543654365444 ], [ 110.463546354635469, -6.936468646864688 ], [ 110.463546354635469, -6.936543654365433 ], [ 110.463471347134714, -6.936543654365444 ] ], [ [ 110.457545754575463, -6.937068706870695 ], [ 110.457920792079207, -6.936693669366941 ], [ 110.457695769576958, -6.937068706870693 ], [ 110.458520852085215, -6.938418841884181 ], [ 110.457545754575463, -6.937068706870695 ] ], [ [ 110.457995799579962, -6.936618661866179 ], [ 110.458070807080702, -6.936543654365432 ], [ 110.458070807080702, -6.936618661866194 ], [ 110.457995799579962, -6.936618661866179 ] ], [ [ 110.463546354635469, -6.93661866186618 ], [ 110.463621362136209, -6.936543654365432 ], [ 110.463621362136209, -6.936618661866183 ], [ 110.463546354635469, -6.93661866186618 ] ], [ [ 110.457920792079207, -6.936693669366941 ], [ 110.457995799579962, -6.936618661866179 ], [ 110.457995799579962, -6.936693669366943 ], [ 110.457920792079207, -6.936693669366941 ] ], [ [ 110.463621362136209, -6.936693669366939 ], [ 110.463696369636963, -6.936618661866179 ], [ 110.463696369636963, -6.936693669366939 ], [ 110.463621362136209, -6.936693669366939 ] ], [ [ 110.463696369636963, -6.93684368436843 ], [ 110.463771377137718, -6.936768676867682 ], [ 110.463771377137718, -6.936843684368434 ], [ 110.463696369636963, -6.93684368436843 ] ], [ [ 110.463771377137718, -6.936918691869187 ], [ 110.463846384638458, -6.936843684368429 ], [ 110.463846384638458, -6.936918691869186 ], [ 110.463771377137718, -6.936918691869187 ] ], [ [ 110.463846384638458, -6.93699369936993 ], [ 110.463921392139213, -6.93691869186918 ], [ 110.463921392139213, -6.936993699369943 ], [ 110.463846384638458, -6.93699369936993 ] ], [ [ 110.458220822082211, -6.937293729372935 ], [ 110.458295829582951, -6.937143714371437 ], [ 110.458295829582951, -6.937293729372936 ], [ 110.458220822082211, -6.937293729372935 ] ], [ [ 110.458070807080702, -6.937293729372937 ], [ 110.458145814581457, -6.937218721872185 ], [ 110.458145814581457, -6.937293729372941 ], [ 110.458070807080702, -6.937293729372937 ] ], [ [ 110.447344734473447, -6.937518751875192 ], [ 110.447644764476451, -6.937443744374434 ], [ 110.447644764476451, -6.937593759375941 ], [ 110.447344734473447, -6.937518751875192 ] ], [ [ 110.447944794479454, -6.937818781878183 ], [ 110.448019801980195, -6.937743774377443 ], [ 110.448019801980195, -6.937818781878184 ], [ 110.447944794479454, -6.937818781878183 ] ], [ [ 110.448169816981704, -6.938043804380432 ], [ 110.448469846984693, -6.937818781878192 ], [ 110.448469846984693, -6.938043804380435 ], [ 110.448169816981704, -6.938043804380432 ] ], [ [ 110.459345934593458, -6.938643864386438 ], [ 110.459495949594952, -6.938568856885688 ], [ 110.459495949594952, -6.938643864386444 ], [ 110.459345934593458, -6.938643864386438 ] ], [ [ 110.459270927092703, -6.938718871887187 ], [ 110.459345934593458, -6.938643864386438 ], [ 110.459345934593458, -6.938718871887187 ], [ 110.459270927092703, -6.938718871887187 ] ] ] } },
{ "type": "Feature", "properties": { "year": 2030, "layer": "atrisk" }, "geometry": { "type": "Polygon", "coordinates": [ [ [ 110.438643864386435, -6.93946894689469 ], [ 110.437368736873694, -6.939618961896188 ], [ 110.437743774377438, -6.942319231923186 ], [ 110.438643864386435, -6.93946894689469 ] ] ] } },
{ "type": "Feature", "properties": { "year": 2030, "layer": "atrisk" }, "geometry": { "type": "Polygon", "coordinates": [ [ [ 110.432043204320436, -6.944194419441941 ], [ 110.431518151815183, -6.944194419441949 ], [ 110.430843084308435, -6.944344434443447 ], [ 110.43099309930993, -6.944644464446445 ], [ 110.432043204320436, -6.944194419441941 ] ] ] } },
{ "type": "Feature", "properties": { "year": 2030, "layer": "atrisk" }, "geometry": { "type": "Polygon", "coordinates": [ [ [ 110.435193519351941, -6.940369036903689 ], [ 110.433093309330928, -6.94194419441945 ], [ 110.434368436843684, -6.946294629462945 ], [ 110.433168316831683, -6.943219321932199 ], [ 110.431593159315952, -6.942844284428448 ], [ 110.433243324332452, -6.949219921992201 ], [ 110.43564356435644, -6.9480198019802 ], [ 110.434143414341435, -6.947269726972705 ], [ 110.436618661866191, -6.943294329432949 ], [ 110.435193519351941, -6.940369036903689 ] ], [ [ 110.433918391839185, -6.948619861986203 ], [ 110.43399339933994, -6.948544854485455 ], [ 110.43399339933994, -6.948619861986193 ], [ 110.433918391839185, -6.948619861986203 ] ] ] } },
{ "type": "Feature", "properties": { "year": 2030, "layer": "atrisk" }, "geometry": { "type": "Polygon", "coordinates": [ [ [ 110.432718271827184, -6.951170117011695 ], [ 110.43099309930993, -6.952295229522949 ], [ 110.431293129312934, -6.952745274527447 ], [ 110.432268226822686, -6.952520252025199 ], [ 110.432718271827184, -6.951170117011695 ] ] ] } },
{ "type": "Feature", "properties": { "year": 2030, "layer": "atrisk" }, "geometry": { "type": "Polygon", "coordinates": [ [ [ 110.419141914191414, -6.952370237023702 ], [ 110.419291929192923, -6.95409540954096 ], [ 110.419516951695172, -6.954095409540947 ], [ 110.419141914191414, -6.952370237023702 ] ] ] } },
{ "type": "Feature", "properties": { "year": 2030, "layer": "atrisk" }, "geometry": { "type": "Polygon", "coordinates": [ [ [ 110.382163216321629, -6.950870087008696 ], [ 110.382013201320149, -6.952820282028198 ], [ 110.382988298829886, -6.954245424542449 ], [ 110.382163216321629, -6.950870087008696 ] ] ] } },
{ "type": "Feature", "properties": { "year": 2030, "layer": "atrisk" }, "geometry": { "type": "Polygon", "coordinates": [ [ [ 110.402790279027897, -6.953720372037199 ], [ 110.399264926492648, -6.952670267026699 ], [ 110.399489948994898, -6.954245424542457 ], [ 110.402790279027897, -6.953720372037199 ] ] ] } },
{ "type": "Feature", "properties": { "year": 2030, "layer": "atrisk" }, "geometry": { "type": "Polygon", "coordinates": [ [ [ 110.417266726672665, -6.952295229522953 ], [ 110.41576657665766, -6.952745274527446 ], [ 110.416441644164422, -6.954695469546957 ], [ 110.418166816681662, -6.954170417041701 ], [ 110.417266726672665, -6.952295229522953 ] ] ] } },
{ "type": "Feature", "properties": { "year": 2030, "layer": "atrisk" }, "geometry": { "type": "Polygon", "coordinates": [ [ [ 110.377812781278124, -6.954545454545448 ], [ 110.376162616261624, -6.95447044704471 ], [ 110.376162616261624, -6.95462046204621 ], [ 110.377812781278124, -6.954545454545448 ] ] ] } },
{ "type": "Feature", "properties": { "year": 2030, "layer": "atrisk" }, "geometry": { "type": "Polygon", "coordinates": [ [ [ 110.423567356735674, -6.953570357035701 ], [ 110.424242424242422, -6.955670567056705 ], [ 110.422067206720669, -6.954470447044701 ], [ 110.421542154215416, -6.95514551455145 ], [ 110.423867386738678, -6.956195619561964 ], [ 110.42461746174618, -6.955595559555964 ], [ 110.424992499249925, -6.954470447044709 ], [ 110.42634263426342, -6.955220522052206 ], [ 110.426792679267933, -6.954920492049204 ], [ 110.423567356735674, -6.953570357035701 ] ] ] } },
{ "type": "Feature", "properties": { "year": 2030, "layer": "atrisk" }, "geometry": { "type": "Polygon", "coordinates": [ [ [ 110.415166516651666, -6.956195619561952 ], [ 110.41374137413743, -6.956720672067197 ], [ 110.415166516651666, -6.956270627062717 ], [ 110.415166516651666, -6.956195619561952 ] ] ] } },
{ "type": "Feature", "properties": { "year": 2030, "layer": "atrisk" }, "geometry": { "type": "Polygon", "coordinates": [ [ [ 110.412241224122411, -6.958370837083707 ], [ 110.41104110411041, -6.959120912091219 ], [ 110.411491149114909, -6.959270927092715 ], [ 110.412241224122411, -6.958370837083707 ] ] ] } },
{ "type": "Feature", "properties": { "year": 2030, "layer": "atrisk" }, "geometry": { "type": "Polygon", "coordinates": [ [ [ 110.391914191419147, -6.959495949594968 ], [ 110.391164116411645, -6.958895889588967 ], [ 110.391164116411645, -6.959195919591957 ], [ 110.391914191419147, -6.959495949594968 ] ] ] } },
{ "type": "Feature", "properties": { "year": 2030, "layer": "atrisk" }, "geometry": { "type": "Polygon", "coordinates": [ [ [ 110.396564656465642, -6.9484698469847 ], [ 110.395664566456645, -6.951020102010206 ], [ 110.398964896489645, -6.959645964596463 ], [ 110.400315031503155, -6.959720972097217 ], [ 110.398139813981402, -6.95349534953496 ], [ 110.398664866486655, -6.954095409540952 ], [ 110.399189918991908, -6.954095409540948 ], [ 110.398889888988919, -6.952445244524444 ], [ 110.397764776477644, -6.952595259525958 ], [ 110.397014701470141, -6.950720072007197 ], [ 110.399564956495652, -6.952370237023705 ], [ 110.40046504650465, -6.951245124512444 ], [ 110.398064806480647, -6.951095109510955 ], [ 110.396564656465642, -6.9484698469847 ] ], [ [ 110.399039903990399, -6.954095409540958 ], [ 110.399114911491154, -6.954020402040207 ], [ 110.399114911491154, -6.954095409540954 ], [ 110.399039903990399, -6.954095409540958 ] ] ] } },
{ "type": "Feature", "properties": { "year": 2030, "layer": "atrisk" }, "geometry": { "type": "Polygon", "coordinates": [ [ [ 110.406090609060911, -6.947494749474947 ], [ 110.403015301530147, -6.947044704470442 ], [ 110.406240624062406, -6.948319831983197 ], [ 110.406465646564669, -6.950570057005699 ], [ 110.405040504050405, -6.951920192019209 ], [ 110.407290729072912, -6.951470147014699 ], [ 110.409840984098409, -6.955595559555963 ], [ 110.413366336633658, -6.958670867086711 ], [ 110.415166516651666, -6.959645964596462 ], [ 110.416966696669661, -6.959645964596461 ], [ 110.410816081608161, -6.955970597059705 ], [ 110.406090609060911, -6.947494749474947 ] ], [ [ 110.407215721572157, -6.951320132013202 ], [ 110.407365736573652, -6.951245124512449 ], [ 110.407365736573652, -6.951320132013199 ], [ 110.407215721572157, -6.951320132013202 ] ], [ [ 110.41374137413743, -6.958670867086708 ], [ 110.413816381638171, -6.958595859585961 ], [ 110.413816381638171, -6.958670867086703 ], [ 110.41374137413743, -6.958670867086708 ] ], [ [ 110.413816381638171, -6.958745874587462 ], [ 110.413891389138911, -6.958670867086703 ], [ 110.413891389138911, -6.95874587458745 ], [ 110.413816381638171, -6.958745874587462 ] ] ] } },
{ "type": "Feature", "properties": { "year": 2030, "layer": "atrisk" }, "geometry": { "type": "Polygon", "coordinates": [ [ [ 110.382388238823879, -6.954920492049201 ], [ 110.377662766276629, -6.954770477047703 ], [ 110.377137713771376, -6.956120612061203 ], [ 110.374812481248128, -6.955370537053708 ], [ 110.371512151215128, -6.955595559555958 ], [ 110.374362436243629, -6.956870687068702 ], [ 110.368361836183624, -6.956045604560461 ], [ 110.36806180618062, -6.95784578457846 ], [ 110.36671167116711, -6.9576207620762 ], [ 110.367086708670868, -6.955820582058199 ], [ 110.363936393639364, -6.956495649564953 ], [ 110.364836483648375, -6.955820582058214 ], [ 110.363561356135619, -6.954995499549948 ], [ 110.360036003600356, -6.955820582058204 ], [ 110.359960996099616, -6.958820882088214 ], [ 110.360636063606364, -6.959720972097205 ], [ 110.387788778877891, -6.959720972097207 ], [ 110.38358835883588, -6.958820882088204 ], [ 110.38328832883289, -6.95537053705371 ], [ 110.380888088808888, -6.956945694569463 ], [ 110.379687968796887, -6.957020702070201 ], [ 110.381263126312632, -6.956495649564957 ], [ 110.382388238823879, -6.954920492049201 ] ], [ [ 110.380813081308133, -6.955820582058213 ], [ 110.381563156315636, -6.955445544554465 ], [ 110.381563156315636, -6.955595559555958 ], [ 110.380813081308133, -6.955820582058213 ] ], [ [ 110.373462346234618, -6.955670567056714 ], [ 110.373537353735372, -6.955595559555951 ], [ 110.373537353735372, -6.955670567056699 ], [ 110.373462346234618, -6.955670567056714 ] ], [ [ 110.363711371137114, -6.955745574557451 ], [ 110.364011401140118, -6.95582058205821 ], [ 110.363711371137114, -6.955820582058206 ], [ 110.363711371137114, -6.955745574557451 ] ], [ [ 110.364086408640858, -6.95574557455746 ], [ 110.364161416141613, -6.955670567056697 ], [ 110.364161416141613, -6.955745574557458 ], [ 110.364086408640858, -6.95574557455746 ] ], [ [ 110.373162316231628, -6.955745574557455 ], [ 110.373237323732369, -6.955670567056712 ], [ 110.373237323732369, -6.95574557455746 ], [ 110.373162316231628, -6.955745574557455 ] ], [ [ 110.374362436243629, -6.9558205820582 ], [ 110.37443744374437, -6.955745574557463 ], [ 110.37443744374437, -6.955820582058211 ], [ 110.374362436243629, -6.9558205820582 ] ], [ [ 110.363186318631875, -6.955895589558948 ], [ 110.36333633363337, -6.955820582058211 ], [ 110.36333633363337, -6.955970597059713 ], [ 110.363186318631875, -6.955895589558948 ] ], [ [ 110.378637863786381, -6.956270627062698 ], [ 110.379162916291634, -6.956045604560461 ], [ 110.378937893789384, -6.956270627062698 ], [ 110.378637863786381, -6.956270627062698 ] ], [ [ 110.360036003600356, -6.956195619561949 ], [ 110.360186018601865, -6.956120612061204 ], [ 110.360186018601865, -6.956195619561951 ], [ 110.360036003600356, -6.956195619561949 ] ], [ [ 110.374512451245124, -6.956195619561955 ], [ 110.374587458745879, -6.956120612061204 ], [ 110.374587458745879, -6.956195619561964 ], [ 110.374512451245124, -6.956195619561955 ] ], [ [ 110.363561356135619, -6.956345634563462 ], [ 110.363711371137114, -6.956195619561953 ], [ 110.36363636363636, -6.95634563456346 ], [ 110.363561356135619, -6.956345634563462 ] ], [ [ 110.369561956195625, -6.956570657065702 ], [ 110.36971197119712, -6.956495649564951 ], [ 110.36971197119712, -6.956570657065708 ], [ 110.369561956195625, -6.956570657065702 ] ], [ [ 110.377512751275134, -6.956570657065702 ], [ 110.377662766276629, -6.956495649564959 ], [ 110.377662766276629, -6.956570657065703 ], [ 110.377512751275134, -6.956570657065702 ] ], [ [ 110.37728772877287, -6.956645664566462 ], [ 110.377512751275134, -6.956570657065702 ], [ 110.377512751275134, -6.956645664566455 ], [ 110.37728772877287, -6.956645664566462 ] ], [ [ 110.361911191119106, -6.957245724572451 ], [ 110.362961296129612, -6.957170717071707 ], [ 110.361911191119106, -6.957545754575454 ], [ 110.361911191119106, -6.957245724572451 ] ], [ [ 110.368286828682869, -6.956945694569449 ], [ 110.368361836183624, -6.9567206720672 ], [ 110.368361836183624, -6.956945694569458 ], [ 110.368286828682869, -6.956945694569449 ] ], [ [ 110.36663666366637, -6.957170717071715 ], [ 110.36671167116711, -6.957020702070203 ], [ 110.36671167116711, -6.957170717071706 ], [ 110.36663666366637, -6.957170717071715 ] ], [ [ 110.361461146114607, -6.957545754575454 ], [ 110.361686168616856, -6.957245724572451 ], [ 110.361761176117611, -6.957545754575456 ], [ 110.361461146114607, -6.957545754575454 ] ], [ [ 110.366486648664875, -6.957470747074705 ], [ 110.36663666366637, -6.957545754575452 ], [ 110.366486648664875, -6.957620762076213 ], [ 110.366486648664875, -6.957470747074705 ] ], [ [ 110.378187818781882, -6.95762076207621 ], [ 110.377512751275134, -6.95762076207621 ], [ 110.377587758775874, -6.957545754575449 ], [ 110.378187818781882, -6.95762076207621 ] ], [ [ 110.378412841284131, -6.9576207620762 ], [ 110.378487848784872, -6.957545754575451 ], [ 110.378487848784872, -6.957620762076203 ], [ 110.378412841284131, -6.9576207620762 ] ], [ [ 110.378187818781882, -6.95762076207621 ], [ 110.378262826282622, -6.957620762076211 ], [ 110.378262826282622, -6.957695769576957 ], [ 110.378187818781882, -6.957695769576959 ], [ 110.378187818781882, -6.95762076207621 ] ], [ [ 110.369636963696365, -6.959195919591955 ], [ 110.369861986198615, -6.959120912091216 ], [ 110.369936993699369, -6.959345934593461 ], [ 110.369636963696365, -6.959195919591955 ] ] ] } },
{ "type": "Feature", "properties": { "year": 2030, "layer": "atrisk" }, "geometry": { "type": "Polygon", "coordinates": [ [ [ 110.319456945694569, -6.938268826882693 ], [ 110.317656765676574, -6.939693969396942 ], [ 110.318631863186312, -6.939993999399944 ], [ 110.318781878187821, -6.940219021902184 ], [ 110.317131713171321, -6.940069006900697 ], [ 110.312406240624057, -6.943744374437443 ], [ 110.318106810681073, -6.952895289528954 ], [ 110.319381938193814, -6.950495049504952 ], [ 110.319081908190824, -6.953795379537956 ], [ 110.327557755775572, -6.958595859585952 ], [ 110.3497599759976, -6.95972097209721 ], [ 110.352385238523851, -6.958070807080701 ], [ 110.350810081008106, -6.959720972097208 ], [ 110.359135913591359, -6.959720972097215 ], [ 110.359060906090605, -6.954845484548458 ], [ 110.355385538553861, -6.95469546954696 ], [ 110.358610861086106, -6.954170417041702 ], [ 110.359435943594363, -6.954245424542453 ], [ 110.359660966096612, -6.959720972097211 ], [ 110.359960996099616, -6.954395439543949 ], [ 110.367161716171637, -6.95514551455145 ], [ 110.375187518751872, -6.954695469546957 ], [ 110.349309930993115, -6.952220222022198 ], [ 110.344884488448841, -6.949144914491447 ], [ 110.327632763276327, -6.942844284428435 ], [ 110.319456945694569, -6.938268826882693 ] ], [ [ 110.31728172817283, -6.940594059405946 ], [ 110.31735673567357, -6.940519051905193 ], [ 110.31735673567357, -6.940594059405947 ], [ 110.31728172817283, -6.940594059405946 ] ], [ [ 110.31758175817582, -6.940594059405936 ], [ 110.317656765676574, -6.940519051905194 ], [ 110.317656765676574, -6.940594059405939 ], [ 110.31758175817582, -6.940594059405936 ] ], [ [ 110.319756975697572, -6.940594059405948 ], [ 110.319906990699081, -6.94051905190519 ], [ 110.319906990699081, -6.940594059405931 ], [ 110.319756975697572, -6.940594059405948 ] ], [ [ 110.318181818181813, -6.940669066906691 ], [ 110.318256825682582, -6.940594059405941 ], [ 110.318256825682582, -6.940669066906696 ], [ 110.318181818181813, -6.940669066906691 ] ], [ [ 110.319906990699081, -6.940669066906691 ], [ 110.320282028202826, -6.940669066906697 ], [ 110.320507050705075, -6.940894089408932 ], [ 110.319906990699081, -6.940669066906691 ] ], [ [ 110.318256825682582, -6.940744074407437 ], [ 110.318406840684062, -6.940669066906693 ], [ 110.318406840684062, -6.940744074407443 ], [ 110.318256825682582, -6.940744074407437 ] ], [ [ 110.318406840684062, -6.940819081908196 ], [ 110.318556855685571, -6.940744074407433 ], [ 110.318556855685571, -6.940819081908195 ], [ 110.318406840684062, -6.940819081908196 ] ], [ [ 110.318556855685571, -6.940894089408941 ], [ 110.318631863186312, -6.940819081908195 ], [ 110.318631863186312, -6.940894089408936 ], [ 110.318556855685571, -6.940894089408941 ] ], [ [ 110.318631863186312, -6.940969096909683 ], [ 110.318706870687066, -6.940894089408933 ], [ 110.318706870687066, -6.940969096909692 ], [ 110.318631863186312, -6.940969096909683 ] ], [ [ 110.320582058205815, -6.940969096909694 ], [ 110.320807080708065, -6.940894089408944 ], [ 110.320807080708065, -6.940969096909697 ], [ 110.320582058205815, -6.940969096909694 ] ], [ [ 110.321407140714072, -6.941569156915684 ], [ 110.321557155715581, -6.941119111911184 ], [ 110.321482148214827, -6.941494149414945 ], [ 110.321782178217816, -6.941644164416446 ], [ 110.321407140714072, -6.941569156915684 ] ], [ [ 110.321557155715581, -6.941269126912685 ], [ 110.321632163216321, -6.941194119411946 ], [ 110.321632163216321, -6.941269126912696 ], [ 110.321557155715581, -6.941269126912685 ] ], [ [ 110.321632163216321, -6.941344134413449 ], [ 110.321707170717076, -6.941269126912688 ], [ 110.321707170717076, -6.941344134413448 ], [ 110.321632163216321, -6.941344134413449 ] ], [ [ 110.321782178217816, -6.941419141914186 ], [ 110.321857185718571, -6.941344134413448 ], [ 110.321857185718571, -6.941419141914191 ], [ 110.321782178217816, -6.941419141914186 ] ], [ [ 110.321857185718571, -6.941494149414938 ], [ 110.321932193219325, -6.941419141914198 ], [ 110.321932193219325, -6.941494149414936 ], [ 110.321857185718571, -6.941494149414938 ] ], [ [ 110.322382238223824, -6.942244224422448 ], [ 110.322607260726073, -6.942094209420946 ], [ 110.322757275727568, -6.942319231923189 ], [ 110.322382238223824, -6.942244224422448 ] ], [ [ 110.322907290729091, -6.942394239423948 ], [ 110.323132313231326, -6.942244224422434 ], [ 110.323057305730572, -6.942394239423943 ], [ 110.322907290729091, -6.942394239423948 ] ], [ [ 110.322907290729091, -6.942544254425447 ], [ 110.323357335733576, -6.942469246924687 ], [ 110.322907290729091, -6.94269426942694 ], [ 110.322907290729091, -6.942544254425447 ] ], [ [ 110.324557455745591, -6.945694569456947 ], [ 110.326957695769579, -6.948094809480941 ], [ 110.324857485748581, -6.946744674467451 ], [ 110.32065706570657, -6.948544854485448 ], [ 110.321557155715581, -6.946219621962205 ], [ 110.324557455745591, -6.945694569456947 ] ], [ [ 110.32538253825382, -6.945844584458445 ], [ 110.325457545754574, -6.945769576957691 ], [ 110.325457545754574, -6.94584458445844 ], [ 110.32538253825382, -6.945844584458445 ] ], [ [ 110.327332733273323, -6.947869786978706 ], [ 110.327407740774078, -6.947794779477941 ], [ 110.327407740774078, -6.947869786978703 ], [ 110.327332733273323, -6.947869786978706 ] ], [ [ 110.321632163216321, -6.948319831983195 ], [ 110.321707170717076, -6.94824482448245 ], [ 110.321707170717076, -6.94831983198319 ], [ 110.321632163216321, -6.948319831983195 ] ], [ [ 110.320507050705075, -6.948394839483945 ], [ 110.320582058205815, -6.948319831983191 ], [ 110.320582058205815, -6.948394839483946 ], [ 110.320507050705075, -6.948394839483945 ] ], [ [ 110.320582058205815, -6.948469846984701 ], [ 110.32065706570657, -6.948394839483952 ], [ 110.32065706570657, -6.948469846984699 ], [ 110.320582058205815, -6.948469846984701 ] ], [ [ 110.321557155715581, -6.948469846984695 ], [ 110.321632163216321, -6.948394839483946 ], [ 110.321632163216321, -6.948469846984699 ], [ 110.321557155715581, -6.948469846984695 ] ], [ [ 110.320582058205815, -6.950420042004199 ], [ 110.32065706570657, -6.950345034503457 ], [ 110.32065706570657, -6.950420042004198 ], [ 110.320582058205815, -6.950420042004199 ] ], [ [ 110.320132013201317, -6.950795079507951 ], [ 110.320732073207324, -6.950570057005702 ], [ 110.320507050705075, -6.950795079507952 ], [ 110.320132013201317, -6.950795079507951 ] ], [ [ 110.320057005700576, -6.950870087008709 ], [ 110.320132013201317, -6.950795079507951 ], [ 110.320132013201317, -6.950870087008706 ], [ 110.320057005700576, -6.950870087008709 ] ], [ [ 110.319981998199822, -6.950945094509449 ], [ 110.320057005700576, -6.950870087008709 ], [ 110.320057005700576, -6.950945094509457 ], [ 110.319981998199822, -6.950945094509449 ] ], [ [ 110.320132013201317, -6.951020102010209 ], [ 110.320207020702071, -6.950945094509458 ], [ 110.320207020702071, -6.951020102010192 ], [ 110.320132013201317, -6.951020102010209 ] ], [ [ 110.320057005700576, -6.951095109510944 ], [ 110.320132013201317, -6.951020102010209 ], [ 110.320132013201317, -6.951095109510955 ], [ 110.320057005700576, -6.951095109510944 ] ], [ [ 110.319981998199822, -6.95117011701171 ], [ 110.320057005700576, -6.951095109510944 ], [ 110.320057005700576, -6.951170117011699 ], [ 110.319981998199822, -6.95117011701171 ] ], [ [ 110.319906990699081, -6.951245124512441 ], [ 110.319981998199822, -6.95117011701171 ], [ 110.319981998199822, -6.951245124512456 ], [ 110.319906990699081, -6.951245124512441 ] ], [ [ 110.356960696069606, -6.955295529552953 ], [ 110.357035703570361, -6.955220522052198 ], [ 110.357035703570361, -6.95529552955296 ], [ 110.356960696069606, -6.955295529552953 ] ], [ [ 110.356585658565876, -6.955445544554448 ], [ 110.356660666066603, -6.955295529552962 ], [ 110.356660666066603, -6.955445544554453 ], [ 110.356585658565876, -6.955445544554448 ] ], [ [ 110.352310231023097, -6.957845784578467 ], [ 110.35283528352835, -6.958145814581452 ], [ 110.352385238523851, -6.958070807080701 ], [ 110.352310231023097, -6.957845784578467 ] ] ] } }
]
}
