{
"type": "FeatureCollection",
"name": "atrisk_2040",
"crs": { "type": "name", "properties": { "name": "urn:ogc:def:crs:OGC:1.3:CRS84" } },
"features": [
{ "type": "Feature", "properties": { "year": 2040, "layer": "atrisk" }, "geometry": { "type": "Polygon", "coordinates": [ [ [ 110.576882688268824, -6.75 ], [ 110.572757275727568, -6.750600060005993 ], [ 110.576882688268824, -6.750075007500751 ], [ 110.576882688268824, -6.75 ] ] ] } },
{ "type": "Feature", "properties": { "year": 2040, "layer": "atrisk" }, "geometry": { "type": "Polygon", "coordinates": [ [ [ 110.53990399039904, -6.750750075007499 ], [ 110.539678967896791, -6.751275127512749 ], [ 110.540279027902784, -6.751500150015008 ], [ 110.53990399039904, -6.750750075007499 ] ] ] } },
{ "type": "Feature", "properties": { "year": 2040, "layer": "atrisk" }, "geometry": { "type": "Polygon", "coordinates": [ [ [ 110.583858385838596, -6.750900090009003 ], [ 110.58280828082809, -6.751200120011998 ], [ 110.58280828082809, -6.752025202520256 ], [ 110.583408340834083, -6.751875187518745 ], [ 110.583858385838596, -6.750900090009003 ] ] ] } },
{ "type": "Feature", "properties": { "year": 2040, "layer": "atrisk" }, "geometry": { "type": "Polygon", "coordinates": [ [ [ 110.564056405640585, -6.75 ], [ 110.566981698169812, -6.752250225022503 ], [ 110.571707170717076, -6.750150015001493 ], [ 110.571707170717076, -6.75 ], [ 110.564056405640585, -6.75 ] ] ] } },
{ "type": "Feature", "properties": { "year": 2040, "layer": "atrisk" }, "geometry": { "type": "Polygon", "coordinates": [ [ [ 110.584458445844589, -6.752100210020992 ], [ 110.583633363336332, -6.752850285028502 ], [ 110.583408340834083, -6.753750375037506 ], [ 110.584458445844589, -6.753600360036009 ], [ 110.584458445844589, -6.752100210020992 ] ] ] } },
{ "type": "Feature", "properties": { "year": 2040, "layer": "atrisk" }, "geometry": { "type": "Polygon", "coordinates": [ [ [ 110.580558055805596, -6.752625262526255 ], [ 110.578007800780071, -6.753000300030009 ], [ 110.577857785778576, -6.753900390039011 ], [ 110.581008100810081, -6.753900390038996 ], [ 110.580558055805596, -6.752625262526255 ] ] ] } },
{ "type": "Feature", "properties": { "year": 2040, "layer": "atrisk" }, "geometry": { "type": "Polygon", "coordinates": [ [ [ 110.571707170717076, -6.753300330032997 ], [ 110.570732073207324, -6.754125412541248 ], [ 110.571707170717076, -6.754125412541254 ], [ 110.571707170717076, -6.753300330032997 ] ] ] } },
{ "type": "Feature", "properties": { "year": 2040, "layer": "atrisk" }, "geometry": { "type": "Polygon", "coordinates": [ [ [ 110.583258325832588, -6.752550255025503 ], [ 110.582058205820587, -6.75247524752475 ], [ 110.582358235823577, -6.754275427542747 ], [ 110.583258325832588, -6.752550255025503 ] ] ] } },
{ "type": "Feature", "properties": { "year": 2040, "layer": "atrisk" }, "geometry": { "type": "Polygon", "coordinates": [ [ [ 110.568856885688575, -6.753300330032997 ], [ 110.568406840684062, -6.7543504350435 ], [ 110.569531953195323, -6.75465046504651 ], [ 110.569756975697572, -6.754125412541248 ], [ 110.568856885688575, -6.753300330032997 ] ] ] } },
{ "type": "Feature", "properties": { "year": 2040, "layer": "atrisk" }, "geometry": { "type": "Polygon", "coordinates": [ [ [ 110.541104110411041, -6.75 ], [ 110.545829582958291, -6.75592559255925 ], [ 110.547479747974791, -6.755700570057004 ], [ 110.543429342934289, -6.75 ], [ 110.541104110411041, -6.75 ] ] ] } },
{ "type": "Feature", "properties": { "year": 2040, "layer": "atrisk" }, "geometry": { "type": "Polygon", "coordinates": [ [ [ 110.549504950495063, -6.756300630063011 ], [ 110.548829882988301, -6.75652565256525 ], [ 110.549354935493554, -6.756675667566754 ], [ 110.549504950495063, -6.756300630063011 ] ] ] } },
{ "type": "Feature", "properties": { "year": 2040, "layer": "atrisk" }, "geometry": { "type": "Polygon", "coordinates": [ [ [ 110.571407140714072, -6.756525652565255 ], [ 110.569981998199836, -6.757425742574261 ], [ 110.570057005700576, -6.758775877587755 ], [ 110.571407140714072, -6.757725772577253 ], [ 110.571407140714072, -6.756525652565255 ] ] ] } },
{ "type": "Feature", "properties": { "year": 2040, "layer": "atrisk" }, "geometry": { "type": "Polygon", "coordinates": [ [ [ 110.547254725472541, -6.759075907590766 ], [ 110.546354635463544, -6.759900990099009 ], [ 110.546654665466548, -6.760126012601257 ], [ 110.547254725472541, -6.759075907590766 ] ] ] } },
{ "type": "Feature", "properties": { "year": 2040, "layer": "atrisk" }, "geometry": { "type": "Polygon", "coordinates": [ [ [ 110.577482748274832, -6.759675967596768 ], [ 110.577932793279345, -6.761326132613258 ], [ 110.578457845784584, -6.761401140114007 ], [ 110.578607860786079, -6.759975997599751 ], [ 110.577482748274832, -6.759675967596768 ] ] ] } },
{ "type": "Feature", "properties": { "year": 2040, "layer": "atrisk" }, "geometry": { "type": "Polygon", "coordinates": [ [ [ 110.566756675667563, -6.759225922592256 ], [ 110.565631563156316, -6.759975997599761 ], [ 110.566231623162309, -6.761551155115503 ], [ 110.567206720672061, -6.760351035103511 ], [ 110.566756675667563, -6.759225922592256 ] ] ] } },
{ "type": "Feature", "properties": { "year": 2040, "layer": "atrisk" }, "geometry": { "type": "Polygon", "coordinates": [ [ [ 110.555955595559553, -6.761176117611768 ], [ 110.554905490549061, -6.762376237623767 ], [ 110.555655565556549, -6.762526252625259 ], [ 110.555955595559553, -6.761176117611768 ] ] ] } },
{ "type": "Feature", "properties": { "year": 2040, "layer": "atrisk" }, "geometry": { "type": "Polygon", "coordinates": [ [ [ 110.58423342334234, -6.754275427542751 ], [ 110.582058205820587, -6.757725772577265 ], [ 110.582583258325826, -6.759000900090013 ], [ 110.581533153315334, -6.757575757575752 ], [ 110.57515751575157, -6.757200720072009 ], [ 110.574782478247826, -6.755550555055503 ], [ 110.572982298229817, -6.755850585058509 ], [ 110.572157215721575, -6.756450645064502 ], [ 110.57515751575157, -6.757425742574257 ], [ 110.574107410741078, -6.759900990099014 ], [ 110.576882688268824, -6.759000900090016 ], [ 110.582283228322837, -6.760426042604268 ], [ 110.583783378337827, -6.761551155115518 ], [ 110.583258325832588, -6.763276327632759 ], [ 110.583633363336332, -6.763726372637266 ], [ 110.58423342334234, -6.763201320132019 ], [ 110.58423342334234, -6.754275427542751 ] ] ] } },
{ "type": "Feature", "properties": { "year": 2040, "layer": "atrisk" }, "geometry": { "type": "Polygon", "coordinates": [ [ [ 110.568706870687066, -6.763876387638763 ], [ 110.569006900690084, -6.763126312631258 ], [ 110.566381638163818, -6.763501350135004 ], [ 110.568706870687066, -6.763876387638763 ] ] ] } },
{ "type": "Feature", "properties": { "year": 2040, "layer": "atrisk" }, "geometry": { "type": "Polygon", "coordinates": [ [ [ 110.576432643264326, -6.759825982598252 ], [ 110.572307230723084, -6.761626162616257 ], [ 110.574932493249335, -6.76125112511251 ], [ 110.575457545754574, -6.762826282628267 ], [ 110.573057305730572, -6.763051305130517 ], [ 110.570657065706584, -6.764176417641769 ], [ 110.575607560756069, -6.764326432643267 ], [ 110.575457545754574, -6.769951995199527 ], [ 110.576882688268824, -6.770702070207025 ], [ 110.576057605760582, -6.768976897689773 ], [ 110.577407740774078, -6.767551755175523 ], [ 110.578082808280826, -6.770627062706263 ], [ 110.575532553255329, -6.771452145214529 ], [ 110.575457545754574, -6.770402040204012 ], [ 110.575232523252325, -6.773477347734771 ], [ 110.572982298229817, -6.77475247524752 ], [ 110.569456945694569, -6.775202520252023 ], [ 110.568331833183322, -6.775952595259531 ], [ 110.56593159315932, -6.784428442844288 ], [ 110.565706570657085, -6.787203720372032 ], [ 110.566981698169812, -6.788178817881795 ], [ 110.565331533153312, -6.78795379537953 ], [ 110.562706270627075, -6.792904290429049 ], [ 110.564806480648059, -6.795529552955299 ], [ 110.567281728172816, -6.792679267926785 ], [ 110.565406540654067, -6.796054605460551 ], [ 110.569156915691565, -6.795229522952286 ], [ 110.569756975697572, -6.798154815481551 ], [ 110.566906690669072, -6.797704770477043 ], [ 110.566531653165313, -6.798379837983795 ], [ 110.566681668166822, -6.797779777977802 ], [ 110.566081608160815, -6.797404740474056 ], [ 110.565706570657085, -6.797479747974804 ], [ 110.565181518151817, -6.797104710471053 ], [ 110.565031503150323, -6.797029702970294 ], [ 110.564881488148814, -6.797029702970291 ], [ 110.565181518151817, -6.796504650465053 ], [ 110.565631563156316, -6.797104710471056 ], [ 110.566456645664573, -6.797329732973296 ], [ 110.565331533153312, -6.796354635463551 ], [ 110.564881488148814, -6.796204620462045 ], [ 110.564656465646564, -6.796354635463544 ], [ 110.564731473147319, -6.796129612961294 ], [ 110.564506450645069, -6.795904590459054 ], [ 110.564206420642066, -6.795904590459044 ], [ 110.563981398139816, -6.79635463546355 ], [ 110.563681368136812, -6.796429642964288 ], [ 110.563981398139816, -6.795979597959795 ], [ 110.563606360636058, -6.795754575457543 ], [ 110.564056405640585, -6.795604560456045 ], [ 110.561881188118818, -6.795004500450043 ], [ 110.559555955595556, -6.798154815481547 ], [ 110.55985598559856, -6.800330033003299 ], [ 110.56128112811281, -6.799054905490548 ], [ 110.560081008100823, -6.800930093009298 ], [ 110.560231023102304, -6.801830183018302 ], [ 110.562106210621067, -6.800855085508546 ], [ 110.561731173117323, -6.8018301830183 ], [ 110.562706270627075, -6.802280228022807 ], [ 110.563081308130833, -6.802280228022809 ], [ 110.563306330633068, -6.801905190519048 ], [ 110.563531353135318, -6.802280228022802 ], [ 110.563981398139816, -6.802055205520548 ], [ 110.563606360636058, -6.802730273027304 ], [ 110.564056405640585, -6.803255325532561 ], [ 110.56458145814581, -6.802730273027306 ], [ 110.565031503150323, -6.803630363036302 ], [ 110.56593159315932, -6.80400540054006 ], [ 110.566231623162309, -6.803630363036308 ], [ 110.56593159315932, -6.804305430543052 ], [ 110.566756675667563, -6.805205520552051 ], [ 110.567206720672061, -6.804305430543057 ], [ 110.567356735673584, -6.804980498049811 ], [ 110.568106810681073, -6.805805580558056 ], [ 110.569831983198327, -6.807155715571555 ], [ 110.568106810681073, -6.806405640564052 ], [ 110.567281728172816, -6.806855685568556 ], [ 110.564806480648059, -6.803855385538547 ], [ 110.560231023102304, -6.801980198019796 ], [ 110.560081008100823, -6.803705370537059 ], [ 110.556705670567055, -6.805880588058803 ], [ 110.554230423042299, -6.809030903090314 ], [ 110.56293129312931, -6.816006600660069 ], [ 110.563531353135318, -6.81345634563457 ], [ 110.568931893189315, -6.812181218121803 ], [ 110.568256825682568, -6.811356135613554 ], [ 110.569456945694569, -6.811956195619564 ], [ 110.571182118211823, -6.811281128112814 ], [ 110.577257725772597, -6.807080708070805 ], [ 110.581533153315334, -6.801530153015299 ], [ 110.583108310831079, -6.798004800480045 ], [ 110.583933393339336, -6.795154515451541 ], [ 110.584458445844589, -6.791779177917794 ], [ 110.582058205820587, -6.790279027902787 ], [ 110.58145814581458, -6.79365436543655 ], [ 110.581533153315334, -6.789978997899788 ], [ 110.578832883288328, -6.788628862886285 ], [ 110.584458445844589, -6.791404140414036 ], [ 110.584608460846084, -6.770702070207022 ], [ 110.581908190819078, -6.77070207020702 ], [ 110.582958295829584, -6.76650165016502 ], [ 110.581908190819078, -6.767326732673271 ], [ 110.582133213321328, -6.764476447644761 ], [ 110.579732973297325, -6.763951395139514 ], [ 110.583858385838596, -6.764851485148519 ], [ 110.58423342334234, -6.764101410141012 ], [ 110.581158115811576, -6.762601260126014 ], [ 110.576057605760582, -6.762901290129014 ], [ 110.576432643264326, -6.759825982598252 ] ], [ [ 110.576957695769579, -6.764776477647773 ], [ 110.577782778277822, -6.765076507650763 ], [ 110.577032703270334, -6.765826582658264 ], [ 110.576957695769579, -6.764776477647773 ] ], [ [ 110.570357035703566, -6.775277527752782 ], [ 110.570582058205815, -6.775127512751276 ], [ 110.570582058205815, -6.775277527752783 ], [ 110.570357035703566, -6.775277527752782 ] ], [ [ 110.571107110711068, -6.77535253525352 ], [ 110.571182118211823, -6.775202520252019 ], [ 110.571182118211823, -6.775352535253528 ], [ 110.571107110711068, -6.77535253525352 ] ], [ [ 110.569756975697572, -6.775877587758781 ], [ 110.570132013201317, -6.775577557755772 ], [ 110.570132013201317, -6.77580258025802 ], [ 110.569756975697572, -6.775877587758781 ] ], [ [ 110.569606960696063, -6.775802580258032 ], [ 110.569681968196818, -6.775577557755778 ], [ 110.569681968196818, -6.775802580258028 ], [ 110.569606960696063, -6.775802580258032 ] ], [ [ 110.568931893189315, -6.776027602760282 ], [ 110.569081908190824, -6.775652565256532 ], [ 110.569006900690084, -6.776027602760269 ], [ 110.568931893189315, -6.776027602760282 ] ], [ [ 110.569231923192319, -6.775877587758786 ], [ 110.569456945694569, -6.775802580258032 ], [ 110.569231923192319, -6.776177617761784 ], [ 110.569231923192319, -6.775877587758786 ] ], [ [ 110.568706870687066, -6.775877587758782 ], [ 110.568781878187821, -6.775802580258024 ], [ 110.568781878187821, -6.775877587758775 ], [ 110.568706870687066, -6.775877587758782 ] ], [ [ 110.568631863186312, -6.776252625262527 ], [ 110.568781878187821, -6.776402640264031 ], [ 110.568631863186312, -6.776552655265528 ], [ 110.568631863186312, -6.776252625262527 ] ], [ [ 110.569756975697572, -6.776327632763282 ], [ 110.569831983198327, -6.776102610261017 ], [ 110.569831983198327, -6.776327632763279 ], [ 110.569756975697572, -6.776327632763282 ] ], [ [ 110.570657065706584, -6.776552655265534 ], [ 110.571032103210328, -6.776252625262534 ], [ 110.570882088208819, -6.776702670267034 ], [ 110.570657065706584, -6.776552655265534 ] ], [ [ 110.578457845784584, -6.776177617761778 ], [ 110.583333333333329, -6.778202820282023 ], [ 110.584458445844589, -6.780078007800785 ], [ 110.581008100810081, -6.77947794779478 ], [ 110.578457845784584, -6.776177617761778 ] ], [ [ 110.568931893189315, -6.776327632763272 ], [ 110.569081908190824, -6.776477647764779 ], [ 110.568931893189315, -6.776627662766278 ], [ 110.568931893189315, -6.776327632763272 ] ], [ [ 110.569681968196818, -6.776477647764777 ], [ 110.569756975697572, -6.776327632763282 ], [ 110.569756975697572, -6.776477647764777 ], [ 110.569681968196818, -6.776477647764777 ] ], [ [ 110.570357035703566, -6.776552655265521 ], [ 110.570507050705075, -6.776327632763272 ], [ 110.57043204320432, -6.776552655265527 ], [ 110.570357035703566, -6.776552655265521 ] ], [ [ 110.569156915691565, -6.776702670267026 ], [ 110.569231923192319, -6.776402640264023 ], [ 110.569231923192319, -6.776702670267025 ], [ 110.569156915691565, -6.776702670267026 ] ], [ [ 110.578082808280826, -6.776552655265522 ], [ 110.57815781578158, -6.776477647764777 ], [ 110.57815781578158, -6.77655265526553 ], [ 110.578082808280826, -6.776552655265522 ] ], [ [ 110.570357035703566, -6.776777677767772 ], [ 110.570507050705075, -6.776927692769283 ], [ 110.570282028202826, -6.777077707770784 ], [ 110.570357035703566, -6.776777677767772 ] ], [ [ 110.570207020702071, -6.776927692769282 ], [ 110.570282028202826, -6.776777677767767 ], [ 110.570282028202826, -6.776927692769271 ], [ 110.570207020702071, -6.776927692769282 ] ], [ [ 110.570582058205815, -6.776927692769271 ], [ 110.570732073207324, -6.77677767776778 ], [ 110.570657065706584, -6.776927692769282 ], [ 110.570582058205815, -6.776927692769271 ] ], [ [ 110.570132013201317, -6.777077707770777 ], [ 110.570207020702071, -6.776927692769282 ], [ 110.570207020702071, -6.777077707770785 ], [ 110.570132013201317, -6.777077707770777 ] ], [ [ 110.570507050705075, -6.777152715271534 ], [ 110.570582058205815, -6.777077707770784 ], [ 110.570582058205815, -6.777152715271525 ], [ 110.570507050705075, -6.777152715271534 ] ], [ [ 110.569981998199836, -6.777602760276022 ], [ 110.570357035703566, -6.777377737773786 ], [ 110.570132013201317, -6.777827782778283 ], [ 110.569981998199836, -6.777602760276022 ] ], [ [ 110.570732073207324, -6.777602760276032 ], [ 110.570882088208819, -6.777452745274535 ], [ 110.570957095709574, -6.77760276027603 ], [ 110.570732073207324, -6.777602760276032 ] ], [ [ 110.57043204320432, -6.777602760276035 ], [ 110.570657065706584, -6.777602760276035 ], [ 110.570357035703566, -6.777977797779783 ], [ 110.57043204320432, -6.777602760276035 ] ], [ [ 110.570807080708065, -6.77775277527753 ], [ 110.570882088208819, -6.777677767776777 ], [ 110.570882088208819, -6.777752775277531 ], [ 110.570807080708065, -6.77775277527753 ] ], [ [ 110.568931893189315, -6.777827782778282 ], [ 110.569006900690084, -6.777752775277528 ], [ 110.569006900690084, -6.777827782778283 ], [ 110.568931893189315, -6.777827782778282 ] ], [ [ 110.569156915691565, -6.777827782778273 ], [ 110.569681968196818, -6.778127812781276 ], [ 110.569156915691565, -6.778052805280531 ], [ 110.569006900690084, -6.778427842784274 ], [ 110.569156915691565, -6.777827782778273 ] ], [ [ 110.569606960696063, -6.777902790279024 ], [ 110.569681968196818, -6.777827782778273 ], [ 110.569681968196818, -6.777902790279032 ], [ 110.569606960696063, -6.777902790279024 ] ], [ [ 110.569756975697572, -6.778052805280524 ], [ 110.569831983198327, -6.777902790279032 ], [ 110.569831983198327, -6.778052805280522 ], [ 110.569756975697572, -6.778052805280524 ] ], [ [ 110.568781878187821, -6.778052805280527 ], [ 110.568931893189315, -6.777977797779781 ], [ 110.568931893189315, -6.778052805280522 ], [ 110.568781878187821, -6.778052805280527 ] ], [ [ 110.570132013201317, -6.778052805280524 ], [ 110.570207020702071, -6.777977797779784 ], [ 110.570207020702071, -6.778052805280534 ], [ 110.570132013201317, -6.778052805280524 ] ], [ [ 110.569831983198327, -6.778127812781277 ], [ 110.570057005700576, -6.778127812781279 ], [ 110.569831983198327, -6.778352835283526 ], [ 110.569831983198327, -6.778127812781277 ] ], [ [ 110.568781878187821, -6.778352835283531 ], [ 110.568856885688575, -6.778127812781278 ], [ 110.568856885688575, -6.778352835283528 ], [ 110.568781878187821, -6.778352835283531 ] ], [ [ 110.570057005700576, -6.778277827782771 ], [ 110.570132013201317, -6.778127812781281 ], [ 110.570132013201317, -6.778277827782782 ], [ 110.570057005700576, -6.778277827782771 ] ], [ [ 110.570207020702071, -6.778352835283521 ], [ 110.570357035703566, -6.778127812781271 ], [ 110.570282028202826, -6.778352835283526 ], [ 110.570207020702071, -6.778352835283521 ] ], [ [ 110.570357035703566, -6.778277827782785 ], [ 110.570582058205815, -6.778352835283525 ], [ 110.570357035703566, -6.778427842784271 ], [ 110.570357035703566, -6.778277827782785 ] ], [ [ 110.568331833183322, -6.778952895289534 ], [ 110.568781878187821, -6.778352835283531 ], [ 110.568706870687066, -6.778877887788775 ], [ 110.568331833183322, -6.778952895289534 ] ], [ [ 110.569156915691565, -6.77842784278427 ], [ 110.569231923192319, -6.778352835283528 ], [ 110.569231923192319, -6.778427842784277 ], [ 110.569156915691565, -6.77842784278427 ] ], [ [ 110.568706870687066, -6.779102910291027 ], [ 110.569006900690084, -6.778652865286536 ], [ 110.568856885688575, -6.779102910291023 ], [ 110.568706870687066, -6.779102910291027 ] ], [ [ 110.569306930693074, -6.778502850285022 ], [ 110.569381938193814, -6.778427842784271 ], [ 110.569381938193814, -6.778502850285021 ], [ 110.569306930693074, -6.778502850285022 ] ], [ [ 110.568781878187821, -6.780453045304537 ], [ 110.569681968196818, -6.779102910291035 ], [ 110.568556855685571, -6.781353135313529 ], [ 110.568781878187821, -6.780453045304537 ] ], [ [ 110.570357035703566, -6.778652865286538 ], [ 110.57043204320432, -6.778502850285021 ], [ 110.57043204320432, -6.778652865286535 ], [ 110.570357035703566, -6.778652865286538 ] ], [ [ 110.569081908190824, -6.778652865286524 ], [ 110.569156915691565, -6.778577857785771 ], [ 110.569156915691565, -6.778652865286523 ], [ 110.569081908190824, -6.778652865286524 ] ], [ [ 110.570282028202826, -6.778727872787275 ], [ 110.570357035703566, -6.778652865286538 ], [ 110.570357035703566, -6.778727872787282 ], [ 110.570282028202826, -6.778727872787275 ] ], [ [ 110.569006900690084, -6.77895289528953 ], [ 110.569081908190824, -6.778802880288033 ], [ 110.569081908190824, -6.778952895289531 ], [ 110.569006900690084, -6.77895289528953 ] ], [ [ 110.570132013201317, -6.779027902790279 ], [ 110.570207020702071, -6.778952895289534 ], [ 110.570207020702071, -6.779027902790277 ], [ 110.570132013201317, -6.779027902790279 ] ], [ [ 110.568931893189315, -6.779102910291029 ], [ 110.569006900690084, -6.779027902790282 ], [ 110.569006900690084, -6.779102910291021 ], [ 110.568931893189315, -6.779102910291029 ] ], [ [ 110.569981998199836, -6.779402940294032 ], [ 110.570057005700576, -6.779252925292536 ], [ 110.570057005700576, -6.779402940294022 ], [ 110.569981998199836, -6.779402940294032 ] ], [ [ 110.569906990699067, -6.779552955295537 ], [ 110.569981998199836, -6.779402940294032 ], [ 110.569981998199836, -6.779552955295533 ], [ 110.569906990699067, -6.779552955295537 ] ], [ [ 110.569531953195323, -6.779702970297031 ], [ 110.569606960696063, -6.779627962796283 ], [ 110.569606960696063, -6.779702970297022 ], [ 110.569531953195323, -6.779702970297031 ] ], [ [ 110.569606960696063, -6.779702970297022 ], [ 110.569756975697572, -6.779777977797784 ], [ 110.569606960696063, -6.779777977797781 ], [ 110.569606960696063, -6.779702970297022 ] ], [ [ 110.569831983198327, -6.779702970297029 ], [ 110.569906990699067, -6.779627962796274 ], [ 110.569906990699067, -6.779702970297032 ], [ 110.569831983198327, -6.779702970297029 ] ], [ [ 110.569756975697572, -6.779852985298526 ], [ 110.569831983198327, -6.779777977797782 ], [ 110.569831983198327, -6.779852985298522 ], [ 110.569756975697572, -6.779852985298526 ] ], [ [ 110.569531953195323, -6.779927992799286 ], [ 110.569606960696063, -6.779852985298532 ], [ 110.569606960696063, -6.779927992799287 ], [ 110.569531953195323, -6.779927992799286 ] ], [ [ 110.569681968196818, -6.780003000300031 ], [ 110.569756975697572, -6.779927992799279 ], [ 110.569756975697572, -6.780003000300034 ], [ 110.569681968196818, -6.780003000300031 ] ], [ [ 110.569006900690084, -6.781653165316532 ], [ 110.569681968196818, -6.780378037803779 ], [ 110.569531953195323, -6.780828082808277 ], [ 110.569006900690084, -6.781653165316532 ] ], [ [ 110.568106810681073, -6.781878187818789 ], [ 110.568556855685571, -6.781953195319525 ], [ 110.572457245724578, -6.783603360336039 ], [ 110.573357335733576, -6.785103510351032 ], [ 110.572457245724578, -6.783978397839778 ], [ 110.568106810681073, -6.781878187818789 ] ], [ [ 110.567956795679564, -6.781728172817276 ], [ 110.568031803180318, -6.781653165316526 ], [ 110.568031803180318, -6.781728172817283 ], [ 110.567956795679564, -6.781728172817276 ] ], [ [ 110.568556855685571, -6.781728172817276 ], [ 110.568706870687066, -6.781653165316536 ], [ 110.568706870687066, -6.781728172817289 ], [ 110.568556855685571, -6.781728172817276 ] ], [ [ 110.568931893189315, -6.781803180318026 ], [ 110.569006900690084, -6.781653165316532 ], [ 110.569006900690084, -6.78180318031803 ], [ 110.568931893189315, -6.781803180318026 ] ], [ [ 110.574857485748581, -6.781728172817287 ], [ 110.575007500750075, -6.781653165316526 ], [ 110.575007500750075, -6.781728172817282 ], [ 110.574857485748581, -6.781728172817287 ] ], [ [ 110.57515751575157, -6.781728172817275 ], [ 110.575307530753079, -6.781803180318033 ], [ 110.57515751575157, -6.781878187818789 ], [ 110.57515751575157, -6.781728172817275 ] ], [ [ 110.568781878187821, -6.781803180318035 ], [ 110.568856885688575, -6.781728172817283 ], [ 110.568856885688575, -6.781803180318038 ], [ 110.568781878187821, -6.781803180318035 ] ], [ [ 110.568556855685571, -6.781878187818787 ], [ 110.568631863186312, -6.781803180318025 ], [ 110.568631863186312, -6.781878187818773 ], [ 110.568556855685571, -6.781878187818787 ] ], [ [ 110.57373237323732, -6.783903390339034 ], [ 110.57508250825083, -6.782328232823288 ], [ 110.573582358235825, -6.784278427842783 ], [ 110.573507350735071, -6.78390339033904 ], [ 110.57373237323732, -6.783903390339034 ] ], [ [ 110.568181818181813, -6.782178217821778 ], [ 110.568331833183322, -6.782103210321028 ], [ 110.568031803180318, -6.782778277827785 ], [ 110.568181818181813, -6.782178217821778 ] ], [ [ 110.574482448244822, -6.782403240324026 ], [ 110.574707470747072, -6.782253225322535 ], [ 110.574032403240324, -6.783003300330032 ], [ 110.574482448244822, -6.782403240324026 ] ], [ [ 110.568331833183322, -6.782253225322534 ], [ 110.568406840684062, -6.782178217821789 ], [ 110.568406840684062, -6.782253225322536 ], [ 110.568331833183322, -6.782253225322534 ] ], [ [ 110.568631863186312, -6.782403240324028 ], [ 110.568856885688575, -6.782328232823279 ], [ 110.568931893189315, -6.782478247824781 ], [ 110.568631863186312, -6.782403240324028 ] ], [ [ 110.569006900690084, -6.782553255325533 ], [ 110.569231923192319, -6.782478247824786 ], [ 110.569231923192319, -6.782553255325523 ], [ 110.569006900690084, -6.782553255325533 ] ], [ [ 110.569231923192319, -6.782628262826288 ], [ 110.569456945694569, -6.782553255325537 ], [ 110.569456945694569, -6.782628262826277 ], [ 110.569231923192319, -6.782628262826288 ] ], [ [ 110.569456945694569, -6.782703270327038 ], [ 110.569606960696063, -6.78262826282628 ], [ 110.569606960696063, -6.782703270327035 ], [ 110.569456945694569, -6.782703270327038 ] ], [ [ 110.570807080708065, -6.782853285328523 ], [ 110.570882088208819, -6.782778277827788 ], [ 110.570882088208819, -6.782853285328526 ], [ 110.570807080708065, -6.782853285328523 ] ], [ [ 110.571182118211823, -6.783003300330039 ], [ 110.571257125712577, -6.78292829282928 ], [ 110.571257125712577, -6.783003300330039 ], [ 110.571182118211823, -6.783003300330039 ] ], [ [ 110.567731773177314, -6.783228322832283 ], [ 110.567806780678069, -6.78307830783079 ], [ 110.567806780678069, -6.783228322832282 ], [ 110.567731773177314, -6.783228322832283 ] ], [ [ 110.567956795679564, -6.78345334533453 ], [ 110.568556855685571, -6.783228322832279 ], [ 110.568556855685571, -6.783378337833788 ], [ 110.567956795679564, -6.78345334533453 ] ], [ [ 110.573882388238829, -6.783153315331529 ], [ 110.573957395739569, -6.783078307830787 ], [ 110.573957395739569, -6.783153315331534 ], [ 110.573882388238829, -6.783153315331529 ] ], [ [ 110.57373237323732, -6.783228322832282 ], [ 110.573882388238829, -6.783303330333029 ], [ 110.57373237323732, -6.783378337833781 ], [ 110.57373237323732, -6.783228322832282 ] ], [ [ 110.567656765676574, -6.783378337833778 ], [ 110.567731773177314, -6.783228322832283 ], [ 110.567731773177314, -6.78337833783378 ], [ 110.567656765676574, -6.783378337833778 ] ], [ [ 110.571932193219325, -6.783303330333032 ], [ 110.572007200720066, -6.783228322832279 ], [ 110.572007200720066, -6.783303330333035 ], [ 110.571932193219325, -6.783303330333032 ] ], [ [ 110.573807380738074, -6.783528352835281 ], [ 110.573882388238829, -6.783453345334534 ], [ 110.573882388238829, -6.783528352835289 ], [ 110.573807380738074, -6.783528352835281 ] ], [ [ 110.573582358235825, -6.783678367836789 ], [ 110.57365736573658, -6.783603360336027 ], [ 110.57365736573658, -6.783678367836788 ], [ 110.573582358235825, -6.783678367836789 ] ], [ [ 110.573507350735071, -6.783753375337537 ], [ 110.573582358235825, -6.783678367836789 ], [ 110.573582358235825, -6.783753375337531 ], [ 110.573507350735071, -6.783753375337537 ] ], [ [ 110.57343234323433, -6.783828382838291 ], [ 110.573507350735071, -6.783753375337537 ], [ 110.573507350735071, -6.783828382838277 ], [ 110.57343234323433, -6.783828382838291 ] ], [ [ 110.573357335733576, -6.783903390339032 ], [ 110.57343234323433, -6.783828382838291 ], [ 110.57343234323433, -6.78390339033903 ], [ 110.573357335733576, -6.783903390339032 ] ], [ [ 110.572757275727568, -6.783978397839791 ], [ 110.572832283228323, -6.78390339033903 ], [ 110.572832283228323, -6.783978397839776 ], [ 110.572757275727568, -6.783978397839791 ] ], [ [ 110.572832283228323, -6.784053405340543 ], [ 110.572907290729077, -6.78397839783979 ], [ 110.572907290729077, -6.784053405340533 ], [ 110.572832283228323, -6.784053405340543 ] ], [ [ 110.573357335733576, -6.784053405340526 ], [ 110.57343234323433, -6.783978397839789 ], [ 110.57343234323433, -6.78405340534054 ], [ 110.573357335733576, -6.784053405340526 ] ], [ [ 110.57343234323433, -6.784128412841278 ], [ 110.573507350735071, -6.784053405340533 ], [ 110.573507350735071, -6.784128412841279 ], [ 110.57343234323433, -6.784128412841278 ] ], [ [ 110.572832283228323, -6.784203420342027 ], [ 110.572907290729077, -6.78412841284128 ], [ 110.572907290729077, -6.784203420342035 ], [ 110.572832283228323, -6.784203420342027 ] ], [ [ 110.573282328232835, -6.784278427842778 ], [ 110.573357335733576, -6.784128412841291 ], [ 110.57343234323433, -6.784278427842789 ], [ 110.573282328232835, -6.784278427842778 ] ], [ [ 110.57343234323433, -6.784353435343529 ], [ 110.573507350735071, -6.784278427842789 ], [ 110.573507350735071, -6.784353435343536 ], [ 110.57343234323433, -6.784353435343529 ] ], [ [ 110.566531653165313, -6.785028502850289 ], [ 110.566906690669072, -6.784953495349537 ], [ 110.566906690669072, -6.785028502850285 ], [ 110.566531653165313, -6.785028502850289 ] ], [ [ 110.56758175817582, -6.785178517851791 ], [ 110.567731773177314, -6.78495349534954 ], [ 110.567656765676574, -6.785178517851779 ], [ 110.56758175817582, -6.785178517851791 ] ], [ [ 110.566381638163818, -6.786303630363046 ], [ 110.566456645664573, -6.786153615361536 ], [ 110.566456645664573, -6.786303630363031 ], [ 110.566381638163818, -6.786303630363046 ] ], [ [ 110.583258325832588, -6.787578757875791 ], [ 110.584383438343835, -6.786603660366039 ], [ 110.583858385838596, -6.787878787878788 ], [ 110.583258325832588, -6.787578757875791 ] ], [ [ 110.569906990699067, -6.786978697869789 ], [ 110.569981998199836, -6.786903690369035 ], [ 110.569981998199836, -6.786978697869789 ], [ 110.569906990699067, -6.786978697869789 ] ], [ [ 110.569606960696063, -6.788103810381038 ], [ 110.569906990699067, -6.787428742874281 ], [ 110.570357035703566, -6.787053705370534 ], [ 110.570132013201317, -6.788403840384031 ], [ 110.569606960696063, -6.788103810381038 ] ], [ [ 110.569606960696063, -6.787203720372039 ], [ 110.569681968196818, -6.787128712871283 ], [ 110.569681968196818, -6.787203720372032 ], [ 110.569606960696063, -6.787203720372039 ] ], [ [ 110.569981998199836, -6.787203720372033 ], [ 110.570057005700576, -6.78712871287128 ], [ 110.570057005700576, -6.787203720372031 ], [ 110.569981998199836, -6.787203720372033 ] ], [ [ 110.575607560756069, -6.787503750375037 ], [ 110.576207620762077, -6.787578757875786 ], [ 110.57538253825382, -6.788178817881779 ], [ 110.575607560756069, -6.787503750375037 ] ], [ [ 110.569906990699067, -6.787278727872788 ], [ 110.569981998199836, -6.787203720372033 ], [ 110.569981998199836, -6.787278727872792 ], [ 110.569906990699067, -6.787278727872788 ] ], [ [ 110.569456945694569, -6.788778877887797 ], [ 110.569756975697572, -6.788328832883295 ], [ 110.569606960696063, -6.78877887788779 ], [ 110.569456945694569, -6.788778877887797 ] ], [ [ 110.574932493249335, -6.789003900390044 ], [ 110.57538253825382, -6.788478847884784 ], [ 110.57515751575157, -6.788928892889287 ], [ 110.574932493249335, -6.789003900390044 ] ], [ [ 110.569981998199836, -6.788478847884785 ], [ 110.570057005700576, -6.788403840384047 ], [ 110.570057005700576, -6.788478847884793 ], [ 110.569981998199836, -6.788478847884785 ] ], [ [ 110.569606960696063, -6.788853885388532 ], [ 110.570882088208819, -6.788703870387038 ], [ 110.570882088208819, -6.789078907890784 ], [ 110.569606960696063, -6.788853885388532 ] ], [ [ 110.574857485748581, -6.788553855385535 ], [ 110.574932493249335, -6.788478847884785 ], [ 110.574932493249335, -6.788553855385539 ], [ 110.574857485748581, -6.788553855385535 ] ], [ [ 110.574857485748581, -6.788703870387033 ], [ 110.574932493249335, -6.788628862886283 ], [ 110.574932493249335, -6.788703870387046 ], [ 110.574857485748581, -6.788703870387033 ] ], [ [ 110.565181518151817, -6.788853885388546 ], [ 110.565256525652572, -6.788778877887793 ], [ 110.565256525652572, -6.788853885388528 ], [ 110.565181518151817, -6.788853885388546 ] ], [ [ 110.571032103210328, -6.788853885388531 ], [ 110.575457545754574, -6.790054005400545 ], [ 110.576282628262845, -6.7922292229223 ], [ 110.578982898289823, -6.792754275427543 ], [ 110.57680768076807, -6.792979297929794 ], [ 110.576132613261322, -6.79245424542455 ], [ 110.575532553255329, -6.790804080408039 ], [ 110.571032103210328, -6.788853885388531 ] ], [ [ 110.565106510651063, -6.789003900390038 ], [ 110.565181518151817, -6.788928892889285 ], [ 110.565181518151817, -6.789003900390044 ], [ 110.565106510651063, -6.789003900390038 ] ], [ [ 110.565031503150323, -6.789153915391538 ], [ 110.565106510651063, -6.789078907890783 ], [ 110.565106510651063, -6.789153915391533 ], [ 110.565031503150323, -6.789153915391538 ] ], [ [ 110.565631563156316, -6.791779177917793 ], [ 110.567806780678069, -6.78952895289529 ], [ 110.566381638163818, -6.791929192919291 ], [ 110.565631563156316, -6.791779177917793 ] ], [ [ 110.570207020702071, -6.789303930393038 ], [ 110.57515751575157, -6.790804080408039 ], [ 110.575757575757578, -6.792529252925295 ], [ 110.573207320732067, -6.790654065406544 ], [ 110.571182118211823, -6.78967896789679 ], [ 110.570207020702071, -6.790054005400548 ], [ 110.570207020702071, -6.789303930393038 ] ], [ [ 110.569531953195323, -6.789753975397541 ], [ 110.569756975697572, -6.789753975397547 ], [ 110.569531953195323, -6.789903990399035 ], [ 110.569531953195323, -6.789753975397541 ] ], [ [ 110.56458145814581, -6.790879087908786 ], [ 110.564656465646564, -6.790804080408036 ], [ 110.564656465646564, -6.790879087908785 ], [ 110.56458145814581, -6.790879087908786 ] ], [ [ 110.56458145814581, -6.791104110411046 ], [ 110.564731473147319, -6.79102910291029 ], [ 110.564731473147319, -6.791179117911787 ], [ 110.56458145814581, -6.791104110411046 ] ], [ [ 110.564956495649568, -6.791329132913291 ], [ 110.565106510651063, -6.791179117911793 ], [ 110.565031503150323, -6.791329132913294 ], [ 110.564956495649568, -6.791329132913291 ] ], [ [ 110.565406540654067, -6.791329132913297 ], [ 110.565481548154821, -6.791254125412533 ], [ 110.565481548154821, -6.791329132913285 ], [ 110.565406540654067, -6.791329132913297 ] ], [ [ 110.564881488148814, -6.791404140414043 ], [ 110.564956495649568, -6.791329132913291 ], [ 110.564956495649568, -6.791404140414033 ], [ 110.564881488148814, -6.791404140414043 ] ], [ [ 110.563831383138307, -6.791779177917789 ], [ 110.564131413141311, -6.791629162916297 ], [ 110.563831383138307, -6.7919291929193 ], [ 110.563831383138307, -6.791779177917789 ] ], [ [ 110.565331533153312, -6.791479147914794 ], [ 110.565406540654067, -6.791404140414032 ], [ 110.565406540654067, -6.79147914791479 ], [ 110.565331533153312, -6.791479147914794 ] ], [ [ 110.565481548154821, -6.791629162916282 ], [ 110.565556555655562, -6.791554155415544 ], [ 110.565556555655562, -6.791629162916289 ], [ 110.565481548154821, -6.791629162916282 ] ], [ [ 110.574332433243328, -6.791629162916286 ], [ 110.574407440744068, -6.791554155415542 ], [ 110.574407440744068, -6.791629162916285 ], [ 110.574332433243328, -6.791629162916286 ] ], [ [ 110.575757575757578, -6.792454245424548 ], [ 110.575832583258332, -6.792379237923799 ], [ 110.575832583258332, -6.792454245424544 ], [ 110.575757575757578, -6.792454245424548 ] ], [ [ 110.581833183318338, -6.79335433543355 ], [ 110.581908190819078, -6.793054305430549 ], [ 110.581908190819078, -6.793354335433547 ], [ 110.581833183318338, -6.79335433543355 ] ], [ [ 110.581758175817583, -6.793579357935802 ], [ 110.581833183318338, -6.79335433543355 ], [ 110.581833183318338, -6.7935793579358 ], [ 110.581758175817583, -6.793579357935802 ] ], [ [ 110.566381638163818, -6.793504350435046 ], [ 110.566456645664573, -6.793429342934296 ], [ 110.566456645664573, -6.793504350435035 ], [ 110.566381638163818, -6.793504350435046 ] ], [ [ 110.573132313231326, -6.793429342934284 ], [ 110.574782478247826, -6.793579357935795 ], [ 110.574407440744068, -6.794404440444036 ], [ 110.574632463246346, -6.794929492949302 ], [ 110.572232223222329, -6.794929492949292 ], [ 110.573132313231326, -6.793429342934284 ] ], [ [ 110.581683168316829, -6.793654365436538 ], [ 110.581758175817583, -6.793579357935802 ], [ 110.581758175817583, -6.79365436543655 ], [ 110.581683168316829, -6.793654365436538 ] ], [ [ 110.574632463246346, -6.794704470447052 ], [ 110.574707470747072, -6.794629462946295 ], [ 110.574707470747072, -6.79470447044705 ], [ 110.574632463246346, -6.794704470447052 ] ], [ [ 110.574707470747072, -6.794929492949298 ], [ 110.574782478247826, -6.794854485448545 ], [ 110.574782478247826, -6.79492949294929 ], [ 110.574707470747072, -6.794929492949298 ] ], [ [ 110.574632463246346, -6.795004500450039 ], [ 110.574707470747072, -6.794929492949298 ], [ 110.574707470747072, -6.79500450045004 ], [ 110.574632463246346, -6.795004500450039 ] ], [ [ 110.574407440744068, -6.795079507950793 ], [ 110.574482448244822, -6.795004500450052 ], [ 110.574482448244822, -6.795079507950801 ], [ 110.574407440744068, -6.795079507950793 ] ], [ [ 110.574032403240324, -6.795154515451537 ], [ 110.574107410741078, -6.79507950795079 ], [ 110.574107410741078, -6.795154515451546 ], [ 110.574032403240324, -6.795154515451537 ] ], [ [ 110.574332433243328, -6.795154515451538 ], [ 110.574407440744068, -6.795079507950793 ], [ 110.574407440744068, -6.79515451545154 ], [ 110.574332433243328, -6.795154515451538 ] ], [ [ 110.581908190819078, -6.795079507950794 ], [ 110.582658265826581, -6.795829582958293 ], [ 110.581533153315334, -6.797479747974798 ], [ 110.581533153315334, -6.796279627962799 ], [ 110.581908190819078, -6.795079507950794 ] ], [ [ 110.574032403240324, -6.795379537953805 ], [ 110.574332433243328, -6.795229522952303 ], [ 110.574332433243328, -6.795379537953797 ], [ 110.574032403240324, -6.795379537953805 ] ], [ [ 110.573882388238829, -6.795454545454553 ], [ 110.573957395739569, -6.795379537953803 ], [ 110.573957395739569, -6.79545454545455 ], [ 110.573882388238829, -6.795454545454553 ] ], [ [ 110.574032403240324, -6.795529552955301 ], [ 110.574182418241818, -6.795454545454555 ], [ 110.574182418241818, -6.795529552955294 ], [ 110.574032403240324, -6.795529552955301 ] ], [ [ 110.562481248124811, -6.795604560456054 ], [ 110.562556255625566, -6.795529552955292 ], [ 110.562556255625566, -6.795604560456051 ], [ 110.562481248124811, -6.795604560456054 ] ], [ [ 110.562556255625566, -6.795754575457551 ], [ 110.562631263126306, -6.795604560456042 ], [ 110.562631263126306, -6.795754575457544 ], [ 110.562556255625566, -6.795754575457551 ] ], [ [ 110.575232523252325, -6.796804680468046 ], [ 110.576657665766575, -6.796354635463539 ], [ 110.576882688268824, -6.796279627962797 ], [ 110.576882688268824, -6.79732973297329 ], [ 110.575232523252325, -6.796804680468046 ] ], [ [ 110.563456345634563, -6.795979597959797 ], [ 110.563531353135318, -6.795904590459039 ], [ 110.563531353135318, -6.795979597959799 ], [ 110.563456345634563, -6.795979597959797 ] ], [ [ 110.563831383138307, -6.796054605460546 ], [ 110.563906390639062, -6.795979597959802 ], [ 110.563906390639062, -6.796054605460554 ], [ 110.563831383138307, -6.796054605460546 ] ], [ [ 110.564506450645069, -6.796129612961287 ], [ 110.56458145814581, -6.796054605460541 ], [ 110.56458145814581, -6.796129612961301 ], [ 110.564506450645069, -6.796129612961287 ] ], [ [ 110.576432643264326, -6.796129612961291 ], [ 110.57650765076508, -6.796054605460551 ], [ 110.57650765076508, -6.796129612961288 ], [ 110.576432643264326, -6.796129612961291 ] ], [ [ 110.561956195619558, -6.797329732973298 ], [ 110.562331233123317, -6.7965796579658 ], [ 110.562631263126306, -6.796654665466543 ], [ 110.562631263126306, -6.796879687968804 ], [ 110.562481248124811, -6.796729672967296 ], [ 110.561956195619558, -6.797329732973298 ] ], [ [ 110.563081308130833, -6.796354635463543 ], [ 110.563456345634563, -6.796354635463555 ], [ 110.563081308130833, -6.796504650465053 ], [ 110.563081308130833, -6.796354635463543 ] ], [ [ 110.562781278127815, -6.796279627962801 ], [ 110.56285628562857, -6.79620462046204 ], [ 110.56285628562857, -6.7962796279628 ], [ 110.562781278127815, -6.796279627962801 ] ], [ [ 110.562331233123317, -6.796354635463546 ], [ 110.562406240624057, -6.796279627962789 ], [ 110.562406240624057, -6.79635463546355 ], [ 110.562331233123317, -6.796354635463546 ] ], [ [ 110.562706270627075, -6.79635463546354 ], [ 110.562781278127815, -6.796279627962801 ], [ 110.562781278127815, -6.79635463546354 ], [ 110.562706270627075, -6.79635463546354 ] ], [ [ 110.564206420642066, -6.796429642964303 ], [ 110.56428142814282, -6.796279627962793 ], [ 110.56428142814282, -6.796429642964288 ], [ 110.564206420642066, -6.796429642964303 ] ], [ [ 110.570582058205815, -6.796954695469553 ], [ 110.572382238223824, -6.796729672967306 ], [ 110.572457245724578, -6.797029702970301 ], [ 110.570582058205815, -6.796954695469553 ] ], [ [ 110.562631263126306, -6.796429642964292 ], [ 110.562706270627075, -6.79635463546354 ], [ 110.562706270627075, -6.796429642964292 ], [ 110.562631263126306, -6.796429642964292 ] ], [ [ 110.564806480648059, -6.796429642964302 ], [ 110.564881488148814, -6.796354635463554 ], [ 110.564881488148814, -6.796429642964292 ], [ 110.564806480648059, -6.796429642964302 ] ], [ [ 110.562481248124811, -6.796504650465053 ], [ 110.562556255625566, -6.796429642964304 ], [ 110.562556255625566, -6.796504650465045 ], [ 110.562481248124811, -6.796504650465053 ] ], [ [ 110.563306330633068, -6.796504650465045 ], [ 110.563381338133823, -6.796429642964299 ], [ 110.563381338133823, -6.796504650465049 ], [ 110.563306330633068, -6.796504650465045 ] ], [ [ 110.563456345634563, -6.796504650465044 ], [ 110.563531353135318, -6.7964296429643 ], [ 110.563531353135318, -6.796504650465049 ], [ 110.563456345634563, -6.796504650465044 ] ], [ [ 110.563606360636058, -6.796579657965786 ], [ 110.563831383138307, -6.796654665466553 ], [ 110.563456345634563, -6.796804680468039 ], [ 110.563606360636058, -6.796579657965786 ] ], [ [ 110.56293129312931, -6.7965796579658 ], [ 110.563081308130833, -6.796654665466539 ], [ 110.56293129312931, -6.796729672967294 ], [ 110.56293129312931, -6.7965796579658 ] ], [ [ 110.563081308130833, -6.796654665466539 ], [ 110.563381338133823, -6.796729672967293 ], [ 110.563081308130833, -6.796804680468044 ], [ 110.563081308130833, -6.796654665466539 ] ], [ [ 110.564506450645069, -6.796729672967295 ], [ 110.564656465646564, -6.79680468046804 ], [ 110.56428142814282, -6.796879687968793 ], [ 110.564506450645069, -6.796729672967295 ] ], [ [ 110.577032703270334, -6.796579657965792 ], [ 110.577107710771074, -6.796504650465054 ], [ 110.577107710771074, -6.796579657965792 ], [ 110.577032703270334, -6.796579657965792 ] ], [ [ 110.579132913291332, -6.796504650465046 ], [ 110.579432943294336, -6.798454845484548 ], [ 110.577932793279345, -6.798679867986804 ], [ 110.577782778277822, -6.797929792979295 ], [ 110.579132913291332, -6.796504650465046 ] ], [ [ 110.563381338133823, -6.796654665466545 ], [ 110.563456345634563, -6.796579657965789 ], [ 110.563456345634563, -6.796654665466539 ], [ 110.563381338133823, -6.796654665466545 ] ], [ [ 110.564731473147319, -6.796729672967302 ], [ 110.564881488148814, -6.796654665466539 ], [ 110.564881488148814, -6.796729672967298 ], [ 110.564731473147319, -6.796729672967302 ] ], [ [ 110.562781278127815, -6.796804680468039 ], [ 110.56293129312931, -6.796879687968795 ], [ 110.562781278127815, -6.796879687968799 ], [ 110.562781278127815, -6.796804680468039 ] ], [ [ 110.564881488148814, -6.796804680468046 ], [ 110.564956495649568, -6.796729672967301 ], [ 110.564956495649568, -6.796804680468053 ], [ 110.564881488148814, -6.796804680468046 ] ], [ [ 110.563381338133823, -6.79687968796879 ], [ 110.563456345634563, -6.796804680468039 ], [ 110.563456345634563, -6.796879687968791 ], [ 110.563381338133823, -6.79687968796879 ] ], [ [ 110.564731473147319, -6.796879687968799 ], [ 110.564806480648059, -6.796804680468047 ], [ 110.564806480648059, -6.796879687968796 ], [ 110.564731473147319, -6.796879687968799 ] ], [ [ 110.563156315631559, -6.796954695469546 ], [ 110.563231323132314, -6.796879687968798 ], [ 110.563231323132314, -6.796954695469547 ], [ 110.563156315631559, -6.796954695469546 ] ], [ [ 110.562406240624057, -6.797029702970296 ], [ 110.562481248124811, -6.796954695469538 ], [ 110.562481248124811, -6.797029702970291 ], [ 110.562406240624057, -6.797029702970296 ] ], [ [ 110.561881188118818, -6.79710471047104 ], [ 110.561956195619558, -6.797029702970303 ], [ 110.561956195619558, -6.797104710471042 ], [ 110.561881188118818, -6.79710471047104 ] ], [ [ 110.564806480648059, -6.79710471047104 ], [ 110.564881488148814, -6.797029702970291 ], [ 110.564881488148814, -6.797104710471045 ], [ 110.564806480648059, -6.79710471047104 ] ], [ [ 110.563306330633068, -6.797179717971792 ], [ 110.563381338133823, -6.797104710471051 ], [ 110.563381338133823, -6.797179717971797 ], [ 110.563306330633068, -6.797179717971792 ] ], [ [ 110.561806180618063, -6.79725472547254 ], [ 110.561881188118818, -6.797179717971794 ], [ 110.561881188118818, -6.797254725472553 ], [ 110.561806180618063, -6.79725472547254 ] ], [ [ 110.563231323132314, -6.797329732973289 ], [ 110.563306330633068, -6.797179717971792 ], [ 110.563306330633068, -6.797329732973304 ], [ 110.563231323132314, -6.797329732973289 ] ], [ [ 110.561881188118818, -6.797404740474051 ], [ 110.561956195619558, -6.797329732973298 ], [ 110.561956195619558, -6.797404740474044 ], [ 110.561881188118818, -6.797404740474051 ] ], [ [ 110.563156315631559, -6.797404740474041 ], [ 110.563231323132314, -6.797329732973289 ], [ 110.563231323132314, -6.797404740474054 ], [ 110.563156315631559, -6.797404740474041 ] ], [ [ 110.560081008100823, -6.797779777977798 ], [ 110.560456045604568, -6.798079807980792 ], [ 110.560231023102304, -6.798154815481553 ], [ 110.560081008100823, -6.797779777977798 ] ], [ [ 110.579507950795076, -6.79860486048604 ], [ 110.580183018301824, -6.797554755475549 ], [ 110.579582958295845, -6.798829882988294 ], [ 110.579507950795076, -6.79860486048604 ] ], [ [ 110.566156615661569, -6.797704770477052 ], [ 110.566231623162309, -6.7976297629763 ], [ 110.566231623162309, -6.797704770477052 ], [ 110.566156615661569, -6.797704770477052 ] ], [ [ 110.57373237323732, -6.798604860486047 ], [ 110.574932493249335, -6.798304830483058 ], [ 110.574632463246346, -6.799129912991301 ], [ 110.57373237323732, -6.798604860486047 ] ], [ [ 110.579957995799575, -6.798754875487549 ], [ 110.580708070807077, -6.798304830483041 ], [ 110.580108010801084, -6.799429942994308 ], [ 110.579957995799575, -6.798754875487549 ] ], [ [ 110.566906690669072, -6.798154815481546 ], [ 110.566981698169812, -6.798079807980801 ], [ 110.566981698169812, -6.798154815481541 ], [ 110.566906690669072, -6.798154815481546 ] ], [ [ 110.568331833183322, -6.79815481548154 ], [ 110.568406840684062, -6.798079807980801 ], [ 110.568406840684062, -6.79815481548155 ], [ 110.568331833183322, -6.79815481548154 ] ], [ [ 110.566831683168317, -6.7982298229823 ], [ 110.566906690669072, -6.798154815481546 ], [ 110.566906690669072, -6.798229822982291 ], [ 110.566831683168317, -6.7982298229823 ] ], [ [ 110.568181818181813, -6.798379837983791 ], [ 110.568331833183322, -6.79815481548154 ], [ 110.568256825682568, -6.798379837983804 ], [ 110.568181818181813, -6.798379837983791 ] ], [ [ 110.568856885688575, -6.798304830483057 ], [ 110.568931893189315, -6.798229822982305 ], [ 110.568931893189315, -6.798304830483057 ], [ 110.568856885688575, -6.798304830483057 ] ], [ [ 110.568406840684062, -6.798379837983799 ], [ 110.568481848184817, -6.798304830483047 ], [ 110.568481848184817, -6.798379837983796 ], [ 110.568406840684062, -6.798379837983799 ] ], [ [ 110.568931893189315, -6.798379837983799 ], [ 110.569006900690084, -6.798304830483046 ], [ 110.569006900690084, -6.798379837983802 ], [ 110.568931893189315, -6.798379837983799 ] ], [ [ 110.567956795679564, -6.798454845484557 ], [ 110.568031803180318, -6.798379837983797 ], [ 110.568031803180318, -6.798454845484554 ], [ 110.567956795679564, -6.798454845484557 ] ], [ [ 110.568106810681073, -6.798454845484555 ], [ 110.568181818181813, -6.798379837983791 ], [ 110.568181818181813, -6.798454845484546 ], [ 110.568106810681073, -6.798454845484555 ] ], [ [ 110.569081908190824, -6.798454845484553 ], [ 110.569156915691565, -6.798379837983794 ], [ 110.569156915691565, -6.798454845484551 ], [ 110.569081908190824, -6.798454845484553 ] ], [ [ 110.569156915691565, -6.798529852985296 ], [ 110.569531953195323, -6.79845484548455 ], [ 110.569531953195323, -6.798529852985301 ], [ 110.569156915691565, -6.798529852985296 ] ], [ [ 110.568106810681073, -6.798529852985301 ], [ 110.568331833183322, -6.798604860486054 ], [ 110.568181818181813, -6.798754875487557 ], [ 110.568181818181813, -6.798904890489042 ], [ 110.568106810681073, -6.798529852985301 ] ], [ [ 110.581533153315334, -6.799879987998805 ], [ 110.582658265826581, -6.798979897989804 ], [ 110.581758175817583, -6.800180018001806 ], [ 110.581533153315334, -6.799879987998805 ] ], [ [ 110.568256825682568, -6.798904890489053 ], [ 110.568331833183322, -6.798754875487552 ], [ 110.568331833183322, -6.798904890489053 ], [ 110.568256825682568, -6.798904890489053 ] ], [ [ 110.56128112811281, -6.799054905490548 ], [ 110.561356135613565, -6.798979897989793 ], [ 110.561356135613565, -6.799054905490541 ], [ 110.56128112811281, -6.799054905490548 ] ], [ [ 110.582133213321328, -6.799954995499546 ], [ 110.582208220822096, -6.799879987998792 ], [ 110.582208220822096, -6.799954995499548 ], [ 110.582133213321328, -6.799954995499546 ] ], [ [ 110.560756075607557, -6.800255025502556 ], [ 110.560831083108312, -6.800180018001808 ], [ 110.560831083108312, -6.800255025502544 ], [ 110.560756075607557, -6.800255025502556 ] ], [ [ 110.561881188118818, -6.800855085508545 ], [ 110.561956195619558, -6.800780078007808 ], [ 110.561956195619558, -6.800855085508548 ], [ 110.561881188118818, -6.800855085508545 ] ], [ [ 110.560531053105308, -6.801380138013806 ], [ 110.560606060606062, -6.801230123012299 ], [ 110.560606060606062, -6.801380138013802 ], [ 110.560531053105308, -6.801380138013806 ] ], [ [ 110.560981098109806, -6.801305130513053 ], [ 110.561056105610575, -6.801230123012298 ], [ 110.561056105610575, -6.801305130513059 ], [ 110.560981098109806, -6.801305130513053 ] ], [ [ 110.561956195619558, -6.801755175517544 ], [ 110.562031203120313, -6.801680168016803 ], [ 110.562031203120313, -6.80175517551755 ], [ 110.561956195619558, -6.801755175517544 ] ], [ [ 110.562781278127815, -6.801830183018293 ], [ 110.56285628562857, -6.801680168016806 ], [ 110.56285628562857, -6.801830183018309 ], [ 110.562781278127815, -6.801830183018293 ] ], [ [ 110.562706270627075, -6.801980198019798 ], [ 110.562781278127815, -6.801830183018293 ], [ 110.56285628562857, -6.801980198019799 ], [ 110.562706270627075, -6.801980198019798 ] ], [ [ 110.562481248124811, -6.801980198019795 ], [ 110.562556255625566, -6.80190519051905 ], [ 110.562556255625566, -6.801980198019796 ], [ 110.562481248124811, -6.801980198019795 ] ], [ [ 110.563456345634563, -6.801980198019807 ], [ 110.563531353135318, -6.801905190519054 ], [ 110.563531353135318, -6.801980198019805 ], [ 110.563456345634563, -6.801980198019807 ] ], [ [ 110.562631263126306, -6.802130213021308 ], [ 110.562706270627075, -6.801980198019798 ], [ 110.562781278127815, -6.802130213021294 ], [ 110.562631263126306, -6.802130213021308 ] ], [ [ 110.563531353135318, -6.80213021302131 ], [ 110.563606360636058, -6.801980198019803 ], [ 110.563606360636058, -6.802130213021305 ], [ 110.563531353135318, -6.80213021302131 ] ], [ [ 110.562781278127815, -6.80220522052205 ], [ 110.56285628562857, -6.802130213021296 ], [ 110.56285628562857, -6.802205220522059 ], [ 110.562781278127815, -6.80220522052205 ] ], [ [ 110.564206420642066, -6.802355235523548 ], [ 110.56428142814282, -6.802280228022811 ], [ 110.56428142814282, -6.802355235523557 ], [ 110.564206420642066, -6.802355235523548 ] ], [ [ 110.564131413141311, -6.802505250525055 ], [ 110.564206420642066, -6.802430243024309 ], [ 110.564206420642066, -6.80250525052506 ], [ 110.564131413141311, -6.802505250525055 ] ], [ [ 110.563981398139816, -6.802730273027299 ], [ 110.564206420642066, -6.802580258025798 ], [ 110.564131413141311, -6.80280528052805 ], [ 110.564056405640585, -6.802730273027309 ], [ 110.563981398139816, -6.802730273027299 ] ], [ [ 110.563906390639062, -6.802805280528048 ], [ 110.563981398139816, -6.802730273027299 ], [ 110.563981398139816, -6.802805280528051 ], [ 110.563906390639062, -6.802805280528048 ] ], [ [ 110.56428142814282, -6.802805280528061 ], [ 110.564356435643575, -6.802730273027304 ], [ 110.564356435643575, -6.802805280528051 ], [ 110.56428142814282, -6.802805280528061 ] ], [ [ 110.564131413141311, -6.802880288028804 ], [ 110.564206420642066, -6.802805280528045 ], [ 110.564206420642066, -6.802880288028808 ], [ 110.564131413141311, -6.802880288028804 ] ], [ [ 110.564056405640585, -6.803030303030308 ], [ 110.564131413141311, -6.802955295529546 ], [ 110.564131413141311, -6.803030303030309 ], [ 110.564056405640585, -6.803030303030308 ] ], [ [ 110.565031503150323, -6.803030303030297 ], [ 110.565106510651063, -6.802955295529554 ], [ 110.565106510651063, -6.803030303030305 ], [ 110.565031503150323, -6.803030303030297 ] ], [ [ 110.565481548154821, -6.803330333033299 ], [ 110.565556555655562, -6.80325532553256 ], [ 110.565556555655562, -6.803330333033311 ], [ 110.565481548154821, -6.803330333033299 ] ], [ [ 110.564956495649568, -6.803405340534047 ], [ 110.565031503150323, -6.803330333033308 ], [ 110.565031503150323, -6.80340534053405 ], [ 110.564956495649568, -6.803405340534047 ] ], [ [ 110.565256525652572, -6.803405340534054 ], [ 110.565331533153312, -6.803330333033302 ], [ 110.565331533153312, -6.80340534053406 ], [ 110.565256525652572, -6.803405340534054 ] ], [ [ 110.565556555655562, -6.80340534053405 ], [ 110.565631563156316, -6.803330333033303 ], [ 110.565631563156316, -6.803405340534047 ], [ 110.565556555655562, -6.80340534053405 ] ], [ [ 110.565706570657085, -6.803405340534056 ], [ 110.565781578157811, -6.803330333033297 ], [ 110.565781578157811, -6.803405340534047 ], [ 110.565706570657085, -6.803405340534056 ] ], [ [ 110.565031503150323, -6.803480348034795 ], [ 110.565106510651063, -6.803405340534047 ], [ 110.565106510651063, -6.803480348034798 ], [ 110.565031503150323, -6.803480348034795 ] ], [ [ 110.565331533153312, -6.803480348034809 ], [ 110.565481548154821, -6.80340534053405 ], [ 110.565481548154821, -6.803480348034806 ], [ 110.565331533153312, -6.803480348034809 ] ], [ [ 110.565556555655562, -6.803480348034809 ], [ 110.565706570657085, -6.803555355535546 ], [ 110.565556555655562, -6.803630363036295 ], [ 110.565556555655562, -6.803480348034809 ] ], [ [ 110.565106510651063, -6.803555355535554 ], [ 110.565256525652572, -6.803480348034796 ], [ 110.565256525652572, -6.803555355535545 ], [ 110.565106510651063, -6.803555355535554 ] ], [ [ 110.565781578157811, -6.803705370537048 ], [ 110.565856585658565, -6.80363036303631 ], [ 110.565856585658565, -6.803705370537051 ], [ 110.565781578157811, -6.803705370537048 ] ], [ [ 110.565706570657085, -6.803855385538557 ], [ 110.565781578157811, -6.803705370537048 ], [ 110.565781578157811, -6.803855385538554 ], [ 110.565706570657085, -6.803855385538557 ] ], [ [ 110.566531653165313, -6.80408040804081 ], [ 110.566606660666068, -6.804005400540047 ], [ 110.566606660666068, -6.804080408040809 ], [ 110.566531653165313, -6.80408040804081 ] ], [ [ 110.566606660666068, -6.804230423042297 ], [ 110.566681668166822, -6.804155415541556 ], [ 110.566681668166822, -6.804230423042297 ], [ 110.566606660666068, -6.804230423042297 ] ], [ [ 110.566756675667563, -6.804230423042309 ], [ 110.566831683168317, -6.804155415541556 ], [ 110.566831683168317, -6.804230423042301 ], [ 110.566756675667563, -6.804230423042309 ] ], [ [ 110.566906690669072, -6.804230423042305 ], [ 110.566981698169812, -6.804155415541556 ], [ 110.566981698169812, -6.804230423042306 ], [ 110.566906690669072, -6.804230423042305 ] ], [ [ 110.566681668166822, -6.80430543054306 ], [ 110.566756675667563, -6.804230423042309 ], [ 110.566756675667563, -6.804305430543058 ], [ 110.566681668166822, -6.80430543054306 ] ], [ [ 110.566831683168317, -6.804380438043808 ], [ 110.566906690669072, -6.804305430543057 ], [ 110.566906690669072, -6.804380438043798 ], [ 110.566831683168317, -6.804380438043808 ] ], [ [ 110.566606660666068, -6.804455445544561 ], [ 110.566681668166822, -6.80438043804381 ], [ 110.566681668166822, -6.804455445544551 ], [ 110.566606660666068, -6.804455445544561 ] ], [ [ 110.566381638163818, -6.804530453045301 ], [ 110.566456645664573, -6.804455445544551 ], [ 110.566456645664573, -6.804530453045306 ], [ 110.566381638163818, -6.804530453045301 ] ], [ [ 110.563081308130833, -6.80453045304531 ], [ 110.564881488148814, -6.806105610561057 ], [ 110.566081608160815, -6.807530753075303 ], [ 110.566456645664573, -6.807905790579051 ], [ 110.566606660666068, -6.807905790579061 ], [ 110.568031803180318, -6.810081008100802 ], [ 110.563081308130833, -6.80453045304531 ] ], [ [ 110.568331833183322, -6.804905490549049 ], [ 110.568631863186312, -6.804830483048305 ], [ 110.568556855685571, -6.805055505550555 ], [ 110.568331833183322, -6.804905490549049 ] ], [ [ 110.558430843084324, -6.804830483048296 ], [ 110.563456345634563, -6.807155715571549 ], [ 110.563756375637567, -6.806780678067801 ], [ 110.566156615661569, -6.809630963096302 ], [ 110.560006000600055, -6.805730573057311 ], [ 110.558580858085804, -6.806180618061802 ], [ 110.559030903090303, -6.805430543054309 ], [ 110.558430843084324, -6.804830483048296 ] ], [ [ 110.567731773177314, -6.804905490549059 ], [ 110.567806780678069, -6.804830483048296 ], [ 110.567806780678069, -6.804905490549051 ], [ 110.567731773177314, -6.804905490549059 ] ], [ [ 110.567506750675065, -6.80498049804981 ], [ 110.56758175817582, -6.80490549054906 ], [ 110.56758175817582, -6.804980498049801 ], [ 110.567506750675065, -6.80498049804981 ] ], [ [ 110.567656765676574, -6.805055505550551 ], [ 110.567731773177314, -6.804905490549059 ], [ 110.567731773177314, -6.805055505550549 ], [ 110.567656765676574, -6.805055505550551 ] ], [ [ 110.567956795679564, -6.804980498049797 ], [ 110.568031803180318, -6.804905490549062 ], [ 110.568031803180318, -6.804980498049806 ], [ 110.567956795679564, -6.804980498049797 ] ], [ [ 110.567881788178823, -6.805130513051299 ], [ 110.567956795679564, -6.804980498049797 ], [ 110.567956795679564, -6.805130513051298 ], [ 110.567881788178823, -6.805130513051299 ] ], [ [ 110.568256825682568, -6.805130513051305 ], [ 110.568406840684062, -6.804980498049809 ], [ 110.568481848184817, -6.805205520552056 ], [ 110.568256825682568, -6.805130513051305 ] ], [ [ 110.567806780678069, -6.805205520552054 ], [ 110.567881788178823, -6.805130513051299 ], [ 110.567881788178823, -6.805205520552058 ], [ 110.567806780678069, -6.805205520552054 ] ], [ [ 110.568031803180318, -6.80535553555355 ], [ 110.568331833183322, -6.805205520552049 ], [ 110.568331833183322, -6.805430543054301 ], [ 110.568031803180318, -6.80535553555355 ] ], [ [ 110.567881788178823, -6.805280528052806 ], [ 110.567956795679564, -6.805205520552057 ], [ 110.567956795679564, -6.805280528052804 ], [ 110.567881788178823, -6.805280528052806 ] ], [ [ 110.558580858085804, -6.805505550555058 ], [ 110.558655865586559, -6.80535553555355 ], [ 110.558655865586559, -6.805505550555056 ], [ 110.558580858085804, -6.805505550555058 ] ], [ [ 110.568106810681073, -6.805580558055807 ], [ 110.568181818181813, -6.805505550555054 ], [ 110.568181818181813, -6.805580558055804 ], [ 110.568106810681073, -6.805580558055807 ] ], [ [ 110.568181818181813, -6.80565556555656 ], [ 110.568256825682568, -6.80558055805581 ], [ 110.568256825682568, -6.805655565556549 ], [ 110.568181818181813, -6.80565556555656 ] ], [ [ 110.56285628562857, -6.806105610561054 ], [ 110.56293129312931, -6.80603060306031 ], [ 110.56293129312931, -6.806105610561049 ], [ 110.56285628562857, -6.806105610561054 ] ], [ [ 110.563306330633068, -6.806855685568562 ], [ 110.563681368136812, -6.806705670567058 ], [ 110.563606360636058, -6.806855685568562 ], [ 110.563306330633068, -6.806855685568562 ] ], [ [ 110.558505850585064, -6.806255625562549 ], [ 110.558580858085804, -6.806180618061802 ], [ 110.558580858085804, -6.80625562556256 ], [ 110.558505850585064, -6.806255625562549 ] ], [ [ 110.558430843084324, -6.806330633063312 ], [ 110.558505850585064, -6.806255625562549 ], [ 110.558505850585064, -6.806330633063314 ], [ 110.558430843084324, -6.806330633063312 ] ], [ [ 110.558355835583555, -6.806405640564059 ], [ 110.558430843084324, -6.806330633063312 ], [ 110.558430843084324, -6.806405640564051 ], [ 110.558355835583555, -6.806405640564059 ] ], [ [ 110.55820582058206, -6.806480648064815 ], [ 110.558355835583555, -6.806405640564059 ], [ 110.558355835583555, -6.80655565556555 ], [ 110.55820582058206, -6.806480648064815 ] ], [ [ 110.567056705670566, -6.806780678067809 ], [ 110.567131713171321, -6.806705670567058 ], [ 110.567131713171321, -6.806780678067798 ], [ 110.567056705670566, -6.806780678067809 ] ], [ [ 110.568406840684062, -6.806780678067811 ], [ 110.568481848184817, -6.806705670567056 ], [ 110.568481848184817, -6.806780678067803 ], [ 110.568406840684062, -6.806780678067811 ] ], [ [ 110.567131713171321, -6.806930693069313 ], [ 110.567206720672061, -6.806780678067814 ], [ 110.567206720672061, -6.806930693069315 ], [ 110.567131713171321, -6.806930693069313 ] ], [ [ 110.568481848184817, -6.806855685568554 ], [ 110.568631863186312, -6.806780678067812 ], [ 110.568631863186312, -6.806855685568561 ], [ 110.568481848184817, -6.806855685568554 ] ], [ [ 110.556405640564051, -6.807455745574563 ], [ 110.557230723072308, -6.80745574557456 ], [ 110.556480648064806, -6.807980798079807 ], [ 110.556405640564051, -6.807455745574563 ] ], [ [ 110.566456645664573, -6.807830783078301 ], [ 110.567131713171321, -6.807230723072302 ], [ 110.566906690669072, -6.807605760576056 ], [ 110.566456645664573, -6.807830783078301 ] ], [ [ 110.567131713171321, -6.807080708070814 ], [ 110.567206720672061, -6.807005700570057 ], [ 110.567206720672061, -6.807080708070802 ], [ 110.567131713171321, -6.807080708070814 ] ], [ [ 110.557380738073803, -6.807905790579055 ], [ 110.557455745574558, -6.807830783078306 ], [ 110.557455745574558, -6.807905790579064 ], [ 110.557380738073803, -6.807905790579055 ] ], [ [ 110.570507050705075, -6.809030903090314 ], [ 110.570582058205815, -6.808955895589557 ], [ 110.570582058205815, -6.809030903090314 ], [ 110.570507050705075, -6.809030903090314 ] ], [ [ 110.570282028202826, -6.809330933093302 ], [ 110.570357035703566, -6.809255925592566 ], [ 110.570357035703566, -6.809330933093304 ], [ 110.570282028202826, -6.809330933093302 ] ], [ [ 110.570207020702071, -6.809405940594056 ], [ 110.570282028202826, -6.809330933093302 ], [ 110.570282028202826, -6.809405940594066 ], [ 110.570207020702071, -6.809405940594056 ] ], [ [ 110.570132013201317, -6.809480948094807 ], [ 110.570207020702071, -6.809405940594056 ], [ 110.570207020702071, -6.809480948094812 ], [ 110.570132013201317, -6.809480948094807 ] ], [ [ 110.569981998199836, -6.809630963096313 ], [ 110.570057005700576, -6.809555955595561 ], [ 110.570057005700576, -6.809630963096301 ], [ 110.569981998199836, -6.809630963096313 ] ], [ [ 110.569906990699067, -6.809705970597062 ], [ 110.569981998199836, -6.809630963096313 ], [ 110.569981998199836, -6.809705970597062 ], [ 110.569906990699067, -6.809705970597062 ] ], [ [ 110.568031803180318, -6.81015601560156 ], [ 110.568106810681073, -6.810081008100811 ], [ 110.568106810681073, -6.810156015601568 ], [ 110.568031803180318, -6.81015601560156 ] ], [ [ 110.568106810681073, -6.810231023102314 ], [ 110.568256825682568, -6.810156015601558 ], [ 110.568331833183322, -6.81038103810382 ], [ 110.568106810681073, -6.810231023102314 ] ], [ [ 110.568856885688575, -6.810756075607556 ], [ 110.569606960696063, -6.810906090609056 ], [ 110.570282028202826, -6.810831083108313 ], [ 110.57043204320432, -6.811506150615057 ], [ 110.568856885688575, -6.810756075607556 ] ], [ [ 110.571782178217816, -6.810681068106808 ], [ 110.571857185718571, -6.810606060606057 ], [ 110.571857185718571, -6.810681068106812 ], [ 110.571782178217816, -6.810681068106808 ] ], [ [ 110.570057005700576, -6.810831083108302 ], [ 110.570132013201317, -6.810756075607557 ], [ 110.570132013201317, -6.810831083108305 ], [ 110.570057005700576, -6.810831083108302 ] ] ] } },
{ "type": "Feature", "properties": { "year": 2040, "layer": "atrisk" }, "geometry": { "type": "Polygon", "coordinates": [ [ [ 110.553855385538554, -6.830108010801084 ], [ 110.550930093009299, -6.829507950795082 ], [ 110.552805280528062, -6.830108010801085 ], [ 110.553855385538554, -6.830108010801084 ] ] ] } },
{ "type": "Feature", "properties": { "year": 2040, "layer": "atrisk" }, "geometry": { "type": "Polygon", "coordinates": [ [ [ 110.52737773777379, -6.848109810981089 ], [ 110.522652265226526, -6.848334833483343 ], [ 110.521827182718269, -6.848859885988604 ], [ 110.524902490249019, -6.850210021002101 ], [ 110.52737773777379, -6.848109810981089 ] ] ] } },
{ "type": "Feature", "properties": { "year": 2040, "layer": "atrisk" }, "geometry": { "type": "Polygon", "coordinates": [ [ [ 110.442694269426937, -6.938943894389436 ], [ 110.440819081908202, -6.938043804380433 ], [ 110.439468946894692, -6.938943894389444 ], [ 110.442694269426937, -6.938943894389436 ] ] ] } },
{ "type": "Feature", "properties": { "year": 2040, "layer": "atrisk" }, "geometry": { "type": "Polygon", "coordinates": [ [ [ 110.551455145514552, -6.808280828082807 ], [ 110.549504950495063, -6.811131113111306 ], [ 110.552280228022809, -6.809180918091805 ], [ 110.549204920492045, -6.812931293129317 ], [ 110.549429942994294, -6.818181818181825 ], [ 110.546204620462063, -6.821332133213324 ], [ 110.544029402940296, -6.819906990699073 ], [ 110.542454245424537, -6.820657065706573 ], [ 110.537353735373543, -6.827182718271833 ], [ 110.534953495349541, -6.82778277827782 ], [ 110.53052805280528, -6.832058205820585 ], [ 110.532253225322535, -6.834458445844593 ], [ 110.529702970297024, -6.832283228322833 ], [ 110.520102010201029, -6.834983498349827 ], [ 110.523402340234028, -6.838508850885088 ], [ 110.52572757275729, -6.839333933393334 ], [ 110.527527752775271, -6.839333933393331 ], [ 110.528727872787272, -6.844584458445837 ], [ 110.527527752775271, -6.848109810981098 ], [ 110.529777977797778, -6.846234623462342 ], [ 110.529252925292525, -6.848484848484844 ], [ 110.52767776777678, -6.848559855985592 ], [ 110.526477647764779, -6.850960096009591 ], [ 110.523702370237018, -6.850585058505847 ], [ 110.521677167716774, -6.851410141014104 ], [ 110.522202220222027, -6.849759975997596 ], [ 110.521077107710781, -6.849684968496851 ], [ 110.519276927692772, -6.855160516051598 ], [ 110.520552055205528, -6.855760576057612 ], [ 110.518601860186024, -6.857185718571863 ], [ 110.518451845184529, -6.855010501050103 ], [ 110.51522652265227, -6.85913591359135 ], [ 110.516051605160513, -6.86063606360636 ], [ 110.515901590159018, -6.859885988598856 ], [ 110.519126912691263, -6.85741074107411 ], [ 110.516351635163517, -6.860336033603363 ], [ 110.519501950195021, -6.862211221122116 ], [ 110.515076507650761, -6.867386738673869 ], [ 110.508700870087011, -6.880063006300624 ], [ 110.478997899789974, -6.918241824182414 ], [ 110.47562256225622, -6.920942094209425 ], [ 110.476072607260733, -6.924167416741672 ], [ 110.470447044704471, -6.925442544254425 ], [ 110.467371737173721, -6.930468046804684 ], [ 110.46482148214821, -6.929717971797172 ], [ 110.461221122112207, -6.932418241824185 ], [ 110.46009600960096, -6.931818181818182 ], [ 110.459870987098711, -6.933318331833183 ], [ 110.458820882088204, -6.932343234323429 ], [ 110.455520552055205, -6.935943594359435 ], [ 110.452970297029708, -6.936318631863181 ], [ 110.452145214521451, -6.935043504350432 ], [ 110.449219921992196, -6.936918691869195 ], [ 110.448394839483953, -6.935418541854187 ], [ 110.444419441944191, -6.938943894389443 ], [ 110.460996099609957, -6.938943894389444 ], [ 110.461221122112207, -6.937443744374438 ], [ 110.462796279627966, -6.938943894389438 ], [ 110.461596159615965, -6.937368736873688 ], [ 110.462496249624962, -6.936618661866184 ], [ 110.465271527152709, -6.938943894389434 ], [ 110.464596459645975, -6.937068706870681 ], [ 110.466846684668468, -6.938943894389434 ], [ 110.482073207320738, -6.938493849384936 ], [ 110.490474047404746, -6.935193519351929 ], [ 110.496174617461747, -6.930093009300924 ], [ 110.501050105010506, -6.919141914191428 ], [ 110.50142514251425, -6.896939693969404 ], [ 110.508325832583253, -6.894989498949901 ], [ 110.51357635763577, -6.891764176417639 ], [ 110.520777077707791, -6.881488148814877 ], [ 110.522277227722768, -6.872337233723364 ], [ 110.521977197719778, -6.855535553555356 ], [ 110.528277827782773, -6.853660366036598 ], [ 110.534053405340529, -6.850285028502846 ], [ 110.540129012901289, -6.84293429342935 ], [ 110.540954095409546, -6.841134113411338 ], [ 110.539228922892292, -6.839483948394846 ], [ 110.541104110411041, -6.84083408340834 ], [ 110.542754275427541, -6.834383438343829 ], [ 110.54740474047405, -6.833183318331836 ], [ 110.545154515451543, -6.83160816081608 ], [ 110.545829582958291, -6.830558055805582 ], [ 110.547479747974791, -6.833258325832582 ], [ 110.551080108010808, -6.831833183318333 ], [ 110.548529852985297, -6.82823282328232 ], [ 110.554680468046811, -6.829507950795079 ], [ 110.561656165616569, -6.820582058205828 ], [ 110.561956195619558, -6.816156615661572 ], [ 110.551455145514552, -6.808280828082807 ] ], [ [ 110.552355235523549, -6.80910591059106 ], [ 110.552430243024304, -6.809030903090306 ], [ 110.552430243024304, -6.809105910591066 ], [ 110.552355235523549, -6.80910591059106 ] ], [ [ 110.552280228022809, -6.809180918091805 ], [ 110.552355235523549, -6.80910591059106 ], [ 110.552355235523549, -6.809180918091815 ], [ 110.552280228022809, -6.809180918091805 ] ], [ [ 110.550105010501056, -6.814731473147317 ], [ 110.551530153015307, -6.814881488148822 ], [ 110.551605160516047, -6.815256525652572 ], [ 110.550105010501056, -6.814731473147317 ] ], [ [ 110.551680168016802, -6.815181518151813 ], [ 110.551755175517556, -6.815031503150311 ], [ 110.551830183018296, -6.815181518151813 ], [ 110.551680168016802, -6.815181518151813 ] ], [ [ 110.551830183018296, -6.81525652565257 ], [ 110.551980198019805, -6.815181518151809 ], [ 110.551980198019805, -6.815331533153317 ], [ 110.551830183018296, -6.81525652565257 ] ], [ [ 110.551605160516047, -6.815331533153321 ], [ 110.551755175517556, -6.815256525652572 ], [ 110.551755175517556, -6.815406540654064 ], [ 110.551605160516047, -6.815331533153321 ] ], [ [ 110.549654965496543, -6.817431743174315 ], [ 110.549729972997298, -6.817356735673568 ], [ 110.549729972997298, -6.81743174317432 ], [ 110.549654965496543, -6.817431743174315 ] ], [ [ 110.544779477947799, -6.821257125712567 ], [ 110.545004500450048, -6.823582358235822 ], [ 110.5476297629763, -6.825382538253819 ], [ 110.549654965496543, -6.82290729072907 ], [ 110.548079807980798, -6.825907590759075 ], [ 110.547179717971801, -6.825682568256817 ], [ 110.546504650465053, -6.826507650765078 ], [ 110.543729372937293, -6.824407440744077 ], [ 110.544779477947799, -6.821257125712567 ] ], [ [ 110.549504950495063, -6.82493249324932 ], [ 110.552130213021314, -6.82140714071407 ], [ 110.551980198019805, -6.822307230723077 ], [ 110.549804980498052, -6.824932493249316 ], [ 110.549504950495063, -6.82493249324932 ] ], [ [ 110.545604560456042, -6.821857185718565 ], [ 110.545679567956796, -6.821707170717066 ], [ 110.545679567956796, -6.821857185718574 ], [ 110.545604560456042, -6.821857185718565 ] ], [ [ 110.545529552955301, -6.822007200720066 ], [ 110.545604560456042, -6.821932193219324 ], [ 110.545604560456042, -6.822007200720066 ], [ 110.545529552955301, -6.822007200720066 ] ], [ [ 110.552505250525073, -6.82508250825083 ], [ 110.553255325532547, -6.824632463246319 ], [ 110.552580258025799, -6.825907590759069 ], [ 110.552505250525073, -6.82508250825083 ] ], [ [ 110.552805280528062, -6.824557455745575 ], [ 110.552880288028803, -6.824482448244821 ], [ 110.552880288028803, -6.824557455745575 ], [ 110.552805280528062, -6.824557455745575 ] ], [ [ 110.549429942994294, -6.824782478247819 ], [ 110.549579957995803, -6.824557455745568 ], [ 110.549579957995803, -6.824707470747073 ], [ 110.549429942994294, -6.824782478247819 ] ], [ [ 110.549129912991305, -6.824707470747069 ], [ 110.549204920492045, -6.824632463246326 ], [ 110.549204920492045, -6.82470747074707 ], [ 110.549129912991305, -6.824707470747069 ] ], [ [ 110.54740474047405, -6.825907590759078 ], [ 110.547479747974791, -6.825832583258328 ], [ 110.547479747974791, -6.825907590759082 ], [ 110.54740474047405, -6.825907590759078 ] ], [ [ 110.540654065406542, -6.826207620762074 ], [ 110.541029102910286, -6.826207620762072 ], [ 110.540579057905802, -6.826432643264321 ], [ 110.540654065406542, -6.826207620762074 ] ], [ [ 110.540504050405048, -6.826507650765076 ], [ 110.540579057905802, -6.826432643264321 ], [ 110.540579057905802, -6.826507650765073 ], [ 110.540504050405048, -6.826507650765076 ] ], [ [ 110.546129612961295, -6.826957695769574 ], [ 110.546354635463544, -6.826957695769573 ], [ 110.546429642964299, -6.827182718271825 ], [ 110.546129612961295, -6.826957695769574 ] ], [ [ 110.546429642964299, -6.827182718271825 ], [ 110.547554755475545, -6.828082808280823 ], [ 110.546129612961295, -6.830258025802573 ], [ 110.546729672967302, -6.82830783078308 ], [ 110.546429642964299, -6.827182718271825 ] ], [ [ 110.548679867986792, -6.827857785778583 ], [ 110.549204920492045, -6.827707770777086 ], [ 110.549354935493554, -6.828157815781585 ], [ 110.548679867986792, -6.827857785778583 ] ], [ [ 110.536378637863791, -6.828157815781585 ], [ 110.536453645364531, -6.828007800780076 ], [ 110.536453645364531, -6.828157815781581 ], [ 110.536378637863791, -6.828157815781585 ] ], [ [ 110.536453645364531, -6.828307830783073 ], [ 110.53660366036604, -6.828232823282322 ], [ 110.53660366036604, -6.82838283828383 ], [ 110.536453645364531, -6.828307830783073 ] ], [ [ 110.53660366036604, -6.828532853285322 ], [ 110.536753675367535, -6.828457845784571 ], [ 110.536753675367535, -6.828607860786081 ], [ 110.53660366036604, -6.828532853285322 ] ], [ [ 110.536378637863791, -6.828532853285321 ], [ 110.536453645364531, -6.828457845784583 ], [ 110.536453645364531, -6.828532853285329 ], [ 110.536378637863791, -6.828532853285321 ] ], [ [ 110.536753675367535, -6.828682868286827 ], [ 110.53682868286829, -6.828607860786082 ], [ 110.53682868286829, -6.82868286828683 ], [ 110.536753675367535, -6.828682868286827 ] ], [ [ 110.53660366036604, -6.828907890789085 ], [ 110.536678667866781, -6.828757875787574 ], [ 110.536678667866781, -6.828907890789084 ], [ 110.53660366036604, -6.828907890789085 ] ], [ [ 110.53682868286829, -6.828832883288334 ], [ 110.53690369036903, -6.828757875787572 ], [ 110.53690369036903, -6.82883288328833 ], [ 110.53682868286829, -6.828832883288334 ] ], [ [ 110.53690369036903, -6.828907890789074 ], [ 110.536978697869785, -6.828832883288328 ], [ 110.536978697869785, -6.828907890789075 ], [ 110.53690369036903, -6.828907890789074 ] ], [ [ 110.536678667866781, -6.828982898289829 ], [ 110.536753675367535, -6.828907890789086 ], [ 110.536753675367535, -6.828982898289834 ], [ 110.536678667866781, -6.828982898289829 ] ], [ [ 110.537128712871294, -6.829882988298828 ], [ 110.537203720372034, -6.828982898289827 ], [ 110.537428742874283, -6.830108010801079 ], [ 110.537128712871294, -6.829882988298828 ] ], [ [ 110.537503750375038, -6.830108010801087 ], [ 110.537578757875792, -6.829957995799587 ], [ 110.537578757875792, -6.83010801080108 ], [ 110.537503750375038, -6.830108010801087 ] ], [ [ 110.546504650465053, -6.830108010801074 ], [ 110.546579657965793, -6.829957995799583 ], [ 110.546579657965793, -6.830108010801076 ], [ 110.546504650465053, -6.830108010801074 ] ], [ [ 110.537578757875792, -6.830183018301826 ], [ 110.537653765376533, -6.830108010801076 ], [ 110.537653765376533, -6.830183018301822 ], [ 110.537578757875792, -6.830183018301826 ] ], [ [ 110.537428742874283, -6.830258025802571 ], [ 110.537503750375038, -6.830183018301831 ], [ 110.537503750375038, -6.83025802580258 ], [ 110.537428742874283, -6.830258025802571 ] ], [ [ 110.537503750375038, -6.830408040804075 ], [ 110.537578757875792, -6.830258025802576 ], [ 110.537578757875792, -6.830408040804087 ], [ 110.537503750375038, -6.830408040804075 ] ], [ [ 110.537653765376533, -6.830333033303326 ], [ 110.537728772877287, -6.830258025802572 ], [ 110.537728772877287, -6.830333033303325 ], [ 110.537653765376533, -6.830333033303326 ] ], [ [ 110.54605460546054, -6.830333033303321 ], [ 110.546129612961295, -6.830258025802573 ], [ 110.546129612961295, -6.83033303330333 ], [ 110.54605460546054, -6.830333033303321 ] ], [ [ 110.546354635463544, -6.830333033303322 ], [ 110.546429642964299, -6.830258025802576 ], [ 110.546429642964299, -6.830333033303325 ], [ 110.546354635463544, -6.830333033303322 ] ], [ [ 110.5459795979598, -6.830408040804084 ], [ 110.54605460546054, -6.830333033303321 ], [ 110.54605460546054, -6.830408040804077 ], [ 110.5459795979598, -6.830408040804084 ] ], [ [ 110.537953795379551, -6.832208220822089 ], [ 110.537803780378042, -6.830408040804087 ], [ 110.538553855385544, -6.832283228322833 ], [ 110.537953795379551, -6.832208220822089 ] ], [ [ 110.545904590459045, -6.830483048304833 ], [ 110.5459795979598, -6.830408040804084 ], [ 110.5459795979598, -6.830483048304828 ], [ 110.545904590459045, -6.830483048304833 ] ], [ [ 110.534803480348032, -6.832058205820579 ], [ 110.534953495349541, -6.832658265826582 ], [ 110.534278427842779, -6.833108310831085 ], [ 110.534428442844288, -6.833708370837079 ], [ 110.533003300330051, -6.835208520852088 ], [ 110.533453345334536, -6.836033603360328 ], [ 110.533378337833781, -6.836183618361831 ], [ 110.532253225322535, -6.834458445844593 ], [ 110.534803480348032, -6.832058205820579 ] ], [ [ 110.538553855385544, -6.832358235823582 ], [ 110.538703870387039, -6.832283228322831 ], [ 110.538703870387039, -6.832358235823578 ], [ 110.538553855385544, -6.832358235823582 ] ], [ [ 110.538328832883295, -6.832508250825076 ], [ 110.538403840384035, -6.832433243324323 ], [ 110.538403840384035, -6.832508250825083 ], [ 110.538328832883295, -6.832508250825076 ] ], [ [ 110.538553855385544, -6.832583258325839 ], [ 110.538628862886284, -6.83250825082508 ], [ 110.538628862886284, -6.832583258325825 ], [ 110.538553855385544, -6.832583258325839 ] ], [ [ 110.539303930393032, -6.832958295829579 ], [ 110.539828982898285, -6.832658265826575 ], [ 110.540204020402044, -6.833108310831088 ], [ 110.539303930393032, -6.832958295829579 ] ], [ [ 110.540279027902784, -6.833258325832585 ], [ 110.542679267926786, -6.833858385838576 ], [ 110.542379237923797, -6.834683468346832 ], [ 110.540279027902784, -6.833258325832585 ] ], [ [ 110.525652565256522, -6.834458445844584 ], [ 110.527902790279029, -6.836183618361845 ], [ 110.52737773777379, -6.836933693369334 ], [ 110.528277827782773, -6.837308730873092 ], [ 110.526702670267042, -6.836783678367843 ], [ 110.52437743774378, -6.835283528352831 ], [ 110.525652565256522, -6.834458445844584 ] ], [ [ 110.542079207920793, -6.834908490849082 ], [ 110.542154215421547, -6.834983498349835 ], [ 110.542004200420038, -6.834983498349831 ], [ 110.542079207920793, -6.834908490849082 ] ], [ [ 110.522652265226526, -6.834833483348332 ], [ 110.525052505250528, -6.83633363336333 ], [ 110.524752475247524, -6.837608760876085 ], [ 110.521977197719778, -6.836483648364843 ], [ 110.522652265226526, -6.834833483348332 ] ], [ [ 110.525202520252023, -6.836483648364838 ], [ 110.525277527752777, -6.836408640864082 ], [ 110.525277527752777, -6.836483648364839 ], [ 110.525202520252023, -6.836483648364838 ] ], [ [ 110.534428442844288, -6.836633663366329 ], [ 110.534503450345028, -6.836558655865586 ], [ 110.534503450345028, -6.836633663366328 ], [ 110.534428442844288, -6.836633663366329 ] ], [ [ 110.534503450345028, -6.836633663366328 ], [ 110.535628562856303, -6.837008700870087 ], [ 110.535853585358538, -6.83723372337234 ], [ 110.536228622862282, -6.837383738373836 ], [ 110.53547854785478, -6.837383738373841 ], [ 110.534503450345028, -6.836633663366328 ] ], [ [ 110.530078007800782, -6.83678367836783 ], [ 110.530153015301536, -6.836708670867089 ], [ 110.530153015301536, -6.836783678367838 ], [ 110.530078007800782, -6.83678367836783 ] ], [ [ 110.529927992799287, -6.837083708370832 ], [ 110.530228022802277, -6.836858685868587 ], [ 110.530303030303031, -6.837083708370836 ], [ 110.529927992799287, -6.837083708370832 ] ], [ [ 110.528652865286531, -6.837083708370845 ], [ 110.528727872787272, -6.837158715871579 ], [ 110.528577857785777, -6.837158715871592 ], [ 110.528652865286531, -6.837083708370845 ] ], [ [ 110.528052805280524, -6.837083708370844 ], [ 110.528277827782773, -6.837008700870087 ], [ 110.528277827782773, -6.837083708370837 ], [ 110.528052805280524, -6.837083708370844 ] ], [ [ 110.528802880288026, -6.837083708370836 ], [ 110.53240324032403, -6.837533753375336 ], [ 110.533903390339034, -6.83813381338133 ], [ 110.532478247824784, -6.838208820882084 ], [ 110.528802880288026, -6.837083708370836 ] ], [ [ 110.535853585358538, -6.837158715871591 ], [ 110.535928592859293, -6.83708370837084 ], [ 110.535928592859293, -6.837158715871589 ], [ 110.535853585358538, -6.837158715871591 ] ], [ [ 110.536153615361542, -6.837233723372344 ], [ 110.536303630363051, -6.837158715871585 ], [ 110.536303630363051, -6.837233723372334 ], [ 110.536153615361542, -6.837233723372344 ] ], [ [ 110.536303630363051, -6.837308730873088 ], [ 110.536378637863791, -6.837233723372333 ], [ 110.536378637863791, -6.837308730873088 ], [ 110.536303630363051, -6.837308730873088 ] ], [ [ 110.528052805280524, -6.837908790879094 ], [ 110.530003000300042, -6.837758775877594 ], [ 110.530453045304526, -6.837983798379833 ], [ 110.528052805280524, -6.837908790879094 ] ], [ [ 110.530603060306035, -6.838133813381331 ], [ 110.530828082808284, -6.837983798379828 ], [ 110.530828082808284, -6.838133813381343 ], [ 110.530603060306035, -6.838133813381331 ] ], [ [ 110.536378637863791, -6.838508850885082 ], [ 110.536528652865286, -6.838283828382831 ], [ 110.53660366036604, -6.83850885088509 ], [ 110.536378637863791, -6.838508850885082 ] ], [ [ 110.53352835283529, -6.838583858385834 ], [ 110.534053405340529, -6.838883888388833 ], [ 110.533453345334536, -6.838733873387345 ], [ 110.53352835283529, -6.838583858385834 ] ], [ [ 110.535028502850281, -6.838508850885081 ], [ 110.535328532853285, -6.838433843384334 ], [ 110.535703570357029, -6.838733873387347 ], [ 110.535028502850281, -6.838508850885081 ] ], [ [ 110.536753675367535, -6.838733873387335 ], [ 110.539828982898285, -6.840609060906091 ], [ 110.540354035403539, -6.841659165916593 ], [ 110.536753675367535, -6.838733873387335 ] ], [ [ 110.525502550255027, -6.839033903390336 ], [ 110.525577557755781, -6.83895889588959 ], [ 110.525577557755781, -6.83903390339034 ], [ 110.525502550255027, -6.839033903390336 ] ], [ [ 110.539078907890783, -6.839408940894096 ], [ 110.539153915391537, -6.839333933393339 ], [ 110.539153915391537, -6.839408940894092 ], [ 110.539078907890783, -6.839408940894096 ] ], [ [ 110.539153915391537, -6.839483948394831 ], [ 110.539228922892292, -6.839408940894091 ], [ 110.539228922892292, -6.839483948394846 ], [ 110.539153915391537, -6.839483948394831 ] ], [ [ 110.540054005400535, -6.840609060906084 ], [ 110.540129012901289, -6.840534053405343 ], [ 110.540129012901289, -6.840609060906085 ], [ 110.540054005400535, -6.840609060906084 ] ], [ [ 110.539978997899794, -6.840684068406839 ], [ 110.540054005400535, -6.840609060906084 ], [ 110.540054005400535, -6.840684068406836 ], [ 110.539978997899794, -6.840684068406839 ] ], [ [ 110.538178817881786, -6.841434143414335 ], [ 110.53825382538254, -6.84135913591359 ], [ 110.53825382538254, -6.841434143414341 ], [ 110.538178817881786, -6.841434143414335 ] ], [ [ 110.53825382538254, -6.841509150915097 ], [ 110.538328832883295, -6.841434143414349 ], [ 110.538328832883295, -6.841509150915086 ], [ 110.53825382538254, -6.841509150915097 ] ], [ [ 110.53847884788479, -6.841884188418838 ], [ 110.539078907890783, -6.841959195919587 ], [ 110.539453945394541, -6.842559255925594 ], [ 110.53847884788479, -6.841884188418838 ] ], [ [ 110.539228922892292, -6.841734173417342 ], [ 110.539303930393032, -6.841584158415836 ], [ 110.539303930393032, -6.841734173417332 ], [ 110.539228922892292, -6.841734173417342 ] ], [ [ 110.539153915391537, -6.841809180918088 ], [ 110.539228922892292, -6.841734173417342 ], [ 110.539228922892292, -6.841809180918091 ], [ 110.539153915391537, -6.841809180918088 ] ], [ [ 110.530603060306035, -6.842859285928593 ], [ 110.530678067806789, -6.842559255925598 ], [ 110.530678067806789, -6.842859285928587 ], [ 110.530603060306035, -6.842859285928593 ] ], [ [ 110.530303030303031, -6.843759375937599 ], [ 110.5303780378038, -6.843609360936096 ], [ 110.5303780378038, -6.843759375937595 ], [ 110.530303030303031, -6.843759375937599 ] ], [ [ 110.528877887788781, -6.845784578457842 ], [ 110.529177917791785, -6.845559555955605 ], [ 110.529327932793279, -6.845784578457846 ], [ 110.528877887788781, -6.845784578457842 ] ], [ [ 110.530078007800782, -6.846234623462347 ], [ 110.53052805280528, -6.846084608460844 ], [ 110.530678067806789, -6.846234623462353 ], [ 110.530078007800782, -6.846234623462347 ] ], [ [ 110.531728172817282, -6.847284728472842 ], [ 110.531803180318036, -6.8472097209721 ], [ 110.531803180318036, -6.847284728472839 ], [ 110.531728172817282, -6.847284728472842 ] ], [ [ 110.532328232823289, -6.847884788478841 ], [ 110.53240324032403, -6.84780978097809 ], [ 110.53240324032403, -6.847884788478851 ], [ 110.532328232823289, -6.847884788478841 ] ], [ [ 110.53240324032403, -6.847959795979598 ], [ 110.532478247824784, -6.847884788478851 ], [ 110.532478247824784, -6.84795979597959 ], [ 110.53240324032403, -6.847959795979598 ] ], [ [ 110.533378337833781, -6.848484848484847 ], [ 110.533453345334536, -6.848409840984105 ], [ 110.533453345334536, -6.848484848484857 ], [ 110.533378337833781, -6.848484848484847 ] ], [ [ 110.533453345334536, -6.848559855985593 ], [ 110.53352835283529, -6.848484848484854 ], [ 110.53352835283529, -6.8485598559856 ], [ 110.533453345334536, -6.848559855985593 ] ], [ [ 110.53352835283529, -6.848634863486348 ], [ 110.533603360336031, -6.848559855985593 ], [ 110.533603360336031, -6.848634863486349 ], [ 110.53352835283529, -6.848634863486348 ] ], [ [ 110.533603360336031, -6.848709870987093 ], [ 110.533678367836785, -6.848634863486354 ], [ 110.533678367836785, -6.848709870987105 ], [ 110.533603360336031, -6.848709870987093 ] ], [ [ 110.523102310231025, -6.851185118511853 ], [ 110.523252325232519, -6.851110111011096 ], [ 110.523252325232519, -6.851185118511857 ], [ 110.523102310231025, -6.851185118511853 ] ], [ [ 110.52295229522953, -6.851260126012605 ], [ 110.52302730273027, -6.851185118511845 ], [ 110.52302730273027, -6.851260126012605 ], [ 110.52295229522953, -6.851260126012605 ] ], [ [ 110.52632763276327, -6.852835283528359 ], [ 110.526402640264024, -6.852760276027604 ], [ 110.526402640264024, -6.85283528352836 ], [ 110.52632763276327, -6.852835283528359 ] ], [ [ 110.526702670267042, -6.853285328532849 ], [ 110.527077707770772, -6.853135313531352 ], [ 110.527002700270032, -6.853360336033599 ], [ 110.526702670267042, -6.853285328532849 ] ], [ [ 110.522202220222027, -6.854485448544851 ], [ 110.522427242724291, -6.854485448544848 ], [ 110.522202220222027, -6.854560456045607 ], [ 110.522202220222027, -6.854485448544851 ] ], [ [ 110.520027002700274, -6.855160516051597 ], [ 110.520102010201029, -6.855085508550856 ], [ 110.520102010201029, -6.855160516051608 ], [ 110.520027002700274, -6.855160516051597 ] ], [ [ 110.520102010201029, -6.855310531053111 ], [ 110.520177017701769, -6.855235523552349 ], [ 110.520177017701769, -6.855310531053107 ], [ 110.520102010201029, -6.855310531053111 ] ], [ [ 110.521677167716774, -6.855310531053108 ], [ 110.521977197719778, -6.855310531053105 ], [ 110.521677167716774, -6.855460546054606 ], [ 110.521677167716774, -6.855310531053108 ] ], [ [ 110.521527152715265, -6.855535553555349 ], [ 110.52160216021602, -6.855460546054605 ], [ 110.52160216021602, -6.855535553555349 ], [ 110.521527152715265, -6.855535553555349 ] ], [ [ 110.520552055205528, -6.855610561056106 ], [ 110.520627062706268, -6.855535553555354 ], [ 110.520627062706268, -6.855610561056097 ], [ 110.520552055205528, -6.855610561056106 ] ], [ [ 110.521452145214539, -6.855610561056107 ], [ 110.521527152715265, -6.855535553555349 ], [ 110.521527152715265, -6.855610561056104 ], [ 110.521452145214539, -6.855610561056107 ] ], [ [ 110.521752175217529, -6.855685568556854 ], [ 110.521977197719778, -6.855685568556853 ], [ 110.521752175217529, -6.855760576057614 ], [ 110.521752175217529, -6.855685568556854 ] ], [ [ 110.521677167716774, -6.85583558355835 ], [ 110.521752175217529, -6.855760576057614 ], [ 110.521752175217529, -6.85583558355836 ], [ 110.521677167716774, -6.85583558355835 ] ], [ [ 110.521527152715265, -6.855910591059113 ], [ 110.52160216021602, -6.855835583558351 ], [ 110.52160216021602, -6.855910591059114 ], [ 110.521527152715265, -6.855910591059113 ] ], [ [ 110.519501950195021, -6.856885688568854 ], [ 110.520252025202524, -6.856810681068106 ], [ 110.519426942694281, -6.857035703570364 ], [ 110.519501950195021, -6.856885688568854 ] ], [ [ 110.519351935193512, -6.857110711071101 ], [ 110.519426942694281, -6.857035703570364 ], [ 110.519426942694281, -6.857110711071115 ], [ 110.519351935193512, -6.857110711071101 ] ], [ [ 110.517476747674763, -6.857635763576356 ], [ 110.517701770177013, -6.857635763576362 ], [ 110.517476747674763, -6.857710771077111 ], [ 110.517476747674763, -6.857635763576356 ] ], [ [ 110.51687668766877, -6.858085808580856 ], [ 110.517476747674763, -6.858235823582358 ], [ 110.51687668766877, -6.85853585358536 ], [ 110.51687668766877, -6.858085808580856 ] ], [ [ 110.52160216021602, -6.859660966096616 ], [ 110.521902190219024, -6.859660966096607 ], [ 110.521527152715265, -6.859810981098103 ], [ 110.52160216021602, -6.859660966096616 ] ], [ [ 110.516501650165011, -6.872337233723379 ], [ 110.516576657665766, -6.872037203720367 ], [ 110.516651665166521, -6.872337233723376 ], [ 110.516501650165011, -6.872337233723379 ] ], [ [ 110.51680168016803, -6.872712271227122 ], [ 110.51695169516951, -6.872562256225628 ], [ 110.517026702670265, -6.872712271227124 ], [ 110.51680168016803, -6.872712271227122 ] ], [ [ 110.509450945094514, -6.879837983798384 ], [ 110.509525952595268, -6.879687968796879 ], [ 110.509525952595268, -6.879837983798373 ], [ 110.509450945094514, -6.879837983798384 ] ], [ [ 110.509075907590756, -6.881413141314137 ], [ 110.509525952595268, -6.881113111311137 ], [ 110.509075907590756, -6.881638163816381 ], [ 110.509075907590756, -6.881413141314137 ] ], [ [ 110.507050705070512, -6.885538553855379 ], [ 110.507425742574256, -6.885238523852389 ], [ 110.50750075007501, -6.885388538853891 ], [ 110.507050705070512, -6.885538553855379 ] ], [ [ 110.506825682568262, -6.885838583858383 ], [ 110.507050705070512, -6.88591359135914 ], [ 110.506900690069003, -6.885988598859893 ], [ 110.506825682568262, -6.885838583858383 ] ], [ [ 110.49392439243924, -6.907515751575155 ], [ 110.494149414941489, -6.907440744074409 ], [ 110.494149414941489, -6.907590759075911 ], [ 110.49392439243924, -6.907515751575155 ] ], [ [ 110.490774077407735, -6.909690969096916 ], [ 110.490999099909985, -6.909015901590163 ], [ 110.490999099909985, -6.909690969096904 ], [ 110.490774077407735, -6.909690969096916 ] ], [ [ 110.491149114911494, -6.909465946594651 ], [ 110.491224122412248, -6.909390939093901 ], [ 110.491224122412248, -6.90946594659466 ], [ 110.491149114911494, -6.909465946594651 ] ], [ [ 110.488448844884488, -6.909690969096916 ], [ 110.488748874887492, -6.909915991599158 ], [ 110.488148814881484, -6.909990999099911 ], [ 110.488448844884488, -6.909690969096916 ] ], [ [ 110.488073807380758, -6.910066006600665 ], [ 110.488148814881484, -6.909990999099911 ], [ 110.488148814881484, -6.910066006600659 ], [ 110.488073807380758, -6.910066006600665 ] ], [ [ 110.487998799879989, -6.910141014101411 ], [ 110.488073807380758, -6.910066006600665 ], [ 110.488073807380758, -6.910141014101418 ], [ 110.487998799879989, -6.910141014101411 ] ], [ [ 110.487848784878494, -6.91014101410141 ], [ 110.487998799879989, -6.910291029102909 ], [ 110.486873687368742, -6.911566156615669 ], [ 110.487473747374736, -6.912541254125408 ], [ 110.486048604860486, -6.913216321632166 ], [ 110.486798679867988, -6.914641464146419 ], [ 110.485973597359731, -6.91479147914792 ], [ 110.485523552355232, -6.913216321632172 ], [ 110.487848784878494, -6.91014101410141 ] ], [ [ 110.492649264926499, -6.910516051605163 ], [ 110.492874287428748, -6.910366036603666 ], [ 110.492874287428748, -6.910441044104407 ], [ 110.492649264926499, -6.910516051605163 ] ], [ [ 110.488448844884488, -6.913066306630669 ], [ 110.488598859885983, -6.912841284128414 ], [ 110.488673867386737, -6.913066306630654 ], [ 110.488448844884488, -6.913066306630669 ] ], [ [ 110.488073807380758, -6.913066306630663 ], [ 110.488148814881484, -6.912916291629158 ], [ 110.488148814881484, -6.913066306630657 ], [ 110.488073807380758, -6.913066306630663 ] ], [ [ 110.488298829882993, -6.91366636663666 ], [ 110.488523852385242, -6.913591359135912 ], [ 110.488523852385242, -6.913741374137412 ], [ 110.488298829882993, -6.91366636663666 ] ], [ [ 110.487848784878494, -6.913816381638163 ], [ 110.488073807380758, -6.913891389138908 ], [ 110.487848784878494, -6.913966396639657 ], [ 110.487848784878494, -6.913816381638163 ] ], [ [ 110.48777377737774, -6.914191419141913 ], [ 110.487848784878494, -6.914116411641158 ], [ 110.487848784878494, -6.914191419141913 ], [ 110.48777377737774, -6.914191419141913 ] ], [ [ 110.487398739873996, -6.914866486648656 ], [ 110.48754875487549, -6.914641464146408 ], [ 110.48754875487549, -6.914866486648664 ], [ 110.487398739873996, -6.914866486648656 ] ], [ [ 110.487923792379235, -6.914791479147907 ], [ 110.487998799879989, -6.914716471647155 ], [ 110.487998799879989, -6.914791479147922 ], [ 110.487923792379235, -6.914791479147907 ] ], [ [ 110.482223222322233, -6.91554155415542 ], [ 110.482748274827486, -6.915841584158417 ], [ 110.48312331233123, -6.916741674167424 ], [ 110.483648364836483, -6.916966696669675 ], [ 110.483798379837978, -6.917866786678672 ], [ 110.482223222322233, -6.91554155415542 ] ], [ [ 110.492799279927993, -6.916591659165914 ], [ 110.492874287428748, -6.916441644164421 ], [ 110.492874287428748, -6.916591659165917 ], [ 110.492799279927993, -6.916591659165914 ] ], [ [ 110.479897989798985, -6.925742574257426 ], [ 110.480198019801975, -6.925217521752182 ], [ 110.481098109810986, -6.926267626762677 ], [ 110.479897989798985, -6.925742574257426 ] ], [ [ 110.48147314731473, -6.925292529252927 ], [ 110.482748274827486, -6.925292529252919 ], [ 110.482673267326732, -6.926117611761172 ], [ 110.48147314731473, -6.925292529252927 ] ], [ [ 110.481773177317734, -6.926942694269417 ], [ 110.481923192319229, -6.926642664266427 ], [ 110.481998199819984, -6.926942694269419 ], [ 110.481773177317734, -6.926942694269417 ] ], [ [ 110.484623462346235, -6.927467746774684 ], [ 110.484923492349239, -6.92761776177618 ], [ 110.484623462346235, -6.927692769276921 ], [ 110.484623462346235, -6.927467746774684 ] ], [ [ 110.482898289828981, -6.928067806780681 ], [ 110.482973297329735, -6.927767776777681 ], [ 110.48304830483049, -6.928142814281425 ], [ 110.482898289828981, -6.928067806780681 ] ], [ [ 110.484398439843986, -6.928217821782175 ], [ 110.48447344734474, -6.928142814281435 ], [ 110.48447344734474, -6.92821782178218 ], [ 110.484398439843986, -6.928217821782175 ] ], [ [ 110.483723372337238, -6.92829282928292 ], [ 110.483798379837978, -6.928217821782172 ], [ 110.483798379837978, -6.928292829282924 ], [ 110.483723372337238, -6.92829282928292 ] ], [ [ 110.484098409840996, -6.928367836783679 ], [ 110.484398439843986, -6.928367836783678 ], [ 110.483948394839487, -6.928742874287435 ], [ 110.484098409840996, -6.928367836783679 ] ], [ [ 110.483798379837978, -6.928367836783679 ], [ 110.483873387338733, -6.928292829282935 ], [ 110.483873387338733, -6.928367836783679 ], [ 110.483798379837978, -6.928367836783679 ] ], [ [ 110.461821182118214, -6.93361836183618 ], [ 110.461971197119723, -6.933318331833185 ], [ 110.462046204620464, -6.933468346834683 ], [ 110.461821182118214, -6.93361836183618 ] ], [ [ 110.459645964596476, -6.93369336933694 ], [ 110.459870987098711, -6.933768376837686 ], [ 110.459645964596476, -6.933843384338435 ], [ 110.459645964596476, -6.93369336933694 ] ], [ [ 110.459645964596476, -6.933918391839185 ], [ 110.460021002100206, -6.933993399339932 ], [ 110.459645964596476, -6.934143414341429 ], [ 110.459645964596476, -6.933918391839185 ] ], [ [ 110.462046204620464, -6.934143414341435 ], [ 110.462121212121218, -6.934068406840677 ], [ 110.462121212121218, -6.934143414341428 ], [ 110.462046204620464, -6.934143414341435 ] ], [ [ 110.46009600960096, -6.934818481848184 ], [ 110.461821182118214, -6.934818481848184 ], [ 110.460771077107708, -6.935793579357934 ], [ 110.462121212121218, -6.936768676867683 ], [ 110.459720972097216, -6.938343834383443 ], [ 110.458670867086724, -6.936768676867687 ], [ 110.46009600960096, -6.934818481848184 ] ], [ [ 110.461971197119723, -6.934893489348944 ], [ 110.462046204620464, -6.93481848184818 ], [ 110.462046204620464, -6.93489348934894 ], [ 110.461971197119723, -6.934893489348944 ] ], [ [ 110.461896189618969, -6.935193519351929 ], [ 110.462046204620464, -6.935043504350429 ], [ 110.462046204620464, -6.935193519351944 ], [ 110.461896189618969, -6.935193519351929 ] ], [ [ 110.462196219621958, -6.936018601860183 ], [ 110.462796279627966, -6.936093609360936 ], [ 110.462196219621958, -6.936243624362437 ], [ 110.462196219621958, -6.936018601860183 ] ], [ [ 110.462646264626457, -6.936243624362439 ], [ 110.462871287128706, -6.936243624362437 ], [ 110.462646264626457, -6.936318631863189 ], [ 110.462646264626457, -6.936243624362439 ] ], [ [ 110.462046204620464, -6.936318631863195 ], [ 110.462121212121218, -6.936243624362442 ], [ 110.462121212121218, -6.936318631863188 ], [ 110.462046204620464, -6.936318631863195 ] ], [ [ 110.462571257125717, -6.936393639363941 ], [ 110.462646264626457, -6.936318631863189 ], [ 110.462646264626457, -6.93639363936394 ], [ 110.462571257125717, -6.936393639363941 ] ], [ [ 110.462421242124208, -6.936468646864681 ], [ 110.462571257125717, -6.936393639363941 ], [ 110.462571257125717, -6.936468646864685 ], [ 110.462421242124208, -6.936468646864681 ] ], [ [ 110.462721272127212, -6.936543654365435 ], [ 110.462946294629475, -6.936543654365442 ], [ 110.462721272127212, -6.936618661866181 ], [ 110.462721272127212, -6.936543654365435 ] ], [ [ 110.464446444644466, -6.93699369936994 ], [ 110.464596459645975, -6.93691869186919 ], [ 110.464596459645975, -6.937068706870681 ], [ 110.464446444644466, -6.93699369936994 ] ], [ [ 110.461446144614456, -6.937443744374435 ], [ 110.46152115211521, -6.937293729372937 ], [ 110.46152115211521, -6.937443744374439 ], [ 110.461446144614456, -6.937443744374435 ] ], [ [ 110.46474647464747, -6.938418841884184 ], [ 110.46482148214821, -6.938343834383439 ], [ 110.46482148214821, -6.938418841884182 ], [ 110.46474647464747, -6.938418841884184 ] ] ] } },
{ "type": "Feature", "properties": { "year": 2040, "layer": "atrisk" }, "geometry": { "type": "Polygon", "coordinates": [ [ [ 110.438643864386435, -6.93946894689469 ], [ 110.437368736873694, -6.939618961896188 ], [ 110.437743774377438, -6.942319231923186 ], [ 110.438643864386435, -6.93946894689469 ] ] ] } },
{ "type": "Feature", "properties": { "year": 2040, "layer": "atrisk" }, "geometry": { "type": "Polygon", "coordinates": [ [ [ 110.41854185418542, -6.945769576957698 ], [ 110.416741674167412, -6.946069606960693 ], [ 110.416666666666671, -6.946969696969693 ], [ 110.418616861686175, -6.946969696969693 ], [ 110.41854185418542, -6.945769576957698 ] ] ] } },
{ "type": "Feature", "properties": { "year": 2040, "layer": "atrisk" }, "geometry": { "type": "Polygon", "coordinates": [ [ [ 110.427392739273927, -6.946819681968191 ], [ 110.426942694269442, -6.947569756975696 ], [ 110.427542754275422, -6.947869786978706 ], [ 110.427842784278425, -6.947419741974203 ], [ 110.427392739273927, -6.946819681968191 ] ], [ [ 110.427392739273927, -6.947119711971197 ], [ 110.427467746774681, -6.947044704470446 ], [ 110.427467746774681, -6.947119711971198 ], [ 110.427392739273927, -6.947119711971197 ] ] ] } },
{ "type": "Feature", "properties": { "year": 2040, "layer": "atrisk" }, "geometry": { "type": "Polygon", "coordinates": [ [ [ 110.399039903990399, -6.947194719471939 ], [ 110.39881488148815, -6.946819681968202 ], [ 110.39723972397239, -6.94801980198019 ], [ 110.399039903990399, -6.947194719471939 ] ] ] } },
{ "type": "Feature", "properties": { "year": 2040, "layer": "atrisk" }, "geometry": { "type": "Polygon", "coordinates": [ [ [ 110.424242424242422, -6.941719171917183 ], [ 110.424467446744671, -6.944119411941197 ], [ 110.423717371737169, -6.943444344434448 ], [ 110.42349234923492, -6.944119411941189 ], [ 110.424392439243931, -6.946819681968196 ], [ 110.425742574257427, -6.948094809480955 ], [ 110.427767776777671, -6.946069606960703 ], [ 110.42626762676268, -6.942469246924698 ], [ 110.42634263426342, -6.944119411941188 ], [ 110.424242424242422, -6.941719171917183 ] ], [ [ 110.424767476747675, -6.942994299429935 ], [ 110.42484248424843, -6.942919291929187 ], [ 110.42484248424843, -6.942994299429946 ], [ 110.424767476747675, -6.942994299429935 ] ], [ [ 110.424767476747675, -6.94404440444045 ], [ 110.425367536753669, -6.943669366936699 ], [ 110.425592559255932, -6.944494449444946 ], [ 110.424767476747675, -6.94404440444045 ] ], [ [ 110.424692469246921, -6.944644464446438 ], [ 110.42491749174917, -6.944194419441939 ], [ 110.42484248424843, -6.944644464446448 ], [ 110.424692469246921, -6.944644464446438 ] ], [ [ 110.425892589258922, -6.944644464446445 ], [ 110.425967596759691, -6.944419441944188 ], [ 110.425967596759691, -6.944644464446451 ], [ 110.425892589258922, -6.944644464446445 ] ], [ [ 110.425217521752174, -6.944644464446445 ], [ 110.425367536753669, -6.9447194719472 ], [ 110.425217521752174, -6.944719471947186 ], [ 110.425217521752174, -6.944644464446445 ] ], [ [ 110.425592559255932, -6.945319531953202 ], [ 110.427242724272432, -6.945919591959202 ], [ 110.425742574257427, -6.945694569456945 ], [ 110.425067506750679, -6.9471197119712 ], [ 110.42484248424843, -6.945169516951702 ], [ 110.425592559255932, -6.945319531953202 ] ], [ [ 110.424767476747675, -6.944869486948696 ], [ 110.425292529252943, -6.944794479447949 ], [ 110.425292529252943, -6.944869486948694 ], [ 110.424767476747675, -6.944869486948696 ] ], [ [ 110.425517551755178, -6.944794479447943 ], [ 110.425667566756672, -6.944644464446451 ], [ 110.425667566756672, -6.94479447944794 ], [ 110.425517551755178, -6.944794479447943 ] ], [ [ 110.425367536753669, -6.944794479447946 ], [ 110.425442544254423, -6.944719471947192 ], [ 110.425442544254423, -6.94479447944794 ], [ 110.425367536753669, -6.944794479447946 ] ], [ [ 110.424392439243931, -6.945169516951692 ], [ 110.424467446744671, -6.944944494449447 ], [ 110.424467446744671, -6.945169516951702 ], [ 110.424392439243931, -6.945169516951692 ] ], [ [ 110.425817581758182, -6.945994599459944 ], [ 110.425892589258922, -6.945919591959195 ], [ 110.425892589258922, -6.945994599459945 ], [ 110.425817581758182, -6.945994599459944 ] ], [ [ 110.427542754275422, -6.946144614461443 ], [ 110.42761776177619, -6.946069606960698 ], [ 110.42761776177619, -6.946144614461446 ], [ 110.427542754275422, -6.946144614461443 ] ], [ [ 110.426417641764175, -6.946669666966688 ], [ 110.42656765676567, -6.946444644464441 ], [ 110.426492649264929, -6.946669666966703 ], [ 110.426417641764175, -6.946669666966688 ] ], [ [ 110.424767476747675, -6.946969696969703 ], [ 110.42484248424843, -6.946894689468951 ], [ 110.42484248424843, -6.946969696969688 ], [ 110.424767476747675, -6.946969696969703 ] ], [ [ 110.426192619261926, -6.947119711971191 ], [ 110.42626762676268, -6.947044704470442 ], [ 110.42626762676268, -6.947119711971202 ], [ 110.426192619261926, -6.947119711971191 ] ] ] } },
{ "type": "Feature", "properties": { "year": 2040, "layer": "atrisk" }, "geometry": { "type": "Polygon", "coordinates": [ [ [ 110.429042904290426, -6.945244524452454 ], [ 110.428142814281429, -6.945844584458442 ], [ 110.42956795679568, -6.947269726972704 ], [ 110.428292829282924, -6.948169816981704 ], [ 110.431968196819682, -6.947419741974191 ], [ 110.432193219321931, -6.946369636963698 ], [ 110.429867986798683, -6.946819681968191 ], [ 110.429042904290426, -6.945244524452454 ] ] ] } },
{ "type": "Feature", "properties": { "year": 2040, "layer": "atrisk" }, "geometry": { "type": "Polygon", "coordinates": [ [ [ 110.417341734173419, -6.947419741974202 ], [ 110.417491749174914, -6.948769876987706 ], [ 110.417941794179413, -6.948769876987706 ], [ 110.418316831683171, -6.947944794479452 ], [ 110.417341734173419, -6.947419741974202 ] ] ] } },
{ "type": "Feature", "properties": { "year": 2040, "layer": "atrisk" }, "geometry": { "type": "Polygon", "coordinates": [ [ [ 110.392439243924386, -6.946069606960696 ], [ 110.390714071407146, -6.947044704470444 ], [ 110.388988898889892, -6.948394839483953 ], [ 110.388988898889892, -6.948844884488444 ], [ 110.392439243924386, -6.946069606960696 ] ] ] } },
{ "type": "Feature", "properties": { "year": 2040, "layer": "atrisk" }, "geometry": { "type": "Polygon", "coordinates": [ [ [ 110.407890789078905, -6.948244824482443 ], [ 110.407215721572157, -6.948469846984707 ], [ 110.407590759075902, -6.949969996999692 ], [ 110.407890789078905, -6.948244824482443 ] ] ] } },
{ "type": "Feature", "properties": { "year": 2040, "layer": "atrisk" }, "geometry": { "type": "Polygon", "coordinates": [ [ [ 110.418466846684666, -6.949969996999696 ], [ 110.418391839183911, -6.949669966996701 ], [ 110.417341734173419, -6.949894989498954 ], [ 110.418466846684666, -6.949969996999696 ] ] ] } },
{ "type": "Feature", "properties": { "year": 2040, "layer": "atrisk" }, "geometry": { "type": "Polygon", "coordinates": [ [ [ 110.431293129312934, -6.948244824482455 ], [ 110.42934293429343, -6.949369936993702 ], [ 110.42791779177918, -6.949669966996693 ], [ 110.431218121812179, -6.949894989498943 ], [ 110.431293129312934, -6.948244824482455 ] ], [ [ 110.430243024302442, -6.949594959495941 ], [ 110.430693069306926, -6.949219921992197 ], [ 110.430618061806186, -6.949594959495946 ], [ 110.430243024302442, -6.949594959495941 ] ] ] } },
{ "type": "Feature", "properties": { "year": 2040, "layer": "atrisk" }, "geometry": { "type": "Polygon", "coordinates": [ [ [ 110.435193519351941, -6.940369036903689 ], [ 110.433093309330928, -6.94194419441945 ], [ 110.434368436843684, -6.946294629462945 ], [ 110.431818181818187, -6.942769276927698 ], [ 110.429642964296434, -6.945169516951693 ], [ 110.432268226822686, -6.94441944194419 ], [ 110.432493249324935, -6.949819981998205 ], [ 110.434293429342929, -6.950045004500441 ], [ 110.433618361836182, -6.948844884488449 ], [ 110.434668466846688, -6.949519951995203 ], [ 110.435943594359429, -6.947419741974196 ], [ 110.435043504350432, -6.947644764476447 ], [ 110.434218421842203, -6.947119711971203 ], [ 110.436543654365451, -6.946369636963698 ], [ 110.436318631863188, -6.945694569456948 ], [ 110.435868586858703, -6.946069606960701 ], [ 110.435793579357934, -6.946369636963701 ], [ 110.43541854185419, -6.946219621962197 ], [ 110.436618661866191, -6.943144314431452 ], [ 110.435193519351941, -6.940369036903689 ] ], [ [ 110.436093609360938, -6.946069606960703 ], [ 110.436168616861693, -6.945994599459953 ], [ 110.436168616861693, -6.946069606960703 ], [ 110.436093609360938, -6.946069606960703 ] ], [ [ 110.436018601860184, -6.946144614461449 ], [ 110.436093609360938, -6.946069606960703 ], [ 110.436093609360938, -6.946144614461438 ], [ 110.436018601860184, -6.946144614461449 ] ], [ [ 110.433018301830188, -6.947044704470446 ], [ 110.433168316831683, -6.947119711971203 ], [ 110.433018301830188, -6.947194719471947 ], [ 110.433018301830188, -6.947044704470446 ] ], [ [ 110.433168316831683, -6.947419741974197 ], [ 110.433243324332452, -6.947269726972696 ], [ 110.433243324332452, -6.947419741974191 ], [ 110.433168316831683, -6.947419741974197 ] ], [ [ 110.433243324332452, -6.947719771977196 ], [ 110.433318331833178, -6.947569756975702 ], [ 110.433318331833178, -6.947719771977203 ], [ 110.433243324332452, -6.947719771977196 ] ], [ [ 110.434893489348951, -6.947719771977194 ], [ 110.434968496849692, -6.947644764476451 ], [ 110.434968496849692, -6.947719771977202 ], [ 110.434893489348951, -6.947719771977194 ] ] ] } },
{ "type": "Feature", "properties": { "year": 2040, "layer": "atrisk" }, "geometry": { "type": "Polygon", "coordinates": [ [ [ 110.425817581758182, -6.948319831983191 ], [ 110.426717671767179, -6.949444944494442 ], [ 110.42634263426342, -6.950120012001193 ], [ 110.426792679267933, -6.951320132013203 ], [ 110.42656765676567, -6.950045004500454 ], [ 110.427392739273927, -6.950270027002695 ], [ 110.42761776177619, -6.9501200120012 ], [ 110.425817581758182, -6.948319831983191 ] ], [ [ 110.426792679267933, -6.950045004500458 ], [ 110.426867686768674, -6.949969996999701 ], [ 110.426867686768674, -6.950045004500448 ], [ 110.426792679267933, -6.950045004500458 ] ] ] } },
{ "type": "Feature", "properties": { "year": 2040, "layer": "atrisk" }, "geometry": { "type": "Polygon", "coordinates": [ [ [ 110.416516651665162, -6.951245124512454 ], [ 110.41404140414042, -6.951245124512448 ], [ 110.413441344134412, -6.951470147014706 ], [ 110.416516651665162, -6.951245124512454 ] ] ] } },
{ "type": "Feature", "properties": { "year": 2040, "layer": "atrisk" }, "geometry": { "type": "Polygon", "coordinates": [ [ [ 110.419741974197422, -6.947719771977199 ], [ 110.421467146714676, -6.951620162016197 ], [ 110.422742274227417, -6.952370237023707 ], [ 110.423717371737169, -6.951620162016206 ], [ 110.422592259225922, -6.950720072007202 ], [ 110.421617161716171, -6.9514701470147 ], [ 110.421767176717665, -6.949669966996702 ], [ 110.422517251725168, -6.950495049504945 ], [ 110.42319231923193, -6.9502700270027 ], [ 110.419741974197422, -6.947719771977199 ] ], [ [ 110.421167116711672, -6.949669966996697 ], [ 110.421242124212426, -6.94959495949595 ], [ 110.421242124212426, -6.949669966996706 ], [ 110.421167116711672, -6.949669966996697 ] ], [ [ 110.422817281728172, -6.951545154515452 ], [ 110.423042304230421, -6.951395139513945 ], [ 110.423042304230421, -6.951545154515446 ], [ 110.422817281728172, -6.951545154515452 ] ], [ [ 110.422742274227417, -6.951620162016204 ], [ 110.422817281728172, -6.951545154515452 ], [ 110.422817281728172, -6.951620162016202 ], [ 110.422742274227417, -6.951620162016204 ] ] ] } },
{ "type": "Feature", "properties": { "year": 2040, "layer": "atrisk" }, "geometry": { "type": "Polygon", "coordinates": [ [ [ 110.426492649264929, -6.951470147014704 ], [ 110.425967596759691, -6.952595259525955 ], [ 110.425067506750679, -6.952070207020703 ], [ 110.42491749174917, -6.952595259525959 ], [ 110.42656765676567, -6.953195319531952 ], [ 110.427317731773172, -6.952145214521456 ], [ 110.426492649264929, -6.951470147014704 ] ], [ [ 110.426117611761171, -6.952595259525954 ], [ 110.42656765676567, -6.952295229522957 ], [ 110.42626762676268, -6.952670267026706 ], [ 110.426117611761171, -6.952595259525954 ] ] ] } },
{ "type": "Feature", "properties": { "year": 2040, "layer": "atrisk" }, "geometry": { "type": "Polygon", "coordinates": [ [ [ 110.412316231623166, -6.952370237023706 ], [ 110.41074107410742, -6.952970297029702 ], [ 110.412316231623166, -6.953720372037207 ], [ 110.412316231623166, -6.952370237023706 ] ] ] } },
{ "type": "Feature", "properties": { "year": 2040, "layer": "atrisk" }, "geometry": { "type": "Polygon", "coordinates": [ [ [ 110.381863186318625, -6.950795079507953 ], [ 110.38193819381938, -6.952820282028201 ], [ 110.382388238823879, -6.953870387038701 ], [ 110.383063306330627, -6.954245424542456 ], [ 110.381863186318625, -6.950795079507953 ] ] ] } },
{ "type": "Feature", "properties": { "year": 2040, "layer": "atrisk" }, "geometry": { "type": "Polygon", "coordinates": [ [ [ 110.410966096609656, -6.953345334533448 ], [ 110.413666366636662, -6.955295529552954 ], [ 110.415616561656165, -6.956045604560464 ], [ 110.414641464146413, -6.954245424542461 ], [ 110.410966096609656, -6.953345334533448 ] ], [ [ 110.414416441644164, -6.954620462046206 ], [ 110.414716471647168, -6.954770477047699 ], [ 110.414416441644164, -6.954770477047706 ], [ 110.414416441644164, -6.954620462046206 ] ], [ [ 110.413516351635167, -6.954920492049202 ], [ 110.413591359135907, -6.954845484548454 ], [ 110.413591359135907, -6.954920492049203 ], [ 110.413516351635167, -6.954920492049202 ] ], [ [ 110.413441344134412, -6.954995499549954 ], [ 110.413516351635167, -6.954920492049202 ], [ 110.413516351635167, -6.954995499549948 ], [ 110.413441344134412, -6.954995499549954 ] ], [ [ 110.413591359135907, -6.954995499549954 ], [ 110.413666366636662, -6.954920492049199 ], [ 110.413666366636662, -6.954995499549955 ], [ 110.413591359135907, -6.954995499549954 ] ], [ [ 110.414416441644164, -6.955070507050706 ], [ 110.414491449144919, -6.954995499549949 ], [ 110.414491449144919, -6.955070507050702 ], [ 110.414416441644164, -6.955070507050706 ] ], [ [ 110.414491449144919, -6.955145514551454 ], [ 110.414716471647168, -6.954995499549957 ], [ 110.414716471647168, -6.95522052205221 ], [ 110.414491449144919, -6.955145514551454 ] ], [ [ 110.414266426642669, -6.955445544554457 ], [ 110.414416441644164, -6.95537053705371 ], [ 110.414416441644164, -6.955445544554448 ], [ 110.414266426642669, -6.955445544554457 ] ], [ [ 110.414416441644164, -6.955520552055204 ], [ 110.414566456645659, -6.955445544554448 ], [ 110.414566456645659, -6.95552055205521 ], [ 110.414416441644164, -6.955520552055204 ] ], [ [ 110.414641464146413, -6.955595559555964 ], [ 110.414791479147908, -6.9555205520552 ], [ 110.414791479147908, -6.955595559555957 ], [ 110.414641464146413, -6.955595559555964 ] ], [ [ 110.414791479147908, -6.955670567056713 ], [ 110.414866486648663, -6.95559555955596 ], [ 110.414866486648663, -6.955670567056703 ], [ 110.414791479147908, -6.955670567056713 ] ] ] } },
{ "type": "Feature", "properties": { "year": 2040, "layer": "atrisk" }, "geometry": { "type": "Polygon", "coordinates": [ [ [ 110.421317131713181, -6.955895589558959 ], [ 110.421167116711672, -6.956195619561949 ], [ 110.422142214221424, -6.956120612061202 ], [ 110.421317131713181, -6.955895589558959 ] ] ] } },
{ "type": "Feature", "properties": { "year": 2040, "layer": "atrisk" }, "geometry": { "type": "Polygon", "coordinates": [ [ [ 110.42656765676567, -6.956420642064201 ], [ 110.425367536753669, -6.956570657065703 ], [ 110.425217521752174, -6.956870687068707 ], [ 110.425817581758182, -6.95724572457245 ], [ 110.42656765676567, -6.956420642064201 ] ], [ [ 110.425367536753669, -6.956795679567964 ], [ 110.425442544254423, -6.956720672067212 ], [ 110.425442544254423, -6.95679567956796 ], [ 110.425367536753669, -6.956795679567964 ] ] ] } },
{ "type": "Feature", "properties": { "year": 2040, "layer": "atrisk" }, "geometry": { "type": "Polygon", "coordinates": [ [ [ 110.416816681668166, -6.957095709570964 ], [ 110.41576657665766, -6.957020702070211 ], [ 110.415991599159909, -6.957545754575462 ], [ 110.416816681668166, -6.957095709570964 ] ], [ [ 110.416366636663682, -6.957245724572452 ], [ 110.416516651665162, -6.95717071707171 ], [ 110.416516651665162, -6.957245724572458 ], [ 110.416366636663682, -6.957245724572452 ] ] ] } },
{ "type": "Feature", "properties": { "year": 2040, "layer": "atrisk" }, "geometry": { "type": "Polygon", "coordinates": [ [ [ 110.424692469246921, -6.95777077707771 ], [ 110.423942394239418, -6.957095709570961 ], [ 110.424242424242422, -6.957920792079199 ], [ 110.424692469246921, -6.95777077707771 ] ] ] } },
{ "type": "Feature", "properties": { "year": 2040, "layer": "atrisk" }, "geometry": { "type": "Polygon", "coordinates": [ [ [ 110.405115511551159, -6.957245724572456 ], [ 110.404215421542148, -6.957095709570955 ], [ 110.404065406540653, -6.958070807080706 ], [ 110.405115511551159, -6.957245724572456 ] ] ] } },
{ "type": "Feature", "properties": { "year": 2040, "layer": "atrisk" }, "geometry": { "type": "Polygon", "coordinates": [ [ [ 110.417416741674174, -6.95777077707771 ], [ 110.416741674167412, -6.958295829582953 ], [ 110.418091809180922, -6.959120912091211 ], [ 110.418466846684666, -6.958370837083705 ], [ 110.417416741674174, -6.95777077707771 ] ], [ [ 110.417341734173419, -6.958295829582963 ], [ 110.417491749174914, -6.958070807080711 ], [ 110.417491749174914, -6.958295829582957 ], [ 110.417341734173419, -6.958295829582963 ] ] ] } },
{ "type": "Feature", "properties": { "year": 2040, "layer": "atrisk" }, "geometry": { "type": "Polygon", "coordinates": [ [ [ 110.418316831683171, -6.950345034503456 ], [ 110.416816681668166, -6.951395139513956 ], [ 110.418466846684666, -6.951470147014694 ], [ 110.418016801680182, -6.95214521452145 ], [ 110.418841884188424, -6.953645364536445 ], [ 110.417641764176423, -6.951920192019202 ], [ 110.415841584158414, -6.952595259525954 ], [ 110.415541554155411, -6.955370537053703 ], [ 110.416666666666671, -6.956420642064204 ], [ 110.420117011701166, -6.956495649564963 ], [ 110.420042004200425, -6.959195919591964 ], [ 110.422742274227417, -6.958370837083713 ], [ 110.420492049204924, -6.956870687068704 ], [ 110.421992199219929, -6.957170717071706 ], [ 110.427992799279934, -6.955145514551446 ], [ 110.427767776777671, -6.9540204020402 ], [ 110.428892889288932, -6.953945394539454 ], [ 110.428592859285942, -6.953270327032707 ], [ 110.429492949294925, -6.952595259525948 ], [ 110.429417941794185, -6.952070207020695 ], [ 110.430018001800178, -6.952820282028195 ], [ 110.428967896789672, -6.954320432043206 ], [ 110.430318031803182, -6.954320432043207 ], [ 110.433168316831683, -6.951470147014697 ], [ 110.431218121812179, -6.950645064506453 ], [ 110.430768076807681, -6.952145214521446 ], [ 110.428967896789672, -6.950570057005703 ], [ 110.42791779177918, -6.95049504950494 ], [ 110.428667866786682, -6.951845184518456 ], [ 110.426642664266424, -6.953420342034197 ], [ 110.427017701770183, -6.954845484548457 ], [ 110.423567356735674, -6.953570357035701 ], [ 110.424242424242422, -6.955670567056705 ], [ 110.42184218421842, -6.954470447044707 ], [ 110.420867086708668, -6.955370537053707 ], [ 110.422592259225922, -6.956720672067214 ], [ 110.420492049204924, -6.956795679567952 ], [ 110.420567056705664, -6.956270627062699 ], [ 110.419966996699671, -6.954470447044697 ], [ 110.421617161716171, -6.953945394539446 ], [ 110.421317131713181, -6.953195319531948 ], [ 110.420342034203429, -6.953720372037212 ], [ 110.420492049204924, -6.952220222022203 ], [ 110.419516951695172, -6.953345334533455 ], [ 110.418316831683171, -6.950345034503456 ] ], [ [ 110.428967896789672, -6.950945094509452 ], [ 110.429042904290426, -6.950870087008699 ], [ 110.429042904290426, -6.950945094509447 ], [ 110.428967896789672, -6.950945094509452 ] ], [ [ 110.428742874287423, -6.951395139513949 ], [ 110.428817881788177, -6.9513201320132 ], [ 110.428817881788177, -6.951395139513951 ], [ 110.428742874287423, -6.951395139513949 ] ], [ [ 110.418616861686175, -6.952145214521455 ], [ 110.418691869186929, -6.9520702070207 ], [ 110.418691869186929, -6.952145214521446 ], [ 110.418616861686175, -6.952145214521455 ] ], [ [ 110.429192919291935, -6.952520252025207 ], [ 110.42934293429343, -6.95259525952595 ], [ 110.429192919291935, -6.952595259525959 ], [ 110.429192919291935, -6.952520252025207 ] ], [ [ 110.430843084308435, -6.952970297029706 ], [ 110.43099309930993, -6.952895289528951 ], [ 110.43099309930993, -6.952970297029704 ], [ 110.430843084308435, -6.952970297029706 ] ], [ [ 110.430543054305431, -6.95304530453045 ], [ 110.430618061806186, -6.952970297029705 ], [ 110.430618061806186, -6.953045304530459 ], [ 110.430543054305431, -6.95304530453045 ] ], [ [ 110.430768076807681, -6.953045304530454 ], [ 110.430843084308435, -6.952970297029706 ], [ 110.430843084308435, -6.953045304530456 ], [ 110.430768076807681, -6.953045304530454 ] ], [ [ 110.430168016801687, -6.953120312031205 ], [ 110.430318031803182, -6.953045304530447 ], [ 110.430318031803182, -6.95319531953196 ], [ 110.430168016801687, -6.953120312031205 ] ], [ [ 110.430393039303937, -6.953120312031202 ], [ 110.430468046804677, -6.953045304530456 ], [ 110.430468046804677, -6.953120312031209 ], [ 110.430393039303937, -6.953120312031202 ] ], [ [ 110.427842784278425, -6.953720372037203 ], [ 110.428517851785173, -6.953270327032704 ], [ 110.427992799279934, -6.953945394539447 ], [ 110.427842784278425, -6.953720372037203 ] ], [ [ 110.430468046804677, -6.953195319531961 ], [ 110.430543054305431, -6.953120312031196 ], [ 110.430543054305431, -6.95319531953196 ], [ 110.430468046804677, -6.953195319531961 ] ], [ [ 110.430543054305431, -6.953345334533457 ], [ 110.430618061806186, -6.953270327032695 ], [ 110.430618061806186, -6.953345334533455 ], [ 110.430543054305431, -6.953345334533457 ] ], [ [ 110.420642064206419, -6.953795379537957 ], [ 110.420717071707173, -6.953720372037199 ], [ 110.420717071707173, -6.953795379537948 ], [ 110.420642064206419, -6.953795379537957 ] ], [ [ 110.419591959195913, -6.954245424542458 ], [ 110.419741974197422, -6.954095409540947 ], [ 110.419741974197422, -6.95424542454245 ], [ 110.419591959195913, -6.954245424542458 ] ], [ [ 110.418316831683171, -6.954320432043201 ], [ 110.419291929192923, -6.9553705370537 ], [ 110.418616861686175, -6.955370537053703 ], [ 110.418316831683171, -6.954320432043201 ] ], [ [ 110.42461746174618, -6.955220522052199 ], [ 110.425292529252943, -6.955145514551454 ], [ 110.425217521752174, -6.955370537053705 ], [ 110.42461746174618, -6.955220522052199 ] ], [ [ 110.427317731773172, -6.954995499549962 ], [ 110.427392739273927, -6.954920492049198 ], [ 110.427392739273927, -6.954995499549955 ], [ 110.427317731773172, -6.954995499549962 ] ], [ [ 110.427392739273927, -6.955145514551459 ], [ 110.427467746774681, -6.955070507050703 ], [ 110.427467746774681, -6.955145514551464 ], [ 110.427392739273927, -6.955145514551459 ] ], [ [ 110.425292529252943, -6.955295529552955 ], [ 110.425367536753669, -6.955220522052215 ], [ 110.425367536753669, -6.95529552955295 ], [ 110.425292529252943, -6.955295529552955 ] ], [ [ 110.425817581758182, -6.955295529552947 ], [ 110.425892589258922, -6.955220522052204 ], [ 110.425892589258922, -6.955295529552952 ], [ 110.425817581758182, -6.955295529552947 ] ], [ [ 110.418091809180922, -6.95604560456045 ], [ 110.418091809180922, -6.955520552055208 ], [ 110.418166816681662, -6.956045604560456 ], [ 110.418091809180922, -6.95604560456045 ] ], [ [ 110.418316831683171, -6.956270627062709 ], [ 110.418616861686175, -6.956120612061206 ], [ 110.418616861686175, -6.956270627062707 ], [ 110.418316831683171, -6.956270627062709 ] ], [ [ 110.419591959195913, -6.956420642064209 ], [ 110.419741974197422, -6.956045604560457 ], [ 110.419741974197422, -6.956420642064201 ], [ 110.419591959195913, -6.956420642064209 ] ], [ [ 110.420342034203429, -6.956495649564949 ], [ 110.420417041704169, -6.956420642064203 ], [ 110.420417041704169, -6.956495649564956 ], [ 110.420342034203429, -6.956495649564949 ] ], [ [ 110.421092109210917, -6.958070807080703 ], [ 110.421692169216925, -6.958145814581464 ], [ 110.421017101710191, -6.958595859585953 ], [ 110.421092109210917, -6.958070807080703 ] ], [ [ 110.420942094209423, -6.958370837083709 ], [ 110.421017101710191, -6.95829582958296 ], [ 110.421017101710191, -6.958370837083704 ], [ 110.420942094209423, -6.958370837083709 ] ], [ [ 110.421617161716171, -6.958445844584455 ], [ 110.421767176717665, -6.958370837083705 ], [ 110.421767176717665, -6.958445844584452 ], [ 110.421617161716171, -6.958445844584455 ] ], [ [ 110.42184218421842, -6.95844584458445 ], [ 110.421917191719174, -6.958370837083709 ], [ 110.421917191719174, -6.958445844584453 ], [ 110.42184218421842, -6.95844584458445 ] ] ] } },
{ "type": "Feature", "properties": { "year": 2040, "layer": "atrisk" }, "geometry": { "type": "Polygon", "coordinates": [ [ [ 110.417641764176423, -6.958895889588963 ], [ 110.416966696669661, -6.959345934593466 ], [ 110.417941794179413, -6.959570957095703 ], [ 110.417641764176423, -6.958895889588963 ] ] ] } },
{ "type": "Feature", "properties": { "year": 2040, "layer": "atrisk" }, "geometry": { "type": "Polygon", "coordinates": [ [ [ 110.406090609060911, -6.947494749474947 ], [ 110.403015301530147, -6.947044704470442 ], [ 110.406015601560156, -6.947794779477945 ], [ 110.405190519051899, -6.949369936993699 ], [ 110.4063906390639, -6.950495049504954 ], [ 110.404740474047401, -6.952070207020702 ], [ 110.407365736573652, -6.951845184518457 ], [ 110.408115811581169, -6.953270327032709 ], [ 110.406765676567659, -6.95364536453646 ], [ 110.408115811581169, -6.95349534953495 ], [ 110.409690969096914, -6.956945694569456 ], [ 110.408490849084913, -6.95709570957095 ], [ 110.408415841584159, -6.955520552055202 ], [ 110.408190819081909, -6.957170717071707 ], [ 110.406990699069908, -6.95709570957095 ], [ 110.407215721572157, -6.954470447044708 ], [ 110.406090609060911, -6.954245424542448 ], [ 110.405865586558662, -6.958070807080711 ], [ 110.403465346534659, -6.958370837083716 ], [ 110.404065406540653, -6.954170417041706 ], [ 110.406240624062406, -6.954095409540958 ], [ 110.40631563156316, -6.953570357035704 ], [ 110.407515751575161, -6.953270327032707 ], [ 110.407440744074421, -6.952520252025197 ], [ 110.405040504050405, -6.952370237023707 ], [ 110.403615361536154, -6.953720372037205 ], [ 110.404215421542148, -6.952295229522957 ], [ 110.400015001500151, -6.952520252025208 ], [ 110.400390039003895, -6.950945094509459 ], [ 110.396039603960389, -6.948169816981695 ], [ 110.396564656465642, -6.950195019501953 ], [ 110.395214521452147, -6.950570057005697 ], [ 110.398964896489645, -6.959720972097203 ], [ 110.417266726672665, -6.959645964596465 ], [ 110.41539153915393, -6.959195919591952 ], [ 110.416366636663682, -6.958370837083713 ], [ 110.41434143414341, -6.958370837083707 ], [ 110.41539153915393, -6.956120612061213 ], [ 110.410591059105911, -6.95567056705671 ], [ 110.408940894089412, -6.95334533453345 ], [ 110.410666066606666, -6.952745274527448 ], [ 110.408640864086408, -6.95319531953196 ], [ 110.406090609060911, -6.947494749474947 ] ], [ [ 110.39716471647165, -6.95124512451245 ], [ 110.39723972397239, -6.951095109510957 ], [ 110.39723972397239, -6.951245124512448 ], [ 110.39716471647165, -6.95124512451245 ] ], [ [ 110.397314731473145, -6.951620162016209 ], [ 110.397464746474654, -6.951395139513947 ], [ 110.397464746474654, -6.951620162016206 ], [ 110.397314731473145, -6.951620162016209 ] ], [ [ 110.398964896489645, -6.952520252025197 ], [ 110.399189918991908, -6.952370237023708 ], [ 110.399789978997902, -6.952520252025207 ], [ 110.398964896489645, -6.952520252025197 ] ], [ [ 110.397389738973899, -6.9519201920192 ], [ 110.397764776477644, -6.951845184518449 ], [ 110.397764776477644, -6.951920192019196 ], [ 110.397389738973899, -6.9519201920192 ] ], [ [ 110.397839783978398, -6.951920192019195 ], [ 110.397989798979893, -6.951995199519947 ], [ 110.397839783978398, -6.951995199519958 ], [ 110.397839783978398, -6.951920192019195 ] ], [ [ 110.397764776477644, -6.952220222022202 ], [ 110.397914791479153, -6.952070207020698 ], [ 110.397914791479153, -6.952295229522945 ], [ 110.397764776477644, -6.952220222022202 ] ], [ [ 110.405490549054903, -6.952520252025207 ], [ 110.405790579057907, -6.952445244524445 ], [ 110.405790579057907, -6.952520252025206 ], [ 110.405490549054903, -6.952520252025207 ] ], [ [ 110.405340534053408, -6.952595259525953 ], [ 110.405490549054903, -6.952520252025207 ], [ 110.405490549054903, -6.952595259525947 ], [ 110.405340534053408, -6.952595259525953 ] ], [ [ 110.406015601560156, -6.952670267026701 ], [ 110.406090609060911, -6.952520252025197 ], [ 110.406165616561651, -6.952670267026702 ], [ 110.406015601560156, -6.952670267026701 ] ], [ [ 110.399039903990399, -6.952820282028201 ], [ 110.399114911491154, -6.952670267026695 ], [ 110.399189918991908, -6.952820282028207 ], [ 110.399039903990399, -6.952820282028201 ] ], [ [ 110.405940594059402, -6.952970297029696 ], [ 110.406240624062406, -6.953345334533446 ], [ 110.405865586558662, -6.95342034203421 ], [ 110.405940594059402, -6.952970297029696 ] ], [ [ 110.399114911491154, -6.9532703270327 ], [ 110.399189918991908, -6.953045304530451 ], [ 110.399189918991908, -6.953270327032708 ], [ 110.399114911491154, -6.9532703270327 ] ], [ [ 110.398739873987395, -6.954470447044712 ], [ 110.403915391539158, -6.954095409540959 ], [ 110.400540054005418, -6.95447044704471 ], [ 110.40016501650166, -6.955070507050706 ], [ 110.402640264026402, -6.954545454545451 ], [ 110.4018901890189, -6.958370837083709 ], [ 110.401665166516651, -6.955820582058211 ], [ 110.398739873987395, -6.954470447044712 ] ], [ [ 110.403990399039898, -6.954095409540961 ], [ 110.404740474047401, -6.953870387038704 ], [ 110.404740474047401, -6.954020402040207 ], [ 110.403990399039898, -6.954095409540961 ] ], [ [ 110.402640264026402, -6.954395439543955 ], [ 110.402715271527157, -6.954320432043204 ], [ 110.402715271527157, -6.954395439543948 ], [ 110.402640264026402, -6.954395439543955 ] ], [ [ 110.402790279027897, -6.95454545454546 ], [ 110.403390339033905, -6.954545454545457 ], [ 110.402790279027897, -6.9549204920492 ], [ 110.402790279027897, -6.95454545454546 ] ], [ [ 110.406240624062406, -6.954620462046207 ], [ 110.406465646564669, -6.954695469546954 ], [ 110.406240624062406, -6.954770477047702 ], [ 110.406240624062406, -6.954620462046207 ] ], [ [ 110.403465346534659, -6.954920492049204 ], [ 110.403915391539158, -6.955070507050712 ], [ 110.403390339033905, -6.955370537053697 ], [ 110.403465346534659, -6.954920492049204 ] ], [ [ 110.399564956495652, -6.955520552055205 ], [ 110.400840084008408, -6.95634563456345 ], [ 110.401665166516651, -6.958370837083714 ], [ 110.4002400240024, -6.958070807080709 ], [ 110.399564956495652, -6.955520552055205 ] ], [ [ 110.40324032403241, -6.955745574557452 ], [ 110.403690369036909, -6.955970597059699 ], [ 110.40331533153315, -6.956195619561958 ], [ 110.40324032403241, -6.955745574557452 ] ], [ [ 110.402790279027897, -6.955970597059708 ], [ 110.402940294029406, -6.95582058205821 ], [ 110.402865286528652, -6.955970597059703 ], [ 110.402790279027897, -6.955970597059708 ] ], [ [ 110.410141014101413, -6.955970597059707 ], [ 110.411641164116418, -6.956645664566459 ], [ 110.411791179117913, -6.956870687068703 ], [ 110.41074107410742, -6.957095709570956 ], [ 110.410141014101413, -6.955970597059707 ] ], [ [ 110.412841284128419, -6.956570657065712 ], [ 110.412916291629159, -6.956420642064203 ], [ 110.412916291629159, -6.95657065706571 ], [ 110.412841284128419, -6.956570657065712 ] ], [ [ 110.413066306630668, -6.956570657065714 ], [ 110.413291329132917, -6.956420642064215 ], [ 110.413291329132917, -6.956645664566451 ], [ 110.413066306630668, -6.956570657065714 ] ], [ [ 110.406090609060911, -6.957095709570962 ], [ 110.4063906390639, -6.956945694569462 ], [ 110.406240624062406, -6.9571707170717 ], [ 110.406090609060911, -6.957095709570962 ] ], [ [ 110.406015601560156, -6.95747074707471 ], [ 110.407065706570663, -6.957545754575459 ], [ 110.406765676567659, -6.958220822082204 ], [ 110.406015601560156, -6.95747074707471 ] ], [ [ 110.402940294029406, -6.957170717071707 ], [ 110.403090309030901, -6.957020702070214 ], [ 110.403090309030901, -6.95717071707171 ], [ 110.402940294029406, -6.957170717071707 ] ], [ [ 110.399639963996393, -6.957170717071708 ], [ 110.399714971497147, -6.957095709570951 ], [ 110.399714971497147, -6.957170717071717 ], [ 110.399639963996393, -6.957170717071708 ] ], [ [ 110.399714971497147, -6.957470747074704 ], [ 110.399789978997902, -6.957170717071715 ], [ 110.399789978997902, -6.957470747074713 ], [ 110.399714971497147, -6.957470747074704 ] ], [ [ 110.410366036603662, -6.95732073207321 ], [ 110.411266126612659, -6.958295829582956 ], [ 110.410441044104431, -6.958370837083709 ], [ 110.410366036603662, -6.95732073207321 ] ], [ [ 110.399789978997902, -6.957770777077699 ], [ 110.399939993999396, -6.957545754575457 ], [ 110.400015001500151, -6.958220822082207 ], [ 110.399789978997902, -6.957770777077699 ] ], [ [ 110.407890789078905, -6.957695769576952 ], [ 110.408190819081909, -6.957545754575456 ], [ 110.408190819081909, -6.957620762076214 ], [ 110.407890789078905, -6.957695769576952 ] ], [ [ 110.408790879087903, -6.958295829582964 ], [ 110.409690969096914, -6.957845784578448 ], [ 110.409690969096914, -6.957995799579959 ], [ 110.408790879087903, -6.958295829582964 ] ], [ [ 110.41246624662466, -6.958370837083713 ], [ 110.413066306630668, -6.95822082208221 ], [ 110.413066306630668, -6.958370837083714 ], [ 110.41246624662466, -6.958370837083713 ] ], [ [ 110.407140714071403, -6.958295829582952 ], [ 110.407590759075902, -6.958070807080713 ], [ 110.407590759075902, -6.958370837083709 ], [ 110.407140714071403, -6.958295829582952 ] ], [ [ 110.400015001500151, -6.958370837083714 ], [ 110.400090009000905, -6.958295829582954 ], [ 110.400090009000905, -6.958370837083712 ], [ 110.400015001500151, -6.958370837083714 ] ], [ [ 110.40961596159616, -6.958370837083716 ], [ 110.409765976597669, -6.958445844584452 ], [ 110.40961596159616, -6.95844584458446 ], [ 110.40961596159616, -6.958370837083716 ] ], [ [ 110.414866486648663, -6.958520852085211 ], [ 110.414941494149417, -6.958445844584453 ], [ 110.414941494149417, -6.958520852085213 ], [ 110.414866486648663, -6.958520852085211 ] ], [ [ 110.414791479147908, -6.958595859585955 ], [ 110.414866486648663, -6.958520852085211 ], [ 110.414866486648663, -6.958595859585953 ], [ 110.414791479147908, -6.958595859585955 ] ], [ [ 110.41539153915393, -6.958670867086714 ], [ 110.415616561656165, -6.958670867086709 ], [ 110.41539153915393, -6.958745874587456 ], [ 110.41539153915393, -6.958670867086714 ] ], [ [ 110.414791479147908, -6.95889588958895 ], [ 110.414866486648663, -6.958820882088217 ], [ 110.414866486648663, -6.95889588958896 ], [ 110.414791479147908, -6.95889588958895 ] ], [ [ 110.415241524152421, -6.958895889588963 ], [ 110.415316531653161, -6.958820882088209 ], [ 110.415316531653161, -6.958895889588952 ], [ 110.415241524152421, -6.958895889588963 ] ], [ [ 110.415016501650172, -6.959045904590464 ], [ 110.415241524152421, -6.959045904590464 ], [ 110.415016501650172, -6.959195919591958 ], [ 110.415016501650172, -6.959045904590464 ] ], [ [ 110.400540054005418, -6.959120912091213 ], [ 110.400615061506144, -6.95904590459046 ], [ 110.400615061506144, -6.959120912091215 ], [ 110.400540054005418, -6.959120912091213 ] ], [ [ 110.400615061506144, -6.959270927092715 ], [ 110.400690069006899, -6.959195919591954 ], [ 110.400690069006899, -6.959270927092706 ], [ 110.400615061506144, -6.959270927092715 ] ] ] } },
{ "type": "Feature", "properties": { "year": 2040, "layer": "atrisk" }, "geometry": { "type": "Polygon", "coordinates": [ [ [ 110.394764476447648, -6.958145814581454 ], [ 110.394614461446139, -6.959720972097212 ], [ 110.395364536453641, -6.959720972097204 ], [ 110.39551455145515, -6.958370837083705 ], [ 110.394764476447648, -6.958145814581454 ] ], [ [ 110.394839483948388, -6.958370837083716 ], [ 110.394914491449157, -6.958295829582966 ], [ 110.394914491449157, -6.958370837083716 ], [ 110.394839483948388, -6.958370837083716 ] ], [ [ 110.394839483948388, -6.959045904590453 ], [ 110.394914491449157, -6.958895889588953 ], [ 110.394914491449157, -6.95904590459046 ], [ 110.394839483948388, -6.959045904590453 ] ] ] } },
{ "type": "Feature", "properties": { "year": 2040, "layer": "atrisk" }, "geometry": { "type": "Polygon", "coordinates": [ [ [ 110.390639063906391, -6.95837083708371 ], [ 110.389813981398135, -6.959645964596455 ], [ 110.392514251425141, -6.959270927092702 ], [ 110.392364236423646, -6.958595859585963 ], [ 110.390639063906391, -6.95837083708371 ] ], [ [ 110.39108910891089, -6.958595859585959 ], [ 110.391164116411645, -6.958520852085204 ], [ 110.391164116411645, -6.958595859585964 ], [ 110.39108910891089, -6.958595859585959 ] ] ] } },
{ "type": "Feature", "properties": { "year": 2040, "layer": "atrisk" }, "geometry": { "type": "Polygon", "coordinates": [ [ [ 110.319456945694569, -6.938268826882693 ], [ 110.312406240624057, -6.943744374437443 ], [ 110.318106810681073, -6.952895289528954 ], [ 110.319606960696063, -6.950720072007209 ], [ 110.319081908190824, -6.953795379537956 ], [ 110.327557755775572, -6.958595859585952 ], [ 110.333558355835578, -6.95972097209721 ], [ 110.351710171017103, -6.958745874587458 ], [ 110.350135013501344, -6.959720972097204 ], [ 110.359135913591359, -6.959720972097215 ], [ 110.359135913591359, -6.954845484548462 ], [ 110.355460546054601, -6.95462046204621 ], [ 110.358535853585366, -6.954245424542457 ], [ 110.359435943594363, -6.954470447044697 ], [ 110.359210921092114, -6.959720972097205 ], [ 110.359885988598876, -6.954770477047695 ], [ 110.362211221122109, -6.954695469546953 ], [ 110.36341134113411, -6.954920492049205 ], [ 110.359960996099616, -6.955670567056704 ], [ 110.360561056105624, -6.959720972097211 ], [ 110.38801380138014, -6.959570957095703 ], [ 110.387863786378631, -6.958370837083706 ], [ 110.383738373837389, -6.958520852085204 ], [ 110.383663366336648, -6.955670567056705 ], [ 110.382013201320149, -6.954620462046197 ], [ 110.376162616261624, -6.95447044704471 ], [ 110.377587758775874, -6.9555205520552 ], [ 110.371587158715869, -6.955445544554463 ], [ 110.370162016201618, -6.956495649564965 ], [ 110.365661566156618, -6.955445544554463 ], [ 110.366336633663366, -6.956195619561949 ], [ 110.365136513651365, -6.95664566456645 ], [ 110.363936393639364, -6.956345634563458 ], [ 110.364836483648375, -6.955820582058214 ], [ 110.364311431143108, -6.955745574557447 ], [ 110.364236423642367, -6.95499549954995 ], [ 110.363786378637869, -6.954920492049202 ], [ 110.367011701170114, -6.955445544554459 ], [ 110.368886888688863, -6.954845484548454 ], [ 110.373462346234618, -6.955070507050711 ], [ 110.375037503750377, -6.954845484548458 ], [ 110.375487548754876, -6.954545454545455 ], [ 110.349309930993115, -6.952220222022198 ], [ 110.344884488448841, -6.949144914491447 ], [ 110.327632763276327, -6.942844284428435 ], [ 110.319456945694569, -6.938268826882693 ] ], [ [ 110.322457245724578, -6.942244224422434 ], [ 110.322457245724578, -6.942019201920187 ], [ 110.322607260726073, -6.942244224422448 ], [ 110.322457245724578, -6.942244224422434 ] ], [ [ 110.325607560756069, -6.945994599459945 ], [ 110.325757575757578, -6.946594659465949 ], [ 110.325007500750075, -6.946594659465949 ], [ 110.325607560756069, -6.945994599459945 ] ], [ [ 110.322607260726073, -6.946069606960693 ], [ 110.324932493249321, -6.946069606960703 ], [ 110.32515751575157, -6.946219621962189 ], [ 110.323882388238843, -6.947494749474953 ], [ 110.322607260726073, -6.946069606960693 ] ], [ [ 110.325757575757578, -6.947119711971193 ], [ 110.325982598259827, -6.946969696969696 ], [ 110.325982598259827, -6.947194719471941 ], [ 110.325757575757578, -6.947119711971193 ] ], [ [ 110.322157215721575, -6.947269726972701 ], [ 110.322757275727568, -6.947194719471954 ], [ 110.322157215721575, -6.947344734473451 ], [ 110.322157215721575, -6.947269726972701 ] ], [ [ 110.325982598259827, -6.947269726972689 ], [ 110.326057605760582, -6.947194719471955 ], [ 110.326057605760582, -6.947269726972703 ], [ 110.325982598259827, -6.947269726972689 ] ], [ [ 110.321107110711068, -6.947644764476451 ], [ 110.321257125712592, -6.947494749474943 ], [ 110.321257125712592, -6.947644764476453 ], [ 110.321107110711068, -6.947644764476451 ] ], [ [ 110.322232223222343, -6.947569756975692 ], [ 110.322307230723069, -6.947494749474942 ], [ 110.322307230723069, -6.947569756975695 ], [ 110.322232223222343, -6.947569756975692 ] ], [ [ 110.321257125712592, -6.947794779477954 ], [ 110.321332133213318, -6.947719771977201 ], [ 110.321332133213318, -6.947794779477952 ], [ 110.321257125712592, -6.947794779477954 ] ], [ [ 110.320807080708065, -6.948094809480955 ], [ 110.321257125712592, -6.948169816981691 ], [ 110.320882088208819, -6.948244824482453 ], [ 110.320807080708065, -6.948094809480955 ] ], [ [ 110.326432643264326, -6.948244824482447 ], [ 110.32673267326733, -6.948019801980192 ], [ 110.32650765076508, -6.948244824482441 ], [ 110.326432643264326, -6.948244824482447 ] ], [ [ 110.326357635763571, -6.948319831983203 ], [ 110.326432643264326, -6.948244824482447 ], [ 110.326432643264326, -6.948319831983191 ], [ 110.326357635763571, -6.948319831983203 ] ], [ [ 110.319906990699081, -6.951020102010204 ], [ 110.319981998199822, -6.950945094509449 ], [ 110.319981998199822, -6.951020102010205 ], [ 110.319906990699081, -6.951020102010204 ] ], [ [ 110.377137713771376, -6.954920492049207 ], [ 110.377512751275134, -6.954770477047699 ], [ 110.377512751275134, -6.954845484548446 ], [ 110.377137713771376, -6.954920492049207 ] ], [ [ 110.364086408640858, -6.955220522052207 ], [ 110.364161416141613, -6.955145514551451 ], [ 110.364161416141613, -6.955220522052215 ], [ 110.364086408640858, -6.955220522052207 ] ], [ [ 110.363786378637869, -6.955595559555955 ], [ 110.363861386138609, -6.955520552055199 ], [ 110.363861386138609, -6.955595559555957 ], [ 110.363786378637869, -6.955595559555955 ] ], [ [ 110.373612361236127, -6.95559555955596 ], [ 110.373687368736867, -6.955520552055207 ], [ 110.373687368736867, -6.955595559555963 ], [ 110.373612361236127, -6.95559555955596 ] ], [ [ 110.361611161116116, -6.955895589558959 ], [ 110.361686168616856, -6.955820582058212 ], [ 110.361686168616856, -6.955895589558959 ], [ 110.361611161116116, -6.955895589558959 ] ], [ [ 110.361461146114607, -6.955970597059698 ], [ 110.361611161116116, -6.955895589558959 ], [ 110.361611161116116, -6.955970597059704 ], [ 110.361461146114607, -6.955970597059698 ] ], [ [ 110.367161716171637, -6.95634563456346 ], [ 110.368211821182115, -6.956795679567954 ], [ 110.368136813681375, -6.957770777077712 ], [ 110.366786678667864, -6.957620762076209 ], [ 110.367161716171637, -6.95634563456346 ] ], [ [ 110.367986798679866, -6.956645664566459 ], [ 110.368136813681375, -6.95657065706571 ], [ 110.368136813681375, -6.956645664566463 ], [ 110.367986798679866, -6.956645664566459 ] ], [ [ 110.361911191119106, -6.957245724572451 ], [ 110.362736273627362, -6.957245724572453 ], [ 110.361911191119106, -6.957470747074713 ], [ 110.361911191119106, -6.957245724572451 ] ], [ [ 110.361311131113112, -6.95739573957396 ], [ 110.361686168616856, -6.957245724572451 ], [ 110.361686168616856, -6.95754575457545 ], [ 110.361311131113112, -6.95739573957396 ] ], [ [ 110.352460246024606, -6.957995799579952 ], [ 110.352685268526855, -6.957845784578457 ], [ 110.352685268526855, -6.957920792079204 ], [ 110.352460246024606, -6.957995799579952 ] ], [ [ 110.352160216021602, -6.958370837083713 ], [ 110.352235223522356, -6.958295829582951 ], [ 110.352235223522356, -6.958370837083706 ], [ 110.352160216021602, -6.958370837083713 ] ], [ [ 110.352010201020107, -6.958445844584459 ], [ 110.352160216021602, -6.958520852085213 ], [ 110.352010201020107, -6.958595859585953 ], [ 110.352010201020107, -6.958445844584459 ] ], [ [ 110.383663366336648, -6.958670867086701 ], [ 110.383738373837389, -6.958520852085204 ], [ 110.383738373837389, -6.958670867086708 ], [ 110.383663366336648, -6.958670867086701 ] ], [ [ 110.383963396339638, -6.95859585958596 ], [ 110.384038403840378, -6.958520852085208 ], [ 110.384038403840378, -6.958595859585951 ], [ 110.383963396339638, -6.95859585958596 ] ], [ [ 110.351935193519353, -6.958670867086703 ], [ 110.352010201020107, -6.958595859585953 ], [ 110.352010201020107, -6.95867086708671 ], [ 110.351935193519353, -6.958670867086703 ] ], [ [ 110.351860186018598, -6.958745874587463 ], [ 110.351935193519353, -6.958670867086703 ], [ 110.351935193519353, -6.958745874587456 ], [ 110.351860186018598, -6.958745874587463 ] ], [ [ 110.387788778877891, -6.958895889588952 ], [ 110.387863786378631, -6.958670867086703 ], [ 110.387863786378631, -6.958895889588955 ], [ 110.387788778877891, -6.958895889588952 ] ], [ [ 110.370237023702373, -6.959645964596455 ], [ 110.370312031203127, -6.959570957095714 ], [ 110.370312031203127, -6.959645964596468 ], [ 110.370237023702373, -6.959645964596455 ] ] ] } }
]
}
