{
"type": "FeatureCollection",
"name": "atrisk_2047",
"crs": { "type": "name", "properties": { "name": "urn:ogc:def:crs:OGC:1.3:CRS84" } },
"features": [
{ "type": "Feature", "properties": { "year": 2047, "layer": "atrisk" }, "geometry": { "type": "Polygon", "coordinates": [ [ [ 110.576957695769579, -6.75 ], [ 110.572757275727568, -6.750600060005993 ], [ 110.576957695769579, -6.750075007500751 ], [ 110.576957695769579, -6.75 ] ] ] } },
{ "type": "Feature", "properties": { "year": 2047, "layer": "atrisk" }, "geometry": { "type": "Polygon", "coordinates": [ [ [ 110.53990399039904, -6.750675067506744 ], [ 110.53990399039904, -6.751500150015003 ], [ 110.540354035403539, -6.751575157515749 ], [ 110.53990399039904, -6.750675067506744 ] ] ] } },
{ "type": "Feature", "properties": { "year": 2047, "layer": "atrisk" }, "geometry": { "type": "Polygon", "coordinates": [ [ [ 110.583783378337827, -6.750900090009002 ], [ 110.58280828082809, -6.751125112511244 ], [ 110.582733273327335, -6.752025202520253 ], [ 110.583333333333329, -6.752025202520245 ], [ 110.583783378337827, -6.750900090009002 ] ] ] } },
{ "type": "Feature", "properties": { "year": 2047, "layer": "atrisk" }, "geometry": { "type": "Polygon", "coordinates": [ [ [ 110.563981398139816, -6.75 ], [ 110.567056705670566, -6.752325232523257 ], [ 110.571782178217816, -6.750075007500756 ], [ 110.571782178217816, -6.75 ], [ 110.563981398139816, -6.75 ] ] ] } },
{ "type": "Feature", "properties": { "year": 2047, "layer": "atrisk" }, "geometry": { "type": "Polygon", "coordinates": [ [ [ 110.584383438343835, -6.752100210020996 ], [ 110.583633363336332, -6.752775277527759 ], [ 110.583483348334838, -6.753825382538253 ], [ 110.58453345334533, -6.753525352535251 ], [ 110.584383438343835, -6.752100210020996 ] ] ] } },
{ "type": "Feature", "properties": { "year": 2047, "layer": "atrisk" }, "geometry": { "type": "Polygon", "coordinates": [ [ [ 110.580483048304828, -6.752625262526246 ], [ 110.577932793279345, -6.753000300030009 ], [ 110.577782778277822, -6.753825382538252 ], [ 110.581008100810081, -6.753900390038996 ], [ 110.580483048304828, -6.752625262526246 ] ] ] } },
{ "type": "Feature", "properties": { "year": 2047, "layer": "atrisk" }, "geometry": { "type": "Polygon", "coordinates": [ [ [ 110.583258325832588, -6.752700270027009 ], [ 110.581983198319833, -6.752400240024 ], [ 110.582283228322837, -6.754275427542762 ], [ 110.583258325832588, -6.752700270027009 ] ] ] } },
{ "type": "Feature", "properties": { "year": 2047, "layer": "atrisk" }, "geometry": { "type": "Polygon", "coordinates": [ [ [ 110.570732073207324, -6.753225322532248 ], [ 110.571182118211823, -6.75465046504651 ], [ 110.571932193219325, -6.754200420042006 ], [ 110.571782178217816, -6.753300330032997 ], [ 110.570732073207324, -6.753225322532248 ] ] ] } },
{ "type": "Feature", "properties": { "year": 2047, "layer": "atrisk" }, "geometry": { "type": "Polygon", "coordinates": [ [ [ 110.568781878187821, -6.753300330033001 ], [ 110.568331833183322, -6.754425442544247 ], [ 110.569381938193814, -6.754725472547261 ], [ 110.569756975697572, -6.754050405040499 ], [ 110.568781878187821, -6.753300330033001 ] ] ] } },
{ "type": "Feature", "properties": { "year": 2047, "layer": "atrisk" }, "geometry": { "type": "Polygon", "coordinates": [ [ [ 110.541104110411041, -6.75 ], [ 110.545829582958291, -6.75592559255925 ], [ 110.547479747974791, -6.755700570057004 ], [ 110.543429342934289, -6.75 ], [ 110.541104110411041, -6.75 ] ] ] } },
{ "type": "Feature", "properties": { "year": 2047, "layer": "atrisk" }, "geometry": { "type": "Polygon", "coordinates": [ [ [ 110.549279927992799, -6.755775577557748 ], [ 110.548829882988301, -6.75652565256525 ], [ 110.549429942994294, -6.756675667566756 ], [ 110.549279927992799, -6.755775577557748 ] ] ] } },
{ "type": "Feature", "properties": { "year": 2047, "layer": "atrisk" }, "geometry": { "type": "Polygon", "coordinates": [ [ [ 110.571332133213318, -6.756525652565253 ], [ 110.569906990699067, -6.757425742574256 ], [ 110.569981998199836, -6.758775877587751 ], [ 110.571407140714072, -6.757725772577253 ], [ 110.571332133213318, -6.756525652565253 ] ] ] } },
{ "type": "Feature", "properties": { "year": 2047, "layer": "atrisk" }, "geometry": { "type": "Polygon", "coordinates": [ [ [ 110.547329732973296, -6.759000900090014 ], [ 110.546354635463544, -6.759825982598256 ], [ 110.546654665466548, -6.760126012601257 ], [ 110.547329732973296, -6.759000900090014 ] ] ] } },
{ "type": "Feature", "properties": { "year": 2047, "layer": "atrisk" }, "geometry": { "type": "Polygon", "coordinates": [ [ [ 110.566681668166822, -6.759225922592264 ], [ 110.565631563156316, -6.759975997599761 ], [ 110.566231623162309, -6.761626162616259 ], [ 110.567206720672061, -6.760426042604259 ], [ 110.566681668166822, -6.759225922592264 ] ] ] } },
{ "type": "Feature", "properties": { "year": 2047, "layer": "atrisk" }, "geometry": { "type": "Polygon", "coordinates": [ [ [ 110.578907890789097, -6.760126012601258 ], [ 110.577332733273323, -6.760501050105006 ], [ 110.578682868286833, -6.76177617761776 ], [ 110.578907890789097, -6.760126012601258 ] ] ] } },
{ "type": "Feature", "properties": { "year": 2047, "layer": "atrisk" }, "geometry": { "type": "Polygon", "coordinates": [ [ [ 110.554605460546057, -6.760876087608755 ], [ 110.554830483048306, -6.762376237623768 ], [ 110.555655565556549, -6.762526252625259 ], [ 110.555955595559553, -6.761101110111017 ], [ 110.554605460546057, -6.760876087608755 ] ] ] } },
{ "type": "Feature", "properties": { "year": 2047, "layer": "atrisk" }, "geometry": { "type": "Polygon", "coordinates": [ [ [ 110.583483348334838, -6.754275427542747 ], [ 110.582508250825086, -6.759000900090015 ], [ 110.581608160816089, -6.757575757575766 ], [ 110.575007500750075, -6.757125712571258 ], [ 110.574632463246346, -6.755475547554755 ], [ 110.57208220822082, -6.756375637563761 ], [ 110.57508250825083, -6.757425742574253 ], [ 110.574107410741078, -6.759975997599752 ], [ 110.577782778277822, -6.759150915091514 ], [ 110.583333333333329, -6.761101110111017 ], [ 110.583633363336332, -6.763726372637266 ], [ 110.583483348334838, -6.754275427542747 ] ], [ [ 110.574632463246346, -6.756600660066005 ], [ 110.574707470747072, -6.756525652565248 ], [ 110.574707470747072, -6.756600660066002 ], [ 110.574632463246346, -6.756600660066005 ] ] ] } },
{ "type": "Feature", "properties": { "year": 2047, "layer": "atrisk" }, "geometry": { "type": "Polygon", "coordinates": [ [ [ 110.569606960696063, -6.763726372637268 ], [ 110.567431743174311, -6.763351335133514 ], [ 110.566381638163818, -6.763501350135004 ], [ 110.569606960696063, -6.763726372637268 ] ] ] } },
{ "type": "Feature", "properties": { "year": 2047, "layer": "atrisk" }, "geometry": { "type": "Polygon", "coordinates": [ [ [ 110.584083408340831, -6.766501650165009 ], [ 110.583033303330339, -6.767401740174024 ], [ 110.583483348334838, -6.767701770177018 ], [ 110.584083408340831, -6.766501650165009 ] ] ] } },
{ "type": "Feature", "properties": { "year": 2047, "layer": "atrisk" }, "geometry": { "type": "Polygon", "coordinates": [ [ [ 110.58430843084308, -6.769501950195018 ], [ 110.583333333333329, -6.769426942694268 ], [ 110.584383438343835, -6.769876987698772 ], [ 110.58430843084308, -6.769501950195018 ] ] ] } },
{ "type": "Feature", "properties": { "year": 2047, "layer": "atrisk" }, "geometry": { "type": "Polygon", "coordinates": [ [ [ 110.522652265226526, -6.835133513351344 ], [ 110.522052205220518, -6.835808580858086 ], [ 110.522127212721273, -6.836258625862581 ], [ 110.522652265226526, -6.836183618361833 ], [ 110.522652265226526, -6.835133513351344 ] ], [ [ 110.522277227722768, -6.835958595859578 ], [ 110.522352235223522, -6.835883588358829 ], [ 110.522352235223522, -6.835958595859592 ], [ 110.522277227722768, -6.835958595859578 ] ] ] } },
{ "type": "Feature", "properties": { "year": 2047, "layer": "atrisk" }, "geometry": { "type": "Polygon", "coordinates": [ [ [ 110.443069306930695, -6.938268826882689 ], [ 110.439468946894692, -6.938943894389444 ], [ 110.443894389438938, -6.938943894389443 ], [ 110.443069306930695, -6.938268826882689 ] ] ] } },
{ "type": "Feature", "properties": { "year": 2047, "layer": "atrisk" }, "geometry": { "type": "Polygon", "coordinates": [ [ [ 110.57680768076807, -6.759825982598267 ], [ 110.572232223222329, -6.761776177617754 ], [ 110.574782478247826, -6.761251125112508 ], [ 110.57538253825382, -6.762826282628257 ], [ 110.573132313231326, -6.762976297629756 ], [ 110.570657065706584, -6.763951395139509 ], [ 110.570582058205815, -6.764251425142512 ], [ 110.575607560756069, -6.764326432643267 ], [ 110.575457545754574, -6.770027002700273 ], [ 110.576882688268824, -6.770702070207025 ], [ 110.576057605760582, -6.769126912691266 ], [ 110.577482748274832, -6.767626762676272 ], [ 110.578007800780071, -6.770702070207015 ], [ 110.575532553255329, -6.771452145214529 ], [ 110.575457545754574, -6.770402040204012 ], [ 110.575232523252325, -6.773477347734771 ], [ 110.569456945694569, -6.775202520252023 ], [ 110.569531953195323, -6.775502550255033 ], [ 110.568706870687066, -6.775652565256522 ], [ 110.567731773177314, -6.776852685268533 ], [ 110.565706570657085, -6.78660366036603 ], [ 110.566981698169812, -6.788178817881795 ], [ 110.565331533153312, -6.78795379537953 ], [ 110.562631263126306, -6.793054305430537 ], [ 110.563006300630065, -6.795079507950796 ], [ 110.564806480648059, -6.795829582958291 ], [ 110.565031503150323, -6.796204620462054 ], [ 110.562556255625566, -6.794929492949303 ], [ 110.561656165616569, -6.795154515451549 ], [ 110.559555955595556, -6.798154815481547 ], [ 110.560081008100823, -6.803705370537059 ], [ 110.556705670567055, -6.805880588058803 ], [ 110.554230423042299, -6.809030903090314 ], [ 110.555955595559553, -6.810306030603056 ], [ 110.557080708070814, -6.811806180618061 ], [ 110.551080108010808, -6.808430843084302 ], [ 110.549504950495063, -6.811281128112816 ], [ 110.551380138013798, -6.809630963096302 ], [ 110.551755175517556, -6.809405940594065 ], [ 110.552055205520546, -6.809555955595563 ], [ 110.551305130513057, -6.810081008100807 ], [ 110.549204920492045, -6.812931293129317 ], [ 110.549579957995803, -6.817656765676571 ], [ 110.54740474047405, -6.820432043204314 ], [ 110.542454245424537, -6.820657065706573 ], [ 110.530603060306035, -6.832958295829591 ], [ 110.520102010201029, -6.834983498349827 ], [ 110.523402340234028, -6.838508850885088 ], [ 110.527527752775271, -6.839333933393331 ], [ 110.528352835283542, -6.846984698469852 ], [ 110.521827182718269, -6.848709870987097 ], [ 110.525127512751268, -6.85058505850585 ], [ 110.521677167716774, -6.851260126012601 ], [ 110.521452145214539, -6.849234923492343 ], [ 110.519051905190523, -6.8551605160516 ], [ 110.519876987698765, -6.855985598559862 ], [ 110.518601860186024, -6.857035703570353 ], [ 110.518451845184529, -6.855010501050103 ], [ 110.51522652265227, -6.85913591359135 ], [ 110.516126612661267, -6.860711071107118 ], [ 110.515976597659773, -6.859810981098104 ], [ 110.517176717671774, -6.859060906090607 ], [ 110.517101710171019, -6.861461146114618 ], [ 110.519351935193512, -6.861836183618368 ], [ 110.508700870087011, -6.880063006300624 ], [ 110.478997899789974, -6.918241824182414 ], [ 110.47562256225622, -6.920942094209425 ], [ 110.475847584758469, -6.924392439243932 ], [ 110.470672067206721, -6.925292529252926 ], [ 110.467671767176711, -6.928292829282924 ], [ 110.467521752175216, -6.930393039303931 ], [ 110.46482148214821, -6.929717971797172 ], [ 110.461221122112207, -6.932418241824185 ], [ 110.46009600960096, -6.931818181818182 ], [ 110.459870987098711, -6.933318331833183 ], [ 110.458820882088204, -6.932343234323429 ], [ 110.456870687068701, -6.935343534353427 ], [ 110.452970297029708, -6.936318631863181 ], [ 110.452145214521451, -6.935043504350432 ], [ 110.449369936993705, -6.936918691869188 ], [ 110.448394839483953, -6.935418541854187 ], [ 110.444419441944191, -6.938943894389443 ], [ 110.461071107110712, -6.938943894389444 ], [ 110.460921092109217, -6.937818781878194 ], [ 110.466096609660966, -6.938943894389433 ], [ 110.465121512151214, -6.937593759375934 ], [ 110.466546654665464, -6.938943894389432 ], [ 110.482073207320738, -6.938493849384936 ], [ 110.490474047404746, -6.935193519351929 ], [ 110.496399639963997, -6.929792979297926 ], [ 110.501050105010506, -6.919141914191428 ], [ 110.50142514251425, -6.896939693969404 ], [ 110.508325832583253, -6.894989498949901 ], [ 110.51357635763577, -6.891764176417639 ], [ 110.520777077707791, -6.881488148814877 ], [ 110.522202220222027, -6.873912391239132 ], [ 110.522202220222027, -6.85523552355235 ], [ 110.530228022802277, -6.852760276027608 ], [ 110.536453645364531, -6.84803480348035 ], [ 110.540804080408037, -6.841584158415835 ], [ 110.542754275427541, -6.834383438343829 ], [ 110.547779777977794, -6.833258325832576 ], [ 110.552130213021314, -6.831233123312331 ], [ 110.549579957995803, -6.83070807080708 ], [ 110.548679867986792, -6.828157815781583 ], [ 110.549579957995803, -6.828982898289823 ], [ 110.55370537053706, -6.830183018301824 ], [ 110.551230123012303, -6.829282928292828 ], [ 110.549654965496543, -6.828232823282335 ], [ 110.554530453045302, -6.829582958295822 ], [ 110.558355835583555, -6.825907590759074 ], [ 110.562706270627075, -6.817431743174322 ], [ 110.561956195619558, -6.816006600660057 ], [ 110.558655865586559, -6.813081308130811 ], [ 110.557155715571554, -6.812481248124805 ], [ 110.557155715571554, -6.812106210621065 ], [ 110.558130813081306, -6.812256225622562 ], [ 110.563156315631559, -6.816006600660062 ], [ 110.563531353135318, -6.81345634563457 ], [ 110.570657065706584, -6.811506150615057 ], [ 110.573957395739569, -6.809705970597055 ], [ 110.575907590759073, -6.808280828082799 ], [ 110.582358235823577, -6.799879987998802 ], [ 110.583858385838596, -6.795454545454543 ], [ 110.584458445844589, -6.791779177917794 ], [ 110.582058205820587, -6.790129012901284 ], [ 110.581983198319833, -6.792679267926784 ], [ 110.581533153315334, -6.793654365436537 ], [ 110.581533153315334, -6.789903990399039 ], [ 110.578832883288328, -6.788703870387034 ], [ 110.580933093309326, -6.78900390039004 ], [ 110.584458445844589, -6.791479147914792 ], [ 110.584683468346839, -6.771152115211522 ], [ 110.581908190819078, -6.77055205520552 ], [ 110.583033303330339, -6.766501650165009 ], [ 110.581833183318338, -6.767251725172518 ], [ 110.582133213321328, -6.764401440144014 ], [ 110.57980798079808, -6.763951395139505 ], [ 110.581383138313825, -6.76380138013802 ], [ 110.583783378337827, -6.76485148514851 ], [ 110.58423342334234, -6.764101410141012 ], [ 110.578232823282335, -6.761926192619266 ], [ 110.576132613261322, -6.762901290129007 ], [ 110.576957695769579, -6.760726072607261 ], [ 110.57680768076807, -6.759825982598267 ] ], [ [ 110.57673267326733, -6.760126012601266 ], [ 110.57680768076807, -6.760051005100513 ], [ 110.57680768076807, -6.760126012601257 ], [ 110.57673267326733, -6.760126012601266 ] ], [ [ 110.57673267326733, -6.760576057605758 ], [ 110.57680768076807, -6.760426042604252 ], [ 110.57680768076807, -6.760576057605764 ], [ 110.57673267326733, -6.760576057605758 ] ], [ [ 110.57650765076508, -6.760651065106518 ], [ 110.576582658265835, -6.760576057605753 ], [ 110.576582658265835, -6.760651065106503 ], [ 110.57650765076508, -6.760651065106518 ] ], [ [ 110.576657665766575, -6.760651065106507 ], [ 110.57673267326733, -6.760576057605758 ], [ 110.57673267326733, -6.760651065106513 ], [ 110.576657665766575, -6.760651065106507 ] ], [ [ 110.57673267326733, -6.76072607260726 ], [ 110.57680768076807, -6.760651065106505 ], [ 110.57680768076807, -6.760726072607268 ], [ 110.57673267326733, -6.76072607260726 ] ], [ [ 110.576357635763571, -6.761626162616266 ], [ 110.576432643264326, -6.761326132613259 ], [ 110.576432643264326, -6.761626162616269 ], [ 110.576357635763571, -6.761626162616266 ] ], [ [ 110.576282628262845, -6.76185118511852 ], [ 110.576357635763571, -6.761776177617753 ], [ 110.576357635763571, -6.761851185118515 ], [ 110.576282628262845, -6.76185118511852 ] ], [ [ 110.575532553255329, -6.762076207620757 ], [ 110.575607560756069, -6.761926192619268 ], [ 110.575607560756069, -6.762076207620769 ], [ 110.575532553255329, -6.762076207620757 ] ], [ [ 110.576957695769579, -6.764851485148512 ], [ 110.577632763276327, -6.765376537653766 ], [ 110.577032703270334, -6.765826582658264 ], [ 110.576957695769579, -6.764851485148512 ] ], [ [ 110.570357035703566, -6.775277527752782 ], [ 110.570582058205815, -6.775127512751276 ], [ 110.570582058205815, -6.775277527752783 ], [ 110.570357035703566, -6.775277527752782 ] ], [ [ 110.569756975697572, -6.775577557755776 ], [ 110.570057005700576, -6.775802580258029 ], [ 110.569756975697572, -6.775877587758781 ], [ 110.569756975697572, -6.775577557755776 ] ], [ [ 110.569606960696063, -6.775727572757273 ], [ 110.569681968196818, -6.775577557755778 ], [ 110.569681968196818, -6.775727572757273 ], [ 110.569606960696063, -6.775727572757273 ] ], [ [ 110.568931893189315, -6.776027602760282 ], [ 110.569081908190824, -6.775652565256532 ], [ 110.569006900690084, -6.776027602760269 ], [ 110.568931893189315, -6.776027602760282 ] ], [ [ 110.569231923192319, -6.775877587758786 ], [ 110.569381938193814, -6.77617761776177 ], [ 110.569231923192319, -6.776177617761784 ], [ 110.569231923192319, -6.775877587758786 ] ], [ [ 110.568706870687066, -6.775877587758782 ], [ 110.568781878187821, -6.775802580258024 ], [ 110.568781878187821, -6.775877587758775 ], [ 110.568706870687066, -6.775877587758782 ] ], [ [ 110.568631863186312, -6.776252625262527 ], [ 110.568781878187821, -6.776402640264031 ], [ 110.568631863186312, -6.776552655265528 ], [ 110.568631863186312, -6.776252625262527 ] ], [ [ 110.569756975697572, -6.776252625262519 ], [ 110.569831983198327, -6.776102610261017 ], [ 110.569831983198327, -6.776252625262519 ], [ 110.569756975697572, -6.776252625262519 ] ], [ [ 110.570657065706584, -6.776552655265534 ], [ 110.571032103210328, -6.776252625262534 ], [ 110.570882088208819, -6.77662766276628 ], [ 110.570657065706584, -6.776552655265534 ] ], [ [ 110.578457845784584, -6.776177617761778 ], [ 110.583258325832588, -6.778202820282022 ], [ 110.584458445844589, -6.780003000300034 ], [ 110.580858085808586, -6.779327932793286 ], [ 110.578457845784584, -6.776177617761778 ] ], [ [ 110.568931893189315, -6.776327632763272 ], [ 110.569081908190824, -6.776477647764779 ], [ 110.568931893189315, -6.776627662766278 ], [ 110.568931893189315, -6.776327632763272 ] ], [ [ 110.569156915691565, -6.776702670267026 ], [ 110.569231923192319, -6.776402640264023 ], [ 110.569231923192319, -6.776702670267025 ], [ 110.569156915691565, -6.776702670267026 ] ], [ [ 110.569681968196818, -6.776477647764777 ], [ 110.569756975697572, -6.776402640264036 ], [ 110.569756975697572, -6.776477647764777 ], [ 110.569681968196818, -6.776477647764777 ] ], [ [ 110.570357035703566, -6.776552655265521 ], [ 110.570507050705075, -6.776402640264022 ], [ 110.57043204320432, -6.776552655265527 ], [ 110.570357035703566, -6.776552655265521 ] ], [ [ 110.570357035703566, -6.776777677767772 ], [ 110.570507050705075, -6.776927692769283 ], [ 110.570282028202826, -6.777077707770784 ], [ 110.570357035703566, -6.776777677767772 ] ], [ [ 110.570207020702071, -6.776927692769282 ], [ 110.570282028202826, -6.776777677767767 ], [ 110.570282028202826, -6.776927692769271 ], [ 110.570207020702071, -6.776927692769282 ] ], [ [ 110.570582058205815, -6.776852685268532 ], [ 110.570657065706584, -6.776777677767784 ], [ 110.570657065706584, -6.77685268526853 ], [ 110.570582058205815, -6.776852685268532 ] ], [ [ 110.570132013201317, -6.777077707770777 ], [ 110.570207020702071, -6.776927692769282 ], [ 110.570207020702071, -6.777077707770785 ], [ 110.570132013201317, -6.777077707770777 ] ], [ [ 110.570057005700576, -6.777302730273031 ], [ 110.570207020702071, -6.777152715271529 ], [ 110.570132013201317, -6.77730273027302 ], [ 110.570057005700576, -6.777302730273031 ] ], [ [ 110.570057005700576, -6.777377737773782 ], [ 110.570282028202826, -6.77760276027602 ], [ 110.570057005700576, -6.777752775277532 ], [ 110.570057005700576, -6.777377737773782 ] ], [ [ 110.570657065706584, -6.77752775277528 ], [ 110.570882088208819, -6.777452745274535 ], [ 110.570807080708065, -6.777602760276035 ], [ 110.570657065706584, -6.77752775277528 ] ], [ [ 110.57043204320432, -6.777602760276035 ], [ 110.570582058205815, -6.777752775277532 ], [ 110.57043204320432, -6.777827782778275 ], [ 110.57043204320432, -6.777602760276035 ] ], [ [ 110.568931893189315, -6.777827782778282 ], [ 110.569006900690084, -6.777752775277528 ], [ 110.569006900690084, -6.777827782778283 ], [ 110.568931893189315, -6.777827782778282 ] ], [ [ 110.569081908190824, -6.777902790279034 ], [ 110.569231923192319, -6.77805280528053 ], [ 110.569081908190824, -6.778202820282033 ], [ 110.569081908190824, -6.777902790279034 ] ], [ [ 110.570357035703566, -6.777977797779783 ], [ 110.57043204320432, -6.777827782778275 ], [ 110.57043204320432, -6.777977797779783 ], [ 110.570357035703566, -6.777977797779783 ] ], [ [ 110.569381938193814, -6.778202820282024 ], [ 110.569681968196818, -6.77797779777978 ], [ 110.569681968196818, -6.778127812781276 ], [ 110.569381938193814, -6.778202820282024 ] ], [ [ 110.569756975697572, -6.778052805280524 ], [ 110.569831983198327, -6.777902790279032 ], [ 110.569831983198327, -6.778052805280522 ], [ 110.569756975697572, -6.778052805280524 ] ], [ [ 110.568856885688575, -6.778052805280531 ], [ 110.568931893189315, -6.777977797779781 ], [ 110.568931893189315, -6.778052805280522 ], [ 110.568856885688575, -6.778052805280531 ] ], [ [ 110.570132013201317, -6.778052805280524 ], [ 110.570207020702071, -6.777977797779784 ], [ 110.570207020702071, -6.778052805280534 ], [ 110.570132013201317, -6.778052805280524 ] ], [ [ 110.569831983198327, -6.778127812781277 ], [ 110.570057005700576, -6.778127812781279 ], [ 110.569831983198327, -6.778352835283526 ], [ 110.569831983198327, -6.778127812781277 ] ], [ [ 110.568781878187821, -6.778277827782779 ], [ 110.568856885688575, -6.778127812781278 ], [ 110.568856885688575, -6.778277827782778 ], [ 110.568781878187821, -6.778277827782779 ] ], [ [ 110.569231923192319, -6.778277827782786 ], [ 110.569306930693074, -6.778127812781272 ], [ 110.569306930693074, -6.778277827782785 ], [ 110.569231923192319, -6.778277827782786 ] ], [ [ 110.570207020702071, -6.778352835283521 ], [ 110.570357035703566, -6.778127812781271 ], [ 110.570282028202826, -6.778352835283526 ], [ 110.570207020702071, -6.778352835283521 ] ], [ [ 110.569006900690084, -6.778427842784274 ], [ 110.569081908190824, -6.778202820282033 ], [ 110.569081908190824, -6.77842784278427 ], [ 110.569006900690084, -6.778427842784274 ] ], [ [ 110.570057005700576, -6.778277827782771 ], [ 110.570132013201317, -6.778202820282028 ], [ 110.570132013201317, -6.778277827782782 ], [ 110.570057005700576, -6.778277827782771 ] ], [ [ 110.57043204320432, -6.778277827782786 ], [ 110.570507050705075, -6.778202820282024 ], [ 110.570507050705075, -6.778277827782776 ], [ 110.57043204320432, -6.778277827782786 ] ], [ [ 110.570357035703566, -6.778427842784271 ], [ 110.57043204320432, -6.778277827782786 ], [ 110.570507050705075, -6.77842784278428 ], [ 110.570357035703566, -6.778427842784271 ] ], [ [ 110.568706870687066, -6.778577857785783 ], [ 110.568781878187821, -6.778352835283531 ], [ 110.568781878187821, -6.77857785778577 ], [ 110.568706870687066, -6.778577857785783 ] ], [ [ 110.568781878187821, -6.778802880288032 ], [ 110.569006900690084, -6.778652865286536 ], [ 110.568781878187821, -6.779027902790279 ], [ 110.568781878187821, -6.778802880288032 ] ], [ [ 110.569156915691565, -6.779477947794775 ], [ 110.569756975697572, -6.778802880288032 ], [ 110.569156915691565, -6.779702970297028 ], [ 110.569156915691565, -6.779477947794775 ] ], [ [ 110.570357035703566, -6.778652865286538 ], [ 110.57043204320432, -6.778502850285021 ], [ 110.57043204320432, -6.778652865286535 ], [ 110.570357035703566, -6.778652865286538 ] ], [ [ 110.568331833183322, -6.778952895289534 ], [ 110.568706870687066, -6.778577857785783 ], [ 110.568631863186312, -6.778952895289531 ], [ 110.568331833183322, -6.778952895289534 ] ], [ [ 110.569081908190824, -6.780378037803782 ], [ 110.569306930693074, -6.780003000300027 ], [ 110.569006900690084, -6.78052805280528 ], [ 110.569081908190824, -6.780378037803782 ] ], [ [ 110.568931893189315, -6.780303030303037 ], [ 110.569006900690084, -6.780153015301524 ], [ 110.569006900690084, -6.780303030303021 ], [ 110.568931893189315, -6.780303030303037 ] ], [ [ 110.569531953195323, -6.780378037803776 ], [ 110.569606960696063, -6.780228022802284 ], [ 110.569606960696063, -6.780378037803778 ], [ 110.569531953195323, -6.780378037803776 ] ], [ [ 110.568856885688575, -6.780528052805288 ], [ 110.568931893189315, -6.780303030303037 ], [ 110.568931893189315, -6.780528052805283 ], [ 110.568856885688575, -6.780528052805288 ] ], [ [ 110.568931893189315, -6.780903090309026 ], [ 110.569456945694569, -6.780903090309032 ], [ 110.568931893189315, -6.781503150315027 ], [ 110.568931893189315, -6.780903090309026 ] ], [ [ 110.568781878187821, -6.780753075307534 ], [ 110.568856885688575, -6.780528052805288 ], [ 110.568856885688575, -6.780753075307524 ], [ 110.568781878187821, -6.780753075307534 ] ], [ [ 110.568706870687066, -6.780978097809777 ], [ 110.568781878187821, -6.780753075307534 ], [ 110.568781878187821, -6.78097809780978 ], [ 110.568706870687066, -6.780978097809777 ] ], [ [ 110.568631863186312, -6.781128112811284 ], [ 110.568706870687066, -6.780978097809777 ], [ 110.568706870687066, -6.781128112811282 ], [ 110.568631863186312, -6.781128112811284 ] ], [ [ 110.568556855685571, -6.781278127812787 ], [ 110.568631863186312, -6.781128112811284 ], [ 110.568631863186312, -6.781278127812783 ], [ 110.568556855685571, -6.781278127812787 ] ], [ [ 110.568481848184817, -6.781503150315038 ], [ 110.568556855685571, -6.781353135313529 ], [ 110.568556855685571, -6.78150315031503 ], [ 110.568481848184817, -6.781503150315038 ] ], [ [ 110.568031803180318, -6.78180318031803 ], [ 110.568481848184817, -6.781503150315038 ], [ 110.568631863186312, -6.782028202820287 ], [ 110.568031803180318, -6.78180318031803 ] ], [ [ 110.567956795679564, -6.781728172817276 ], [ 110.568031803180318, -6.781653165316526 ], [ 110.568031803180318, -6.781728172817283 ], [ 110.567956795679564, -6.781728172817276 ] ], [ [ 110.574932493249335, -6.781728172817275 ], [ 110.575007500750075, -6.781653165316526 ], [ 110.575007500750075, -6.781728172817282 ], [ 110.574932493249335, -6.781728172817275 ] ], [ [ 110.568031803180318, -6.782103210321027 ], [ 110.568256825682568, -6.782028202820287 ], [ 110.568256825682568, -6.782178217821783 ], [ 110.568031803180318, -6.782103210321027 ] ], [ [ 110.568631863186312, -6.782178217821776 ], [ 110.569006900690084, -6.782103210321036 ], [ 110.569006900690084, -6.782253225322538 ], [ 110.568631863186312, -6.782178217821776 ] ], [ [ 110.574782478247826, -6.782328232823282 ], [ 110.57508250825083, -6.782178217821781 ], [ 110.574782478247826, -6.782478247824785 ], [ 110.574782478247826, -6.782328232823282 ] ], [ [ 110.568331833183322, -6.782253225322534 ], [ 110.568406840684062, -6.782178217821789 ], [ 110.568406840684062, -6.782253225322536 ], [ 110.568331833183322, -6.782253225322534 ] ], [ [ 110.569081908190824, -6.78217821782178 ], [ 110.57208220822082, -6.783378337833789 ], [ 110.573357335733576, -6.785028502850292 ], [ 110.572382238223824, -6.783903390339034 ], [ 110.569081908190824, -6.78217821782178 ] ], [ [ 110.568031803180318, -6.782478247824779 ], [ 110.568256825682568, -6.782403240324028 ], [ 110.568031803180318, -6.782628262826281 ], [ 110.568031803180318, -6.782478247824779 ] ], [ [ 110.568631863186312, -6.782403240324028 ], [ 110.568856885688575, -6.782328232823279 ], [ 110.568856885688575, -6.782478247824788 ], [ 110.568631863186312, -6.782403240324028 ] ], [ [ 110.574482448244822, -6.782403240324026 ], [ 110.574557455745577, -6.782328232823278 ], [ 110.574557455745577, -6.782403240324035 ], [ 110.574482448244822, -6.782403240324026 ] ], [ [ 110.574407440744068, -6.782478247824784 ], [ 110.574482448244822, -6.782403240324026 ], [ 110.574482448244822, -6.782478247824784 ], [ 110.574407440744068, -6.782478247824784 ] ], [ [ 110.569006900690084, -6.782553255325533 ], [ 110.569231923192319, -6.782478247824786 ], [ 110.569231923192319, -6.782553255325523 ], [ 110.569006900690084, -6.782553255325533 ] ], [ [ 110.574332433243328, -6.78262826282629 ], [ 110.574407440744068, -6.782478247824784 ], [ 110.574407440744068, -6.782628262826288 ], [ 110.574332433243328, -6.78262826282629 ] ], [ [ 110.574707470747072, -6.782553255325537 ], [ 110.574782478247826, -6.782478247824785 ], [ 110.574782478247826, -6.782553255325538 ], [ 110.574707470747072, -6.782553255325537 ] ], [ [ 110.569231923192319, -6.782628262826288 ], [ 110.569381938193814, -6.782553255325523 ], [ 110.569381938193814, -6.782628262826281 ], [ 110.569231923192319, -6.782628262826288 ] ], [ [ 110.574632463246346, -6.782703270327037 ], [ 110.574707470747072, -6.782553255325537 ], [ 110.574707470747072, -6.782703270327032 ], [ 110.574632463246346, -6.782703270327037 ] ], [ [ 110.567956795679564, -6.782778277827778 ], [ 110.568031803180318, -6.782628262826281 ], [ 110.568031803180318, -6.782778277827785 ], [ 110.567956795679564, -6.782778277827778 ] ], [ [ 110.569456945694569, -6.782703270327038 ], [ 110.569606960696063, -6.78262826282628 ], [ 110.569606960696063, -6.782703270327035 ], [ 110.569456945694569, -6.782703270327038 ] ], [ [ 110.574257425742573, -6.782703270327032 ], [ 110.574332433243328, -6.78262826282629 ], [ 110.574332433243328, -6.782703270327036 ], [ 110.574257425742573, -6.782703270327032 ] ], [ [ 110.574557455745577, -6.782778277827775 ], [ 110.574632463246346, -6.782703270327037 ], [ 110.574632463246346, -6.782778277827779 ], [ 110.574557455745577, -6.782778277827775 ] ], [ [ 110.570807080708065, -6.782853285328523 ], [ 110.570882088208819, -6.782778277827788 ], [ 110.570882088208819, -6.782853285328526 ], [ 110.570807080708065, -6.782853285328523 ] ], [ [ 110.574182418241818, -6.782853285328527 ], [ 110.574257425742573, -6.782778277827776 ], [ 110.574257425742573, -6.78285328532853 ], [ 110.574182418241818, -6.782853285328527 ] ], [ [ 110.574107410741078, -6.782928292829284 ], [ 110.574182418241818, -6.782853285328527 ], [ 110.574182418241818, -6.782928292829277 ], [ 110.574107410741078, -6.782928292829284 ] ], [ [ 110.574182418241818, -6.783078307830779 ], [ 110.574482448244822, -6.783003300330027 ], [ 110.574182418241818, -6.783228322832286 ], [ 110.574182418241818, -6.783078307830779 ] ], [ [ 110.567956795679564, -6.78345334533453 ], [ 110.568406840684062, -6.78315331533154 ], [ 110.568556855685571, -6.78330333033304 ], [ 110.567956795679564, -6.78345334533453 ] ], [ [ 110.567731773177314, -6.783228322832283 ], [ 110.567806780678069, -6.783153315331524 ], [ 110.567806780678069, -6.783228322832282 ], [ 110.567731773177314, -6.783228322832283 ] ], [ [ 110.567656765676574, -6.783378337833778 ], [ 110.567731773177314, -6.783228322832283 ], [ 110.567731773177314, -6.78337833783378 ], [ 110.567656765676574, -6.783378337833778 ] ], [ [ 110.574107410741078, -6.78330333033304 ], [ 110.574182418241818, -6.783228322832286 ], [ 110.574182418241818, -6.783303330333032 ], [ 110.574107410741078, -6.78330333033304 ] ], [ [ 110.574032403240324, -6.783453345334527 ], [ 110.574107410741078, -6.78330333033304 ], [ 110.574107410741078, -6.783453345334537 ], [ 110.574032403240324, -6.783453345334527 ] ], [ [ 110.573957395739569, -6.783528352835276 ], [ 110.574032403240324, -6.783453345334527 ], [ 110.574032403240324, -6.783528352835279 ], [ 110.573957395739569, -6.783528352835276 ] ], [ [ 110.573882388238829, -6.783603360336031 ], [ 110.573957395739569, -6.783528352835276 ], [ 110.573957395739569, -6.783603360336041 ], [ 110.573882388238829, -6.783603360336031 ] ], [ [ 110.57365736573658, -6.783753375337536 ], [ 110.57373237323732, -6.783678367836781 ], [ 110.57373237323732, -6.783753375337538 ], [ 110.57365736573658, -6.783753375337536 ] ], [ [ 110.57373237323732, -6.783903390339034 ], [ 110.573882388238829, -6.783678367836777 ], [ 110.573882388238829, -6.783978397839778 ], [ 110.573807380738074, -6.78390339033903 ], [ 110.57373237323732, -6.783903390339034 ] ], [ [ 110.573582358235825, -6.78412841284129 ], [ 110.573807380738074, -6.78405340534053 ], [ 110.57373237323732, -6.784203420342029 ], [ 110.57365736573658, -6.784128412841284 ], [ 110.573582358235825, -6.78412841284129 ] ], [ [ 110.573357335733576, -6.784053405340526 ], [ 110.57343234323433, -6.783978397839789 ], [ 110.57343234323433, -6.78405340534054 ], [ 110.573357335733576, -6.784053405340526 ] ], [ [ 110.57343234323433, -6.784128412841278 ], [ 110.573507350735071, -6.784053405340533 ], [ 110.573507350735071, -6.784128412841279 ], [ 110.57343234323433, -6.784128412841278 ] ], [ [ 110.573282328232835, -6.784278427842778 ], [ 110.573357335733576, -6.784128412841291 ], [ 110.57343234323433, -6.784278427842789 ], [ 110.573282328232835, -6.784278427842778 ] ], [ [ 110.573507350735071, -6.784203420342031 ], [ 110.573582358235825, -6.78412841284129 ], [ 110.573582358235825, -6.784203420342034 ], [ 110.573507350735071, -6.784203420342031 ] ], [ [ 110.572457245724578, -6.78442844284428 ], [ 110.572532253225319, -6.784353435343527 ], [ 110.572532253225319, -6.784428442844288 ], [ 110.572457245724578, -6.78442844284428 ] ], [ [ 110.566681668166822, -6.785103510351028 ], [ 110.566756675667563, -6.784878487848779 ], [ 110.566906690669072, -6.785028502850285 ], [ 110.566681668166822, -6.785103510351028 ] ], [ [ 110.56758175817582, -6.785103510351036 ], [ 110.567656765676574, -6.785028502850288 ], [ 110.567656765676574, -6.785103510351039 ], [ 110.56758175817582, -6.785103510351036 ] ], [ [ 110.583333333333329, -6.787203720372041 ], [ 110.584383438343835, -6.786828682868282 ], [ 110.583633363336332, -6.787803780378032 ], [ 110.583333333333329, -6.787203720372041 ] ], [ [ 110.569681968196818, -6.787203720372032 ], [ 110.569906990699067, -6.787128712871286 ], [ 110.569681968196818, -6.787353735373531 ], [ 110.569681968196818, -6.787203720372032 ] ], [ [ 110.569606960696063, -6.788103810381038 ], [ 110.570282028202826, -6.787278727872784 ], [ 110.569981998199836, -6.787803780378036 ], [ 110.569606960696063, -6.788103810381038 ] ], [ [ 110.569906990699067, -6.787278727872788 ], [ 110.569981998199836, -6.787203720372033 ], [ 110.569981998199836, -6.787278727872792 ], [ 110.569906990699067, -6.787278727872788 ] ], [ [ 110.57538253825382, -6.788028802880294 ], [ 110.575982598259827, -6.78772877287728 ], [ 110.575457545754574, -6.788178817881781 ], [ 110.57538253825382, -6.788028802880294 ] ], [ [ 110.576057605760582, -6.787353735373538 ], [ 110.576132613261322, -6.787278727872794 ], [ 110.576132613261322, -6.78735373537354 ], [ 110.576057605760582, -6.787353735373538 ] ], [ [ 110.569606960696063, -6.787428742874295 ], [ 110.569681968196818, -6.787353735373531 ], [ 110.569681968196818, -6.787428742874281 ], [ 110.569606960696063, -6.787428742874295 ] ], [ [ 110.576057605760582, -6.787653765376537 ], [ 110.576132613261322, -6.787578757875783 ], [ 110.576132613261322, -6.787653765376536 ], [ 110.576057605760582, -6.787653765376537 ] ], [ [ 110.569831983198327, -6.78802880288028 ], [ 110.570357035703566, -6.788028802880289 ], [ 110.569981998199836, -6.788328832883289 ], [ 110.569831983198327, -6.78802880288028 ] ], [ [ 110.575982598259827, -6.787803780378039 ], [ 110.576057605760582, -6.787728772877292 ], [ 110.576057605760582, -6.787803780378036 ], [ 110.575982598259827, -6.787803780378039 ] ], [ [ 110.575607560756069, -6.788178817881785 ], [ 110.575682568256823, -6.788103810381033 ], [ 110.575682568256823, -6.788178817881787 ], [ 110.575607560756069, -6.788178817881785 ] ], [ [ 110.569456945694569, -6.788778877887797 ], [ 110.569756975697572, -6.788328832883295 ], [ 110.569606960696063, -6.78877887788779 ], [ 110.569456945694569, -6.788778877887797 ] ], [ [ 110.569906990699067, -6.788853885388534 ], [ 110.570807080708065, -6.788703870387033 ], [ 110.570882088208819, -6.789078907890784 ], [ 110.569906990699067, -6.788853885388534 ] ], [ [ 110.565256525652572, -6.788703870387046 ], [ 110.565331533153312, -6.788628862886295 ], [ 110.565331533153312, -6.788703870387042 ], [ 110.565256525652572, -6.788703870387046 ] ], [ [ 110.565181518151817, -6.788853885388546 ], [ 110.565256525652572, -6.788778877887793 ], [ 110.565256525652572, -6.788853885388528 ], [ 110.565181518151817, -6.788853885388546 ] ], [ [ 110.569606960696063, -6.788853885388532 ], [ 110.569756975697572, -6.788778877887787 ], [ 110.569756975697572, -6.788853885388541 ], [ 110.569606960696063, -6.788853885388532 ] ], [ [ 110.571032103210328, -6.788853885388531 ], [ 110.575232523252325, -6.789978997899786 ], [ 110.576357635763571, -6.792304230423036 ], [ 110.578982898289823, -6.792754275427543 ], [ 110.576657665766575, -6.792904290429035 ], [ 110.575532553255329, -6.790804080408039 ], [ 110.571032103210328, -6.788853885388531 ] ], [ [ 110.575007500750075, -6.789003900390032 ], [ 110.57508250825083, -6.788928892889294 ], [ 110.57508250825083, -6.789003900390042 ], [ 110.575007500750075, -6.789003900390032 ] ], [ [ 110.565856585658565, -6.791854185418547 ], [ 110.567731773177314, -6.789528952895288 ], [ 110.567056705670566, -6.790879087908795 ], [ 110.565856585658565, -6.791854185418547 ] ], [ [ 110.570132013201317, -6.789978997899793 ], [ 110.570957095709574, -6.789378937893797 ], [ 110.571632163216336, -6.789753975397534 ], [ 110.570132013201317, -6.789978997899793 ] ], [ [ 110.582133213321328, -6.789678967896794 ], [ 110.582208220822096, -6.789603960396044 ], [ 110.582208220822096, -6.789678967896784 ], [ 110.582133213321328, -6.789678967896794 ] ], [ [ 110.571707170717076, -6.789828982898286 ], [ 110.571782178217816, -6.789678967896791 ], [ 110.571782178217816, -6.789828982898293 ], [ 110.571707170717076, -6.789828982898286 ] ], [ [ 110.582208220822096, -6.789753975397544 ], [ 110.582283228322837, -6.789678967896793 ], [ 110.582283228322837, -6.789753975397546 ], [ 110.582208220822096, -6.789753975397544 ] ], [ [ 110.569606960696063, -6.789828982898288 ], [ 110.569681968196818, -6.789753975397542 ], [ 110.569681968196818, -6.789828982898288 ], [ 110.569606960696063, -6.789828982898288 ] ], [ [ 110.571857185718571, -6.789753975397539 ], [ 110.575232523252325, -6.790879087908784 ], [ 110.575757575757578, -6.792304230423039 ], [ 110.575232523252325, -6.792229222922298 ], [ 110.574107410741078, -6.791179117911789 ], [ 110.571857185718571, -6.789753975397539 ] ], [ [ 110.564506450645069, -6.791029102910297 ], [ 110.56458145814581, -6.790954095409534 ], [ 110.56458145814581, -6.791029102910289 ], [ 110.564506450645069, -6.791029102910297 ] ], [ [ 110.56458145814581, -6.791104110411046 ], [ 110.564731473147319, -6.79102910291029 ], [ 110.564731473147319, -6.791104110411044 ], [ 110.56458145814581, -6.791104110411046 ] ], [ [ 110.565031503150323, -6.791254125412535 ], [ 110.565106510651063, -6.791179117911793 ], [ 110.565106510651063, -6.791254125412532 ], [ 110.565031503150323, -6.791254125412535 ] ], [ [ 110.564956495649568, -6.791329132913291 ], [ 110.565031503150323, -6.791254125412535 ], [ 110.565031503150323, -6.791329132913294 ], [ 110.564956495649568, -6.791329132913291 ] ], [ [ 110.565406540654067, -6.791329132913297 ], [ 110.565481548154821, -6.791254125412533 ], [ 110.565481548154821, -6.791329132913285 ], [ 110.565406540654067, -6.791329132913297 ] ], [ [ 110.565631563156316, -6.791404140414047 ], [ 110.565706570657085, -6.791329132913291 ], [ 110.565706570657085, -6.791404140414043 ], [ 110.565631563156316, -6.791404140414047 ] ], [ [ 110.565781578157811, -6.79140414041404 ], [ 110.565856585658565, -6.791329132913291 ], [ 110.565856585658565, -6.791404140414035 ], [ 110.565781578157811, -6.79140414041404 ] ], [ [ 110.565556555655562, -6.791479147914787 ], [ 110.565631563156316, -6.791404140414047 ], [ 110.565631563156316, -6.791479147914784 ], [ 110.565556555655562, -6.791479147914787 ] ], [ [ 110.565706570657085, -6.791554155415533 ], [ 110.565781578157811, -6.791479147914785 ], [ 110.565781578157811, -6.791554155415536 ], [ 110.565706570657085, -6.791554155415533 ] ], [ [ 110.565856585658565, -6.791554155415539 ], [ 110.56593159315932, -6.791479147914785 ], [ 110.56593159315932, -6.791554155415543 ], [ 110.565856585658565, -6.791554155415539 ] ], [ [ 110.563981398139816, -6.791704170417045 ], [ 110.564056405640585, -6.791554155415537 ], [ 110.564056405640585, -6.791704170417038 ], [ 110.563981398139816, -6.791704170417045 ] ], [ [ 110.565631563156316, -6.791629162916297 ], [ 110.565706570657085, -6.791554155415533 ], [ 110.565706570657085, -6.791629162916287 ], [ 110.565631563156316, -6.791629162916297 ] ], [ [ 110.574482448244822, -6.791704170417037 ], [ 110.574557455745577, -6.791629162916285 ], [ 110.574557455745577, -6.791704170417043 ], [ 110.574482448244822, -6.791704170417037 ] ], [ [ 110.563831383138307, -6.791779177917789 ], [ 110.563981398139816, -6.791854185418537 ], [ 110.563831383138307, -6.7919291929193 ], [ 110.563831383138307, -6.791779177917789 ] ], [ [ 110.575457545754574, -6.792379237923797 ], [ 110.575532553255329, -6.792304230423037 ], [ 110.575532553255329, -6.792379237923793 ], [ 110.575457545754574, -6.792379237923797 ] ], [ [ 110.575532553255329, -6.792454245424539 ], [ 110.575607560756069, -6.792379237923788 ], [ 110.575607560756069, -6.792454245424537 ], [ 110.575532553255329, -6.792454245424539 ] ], [ [ 110.575682568256823, -6.792529252925295 ], [ 110.575757575757578, -6.792454245424548 ], [ 110.575757575757578, -6.792529252925295 ], [ 110.575682568256823, -6.792529252925295 ] ], [ [ 110.567056705670566, -6.792754275427546 ], [ 110.567131713171321, -6.792679267926793 ], [ 110.567131713171321, -6.792754275427545 ], [ 110.567056705670566, -6.792754275427546 ] ], [ [ 110.566831683168317, -6.792829282928286 ], [ 110.567131713171321, -6.792979297929786 ], [ 110.566831683168317, -6.792904290429044 ], [ 110.566831683168317, -6.792829282928286 ] ], [ [ 110.567281728172816, -6.792979297929789 ], [ 110.567356735673584, -6.792904290429049 ], [ 110.567356735673584, -6.792979297929786 ], [ 110.567281728172816, -6.792979297929789 ] ], [ [ 110.566831683168317, -6.793054305430542 ], [ 110.567131713171321, -6.793279327932785 ], [ 110.566231623162309, -6.794404440444043 ], [ 110.566531653165313, -6.794779477947798 ], [ 110.565406540654067, -6.796204620462039 ], [ 110.569156915691565, -6.795304530453053 ], [ 110.569681968196818, -6.79822982298229 ], [ 110.567881788178823, -6.797779777977802 ], [ 110.56758175817582, -6.798154815481555 ], [ 110.566681668166822, -6.797329732973297 ], [ 110.568031803180318, -6.797179717971789 ], [ 110.566231623162309, -6.7971797179718 ], [ 110.56458145814581, -6.795604560456037 ], [ 110.565181518151817, -6.795679567956791 ], [ 110.565181518151817, -6.795079507950799 ], [ 110.565631563156316, -6.795154515451547 ], [ 110.566831683168317, -6.793054305430542 ] ], [ [ 110.567131713171321, -6.793129312931291 ], [ 110.567206720672061, -6.793054305430549 ], [ 110.567206720672061, -6.793129312931297 ], [ 110.567131713171321, -6.793129312931291 ] ], [ [ 110.581758175817583, -6.79350435043504 ], [ 110.581833183318338, -6.79335433543355 ], [ 110.581833183318338, -6.793504350435044 ], [ 110.581758175817583, -6.79350435043504 ] ], [ [ 110.572232223222329, -6.794854485448553 ], [ 110.573807380738074, -6.794104410441044 ], [ 110.572607260726073, -6.795229522952287 ], [ 110.572232223222329, -6.794854485448553 ] ], [ [ 110.574332433243328, -6.794029402940292 ], [ 110.574782478247826, -6.793879387938802 ], [ 110.574182418241818, -6.794104410441046 ], [ 110.574332433243328, -6.794029402940292 ] ], [ [ 110.574782478247826, -6.793729372937287 ], [ 110.574857485748581, -6.793654365436542 ], [ 110.574857485748581, -6.793729372937288 ], [ 110.574782478247826, -6.793729372937287 ] ], [ [ 110.566231623162309, -6.79395439543954 ], [ 110.566306630663064, -6.793879387938788 ], [ 110.566306630663064, -6.793954395439539 ], [ 110.566231623162309, -6.79395439543954 ] ], [ [ 110.566156615661569, -6.794104410441046 ], [ 110.566231623162309, -6.79395439543954 ], [ 110.566231623162309, -6.794104410441036 ], [ 110.566156615661569, -6.794104410441046 ] ], [ [ 110.57373237323732, -6.794404440444053 ], [ 110.574032403240324, -6.794179417941796 ], [ 110.574107410741078, -6.794779477947801 ], [ 110.57373237323732, -6.794404440444053 ] ], [ [ 110.574107410741078, -6.794254425442543 ], [ 110.574182418241818, -6.794179417941788 ], [ 110.574182418241818, -6.794254425442552 ], [ 110.574107410741078, -6.794254425442543 ] ], [ [ 110.566306630663064, -6.794479447944796 ], [ 110.566381638163818, -6.794404440444051 ], [ 110.566381638163818, -6.794479447944793 ], [ 110.566306630663064, -6.794479447944796 ] ], [ [ 110.574332433243328, -6.794479447944786 ], [ 110.574407440744068, -6.794404440444036 ], [ 110.574407440744068, -6.7944794479448 ], [ 110.574332433243328, -6.794479447944786 ] ], [ [ 110.573507350735071, -6.794629462946301 ], [ 110.573582358235825, -6.794554455445542 ], [ 110.573582358235825, -6.794629462946297 ], [ 110.573507350735071, -6.794629462946301 ] ], [ [ 110.573807380738074, -6.794704470447035 ], [ 110.573882388238829, -6.794629462946297 ], [ 110.573882388238829, -6.794704470447035 ], [ 110.573807380738074, -6.794704470447035 ] ], [ [ 110.573882388238829, -6.794779477947793 ], [ 110.573957395739569, -6.794704470447046 ], [ 110.573957395739569, -6.794779477947796 ], [ 110.573882388238829, -6.794779477947793 ] ], [ [ 110.574557455745577, -6.794854485448539 ], [ 110.574632463246346, -6.794704470447052 ], [ 110.574632463246346, -6.794854485448552 ], [ 110.574557455745577, -6.794854485448539 ] ], [ [ 110.573357335733576, -6.794854485448536 ], [ 110.57343234323433, -6.794779477947793 ], [ 110.57343234323433, -6.794854485448545 ], [ 110.573357335733576, -6.794854485448536 ] ], [ [ 110.57365736573658, -6.794929492949299 ], [ 110.573882388238829, -6.794779477947793 ], [ 110.573807380738074, -6.795004500450043 ], [ 110.57373237323732, -6.794929492949298 ], [ 110.57365736573658, -6.794929492949299 ] ], [ [ 110.565631563156316, -6.794929492949291 ], [ 110.565706570657085, -6.794854485448539 ], [ 110.565706570657085, -6.794929492949301 ], [ 110.565631563156316, -6.794929492949291 ] ], [ [ 110.574032403240324, -6.794929492949288 ], [ 110.574107410741078, -6.794854485448536 ], [ 110.574107410741078, -6.794929492949293 ], [ 110.574032403240324, -6.794929492949288 ] ], [ [ 110.574482448244822, -6.794929492949292 ], [ 110.574557455745577, -6.794854485448539 ], [ 110.574557455745577, -6.794929492949299 ], [ 110.574482448244822, -6.794929492949292 ] ], [ [ 110.573582358235825, -6.795004500450043 ], [ 110.57365736573658, -6.794929492949299 ], [ 110.57365736573658, -6.795004500450053 ], [ 110.573582358235825, -6.795004500450043 ] ], [ [ 110.573882388238829, -6.795004500450037 ], [ 110.573957395739569, -6.794929492949294 ], [ 110.573957395739569, -6.795004500450042 ], [ 110.573882388238829, -6.795004500450037 ] ], [ [ 110.563681368136812, -6.795154515451553 ], [ 110.563756375637567, -6.795004500450053 ], [ 110.563906390639062, -6.795154515451543 ], [ 110.563681368136812, -6.795154515451553 ] ], [ [ 110.573957395739569, -6.795079507950797 ], [ 110.574032403240324, -6.795004500450043 ], [ 110.574032403240324, -6.795079507950788 ], [ 110.573957395739569, -6.795079507950797 ] ], [ [ 110.574407440744068, -6.795079507950793 ], [ 110.574482448244822, -6.795004500450052 ], [ 110.574482448244822, -6.795079507950801 ], [ 110.574407440744068, -6.795079507950793 ] ], [ [ 110.564056405640585, -6.795154515451542 ], [ 110.564206420642066, -6.795079507950792 ], [ 110.564206420642066, -6.795154515451552 ], [ 110.564056405640585, -6.795154515451542 ] ], [ [ 110.565031503150323, -6.795229522952296 ], [ 110.565106510651063, -6.795079507950791 ], [ 110.565106510651063, -6.795229522952301 ], [ 110.565031503150323, -6.795229522952296 ] ], [ [ 110.563906390639062, -6.795229522952302 ], [ 110.564056405640585, -6.795154515451542 ], [ 110.564056405640585, -6.795229522952297 ], [ 110.563906390639062, -6.795229522952302 ] ], [ [ 110.564356435643575, -6.795304530453053 ], [ 110.564431443144315, -6.795154515451541 ], [ 110.564506450645069, -6.795304530453041 ], [ 110.564356435643575, -6.795304530453053 ] ], [ [ 110.573582358235825, -6.7952295229523 ], [ 110.57365736573658, -6.795154515451545 ], [ 110.57365736573658, -6.795229522952299 ], [ 110.573582358235825, -6.7952295229523 ] ], [ [ 110.57373237323732, -6.795229522952291 ], [ 110.573807380738074, -6.795154515451546 ], [ 110.573807380738074, -6.795229522952296 ], [ 110.57373237323732, -6.795229522952291 ] ], [ [ 110.573882388238829, -6.795229522952296 ], [ 110.573957395739569, -6.79515451545154 ], [ 110.573957395739569, -6.795229522952289 ], [ 110.573882388238829, -6.795229522952296 ] ], [ [ 110.581908190819078, -6.795154515451538 ], [ 110.582583258325826, -6.795829582958304 ], [ 110.581533153315334, -6.797404740474041 ], [ 110.581533153315334, -6.796354635463543 ], [ 110.581908190819078, -6.795154515451538 ] ], [ [ 110.564056405640585, -6.795304530453039 ], [ 110.564206420642066, -6.795229522952304 ], [ 110.564206420642066, -6.795304530453041 ], [ 110.564056405640585, -6.795304530453039 ] ], [ [ 110.564956495649568, -6.795379537953798 ], [ 110.565031503150323, -6.795229522952296 ], [ 110.565031503150323, -6.795379537953802 ], [ 110.564956495649568, -6.795379537953798 ] ], [ [ 110.57373237323732, -6.795304530453042 ], [ 110.573882388238829, -6.795379537953795 ], [ 110.57373237323732, -6.795379537953798 ], [ 110.57373237323732, -6.795304530453042 ] ], [ [ 110.564206420642066, -6.795379537953802 ], [ 110.564356435643575, -6.795304530453053 ], [ 110.564356435643575, -6.79537953795379 ], [ 110.564206420642066, -6.795379537953802 ] ], [ [ 110.564356435643575, -6.795454545454538 ], [ 110.564431443144315, -6.795379537953796 ], [ 110.564431443144315, -6.795454545454547 ], [ 110.564356435643575, -6.795454545454538 ] ], [ [ 110.564881488148814, -6.795454545454553 ], [ 110.564956495649568, -6.795379537953798 ], [ 110.564956495649568, -6.795454545454552 ], [ 110.564881488148814, -6.795454545454553 ] ], [ [ 110.56293129312931, -6.795679567956802 ], [ 110.563306330633068, -6.795679567956793 ], [ 110.563081308130833, -6.795904590459053 ], [ 110.56293129312931, -6.795679567956802 ] ], [ [ 110.564506450645069, -6.795529552955295 ], [ 110.56458145814581, -6.795454545454546 ], [ 110.56458145814581, -6.795529552955298 ], [ 110.564506450645069, -6.795529552955295 ] ], [ [ 110.56285628562857, -6.795829582958293 ], [ 110.56293129312931, -6.795754575457549 ], [ 110.56293129312931, -6.7958295829583 ], [ 110.56285628562857, -6.795829582958293 ] ], [ [ 110.563981398139816, -6.795904590459044 ], [ 110.564056405640585, -6.795754575457541 ], [ 110.564056405640585, -6.79590459045904 ], [ 110.563981398139816, -6.795904590459044 ] ], [ [ 110.575682568256823, -6.795829582958301 ], [ 110.575757575757578, -6.795754575457551 ], [ 110.575757575757578, -6.795829582958304 ], [ 110.575682568256823, -6.795829582958301 ] ], [ [ 110.575457545754574, -6.796054605460539 ], [ 110.575757575757578, -6.795904590459044 ], [ 110.575607560756069, -6.796204620462039 ], [ 110.575457545754574, -6.796054605460539 ] ], [ [ 110.575757575757578, -6.795904590459044 ], [ 110.575832583258332, -6.795829582958302 ], [ 110.575832583258332, -6.795904590459044 ], [ 110.575757575757578, -6.795904590459044 ] ], [ [ 110.564131413141311, -6.795979597959793 ], [ 110.564206420642066, -6.795904590459044 ], [ 110.564206420642066, -6.795979597959797 ], [ 110.564131413141311, -6.795979597959793 ] ], [ [ 110.569531953195323, -6.79597959795979 ], [ 110.569606960696063, -6.795904590459037 ], [ 110.569606960696063, -6.79597959795979 ], [ 110.569531953195323, -6.79597959795979 ] ], [ [ 110.575232523252325, -6.796729672967304 ], [ 110.576882688268824, -6.796354635463544 ], [ 110.576657665766575, -6.796954695469549 ], [ 110.576882688268824, -6.797254725472541 ], [ 110.575232523252325, -6.796729672967304 ] ], [ [ 110.569456945694569, -6.796129612961293 ], [ 110.569531953195323, -6.796054605460547 ], [ 110.569531953195323, -6.796129612961294 ], [ 110.569456945694569, -6.796129612961293 ] ], [ [ 110.576432643264326, -6.796129612961291 ], [ 110.57650765076508, -6.796054605460551 ], [ 110.57650765076508, -6.796129612961288 ], [ 110.576432643264326, -6.796129612961291 ] ], [ [ 110.563756375637567, -6.796204620462055 ], [ 110.563831383138307, -6.796129612961295 ], [ 110.563831383138307, -6.796204620462048 ], [ 110.563756375637567, -6.796204620462055 ] ], [ [ 110.562031203120313, -6.796354635463552 ], [ 110.562331233123317, -6.796504650465048 ], [ 110.562031203120313, -6.796879687968798 ], [ 110.562031203120313, -6.796354635463552 ] ], [ [ 110.563831383138307, -6.796279627962791 ], [ 110.563906390639062, -6.796204620462053 ], [ 110.563906390639062, -6.796279627962803 ], [ 110.563831383138307, -6.796279627962791 ] ], [ [ 110.570582058205815, -6.796879687968795 ], [ 110.571032103210328, -6.796429642964299 ], [ 110.570882088208819, -6.796954695469549 ], [ 110.570582058205815, -6.796879687968795 ] ], [ [ 110.563306330633068, -6.796504650465045 ], [ 110.563381338133823, -6.796429642964299 ], [ 110.563381338133823, -6.796504650465049 ], [ 110.563306330633068, -6.796504650465045 ] ], [ [ 110.562406240624057, -6.796654665466549 ], [ 110.562481248124811, -6.796504650465053 ], [ 110.562481248124811, -6.796654665466549 ], [ 110.562406240624057, -6.796654665466549 ] ], [ [ 110.563006300630065, -6.7965796579658 ], [ 110.563081308130833, -6.796504650465053 ], [ 110.563081308130833, -6.796579657965793 ], [ 110.563006300630065, -6.7965796579658 ] ], [ [ 110.563231323132314, -6.79657965796579 ], [ 110.563306330633068, -6.796504650465045 ], [ 110.563306330633068, -6.796579657965792 ], [ 110.563231323132314, -6.79657965796579 ] ], [ [ 110.563156315631559, -6.796729672967291 ], [ 110.563231323132314, -6.79657965796579 ], [ 110.563231323132314, -6.7967296729673 ], [ 110.563156315631559, -6.796729672967291 ] ], [ [ 110.565031503150323, -6.7968796879688 ], [ 110.565556555655562, -6.79695469546954 ], [ 110.565556555655562, -6.79710471047104 ], [ 110.565031503150323, -6.7968796879688 ] ], [ [ 110.576957695769579, -6.796654665466541 ], [ 110.577032703270334, -6.796579657965792 ], [ 110.577032703270334, -6.796654665466549 ], [ 110.576957695769579, -6.796654665466541 ] ], [ [ 110.578607860786079, -6.797929792979303 ], [ 110.579732973297325, -6.796879687968797 ], [ 110.578757875787574, -6.798604860486043 ], [ 110.578607860786079, -6.797929792979303 ] ], [ [ 110.562256225622562, -6.796729672967294 ], [ 110.562406240624057, -6.796804680468048 ], [ 110.562256225622562, -6.7968796879688 ], [ 110.562256225622562, -6.796729672967294 ] ], [ [ 110.571107110711068, -6.797029702970303 ], [ 110.572307230723084, -6.796804680468051 ], [ 110.572232223222329, -6.79717971797179 ], [ 110.571107110711068, -6.797029702970303 ] ], [ [ 110.56285628562857, -6.796804680468049 ], [ 110.56293129312931, -6.796729672967294 ], [ 110.56293129312931, -6.79680468046805 ], [ 110.56285628562857, -6.796804680468049 ] ], [ [ 110.563081308130833, -6.796804680468044 ], [ 110.563156315631559, -6.796729672967291 ], [ 110.563156315631559, -6.796804680468036 ], [ 110.563081308130833, -6.796804680468044 ] ], [ [ 110.571032103210328, -6.796879687968799 ], [ 110.571107110711068, -6.796804680468043 ], [ 110.571107110711068, -6.796879687968797 ], [ 110.571032103210328, -6.796879687968799 ] ], [ [ 110.576882688268824, -6.79695469546954 ], [ 110.576957695769579, -6.796804680468051 ], [ 110.576957695769579, -6.796954695469547 ], [ 110.576882688268824, -6.79695469546954 ] ], [ [ 110.561956195619558, -6.797029702970303 ], [ 110.562031203120313, -6.796879687968798 ], [ 110.562031203120313, -6.7970297029703 ], [ 110.561956195619558, -6.797029702970303 ] ], [ [ 110.562181218121808, -6.79695469546954 ], [ 110.562256225622562, -6.7968796879688 ], [ 110.562256225622562, -6.796954695469552 ], [ 110.562181218121808, -6.79695469546954 ] ], [ [ 110.562106210621067, -6.797104710471051 ], [ 110.562181218121808, -6.79695469546954 ], [ 110.562181218121808, -6.797104710471041 ], [ 110.562106210621067, -6.797104710471051 ] ], [ [ 110.562031203120313, -6.797179717971789 ], [ 110.562106210621067, -6.797104710471051 ], [ 110.562106210621067, -6.797179717971801 ], [ 110.562031203120313, -6.797179717971789 ] ], [ [ 110.565256525652572, -6.797254725472549 ], [ 110.565331533153312, -6.797104710471044 ], [ 110.565331533153312, -6.797254725472541 ], [ 110.565256525652572, -6.797254725472549 ] ], [ [ 110.565556555655562, -6.79717971797179 ], [ 110.565631563156316, -6.797104710471056 ], [ 110.565631563156316, -6.797179717971793 ], [ 110.565556555655562, -6.79717971797179 ] ], [ [ 110.565481548154821, -6.797329732973289 ], [ 110.565556555655562, -6.797254725472547 ], [ 110.565556555655562, -6.797329732973291 ], [ 110.565481548154821, -6.797329732973289 ] ], [ [ 110.566231623162309, -6.797554755475553 ], [ 110.566456645664573, -6.797404740474051 ], [ 110.566456645664573, -6.797554755475545 ], [ 110.566231623162309, -6.797554755475553 ] ], [ [ 110.566531653165313, -6.797629762976293 ], [ 110.566681668166822, -6.797479747974794 ], [ 110.566606660666068, -6.797629762976291 ], [ 110.566531653165313, -6.797629762976293 ] ], [ [ 110.579657965796585, -6.798154815481541 ], [ 110.580183018301824, -6.797554755475549 ], [ 110.579582958295845, -6.798829882988294 ], [ 110.579657965796585, -6.798154815481541 ] ], [ [ 110.560156015601564, -6.798004800480055 ], [ 110.560381038103813, -6.797779777977803 ], [ 110.560381038103813, -6.798079807980799 ], [ 110.560156015601564, -6.798004800480055 ] ], [ [ 110.566831683168317, -6.797779777977794 ], [ 110.566906690669072, -6.797704770477043 ], [ 110.566906690669072, -6.797779777977805 ], [ 110.566831683168317, -6.797779777977794 ] ], [ [ 110.574182418241818, -6.797929792979296 ], [ 110.574257425742573, -6.797854785478543 ], [ 110.574257425742573, -6.797929792979294 ], [ 110.574182418241818, -6.797929792979296 ] ], [ [ 110.577857785778576, -6.798604860486043 ], [ 110.578532853285324, -6.798154815481543 ], [ 110.578307830783075, -6.798679867986791 ], [ 110.577857785778576, -6.798604860486043 ] ], [ [ 110.579957995799575, -6.799054905490551 ], [ 110.580708070807077, -6.798304830483041 ], [ 110.580183018301824, -6.7994299429943 ], [ 110.579957995799575, -6.799054905490551 ] ], [ [ 110.566756675667563, -6.798004800480045 ], [ 110.566831683168317, -6.797929792979296 ], [ 110.566831683168317, -6.798004800480056 ], [ 110.566756675667563, -6.798004800480045 ] ], [ [ 110.573807380738074, -6.798679867986801 ], [ 110.574782478247826, -6.79815481548155 ], [ 110.574707470747072, -6.79905490549054 ], [ 110.573807380738074, -6.798679867986801 ] ], [ [ 110.566606660666068, -6.798079807980796 ], [ 110.566756675667563, -6.798154815481542 ], [ 110.566606660666068, -6.798229822982295 ], [ 110.566606660666068, -6.798079807980796 ] ], [ [ 110.567731773177314, -6.798079807980792 ], [ 110.567806780678069, -6.798004800480042 ], [ 110.567806780678069, -6.798079807980805 ], [ 110.567731773177314, -6.798079807980792 ] ], [ [ 110.567806780678069, -6.798154815481555 ], [ 110.567881788178823, -6.798079807980804 ], [ 110.567881788178823, -6.798154815481539 ], [ 110.567806780678069, -6.798154815481555 ] ], [ [ 110.567731773177314, -6.798304830483044 ], [ 110.567806780678069, -6.798154815481555 ], [ 110.567881788178823, -6.798304830483042 ], [ 110.567731773177314, -6.798304830483044 ] ], [ [ 110.567956795679564, -6.798229822982305 ], [ 110.568031803180318, -6.798154815481545 ], [ 110.568031803180318, -6.798229822982301 ], [ 110.567956795679564, -6.798229822982305 ] ], [ [ 110.568856885688575, -6.798304830483057 ], [ 110.568931893189315, -6.798229822982305 ], [ 110.568931893189315, -6.798304830483057 ], [ 110.568856885688575, -6.798304830483057 ] ], [ [ 110.569081908190824, -6.798454845484553 ], [ 110.569156915691565, -6.798379837983794 ], [ 110.569156915691565, -6.798454845484551 ], [ 110.569081908190824, -6.798454845484553 ] ], [ [ 110.569156915691565, -6.798529852985296 ], [ 110.569306930693074, -6.798454845484543 ], [ 110.569306930693074, -6.798529852985303 ], [ 110.569156915691565, -6.798529852985296 ] ], [ [ 110.578382838283829, -6.798679867986805 ], [ 110.578457845784584, -6.798529852985298 ], [ 110.578457845784584, -6.798679867986793 ], [ 110.578382838283829, -6.798679867986805 ] ], [ [ 110.568106810681073, -6.798679867986806 ], [ 110.568181818181813, -6.798604860486041 ], [ 110.568181818181813, -6.798679867986796 ], [ 110.568106810681073, -6.798679867986806 ] ], [ [ 110.582358235823577, -6.798754875487548 ], [ 110.582433243324331, -6.79867986798679 ], [ 110.582433243324331, -6.798754875487557 ], [ 110.582358235823577, -6.798754875487548 ] ], [ [ 110.582583258325826, -6.798904890489048 ], [ 110.582658265826581, -6.798829882988302 ], [ 110.582658265826581, -6.798904890489042 ], [ 110.582583258325826, -6.798904890489048 ] ], [ [ 110.582208220822096, -6.798979897989792 ], [ 110.582283228322837, -6.798904890489057 ], [ 110.582283228322837, -6.798979897989804 ], [ 110.582208220822096, -6.798979897989792 ] ], [ [ 110.582508250825086, -6.798979897989803 ], [ 110.582583258325826, -6.798904890489048 ], [ 110.582583258325826, -6.7989798979898 ], [ 110.582508250825086, -6.798979897989803 ] ], [ [ 110.560981098109806, -6.799054905490552 ], [ 110.561056105610575, -6.798979897989793 ], [ 110.561056105610575, -6.799054905490545 ], [ 110.560981098109806, -6.799054905490552 ] ], [ [ 110.582133213321328, -6.799129912991307 ], [ 110.582208220822096, -6.799054905490552 ], [ 110.582208220822096, -6.799129912991301 ], [ 110.582133213321328, -6.799129912991307 ] ], [ [ 110.582433243324331, -6.799129912991293 ], [ 110.582508250825086, -6.799054905490551 ], [ 110.582508250825086, -6.799129912991304 ], [ 110.582433243324331, -6.799129912991293 ] ], [ [ 110.560906090609066, -6.799279927992799 ], [ 110.560981098109806, -6.799129912991299 ], [ 110.560981098109806, -6.799279927992805 ], [ 110.560906090609066, -6.799279927992799 ] ], [ [ 110.582058205820587, -6.799204920492054 ], [ 110.582133213321328, -6.799129912991307 ], [ 110.582133213321328, -6.799204920492052 ], [ 110.582058205820587, -6.799204920492054 ] ], [ [ 110.560831083108312, -6.799429942994297 ], [ 110.560906090609066, -6.799279927992799 ], [ 110.560906090609066, -6.799429942994304 ], [ 110.560831083108312, -6.799429942994297 ] ], [ [ 110.561131113111315, -6.799354935493547 ], [ 110.561206120612056, -6.799279927992798 ], [ 110.561206120612056, -6.799354935493543 ], [ 110.561131113111315, -6.799354935493547 ] ], [ [ 110.582283228322837, -6.799354935493556 ], [ 110.582358235823577, -6.799279927992804 ], [ 110.582358235823577, -6.799354935493554 ], [ 110.582283228322837, -6.799354935493556 ] ], [ [ 110.560681068106817, -6.799354935493554 ], [ 110.560756075607557, -6.799504950495044 ], [ 110.560531053105308, -6.799804980498056 ], [ 110.560456045604568, -6.800255025502556 ], [ 110.560231023102304, -6.800330033003302 ], [ 110.560681068106817, -6.799354935493554 ] ], [ [ 110.560981098109806, -6.799504950495039 ], [ 110.561056105610575, -6.799354935493555 ], [ 110.561056105610575, -6.79950495049505 ], [ 110.560981098109806, -6.799504950495039 ] ], [ [ 110.581908190819078, -6.799429942994293 ], [ 110.581983198319833, -6.799354935493557 ], [ 110.581983198319833, -6.799429942994296 ], [ 110.581908190819078, -6.799429942994293 ] ], [ [ 110.560456045604568, -6.79950495049505 ], [ 110.560531053105308, -6.7994299429943 ], [ 110.560531053105308, -6.799504950495051 ], [ 110.560456045604568, -6.79950495049505 ] ], [ [ 110.581833183318338, -6.79950495049505 ], [ 110.581908190819078, -6.799429942994293 ], [ 110.581908190819078, -6.799504950495044 ], [ 110.581833183318338, -6.79950495049505 ] ], [ [ 110.560381038103813, -6.799579957995799 ], [ 110.560456045604568, -6.79950495049505 ], [ 110.560456045604568, -6.799579957995793 ], [ 110.560381038103813, -6.799579957995799 ] ], [ [ 110.560906090609066, -6.799504950495049 ], [ 110.560906090609066, -6.799879987998798 ], [ 110.560681068106817, -6.800105010501057 ], [ 110.560756075607557, -6.800405040504055 ], [ 110.560456045604568, -6.800480048004796 ], [ 110.560906090609066, -6.799504950495049 ] ], [ [ 110.582133213321328, -6.799579957995801 ], [ 110.582208220822096, -6.79950495049504 ], [ 110.582208220822096, -6.799579957995803 ], [ 110.582133213321328, -6.799579957995801 ] ], [ [ 110.560081008100823, -6.799729972997302 ], [ 110.560306030603059, -6.799954995499546 ], [ 110.559930993099314, -6.800330033003302 ], [ 110.560081008100823, -6.799729972997302 ] ], [ [ 110.582058205820587, -6.799654965496552 ], [ 110.582133213321328, -6.799579957995801 ], [ 110.582133213321328, -6.799654965496544 ], [ 110.582058205820587, -6.799654965496552 ] ], [ [ 110.581683168316829, -6.799729972997301 ], [ 110.581758175817583, -6.799654965496555 ], [ 110.581758175817583, -6.799729972997302 ], [ 110.581683168316829, -6.799729972997301 ] ], [ [ 110.581983198319833, -6.799804980498057 ], [ 110.582058205820587, -6.799729972997306 ], [ 110.582058205820587, -6.799804980498047 ], [ 110.581983198319833, -6.799804980498057 ] ], [ [ 110.581908190819078, -6.799879987998797 ], [ 110.581983198319833, -6.799804980498057 ], [ 110.581983198319833, -6.799879987998795 ], [ 110.581908190819078, -6.799879987998797 ] ], [ [ 110.581758175817583, -6.800105010501046 ], [ 110.581908190819078, -6.800030003000301 ], [ 110.581908190819078, -6.800105010501044 ], [ 110.581758175817583, -6.800105010501046 ] ], [ [ 110.560231023102304, -6.800930093009295 ], [ 110.560456045604568, -6.800780078007793 ], [ 110.560456045604568, -6.800930093009298 ], [ 110.560231023102304, -6.800930093009295 ] ], [ [ 110.56128112811281, -6.80115511551156 ], [ 110.561806180618063, -6.800855085508543 ], [ 110.561581158115814, -6.801380138013807 ], [ 110.56128112811281, -6.80115511551156 ] ], [ [ 110.561656165616569, -6.801755175517546 ], [ 110.562181218121808, -6.802130213021299 ], [ 110.561956195619558, -6.801980198019805 ], [ 110.561131113111315, -6.802055205520545 ], [ 110.561656165616569, -6.802280228022807 ], [ 110.56128112811281, -6.802355235523543 ], [ 110.560831083108312, -6.802055205520547 ], [ 110.560981098109806, -6.802205220522059 ], [ 110.560906090609066, -6.802355235523549 ], [ 110.560381038103813, -6.801980198019804 ], [ 110.561656165616569, -6.801755175517546 ] ], [ [ 110.560831083108312, -6.801455145514546 ], [ 110.560981098109806, -6.801380138013809 ], [ 110.560981098109806, -6.801455145514552 ], [ 110.560831083108312, -6.801455145514546 ] ], [ [ 110.560981098109806, -6.8015301530153 ], [ 110.561056105610575, -6.801455145514545 ], [ 110.561056105610575, -6.801530153015307 ], [ 110.560981098109806, -6.8015301530153 ] ], [ [ 110.561056105610575, -6.801605160516055 ], [ 110.561131113111315, -6.801530153015296 ], [ 110.561131113111315, -6.801605160516057 ], [ 110.561056105610575, -6.801605160516055 ] ], [ [ 110.561806180618063, -6.802130213021297 ], [ 110.561881188118818, -6.80205520552055 ], [ 110.561881188118818, -6.802130213021305 ], [ 110.561806180618063, -6.802130213021297 ] ], [ [ 110.561956195619558, -6.802430243024304 ], [ 110.562706270627075, -6.802430243024309 ], [ 110.562481248124811, -6.802730273027306 ], [ 110.561956195619558, -6.802430243024304 ] ], [ [ 110.563231323132314, -6.802130213021308 ], [ 110.563306330633068, -6.802055205520547 ], [ 110.563306330633068, -6.802130213021305 ], [ 110.563231323132314, -6.802130213021308 ] ], [ [ 110.561881188118818, -6.802205220522047 ], [ 110.561956195619558, -6.802130213021297 ], [ 110.561956195619558, -6.802205220522049 ], [ 110.561881188118818, -6.802205220522047 ] ], [ [ 110.562781278127815, -6.80220522052205 ], [ 110.56285628562857, -6.802130213021296 ], [ 110.56285628562857, -6.802205220522059 ], [ 110.562781278127815, -6.80220522052205 ] ], [ [ 110.563006300630065, -6.802205220522059 ], [ 110.563081308130833, -6.802130213021294 ], [ 110.563081308130833, -6.80220522052205 ], [ 110.563006300630065, -6.802205220522059 ] ], [ [ 110.563006300630065, -6.802955295529549 ], [ 110.563606360636058, -6.803330333033306 ], [ 110.563231323132314, -6.803105310531056 ], [ 110.561956195619558, -6.803105310531058 ], [ 110.563006300630065, -6.802955295529549 ] ], [ [ 110.561806180618063, -6.802355235523559 ], [ 110.561881188118818, -6.802280228022796 ], [ 110.561881188118818, -6.802355235523549 ], [ 110.561806180618063, -6.802355235523559 ] ], [ [ 110.561056105610575, -6.802430243024306 ], [ 110.561206120612056, -6.802355235523547 ], [ 110.561206120612056, -6.802430243024309 ], [ 110.561056105610575, -6.802430243024306 ] ], [ [ 110.561731173117323, -6.802430243024308 ], [ 110.561806180618063, -6.802355235523559 ], [ 110.561806180618063, -6.802430243024308 ], [ 110.561731173117323, -6.802430243024308 ] ], [ [ 110.561581158115814, -6.802730273027308 ], [ 110.561881188118818, -6.802505250525055 ], [ 110.562031203120313, -6.802655265526553 ], [ 110.561581158115814, -6.802730273027308 ] ], [ [ 110.564056405640585, -6.802580258025808 ], [ 110.564131413141311, -6.802505250525055 ], [ 110.564131413141311, -6.802580258025803 ], [ 110.564056405640585, -6.802580258025808 ] ], [ [ 110.563606360636058, -6.80265526552656 ], [ 110.563681368136812, -6.802580258025808 ], [ 110.563681368136812, -6.802655265526554 ], [ 110.563606360636058, -6.80265526552656 ] ], [ [ 110.562556255625566, -6.802805280528051 ], [ 110.562706270627075, -6.802655265526544 ], [ 110.562781278127815, -6.802805280528045 ], [ 110.562556255625566, -6.802805280528051 ] ], [ [ 110.56428142814282, -6.802805280528061 ], [ 110.564356435643575, -6.802730273027304 ], [ 110.564356435643575, -6.802805280528051 ], [ 110.56428142814282, -6.802805280528061 ] ], [ [ 110.564506450645069, -6.802805280528051 ], [ 110.56458145814581, -6.802730273027306 ], [ 110.56458145814581, -6.802805280528057 ], [ 110.564506450645069, -6.802805280528051 ] ], [ [ 110.564131413141311, -6.802880288028804 ], [ 110.564206420642066, -6.802805280528045 ], [ 110.564206420642066, -6.802880288028808 ], [ 110.564131413141311, -6.802880288028804 ] ], [ [ 110.564431443144315, -6.802880288028807 ], [ 110.564506450645069, -6.802805280528051 ], [ 110.564506450645069, -6.802880288028802 ], [ 110.564431443144315, -6.802880288028807 ] ], [ [ 110.564431443144315, -6.803030303030295 ], [ 110.564506450645069, -6.802955295529556 ], [ 110.564506450645069, -6.803030303030303 ], [ 110.564431443144315, -6.803030303030295 ] ], [ [ 110.56458145814581, -6.803030303030307 ], [ 110.564656465646564, -6.802955295529555 ], [ 110.564656465646564, -6.803030303030295 ], [ 110.56458145814581, -6.803030303030307 ] ], [ [ 110.564731473147319, -6.803030303030296 ], [ 110.564806480648059, -6.802955295529546 ], [ 110.564806480648059, -6.803030303030295 ], [ 110.564731473147319, -6.803030303030296 ] ], [ [ 110.564656465646564, -6.803180318031805 ], [ 110.564731473147319, -6.803030303030296 ], [ 110.564731473147319, -6.803180318031799 ], [ 110.564656465646564, -6.803180318031805 ] ], [ [ 110.563006300630065, -6.80325532553255 ], [ 110.563081308130833, -6.803180318031808 ], [ 110.563081308130833, -6.803255325532553 ], [ 110.563006300630065, -6.80325532553255 ] ], [ [ 110.564056405640585, -6.803480348034794 ], [ 110.56428142814282, -6.803255325532549 ], [ 110.56428142814282, -6.80340534053405 ], [ 110.564056405640585, -6.803480348034794 ] ], [ [ 110.564356435643575, -6.803480348034804 ], [ 110.564731473147319, -6.803330333033307 ], [ 110.564731473147319, -6.803480348034803 ], [ 110.564356435643575, -6.803480348034804 ] ], [ [ 110.56458145814581, -6.803255325532554 ], [ 110.564656465646564, -6.803180318031805 ], [ 110.564656465646564, -6.803255325532559 ], [ 110.56458145814581, -6.803255325532554 ] ], [ [ 110.563681368136812, -6.803480348034802 ], [ 110.563756375637567, -6.803405340534045 ], [ 110.563756375637567, -6.803480348034808 ], [ 110.563681368136812, -6.803480348034802 ] ], [ [ 110.565331533153312, -6.803480348034809 ], [ 110.565406540654067, -6.803405340534048 ], [ 110.565406540654067, -6.803480348034801 ], [ 110.565331533153312, -6.803480348034809 ] ], [ [ 110.565631563156316, -6.803555355535545 ], [ 110.565706570657085, -6.803405340534056 ], [ 110.565706570657085, -6.803555355535546 ], [ 110.565631563156316, -6.803555355535545 ] ], [ [ 110.563756375637567, -6.803555355535558 ], [ 110.563906390639062, -6.803480348034807 ], [ 110.563906390639062, -6.803555355535553 ], [ 110.563756375637567, -6.803555355535558 ] ], [ [ 110.564356435643575, -6.80370537053706 ], [ 110.565406540654067, -6.803780378037809 ], [ 110.565181518151817, -6.80415541554156 ], [ 110.566156615661569, -6.804755475547553 ], [ 110.566456645664573, -6.805280528052801 ], [ 110.564356435643575, -6.80370537053706 ] ], [ [ 110.563906390639062, -6.803630363036306 ], [ 110.564056405640585, -6.803555355535556 ], [ 110.564056405640585, -6.803630363036304 ], [ 110.563906390639062, -6.803630363036306 ] ], [ [ 110.565556555655562, -6.803630363036295 ], [ 110.565631563156316, -6.803555355535545 ], [ 110.565631563156316, -6.803630363036302 ], [ 110.565556555655562, -6.803630363036295 ] ], [ [ 110.565331533153312, -6.803705370537046 ], [ 110.565406540654067, -6.803630363036302 ], [ 110.565406540654067, -6.803705370537053 ], [ 110.565331533153312, -6.803705370537046 ] ], [ [ 110.565481548154821, -6.803705370537054 ], [ 110.565556555655562, -6.803630363036295 ], [ 110.565556555655562, -6.803705370537053 ], [ 110.565481548154821, -6.803705370537054 ] ], [ [ 110.56593159315932, -6.803855385538553 ], [ 110.566231623162309, -6.803705370537048 ], [ 110.566156615661569, -6.803855385538552 ], [ 110.56593159315932, -6.803855385538553 ] ], [ [ 110.565406540654067, -6.803780378037809 ], [ 110.565481548154821, -6.803705370537054 ], [ 110.565481548154821, -6.803780378037799 ], [ 110.565406540654067, -6.803780378037809 ] ], [ [ 110.565706570657085, -6.803855385538557 ], [ 110.565781578157811, -6.803780378037806 ], [ 110.565781578157811, -6.803855385538554 ], [ 110.565706570657085, -6.803855385538557 ] ], [ [ 110.565481548154821, -6.8039303930393 ], [ 110.565631563156316, -6.803855385538557 ], [ 110.565631563156316, -6.803930393039301 ], [ 110.565481548154821, -6.8039303930393 ] ], [ [ 110.565631563156316, -6.804005400540053 ], [ 110.565781578157811, -6.803930393039305 ], [ 110.565781578157811, -6.804005400540046 ], [ 110.565631563156316, -6.804005400540053 ] ], [ [ 110.56593159315932, -6.80400540054006 ], [ 110.566006600660074, -6.803930393039301 ], [ 110.566006600660074, -6.804005400540055 ], [ 110.56593159315932, -6.80400540054006 ] ], [ [ 110.565781578157811, -6.80408040804081 ], [ 110.565856585658565, -6.804005400540047 ], [ 110.565856585658565, -6.804080408040796 ], [ 110.565781578157811, -6.80408040804081 ] ], [ [ 110.566381638163818, -6.804005400540044 ], [ 110.566456645664573, -6.804230423042304 ], [ 110.566381638163818, -6.804155415541558 ], [ 110.566156615661569, -6.804155415541557 ], [ 110.566381638163818, -6.804005400540044 ] ], [ [ 110.566531653165313, -6.80408040804081 ], [ 110.566606660666068, -6.804005400540047 ], [ 110.566606660666068, -6.804080408040809 ], [ 110.566531653165313, -6.80408040804081 ] ], [ [ 110.565856585658565, -6.804155415541551 ], [ 110.56593159315932, -6.804080408040797 ], [ 110.56593159315932, -6.804155415541555 ], [ 110.565856585658565, -6.804155415541551 ] ], [ [ 110.565556555655562, -6.804305430543061 ], [ 110.566381638163818, -6.804530453045301 ], [ 110.566531653165313, -6.804905490549053 ], [ 110.565556555655562, -6.804305430543061 ] ], [ [ 110.566081608160815, -6.804230423042303 ], [ 110.566156615661569, -6.804155415541557 ], [ 110.566156615661569, -6.804230423042297 ], [ 110.566081608160815, -6.804230423042303 ] ], [ [ 110.566831683168317, -6.804380438043808 ], [ 110.566906690669072, -6.804305430543057 ], [ 110.566906690669072, -6.804380438043798 ], [ 110.566831683168317, -6.804380438043808 ] ], [ [ 110.566981698169812, -6.804380438043801 ], [ 110.567056705670566, -6.804305430543057 ], [ 110.567056705670566, -6.8043804380438 ], [ 110.566981698169812, -6.804380438043801 ] ], [ [ 110.567056705670566, -6.804455445544547 ], [ 110.567131713171321, -6.804380438043796 ], [ 110.567131713171321, -6.804455445544562 ], [ 110.567056705670566, -6.804455445544547 ] ], [ [ 110.567056705670566, -6.804680468046809 ], [ 110.567356735673584, -6.804530453045301 ], [ 110.567206720672061, -6.804830483048304 ], [ 110.567056705670566, -6.804680468046809 ] ], [ [ 110.563231323132314, -6.805055505550553 ], [ 110.563456345634563, -6.804755475547556 ], [ 110.563981398139816, -6.805505550555052 ], [ 110.563231323132314, -6.805055505550553 ] ], [ [ 110.558730873087313, -6.80483048304831 ], [ 110.563831383138307, -6.807155715571555 ], [ 110.566081608160815, -6.809705970597059 ], [ 110.562556255625566, -6.807830783078314 ], [ 110.558730873087313, -6.80483048304831 ] ], [ [ 110.567056705670566, -6.8049804980498 ], [ 110.567131713171321, -6.804830483048305 ], [ 110.567131713171321, -6.804980498049807 ], [ 110.567056705670566, -6.8049804980498 ] ], [ [ 110.567281728172816, -6.804980498049803 ], [ 110.567356735673584, -6.804905490549054 ], [ 110.567356735673584, -6.804980498049811 ], [ 110.567281728172816, -6.804980498049803 ] ], [ [ 110.567356735673584, -6.805055505550555 ], [ 110.567431743174311, -6.804980498049813 ], [ 110.567431743174311, -6.805055505550557 ], [ 110.567356735673584, -6.805055505550555 ] ], [ [ 110.566531653165313, -6.805130513051298 ], [ 110.566606660666068, -6.805055505550563 ], [ 110.566606660666068, -6.805130513051312 ], [ 110.566531653165313, -6.805130513051298 ] ], [ [ 110.566531653165313, -6.805430543054307 ], [ 110.567731773177314, -6.805130513051303 ], [ 110.567731773177314, -6.8054305430543 ], [ 110.568256825682568, -6.805955595559554 ], [ 110.569831983198327, -6.807005700570057 ], [ 110.569756975697572, -6.807230723072303 ], [ 110.567431743174311, -6.806630663066309 ], [ 110.567431743174311, -6.805805580558061 ], [ 110.566531653165313, -6.805430543054307 ] ], [ [ 110.567881788178823, -6.805130513051299 ], [ 110.567956795679564, -6.805055505550562 ], [ 110.567956795679564, -6.805130513051298 ], [ 110.567881788178823, -6.805130513051299 ] ], [ [ 110.567806780678069, -6.805205520552054 ], [ 110.567881788178823, -6.805130513051299 ], [ 110.567881788178823, -6.805205520552058 ], [ 110.567806780678069, -6.805205520552054 ] ], [ [ 110.568031803180318, -6.80535553555355 ], [ 110.568256825682568, -6.805205520552062 ], [ 110.568256825682568, -6.805430543054299 ], [ 110.568031803180318, -6.80535553555355 ] ], [ [ 110.566456645664573, -6.805355535553561 ], [ 110.566531653165313, -6.80528052805281 ], [ 110.566531653165313, -6.805355535553555 ], [ 110.566456645664573, -6.805355535553561 ] ], [ [ 110.558955895589563, -6.805430543054307 ], [ 110.559030903090303, -6.80535553555355 ], [ 110.559030903090303, -6.805430543054309 ], [ 110.558955895589563, -6.805430543054307 ] ], [ [ 110.567881788178823, -6.805430543054299 ], [ 110.567956795679564, -6.805355535553557 ], [ 110.567956795679564, -6.805430543054298 ], [ 110.567881788178823, -6.805430543054299 ] ], [ [ 110.567956795679564, -6.80550555055506 ], [ 110.568106810681073, -6.80543054305431 ], [ 110.568106810681073, -6.805505550555057 ], [ 110.567956795679564, -6.80550555055506 ] ], [ [ 110.559030903090303, -6.80558055805581 ], [ 110.559105910591057, -6.805505550555053 ], [ 110.559105910591057, -6.805580558055803 ], [ 110.559030903090303, -6.80558055805581 ] ], [ [ 110.563981398139816, -6.805505550555052 ], [ 110.566531653165313, -6.807905790579061 ], [ 110.566606660666068, -6.808730873087306 ], [ 110.564731473147319, -6.806780678067805 ], [ 110.563981398139816, -6.805505550555052 ] ], [ [ 110.568106810681073, -6.805580558055807 ], [ 110.568181818181813, -6.805505550555054 ], [ 110.568181818181813, -6.805580558055804 ], [ 110.568106810681073, -6.805580558055807 ] ], [ [ 110.558955895589563, -6.805730573057303 ], [ 110.559030903090303, -6.805655565556552 ], [ 110.559030903090303, -6.8057305730573 ], [ 110.558955895589563, -6.805730573057303 ] ], [ [ 110.558505850585064, -6.806030603060303 ], [ 110.558805880588054, -6.80573057305731 ], [ 110.558730873087313, -6.806030603060309 ], [ 110.558505850585064, -6.806030603060303 ] ], [ [ 110.558880888088808, -6.805805580558058 ], [ 110.558955895589563, -6.805730573057303 ], [ 110.558955895589563, -6.805805580558057 ], [ 110.558880888088808, -6.805805580558058 ] ], [ [ 110.567056705670566, -6.806180618061813 ], [ 110.567131713171321, -6.806105610561059 ], [ 110.567131713171321, -6.806180618061809 ], [ 110.567056705670566, -6.806180618061813 ] ], [ [ 110.567131713171321, -6.806255625562565 ], [ 110.567281728172816, -6.806180618061813 ], [ 110.567281728172816, -6.806255625562554 ], [ 110.567131713171321, -6.806255625562565 ] ], [ [ 110.556405640564051, -6.807605760576054 ], [ 110.557155715571554, -6.807455745574564 ], [ 110.556405640564051, -6.807830783078308 ], [ 110.556405640564051, -6.807605760576054 ] ], [ [ 110.566606660666068, -6.807530753075306 ], [ 110.566681668166822, -6.807455745574551 ], [ 110.566681668166822, -6.807530753075299 ], [ 110.566606660666068, -6.807530753075306 ] ], [ [ 110.566906690669072, -6.809180918091816 ], [ 110.567881788178823, -6.809630963096309 ], [ 110.568031803180318, -6.810081008100802 ], [ 110.566906690669072, -6.809180918091816 ] ], [ [ 110.551455145514552, -6.810156015601567 ], [ 110.551530153015307, -6.810081008100806 ], [ 110.551530153015307, -6.81015601560155 ], [ 110.551455145514552, -6.810156015601567 ] ], [ [ 110.568031803180318, -6.81015601560156 ], [ 110.568106810681073, -6.810081008100811 ], [ 110.568106810681073, -6.810156015601568 ], [ 110.568031803180318, -6.81015601560156 ] ], [ [ 110.568106810681073, -6.810231023102314 ], [ 110.568181818181813, -6.810156015601561 ], [ 110.568181818181813, -6.810231023102307 ], [ 110.568106810681073, -6.810231023102314 ] ], [ [ 110.568181818181813, -6.810306030603055 ], [ 110.568331833183322, -6.810231023102318 ], [ 110.568331833183322, -6.810306030603066 ], [ 110.568181818181813, -6.810306030603055 ] ], [ [ 110.568856885688575, -6.810681068106803 ], [ 110.569381938193814, -6.810606060606065 ], [ 110.569381938193814, -6.810906090609069 ], [ 110.568856885688575, -6.810681068106803 ] ], [ [ 110.550930093009299, -6.81075607560757 ], [ 110.551005100510054, -6.81068106810682 ], [ 110.551005100510054, -6.810756075607561 ], [ 110.550930093009299, -6.81075607560757 ] ], [ [ 110.569531953195323, -6.810906090609054 ], [ 110.569606960696063, -6.810831083108315 ], [ 110.569606960696063, -6.810906090609056 ], [ 110.569531953195323, -6.810906090609054 ] ], [ [ 110.571632163216336, -6.81090609060906 ], [ 110.571707170717076, -6.810831083108309 ], [ 110.571707170717076, -6.810906090609058 ], [ 110.571632163216336, -6.81090609060906 ] ], [ [ 110.569831983198327, -6.811206120612058 ], [ 110.570282028202826, -6.810981098109809 ], [ 110.570282028202826, -6.811431143114315 ], [ 110.569831983198327, -6.811206120612058 ] ], [ [ 110.569681968196818, -6.811131113111309 ], [ 110.569756975697572, -6.811056105610557 ], [ 110.569756975697572, -6.811131113111307 ], [ 110.569681968196818, -6.811131113111309 ] ], [ [ 110.570282028202826, -6.811506150615065 ], [ 110.570357035703566, -6.811431143114304 ], [ 110.570357035703566, -6.811506150615068 ], [ 110.570282028202826, -6.811506150615065 ] ], [ [ 110.558580858085804, -6.813381338133808 ], [ 110.558655865586559, -6.813306330633063 ], [ 110.558655865586559, -6.813381338133813 ], [ 110.558580858085804, -6.813381338133808 ] ], [ [ 110.559255925592552, -6.814206420642066 ], [ 110.559480948094816, -6.813981398139813 ], [ 110.559555955595556, -6.814131413141308 ], [ 110.559255925592552, -6.814206420642066 ] ], [ [ 110.550405040504046, -6.814806480648067 ], [ 110.550855085508545, -6.814506450645067 ], [ 110.551080108010808, -6.814956495649559 ], [ 110.550405040504046, -6.814806480648067 ] ], [ [ 110.550255025502551, -6.814506450645062 ], [ 110.550405040504046, -6.814431443144308 ], [ 110.550405040504046, -6.814506450645069 ], [ 110.550255025502551, -6.814506450645062 ] ], [ [ 110.550180018001797, -6.814656465646565 ], [ 110.550255025502551, -6.814581458145804 ], [ 110.550255025502551, -6.81465646564657 ], [ 110.550180018001797, -6.814656465646565 ] ], [ [ 110.550255025502551, -6.81473147314732 ], [ 110.550330033003306, -6.814656465646566 ], [ 110.550330033003306, -6.814731473147313 ], [ 110.550255025502551, -6.81473147314732 ] ], [ [ 110.551005100510054, -6.814806480648063 ], [ 110.551080108010808, -6.814731473147314 ], [ 110.551080108010808, -6.814806480648068 ], [ 110.551005100510054, -6.814806480648063 ] ], [ [ 110.551305130513057, -6.814956495649563 ], [ 110.551380138013798, -6.814881488148814 ], [ 110.551380138013798, -6.814956495649572 ], [ 110.551305130513057, -6.814956495649563 ] ], [ [ 110.551080108010808, -6.815031503150312 ], [ 110.551230123012303, -6.814956495649566 ], [ 110.551230123012303, -6.815031503150308 ], [ 110.551080108010808, -6.815031503150312 ] ], [ [ 110.551230123012303, -6.815106510651072 ], [ 110.551380138013798, -6.815031503150316 ], [ 110.551380138013798, -6.815106510651071 ], [ 110.551230123012303, -6.815106510651072 ] ], [ [ 110.551680168016802, -6.815181518151813 ], [ 110.551755175517556, -6.815031503150311 ], [ 110.551830183018296, -6.815181518151813 ], [ 110.551680168016802, -6.815181518151813 ] ], [ [ 110.551380138013798, -6.815181518151809 ], [ 110.551455145514552, -6.815106510651059 ], [ 110.551455145514552, -6.815181518151809 ], [ 110.551380138013798, -6.815181518151809 ] ], [ [ 110.551830183018296, -6.81525652565257 ], [ 110.551905190519051, -6.815181518151813 ], [ 110.551905190519051, -6.815256525652566 ], [ 110.551830183018296, -6.81525652565257 ] ], [ [ 110.544179417941791, -6.82268226822683 ], [ 110.545229522952312, -6.821482148214819 ], [ 110.545004500450048, -6.823132313231316 ], [ 110.544854485448553, -6.822757275727568 ], [ 110.544704470447044, -6.822682268226821 ], [ 110.544179417941791, -6.82268226822683 ] ], [ [ 110.551755175517556, -6.821782178217815 ], [ 110.551905190519051, -6.821857185718569 ], [ 110.551605160516047, -6.821857185718578 ], [ 110.551755175517556, -6.821782178217815 ] ], [ [ 110.551155115511563, -6.822682268226817 ], [ 110.551680168016802, -6.822457245724581 ], [ 110.551005100510054, -6.823057305730568 ], [ 110.551155115511563, -6.822682268226817 ] ], [ [ 110.551305130513057, -6.822382238223823 ], [ 110.551380138013798, -6.822307230723071 ], [ 110.551380138013798, -6.822382238223818 ], [ 110.551305130513057, -6.822382238223823 ] ], [ [ 110.544104410441051, -6.822682268226819 ], [ 110.547329732973296, -6.825307530753072 ], [ 110.548454845484542, -6.824557455745572 ], [ 110.548079807980798, -6.825757575757573 ], [ 110.544854485448553, -6.82545754575458 ], [ 110.544104410441051, -6.822682268226819 ] ], [ [ 110.549429942994294, -6.823132313231315 ], [ 110.549504950495063, -6.823057305730569 ], [ 110.549504950495063, -6.823132313231322 ], [ 110.549429942994294, -6.823132313231315 ] ], [ [ 110.549804980498052, -6.824632463246322 ], [ 110.550930093009299, -6.823282328232827 ], [ 110.550630063006295, -6.823807380738074 ], [ 110.549804980498052, -6.824632463246322 ] ], [ [ 110.548679867986792, -6.824032403240316 ], [ 110.549354935493554, -6.823882388238824 ], [ 110.548679867986792, -6.824332433243323 ], [ 110.548679867986792, -6.824032403240316 ] ], [ [ 110.548679867986792, -6.82463246324632 ], [ 110.548904890489055, -6.824407440744074 ], [ 110.54905490549055, -6.824557455745572 ], [ 110.548679867986792, -6.82463246324632 ] ], [ [ 110.549729972997298, -6.824782478247825 ], [ 110.549804980498052, -6.824632463246322 ], [ 110.549804980498052, -6.824782478247817 ], [ 110.549729972997298, -6.824782478247825 ] ], [ [ 110.552880288028803, -6.824782478247827 ], [ 110.552955295529557, -6.824707470747073 ], [ 110.552955295529557, -6.824782478247831 ], [ 110.552880288028803, -6.824782478247827 ] ], [ [ 110.549579957995803, -6.824857485748578 ], [ 110.549729972997298, -6.824782478247825 ], [ 110.549729972997298, -6.824857485748574 ], [ 110.549579957995803, -6.824857485748578 ] ], [ [ 110.552730273027308, -6.825157515751575 ], [ 110.552805280528062, -6.825007500750072 ], [ 110.552805280528062, -6.82515751575158 ], [ 110.552730273027308, -6.825157515751575 ] ], [ [ 110.552505250525073, -6.82568256825683 ], [ 110.552580258025799, -6.825532553255328 ], [ 110.552580258025799, -6.825682568256832 ], [ 110.552505250525073, -6.82568256825683 ] ], [ [ 110.552655265526553, -6.825832583258328 ], [ 110.552730273027308, -6.825532553255323 ], [ 110.552730273027308, -6.825832583258333 ], [ 110.552655265526553, -6.825832583258328 ] ], [ [ 110.540654065406542, -6.826282628262821 ], [ 110.540804080408037, -6.826357635763583 ], [ 110.540654065406542, -6.826357635763575 ], [ 110.540654065406542, -6.826282628262821 ] ], [ [ 110.546654665466548, -6.827482748274824 ], [ 110.546729672967302, -6.827407740774081 ], [ 110.546729672967302, -6.827482748274835 ], [ 110.546654665466548, -6.827482748274824 ] ], [ [ 110.546729672967302, -6.827482748274835 ], [ 110.54740474047405, -6.82830783078307 ], [ 110.546579657965793, -6.828907890789083 ], [ 110.546204620462063, -6.830033003300334 ], [ 110.546729672967302, -6.827482748274835 ] ], [ [ 110.548829882988301, -6.827932793279336 ], [ 110.549204920492045, -6.827782778277831 ], [ 110.549354935493554, -6.828157815781585 ], [ 110.548829882988301, -6.827932793279336 ] ], [ [ 110.549429942994294, -6.828157815781583 ], [ 110.549504950495063, -6.82808280828083 ], [ 110.549504950495063, -6.82815781578157 ], [ 110.549429942994294, -6.828157815781583 ] ], [ [ 110.546804680468043, -6.828982898289831 ], [ 110.546879687968811, -6.828907890789074 ], [ 110.546879687968811, -6.828982898289821 ], [ 110.546804680468043, -6.828982898289831 ] ], [ [ 110.536753675367535, -6.829132913291323 ], [ 110.53682868286829, -6.828982898289826 ], [ 110.53682868286829, -6.829132913291335 ], [ 110.536753675367535, -6.829132913291323 ] ], [ [ 110.536978697869785, -6.829207920792071 ], [ 110.537128712871294, -6.828982898289827 ], [ 110.537128712871294, -6.829282928292833 ], [ 110.536978697869785, -6.829207920792071 ] ], [ [ 110.546804680468043, -6.829132913291335 ], [ 110.546879687968811, -6.829057905790572 ], [ 110.546879687968811, -6.829132913291328 ], [ 110.546804680468043, -6.829132913291335 ] ], [ [ 110.53682868286829, -6.829282928292828 ], [ 110.53690369036903, -6.829132913291336 ], [ 110.53690369036903, -6.829282928292833 ], [ 110.53682868286829, -6.829282928292828 ] ], [ [ 110.53690369036903, -6.829357935793588 ], [ 110.536978697869785, -6.829282928292824 ], [ 110.536978697869785, -6.82935793579358 ], [ 110.53690369036903, -6.829357935793588 ] ], [ [ 110.536978697869785, -6.829507950795072 ], [ 110.537053705370539, -6.829432943294338 ], [ 110.537053705370539, -6.829507950795088 ], [ 110.536978697869785, -6.829507950795072 ] ], [ [ 110.537128712871294, -6.829807980798088 ], [ 110.537278727872803, -6.829657965796573 ], [ 110.537278727872803, -6.829882988298835 ], [ 110.537128712871294, -6.829807980798088 ] ], [ [ 110.537353735373543, -6.829807980798076 ], [ 110.537428742874283, -6.829657965796574 ], [ 110.537428742874283, -6.82980798079808 ], [ 110.537353735373543, -6.829807980798076 ] ], [ [ 110.537278727872803, -6.830033003300333 ], [ 110.537353735373543, -6.829882988298835 ], [ 110.537353735373543, -6.830033003300334 ], [ 110.537278727872803, -6.830033003300333 ] ], [ [ 110.537428742874283, -6.829957995799588 ], [ 110.537503750375038, -6.829882988298829 ], [ 110.537503750375038, -6.829957995799577 ], [ 110.537428742874283, -6.829957995799588 ] ], [ [ 110.537353735373543, -6.830108010801073 ], [ 110.537428742874283, -6.830033003300322 ], [ 110.537428742874283, -6.830108010801079 ], [ 110.537353735373543, -6.830108010801073 ] ], [ [ 110.546129612961295, -6.830258025802573 ], [ 110.546204620462063, -6.830183018301828 ], [ 110.546204620462063, -6.830258025802585 ], [ 110.546129612961295, -6.830258025802573 ] ], [ [ 110.546204620462063, -6.830483048304838 ], [ 110.54627962796279, -6.830408040804087 ], [ 110.54627962796279, -6.830483048304825 ], [ 110.546204620462063, -6.830483048304838 ] ], [ [ 110.545529552955301, -6.831158115811579 ], [ 110.546204620462063, -6.830633063306336 ], [ 110.54605460546054, -6.831083108310825 ], [ 110.545529552955301, -6.831158115811579 ] ], [ [ 110.537578757875792, -6.831158115811584 ], [ 110.53825382538254, -6.831758175817572 ], [ 110.538178817881786, -6.832283228322831 ], [ 110.537578757875792, -6.831158115811584 ] ], [ [ 110.537803780378042, -6.830708070807081 ], [ 110.537878787878782, -6.830633063306326 ], [ 110.537878787878782, -6.830708070807084 ], [ 110.537803780378042, -6.830708070807081 ] ], [ [ 110.545454545454547, -6.831233123312328 ], [ 110.545529552955301, -6.831158115811579 ], [ 110.545529552955301, -6.831233123312328 ], [ 110.545454545454547, -6.831233123312328 ] ], [ [ 110.545604560456042, -6.831458145814585 ], [ 110.545829582958291, -6.831308130813079 ], [ 110.545754575457551, -6.831608160816088 ], [ 110.545604560456042, -6.831458145814585 ] ], [ [ 110.550930093009299, -6.83130813081309 ], [ 110.551380138013798, -6.831383138313829 ], [ 110.550930093009299, -6.831608160816077 ], [ 110.550930093009299, -6.83130813081309 ] ], [ [ 110.545379537953792, -6.831308130813073 ], [ 110.545454545454547, -6.831233123312328 ], [ 110.545454545454547, -6.831308130813079 ], [ 110.545379537953792, -6.831308130813073 ] ], [ [ 110.545829582958291, -6.831308130813079 ], [ 110.545904590459045, -6.831233123312333 ], [ 110.545904590459045, -6.831308130813089 ], [ 110.545829582958291, -6.831308130813079 ] ], [ [ 110.545679567956796, -6.83205820582058 ], [ 110.545679567956796, -6.83183318331833 ], [ 110.546729672967302, -6.832058205820579 ], [ 110.546729672967302, -6.832358235823587 ], [ 110.545679567956796, -6.83205820582058 ] ], [ [ 110.5459795979598, -6.831833183318339 ], [ 110.54605460546054, -6.83175817581758 ], [ 110.54605460546054, -6.831833183318337 ], [ 110.5459795979598, -6.831833183318339 ] ], [ [ 110.53825382538254, -6.832058205820574 ], [ 110.538328832883295, -6.831983198319836 ], [ 110.538328832883295, -6.832058205820587 ], [ 110.53825382538254, -6.832058205820574 ] ], [ [ 110.538328832883295, -6.832208220822089 ], [ 110.538403840384035, -6.832133213321324 ], [ 110.538403840384035, -6.832208220822083 ], [ 110.538328832883295, -6.832208220822089 ] ], [ [ 110.534503450345028, -6.832583258325826 ], [ 110.534878487848786, -6.832658265826578 ], [ 110.534578457845782, -6.832808280828075 ], [ 110.534503450345028, -6.832583258325826 ] ], [ [ 110.547104710471046, -6.832358235823578 ], [ 110.547254725472541, -6.832283228322837 ], [ 110.547254725472541, -6.832358235823587 ], [ 110.547104710471046, -6.832358235823578 ] ], [ [ 110.547329732973296, -6.833258325832579 ], [ 110.547554755475545, -6.832508250825084 ], [ 110.547854785478563, -6.832808280828089 ], [ 110.547329732973296, -6.833258325832579 ] ], [ [ 110.539303930393032, -6.832883288328834 ], [ 110.539828982898285, -6.832733273327337 ], [ 110.540054005400535, -6.833033303330336 ], [ 110.539303930393032, -6.832883288328834 ] ], [ [ 110.538928892889302, -6.832733273327325 ], [ 110.539003900390043, -6.83265826582659 ], [ 110.539003900390043, -6.832733273327332 ], [ 110.538928892889302, -6.832733273327325 ] ], [ [ 110.534503450345028, -6.832883288328828 ], [ 110.534578457845782, -6.832808280828075 ], [ 110.534578457845782, -6.832883288328838 ], [ 110.534503450345028, -6.832883288328828 ] ], [ [ 110.534353435343533, -6.832958295829586 ], [ 110.534428442844288, -6.832883288328833 ], [ 110.534428442844288, -6.832958295829588 ], [ 110.534353435343533, -6.832958295829586 ] ], [ [ 110.530603060306035, -6.833033303330329 ], [ 110.530678067806789, -6.832958295829576 ], [ 110.530678067806789, -6.833033303330326 ], [ 110.530603060306035, -6.833033303330329 ] ], [ [ 110.534278427842779, -6.833033303330332 ], [ 110.534353435343533, -6.832958295829586 ], [ 110.534353435343533, -6.833033303330342 ], [ 110.534278427842779, -6.833033303330332 ] ], [ [ 110.530678067806789, -6.833108310831079 ], [ 110.53075307530753, -6.833033303330336 ], [ 110.53075307530753, -6.833108310831084 ], [ 110.530678067806789, -6.833108310831079 ] ], [ [ 110.534053405340529, -6.833333333333326 ], [ 110.534278427842779, -6.833033303330332 ], [ 110.534203420342038, -6.833408340834086 ], [ 110.534053405340529, -6.833333333333326 ] ], [ [ 110.53075307530753, -6.833108310831084 ], [ 110.531578157815787, -6.833708370837091 ], [ 110.53217821782178, -6.834458445844584 ], [ 110.531203120312028, -6.833933393339325 ], [ 110.53075307530753, -6.833108310831084 ] ], [ [ 110.540579057905802, -6.83333333333333 ], [ 110.540729072907297, -6.833108310831088 ], [ 110.540654065406542, -6.833333333333332 ], [ 110.540579057905802, -6.83333333333333 ] ], [ [ 110.533978397839789, -6.833258325832587 ], [ 110.534053405340529, -6.833183318331832 ], [ 110.534053405340529, -6.833258325832576 ], [ 110.533978397839789, -6.833258325832587 ] ], [ [ 110.532553255325539, -6.834833483348326 ], [ 110.534278427842779, -6.833858385838584 ], [ 110.532853285328528, -6.835733573357341 ], [ 110.532553255325539, -6.834833483348326 ] ], [ [ 110.541704170417049, -6.833483348334825 ], [ 110.541779177917789, -6.833408340834085 ], [ 110.541779177917789, -6.833483348334825 ], [ 110.541704170417049, -6.833483348334825 ] ], [ [ 110.541779177917789, -6.833558355835588 ], [ 110.541929192919312, -6.833483348334838 ], [ 110.541929192919312, -6.833633363336335 ], [ 110.541779177917789, -6.833558355835588 ] ], [ [ 110.541704170417049, -6.834083408340835 ], [ 110.542454245424537, -6.834083408340829 ], [ 110.542379237923797, -6.834608460846082 ], [ 110.541704170417049, -6.834083408340835 ] ], [ [ 110.542154215421547, -6.833858385838578 ], [ 110.542229222922302, -6.833783378337841 ], [ 110.542229222922302, -6.833858385838576 ], [ 110.542154215421547, -6.833858385838578 ] ], [ [ 110.52572757275729, -6.834458445844583 ], [ 110.526552655265533, -6.835283528352838 ], [ 110.52632763276327, -6.836408640864082 ], [ 110.525502550255027, -6.835733573357342 ], [ 110.52572757275729, -6.834458445844583 ] ], [ [ 110.522502250225017, -6.834908490849092 ], [ 110.524227422742271, -6.835658565856593 ], [ 110.524302430243026, -6.837083708370839 ], [ 110.521977197719778, -6.836408640864079 ], [ 110.522502250225017, -6.834908490849092 ] ], [ [ 110.524452445244521, -6.835283528352833 ], [ 110.524977497749774, -6.834983498349837 ], [ 110.524902490249019, -6.835433543354325 ], [ 110.524452445244521, -6.835283528352833 ] ], [ [ 110.525052505250528, -6.835658565856583 ], [ 110.525202520252023, -6.835508550855094 ], [ 110.525127512751268, -6.835658565856586 ], [ 110.525052505250528, -6.835658565856583 ] ], [ [ 110.525202520252023, -6.835808580858089 ], [ 110.525352535253532, -6.835583558355841 ], [ 110.525427542754272, -6.835883588358842 ], [ 110.525202520252023, -6.835808580858089 ] ], [ [ 110.533003300330051, -6.835808580858089 ], [ 110.533228322832286, -6.835733573357328 ], [ 110.533153315331532, -6.835883588358829 ], [ 110.533003300330051, -6.835808580858089 ] ], [ [ 110.533153315331532, -6.835958595859583 ], [ 110.533228322832286, -6.835883588358837 ], [ 110.533228322832286, -6.835958595859582 ], [ 110.533153315331532, -6.835958595859583 ] ], [ [ 110.533228322832286, -6.836033603360331 ], [ 110.533303330333041, -6.835958595859592 ], [ 110.533303330333041, -6.836033603360332 ], [ 110.533228322832286, -6.836033603360331 ] ], [ [ 110.526627662766273, -6.836333633363337 ], [ 110.527602760276025, -6.836633663366327 ], [ 110.527227722772281, -6.836858685868582 ], [ 110.527752775277534, -6.837158715871579 ], [ 110.527227722772281, -6.837008700870088 ], [ 110.526627662766273, -6.836333633363337 ] ], [ [ 110.526627662766273, -6.836633663366341 ], [ 110.526702670267042, -6.836558655865595 ], [ 110.526702670267042, -6.836633663366328 ], [ 110.526627662766273, -6.836633663366341 ] ], [ [ 110.535028502850281, -6.83715871587158 ], [ 110.535553555355534, -6.837008700870093 ], [ 110.536003600360033, -6.837308730873096 ], [ 110.535028502850281, -6.83715871587158 ] ], [ [ 110.524452445244521, -6.837533753375343 ], [ 110.52467746774677, -6.837233723372335 ], [ 110.524752475247524, -6.83745874587459 ], [ 110.524452445244521, -6.837533753375343 ] ], [ [ 110.527902790279029, -6.837233723372344 ], [ 110.528202820282033, -6.837158715871579 ], [ 110.528202820282033, -6.837233723372338 ], [ 110.527902790279029, -6.837233723372344 ] ], [ [ 110.528877887788781, -6.837233723372345 ], [ 110.528952895289535, -6.837158715871595 ], [ 110.528952895289535, -6.83723372337234 ], [ 110.528877887788781, -6.837233723372345 ] ], [ [ 110.528952895289535, -6.837308730873088 ], [ 110.52910291029103, -6.837233723372333 ], [ 110.52910291029103, -6.837308730873093 ], [ 110.528952895289535, -6.837308730873088 ] ], [ [ 110.529477947794774, -6.837233723372344 ], [ 110.532478247824784, -6.837608760876081 ], [ 110.532928292829283, -6.838133813381339 ], [ 110.53217821782178, -6.838133813381338 ], [ 110.529477947794774, -6.837233723372344 ] ], [ [ 110.536003600360033, -6.837383738373845 ], [ 110.536078607860787, -6.837308730873083 ], [ 110.536078607860787, -6.837383738373834 ], [ 110.536003600360033, -6.837383738373845 ] ], [ [ 110.527902790279029, -6.837833783378339 ], [ 110.528202820282033, -6.837683768376847 ], [ 110.528502850285022, -6.83783378337834 ], [ 110.527902790279029, -6.837833783378339 ] ], [ [ 110.528577857785777, -6.837833783378334 ], [ 110.528652865286531, -6.837758775877584 ], [ 110.528652865286531, -6.837833783378334 ], [ 110.528577857785777, -6.837833783378334 ] ], [ [ 110.529927992799287, -6.837983798379834 ], [ 110.530003000300042, -6.837908790879085 ], [ 110.530003000300042, -6.837983798379845 ], [ 110.529927992799287, -6.837983798379834 ] ], [ [ 110.533228322832286, -6.838208820882093 ], [ 110.533603360336031, -6.837983798379842 ], [ 110.53375337533754, -6.838133813381343 ], [ 110.533228322832286, -6.838208820882093 ] ], [ [ 110.536378637863791, -6.83843384338434 ], [ 110.536528652865286, -6.838358835883585 ], [ 110.536528652865286, -6.838433843384343 ], [ 110.536378637863791, -6.83843384338434 ] ], [ [ 110.533678367836785, -6.838658865886592 ], [ 110.53375337533754, -6.838583858385835 ], [ 110.53375337533754, -6.838658865886582 ], [ 110.533678367836785, -6.838658865886592 ] ], [ [ 110.53382838283828, -6.838733873387333 ], [ 110.534053405340529, -6.838583858385837 ], [ 110.534053405340529, -6.838733873387335 ], [ 110.53382838283828, -6.838733873387333 ] ], [ [ 110.536753675367535, -6.838658865886591 ], [ 110.53682868286829, -6.838583858385834 ], [ 110.53682868286829, -6.838658865886594 ], [ 110.536753675367535, -6.838658865886591 ] ], [ [ 110.53352835283529, -6.838733873387342 ], [ 110.533678367836785, -6.838658865886592 ], [ 110.533678367836785, -6.838733873387336 ], [ 110.53352835283529, -6.838733873387342 ] ], [ [ 110.53690369036903, -6.838808880888091 ], [ 110.537503750375038, -6.838958895889593 ], [ 110.537578757875792, -6.839183918391832 ], [ 110.53690369036903, -6.838808880888091 ] ], [ [ 110.537728772877287, -6.839408940894081 ], [ 110.537878787878782, -6.839333933393339 ], [ 110.537878787878782, -6.839483948394844 ], [ 110.537728772877287, -6.839408940894081 ] ], [ [ 110.539303930393032, -6.839558955895586 ], [ 110.539378937893787, -6.839483948394836 ], [ 110.539378937893787, -6.839558955895589 ], [ 110.539303930393032, -6.839558955895586 ] ], [ [ 110.538103810381031, -6.839708970897092 ], [ 110.538328832883295, -6.839633963396335 ], [ 110.53847884788479, -6.840009000900097 ], [ 110.538103810381031, -6.839708970897092 ] ], [ [ 110.539528952895296, -6.839783978397839 ], [ 110.539603960396036, -6.839708970897087 ], [ 110.539603960396036, -6.839783978397843 ], [ 110.539528952895296, -6.839783978397839 ] ], [ [ 110.539603960396036, -6.839858985898587 ], [ 110.539678967896791, -6.839783978397834 ], [ 110.539678967896791, -6.83985898589859 ], [ 110.539603960396036, -6.839858985898587 ] ], [ [ 110.538553855385544, -6.839933993399331 ], [ 110.538628862886284, -6.839858985898593 ], [ 110.538628862886284, -6.839933993399338 ], [ 110.538553855385544, -6.839933993399331 ] ], [ [ 110.539678967896791, -6.839933993399335 ], [ 110.539753975397545, -6.839858985898582 ], [ 110.539753975397545, -6.839933993399342 ], [ 110.539678967896791, -6.839933993399335 ] ], [ [ 110.538628862886284, -6.840009000900089 ], [ 110.538703870387039, -6.839933993399332 ], [ 110.538703870387039, -6.840009000900097 ], [ 110.538628862886284, -6.840009000900089 ] ], [ [ 110.539753975397545, -6.840009000900087 ], [ 110.539828982898285, -6.839933993399348 ], [ 110.539828982898285, -6.840009000900091 ], [ 110.539753975397545, -6.840009000900087 ] ], [ [ 110.539828982898285, -6.840084008400837 ], [ 110.53990399039904, -6.840009000900081 ], [ 110.53990399039904, -6.84008400840084 ], [ 110.539828982898285, -6.840084008400837 ] ], [ [ 110.538703870387039, -6.840234023402351 ], [ 110.539303930393032, -6.84023402340234 ], [ 110.539528952895296, -6.840984098409836 ], [ 110.538703870387039, -6.840234023402351 ] ], [ [ 110.53990399039904, -6.840159015901587 ], [ 110.539978997899794, -6.840084008400848 ], [ 110.539978997899794, -6.840159015901592 ], [ 110.53990399039904, -6.840159015901587 ] ], [ [ 110.539978997899794, -6.840234023402338 ], [ 110.540054005400535, -6.840159015901597 ], [ 110.540054005400535, -6.840234023402339 ], [ 110.539978997899794, -6.840234023402338 ] ], [ [ 110.540054005400535, -6.840309030903087 ], [ 110.540129012901289, -6.840234023402346 ], [ 110.540129012901289, -6.840309030903087 ], [ 110.540054005400535, -6.840309030903087 ] ], [ [ 110.540129012901289, -6.840384038403834 ], [ 110.540204020402044, -6.840309030903089 ], [ 110.540204020402044, -6.840384038403833 ], [ 110.540129012901289, -6.840384038403834 ] ], [ [ 110.540204020402044, -6.840459045904599 ], [ 110.540279027902784, -6.840384038403836 ], [ 110.540279027902784, -6.840459045904596 ], [ 110.540204020402044, -6.840459045904599 ] ], [ [ 110.539603960396036, -6.840684068406842 ], [ 110.539678967896791, -6.840609060906092 ], [ 110.539678967896791, -6.840684068406845 ], [ 110.539603960396036, -6.840684068406842 ] ], [ [ 110.539753975397545, -6.840759075907585 ], [ 110.539828982898285, -6.840684068406839 ], [ 110.539828982898285, -6.840759075907588 ], [ 110.539753975397545, -6.840759075907585 ] ], [ [ 110.539603960396036, -6.840909090909085 ], [ 110.539678967896791, -6.840834083408347 ], [ 110.539678967896791, -6.840909090909095 ], [ 110.539603960396036, -6.840909090909085 ] ], [ [ 110.539678967896791, -6.841134113411347 ], [ 110.539828982898285, -6.840984098409847 ], [ 110.539828982898285, -6.841134113411349 ], [ 110.539678967896791, -6.841134113411347 ] ], [ [ 110.539003900390043, -6.842184218421838 ], [ 110.539228922892292, -6.842184218421845 ], [ 110.539303930393032, -6.842409240924093 ], [ 110.539003900390043, -6.842184218421838 ] ], [ [ 110.528202820282033, -6.844209420942097 ], [ 110.528427842784282, -6.843984398439841 ], [ 110.528427842784282, -6.844209420942097 ], [ 110.528202820282033, -6.844209420942097 ] ], [ [ 110.528877887788781, -6.845784578457842 ], [ 110.52910291029103, -6.845634563456352 ], [ 110.529177917791785, -6.845784578457838 ], [ 110.528877887788781, -6.845784578457842 ] ], [ [ 110.52910291029103, -6.846459645964595 ], [ 110.529177917791785, -6.846309630963101 ], [ 110.529177917791785, -6.846459645964603 ], [ 110.52910291029103, -6.846459645964595 ] ], [ [ 110.529327932793279, -6.846684668466841 ], [ 110.529627962796283, -6.846459645964591 ], [ 110.529627962796283, -6.846759675967591 ], [ 110.529327932793279, -6.846684668466841 ] ], [ [ 110.528952895289535, -6.847434743474356 ], [ 110.529702970297024, -6.847134713471343 ], [ 110.52902790279029, -6.848034803480343 ], [ 110.528952895289535, -6.847434743474356 ] ], [ [ 110.52610261026102, -6.848334833483342 ], [ 110.529252925292525, -6.848334833483349 ], [ 110.526252625262529, -6.850435043504351 ], [ 110.52610261026102, -6.848334833483342 ] ], [ [ 110.525277527752777, -6.850135013501343 ], [ 110.52572757275729, -6.849684968496844 ], [ 110.525802580258031, -6.850360036003601 ], [ 110.525277527752777, -6.850135013501343 ] ], [ [ 110.520177017701769, -6.855835583558359 ], [ 110.520402040204019, -6.855685568556848 ], [ 110.520402040204019, -6.855760576057614 ], [ 110.520177017701769, -6.855835583558359 ] ], [ [ 110.51995199519952, -6.855910591059104 ], [ 110.520102010201029, -6.855835583558357 ], [ 110.520102010201029, -6.855910591059114 ], [ 110.51995199519952, -6.855910591059104 ] ], [ [ 110.51687668766877, -6.858235823582356 ], [ 110.517401740174023, -6.858160816081601 ], [ 110.51695169516951, -6.858460846084609 ], [ 110.51687668766877, -6.858235823582356 ] ], [ [ 110.517926792679262, -6.858385838583851 ], [ 110.518451845184529, -6.85816081608161 ], [ 110.517926792679262, -6.858535853585365 ], [ 110.517926792679262, -6.858385838583851 ] ], [ [ 110.517176717671774, -6.859060906090607 ], [ 110.517251725172514, -6.858985898589852 ], [ 110.517251725172514, -6.859060906090606 ], [ 110.517176717671774, -6.859060906090607 ] ], [ [ 110.485748574857496, -6.91426642664266 ], [ 110.485898589858991, -6.914116411641158 ], [ 110.485898589858991, -6.914416441644162 ], [ 110.485748574857496, -6.91426642664266 ] ], [ [ 110.48312331233123, -6.917116711671171 ], [ 110.483198319831985, -6.91696669666967 ], [ 110.483348334833479, -6.917416741674176 ], [ 110.48312331233123, -6.917116711671171 ] ], [ [ 110.479972997299726, -6.925592559255929 ], [ 110.48004800480048, -6.925367536753672 ], [ 110.480123012301235, -6.925592559255919 ], [ 110.479972997299726, -6.925592559255929 ] ], [ [ 110.459795979597956, -6.933993399339928 ], [ 110.459870987098711, -6.933918391839191 ], [ 110.459870987098711, -6.933993399339927 ], [ 110.459795979597956, -6.933993399339928 ] ], [ [ 110.460396039603964, -6.935718571857183 ], [ 110.461371137113716, -6.934968496849676 ], [ 110.461371137113716, -6.935193519351936 ], [ 110.460396039603964, -6.935718571857183 ] ], [ [ 110.459420942094212, -6.935568556855687 ], [ 110.460171017101715, -6.935793579357928 ], [ 110.459420942094212, -6.936018601860194 ], [ 110.459420942094212, -6.935568556855687 ] ], [ [ 110.460621062106213, -6.936093609360931 ], [ 110.460696069606968, -6.935943594359427 ], [ 110.460696069606968, -6.93609360936093 ], [ 110.460621062106213, -6.936093609360931 ] ], [ [ 110.459195919591963, -6.936168616861684 ], [ 110.460921092109217, -6.936243624362429 ], [ 110.461221122112207, -6.937068706870693 ], [ 110.459645964596476, -6.937593759375946 ], [ 110.459195919591963, -6.936168616861684 ] ], [ [ 110.462196219621958, -6.937668766876696 ], [ 110.463546354635469, -6.937068706870678 ], [ 110.463696369636963, -6.937593759375939 ], [ 110.462196219621958, -6.937668766876696 ] ], [ [ 110.459420942094212, -6.938118811881187 ], [ 110.459945994599465, -6.93781878187819 ], [ 110.459870987098711, -6.938268826882683 ], [ 110.459420942094212, -6.938118811881187 ] ], [ [ 110.461296129612975, -6.937743774377431 ], [ 110.46152115211521, -6.937668766876686 ], [ 110.46152115211521, -6.937818781878186 ], [ 110.461296129612975, -6.937743774377431 ] ] ] } },
{ "type": "Feature", "properties": { "year": 2047, "layer": "atrisk" }, "geometry": { "type": "Polygon", "coordinates": [ [ [ 110.438643864386435, -6.93946894689469 ], [ 110.437293729372939, -6.940444044404442 ], [ 110.437743774377438, -6.94314431443144 ], [ 110.438643864386435, -6.93946894689469 ] ] ] } },
{ "type": "Feature", "properties": { "year": 2047, "layer": "atrisk" }, "geometry": { "type": "Polygon", "coordinates": [ [ [ 110.39266426642665, -6.946294629462954 ], [ 110.388988898889892, -6.948394839483953 ], [ 110.388988898889892, -6.948844884488444 ], [ 110.39266426642665, -6.946294629462954 ] ] ] } },
{ "type": "Feature", "properties": { "year": 2047, "layer": "atrisk" }, "geometry": { "type": "Polygon", "coordinates": [ [ [ 110.41569156915692, -6.948019801980205 ], [ 110.415241524152421, -6.948769876987696 ], [ 110.415916591659169, -6.949219921992194 ], [ 110.41569156915692, -6.948019801980205 ] ] ] } },
{ "type": "Feature", "properties": { "year": 2047, "layer": "atrisk" }, "geometry": { "type": "Polygon", "coordinates": [ [ [ 110.407890789078905, -6.948244824482443 ], [ 110.407215721572157, -6.948469846984707 ], [ 110.407665766576656, -6.950120012001207 ], [ 110.407890789078905, -6.948244824482443 ] ] ] } },
{ "type": "Feature", "properties": { "year": 2047, "layer": "atrisk" }, "geometry": { "type": "Polygon", "coordinates": [ [ [ 110.382238223822384, -6.950945094509451 ], [ 110.38193819381938, -6.952895289528955 ], [ 110.383063306330627, -6.954245424542456 ], [ 110.383138313831381, -6.953870387038705 ], [ 110.382238223822384, -6.950945094509451 ] ], [ [ 110.382988298829886, -6.954095409540954 ], [ 110.383063306330627, -6.953945394539452 ], [ 110.383063306330627, -6.954095409540953 ], [ 110.382988298829886, -6.954095409540954 ] ] ] } },
{ "type": "Feature", "properties": { "year": 2047, "layer": "atrisk" }, "geometry": { "type": "Polygon", "coordinates": [ [ [ 110.395889588958909, -6.957020702070203 ], [ 110.395214521452147, -6.956870687068706 ], [ 110.395214521452147, -6.957170717071713 ], [ 110.395889588958909, -6.957020702070203 ] ] ] } },
{ "type": "Feature", "properties": { "year": 2047, "layer": "atrisk" }, "geometry": { "type": "Polygon", "coordinates": [ [ [ 110.435193519351941, -6.940369036903689 ], [ 110.433093309330928, -6.94194419441945 ], [ 110.434368436843684, -6.946294629462945 ], [ 110.433093309330928, -6.943144314431438 ], [ 110.431668166816678, -6.942769276927698 ], [ 110.431443144314429, -6.944269426942694 ], [ 110.427767776777671, -6.945919591959188 ], [ 110.425742574257427, -6.941644164416436 ], [ 110.424992499249925, -6.941344134413438 ], [ 110.423942394239418, -6.941644164416448 ], [ 110.42349234923492, -6.944119411941189 ], [ 110.426867686768674, -6.950645064506457 ], [ 110.425967596759691, -6.952595259525955 ], [ 110.420267026702675, -6.947794779477954 ], [ 110.419591959195913, -6.947944794479442 ], [ 110.421467146714676, -6.951620162016197 ], [ 110.424017401740173, -6.951695169516952 ], [ 110.427017701770183, -6.954245424542456 ], [ 110.423567356735674, -6.953570357035701 ], [ 110.424242424242422, -6.955670567056705 ], [ 110.421167116711672, -6.955070507050704 ], [ 110.421617161716171, -6.953945394539446 ], [ 110.421092109210917, -6.952520252025209 ], [ 110.419516951695172, -6.953345334533455 ], [ 110.418691869186929, -6.9520702070207 ], [ 110.418691869186929, -6.945769576957694 ], [ 110.416816681668166, -6.9457695769577 ], [ 110.417491749174914, -6.948619861986197 ], [ 110.416141614161418, -6.949219921992202 ], [ 110.417416741674174, -6.950645064506445 ], [ 110.412916291629159, -6.951395139513954 ], [ 110.413666366636662, -6.950120012001193 ], [ 110.413141314131408, -6.950045004500444 ], [ 110.411791179117913, -6.950720072007209 ], [ 110.411791179117913, -6.951545154515449 ], [ 110.41239123912392, -6.951695169516952 ], [ 110.412541254125415, -6.952220222022206 ], [ 110.408790879087903, -6.953195319531948 ], [ 110.406090609060911, -6.947494749474947 ], [ 110.403090309030901, -6.946294629462949 ], [ 110.406015601560156, -6.947794779477945 ], [ 110.404590459045906, -6.951770177017695 ], [ 110.40661566156615, -6.952070207020698 ], [ 110.402340234023399, -6.952295229522956 ], [ 110.397989798979893, -6.950270027002695 ], [ 110.397089708970896, -6.948319831983195 ], [ 110.399339933993403, -6.946894689468949 ], [ 110.398964896489645, -6.94636963696369 ], [ 110.396039603960389, -6.948169816981695 ], [ 110.396339633963393, -6.950720072007194 ], [ 110.395139513951392, -6.950345034503444 ], [ 110.398364836483651, -6.959270927092705 ], [ 110.417641764176423, -6.959645964596466 ], [ 110.42626762676268, -6.957020702070202 ], [ 110.428742874287423, -6.955445544554451 ], [ 110.422442244224428, -6.957170717071713 ], [ 110.430243024302442, -6.954395439543953 ], [ 110.433243324332452, -6.951395139513948 ], [ 110.43241824182418, -6.950045004500451 ], [ 110.434293429342929, -6.950120012001206 ], [ 110.436393639363942, -6.946744674467441 ], [ 110.437293729372939, -6.94449444944494 ], [ 110.435193519351941, -6.940369036903689 ] ], [ [ 110.424992499249925, -6.941644164416449 ], [ 110.425442544254423, -6.941794179417942 ], [ 110.424992499249925, -6.941794179417939 ], [ 110.424992499249925, -6.941644164416449 ] ], [ [ 110.424767476747675, -6.942619261926195 ], [ 110.42491749174917, -6.942019201920191 ], [ 110.425067506750679, -6.942619261926201 ], [ 110.424767476747675, -6.942619261926195 ] ], [ [ 110.423942394239418, -6.943594359435943 ], [ 110.424242424242422, -6.943219321932185 ], [ 110.424017401740173, -6.943594359435947 ], [ 110.423942394239418, -6.943594359435943 ] ], [ [ 110.436468646864682, -6.943744374437443 ], [ 110.436618661866191, -6.94366936693669 ], [ 110.436618661866191, -6.943744374437447 ], [ 110.436468646864682, -6.943744374437443 ] ], [ [ 110.436093609360938, -6.944194419441939 ], [ 110.436618661866191, -6.944269426942701 ], [ 110.436018601860184, -6.94441944194419 ], [ 110.436093609360938, -6.944194419441939 ] ], [ [ 110.436468646864682, -6.944869486948695 ], [ 110.436618661866191, -6.944719471947198 ], [ 110.436693669366932, -6.944869486948689 ], [ 110.436468646864682, -6.944869486948695 ] ], [ [ 110.431818181818187, -6.945019501950193 ], [ 110.432043204320436, -6.944794479447943 ], [ 110.431968196819682, -6.945019501950195 ], [ 110.431818181818187, -6.945019501950193 ] ], [ [ 110.436168616861693, -6.944944494449442 ], [ 110.436393639363942, -6.944794479447935 ], [ 110.436468646864682, -6.944944494449445 ], [ 110.436168616861693, -6.944944494449442 ] ], [ [ 110.436768676867686, -6.944944494449448 ], [ 110.436918691869181, -6.944869486948686 ], [ 110.436918691869181, -6.944944494449452 ], [ 110.436768676867686, -6.944944494449448 ] ], [ [ 110.436618661866191, -6.94501950195019 ], [ 110.436693669366932, -6.944944494449437 ], [ 110.436693669366932, -6.945019501950187 ], [ 110.436618661866191, -6.94501950195019 ] ], [ [ 110.42491749174917, -6.946069606960701 ], [ 110.425517551755178, -6.945469546954699 ], [ 110.425292529252943, -6.946444644464453 ], [ 110.42491749174917, -6.946069606960701 ] ], [ [ 110.431143114311425, -6.945094509450938 ], [ 110.431518151815183, -6.945169516951702 ], [ 110.431143114311425, -6.945244524452452 ], [ 110.431143114311425, -6.945094509450938 ] ], [ [ 110.426117611761171, -6.945469546954688 ], [ 110.426492649264929, -6.945319531953191 ], [ 110.426492649264929, -6.94554455445544 ], [ 110.426117611761171, -6.945469546954688 ] ], [ [ 110.430318031803182, -6.945469546954705 ], [ 110.431068106810685, -6.945544554455453 ], [ 110.430168016801687, -6.945694569456947 ], [ 110.430318031803182, -6.945469546954705 ] ], [ [ 110.429717971797174, -6.946069606960704 ], [ 110.430018001800178, -6.945694569456942 ], [ 110.429942994299424, -6.946069606960694 ], [ 110.429717971797174, -6.946069606960704 ] ], [ [ 110.41711671167117, -6.946219621962191 ], [ 110.417266726672665, -6.945844584458441 ], [ 110.417491749174914, -6.946219621962196 ], [ 110.41711671167117, -6.946219621962191 ] ], [ [ 110.417716771677163, -6.946219621962192 ], [ 110.418391839183911, -6.946219621962193 ], [ 110.417791779177918, -6.946369636963696 ], [ 110.417716771677163, -6.946219621962192 ] ], [ [ 110.42791779177918, -6.947269726972698 ], [ 110.428292829282924, -6.946369636963702 ], [ 110.428292829282924, -6.947044704470449 ], [ 110.42791779177918, -6.947269726972698 ] ], [ [ 110.430543054305431, -6.946519651965198 ], [ 110.431443144314429, -6.94606960696069 ], [ 110.431443144314429, -6.946219621962196 ], [ 110.430543054305431, -6.946519651965198 ] ], [ [ 110.432568256825704, -6.946819681968189 ], [ 110.432868286828679, -6.946369636963689 ], [ 110.432943294329434, -6.946819681968189 ], [ 110.432568256825704, -6.946819681968189 ] ], [ [ 110.41711671167117, -6.946744674467441 ], [ 110.417716771677163, -6.946369636963693 ], [ 110.417716771677163, -6.946444644464447 ], [ 110.41711671167117, -6.946744674467441 ] ], [ [ 110.430093009300933, -6.946594659465948 ], [ 110.430168016801687, -6.946519651965192 ], [ 110.430168016801687, -6.946594659465954 ], [ 110.430093009300933, -6.946594659465948 ] ], [ [ 110.435268526852681, -6.946969696969696 ], [ 110.435568556855685, -6.94696969696969 ], [ 110.435268526852681, -6.947044704470446 ], [ 110.435268526852681, -6.946969696969696 ] ], [ [ 110.42656765676567, -6.94719471947194 ], [ 110.426867686768674, -6.946969696969699 ], [ 110.426867686768674, -6.947119711971199 ], [ 110.42656765676567, -6.94719471947194 ] ], [ [ 110.427842784278425, -6.947719771977197 ], [ 110.428967896789672, -6.947344734473443 ], [ 110.42791779177918, -6.948244824482455 ], [ 110.427842784278425, -6.947719771977197 ] ], [ [ 110.430618061806186, -6.94756975697569 ], [ 110.431743174317432, -6.947569756975698 ], [ 110.431368136813688, -6.948019801980204 ], [ 110.430618061806186, -6.94756975697569 ] ], [ [ 110.434518451845193, -6.947269726972703 ], [ 110.434668466846688, -6.94719471947195 ], [ 110.434668466846688, -6.947269726972698 ], [ 110.434518451845193, -6.947269726972703 ] ], [ [ 110.432193219321931, -6.948094809480939 ], [ 110.432493249324935, -6.947644764476453 ], [ 110.43241824182418, -6.94816981698169 ], [ 110.432193219321931, -6.948094809480939 ] ], [ [ 110.426042604260431, -6.948244824482449 ], [ 110.426717671767179, -6.947869786978694 ], [ 110.426867686768674, -6.948169816981697 ], [ 110.426042604260431, -6.948244824482449 ] ], [ [ 110.429492949294925, -6.948319831983197 ], [ 110.430618061806186, -6.947794779477941 ], [ 110.430543054305431, -6.948394839483944 ], [ 110.429492949294925, -6.948319831983197 ] ], [ [ 110.427017701770183, -6.948019801980192 ], [ 110.427242724272432, -6.947869786978691 ], [ 110.427242724272432, -6.947944794479445 ], [ 110.427017701770183, -6.948019801980192 ] ], [ [ 110.432043204320436, -6.948919891989191 ], [ 110.432493249324935, -6.948619861986201 ], [ 110.43241824182418, -6.948994899489954 ], [ 110.432043204320436, -6.948919891989191 ] ], [ [ 110.43241824182418, -6.94824482448245 ], [ 110.432493249324935, -6.948169816981696 ], [ 110.432493249324935, -6.948244824482447 ], [ 110.43241824182418, -6.94824482448245 ] ], [ [ 110.426117611761171, -6.948319831983201 ], [ 110.426192619261926, -6.94824482448245 ], [ 110.426192619261926, -6.948319831983198 ], [ 110.426117611761171, -6.948319831983201 ] ], [ [ 110.427017701770183, -6.948469846984692 ], [ 110.427242724272432, -6.948244824482445 ], [ 110.427317731773172, -6.948469846984699 ], [ 110.427017701770183, -6.948469846984692 ] ], [ [ 110.428217821782184, -6.948544854485452 ], [ 110.429192919291935, -6.94914491449145 ], [ 110.428142814281429, -6.949294929492944 ], [ 110.428217821782184, -6.948544854485452 ] ], [ [ 110.417566756675669, -6.948844884488451 ], [ 110.418391839183911, -6.949144914491448 ], [ 110.417641764176423, -6.94914491449144 ], [ 110.417566756675669, -6.948844884488451 ] ], [ [ 110.420117011701166, -6.94884488448845 ], [ 110.420717071707173, -6.9487698769877 ], [ 110.420642064206419, -6.949219921992197 ], [ 110.420117011701166, -6.94884488448845 ] ], [ [ 110.431443144314429, -6.949519951995192 ], [ 110.432043204320436, -6.948994899489945 ], [ 110.432268226822686, -6.949744974497448 ], [ 110.431443144314429, -6.949519951995192 ] ], [ [ 110.43399339933994, -6.949294929492952 ], [ 110.434293429342929, -6.949069906990704 ], [ 110.434293429342929, -6.949444944494449 ], [ 110.43399339933994, -6.949294929492952 ] ], [ [ 110.417641764176423, -6.949594959495943 ], [ 110.418316831683171, -6.949369936993707 ], [ 110.418391839183911, -6.949519951995195 ], [ 110.417641764176423, -6.949594959495943 ] ], [ [ 110.405565556555658, -6.949969996999701 ], [ 110.406165616561651, -6.949669966996701 ], [ 110.40631563156316, -6.950420042004199 ], [ 110.405565556555658, -6.949969996999701 ] ], [ [ 110.42761776177619, -6.949744974497443 ], [ 110.427692769276931, -6.949669966996692 ], [ 110.427692769276931, -6.949744974497456 ], [ 110.42761776177619, -6.949744974497443 ] ], [ [ 110.427767776777671, -6.949969996999696 ], [ 110.427992799279934, -6.949744974497444 ], [ 110.428067806780675, -6.950045004500446 ], [ 110.427767776777671, -6.949969996999696 ] ], [ [ 110.431368136813688, -6.949819981998196 ], [ 110.431443144314429, -6.949744974497441 ], [ 110.431443144314429, -6.949819981998193 ], [ 110.431368136813688, -6.949819981998196 ] ], [ [ 110.429192919291935, -6.950270027002697 ], [ 110.431143114311425, -6.950495049504955 ], [ 110.430468046804677, -6.951470147014702 ], [ 110.429192919291935, -6.950270027002697 ] ], [ [ 110.417866786678672, -6.950270027002699 ], [ 110.418166816681662, -6.950120012001201 ], [ 110.418166816681662, -6.950195019501948 ], [ 110.417866786678672, -6.950270027002699 ] ], [ [ 110.428292829282924, -6.950495049504953 ], [ 110.428217821782184, -6.9501200120012 ], [ 110.428442844284433, -6.950420042004201 ], [ 110.428292829282924, -6.950495049504953 ] ], [ [ 110.427692769276931, -6.950270027002698 ], [ 110.427842784278425, -6.950195019501957 ], [ 110.427842784278425, -6.950270027002693 ], [ 110.427692769276931, -6.950270027002698 ] ], [ [ 110.431593159315952, -6.950795079507949 ], [ 110.432193219321931, -6.950345034503453 ], [ 110.432343234323426, -6.950720072007209 ], [ 110.431593159315952, -6.950795079507949 ] ], [ [ 110.427317731773172, -6.95034503450345 ], [ 110.428517851785173, -6.951545154515445 ], [ 110.428367836783679, -6.952145214521458 ], [ 110.426942694269442, -6.951320132013205 ], [ 110.427317731773172, -6.95034503450345 ] ], [ [ 110.42934293429343, -6.950870087008695 ], [ 110.429492949294925, -6.950795079507958 ], [ 110.429492949294925, -6.95094509450945 ], [ 110.42934293429343, -6.950870087008695 ] ], [ [ 110.412241224122411, -6.951020102010198 ], [ 110.41246624662466, -6.95087008700871 ], [ 110.41239123912392, -6.951170117011701 ], [ 110.412241224122411, -6.951020102010198 ] ], [ [ 110.412991299129914, -6.951545154515458 ], [ 110.417341734173419, -6.9520702070207 ], [ 110.41374137413743, -6.95282028202821 ], [ 110.415616561656165, -6.952895289528957 ], [ 110.416066606660664, -6.954995499549954 ], [ 110.412541254125415, -6.953870387038704 ], [ 110.413066306630668, -6.952820282028197 ], [ 110.412991299129914, -6.951545154515458 ] ], [ [ 110.411866186618667, -6.951545154515453 ], [ 110.411941194119407, -6.951470147014692 ], [ 110.411941194119407, -6.951545154515459 ], [ 110.411866186618667, -6.951545154515453 ] ], [ [ 110.407590759075902, -6.953270327032704 ], [ 110.407590759075902, -6.952220222022196 ], [ 110.408040804080414, -6.953270327032697 ], [ 110.407590759075902, -6.953270327032704 ] ], [ [ 110.427467746774681, -6.952595259525959 ], [ 110.42761776177619, -6.952295229522957 ], [ 110.428067806780675, -6.9523702370237 ], [ 110.427992799279934, -6.9526702670267 ], [ 110.427467746774681, -6.952595259525959 ] ], [ [ 110.39881488148815, -6.952145214521448 ], [ 110.399114911491154, -6.951995199519944 ], [ 110.399039903990399, -6.952220222022198 ], [ 110.39881488148815, -6.952145214521448 ] ], [ [ 110.42761776177619, -6.952145214521457 ], [ 110.427692769276931, -6.952070207020711 ], [ 110.427692769276931, -6.952145214521448 ], [ 110.42761776177619, -6.952145214521457 ] ], [ [ 110.400840084008408, -6.952295229522942 ], [ 110.400915091509148, -6.9522202220222 ], [ 110.400915091509148, -6.952295229522954 ], [ 110.400840084008408, -6.952295229522942 ] ], [ [ 110.417791779177918, -6.952295229522951 ], [ 110.417866786678672, -6.9522202220222 ], [ 110.417866786678672, -6.952295229522945 ], [ 110.417791779177918, -6.952295229522951 ] ], [ [ 110.412316231623166, -6.952745274527456 ], [ 110.412766276627664, -6.952895289528956 ], [ 110.41246624662466, -6.953120312031211 ], [ 110.412316231623166, -6.952745274527456 ] ], [ [ 110.426867686768674, -6.953345334533454 ], [ 110.427467746774681, -6.952745274527446 ], [ 110.427317731773172, -6.953045304530452 ], [ 110.427467746774681, -6.952970297029696 ], [ 110.427767776777671, -6.953045304530454 ], [ 110.426867686768674, -6.953345334533454 ] ], [ [ 110.403465346534659, -6.952745274527459 ], [ 110.40496549654965, -6.953420342034201 ], [ 110.403465346534659, -6.953570357035699 ], [ 110.403465346534659, -6.952745274527459 ] ], [ [ 110.406840684068413, -6.953045304530457 ], [ 110.407065706570663, -6.952595259525944 ], [ 110.407215721572157, -6.95297029702971 ], [ 110.406840684068413, -6.953045304530457 ] ], [ [ 110.428667866786682, -6.953345334533448 ], [ 110.429717971797174, -6.952895289528943 ], [ 110.429267926792676, -6.953645364536446 ], [ 110.428667866786682, -6.953345334533448 ] ], [ [ 110.418316831683171, -6.953345334533451 ], [ 110.418691869186929, -6.952970297029705 ], [ 110.41876687668767, -6.953345334533453 ], [ 110.418316831683171, -6.953345334533451 ] ], [ [ 110.410441044104431, -6.953045304530456 ], [ 110.410666066606666, -6.952970297029702 ], [ 110.410666066606666, -6.953045304530448 ], [ 110.410441044104431, -6.953045304530456 ] ], [ [ 110.420717071707173, -6.953195319531949 ], [ 110.420942094209423, -6.952970297029712 ], [ 110.421242124212426, -6.953270327032709 ], [ 110.420717071707173, -6.953195319531949 ] ], [ [ 110.409465946594679, -6.953195319531953 ], [ 110.411341134113414, -6.953570357035709 ], [ 110.414866486648663, -6.955970597059706 ], [ 110.411491149114909, -6.9559705970597 ], [ 110.409465946594679, -6.953195319531953 ] ], [ [ 110.430843084308435, -6.953345334533454 ], [ 110.43099309930993, -6.953420342034203 ], [ 110.430843084308435, -6.95342034203421 ], [ 110.430843084308435, -6.953345334533454 ] ], [ [ 110.428142814281429, -6.953420342034197 ], [ 110.428292829282924, -6.953570357035698 ], [ 110.428142814281429, -6.95357035703571 ], [ 110.428142814281429, -6.953420342034197 ] ], [ [ 110.403015301530147, -6.954170417041696 ], [ 110.4035403540354, -6.954020402040209 ], [ 110.4035403540354, -6.954170417041693 ], [ 110.403015301530147, -6.954170417041696 ] ], [ [ 110.405565556555658, -6.954320432043195 ], [ 110.405865586558662, -6.954245424542446 ], [ 110.405790579057907, -6.954395439543948 ], [ 110.405565556555658, -6.954320432043195 ] ], [ [ 110.398889888988919, -6.954770477047708 ], [ 110.400015001500151, -6.9543204320432 ], [ 110.399639963996393, -6.954620462046206 ], [ 110.398889888988919, -6.954770477047708 ] ], [ [ 110.408565856585653, -6.954845484548463 ], [ 110.408940894089412, -6.95462046204621 ], [ 110.409090909090921, -6.954920492049211 ], [ 110.408565856585653, -6.954845484548463 ] ], [ [ 110.404290429042902, -6.954920492049198 ], [ 110.404440444044411, -6.954470447044701 ], [ 110.404440444044411, -6.954995499549948 ], [ 110.404290429042902, -6.954920492049198 ] ], [ [ 110.421017101710191, -6.95469546954696 ], [ 110.421317131713181, -6.95454545454546 ], [ 110.421167116711672, -6.954845484548447 ], [ 110.421017101710191, -6.95469546954696 ] ], [ [ 110.41854185418542, -6.954695469546955 ], [ 110.418616861686175, -6.954620462046207 ], [ 110.418616861686175, -6.95469546954695 ], [ 110.41854185418542, -6.954695469546955 ] ], [ [ 110.39986498649867, -6.954845484548462 ], [ 110.399939993999396, -6.954770477047702 ], [ 110.399939993999396, -6.954845484548456 ], [ 110.39986498649867, -6.954845484548462 ] ], [ [ 110.399414941494143, -6.954995499549963 ], [ 110.399564956495652, -6.954845484548452 ], [ 110.399639963996393, -6.955070507050706 ], [ 110.399414941494143, -6.954995499549963 ] ], [ [ 110.400990099009903, -6.955520552055201 ], [ 110.401065106510657, -6.955445544554448 ], [ 110.401065106510657, -6.955520552055197 ], [ 110.400990099009903, -6.955520552055201 ] ], [ [ 110.4002400240024, -6.955820582058213 ], [ 110.400540054005418, -6.955595559555962 ], [ 110.400615061506144, -6.955820582058214 ], [ 110.4002400240024, -6.955820582058213 ] ], [ [ 110.400765076507653, -6.955745574557455 ], [ 110.401065106510657, -6.955745574557452 ], [ 110.400765076507653, -6.955820582058205 ], [ 110.400765076507653, -6.955745574557455 ] ], [ [ 110.399714971497147, -6.955895589558958 ], [ 110.39986498649867, -6.955745574557461 ], [ 110.39986498649867, -6.95604560456045 ], [ 110.399714971497147, -6.955895589558958 ] ], [ [ 110.39986498649867, -6.955745574557461 ], [ 110.399939993999396, -6.955670567056697 ], [ 110.399939993999396, -6.955745574557453 ], [ 110.39986498649867, -6.955745574557461 ] ], [ [ 110.41569156915692, -6.955895589558962 ], [ 110.41576657665766, -6.955745574557453 ], [ 110.415841584158414, -6.955895589558954 ], [ 110.41569156915692, -6.955895589558962 ] ], [ [ 110.427692769276931, -6.955895589558956 ], [ 110.427767776777671, -6.95574557455746 ], [ 110.427767776777671, -6.955895589558952 ], [ 110.427692769276931, -6.955895589558956 ] ], [ [ 110.41546654665467, -6.956120612061211 ], [ 110.415541554155411, -6.956045604560465 ], [ 110.415541554155411, -6.956120612061202 ], [ 110.41546654665467, -6.956120612061211 ] ], [ [ 110.410216021602167, -6.956195619561951 ], [ 110.410291029102908, -6.956120612061207 ], [ 110.410291029102908, -6.95619561956196 ], [ 110.410216021602167, -6.956195619561951 ] ], [ [ 110.415541554155411, -6.956720672067211 ], [ 110.416216621662173, -6.956270627062711 ], [ 110.416666666666671, -6.956570657065712 ], [ 110.415541554155411, -6.956720672067211 ] ], [ [ 110.424242424242422, -6.956270627062701 ], [ 110.424317431743191, -6.956195619561949 ], [ 110.424317431743191, -6.956270627062712 ], [ 110.424242424242422, -6.956270627062701 ] ], [ [ 110.424167416741668, -6.956345634563459 ], [ 110.424242424242422, -6.956270627062701 ], [ 110.424242424242422, -6.956345634563461 ], [ 110.424167416741668, -6.956345634563459 ] ], [ [ 110.421392139213921, -6.956570657065704 ], [ 110.421617161716171, -6.956420642064201 ], [ 110.421692169216925, -6.956570657065701 ], [ 110.421392139213921, -6.956570657065704 ] ], [ [ 110.416741674167412, -6.956570657065703 ], [ 110.416816681668166, -6.956495649564964 ], [ 110.416816681668166, -6.956570657065702 ], [ 110.416741674167412, -6.956570657065703 ] ], [ [ 110.421242124212426, -6.9565706570657 ], [ 110.421317131713181, -6.956495649564955 ], [ 110.421317131713181, -6.956570657065706 ], [ 110.421242124212426, -6.9565706570657 ] ], [ [ 110.419216921692168, -6.956795679567954 ], [ 110.419966996699671, -6.956645664566459 ], [ 110.42019201920192, -6.957020702070209 ], [ 110.419216921692168, -6.956795679567954 ] ], [ [ 110.420642064206419, -6.957170717071713 ], [ 110.421317131713181, -6.957020702070201 ], [ 110.421617161716171, -6.957320732073209 ], [ 110.420642064206419, -6.957170717071713 ] ], [ [ 110.419366936693663, -6.957020702070206 ], [ 110.419441944194418, -6.956945694569465 ], [ 110.419441944194418, -6.957020702070198 ], [ 110.419366936693663, -6.957020702070206 ] ], [ [ 110.41719171917191, -6.957545754575455 ], [ 110.417716771677163, -6.95717071707171 ], [ 110.417641764176423, -6.957620762076203 ], [ 110.41719171917191, -6.957545754575455 ] ], [ [ 110.419366936693663, -6.957470747074716 ], [ 110.419666966696681, -6.957770777077712 ], [ 110.419366936693663, -6.957770777077712 ], [ 110.419366936693663, -6.957470747074716 ] ], [ [ 110.410891089108915, -6.957770777077709 ], [ 110.411116111611179, -6.957545754575452 ], [ 110.411116111611179, -6.957845784578461 ], [ 110.410891089108915, -6.957770777077709 ] ], [ [ 110.41569156915692, -6.958220822082199 ], [ 110.416366636663682, -6.95799579957996 ], [ 110.416141614161418, -6.958370837083701 ], [ 110.41569156915692, -6.958220822082199 ] ], [ [ 110.400690069006899, -6.958220822082212 ], [ 110.401365136513647, -6.958070807080707 ], [ 110.401365136513647, -6.958220822082203 ], [ 110.400690069006899, -6.958220822082212 ] ], [ [ 110.410966096609656, -6.958070807080714 ], [ 110.411116111611179, -6.9579207920792 ], [ 110.411116111611179, -6.958145814581457 ], [ 110.410966096609656, -6.958070807080714 ] ], [ [ 110.419366936693663, -6.958445844584456 ], [ 110.419591959195913, -6.957995799579964 ], [ 110.419516951695172, -6.958520852085216 ], [ 110.419366936693663, -6.958445844584456 ] ], [ [ 110.400540054005418, -6.958145814581456 ], [ 110.400615061506144, -6.958070807080707 ], [ 110.400615061506144, -6.958145814581463 ], [ 110.400540054005418, -6.958145814581456 ] ] ] } },
{ "type": "Feature", "properties": { "year": 2047, "layer": "atrisk" }, "geometry": { "type": "Polygon", "coordinates": [ [ [ 110.319456945694569, -6.938268826882693 ], [ 110.312406240624057, -6.943744374437443 ], [ 110.314881488148814, -6.948919891989195 ], [ 110.316381638163818, -6.951020102010196 ], [ 110.318181818181813, -6.952970297029702 ], [ 110.31900690069007, -6.951995199519956 ], [ 110.319831983198313, -6.954470447044705 ], [ 110.327557755775572, -6.958595859585952 ], [ 110.333558355835578, -6.95972097209721 ], [ 110.359660966096612, -6.959720972097211 ], [ 110.359885988598876, -6.954920492049196 ], [ 110.362361236123618, -6.9547704770477 ], [ 110.363261326132616, -6.954995499549958 ], [ 110.360111011101111, -6.95522052205221 ], [ 110.359885988598876, -6.9597209720972 ], [ 110.392514251425141, -6.959420942094205 ], [ 110.392364236423646, -6.958445844584451 ], [ 110.383738373837389, -6.958445844584462 ], [ 110.383738373837389, -6.955745574557461 ], [ 110.382013201320149, -6.954620462046197 ], [ 110.363036303630366, -6.9543204320432 ], [ 110.349309930993115, -6.952220222022198 ], [ 110.344884488448841, -6.949144914491447 ], [ 110.327632763276327, -6.942844284428435 ], [ 110.319456945694569, -6.938268826882693 ] ], [ [ 110.322232223222343, -6.946369636963691 ], [ 110.322907290729091, -6.946219621962195 ], [ 110.322907290729091, -6.946369636963693 ], [ 110.322232223222343, -6.946369636963691 ] ], [ [ 110.323282328232821, -6.946444644464443 ], [ 110.324857485748581, -6.946294629462944 ], [ 110.324182418241833, -6.947419741974189 ], [ 110.323282328232821, -6.946444644464443 ] ], [ [ 110.31600660066006, -6.950345034503455 ], [ 110.316231623162309, -6.950120012001196 ], [ 110.316231623162309, -6.950345034503447 ], [ 110.31600660066006, -6.950345034503455 ] ], [ [ 110.318781878187821, -6.9516201620162 ], [ 110.319381938193814, -6.951320132013199 ], [ 110.318781878187821, -6.951995199519946 ], [ 110.318781878187821, -6.9516201620162 ] ], [ [ 110.319831983198313, -6.951095109510943 ], [ 110.319906990699081, -6.951020102010204 ], [ 110.319906990699081, -6.951095109510955 ], [ 110.319831983198313, -6.951095109510943 ] ], [ [ 110.319456945694569, -6.951320132013194 ], [ 110.319831983198313, -6.9511701170117 ], [ 110.319456945694569, -6.951470147014703 ], [ 110.319456945694569, -6.951320132013194 ] ], [ [ 110.319381938193814, -6.951545154515459 ], [ 110.319456945694569, -6.951470147014703 ], [ 110.319456945694569, -6.951545154515453 ], [ 110.319381938193814, -6.951545154515459 ] ], [ [ 110.319231923192319, -6.951620162016206 ], [ 110.319306930693074, -6.951545154515448 ], [ 110.319306930693074, -6.951620162016194 ], [ 110.319231923192319, -6.951620162016206 ] ], [ [ 110.319156915691565, -6.951695169516959 ], [ 110.319231923192319, -6.951620162016206 ], [ 110.319231923192319, -6.951695169516944 ], [ 110.319156915691565, -6.951695169516959 ] ], [ [ 110.319081908190824, -6.951770177017707 ], [ 110.319156915691565, -6.951695169516959 ], [ 110.319156915691565, -6.951770177017703 ], [ 110.319081908190824, -6.951770177017707 ] ], [ [ 110.319156915691565, -6.951920192019203 ], [ 110.319231923192319, -6.951845184518442 ], [ 110.319231923192319, -6.951920192019204 ], [ 110.319156915691565, -6.951920192019203 ] ], [ [ 110.31900690069007, -6.951995199519956 ], [ 110.319081908190824, -6.951920192019197 ], [ 110.319081908190824, -6.951995199519954 ], [ 110.31900690069007, -6.951995199519956 ] ], [ [ 110.318706870687066, -6.952070207020709 ], [ 110.318781878187821, -6.951995199519946 ], [ 110.318781878187821, -6.952070207020693 ], [ 110.318706870687066, -6.952070207020709 ] ], [ [ 110.355760576057605, -6.954620462046201 ], [ 110.359360936093609, -6.954470447044707 ], [ 110.359360936093609, -6.956870687068708 ], [ 110.359060906090605, -6.95469546954696 ], [ 110.355760576057605, -6.954620462046201 ] ], [ [ 110.364086408640858, -6.95499549954995 ], [ 110.376462646264628, -6.955070507050708 ], [ 110.371587158715869, -6.955370537053697 ], [ 110.370312031203127, -6.956420642064208 ], [ 110.369561956195625, -6.955595559555959 ], [ 110.370612061206117, -6.955895589558955 ], [ 110.370837083708366, -6.955220522052204 ], [ 110.369111911191126, -6.955220522052199 ], [ 110.367761776177616, -6.956495649564955 ], [ 110.365661566156618, -6.955445544554463 ], [ 110.365736573657372, -6.956570657065711 ], [ 110.364086408640858, -6.95499549954995 ] ], [ [ 110.374887488748868, -6.95529552955296 ], [ 110.374962496249623, -6.955220522052215 ], [ 110.374962496249623, -6.955295529552952 ], [ 110.374887488748868, -6.95529552955296 ] ], [ [ 110.376537653765382, -6.955445544554455 ], [ 110.376612661266122, -6.9553705370537 ], [ 110.376612661266122, -6.955445544554459 ], [ 110.376537653765382, -6.955445544554455 ] ], [ [ 110.376837683768372, -6.955670567056714 ], [ 110.37721272127213, -6.955445544554461 ], [ 110.37721272127213, -6.95559555955595 ], [ 110.376837683768372, -6.955670567056714 ] ], [ [ 110.373837383738376, -6.955595559555962 ], [ 110.373912391239131, -6.955520552055209 ], [ 110.373912391239131, -6.95559555955596 ], [ 110.373837383738376, -6.955595559555962 ] ], [ [ 110.365886588658867, -6.956270627062715 ], [ 110.365961596159622, -6.956195619561959 ], [ 110.365961596159622, -6.956270627062709 ], [ 110.365886588658867, -6.956270627062715 ] ], [ [ 110.367836783678385, -6.957770777077712 ], [ 110.367461746174627, -6.956420642064214 ], [ 110.367836783678385, -6.956870687068704 ], [ 110.36806180618062, -6.956795679567964 ], [ 110.367836783678385, -6.957770777077712 ] ], [ [ 110.362061206120615, -6.957095709570957 ], [ 110.362736273627362, -6.957245724572453 ], [ 110.361911191119106, -6.957470747074713 ], [ 110.362061206120615, -6.957095709570957 ] ], [ [ 110.367986798679866, -6.957620762076203 ], [ 110.368136813681375, -6.957095709570963 ], [ 110.368136813681375, -6.957695769576953 ], [ 110.367986798679866, -6.957620762076203 ] ], [ [ 110.361536153615376, -6.957470747074703 ], [ 110.361686168616856, -6.957245724572451 ], [ 110.361686168616856, -6.957470747074716 ], [ 110.361536153615376, -6.957470747074703 ] ], [ [ 110.359210921092114, -6.958220822082211 ], [ 110.359285928592854, -6.958070807080716 ], [ 110.359285928592854, -6.958220822082207 ], [ 110.359210921092114, -6.958220822082211 ] ], [ [ 110.390114011401138, -6.959270927092705 ], [ 110.390189018901893, -6.959120912091207 ], [ 110.390264026402647, -6.959270927092704 ], [ 110.390114011401138, -6.959270927092705 ] ] ] } },
{ "type": "Feature", "properties": { "year": 2047, "layer": "atrisk" }, "geometry": { "type": "Polygon", "coordinates": [ [ [ 110.395064506450652, -6.957170717071706 ], [ 110.394539453945399, -6.959720972097211 ], [ 110.395889588958909, -6.959720972097205 ], [ 110.39581458145814, -6.957770777077714 ], [ 110.395064506450652, -6.957170717071706 ] ] ] } }
]
}
