{
"type": "FeatureCollection",
"name": "atrisk_2026",
"crs": { "type": "name", "properties": { "name": "urn:ogc:def:crs:OGC:1.3:CRS84" } },
"features": [
{ "type": "Feature", "properties": { "year": 2026, "layer": "atrisk" }, "geometry": { "type": "Polygon", "coordinates": [ [ [ 110.575532553255329, -6.75 ], [ 110.572907290729077, -6.750450045004499 ], [ 110.575532553255329, -6.750150015001497 ], [ 110.575532553255329, -6.75 ] ] ] } },
{ "type": "Feature", "properties": { "year": 2026, "layer": "atrisk" }, "geometry": { "type": "Polygon", "coordinates": [ [ [ 110.564131413141311, -6.75 ], [ 110.566981698169812, -6.752175217521743 ], [ 110.571632163216336, -6.750075007500745 ], [ 110.571632163216336, -6.75 ], [ 110.564131413141311, -6.75 ] ] ] } },
{ "type": "Feature", "properties": { "year": 2026, "layer": "atrisk" }, "geometry": { "type": "Polygon", "coordinates": [ [ [ 110.581308130813085, -6.752700270026997 ], [ 110.578082808280826, -6.753075307530747 ], [ 110.577932793279345, -6.753825382538254 ], [ 110.581008100810081, -6.753825382538253 ], [ 110.581308130813085, -6.752700270026997 ] ], [ [ 110.580933093309326, -6.753000300030009 ], [ 110.581008100810081, -6.752925292529255 ], [ 110.581008100810081, -6.753000300030001 ], [ 110.580933093309326, -6.753000300030009 ] ] ] } },
{ "type": "Feature", "properties": { "year": 2026, "layer": "atrisk" }, "geometry": { "type": "Polygon", "coordinates": [ [ [ 110.58453345334533, -6.752175217521753 ], [ 110.583708370837087, -6.752850285028498 ], [ 110.583408340834083, -6.753750375037506 ], [ 110.584458445844589, -6.753525352535255 ], [ 110.58453345334533, -6.752175217521753 ] ] ] } },
{ "type": "Feature", "properties": { "year": 2026, "layer": "atrisk" }, "geometry": { "type": "Polygon", "coordinates": [ [ [ 110.571632163216336, -6.753375337533753 ], [ 110.570807080708065, -6.754050405040506 ], [ 110.571557155715567, -6.754050405040506 ], [ 110.571632163216336, -6.753375337533753 ] ] ] } },
{ "type": "Feature", "properties": { "year": 2026, "layer": "atrisk" }, "geometry": { "type": "Polygon", "coordinates": [ [ [ 110.58288328832883, -6.752400240024005 ], [ 110.582133213321328, -6.752550255025509 ], [ 110.582283228322837, -6.754200420042 ], [ 110.583033303330339, -6.753000300030005 ], [ 110.58288328832883, -6.752400240024005 ] ], [ [ 110.582733273327335, -6.753000300029998 ], [ 110.58280828082809, -6.752850285028498 ], [ 110.58280828082809, -6.753000300030003 ], [ 110.582733273327335, -6.753000300029998 ] ] ] } },
{ "type": "Feature", "properties": { "year": 2026, "layer": "atrisk" }, "geometry": { "type": "Polygon", "coordinates": [ [ [ 110.541104110411041, -6.75 ], [ 110.545904590459045, -6.755925592559255 ], [ 110.54740474047405, -6.755700570057009 ], [ 110.543429342934289, -6.75 ], [ 110.541104110411041, -6.75 ] ] ] } },
{ "type": "Feature", "properties": { "year": 2026, "layer": "atrisk" }, "geometry": { "type": "Polygon", "coordinates": [ [ [ 110.571332133213318, -6.757650765076517 ], [ 110.570507050705075, -6.756975697569763 ], [ 110.570057005700576, -6.757500750075013 ], [ 110.571332133213318, -6.757650765076517 ] ] ] } },
{ "type": "Feature", "properties": { "year": 2026, "layer": "atrisk" }, "geometry": { "type": "Polygon", "coordinates": [ [ [ 110.543504350435043, -6.755850585058505 ], [ 110.543054305430545, -6.756675667566755 ], [ 110.545904590459045, -6.758550855085513 ], [ 110.545679567956796, -6.757800780078012 ], [ 110.543504350435043, -6.755850585058505 ] ] ] } },
{ "type": "Feature", "properties": { "year": 2026, "layer": "atrisk" }, "geometry": { "type": "Polygon", "coordinates": [ [ [ 110.547254725472541, -6.759075907590766 ], [ 110.546354635463544, -6.759900990099009 ], [ 110.546654665466548, -6.760126012601257 ], [ 110.547254725472541, -6.759075907590766 ] ] ] } },
{ "type": "Feature", "properties": { "year": 2026, "layer": "atrisk" }, "geometry": { "type": "Polygon", "coordinates": [ [ [ 110.577482748274832, -6.759750975097512 ], [ 110.577932793279345, -6.76117611761176 ], [ 110.578457845784584, -6.761326132613266 ], [ 110.578607860786079, -6.760051005100508 ], [ 110.577482748274832, -6.759750975097512 ] ] ] } },
{ "type": "Feature", "properties": { "year": 2026, "layer": "atrisk" }, "geometry": { "type": "Polygon", "coordinates": [ [ [ 110.567056705670566, -6.760501050105008 ], [ 110.565706570657085, -6.759975997599756 ], [ 110.566306630663064, -6.761476147614768 ], [ 110.567056705670566, -6.760501050105008 ] ] ] } },
{ "type": "Feature", "properties": { "year": 2026, "layer": "atrisk" }, "geometry": { "type": "Polygon", "coordinates": [ [ [ 110.555955595559553, -6.761176117611768 ], [ 110.554905490549061, -6.762376237623767 ], [ 110.555655565556549, -6.762526252625259 ], [ 110.555955595559553, -6.761176117611768 ] ] ] } },
{ "type": "Feature", "properties": { "year": 2026, "layer": "atrisk" }, "geometry": { "type": "Polygon", "coordinates": [ [ [ 110.58430843084308, -6.754275427542758 ], [ 110.582433243324331, -6.759150915091506 ], [ 110.581533153315334, -6.757650765076509 ], [ 110.57515751575157, -6.757275727572757 ], [ 110.574707470747072, -6.755625562556263 ], [ 110.573207320732067, -6.755850585058504 ], [ 110.572832283228323, -6.756075607560759 ], [ 110.575232523252325, -6.757425742574251 ], [ 110.574182418241818, -6.75982598259826 ], [ 110.581383138313825, -6.759900990099017 ], [ 110.583783378337827, -6.761551155115518 ], [ 110.583333333333329, -6.763201320132009 ], [ 110.583558355835578, -6.763726372637257 ], [ 110.584158415841586, -6.763126312631267 ], [ 110.58430843084308, -6.754275427542758 ] ], [ [ 110.575232523252325, -6.757425742574251 ], [ 110.575307530753079, -6.757350735073513 ], [ 110.575307530753079, -6.757425742574251 ], [ 110.575232523252325, -6.757425742574251 ] ], [ [ 110.576132613261322, -6.757725772577254 ], [ 110.576207620762077, -6.757650765076507 ], [ 110.576207620762077, -6.757725772577253 ], [ 110.576132613261322, -6.757725772577254 ] ], [ [ 110.581083108310835, -6.758550855085502 ], [ 110.581158115811576, -6.758475847584766 ], [ 110.581158115811576, -6.758550855085512 ], [ 110.581083108310835, -6.758550855085502 ] ], [ [ 110.582583258325826, -6.759225922592256 ], [ 110.582658265826581, -6.759150915091507 ], [ 110.582658265826581, -6.759225922592254 ], [ 110.582583258325826, -6.759225922592256 ] ] ] } },
{ "type": "Feature", "properties": { "year": 2026, "layer": "atrisk" }, "geometry": { "type": "Polygon", "coordinates": [ [ [ 110.569606960696063, -6.762976297629762 ], [ 110.567431743174311, -6.763501350135011 ], [ 110.569606960696063, -6.763576357635755 ], [ 110.569606960696063, -6.762976297629762 ] ], [ [ 110.568406840684062, -6.763351335133514 ], [ 110.568556855685571, -6.76342634263427 ], [ 110.568406840684062, -6.763426342634263 ], [ 110.568406840684062, -6.763351335133514 ] ] ] } },
{ "type": "Feature", "properties": { "year": 2026, "layer": "atrisk" }, "geometry": { "type": "Polygon", "coordinates": [ [ [ 110.552505250525073, -6.808955895589562 ], [ 110.551080108010808, -6.808430843084302 ], [ 110.549579957995803, -6.811131113111318 ], [ 110.552505250525073, -6.808955895589562 ] ] ] } },
{ "type": "Feature", "properties": { "year": 2026, "layer": "atrisk" }, "geometry": { "type": "Polygon", "coordinates": [ [ [ 110.576432643264326, -6.759900990099016 ], [ 110.572382238223824, -6.761626162616258 ], [ 110.574932493249335, -6.761176117611763 ], [ 110.575532553255329, -6.762826282628257 ], [ 110.572982298229817, -6.763126312631265 ], [ 110.571932193219325, -6.763876387638773 ], [ 110.575607560756069, -6.764326432643267 ], [ 110.575457545754574, -6.769801980198028 ], [ 110.575607560756069, -6.768376837683769 ], [ 110.575757575757578, -6.768151815181516 ], [ 110.575607560756069, -6.769726972697263 ], [ 110.576432643264326, -6.770627062706262 ], [ 110.577407740774078, -6.767251725172522 ], [ 110.579732973297325, -6.767476747674775 ], [ 110.577407740774078, -6.767476747674764 ], [ 110.577707770777081, -6.768676867686766 ], [ 110.578382838283829, -6.769051905190514 ], [ 110.577407740774078, -6.771152115211522 ], [ 110.577932793279345, -6.770927092709261 ], [ 110.579057905790577, -6.770777077707779 ], [ 110.579432943294336, -6.770852085208516 ], [ 110.575532553255329, -6.771452145214529 ], [ 110.575457545754574, -6.770477047704776 ], [ 110.575232523252325, -6.773477347734771 ], [ 110.572982298229817, -6.77475247524752 ], [ 110.569456945694569, -6.775202520252023 ], [ 110.568331833183322, -6.775952595259531 ], [ 110.566981698169812, -6.778952895289535 ], [ 110.56593159315932, -6.784428442844288 ], [ 110.565856585658565, -6.787428742874292 ], [ 110.567206720672061, -6.788178817881783 ], [ 110.565331533153312, -6.78795379537953 ], [ 110.56458145814581, -6.790804080408043 ], [ 110.565031503150323, -6.791479147914791 ], [ 110.566081608160815, -6.791404140414044 ], [ 110.567281728172816, -6.789228922892295 ], [ 110.567881788178823, -6.789528952895292 ], [ 110.566306630663064, -6.79207920792079 ], [ 110.564056405640585, -6.791104110411038 ], [ 110.562706270627075, -6.792904290429049 ], [ 110.563081308130833, -6.794404440444047 ], [ 110.563906390639062, -6.792829282928302 ], [ 110.563231323132314, -6.794704470447038 ], [ 110.564806480648059, -6.795379537953804 ], [ 110.567206720672061, -6.792604260426042 ], [ 110.565481548154821, -6.796054605460542 ], [ 110.569456945694569, -6.795304530453043 ], [ 110.569831983198327, -6.798304830483055 ], [ 110.568106810681073, -6.7991299129913 ], [ 110.564731473147319, -6.797029702970303 ], [ 110.561806180618063, -6.797554755475553 ], [ 110.561806180618063, -6.795079507950794 ], [ 110.559555955595556, -6.798154815481547 ], [ 110.559705970597065, -6.799729972997293 ], [ 110.56150615061506, -6.798979897989804 ], [ 110.560231023102304, -6.801380138013797 ], [ 110.561581158115814, -6.80040504050405 ], [ 110.562106210621067, -6.801680168016801 ], [ 110.563006300630065, -6.801380138013796 ], [ 110.567881788178823, -6.804830483048299 ], [ 110.568781878187821, -6.8046804680468 ], [ 110.569831983198327, -6.807605760576054 ], [ 110.567806780678069, -6.806555655565562 ], [ 110.566606660666068, -6.808430843084315 ], [ 110.568556855685571, -6.810456045604566 ], [ 110.570957095709574, -6.80880588058806 ], [ 110.569606960696063, -6.810606060606068 ], [ 110.570582058205815, -6.811431143114318 ], [ 110.571782178217816, -6.810231023102316 ], [ 110.572532253225319, -6.810531053105303 ], [ 110.575907590759073, -6.808280828082799 ], [ 110.580258025802578, -6.803555355535552 ], [ 110.583108310831079, -6.798004800480045 ], [ 110.584383438343835, -6.792529252925291 ], [ 110.582133213321328, -6.790354035403532 ], [ 110.58145814581458, -6.793729372937296 ], [ 110.581383138313825, -6.790054005400541 ], [ 110.578757875787574, -6.788778877887796 ], [ 110.584458445844589, -6.791404140414036 ], [ 110.584608460846084, -6.772052205220521 ], [ 110.581683168316829, -6.77062706270627 ], [ 110.582958295829584, -6.766726672667271 ], [ 110.581758175817583, -6.767251725172514 ], [ 110.582058205820587, -6.764476447644766 ], [ 110.580033003300329, -6.764626462646262 ], [ 110.579882988298834, -6.76425142514252 ], [ 110.57815781578158, -6.764326432643256 ], [ 110.580858085808586, -6.763651365136512 ], [ 110.584158415841586, -6.764776477647757 ], [ 110.58423342334234, -6.764101410141012 ], [ 110.581083108310835, -6.762676267626759 ], [ 110.576057605760582, -6.762976297629759 ], [ 110.576432643264326, -6.759900990099016 ] ], [ [ 110.579507950795076, -6.763126312631269 ], [ 110.579582958295845, -6.763051305130511 ], [ 110.579582958295845, -6.763126312631262 ], [ 110.579507950795076, -6.763126312631269 ] ], [ [ 110.579132913291332, -6.763276327632758 ], [ 110.580858085808586, -6.763201320132012 ], [ 110.578982898289823, -6.763426342634256 ], [ 110.579132913291332, -6.763276327632758 ] ], [ [ 110.581008100810081, -6.763201320132019 ], [ 110.581308130813085, -6.763126312631265 ], [ 110.581308130813085, -6.763201320132019 ], [ 110.581008100810081, -6.763201320132019 ] ], [ [ 110.581308130813085, -6.763276327632763 ], [ 110.581608160816089, -6.763201320132012 ], [ 110.581608160816089, -6.763276327632766 ], [ 110.581308130813085, -6.763276327632763 ] ], [ [ 110.574707470747072, -6.763351335133518 ], [ 110.574782478247826, -6.763276327632767 ], [ 110.574782478247826, -6.763351335133518 ], [ 110.574707470747072, -6.763351335133518 ] ], [ [ 110.576207620762077, -6.76350135013502 ], [ 110.576582658265835, -6.763426342634262 ], [ 110.576582658265835, -6.763726372637268 ], [ 110.576207620762077, -6.76350135013502 ] ], [ [ 110.574632463246346, -6.763426342634261 ], [ 110.574707470747072, -6.763351335133518 ], [ 110.574707470747072, -6.763426342634269 ], [ 110.574632463246346, -6.763426342634261 ] ], [ [ 110.578832883288328, -6.763501350135005 ], [ 110.578982898289823, -6.763426342634256 ], [ 110.578982898289823, -6.763501350135022 ], [ 110.578832883288328, -6.763501350135005 ] ], [ [ 110.578382838283829, -6.763576357635761 ], [ 110.578757875787574, -6.763501350135009 ], [ 110.578757875787574, -6.763576357635768 ], [ 110.578382838283829, -6.763576357635761 ] ], [ [ 110.577782778277822, -6.763651365136509 ], [ 110.578232823282335, -6.763576357635763 ], [ 110.578232823282335, -6.763651365136514 ], [ 110.577782778277822, -6.763651365136509 ] ], [ [ 110.57680768076807, -6.763801380138012 ], [ 110.577782778277822, -6.763651365136509 ], [ 110.577782778277822, -6.763726372637267 ], [ 110.57680768076807, -6.763801380138012 ] ], [ [ 110.576132613261322, -6.764176417641759 ], [ 110.576207620762077, -6.763801380138012 ], [ 110.576207620762077, -6.764176417641758 ], [ 110.576132613261322, -6.764176417641759 ] ], [ [ 110.57680768076807, -6.764926492649263 ], [ 110.577782778277822, -6.76522652265226 ], [ 110.577032703270334, -6.76590159015901 ], [ 110.57680768076807, -6.764926492649263 ] ], [ [ 110.577857785778576, -6.764401440144015 ], [ 110.57815781578158, -6.764326432643256 ], [ 110.57815781578158, -6.764401440144005 ], [ 110.577857785778576, -6.764401440144015 ] ], [ [ 110.576582658265835, -6.765076507650768 ], [ 110.57680768076807, -6.765076507650765 ], [ 110.576582658265835, -6.765151515151521 ], [ 110.576582658265835, -6.765076507650768 ] ], [ [ 110.581608160816089, -6.765076507650773 ], [ 110.581683168316829, -6.765001500150012 ], [ 110.581683168316829, -6.765076507650765 ], [ 110.581608160816089, -6.765076507650773 ] ], [ [ 110.581833183318338, -6.76530153015301 ], [ 110.581908190819078, -6.765076507650759 ], [ 110.581908190819078, -6.765301530153017 ], [ 110.581833183318338, -6.76530153015301 ] ], [ [ 110.58145814581458, -6.76522652265226 ], [ 110.581608160816089, -6.765451545154507 ], [ 110.58145814581458, -6.765601560156016 ], [ 110.58145814581458, -6.76522652265226 ] ], [ [ 110.576357635763571, -6.765301530153007 ], [ 110.576432643264326, -6.765226522652262 ], [ 110.576432643264326, -6.765301530153021 ], [ 110.576357635763571, -6.765301530153007 ] ], [ [ 110.576057605760582, -6.765451545154517 ], [ 110.576357635763571, -6.765376537653771 ], [ 110.575907590759073, -6.766126612661265 ], [ 110.576057605760582, -6.765451545154517 ] ], [ [ 110.580783078307832, -6.765676567656769 ], [ 110.580858085808586, -6.765601560156011 ], [ 110.580858085808586, -6.765676567656771 ], [ 110.580783078307832, -6.765676567656769 ] ], [ [ 110.578532853285324, -6.765751575157519 ], [ 110.578607860786079, -6.765676567656775 ], [ 110.578607860786079, -6.765751575157519 ], [ 110.578532853285324, -6.765751575157519 ] ], [ [ 110.578382838283829, -6.766201620162011 ], [ 110.578457845784584, -6.766051605160511 ], [ 110.578457845784584, -6.766201620162023 ], [ 110.578382838283829, -6.766201620162011 ] ], [ [ 110.580933093309326, -6.76642664266427 ], [ 110.581008100810081, -6.766351635163516 ], [ 110.581008100810081, -6.766426642664262 ], [ 110.580933093309326, -6.76642664266427 ] ], [ [ 110.580333033303333, -6.766501650165022 ], [ 110.580408040804087, -6.766426642664269 ], [ 110.580408040804087, -6.766501650165024 ], [ 110.580333033303333, -6.766501650165022 ] ], [ [ 110.576432643264326, -6.766801680168016 ], [ 110.576657665766575, -6.766726672667267 ], [ 110.576657665766575, -6.766801680168014 ], [ 110.576432643264326, -6.766801680168016 ] ], [ [ 110.576657665766575, -6.766876687668766 ], [ 110.577032703270334, -6.766801680168016 ], [ 110.577032703270334, -6.766876687668761 ], [ 110.576657665766575, -6.766876687668766 ] ], [ [ 110.578232823282335, -6.76710171017102 ], [ 110.578682868286833, -6.767026702670274 ], [ 110.578682868286833, -6.767101710171016 ], [ 110.578232823282335, -6.76710171017102 ] ], [ [ 110.576132613261322, -6.76725172517251 ], [ 110.576957695769579, -6.767176717671763 ], [ 110.577107710771074, -6.767326732673259 ], [ 110.576132613261322, -6.76725172517251 ] ], [ [ 110.579432943294336, -6.767251725172517 ], [ 110.579582958295845, -6.767176717671775 ], [ 110.579582958295845, -6.767251725172509 ], [ 110.579432943294336, -6.767251725172517 ] ], [ [ 110.579657965796585, -6.767251725172517 ], [ 110.579732973297325, -6.767176717671769 ], [ 110.579732973297325, -6.767251725172515 ], [ 110.579657965796585, -6.767251725172517 ] ], [ [ 110.575757575757578, -6.767851785178522 ], [ 110.575982598259827, -6.767926792679271 ], [ 110.575757575757578, -6.768076807680761 ], [ 110.575757575757578, -6.767851785178522 ] ], [ [ 110.580108010801084, -6.767326732673269 ], [ 110.580258025802578, -6.767251725172508 ], [ 110.580258025802578, -6.767326732673272 ], [ 110.580108010801084, -6.767326732673269 ] ], [ [ 110.580483048304828, -6.767401740174014 ], [ 110.580558055805596, -6.767326732673263 ], [ 110.580558055805596, -6.767401740174019 ], [ 110.580483048304828, -6.767401740174014 ] ], [ [ 110.581008100810081, -6.767701770177011 ], [ 110.580933093309326, -6.767401740174019 ], [ 110.581383138313825, -6.767701770177024 ], [ 110.581008100810081, -6.767701770177011 ] ], [ [ 110.580108010801084, -6.767626762676266 ], [ 110.580183018301824, -6.767476747674762 ], [ 110.580408040804087, -6.767626762676261 ], [ 110.580108010801084, -6.767626762676266 ] ], [ [ 110.580408040804087, -6.767701770177015 ], [ 110.580558055805596, -6.767626762676272 ], [ 110.580558055805596, -6.767701770177019 ], [ 110.580408040804087, -6.767701770177015 ] ], [ [ 110.58145814581458, -6.767701770177026 ], [ 110.581608160816089, -6.767626762676273 ], [ 110.581608160816089, -6.767701770177018 ], [ 110.58145814581458, -6.767701770177026 ] ], [ [ 110.579432943294336, -6.767851785178522 ], [ 110.579507950795076, -6.767701770177013 ], [ 110.579507950795076, -6.767851785178514 ], [ 110.579432943294336, -6.767851785178522 ] ], [ [ 110.581608160816089, -6.767851785178511 ], [ 110.581983198319833, -6.76777677767777 ], [ 110.582133213321328, -6.768001800180021 ], [ 110.581608160816089, -6.767851785178511 ] ], [ [ 110.580783078307832, -6.767851785178515 ], [ 110.580858085808586, -6.767776777677764 ], [ 110.580858085808586, -6.767851785178522 ], [ 110.580783078307832, -6.767851785178515 ] ], [ [ 110.580183018301824, -6.768076807680764 ], [ 110.580258025802578, -6.767851785178514 ], [ 110.580258025802578, -6.768076807680775 ], [ 110.580183018301824, -6.768076807680764 ] ], [ [ 110.578007800780071, -6.768226822682269 ], [ 110.57815781578158, -6.768076807680759 ], [ 110.57815781578158, -6.768226822682265 ], [ 110.578007800780071, -6.768226822682269 ] ], [ [ 110.579057905790577, -6.768076807680761 ], [ 110.579132913291332, -6.768001800180017 ], [ 110.579132913291332, -6.768076807680766 ], [ 110.579057905790577, -6.768076807680761 ] ], [ [ 110.581833183318338, -6.768226822682274 ], [ 110.581983198319833, -6.768151815181519 ], [ 110.581983198319833, -6.76822682268226 ], [ 110.581833183318338, -6.768226822682274 ] ], [ [ 110.582058205820587, -6.768226822682271 ], [ 110.582283228322837, -6.768151815181523 ], [ 110.582283228322837, -6.768226822682272 ], [ 110.582058205820587, -6.768226822682271 ] ], [ [ 110.579282928292827, -6.768976897689774 ], [ 110.579657965796585, -6.768676867686765 ], [ 110.579357935793581, -6.769126912691262 ], [ 110.579282928292827, -6.768976897689774 ] ], [ [ 110.577932793279345, -6.768526852685271 ], [ 110.578007800780071, -6.768451845184522 ], [ 110.578007800780071, -6.76852685268527 ], [ 110.577932793279345, -6.768526852685271 ] ], [ [ 110.579282928292827, -6.768676867686763 ], [ 110.579357935793581, -6.76845184518451 ], [ 110.579357935793581, -6.768676867686771 ], [ 110.579282928292827, -6.768676867686763 ] ], [ [ 110.579207920792086, -6.768901890189023 ], [ 110.579282928292827, -6.768676867686763 ], [ 110.579282928292827, -6.768901890189022 ], [ 110.579207920792086, -6.768901890189023 ] ], [ [ 110.579657965796585, -6.770927092709265 ], [ 110.579732973297325, -6.770777077707773 ], [ 110.57980798079808, -6.770927092709274 ], [ 110.579657965796585, -6.770927092709265 ] ], [ [ 110.579882988298834, -6.77085208520852 ], [ 110.579957995799575, -6.77077707770778 ], [ 110.579957995799575, -6.770852085208515 ], [ 110.579882988298834, -6.77085208520852 ] ], [ [ 110.580183018301824, -6.770927092709271 ], [ 110.580483048304828, -6.77077707770777 ], [ 110.580483048304828, -6.770927092709267 ], [ 110.580183018301824, -6.770927092709271 ] ], [ [ 110.580558055805596, -6.770852085208523 ], [ 110.580633063306337, -6.770777077707777 ], [ 110.580633063306337, -6.77085208520853 ], [ 110.580558055805596, -6.770852085208523 ] ], [ [ 110.581008100810081, -6.771077107710769 ], [ 110.581533153315334, -6.771002100210024 ], [ 110.581833183318338, -6.771227122712276 ], [ 110.581008100810081, -6.771077107710769 ] ], [ [ 110.582133213321328, -6.771377137713775 ], [ 110.582208220822096, -6.771302130213015 ], [ 110.582208220822096, -6.771377137713764 ], [ 110.582133213321328, -6.771377137713775 ] ], [ [ 110.582208220822096, -6.77145214521452 ], [ 110.582283228322837, -6.771377137713774 ], [ 110.582283228322837, -6.771452145214521 ], [ 110.582208220822096, -6.77145214521452 ] ], [ [ 110.579882988298834, -6.771677167716774 ], [ 110.580183018301824, -6.771602160216028 ], [ 110.580183018301824, -6.771677167716772 ], [ 110.579882988298834, -6.771677167716774 ] ], [ [ 110.580333033303333, -6.771752175217522 ], [ 110.580783078307832, -6.771677167716769 ], [ 110.580933093309326, -6.771827182718271 ], [ 110.580333033303333, -6.771752175217522 ] ], [ [ 110.579582958295845, -6.771827182718265 ], [ 110.579732973297325, -6.77175217521752 ], [ 110.579732973297325, -6.771827182718278 ], [ 110.579582958295845, -6.771827182718265 ] ], [ [ 110.578232823282335, -6.771977197719776 ], [ 110.578307830783075, -6.771902190219018 ], [ 110.578307830783075, -6.771977197719769 ], [ 110.578232823282335, -6.771977197719776 ] ], [ [ 110.577482748274832, -6.772352235223522 ], [ 110.577557755775587, -6.772277227722764 ], [ 110.577557755775587, -6.772352235223525 ], [ 110.577482748274832, -6.772352235223522 ] ], [ [ 110.577332733273323, -6.772427242724277 ], [ 110.577482748274832, -6.772352235223522 ], [ 110.577482748274832, -6.77242724272427 ], [ 110.577332733273323, -6.772427242724277 ] ], [ [ 110.577182718271828, -6.772502250225027 ], [ 110.577257725772597, -6.77242724272427 ], [ 110.577257725772597, -6.77250225022502 ], [ 110.577182718271828, -6.772502250225027 ] ], [ [ 110.577332733273323, -6.77257725772577 ], [ 110.577407740774078, -6.772502250225018 ], [ 110.577407740774078, -6.772577257725779 ], [ 110.577332733273323, -6.77257725772577 ] ], [ [ 110.579582958295845, -6.772577257725767 ], [ 110.579657965796585, -6.772502250225027 ], [ 110.579657965796585, -6.772577257725764 ], [ 110.579582958295845, -6.772577257725767 ] ], [ [ 110.576132613261322, -6.773027302730266 ], [ 110.576207620762077, -6.772952295229522 ], [ 110.576207620762077, -6.773027302730266 ], [ 110.576132613261322, -6.773027302730266 ] ], [ [ 110.576882688268824, -6.773477347734774 ], [ 110.577107710771074, -6.773552355235521 ], [ 110.576882688268824, -6.773627362736268 ], [ 110.576882688268824, -6.773477347734774 ] ], [ [ 110.576282628262845, -6.77362736273628 ], [ 110.576357635763571, -6.773477347734776 ], [ 110.576357635763571, -6.773627362736267 ], [ 110.576282628262845, -6.77362736273628 ] ], [ [ 110.576207620762077, -6.773702370237023 ], [ 110.576282628262845, -6.77362736273628 ], [ 110.576282628262845, -6.773702370237017 ], [ 110.576207620762077, -6.773702370237023 ] ], [ [ 110.574707470747072, -6.773852385238522 ], [ 110.574782478247826, -6.773777377737781 ], [ 110.574782478247826, -6.773852385238525 ], [ 110.574707470747072, -6.773852385238522 ] ], [ [ 110.576132613261322, -6.773927392739268 ], [ 110.576207620762077, -6.773777377737779 ], [ 110.576207620762077, -6.773927392739273 ], [ 110.576132613261322, -6.773927392739268 ] ], [ [ 110.576057605760582, -6.774077407740765 ], [ 110.576132613261322, -6.773927392739268 ], [ 110.576132613261322, -6.774077407740781 ], [ 110.576057605760582, -6.774077407740765 ] ], [ [ 110.580858085808586, -6.774002400240022 ], [ 110.580933093309326, -6.773927392739266 ], [ 110.580933093309326, -6.774002400240024 ], [ 110.580858085808586, -6.774002400240022 ] ], [ [ 110.576582658265835, -6.774227422742269 ], [ 110.576657665766575, -6.774152415241522 ], [ 110.576657665766575, -6.774227422742281 ], [ 110.576582658265835, -6.774227422742269 ] ], [ [ 110.57650765076508, -6.77437743774378 ], [ 110.576582658265835, -6.774227422742269 ], [ 110.576582658265835, -6.774377437743768 ], [ 110.57650765076508, -6.77437743774378 ] ], [ [ 110.576282628262845, -6.774602460246018 ], [ 110.57650765076508, -6.77460246024603 ], [ 110.576282628262845, -6.77475247524752 ], [ 110.576282628262845, -6.774602460246018 ] ], [ [ 110.573132313231326, -6.775052505250517 ], [ 110.573207320732067, -6.774827482748282 ], [ 110.573282328232835, -6.775052505250517 ], [ 110.573132313231326, -6.775052505250517 ] ], [ [ 110.570282028202826, -6.775277527752771 ], [ 110.570582058205815, -6.775127512751276 ], [ 110.570657065706584, -6.77527752775277 ], [ 110.570282028202826, -6.775277527752771 ] ], [ [ 110.571107110711068, -6.77535253525352 ], [ 110.571182118211823, -6.775202520252019 ], [ 110.571182118211823, -6.775352535253528 ], [ 110.571107110711068, -6.77535253525352 ] ], [ [ 110.575907590759073, -6.77535253525352 ], [ 110.575982598259827, -6.775277527752768 ], [ 110.575982598259827, -6.775352535253523 ], [ 110.575907590759073, -6.77535253525352 ] ], [ [ 110.569756975697572, -6.775427542754276 ], [ 110.569831983198327, -6.775352535253521 ], [ 110.569831983198327, -6.775427542754275 ], [ 110.569756975697572, -6.775427542754276 ] ], [ [ 110.569606960696063, -6.775802580258032 ], [ 110.570207020702071, -6.775502550255033 ], [ 110.570132013201317, -6.775877587758782 ], [ 110.569606960696063, -6.775802580258032 ] ], [ [ 110.576132613261322, -6.77550255025502 ], [ 110.576207620762077, -6.775427542754282 ], [ 110.576207620762077, -6.775502550255025 ], [ 110.576132613261322, -6.77550255025502 ] ], [ [ 110.57508250825083, -6.775652565256527 ], [ 110.57515751575157, -6.77550255025502 ], [ 110.57538253825382, -6.775652565256524 ], [ 110.57508250825083, -6.775652565256527 ] ], [ [ 110.571632163216336, -6.775652565256525 ], [ 110.571707170717076, -6.775577557755772 ], [ 110.571707170717076, -6.775652565256532 ], [ 110.571632163216336, -6.775652565256525 ] ], [ [ 110.568931893189315, -6.776027602760282 ], [ 110.569081908190824, -6.775652565256532 ], [ 110.569006900690084, -6.776027602760269 ], [ 110.568931893189315, -6.776027602760282 ] ], [ [ 110.569156915691565, -6.776102610261019 ], [ 110.569456945694569, -6.775727572757269 ], [ 110.569381938193814, -6.77617761776177 ], [ 110.569156915691565, -6.776102610261019 ] ], [ [ 110.576282628262845, -6.775727572757273 ], [ 110.576357635763571, -6.775652565256524 ], [ 110.576357635763571, -6.775727572757277 ], [ 110.576282628262845, -6.775727572757273 ] ], [ [ 110.571557155715567, -6.775802580258023 ], [ 110.571632163216336, -6.77572757275728 ], [ 110.571632163216336, -6.775802580258025 ], [ 110.571557155715567, -6.775802580258023 ] ], [ [ 110.57680768076807, -6.776027602760269 ], [ 110.576882688268824, -6.775952595259524 ], [ 110.576882688268824, -6.776027602760284 ], [ 110.57680768076807, -6.776027602760269 ] ], [ [ 110.570657065706584, -6.77752775277528 ], [ 110.571482148214827, -6.776177617761769 ], [ 110.570882088208819, -6.777227722772278 ], [ 110.571107110711068, -6.777752775277524 ], [ 110.569156915691565, -6.78195319531954 ], [ 110.573057305730572, -6.783978397839777 ], [ 110.575307530753079, -6.781428142814276 ], [ 110.573507350735071, -6.785178517851779 ], [ 110.569381938193814, -6.782628262826281 ], [ 110.567956795679564, -6.782778277827778 ], [ 110.569006900690084, -6.779252925292536 ], [ 110.568331833183322, -6.778577857785773 ], [ 110.57043204320432, -6.776627662766285 ], [ 110.570282028202826, -6.777227722772268 ], [ 110.570657065706584, -6.77752775277528 ] ], [ [ 110.568631863186312, -6.776252625262527 ], [ 110.568781878187821, -6.776402640264031 ], [ 110.568631863186312, -6.776552655265528 ], [ 110.568631863186312, -6.776252625262527 ] ], [ [ 110.569756975697572, -6.776327632763282 ], [ 110.569831983198327, -6.776102610261017 ], [ 110.569831983198327, -6.776327632763279 ], [ 110.569756975697572, -6.776327632763282 ] ], [ [ 110.578532853285324, -6.776102610261032 ], [ 110.583258325832588, -6.778127812781282 ], [ 110.58453345334533, -6.780003000300026 ], [ 110.581008100810081, -6.779552955295527 ], [ 110.578532853285324, -6.776102610261032 ] ], [ [ 110.569456945694569, -6.776252625262527 ], [ 110.569531953195323, -6.776177617761777 ], [ 110.569531953195323, -6.776252625262525 ], [ 110.569456945694569, -6.776252625262527 ] ], [ [ 110.570657065706584, -6.776627662766278 ], [ 110.571107110711068, -6.776327632763281 ], [ 110.570882088208819, -6.776702670267034 ], [ 110.570657065706584, -6.776627662766278 ] ], [ [ 110.575007500750075, -6.776327632763281 ], [ 110.575232523252325, -6.776402640264029 ], [ 110.575007500750075, -6.776552655265535 ], [ 110.575007500750075, -6.776327632763281 ] ], [ [ 110.577332733273323, -6.77625262526252 ], [ 110.577407740774078, -6.776177617761783 ], [ 110.577407740774078, -6.776252625262521 ], [ 110.577332733273323, -6.77625262526252 ] ], [ [ 110.568931893189315, -6.776327632763272 ], [ 110.569081908190824, -6.77655265526553 ], [ 110.568856885688575, -6.776627662766278 ], [ 110.568931893189315, -6.776327632763272 ] ], [ [ 110.577482748274832, -6.776327632763278 ], [ 110.577557755775587, -6.776252625262519 ], [ 110.577557755775587, -6.776327632763284 ], [ 110.577482748274832, -6.776327632763278 ] ], [ [ 110.569681968196818, -6.776552655265528 ], [ 110.569756975697572, -6.776327632763282 ], [ 110.569756975697572, -6.776552655265523 ], [ 110.569681968196818, -6.776552655265528 ] ], [ [ 110.570357035703566, -6.776552655265521 ], [ 110.570507050705075, -6.776327632763272 ], [ 110.570507050705075, -6.776552655265527 ], [ 110.570357035703566, -6.776552655265521 ] ], [ [ 110.569081908190824, -6.776702670267018 ], [ 110.569306930693074, -6.776477647764778 ], [ 110.569231923192319, -6.776777677767775 ], [ 110.569081908190824, -6.776702670267018 ] ], [ [ 110.577857785778576, -6.776552655265528 ], [ 110.578007800780071, -6.776477647764786 ], [ 110.578007800780071, -6.776552655265521 ], [ 110.577857785778576, -6.776552655265528 ] ], [ [ 110.569606960696063, -6.776777677767769 ], [ 110.569681968196818, -6.776552655265528 ], [ 110.569681968196818, -6.776777677767782 ], [ 110.569606960696063, -6.776777677767769 ] ], [ [ 110.575457545754574, -6.776852685268525 ], [ 110.575532553255329, -6.776777677767781 ], [ 110.575532553255329, -6.776852685268535 ], [ 110.575457545754574, -6.776852685268525 ] ], [ [ 110.570507050705075, -6.777152715271534 ], [ 110.570582058205815, -6.777002700270033 ], [ 110.570582058205815, -6.777152715271525 ], [ 110.570507050705075, -6.777152715271534 ] ], [ [ 110.573357335733576, -6.77730273027303 ], [ 110.57343234323433, -6.777152715271524 ], [ 110.57343234323433, -6.777302730273026 ], [ 110.573357335733576, -6.77730273027303 ] ], [ [ 110.57208220822082, -6.777977797779771 ], [ 110.572232223222329, -6.777902790279028 ], [ 110.572232223222329, -6.77797779777978 ], [ 110.57208220822082, -6.777977797779771 ] ], [ [ 110.567506750675065, -6.778502850285031 ], [ 110.56758175817582, -6.778427842784269 ], [ 110.56758175817582, -6.778502850285036 ], [ 110.567506750675065, -6.778502850285031 ] ], [ [ 110.572907290729077, -6.778577857785787 ], [ 110.572982298229817, -6.778502850285027 ], [ 110.572982298229817, -6.778577857785783 ], [ 110.572907290729077, -6.778577857785787 ] ], [ [ 110.576132613261322, -6.779777977797777 ], [ 110.576207620762077, -6.779702970297032 ], [ 110.576207620762077, -6.779777977797784 ], [ 110.576132613261322, -6.779777977797777 ] ], [ [ 110.568481848184817, -6.780228022802282 ], [ 110.568556855685571, -6.780153015301535 ], [ 110.568556855685571, -6.780228022802272 ], [ 110.568481848184817, -6.780228022802282 ] ], [ [ 110.581533153315334, -6.780828082808275 ], [ 110.581608160816089, -6.780678067806772 ], [ 110.581608160816089, -6.78082808280829 ], [ 110.581533153315334, -6.780828082808275 ] ], [ [ 110.567206720672061, -6.780903090309025 ], [ 110.567281728172816, -6.780828082808279 ], [ 110.567281728172816, -6.780903090309033 ], [ 110.567206720672061, -6.780903090309025 ] ], [ [ 110.58145814581458, -6.780903090309034 ], [ 110.581533153315334, -6.780828082808275 ], [ 110.581533153315334, -6.780903090309024 ], [ 110.58145814581458, -6.780903090309034 ] ], [ [ 110.581308130813085, -6.780978097809783 ], [ 110.58145814581458, -6.781053105310526 ], [ 110.581308130813085, -6.781128112811273 ], [ 110.581308130813085, -6.780978097809783 ] ], [ [ 110.57508250825083, -6.781203120312026 ], [ 110.575307530753079, -6.781128112811275 ], [ 110.575307530753079, -6.781203120312026 ], [ 110.57508250825083, -6.781203120312026 ] ], [ [ 110.581233123312344, -6.781203120312029 ], [ 110.581308130813085, -6.781128112811273 ], [ 110.581308130813085, -6.781203120312025 ], [ 110.581233123312344, -6.781203120312029 ] ], [ [ 110.581158115811576, -6.781278127812773 ], [ 110.581233123312344, -6.781203120312029 ], [ 110.581233123312344, -6.781278127812779 ], [ 110.581158115811576, -6.781278127812773 ] ], [ [ 110.566606660666068, -6.78135313531353 ], [ 110.566756675667563, -6.781278127812778 ], [ 110.566756675667563, -6.781353135313536 ], [ 110.566606660666068, -6.78135313531353 ] ], [ [ 110.568031803180318, -6.781428142814272 ], [ 110.568106810681073, -6.781353135313528 ], [ 110.568106810681073, -6.781428142814279 ], [ 110.568031803180318, -6.781428142814272 ] ], [ [ 110.576132613261322, -6.781653165316534 ], [ 110.576282628262845, -6.781503150315027 ], [ 110.576207620762077, -6.781653165316538 ], [ 110.576132613261322, -6.781653165316534 ] ], [ [ 110.567656765676574, -6.78165316531653 ], [ 110.567731773177314, -6.781578157815786 ], [ 110.567731773177314, -6.781653165316535 ], [ 110.567656765676574, -6.78165316531653 ] ], [ [ 110.577932793279345, -6.782253225322532 ], [ 110.578232823282335, -6.782028202820278 ], [ 110.577782778277822, -6.782403240324027 ], [ 110.577932793279345, -6.782253225322532 ] ], [ [ 110.579507950795076, -6.78277827782779 ], [ 110.579657965796585, -6.782703270327037 ], [ 110.579657965796585, -6.782778277827783 ], [ 110.579507950795076, -6.78277827782779 ] ], [ [ 110.56758175817582, -6.783903390339039 ], [ 110.568706870687066, -6.783228322832285 ], [ 110.568031803180318, -6.784128412841275 ], [ 110.56758175817582, -6.783903390339039 ] ], [ [ 110.581083108310835, -6.782853285328537 ], [ 110.581158115811576, -6.782778277827776 ], [ 110.581158115811576, -6.782853285328536 ], [ 110.581083108310835, -6.782853285328537 ] ], [ [ 110.581008100810081, -6.78292829282929 ], [ 110.581083108310835, -6.782853285328537 ], [ 110.581083108310835, -6.782928292829289 ], [ 110.581008100810081, -6.78292829282929 ] ], [ [ 110.571707170717076, -6.783003300330037 ], [ 110.571782178217816, -6.782928292829287 ], [ 110.571782178217816, -6.78300330033004 ], [ 110.571707170717076, -6.783003300330037 ] ], [ [ 110.580933093309326, -6.783003300330027 ], [ 110.581008100810081, -6.78292829282929 ], [ 110.581008100810081, -6.783003300330037 ], [ 110.580933093309326, -6.783003300330027 ] ], [ [ 110.580858085808586, -6.783078307830774 ], [ 110.580933093309326, -6.783003300330027 ], [ 110.580933093309326, -6.783078307830784 ], [ 110.580858085808586, -6.783078307830774 ] ], [ [ 110.580783078307832, -6.783153315331535 ], [ 110.580858085808586, -6.783078307830774 ], [ 110.580858085808586, -6.783153315331526 ], [ 110.580783078307832, -6.783153315331535 ] ], [ [ 110.572382238223824, -6.783378337833781 ], [ 110.572457245724578, -6.78330333033304 ], [ 110.572457245724578, -6.783378337833777 ], [ 110.572382238223824, -6.783378337833781 ] ], [ [ 110.567506750675065, -6.783753375337534 ], [ 110.56758175817582, -6.783528352835274 ], [ 110.56758175817582, -6.783753375337528 ], [ 110.567506750675065, -6.783753375337534 ] ], [ [ 110.570507050705075, -6.783603360336027 ], [ 110.570582058205815, -6.783528352835281 ], [ 110.570582058205815, -6.78360336033603 ], [ 110.570507050705075, -6.783603360336027 ] ], [ [ 110.567431743174311, -6.783828382838284 ], [ 110.567506750675065, -6.783753375337534 ], [ 110.567506750675065, -6.783828382838285 ], [ 110.567431743174311, -6.783828382838284 ] ], [ [ 110.567356735673584, -6.783978397839782 ], [ 110.567431743174311, -6.783903390339041 ], [ 110.567431743174311, -6.783978397839787 ], [ 110.567356735673584, -6.783978397839782 ] ], [ [ 110.567281728172816, -6.784128412841275 ], [ 110.567356735673584, -6.78405340534053 ], [ 110.567356735673584, -6.784128412841286 ], [ 110.567281728172816, -6.784128412841275 ] ], [ [ 110.567206720672061, -6.784278427842785 ], [ 110.567281728172816, -6.784203420342036 ], [ 110.567281728172816, -6.784278427842786 ], [ 110.567206720672061, -6.784278427842785 ] ], [ [ 110.566531653165313, -6.785028502850289 ], [ 110.566906690669072, -6.784878487848777 ], [ 110.566906690669072, -6.785028502850285 ], [ 110.566531653165313, -6.785028502850289 ] ], [ [ 110.567506750675065, -6.785028502850293 ], [ 110.567731773177314, -6.785178517851778 ], [ 110.567506750675065, -6.785328532853291 ], [ 110.567506750675065, -6.785028502850293 ] ], [ [ 110.57373237323732, -6.784953495349538 ], [ 110.573882388238829, -6.78487848784878 ], [ 110.573882388238829, -6.784953495349526 ], [ 110.57373237323732, -6.784953495349538 ] ], [ [ 110.583258325832588, -6.784953495349528 ], [ 110.583333333333329, -6.784878487848783 ], [ 110.583333333333329, -6.784953495349533 ], [ 110.583258325832588, -6.784953495349528 ] ], [ [ 110.572832283228323, -6.785028502850289 ], [ 110.572907290729077, -6.784953495349541 ], [ 110.572907290729077, -6.785028502850293 ], [ 110.572832283228323, -6.785028502850289 ] ], [ [ 110.574257425742573, -6.785028502850285 ], [ 110.574332433243328, -6.784953495349527 ], [ 110.574332433243328, -6.785028502850285 ], [ 110.574257425742573, -6.785028502850285 ] ], [ [ 110.569906990699067, -6.785103510351031 ], [ 110.569981998199836, -6.785028502850284 ], [ 110.569981998199836, -6.785103510351029 ], [ 110.569906990699067, -6.785103510351031 ] ], [ [ 110.573207320732067, -6.78532853285329 ], [ 110.573282328232835, -6.785253525352534 ], [ 110.573282328232835, -6.785328532853281 ], [ 110.573207320732067, -6.78532853285329 ] ], [ [ 110.574707470747072, -6.785403540354035 ], [ 110.574782478247826, -6.78532853285329 ], [ 110.574782478247826, -6.785403540354028 ], [ 110.574707470747072, -6.785403540354035 ] ], [ [ 110.574857485748581, -6.785553555355538 ], [ 110.574932493249335, -6.78540354035403 ], [ 110.575007500750075, -6.785553555355531 ], [ 110.574857485748581, -6.785553555355538 ] ], [ [ 110.566456645664573, -6.78577857785778 ], [ 110.566681668166822, -6.785628562856283 ], [ 110.566606660666068, -6.785928592859278 ], [ 110.566456645664573, -6.78577857785778 ] ], [ [ 110.574632463246346, -6.785703570357033 ], [ 110.574707470747072, -6.785628562856283 ], [ 110.574707470747072, -6.78570357035704 ], [ 110.574632463246346, -6.785703570357033 ] ], [ [ 110.575232523252325, -6.785853585358543 ], [ 110.575307530753079, -6.785778577857781 ], [ 110.575307530753079, -6.785853585358538 ], [ 110.575232523252325, -6.785853585358543 ] ], [ [ 110.566381638163818, -6.785928592859278 ], [ 110.566456645664573, -6.785853585358529 ], [ 110.566456645664573, -6.785928592859285 ], [ 110.566381638163818, -6.785928592859278 ] ], [ [ 110.57538253825382, -6.785928592859279 ], [ 110.575457545754574, -6.785853585358542 ], [ 110.575457545754574, -6.785928592859283 ], [ 110.57538253825382, -6.785928592859279 ] ], [ [ 110.566306630663064, -6.78607860786078 ], [ 110.566381638163818, -6.786003600360036 ], [ 110.566381638163818, -6.786078607860785 ], [ 110.566306630663064, -6.78607860786078 ] ], [ [ 110.566456645664573, -6.786153615361536 ], [ 110.566531653165313, -6.786003600360032 ], [ 110.566531653165313, -6.786153615361544 ], [ 110.566456645664573, -6.786153615361536 ] ], [ [ 110.575832583258332, -6.786153615361536 ], [ 110.575982598259827, -6.786078607860793 ], [ 110.575982598259827, -6.786153615361542 ], [ 110.575832583258332, -6.786153615361536 ] ], [ [ 110.566231623162309, -6.786228622862287 ], [ 110.566306630663064, -6.78615361536153 ], [ 110.566306630663064, -6.786228622862287 ], [ 110.566231623162309, -6.786228622862287 ] ], [ [ 110.566381638163818, -6.786303630363046 ], [ 110.566456645664573, -6.786153615361536 ], [ 110.566456645664573, -6.786303630363031 ], [ 110.566381638163818, -6.786303630363046 ] ], [ [ 110.566306630663064, -6.78645364536454 ], [ 110.566381638163818, -6.786303630363046 ], [ 110.566381638163818, -6.78645364536454 ], [ 110.566306630663064, -6.78645364536454 ] ], [ [ 110.570657065706584, -6.786378637863786 ], [ 110.570732073207324, -6.78630363036303 ], [ 110.570732073207324, -6.786378637863784 ], [ 110.570657065706584, -6.786378637863786 ] ], [ [ 110.571182118211823, -6.786453645364543 ], [ 110.571257125712577, -6.786303630363039 ], [ 110.571257125712577, -6.786453645364531 ], [ 110.571182118211823, -6.786453645364543 ] ], [ [ 110.583183318331834, -6.78750375037503 ], [ 110.584383438343835, -6.786528652865282 ], [ 110.583933393339336, -6.787878787878793 ], [ 110.583183318331834, -6.78750375037503 ] ], [ [ 110.576207620762077, -6.786528652865292 ], [ 110.576282628262845, -6.786453645364536 ], [ 110.576282628262845, -6.786528652865293 ], [ 110.576207620762077, -6.786528652865292 ] ], [ [ 110.570507050705075, -6.786678667866785 ], [ 110.570582058205815, -6.786603660366032 ], [ 110.570582058205815, -6.786678667866783 ], [ 110.570507050705075, -6.786678667866785 ] ], [ [ 110.57043204320432, -6.786828682868283 ], [ 110.570507050705075, -6.786678667866785 ], [ 110.570507050705075, -6.78682868286828 ], [ 110.57043204320432, -6.786828682868283 ] ], [ [ 110.576132613261322, -6.78675367536754 ], [ 110.576207620762077, -6.786678667866785 ], [ 110.576207620762077, -6.78675367536754 ], [ 110.576132613261322, -6.78675367536754 ] ], [ [ 110.569906990699067, -6.78682868286828 ], [ 110.570282028202826, -6.788478847884785 ], [ 110.575532553255329, -6.78997899789979 ], [ 110.576357635763571, -6.792229222922296 ], [ 110.579207920792086, -6.792679267926791 ], [ 110.576582658265835, -6.792904290429037 ], [ 110.57538253825382, -6.790729072907294 ], [ 110.569306930693074, -6.788778877887791 ], [ 110.569906990699067, -6.78682868286828 ] ], [ [ 110.574857485748581, -6.788328832883293 ], [ 110.576207620762077, -6.787728772877288 ], [ 110.574932493249335, -6.789153915391533 ], [ 110.574857485748581, -6.788328832883293 ] ], [ [ 110.57680768076807, -6.787278727872794 ], [ 110.576882688268824, -6.787203720372033 ], [ 110.576882688268824, -6.787278727872784 ], [ 110.57680768076807, -6.787278727872794 ] ], [ [ 110.576882688268824, -6.787353735373541 ], [ 110.576957695769579, -6.787278727872782 ], [ 110.576957695769579, -6.787353735373542 ], [ 110.576882688268824, -6.787353735373541 ] ], [ [ 110.57673267326733, -6.787503750375033 ], [ 110.576882688268824, -6.787428742874284 ], [ 110.576882688268824, -6.787503750375037 ], [ 110.57673267326733, -6.787503750375033 ] ], [ [ 110.577107710771074, -6.787503750375039 ], [ 110.577182718271828, -6.787428742874289 ], [ 110.577182718271828, -6.78750375037503 ], [ 110.577107710771074, -6.787503750375039 ] ], [ [ 110.576957695769579, -6.787653765376547 ], [ 110.577107710771074, -6.787578757875784 ], [ 110.577107710771074, -6.787728772877289 ], [ 110.576957695769579, -6.787653765376547 ] ], [ [ 110.577332733273323, -6.787728772877284 ], [ 110.577407740774078, -6.787653765376539 ], [ 110.577407740774078, -6.787728772877285 ], [ 110.577332733273323, -6.787728772877284 ] ], [ [ 110.577107710771074, -6.787803780378036 ], [ 110.577182718271828, -6.787728772877286 ], [ 110.577182718271828, -6.787803780378034 ], [ 110.577107710771074, -6.787803780378036 ] ], [ [ 110.577182718271828, -6.787878787878786 ], [ 110.577257725772597, -6.78780378037804 ], [ 110.577257725772597, -6.787878787878793 ], [ 110.577182718271828, -6.787878787878786 ] ], [ [ 110.577707770777081, -6.788028802880287 ], [ 110.577932793279345, -6.787953795379544 ], [ 110.577932793279345, -6.788028802880283 ], [ 110.577707770777081, -6.788028802880287 ] ], [ [ 110.578532853285324, -6.788028802880281 ], [ 110.578607860786079, -6.787953795379535 ], [ 110.578607860786079, -6.788028802880286 ], [ 110.578532853285324, -6.788028802880281 ] ], [ [ 110.567431743174311, -6.78810381038104 ], [ 110.567506750675065, -6.788028802880282 ], [ 110.567506750675065, -6.788103810381043 ], [ 110.567431743174311, -6.78810381038104 ] ], [ [ 110.578682868286833, -6.788103810381038 ], [ 110.578757875787574, -6.788028802880283 ], [ 110.578757875787574, -6.788103810381038 ], [ 110.578682868286833, -6.788103810381038 ] ], [ [ 110.567356735673584, -6.788178817881793 ], [ 110.567431743174311, -6.78810381038104 ], [ 110.567431743174311, -6.788178817881792 ], [ 110.567356735673584, -6.788178817881793 ] ], [ [ 110.578082808280826, -6.788253825382533 ], [ 110.578232823282335, -6.788178817881785 ], [ 110.578232823282335, -6.78825382538254 ], [ 110.578082808280826, -6.788253825382533 ] ], [ [ 110.577857785778576, -6.788328832883295 ], [ 110.577932793279345, -6.788253825382532 ], [ 110.577932793279345, -6.788328832883295 ], [ 110.577857785778576, -6.788328832883295 ] ], [ [ 110.578307830783075, -6.78840384038403 ], [ 110.578382838283829, -6.788253825382538 ], [ 110.578382838283829, -6.788403840384031 ], [ 110.578307830783075, -6.78840384038403 ] ], [ [ 110.578607860786079, -6.788478847884786 ], [ 110.578682868286833, -6.788403840384041 ], [ 110.578682868286833, -6.788478847884793 ], [ 110.578607860786079, -6.788478847884786 ] ], [ [ 110.578307830783075, -6.788553855385547 ], [ 110.578382838283829, -6.788478847884786 ], [ 110.578382838283829, -6.788553855385546 ], [ 110.578307830783075, -6.788553855385547 ] ], [ [ 110.571857185718571, -6.788778877887796 ], [ 110.571932193219325, -6.788628862886296 ], [ 110.571932193219325, -6.788778877887783 ], [ 110.571857185718571, -6.788778877887796 ] ], [ [ 110.570057005700576, -6.789978997899797 ], [ 110.57515751575157, -6.790804080408039 ], [ 110.575907590759073, -6.7926792679268 ], [ 110.570057005700576, -6.789978997899797 ] ], [ [ 110.565256525652572, -6.789453945394546 ], [ 110.565331533153312, -6.789378937893783 ], [ 110.565331533153312, -6.789453945394536 ], [ 110.565256525652572, -6.789453945394546 ] ], [ [ 110.569456945694569, -6.789828982898282 ], [ 110.569756975697572, -6.789828982898291 ], [ 110.569456945694569, -6.789903990399043 ], [ 110.569456945694569, -6.789828982898282 ] ], [ [ 110.565181518151817, -6.789828982898294 ], [ 110.565256525652572, -6.789678967896791 ], [ 110.565256525652572, -6.789828982898288 ], [ 110.565181518151817, -6.789828982898294 ] ], [ [ 110.565106510651063, -6.789978997899788 ], [ 110.565181518151817, -6.789903990399039 ], [ 110.565181518151817, -6.789978997899789 ], [ 110.565106510651063, -6.789978997899788 ] ], [ [ 110.565181518151817, -6.79140414041404 ], [ 110.565256525652572, -6.791329132913285 ], [ 110.565256525652572, -6.791404140414047 ], [ 110.565181518151817, -6.79140414041404 ] ], [ [ 110.564731473147319, -6.791554155415534 ], [ 110.564806480648059, -6.79147914791479 ], [ 110.564806480648059, -6.791554155415534 ], [ 110.564731473147319, -6.791554155415534 ] ], [ [ 110.563831383138307, -6.792229222922285 ], [ 110.563906390639062, -6.792154215421539 ], [ 110.563906390639062, -6.792229222922291 ], [ 110.563831383138307, -6.792229222922285 ] ], [ [ 110.569831983198327, -6.793204320432048 ], [ 110.569906990699067, -6.793129312931297 ], [ 110.569906990699067, -6.793204320432036 ], [ 110.569831983198327, -6.793204320432048 ] ], [ [ 110.578307830783075, -6.793279327932786 ], [ 110.578757875787574, -6.793204320432047 ], [ 110.578757875787574, -6.793279327932799 ], [ 110.578307830783075, -6.793279327932786 ] ], [ [ 110.578907890789097, -6.79327932793279 ], [ 110.578982898289823, -6.793204320432041 ], [ 110.578982898289823, -6.793279327932792 ], [ 110.578907890789097, -6.79327932793279 ] ], [ [ 110.577857785778576, -6.793354335433549 ], [ 110.578007800780071, -6.793279327932801 ], [ 110.578007800780071, -6.793354335433548 ], [ 110.577857785778576, -6.793354335433549 ] ], [ [ 110.573207320732067, -6.793354335433547 ], [ 110.574932493249335, -6.793654365436534 ], [ 110.574182418241818, -6.795679567956789 ], [ 110.572157215721575, -6.795004500450039 ], [ 110.573207320732067, -6.793354335433547 ] ], [ [ 110.577182718271828, -6.7934293429343 ], [ 110.577332733273323, -6.793354335433535 ], [ 110.577332733273323, -6.7934293429343 ], [ 110.577182718271828, -6.7934293429343 ] ], [ [ 110.579282928292827, -6.7934293429343 ], [ 110.579357935793581, -6.793354335433547 ], [ 110.579357935793581, -6.793429342934299 ], [ 110.579282928292827, -6.7934293429343 ] ], [ [ 110.579507950795076, -6.793504350435043 ], [ 110.579657965796585, -6.79342934293429 ], [ 110.579657965796585, -6.793504350435037 ], [ 110.579507950795076, -6.793504350435043 ] ], [ [ 110.579657965796585, -6.793579357935788 ], [ 110.57980798079808, -6.793504350435034 ], [ 110.57980798079808, -6.793579357935798 ], [ 110.579657965796585, -6.793579357935788 ] ], [ [ 110.579957995799575, -6.793654365436542 ], [ 110.580033003300329, -6.793579357935799 ], [ 110.580033003300329, -6.79365436543654 ], [ 110.579957995799575, -6.793654365436542 ] ], [ [ 110.580183018301824, -6.793729372937288 ], [ 110.580333033303333, -6.793654365436542 ], [ 110.580333033303333, -6.793729372937292 ], [ 110.580183018301824, -6.793729372937288 ] ], [ [ 110.580333033303333, -6.793804380438048 ], [ 110.580408040804087, -6.793729372937288 ], [ 110.580408040804087, -6.79380438043804 ], [ 110.580333033303333, -6.793804380438048 ] ], [ [ 110.581308130813085, -6.793879387938802 ], [ 110.581383138313825, -6.793804380438051 ], [ 110.581383138313825, -6.793879387938797 ], [ 110.581308130813085, -6.793879387938802 ] ], [ [ 110.580558055805596, -6.793954395439539 ], [ 110.580633063306337, -6.793879387938795 ], [ 110.580633063306337, -6.793954395439546 ], [ 110.580558055805596, -6.793954395439539 ] ], [ [ 110.580633063306337, -6.794029402940302 ], [ 110.580708070807077, -6.79395439543955 ], [ 110.580708070807077, -6.794029402940285 ], [ 110.580633063306337, -6.794029402940302 ] ], [ [ 110.580708070807077, -6.794104410441041 ], [ 110.580858085808586, -6.79402940294029 ], [ 110.580858085808586, -6.794104410441039 ], [ 110.580708070807077, -6.794104410441041 ] ], [ [ 110.58145814581458, -6.794104410441041 ], [ 110.581608160816089, -6.794029402940301 ], [ 110.581608160816089, -6.794104410441044 ], [ 110.58145814581458, -6.794104410441041 ] ], [ [ 110.580858085808586, -6.794179417941791 ], [ 110.580933093309326, -6.79410441044104 ], [ 110.580933093309326, -6.794179417941788 ], [ 110.580858085808586, -6.794179417941791 ] ], [ [ 110.564506450645069, -6.794254425442546 ], [ 110.564656465646564, -6.794329432943287 ], [ 110.564506450645069, -6.794329432943286 ], [ 110.564506450645069, -6.794254425442546 ] ], [ [ 110.581008100810081, -6.794254425442547 ], [ 110.581083108310835, -6.794179417941787 ], [ 110.581083108310835, -6.794254425442547 ], [ 110.581008100810081, -6.794254425442547 ] ], [ [ 110.581083108310835, -6.794329432943297 ], [ 110.581158115811576, -6.794254425442543 ], [ 110.581158115811576, -6.794329432943288 ], [ 110.581083108310835, -6.794329432943297 ] ], [ [ 110.571707170717076, -6.794404440444036 ], [ 110.571782178217816, -6.79432943294329 ], [ 110.571782178217816, -6.794404440444048 ], [ 110.571707170717076, -6.794404440444036 ] ], [ [ 110.571632163216336, -6.794479447944797 ], [ 110.571707170717076, -6.794404440444036 ], [ 110.571707170717076, -6.794479447944787 ], [ 110.571632163216336, -6.794479447944797 ] ], [ [ 110.581908190819078, -6.794479447944789 ], [ 110.581983198319833, -6.794404440444048 ], [ 110.581983198319833, -6.794479447944788 ], [ 110.581908190819078, -6.794479447944789 ] ], [ [ 110.571482148214827, -6.794554455445539 ], [ 110.571632163216336, -6.794479447944797 ], [ 110.571632163216336, -6.794629462946294 ], [ 110.571482148214827, -6.794554455445539 ] ], [ [ 110.581983198319833, -6.794554455445551 ], [ 110.582058205820587, -6.7944794479448 ], [ 110.582058205820587, -6.79455445544554 ], [ 110.581983198319833, -6.794554455445551 ] ], [ [ 110.583258325832588, -6.794629462946299 ], [ 110.583333333333329, -6.794479447944794 ], [ 110.583333333333329, -6.7946294629463 ], [ 110.583258325832588, -6.794629462946299 ] ], [ [ 110.582058205820587, -6.7946294629463 ], [ 110.582133213321328, -6.794554455445539 ], [ 110.582133213321328, -6.794629462946293 ], [ 110.582058205820587, -6.7946294629463 ] ], [ [ 110.582133213321328, -6.794704470447036 ], [ 110.582208220822096, -6.7946294629463 ], [ 110.582208220822096, -6.794704470447052 ], [ 110.582133213321328, -6.794704470447036 ] ], [ [ 110.567731773177314, -6.794854485448536 ], [ 110.567806780678069, -6.794704470447043 ], [ 110.567806780678069, -6.794854485448548 ], [ 110.567731773177314, -6.794854485448536 ] ], [ [ 110.581533153315334, -6.794779477947793 ], [ 110.581608160816089, -6.794704470447048 ], [ 110.581608160816089, -6.79477947794779 ], [ 110.581533153315334, -6.794779477947793 ] ], [ [ 110.582208220822096, -6.794779477947793 ], [ 110.582283228322837, -6.794704470447045 ], [ 110.582283228322837, -6.794779477947797 ], [ 110.582208220822096, -6.794779477947793 ] ], [ [ 110.581608160816089, -6.794854485448539 ], [ 110.581683168316829, -6.7947794779478 ], [ 110.581683168316829, -6.794854485448544 ], [ 110.581608160816089, -6.794854485448539 ] ], [ [ 110.582283228322837, -6.794854485448537 ], [ 110.582358235823577, -6.794779477947795 ], [ 110.582358235823577, -6.794854485448545 ], [ 110.582283228322837, -6.794854485448537 ] ], [ [ 110.581683168316829, -6.794929492949291 ], [ 110.581758175817583, -6.794854485448541 ], [ 110.581758175817583, -6.794929492949299 ], [ 110.581683168316829, -6.794929492949291 ] ], [ [ 110.581758175817583, -6.795004500450046 ], [ 110.581833183318338, -6.794929492949304 ], [ 110.581833183318338, -6.795004500450045 ], [ 110.581758175817583, -6.795004500450046 ] ], [ [ 110.582433243324331, -6.795004500450049 ], [ 110.582508250825086, -6.794929492949286 ], [ 110.582508250825086, -6.795004500450048 ], [ 110.582433243324331, -6.795004500450049 ] ], [ [ 110.581833183318338, -6.795004500450045 ], [ 110.582733273327335, -6.795904590459045 ], [ 110.58145814581458, -6.797554755475555 ], [ 110.581308130813085, -6.797104710471047 ], [ 110.581833183318338, -6.795004500450045 ] ], [ [ 110.571632163216336, -6.795229522952289 ], [ 110.571707170717076, -6.795079507950799 ], [ 110.571707170717076, -6.795229522952304 ], [ 110.571632163216336, -6.795229522952289 ] ], [ [ 110.582658265826581, -6.795154515451544 ], [ 110.582733273327335, -6.795079507950796 ], [ 110.582733273327335, -6.795154515451545 ], [ 110.582658265826581, -6.795154515451544 ] ], [ [ 110.582733273327335, -6.795229522952304 ], [ 110.58280828082809, -6.795154515451542 ], [ 110.58280828082809, -6.795229522952291 ], [ 110.582733273327335, -6.795229522952304 ] ], [ [ 110.571557155715567, -6.795304530453042 ], [ 110.571632163216336, -6.795229522952289 ], [ 110.571632163216336, -6.79530453045304 ], [ 110.571557155715567, -6.795304530453042 ] ], [ [ 110.572907290729077, -6.795754575457539 ], [ 110.572982298229817, -6.795679567956794 ], [ 110.572982298229817, -6.79575457545755 ], [ 110.572907290729077, -6.795754575457539 ] ], [ [ 110.575532553255329, -6.795679567956799 ], [ 110.577182718271828, -6.796429642964297 ], [ 110.576957695769579, -6.79740474047405 ], [ 110.57515751575157, -6.796804680468052 ], [ 110.575532553255329, -6.795679567956799 ] ], [ [ 110.572832283228323, -6.795829582958297 ], [ 110.572907290729077, -6.795754575457539 ], [ 110.572907290729077, -6.795829582958289 ], [ 110.572832283228323, -6.795829582958297 ] ], [ [ 110.571257125712577, -6.795904590459052 ], [ 110.571332133213318, -6.795829582958297 ], [ 110.571332133213318, -6.795904590459047 ], [ 110.571257125712577, -6.795904590459052 ] ], [ [ 110.571182118211823, -6.795979597959802 ], [ 110.571257125712577, -6.795904590459052 ], [ 110.571257125712577, -6.795979597959798 ], [ 110.571182118211823, -6.795979597959802 ] ], [ [ 110.58280828082809, -6.795979597959799 ], [ 110.58288328832883, -6.795904590459043 ], [ 110.58288328832883, -6.795979597959801 ], [ 110.58280828082809, -6.795979597959799 ] ], [ [ 110.571107110711068, -6.796129612961293 ], [ 110.571182118211823, -6.795979597959802 ], [ 110.571182118211823, -6.796129612961301 ], [ 110.571107110711068, -6.796129612961293 ] ], [ [ 110.58288328832883, -6.796054605460552 ], [ 110.582958295829584, -6.795979597959797 ], [ 110.582958295829584, -6.796054605460538 ], [ 110.58288328832883, -6.796054605460552 ] ], [ [ 110.570357035703566, -6.797104710471039 ], [ 110.571182118211823, -6.796504650465051 ], [ 110.572382238223824, -6.796579657965803 ], [ 110.572457245724578, -6.797179717971801 ], [ 110.571857185718571, -6.797329732973298 ], [ 110.571182118211823, -6.797104710471046 ], [ 110.570357035703566, -6.797104710471039 ] ], [ [ 110.583108310831079, -6.79620462046204 ], [ 110.583183318331834, -6.796129612961298 ], [ 110.583183318331834, -6.796204620462039 ], [ 110.583108310831079, -6.79620462046204 ] ], [ [ 110.573132313231326, -6.796429642964295 ], [ 110.573207320732067, -6.796354635463548 ], [ 110.573207320732067, -6.796429642964291 ], [ 110.573132313231326, -6.796429642964295 ] ], [ [ 110.573057305730572, -6.79650465046504 ], [ 110.573132313231326, -6.796429642964295 ], [ 110.573132313231326, -6.796504650465053 ], [ 110.573057305730572, -6.79650465046504 ] ], [ [ 110.579582958295845, -6.796429642964304 ], [ 110.580783078307832, -6.798004800480045 ], [ 110.580258025802578, -6.799504950495041 ], [ 110.577707770777081, -6.798379837983793 ], [ 110.579582958295845, -6.796429642964304 ] ], [ [ 110.572982298229817, -6.796729672967295 ], [ 110.573057305730572, -6.796579657965796 ], [ 110.573057305730572, -6.796729672967305 ], [ 110.572982298229817, -6.796729672967295 ] ], [ [ 110.577107710771074, -6.797104710471044 ], [ 110.577182718271828, -6.796954695469551 ], [ 110.577182718271828, -6.797104710471046 ], [ 110.577107710771074, -6.797104710471044 ] ], [ [ 110.580258025802578, -6.797029702970289 ], [ 110.580333033303333, -6.79695469546954 ], [ 110.580333033303333, -6.797029702970292 ], [ 110.580258025802578, -6.797029702970289 ] ], [ [ 110.572607260726073, -6.79717971797179 ], [ 110.572682268226828, -6.797029702970292 ], [ 110.572682268226828, -6.797179717971797 ], [ 110.572607260726073, -6.79717971797179 ] ], [ [ 110.570282028202826, -6.797179717971792 ], [ 110.570357035703566, -6.797104710471039 ], [ 110.570357035703566, -6.797179717971794 ], [ 110.570282028202826, -6.797179717971792 ] ], [ [ 110.570357035703566, -6.7973297329733 ], [ 110.57043204320432, -6.797179717971803 ], [ 110.57043204320432, -6.7973297329733 ], [ 110.570357035703566, -6.7973297329733 ] ], [ [ 110.560006000600055, -6.79777977797779 ], [ 110.560681068106817, -6.7976297629763 ], [ 110.560231023102304, -6.798304830483042 ], [ 110.560006000600055, -6.79777977797779 ] ], [ [ 110.570282028202826, -6.797554755475542 ], [ 110.570357035703566, -6.7973297329733 ], [ 110.570357035703566, -6.79755475547554 ], [ 110.570282028202826, -6.797554755475542 ] ], [ [ 110.571107110711068, -6.797479747974798 ], [ 110.571182118211823, -6.797404740474057 ], [ 110.571182118211823, -6.797479747974795 ], [ 110.571107110711068, -6.797479747974798 ] ], [ [ 110.571332133213318, -6.797479747974797 ], [ 110.571482148214827, -6.797404740474042 ], [ 110.571482148214827, -6.797479747974794 ], [ 110.571332133213318, -6.797479747974797 ] ], [ [ 110.570132013201317, -6.797704770477048 ], [ 110.570282028202826, -6.797629762976296 ], [ 110.570282028202826, -6.797929792979293 ], [ 110.570207020702071, -6.797704770477041 ], [ 110.570132013201317, -6.797704770477048 ] ], [ [ 110.570957095709574, -6.797554755475551 ], [ 110.571107110711068, -6.797704770477051 ], [ 110.570957095709574, -6.797704770477039 ], [ 110.570957095709574, -6.797554755475551 ] ], [ [ 110.574482448244822, -6.797554755475554 ], [ 110.574557455745577, -6.7974797479748 ], [ 110.574557455745577, -6.797554755475549 ], [ 110.574482448244822, -6.797554755475554 ] ], [ [ 110.569906990699067, -6.79770477047704 ], [ 110.569981998199836, -6.797554755475552 ], [ 110.569981998199836, -6.797704770477047 ], [ 110.569906990699067, -6.79770477047704 ] ], [ [ 110.574557455745577, -6.797629762976302 ], [ 110.574707470747072, -6.797554755475543 ], [ 110.574707470747072, -6.797629762976291 ], [ 110.574557455745577, -6.797629762976302 ] ], [ [ 110.582433243324331, -6.7977797779778 ], [ 110.582658265826581, -6.797554755475553 ], [ 110.582583258325826, -6.797779777977794 ], [ 110.582433243324331, -6.7977797779778 ] ], [ [ 110.571557155715567, -6.797704770477048 ], [ 110.571707170717076, -6.797629762976301 ], [ 110.571707170717076, -6.797704770477052 ], [ 110.571557155715567, -6.797704770477048 ] ], [ [ 110.570057005700576, -6.797929792979293 ], [ 110.570132013201317, -6.797704770477048 ], [ 110.570132013201317, -6.797929792979303 ], [ 110.570057005700576, -6.797929792979293 ] ], [ [ 110.570882088208819, -6.797854785478547 ], [ 110.570957095709574, -6.797704770477039 ], [ 110.570957095709574, -6.797854785478548 ], [ 110.570882088208819, -6.797854785478547 ] ], [ [ 110.571182118211823, -6.797854785478545 ], [ 110.571257125712577, -6.797704770477055 ], [ 110.571257125712577, -6.79785478547854 ], [ 110.571182118211823, -6.797854785478545 ] ], [ [ 110.57208220822082, -6.797779777977794 ], [ 110.572307230723084, -6.797704770477056 ], [ 110.572307230723084, -6.797779777977791 ], [ 110.57208220822082, -6.797779777977794 ] ], [ [ 110.57373237323732, -6.798754875487551 ], [ 110.574932493249335, -6.798229822982296 ], [ 110.574857485748581, -6.799279927992805 ], [ 110.57373237323732, -6.798754875487551 ] ], [ [ 110.582283228322837, -6.79785478547855 ], [ 110.582358235823577, -6.797779777977794 ], [ 110.582358235823577, -6.79785478547854 ], [ 110.582283228322837, -6.79785478547855 ] ], [ [ 110.572157215721575, -6.797929792979306 ], [ 110.572307230723084, -6.797854785478548 ], [ 110.572307230723084, -6.797929792979293 ], [ 110.572157215721575, -6.797929792979306 ] ], [ [ 110.570957095709574, -6.798004800480046 ], [ 110.571032103210328, -6.797929792979292 ], [ 110.571032103210328, -6.798004800480046 ], [ 110.570957095709574, -6.798004800480046 ] ], [ [ 110.571482148214827, -6.798154815481549 ], [ 110.571482148214827, -6.797929792979299 ], [ 110.571707170717076, -6.798079807980796 ], [ 110.571482148214827, -6.798154815481549 ] ], [ [ 110.56593159315932, -6.798079807980803 ], [ 110.566006600660074, -6.798004800480046 ], [ 110.566006600660074, -6.798079807980799 ], [ 110.56593159315932, -6.798079807980803 ] ], [ [ 110.572307230723084, -6.7980798079808 ], [ 110.572382238223824, -6.798004800480041 ], [ 110.572382238223824, -6.798079807980805 ], [ 110.572307230723084, -6.7980798079808 ] ], [ [ 110.570057005700576, -6.798229822982298 ], [ 110.570507050705075, -6.798079807980795 ], [ 110.570507050705075, -6.798154815481543 ], [ 110.570057005700576, -6.798229822982298 ] ], [ [ 110.570582058205815, -6.798154815481545 ], [ 110.570732073207324, -6.7980798079808 ], [ 110.570732073207324, -6.798154815481553 ], [ 110.570582058205815, -6.798154815481545 ] ], [ [ 110.571782178217816, -6.798154815481545 ], [ 110.572007200720066, -6.798079807980807 ], [ 110.572007200720066, -6.798154815481547 ], [ 110.571782178217816, -6.798154815481545 ] ], [ [ 110.572232223222329, -6.798154815481555 ], [ 110.572307230723084, -6.7980798079808 ], [ 110.572307230723084, -6.798154815481546 ], [ 110.572232223222329, -6.798154815481555 ] ], [ [ 110.570882088208819, -6.798229822982297 ], [ 110.571032103210328, -6.798154815481555 ], [ 110.571032103210328, -6.798229822982293 ], [ 110.570882088208819, -6.798229822982297 ] ], [ [ 110.57208220822082, -6.798229822982292 ], [ 110.572232223222329, -6.798154815481555 ], [ 110.572232223222329, -6.798229822982294 ], [ 110.57208220822082, -6.798229822982292 ] ], [ [ 110.574932493249335, -6.798229822982296 ], [ 110.575007500750075, -6.798154815481551 ], [ 110.575007500750075, -6.798229822982296 ], [ 110.574932493249335, -6.798229822982296 ] ], [ [ 110.571407140714072, -6.79830483048305 ], [ 110.571482148214827, -6.798229822982304 ], [ 110.571482148214827, -6.798304830483048 ], [ 110.571407140714072, -6.79830483048305 ] ], [ [ 110.571857185718571, -6.798379837983805 ], [ 110.571932193219325, -6.798304830483054 ], [ 110.571932193219325, -6.7983798379838 ], [ 110.571857185718571, -6.798379837983805 ] ], [ [ 110.571407140714072, -6.798454845484549 ], [ 110.571482148214827, -6.798379837983796 ], [ 110.571482148214827, -6.79845484548455 ], [ 110.571407140714072, -6.798454845484549 ] ], [ [ 110.569756975697572, -6.798604860486049 ], [ 110.570282028202826, -6.798454845484549 ], [ 110.570207020702071, -6.798679867986806 ], [ 110.569756975697572, -6.798604860486049 ] ], [ [ 110.570357035703566, -6.798529852985299 ], [ 110.570582058205815, -6.798454845484557 ], [ 110.570582058205815, -6.798529852985293 ], [ 110.570357035703566, -6.798529852985299 ] ], [ [ 110.570882088208819, -6.798904890489045 ], [ 110.571707170717076, -6.798904890489052 ], [ 110.571857185718571, -6.799129912991297 ], [ 110.570882088208819, -6.798904890489045 ] ], [ [ 110.581758175817583, -6.798604860486052 ], [ 110.581908190819078, -6.798679867986795 ], [ 110.581758175817583, -6.798679867986792 ], [ 110.581758175817583, -6.798604860486052 ] ], [ [ 110.570507050705075, -6.798829882988296 ], [ 110.570657065706584, -6.798679867986794 ], [ 110.570732073207324, -6.798829882988303 ], [ 110.570507050705075, -6.798829882988296 ] ], [ [ 110.569006900690084, -6.798904890489043 ], [ 110.569081908190824, -6.798829882988298 ], [ 110.569081908190824, -6.79890489048904 ], [ 110.569006900690084, -6.798904890489043 ] ], [ [ 110.568931893189315, -6.7989798979898 ], [ 110.569006900690084, -6.798904890489043 ], [ 110.569006900690084, -6.798979897989792 ], [ 110.568931893189315, -6.7989798979898 ] ], [ [ 110.573507350735071, -6.798979897989804 ], [ 110.57365736573658, -6.798904890489042 ], [ 110.57365736573658, -6.798979897989797 ], [ 110.573507350735071, -6.798979897989804 ] ], [ [ 110.563831383138307, -6.799054905490549 ], [ 110.563906390639062, -6.798979897989796 ], [ 110.563906390639062, -6.799054905490545 ], [ 110.563831383138307, -6.799054905490549 ] ], [ [ 110.569831983198327, -6.799054905490541 ], [ 110.569906990699067, -6.798979897989794 ], [ 110.569906990699067, -6.799054905490552 ], [ 110.569831983198327, -6.799054905490541 ] ], [ [ 110.570732073207324, -6.799054905490551 ], [ 110.570807080708065, -6.798979897989804 ], [ 110.570807080708065, -6.799054905490549 ], [ 110.570732073207324, -6.799054905490551 ] ], [ [ 110.573807380738074, -6.799054905490549 ], [ 110.573882388238829, -6.798979897989804 ], [ 110.573882388238829, -6.799054905490552 ], [ 110.573807380738074, -6.799054905490549 ] ], [ [ 110.573882388238829, -6.799129912991304 ], [ 110.573957395739569, -6.799054905490542 ], [ 110.573957395739569, -6.799129912991302 ], [ 110.573882388238829, -6.799129912991304 ] ], [ [ 110.571857185718571, -6.799204920492039 ], [ 110.572007200720066, -6.799129912991306 ], [ 110.572007200720066, -6.799204920492054 ], [ 110.571857185718571, -6.799204920492039 ] ], [ [ 110.574032403240324, -6.799204920492041 ], [ 110.574107410741078, -6.799129912991295 ], [ 110.574107410741078, -6.799204920492055 ], [ 110.574032403240324, -6.799204920492041 ] ], [ [ 110.575907590759073, -6.799279927992807 ], [ 110.575982598259827, -6.799129912991307 ], [ 110.575982598259827, -6.799279927992798 ], [ 110.575907590759073, -6.799279927992807 ] ], [ [ 110.570807080708065, -6.799279927992796 ], [ 110.570882088208819, -6.799204920492047 ], [ 110.570882088208819, -6.799279927992801 ], [ 110.570807080708065, -6.799279927992796 ] ], [ [ 110.57208220822082, -6.799279927992794 ], [ 110.572607260726073, -6.799204920492044 ], [ 110.572757275727568, -6.799354935493557 ], [ 110.57208220822082, -6.799279927992794 ] ], [ [ 110.574107410741078, -6.799354935493542 ], [ 110.574257425742573, -6.79927992799279 ], [ 110.574332433243328, -6.799429942994293 ], [ 110.574107410741078, -6.799354935493542 ] ], [ [ 110.575607560756069, -6.799279927992794 ], [ 110.575757575757578, -6.799204920492054 ], [ 110.575757575757578, -6.7992799279928 ], [ 110.575607560756069, -6.799279927992794 ] ], [ [ 110.578682868286833, -6.799429942994304 ], [ 110.578832883288328, -6.799279927992796 ], [ 110.578757875787574, -6.799429942994301 ], [ 110.578682868286833, -6.799429942994304 ] ], [ [ 110.562106210621067, -6.799429942994302 ], [ 110.562181218121808, -6.799279927992793 ], [ 110.562181218121808, -6.799429942994295 ], [ 110.562106210621067, -6.799429942994302 ] ], [ [ 110.570732073207324, -6.799429942994304 ], [ 110.570807080708065, -6.799279927992796 ], [ 110.570807080708065, -6.799429942994297 ], [ 110.570732073207324, -6.799429942994304 ] ], [ [ 110.574932493249335, -6.799354935493557 ], [ 110.57508250825083, -6.7992799279928 ], [ 110.57508250825083, -6.799354935493545 ], [ 110.574932493249335, -6.799354935493557 ] ], [ [ 110.575307530753079, -6.799354935493543 ], [ 110.575457545754574, -6.799279927992806 ], [ 110.575457545754574, -6.799354935493541 ], [ 110.575307530753079, -6.799354935493543 ] ], [ [ 110.575757575757578, -6.79935493549355 ], [ 110.575832583258332, -6.799279927992801 ], [ 110.575832583258332, -6.799354935493555 ], [ 110.575757575757578, -6.79935493549355 ] ], [ [ 110.578457845784584, -6.799354935493557 ], [ 110.578532853285324, -6.799279927992806 ], [ 110.578532853285324, -6.799354935493542 ], [ 110.578457845784584, -6.799354935493557 ] ], [ [ 110.572757275727568, -6.799429942994296 ], [ 110.572907290729077, -6.799354935493557 ], [ 110.572907290729077, -6.799504950495043 ], [ 110.572757275727568, -6.799429942994296 ] ], [ [ 110.575532553255329, -6.799504950495057 ], [ 110.575757575757578, -6.799429942994307 ], [ 110.575832583258332, -6.7995799579958 ], [ 110.575532553255329, -6.799504950495057 ] ], [ [ 110.575832583258332, -6.799429942994298 ], [ 110.575907590759073, -6.799354935493548 ], [ 110.575907590759073, -6.799429942994295 ], [ 110.575832583258332, -6.799429942994298 ] ], [ [ 110.572907290729077, -6.799579957995794 ], [ 110.573132313231326, -6.799504950495052 ], [ 110.573132313231326, -6.799579957995793 ], [ 110.572907290729077, -6.799579957995794 ] ], [ [ 110.574482448244822, -6.799579957995792 ], [ 110.574632463246346, -6.799504950495054 ], [ 110.574632463246346, -6.799579957995799 ], [ 110.574482448244822, -6.799579957995792 ] ], [ [ 110.572607260726073, -6.799654965496557 ], [ 110.572682268226828, -6.799579957995796 ], [ 110.572682268226828, -6.799654965496543 ], [ 110.572607260726073, -6.799654965496557 ] ], [ [ 110.575007500750075, -6.799654965496546 ], [ 110.57508250825083, -6.799579957995797 ], [ 110.57508250825083, -6.799654965496546 ], [ 110.575007500750075, -6.799654965496546 ] ], [ [ 110.575832583258332, -6.799654965496542 ], [ 110.575907590759073, -6.799579957995803 ], [ 110.575907590759073, -6.799654965496549 ], [ 110.575832583258332, -6.799654965496542 ] ], [ [ 110.576282628262845, -6.799654965496551 ], [ 110.576357635763571, -6.799579957995797 ], [ 110.576357635763571, -6.799654965496545 ], [ 110.576282628262845, -6.799654965496551 ] ], [ [ 110.57508250825083, -6.799729972997301 ], [ 110.57515751575157, -6.799654965496551 ], [ 110.57515751575157, -6.799729972997293 ], [ 110.57508250825083, -6.799729972997301 ] ], [ [ 110.575907590759073, -6.799729972997301 ], [ 110.575982598259827, -6.799654965496543 ], [ 110.575982598259827, -6.799729972997298 ], [ 110.575907590759073, -6.799729972997301 ] ], [ [ 110.572982298229817, -6.799804980498044 ], [ 110.573057305730572, -6.799729972997296 ], [ 110.573057305730572, -6.799804980498046 ], [ 110.572982298229817, -6.799804980498044 ] ], [ [ 110.575532553255329, -6.799804980498058 ], [ 110.575682568256823, -6.799729972997298 ], [ 110.575682568256823, -6.799804980498044 ], [ 110.575532553255329, -6.799804980498058 ] ], [ [ 110.576057605760582, -6.799879987998795 ], [ 110.576132613261322, -6.799729972997301 ], [ 110.576207620762077, -6.799879987998802 ], [ 110.576057605760582, -6.799879987998795 ] ], [ [ 110.572832283228323, -6.799879987998795 ], [ 110.572907290729077, -6.799804980498046 ], [ 110.572907290729077, -6.799879987998799 ], [ 110.572832283228323, -6.799879987998795 ] ], [ [ 110.573132313231326, -6.799879987998798 ], [ 110.573282328232835, -6.799804980498056 ], [ 110.573282328232835, -6.799879987998803 ], [ 110.573132313231326, -6.799879987998798 ] ], [ [ 110.57538253825382, -6.799879987998802 ], [ 110.575532553255329, -6.799804980498058 ], [ 110.575532553255329, -6.799879987998799 ], [ 110.57538253825382, -6.799879987998802 ] ], [ [ 110.566606660666068, -6.799954995499557 ], [ 110.566681668166822, -6.799879987998807 ], [ 110.566681668166822, -6.799954995499549 ], [ 110.566606660666068, -6.799954995499557 ] ], [ [ 110.572757275727568, -6.800030003000301 ], [ 110.572832283228323, -6.799879987998795 ], [ 110.572832283228323, -6.800030003000304 ], [ 110.572757275727568, -6.800030003000301 ] ], [ [ 110.575532553255329, -6.799954995499546 ], [ 110.575607560756069, -6.799879987998803 ], [ 110.575607560756069, -6.799954995499554 ], [ 110.575532553255329, -6.799954995499546 ] ], [ [ 110.576207620762077, -6.800030003000299 ], [ 110.576282628262845, -6.799879987998803 ], [ 110.576282628262845, -6.800030003000304 ], [ 110.576207620762077, -6.800030003000299 ] ], [ [ 110.566681668166822, -6.800030003000298 ], [ 110.566756675667563, -6.799954995499543 ], [ 110.566756675667563, -6.800030003000296 ], [ 110.566681668166822, -6.800030003000298 ] ], [ [ 110.567206720672061, -6.800180018001805 ], [ 110.567281728172816, -6.800105010501049 ], [ 110.567281728172816, -6.800180018001806 ], [ 110.567206720672061, -6.800180018001805 ] ], [ [ 110.575832583258332, -6.800180018001803 ], [ 110.575982598259827, -6.800105010501047 ], [ 110.575982598259827, -6.800255025502558 ], [ 110.575832583258332, -6.800180018001803 ] ], [ [ 110.566681668166822, -6.800255025502544 ], [ 110.566756675667563, -6.800180018001796 ], [ 110.566756675667563, -6.800255025502545 ], [ 110.566681668166822, -6.800255025502544 ] ], [ [ 110.565031503150323, -6.800330033003294 ], [ 110.565106510651063, -6.800255025502548 ], [ 110.565106510651063, -6.800330033003297 ], [ 110.565031503150323, -6.800330033003294 ] ], [ [ 110.566831683168317, -6.800330033003293 ], [ 110.566906690669072, -6.800255025502559 ], [ 110.566906690669072, -6.800330033003301 ], [ 110.566831683168317, -6.800330033003293 ] ], [ [ 110.568106810681073, -6.800330033003298 ], [ 110.568181818181813, -6.800255025502545 ], [ 110.568181818181813, -6.800330033003299 ], [ 110.568106810681073, -6.800330033003298 ] ], [ [ 110.568556855685571, -6.800405040504046 ], [ 110.568706870687066, -6.800330033003307 ], [ 110.568706870687066, -6.800405040504045 ], [ 110.568556855685571, -6.800405040504046 ] ], [ [ 110.564956495649568, -6.800555055505558 ], [ 110.565031503150323, -6.800480048004796 ], [ 110.565031503150323, -6.800555055505554 ], [ 110.564956495649568, -6.800555055505558 ] ], [ [ 110.56428142814282, -6.800705070507051 ], [ 110.564356435643575, -6.800555055505556 ], [ 110.564356435643575, -6.800705070507058 ], [ 110.56428142814282, -6.800705070507051 ] ], [ [ 110.568106810681073, -6.800630063006306 ], [ 110.568181818181813, -6.800555055505545 ], [ 110.568181818181813, -6.800630063006305 ], [ 110.568106810681073, -6.800630063006306 ] ], [ [ 110.564881488148814, -6.800705070507043 ], [ 110.564956495649568, -6.800630063006301 ], [ 110.564956495649568, -6.800705070507047 ], [ 110.564881488148814, -6.800705070507043 ] ], [ [ 110.567356735673584, -6.800705070507043 ], [ 110.567431743174311, -6.800630063006296 ], [ 110.567431743174311, -6.800705070507057 ], [ 110.567356735673584, -6.800705070507043 ] ], [ [ 110.567881788178823, -6.80070507050705 ], [ 110.567956795679564, -6.800630063006294 ], [ 110.567956795679564, -6.800705070507043 ], [ 110.567881788178823, -6.80070507050705 ] ], [ [ 110.564506450645069, -6.800855085508556 ], [ 110.564656465646564, -6.800780078007804 ], [ 110.564656465646564, -6.800930093009299 ], [ 110.564506450645069, -6.800855085508556 ] ], [ [ 110.564806480648059, -6.800855085508547 ], [ 110.564881488148814, -6.800705070507043 ], [ 110.564881488148814, -6.800855085508543 ], [ 110.564806480648059, -6.800855085508547 ] ], [ [ 110.567281728172816, -6.800780078007794 ], [ 110.567356735673584, -6.800705070507043 ], [ 110.567356735673584, -6.800780078007793 ], [ 110.567281728172816, -6.800780078007794 ] ], [ [ 110.567656765676574, -6.800780078007797 ], [ 110.567731773177314, -6.800705070507051 ], [ 110.567731773177314, -6.800780078007803 ], [ 110.567656765676574, -6.800780078007797 ] ], [ [ 110.577632763276327, -6.80085508550855 ], [ 110.578007800780071, -6.800705070507044 ], [ 110.578007800780071, -6.800855085508546 ], [ 110.577632763276327, -6.80085508550855 ] ], [ [ 110.578307830783075, -6.800855085508549 ], [ 110.578532853285324, -6.800780078007796 ], [ 110.578532853285324, -6.800855085508555 ], [ 110.578307830783075, -6.800855085508549 ] ], [ [ 110.567881788178823, -6.800855085508545 ], [ 110.568031803180318, -6.800780078007809 ], [ 110.568031803180318, -6.800855085508552 ], [ 110.567881788178823, -6.800855085508545 ] ], [ [ 110.568856885688575, -6.800855085508558 ], [ 110.568931893189315, -6.800780078007806 ], [ 110.568931893189315, -6.800855085508554 ], [ 110.568856885688575, -6.800855085508558 ] ], [ [ 110.569006900690084, -6.800855085508553 ], [ 110.569081908190824, -6.800780078007793 ], [ 110.569081908190824, -6.800855085508555 ], [ 110.569006900690084, -6.800855085508553 ] ], [ [ 110.580558055805596, -6.800930093009299 ], [ 110.580633063306337, -6.8007800780078 ], [ 110.580633063306337, -6.800930093009295 ], [ 110.580558055805596, -6.800930093009299 ] ], [ [ 110.564731473147319, -6.800930093009299 ], [ 110.564806480648059, -6.800855085508547 ], [ 110.564806480648059, -6.8009300930093 ], [ 110.564731473147319, -6.800930093009299 ] ], [ [ 110.565256525652572, -6.801080108010798 ], [ 110.565331533153312, -6.800930093009295 ], [ 110.565331533153312, -6.801080108010801 ], [ 110.565256525652572, -6.801080108010798 ] ], [ [ 110.565031503150323, -6.801080108010796 ], [ 110.565181518151817, -6.801005100510057 ], [ 110.565181518151817, -6.801080108010796 ], [ 110.565031503150323, -6.801080108010796 ] ], [ [ 110.565406540654067, -6.801155115511544 ], [ 110.565781578157811, -6.801080108010793 ], [ 110.565781578157811, -6.801230123012301 ], [ 110.565406540654067, -6.801155115511544 ] ], [ [ 110.578307830783075, -6.801080108010797 ], [ 110.578382838283829, -6.801005100510054 ], [ 110.578382838283829, -6.801080108010796 ], [ 110.578307830783075, -6.801080108010797 ] ], [ [ 110.569606960696063, -6.801155115511559 ], [ 110.569681968196818, -6.801080108010797 ], [ 110.569681968196818, -6.801155115511545 ], [ 110.569606960696063, -6.801155115511559 ] ], [ [ 110.577632763276327, -6.801155115511544 ], [ 110.577707770777081, -6.801080108010801 ], [ 110.577707770777081, -6.80115511551155 ], [ 110.577632763276327, -6.801155115511544 ] ], [ [ 110.564881488148814, -6.801230123012303 ], [ 110.564956495649568, -6.801155115511544 ], [ 110.564956495649568, -6.801230123012294 ], [ 110.564881488148814, -6.801230123012303 ] ], [ [ 110.565181518151817, -6.801230123012305 ], [ 110.565256525652572, -6.801155115511546 ], [ 110.565256525652572, -6.801230123012298 ], [ 110.565181518151817, -6.801230123012305 ] ], [ [ 110.577257725772597, -6.801230123012303 ], [ 110.577332733273323, -6.801155115511553 ], [ 110.577332733273323, -6.801230123012301 ], [ 110.577257725772597, -6.801230123012303 ] ], [ [ 110.579207920792086, -6.801305130513054 ], [ 110.579282928292827, -6.801230123012303 ], [ 110.579282928292827, -6.801305130513044 ], [ 110.579207920792086, -6.801305130513054 ] ], [ [ 110.579432943294336, -6.801380138013807 ], [ 110.579657965796585, -6.801230123012301 ], [ 110.579582958295845, -6.80145514551455 ], [ 110.579432943294336, -6.801380138013807 ] ], [ [ 110.565706570657085, -6.801455145514549 ], [ 110.565856585658565, -6.801380138013807 ], [ 110.565856585658565, -6.801455145514557 ], [ 110.565706570657085, -6.801455145514549 ] ], [ [ 110.566456645664573, -6.801530153015308 ], [ 110.566606660666068, -6.801605160516054 ], [ 110.566456645664573, -6.80160516051606 ], [ 110.566456645664573, -6.801530153015308 ] ], [ [ 110.568256825682568, -6.801530153015303 ], [ 110.568331833183322, -6.801455145514548 ], [ 110.568331833183322, -6.801530153015302 ], [ 110.568256825682568, -6.801530153015303 ] ], [ [ 110.579207920792086, -6.801605160516048 ], [ 110.579282928292827, -6.801455145514545 ], [ 110.579357935793581, -6.801605160516049 ], [ 110.579207920792086, -6.801605160516048 ] ], [ [ 110.566606660666068, -6.801680168016799 ], [ 110.566681668166822, -6.801605160516044 ], [ 110.566681668166822, -6.801680168016807 ], [ 110.566606660666068, -6.801680168016799 ] ], [ [ 110.577932793279345, -6.801680168016794 ], [ 110.578082808280826, -6.801605160516046 ], [ 110.578082808280826, -6.801755175517556 ], [ 110.577932793279345, -6.801680168016794 ] ], [ [ 110.566531653165313, -6.801755175517558 ], [ 110.566606660666068, -6.801680168016799 ], [ 110.566606660666068, -6.80175517551755 ], [ 110.566531653165313, -6.801755175517558 ] ], [ [ 110.580183018301824, -6.801905190519047 ], [ 110.580333033303333, -6.801680168016802 ], [ 110.580333033303333, -6.801905190519046 ], [ 110.580183018301824, -6.801905190519047 ] ], [ [ 110.566756675667563, -6.801980198019802 ], [ 110.566831683168317, -6.801905190519046 ], [ 110.566831683168317, -6.801980198019803 ], [ 110.566756675667563, -6.801980198019802 ] ], [ [ 110.566681668166822, -6.80205520552056 ], [ 110.566756675667563, -6.801980198019802 ], [ 110.566756675667563, -6.802055205520545 ], [ 110.566681668166822, -6.80205520552056 ] ], [ [ 110.567806780678069, -6.802205220522049 ], [ 110.567881788178823, -6.802130213021309 ], [ 110.567881788178823, -6.802205220522046 ], [ 110.567806780678069, -6.802205220522049 ] ], [ [ 110.571932193219325, -6.802205220522044 ], [ 110.572007200720066, -6.802130213021299 ], [ 110.572007200720066, -6.802205220522056 ], [ 110.571932193219325, -6.802205220522044 ] ], [ [ 110.567731773177314, -6.802280228022809 ], [ 110.567806780678069, -6.802205220522049 ], [ 110.567806780678069, -6.802280228022807 ], [ 110.567731773177314, -6.802280228022809 ] ], [ [ 110.567206720672061, -6.802355235523545 ], [ 110.567281728172816, -6.802280228022792 ], [ 110.567281728172816, -6.802355235523549 ], [ 110.567206720672061, -6.802355235523545 ] ], [ [ 110.568931893189315, -6.802580258025797 ], [ 110.569006900690084, -6.802505250525059 ], [ 110.569006900690084, -6.802580258025809 ], [ 110.568931893189315, -6.802580258025797 ] ], [ [ 110.568706870687066, -6.802655265526551 ], [ 110.568781878187821, -6.802580258025804 ], [ 110.568781878187821, -6.802655265526547 ], [ 110.568706870687066, -6.802655265526551 ] ], [ [ 110.567506750675065, -6.802730273027306 ], [ 110.56758175817582, -6.802655265526555 ], [ 110.56758175817582, -6.802730273027308 ], [ 110.567506750675065, -6.802730273027306 ] ], [ [ 110.565856585658565, -6.803180318031808 ], [ 110.56593159315932, -6.803105310531059 ], [ 110.56593159315932, -6.803180318031798 ], [ 110.565856585658565, -6.803180318031808 ] ], [ [ 110.573507350735071, -6.803555355535551 ], [ 110.573582358235825, -6.803480348034801 ], [ 110.573582358235825, -6.803555355535546 ], [ 110.573507350735071, -6.803555355535551 ] ], [ [ 110.56758175817582, -6.804230423042311 ], [ 110.567656765676574, -6.804155415541549 ], [ 110.567656765676574, -6.804230423042308 ], [ 110.56758175817582, -6.804230423042311 ] ], [ [ 110.574782478247826, -6.804380438043794 ], [ 110.574857485748581, -6.804305430543058 ], [ 110.574857485748581, -6.804380438043802 ], [ 110.574782478247826, -6.804380438043794 ] ], [ [ 110.574857485748581, -6.804455445544549 ], [ 110.575007500750075, -6.8043804380438 ], [ 110.575007500750075, -6.80445544554456 ], [ 110.574857485748581, -6.804455445544549 ] ], [ [ 110.575832583258332, -6.805655565556554 ], [ 110.575907590759073, -6.805580558055804 ], [ 110.575907590759073, -6.805655565556562 ], [ 110.575832583258332, -6.805655565556554 ] ], [ [ 110.575832583258332, -6.806180618061803 ], [ 110.575907590759073, -6.806105610561061 ], [ 110.575907590759073, -6.806180618061802 ], [ 110.575832583258332, -6.806180618061803 ] ], [ [ 110.575682568256823, -6.806255625562553 ], [ 110.575832583258332, -6.806180618061803 ], [ 110.575832583258332, -6.806255625562565 ], [ 110.575682568256823, -6.806255625562553 ] ], [ [ 110.575607560756069, -6.8063306330633 ], [ 110.575682568256823, -6.806255625562553 ], [ 110.575682568256823, -6.806330633063312 ], [ 110.575607560756069, -6.8063306330633 ] ], [ [ 110.576657665766575, -6.806630663066307 ], [ 110.57673267326733, -6.806555655565554 ], [ 110.57673267326733, -6.806630663066308 ], [ 110.576657665766575, -6.806630663066307 ] ], [ [ 110.575832583258332, -6.806705670567066 ], [ 110.576132613261322, -6.806630663066306 ], [ 110.576132613261322, -6.806705670567061 ], [ 110.575832583258332, -6.806705670567066 ] ], [ [ 110.567881788178823, -6.806855685568557 ], [ 110.567956795679564, -6.806705670567053 ], [ 110.568031803180318, -6.806855685568546 ], [ 110.567881788178823, -6.806855685568557 ] ], [ [ 110.575682568256823, -6.806780678067814 ], [ 110.575757575757578, -6.80670567056705 ], [ 110.575757575757578, -6.806780678067809 ], [ 110.575682568256823, -6.806780678067814 ] ], [ [ 110.568481848184817, -6.807080708070802 ], [ 110.568556855685571, -6.807005700570052 ], [ 110.568556855685571, -6.807080708070799 ], [ 110.568481848184817, -6.807080708070802 ] ], [ [ 110.570282028202826, -6.807530753075301 ], [ 110.570582058205815, -6.807305730573058 ], [ 110.570507050705075, -6.807530753075311 ], [ 110.570282028202826, -6.807530753075301 ] ], [ [ 110.569906990699067, -6.807455745574551 ], [ 110.569981998199836, -6.807380738073801 ], [ 110.569981998199836, -6.807455745574566 ], [ 110.569906990699067, -6.807455745574551 ] ], [ [ 110.569981998199836, -6.807530753075303 ], [ 110.570132013201317, -6.807455745574566 ], [ 110.570132013201317, -6.807530753075312 ], [ 110.569981998199836, -6.807530753075303 ] ], [ [ 110.570132013201317, -6.807605760576063 ], [ 110.570207020702071, -6.80753075307531 ], [ 110.570207020702071, -6.807605760576059 ], [ 110.570132013201317, -6.807605760576063 ] ], [ [ 110.570732073207324, -6.807680768076811 ], [ 110.570807080708065, -6.807530753075309 ], [ 110.570807080708065, -6.807680768076809 ], [ 110.570732073207324, -6.807680768076811 ] ], [ [ 110.569456945694569, -6.807680768076809 ], [ 110.569531953195323, -6.807605760576057 ], [ 110.569531953195323, -6.807680768076804 ], [ 110.569456945694569, -6.807680768076809 ] ], [ [ 110.569831983198327, -6.807680768076808 ], [ 110.569906990699067, -6.807605760576054 ], [ 110.569906990699067, -6.807680768076803 ], [ 110.569831983198327, -6.807680768076808 ] ], [ [ 110.570957095709574, -6.807680768076806 ], [ 110.571032103210328, -6.807605760576054 ], [ 110.571032103210328, -6.807680768076808 ], [ 110.570957095709574, -6.807680768076806 ] ], [ [ 110.574332433243328, -6.807830783078304 ], [ 110.574407440744068, -6.8076807680768 ], [ 110.574407440744068, -6.807830783078311 ], [ 110.574332433243328, -6.807830783078304 ] ], [ [ 110.571332133213318, -6.807905790579058 ], [ 110.571407140714072, -6.807830783078303 ], [ 110.571407140714072, -6.807905790579061 ], [ 110.571332133213318, -6.807905790579058 ] ], [ [ 110.571107110711068, -6.808205820582065 ], [ 110.571332133213318, -6.807905790579058 ], [ 110.571257125712577, -6.808280828082806 ], [ 110.571107110711068, -6.808205820582065 ] ], [ [ 110.570582058205815, -6.80805580558056 ], [ 110.570732073207324, -6.807980798079805 ], [ 110.570732073207324, -6.808055805580555 ], [ 110.570582058205815, -6.80805580558056 ] ], [ [ 110.574182418241818, -6.808055805580553 ], [ 110.574257425742573, -6.807980798079806 ], [ 110.574257425742573, -6.808055805580551 ], [ 110.574182418241818, -6.808055805580553 ] ], [ [ 110.575982598259827, -6.808055805580563 ], [ 110.576057605760582, -6.807980798079805 ], [ 110.576057605760582, -6.808055805580563 ], [ 110.575982598259827, -6.808055805580563 ] ], [ [ 110.570732073207324, -6.808130813081307 ], [ 110.570882088208819, -6.808055805580557 ], [ 110.570957095709574, -6.80828082808281 ], [ 110.570732073207324, -6.808130813081307 ] ], [ [ 110.574107410741078, -6.808205820582057 ], [ 110.574182418241818, -6.808055805580553 ], [ 110.574182418241818, -6.808205820582063 ], [ 110.574107410741078, -6.808205820582057 ] ], [ [ 110.573882388238829, -6.808430843084309 ], [ 110.574107410741078, -6.808355835583556 ], [ 110.573882388238829, -6.808580858085814 ], [ 110.573882388238829, -6.808430843084309 ] ], [ [ 110.570957095709574, -6.808430843084308 ], [ 110.571032103210328, -6.808280828082804 ], [ 110.571032103210328, -6.808430843084308 ], [ 110.570957095709574, -6.808430843084308 ] ], [ [ 110.571332133213318, -6.808580858085812 ], [ 110.571632163216336, -6.808505850585063 ], [ 110.571782178217816, -6.80873087308731 ], [ 110.571332133213318, -6.808580858085812 ] ], [ [ 110.567131713171321, -6.808580858085803 ], [ 110.567206720672061, -6.808505850585052 ], [ 110.567206720672061, -6.808580858085816 ], [ 110.567131713171321, -6.808580858085803 ] ], [ [ 110.571107110711068, -6.808655865586557 ], [ 110.571182118211823, -6.808505850585056 ], [ 110.571182118211823, -6.808655865586553 ], [ 110.571107110711068, -6.808655865586557 ] ], [ [ 110.567206720672061, -6.808655865586551 ], [ 110.567281728172816, -6.808580858085802 ], [ 110.567281728172816, -6.808655865586556 ], [ 110.567206720672061, -6.808655865586551 ] ], [ [ 110.573807380738074, -6.808730873087311 ], [ 110.573882388238829, -6.808580858085814 ], [ 110.573882388238829, -6.808730873087304 ], [ 110.573807380738074, -6.808730873087311 ] ], [ [ 110.571182118211823, -6.8087308730873 ], [ 110.571257125712577, -6.808655865586553 ], [ 110.571257125712577, -6.808730873087312 ], [ 110.571182118211823, -6.8087308730873 ] ], [ [ 110.57365736573658, -6.80880588058806 ], [ 110.573807380738074, -6.808880888088808 ], [ 110.57365736573658, -6.808955895589555 ], [ 110.57365736573658, -6.80880588058806 ] ], [ [ 110.573582358235825, -6.809030903090303 ], [ 110.57365736573658, -6.808955895589555 ], [ 110.57365736573658, -6.809030903090312 ], [ 110.573582358235825, -6.809030903090303 ] ], [ [ 110.571782178217816, -6.809180918091814 ], [ 110.571857185718571, -6.809105910591056 ], [ 110.571857185718571, -6.809180918091814 ], [ 110.571782178217816, -6.809180918091814 ] ], [ [ 110.573507350735071, -6.809180918091813 ], [ 110.573582358235825, -6.809105910591056 ], [ 110.573582358235825, -6.809180918091813 ], [ 110.573507350735071, -6.809180918091813 ] ], [ [ 110.57343234323433, -6.809255925592563 ], [ 110.573507350735071, -6.809180918091813 ], [ 110.573507350735071, -6.809255925592568 ], [ 110.57343234323433, -6.809255925592563 ] ], [ [ 110.572007200720066, -6.809330933093309 ], [ 110.57208220822082, -6.809255925592561 ], [ 110.57208220822082, -6.809330933093309 ], [ 110.572007200720066, -6.809330933093309 ] ], [ [ 110.573357335733576, -6.809330933093309 ], [ 110.57343234323433, -6.809255925592563 ], [ 110.57343234323433, -6.809330933093316 ], [ 110.573357335733576, -6.809330933093309 ] ], [ [ 110.572982298229817, -6.80993099309932 ], [ 110.573132313231326, -6.809630963096313 ], [ 110.573207320732067, -6.809780978097803 ], [ 110.572982298229817, -6.80993099309932 ] ], [ [ 110.573357335733576, -6.809855985598563 ], [ 110.57343234323433, -6.809780978097818 ], [ 110.57343234323433, -6.809855985598556 ], [ 110.573357335733576, -6.809855985598563 ] ], [ [ 110.571032103210328, -6.810381038103803 ], [ 110.571107110711068, -6.810306030603064 ], [ 110.571107110711068, -6.810381038103809 ], [ 110.571032103210328, -6.810381038103803 ] ], [ [ 110.570957095709574, -6.81060606060606 ], [ 110.571107110711068, -6.810531053105311 ], [ 110.571107110711068, -6.810681068106816 ], [ 110.570957095709574, -6.81060606060606 ] ] ] } },
{ "type": "Feature", "properties": { "year": 2026, "layer": "atrisk" }, "geometry": { "type": "Polygon", "coordinates": [ [ [ 110.560231023102304, -6.802130213021297 ], [ 110.558430843084324, -6.804755475547549 ], [ 110.562781278127815, -6.805880588058812 ], [ 110.566156615661569, -6.809780978097807 ], [ 110.559930993099314, -6.805805580558055 ], [ 110.556105610561062, -6.808805880588054 ], [ 110.55820582058206, -6.805055505550548 ], [ 110.554305430543053, -6.809105910591055 ], [ 110.555955595559553, -6.8100810081008 ], [ 110.557755775577562, -6.812031203120305 ], [ 110.563156315631559, -6.81593159315931 ], [ 110.563531353135318, -6.81345634563457 ], [ 110.568706870687066, -6.812256225622569 ], [ 110.567656765676574, -6.810906090609063 ], [ 110.569531953195323, -6.811881188118816 ], [ 110.570357035703566, -6.811506150615068 ], [ 110.567206720672061, -6.809630963096309 ], [ 110.56285628562857, -6.804530453045299 ], [ 110.566381638163818, -6.807605760576056 ], [ 110.567056705670566, -6.806480648064812 ], [ 110.566081608160815, -6.805055505550562 ], [ 110.560231023102304, -6.802130213021297 ] ], [ [ 110.560231023102304, -6.802730273027301 ], [ 110.560306030603059, -6.802655265526551 ], [ 110.560306030603059, -6.802730273027306 ], [ 110.560231023102304, -6.802730273027301 ] ], [ [ 110.560306030603059, -6.802880288028802 ], [ 110.560381038103813, -6.802805280528053 ], [ 110.560381038103813, -6.802880288028799 ], [ 110.560306030603059, -6.802880288028802 ] ], [ [ 110.560306030603059, -6.803030303030303 ], [ 110.560531053105308, -6.803105310531049 ], [ 110.560381038103813, -6.803330333033304 ], [ 110.560306030603059, -6.803030303030303 ] ], [ [ 110.560906090609066, -6.803780378037795 ], [ 110.561056105610575, -6.803630363036307 ], [ 110.561056105610575, -6.803780378037803 ], [ 110.560906090609066, -6.803780378037795 ] ], [ [ 110.561131113111315, -6.803780378037801 ], [ 110.561206120612056, -6.803705370537055 ], [ 110.561206120612056, -6.803780378037795 ], [ 110.561131113111315, -6.803780378037801 ] ], [ [ 110.565856585658565, -6.805955595559557 ], [ 110.56593159315932, -6.805880588058811 ], [ 110.56593159315932, -6.80595559555956 ], [ 110.565856585658565, -6.805955595559557 ] ], [ [ 110.566156615661569, -6.806105610561054 ], [ 110.566531653165313, -6.80610561056105 ], [ 110.566456645664573, -6.806255625562555 ], [ 110.566156615661569, -6.806105610561054 ] ], [ [ 110.565481548154821, -6.806555655565561 ], [ 110.565556555655562, -6.806480648064811 ], [ 110.565556555655562, -6.806555655565547 ], [ 110.565481548154821, -6.806555655565561 ] ], [ [ 110.566231623162309, -6.806555655565564 ], [ 110.566306630663064, -6.806480648064801 ], [ 110.566306630663064, -6.806555655565554 ], [ 110.566231623162309, -6.806555655565564 ] ], [ [ 110.566156615661569, -6.806630663066302 ], [ 110.566231623162309, -6.806555655565564 ], [ 110.566231623162309, -6.806630663066302 ], [ 110.566156615661569, -6.806630663066302 ] ], [ [ 110.56593159315932, -6.806930693069311 ], [ 110.566006600660074, -6.806855685568564 ], [ 110.566006600660074, -6.806930693069314 ], [ 110.56593159315932, -6.806930693069311 ] ], [ [ 110.555880588058812, -6.808055805580564 ], [ 110.555955595559553, -6.807980798079807 ], [ 110.555955595559553, -6.808055805580551 ], [ 110.555880588058812, -6.808055805580564 ] ], [ [ 110.566531653165313, -6.810006000600067 ], [ 110.566606660666068, -6.809930993099304 ], [ 110.566606660666068, -6.810006000600063 ], [ 110.566531653165313, -6.810006000600067 ] ], [ [ 110.556180618061802, -6.810306030603054 ], [ 110.556255625562557, -6.810231023102308 ], [ 110.556255625562557, -6.810306030603064 ], [ 110.556180618061802, -6.810306030603054 ] ], [ [ 110.56758175817582, -6.810906090609068 ], [ 110.567656765676574, -6.810831083108309 ], [ 110.567656765676574, -6.810906090609063 ], [ 110.56758175817582, -6.810906090609068 ] ], [ [ 110.560606060606062, -6.813381338133815 ], [ 110.560681068106817, -6.813306330633062 ], [ 110.560681068106817, -6.813381338133818 ], [ 110.560606060606062, -6.813381338133815 ] ], [ [ 110.560456045604568, -6.813606360636062 ], [ 110.560531053105308, -6.81345634563456 ], [ 110.560531053105308, -6.813606360636058 ], [ 110.560456045604568, -6.813606360636062 ] ], [ [ 110.560906090609066, -6.814281428142817 ], [ 110.560981098109806, -6.814206420642058 ], [ 110.560981098109806, -6.814281428142814 ], [ 110.560906090609066, -6.814281428142817 ] ] ] } },
{ "type": "Feature", "properties": { "year": 2026, "layer": "atrisk" }, "geometry": { "type": "Polygon", "coordinates": [ [ [ 110.552430243024304, -6.809105910591066 ], [ 110.551230123012303, -6.810381038103816 ], [ 110.551155115511563, -6.810906090609061 ], [ 110.549204920492045, -6.813081308130819 ], [ 110.549954995499547, -6.817656765676564 ], [ 110.545904590459045, -6.821557155715566 ], [ 110.544854485448553, -6.821182118211817 ], [ 110.545079507950788, -6.82343234323433 ], [ 110.547779777977794, -6.825157515751572 ], [ 110.552130213021314, -6.821107110711065 ], [ 110.549954995499547, -6.825082508250824 ], [ 110.548679867986792, -6.824857485748568 ], [ 110.548154815481553, -6.826057605760574 ], [ 110.547179717971801, -6.825907590759072 ], [ 110.546804680468043, -6.826507650765077 ], [ 110.5476297629763, -6.82725772577258 ], [ 110.551305130513057, -6.828907890789075 ], [ 110.554755475547552, -6.829432943294325 ], [ 110.559480948094816, -6.824407440744069 ], [ 110.562631263126306, -6.81780678067807 ], [ 110.561731173117323, -6.816081608160816 ], [ 110.557080708070814, -6.812331233123304 ], [ 110.556255625562557, -6.812031203120306 ], [ 110.554830483048306, -6.810756075607561 ], [ 110.554455445544562, -6.810606060606054 ], [ 110.553630363036305, -6.809855985598561 ], [ 110.552430243024304, -6.809105910591066 ] ], [ [ 110.552130213021314, -6.809705970597061 ], [ 110.552205220522055, -6.809630963096307 ], [ 110.552205220522055, -6.809705970597063 ], [ 110.552130213021314, -6.809705970597061 ] ], [ [ 110.553555355535551, -6.810006000600057 ], [ 110.553630363036305, -6.809930993099304 ], [ 110.553630363036305, -6.810006000600053 ], [ 110.553555355535551, -6.810006000600057 ] ], [ [ 110.551530153015307, -6.810306030603058 ], [ 110.551605160516047, -6.810231023102316 ], [ 110.551605160516047, -6.810306030603066 ], [ 110.551530153015307, -6.810306030603058 ] ], [ [ 110.551380138013798, -6.810456045604565 ], [ 110.551455145514552, -6.810306030603051 ], [ 110.551455145514552, -6.810456045604557 ], [ 110.551380138013798, -6.810456045604565 ] ], [ [ 110.551230123012303, -6.810681068106801 ], [ 110.551305130513057, -6.810606060606057 ], [ 110.551305130513057, -6.810681068106805 ], [ 110.551230123012303, -6.810681068106801 ] ], [ [ 110.557380738073803, -6.813381338133816 ], [ 110.557455745574558, -6.813306330633059 ], [ 110.557455745574558, -6.813381338133814 ], [ 110.557380738073803, -6.813381338133816 ] ], [ [ 110.557305730573063, -6.813531353135318 ], [ 110.557380738073803, -6.813456345634558 ], [ 110.557380738073803, -6.81353135313532 ], [ 110.557305730573063, -6.813531353135318 ] ], [ [ 110.554005400540049, -6.813981398139809 ], [ 110.554080408040804, -6.813906390639057 ], [ 110.554080408040804, -6.813981398139809 ], [ 110.554005400540049, -6.813981398139809 ] ], [ [ 110.550180018001797, -6.814056405640564 ], [ 110.551905190519051, -6.814956495649558 ], [ 110.552130213021314, -6.815481548154811 ], [ 110.551680168016802, -6.815556555655563 ], [ 110.550330033003306, -6.814731473147313 ], [ 110.550030003000302, -6.814731473147309 ], [ 110.550180018001797, -6.814056405640564 ] ], [ [ 110.553030303030297, -6.814431443144307 ], [ 110.553105310531052, -6.814356435643563 ], [ 110.553105310531052, -6.814431443144319 ], [ 110.553030303030297, -6.814431443144307 ] ], [ [ 110.553630363036305, -6.81450645064507 ], [ 110.55370537053706, -6.814431443144319 ], [ 110.55370537053706, -6.814506450645055 ], [ 110.553630363036305, -6.81450645064507 ] ], [ [ 110.554530453045302, -6.814506450645061 ], [ 110.554605460546057, -6.814431443144315 ], [ 110.554605460546057, -6.81450645064506 ], [ 110.554530453045302, -6.814506450645061 ] ], [ [ 110.55655565556556, -6.814506450645067 ], [ 110.556630663066301, -6.814431443144311 ], [ 110.556630663066301, -6.814506450645058 ], [ 110.55655565556556, -6.814506450645067 ] ], [ [ 110.559180918091812, -6.814581458145818 ], [ 110.559255925592552, -6.814506450645071 ], [ 110.559255925592552, -6.814581458145817 ], [ 110.559180918091812, -6.814581458145818 ] ], [ [ 110.559105910591057, -6.814656465646567 ], [ 110.559180918091812, -6.814581458145818 ], [ 110.559180918091812, -6.814656465646571 ], [ 110.559105910591057, -6.814656465646567 ] ], [ [ 110.554380438043808, -6.814731473147315 ], [ 110.554455445544562, -6.814656465646558 ], [ 110.554455445544562, -6.814731473147321 ], [ 110.554380438043808, -6.814731473147315 ] ], [ [ 110.559030903090303, -6.814806480648058 ], [ 110.559105910591057, -6.814731473147313 ], [ 110.559105910591057, -6.814806480648062 ], [ 110.559030903090303, -6.814806480648058 ] ], [ [ 110.550180018001797, -6.814881488148814 ], [ 110.550255025502551, -6.81480648064806 ], [ 110.550255025502551, -6.814881488148822 ], [ 110.550180018001797, -6.814881488148814 ] ], [ [ 110.558955895589563, -6.814881488148807 ], [ 110.559030903090303, -6.814806480648058 ], [ 110.559030903090303, -6.814881488148814 ], [ 110.558955895589563, -6.814881488148807 ] ], [ [ 110.558880888088808, -6.814956495649559 ], [ 110.558955895589563, -6.814881488148807 ], [ 110.558955895589563, -6.814956495649569 ], [ 110.558880888088808, -6.814956495649559 ] ], [ [ 110.558805880588054, -6.815106510651058 ], [ 110.558880888088808, -6.81503150315031 ], [ 110.558880888088808, -6.81510651065107 ], [ 110.558805880588054, -6.815106510651058 ] ], [ [ 110.552505250525073, -6.815181518151811 ], [ 110.552580258025799, -6.815106510651066 ], [ 110.552580258025799, -6.815181518151811 ], [ 110.552505250525073, -6.815181518151811 ] ], [ [ 110.558730873087313, -6.815181518151822 ], [ 110.558805880588054, -6.815106510651058 ], [ 110.558805880588054, -6.81518151815182 ], [ 110.558730873087313, -6.815181518151822 ] ], [ [ 110.552430243024304, -6.815256525652559 ], [ 110.552505250525073, -6.815181518151811 ], [ 110.552505250525073, -6.815256525652572 ], [ 110.552430243024304, -6.815256525652559 ] ], [ [ 110.554380438043808, -6.815256525652564 ], [ 110.554530453045302, -6.815331533153311 ], [ 110.554380438043808, -6.815406540654064 ], [ 110.554380438043808, -6.815256525652564 ] ], [ [ 110.558580858085804, -6.815256525652562 ], [ 110.558730873087313, -6.815331533153317 ], [ 110.558580858085804, -6.815406540654071 ], [ 110.558580858085804, -6.815256525652562 ] ], [ [ 110.555880588058812, -6.815406540654066 ], [ 110.555955595559553, -6.815331533153308 ], [ 110.555955595559553, -6.815406540654071 ], [ 110.555880588058812, -6.815406540654066 ] ], [ [ 110.554305430543053, -6.815481548154816 ], [ 110.554380438043808, -6.815406540654064 ], [ 110.554380438043808, -6.815481548154821 ], [ 110.554305430543053, -6.815481548154816 ] ], [ [ 110.556405640564051, -6.815481548154815 ], [ 110.556480648064806, -6.815406540654058 ], [ 110.556480648064806, -6.815481548154813 ], [ 110.556405640564051, -6.815481548154815 ] ], [ [ 110.558505850585064, -6.815481548154814 ], [ 110.558580858085804, -6.815406540654071 ], [ 110.558580858085804, -6.815481548154809 ], [ 110.558505850585064, -6.815481548154814 ] ], [ [ 110.556330633063311, -6.81570657065707 ], [ 110.556405640564051, -6.815481548154815 ], [ 110.556405640564051, -6.815706570657065 ], [ 110.556330633063311, -6.81570657065707 ] ], [ [ 110.558430843084324, -6.815556555655556 ], [ 110.558505850585064, -6.815481548154814 ], [ 110.558505850585064, -6.815556555655573 ], [ 110.558430843084324, -6.815556555655556 ] ], [ [ 110.554155415541572, -6.815706570657071 ], [ 110.554230423042299, -6.815631563156312 ], [ 110.554230423042299, -6.815706570657073 ], [ 110.554155415541572, -6.815706570657071 ] ], [ [ 110.558280828082815, -6.81578157815782 ], [ 110.558355835583555, -6.815706570657071 ], [ 110.558355835583555, -6.815781578157814 ], [ 110.558280828082815, -6.81578157815782 ] ], [ [ 110.552505250525073, -6.815856585658569 ], [ 110.552580258025799, -6.815781578157807 ], [ 110.552580258025799, -6.815856585658564 ], [ 110.552505250525073, -6.815856585658569 ] ], [ [ 110.55820582058206, -6.815856585658569 ], [ 110.558280828082815, -6.81578157815782 ], [ 110.558280828082815, -6.815856585658567 ], [ 110.55820582058206, -6.815856585658569 ] ], [ [ 110.552580258025799, -6.815931593159309 ], [ 110.552730273027308, -6.815856585658568 ], [ 110.552730273027308, -6.815931593159315 ], [ 110.552580258025799, -6.815931593159309 ] ], [ [ 110.552730273027308, -6.816006600660065 ], [ 110.552805280528062, -6.815931593159315 ], [ 110.552805280528062, -6.816006600660057 ], [ 110.552730273027308, -6.816006600660065 ] ], [ [ 110.558130813081306, -6.816006600660074 ], [ 110.55820582058206, -6.815931593159323 ], [ 110.55820582058206, -6.816006600660063 ], [ 110.558130813081306, -6.816006600660074 ] ], [ [ 110.552805280528062, -6.816081608160822 ], [ 110.552880288028803, -6.816006600660058 ], [ 110.552880288028803, -6.816081608160816 ], [ 110.552805280528062, -6.816081608160822 ] ], [ [ 110.558055805580551, -6.816081608160811 ], [ 110.558130813081306, -6.816006600660074 ], [ 110.558130813081306, -6.816081608160822 ], [ 110.558055805580551, -6.816081608160811 ] ], [ [ 110.556180618061802, -6.816156615661559 ], [ 110.556255625562557, -6.816081608160812 ], [ 110.556255625562557, -6.816156615661569 ], [ 110.556180618061802, -6.816156615661559 ] ], [ [ 110.556255625562557, -6.816231623162314 ], [ 110.556330633063311, -6.816156615661571 ], [ 110.556330633063311, -6.816231623162318 ], [ 110.556255625562557, -6.816231623162314 ] ], [ [ 110.553855385538554, -6.816306630663068 ], [ 110.553930393039309, -6.816231623162309 ], [ 110.553930393039309, -6.816306630663066 ], [ 110.553855385538554, -6.816306630663068 ] ], [ [ 110.557905790579056, -6.816306630663069 ], [ 110.557980798079811, -6.816231623162318 ], [ 110.557980798079811, -6.816306630663061 ], [ 110.557905790579056, -6.816306630663069 ] ], [ [ 110.552280228022809, -6.816381638163822 ], [ 110.552355235523549, -6.816306630663072 ], [ 110.552355235523549, -6.816381638163819 ], [ 110.552280228022809, -6.816381638163822 ] ], [ [ 110.557830783078302, -6.816381638163821 ], [ 110.557905790579056, -6.816306630663069 ], [ 110.557905790579056, -6.816381638163821 ], [ 110.557830783078302, -6.816381638163821 ] ], [ [ 110.553180318031806, -6.816456645664561 ], [ 110.553330333033301, -6.81638163816382 ], [ 110.553405340534056, -6.816606660666062 ], [ 110.553180318031806, -6.816456645664561 ] ], [ [ 110.554455445544562, -6.816456645664564 ], [ 110.554530453045302, -6.816381638163813 ], [ 110.554530453045302, -6.816456645664561 ], [ 110.554455445544562, -6.816456645664564 ] ], [ [ 110.55655565556556, -6.816456645664562 ], [ 110.556630663066301, -6.816381638163822 ], [ 110.556630663066301, -6.816456645664561 ], [ 110.55655565556556, -6.816456645664562 ] ], [ [ 110.557755775577562, -6.816531653165312 ], [ 110.557830783078302, -6.816381638163821 ], [ 110.557830783078302, -6.816531653165319 ], [ 110.557755775577562, -6.816531653165312 ] ], [ [ 110.554380438043808, -6.816531653165316 ], [ 110.554455445544562, -6.816456645664564 ], [ 110.554455445544562, -6.816531653165312 ], [ 110.554380438043808, -6.816531653165316 ] ], [ [ 110.556630663066301, -6.81653165316532 ], [ 110.556705670567055, -6.816456645664568 ], [ 110.556705670567055, -6.816531653165313 ], [ 110.556630663066301, -6.81653165316532 ] ], [ [ 110.554305430543053, -6.816606660666071 ], [ 110.554380438043808, -6.816531653165316 ], [ 110.554380438043808, -6.816606660666062 ], [ 110.554305430543053, -6.816606660666071 ] ], [ [ 110.557680768076807, -6.816606660666059 ], [ 110.557755775577562, -6.816531653165312 ], [ 110.557755775577562, -6.816606660666058 ], [ 110.557680768076807, -6.816606660666059 ] ], [ [ 110.557830783078302, -6.81668166816682 ], [ 110.557905790579056, -6.816531653165319 ], [ 110.557905790579056, -6.81668166816682 ], [ 110.557830783078302, -6.81668166816682 ] ], [ [ 110.554005400540049, -6.816831683168317 ], [ 110.554305430543053, -6.816756675667568 ], [ 110.554005400540049, -6.816981698169809 ], [ 110.554005400540049, -6.816831683168317 ] ], [ [ 110.557755775577562, -6.816756675667567 ], [ 110.557830783078302, -6.81668166816682 ], [ 110.557830783078302, -6.81675667566756 ], [ 110.557755775577562, -6.816756675667567 ] ], [ [ 110.558430843084324, -6.816756675667561 ], [ 110.558505850585064, -6.816681668166809 ], [ 110.558505850585064, -6.816756675667561 ], [ 110.558430843084324, -6.816756675667561 ] ], [ [ 110.559405940594061, -6.816756675667563 ], [ 110.559480948094816, -6.816681668166812 ], [ 110.559480948094816, -6.816756675667573 ], [ 110.559405940594061, -6.816756675667563 ] ], [ [ 110.557380738073803, -6.817131713171317 ], [ 110.557680768076807, -6.81705670567056 ], [ 110.557380738073803, -6.817281728172821 ], [ 110.557380738073803, -6.817131713171317 ] ], [ [ 110.557905790579056, -6.816831683168321 ], [ 110.557980798079811, -6.816756675667567 ], [ 110.557980798079811, -6.816831683168313 ], [ 110.557905790579056, -6.816831683168321 ] ], [ [ 110.557455745574558, -6.816906690669062 ], [ 110.557530753075312, -6.816831683168322 ], [ 110.557530753075312, -6.816906690669071 ], [ 110.557455745574558, -6.816906690669062 ] ], [ [ 110.55985598559856, -6.817056705670572 ], [ 110.559930993099314, -6.816981698169823 ], [ 110.559930993099314, -6.81705670567057 ], [ 110.55985598559856, -6.817056705670572 ] ], [ [ 110.559480948094816, -6.817131713171322 ], [ 110.559555955595556, -6.81705670567056 ], [ 110.559555955595556, -6.817131713171309 ], [ 110.559480948094816, -6.817131713171322 ] ], [ [ 110.559705970597065, -6.81720672067206 ], [ 110.55985598559856, -6.817056705670572 ], [ 110.55985598559856, -6.817281728172818 ], [ 110.559705970597065, -6.81720672067206 ] ], [ [ 110.556930693069305, -6.817206720672074 ], [ 110.557005700570059, -6.81713171317132 ], [ 110.557005700570059, -6.817206720672066 ], [ 110.556930693069305, -6.817206720672074 ] ], [ [ 110.559405940594061, -6.817206720672067 ], [ 110.559480948094816, -6.817131713171322 ], [ 110.559480948094816, -6.817206720672064 ], [ 110.559405940594061, -6.817206720672067 ] ], [ [ 110.557080708070814, -6.817281728172813 ], [ 110.557155715571554, -6.81720672067207 ], [ 110.557155715571554, -6.817281728172821 ], [ 110.557080708070814, -6.817281728172813 ] ], [ [ 110.55985598559856, -6.817356735673568 ], [ 110.559930993099314, -6.81728172817282 ], [ 110.559930993099314, -6.817356735673568 ], [ 110.55985598559856, -6.817356735673568 ] ], [ [ 110.557155715571554, -6.817431743174322 ], [ 110.557230723072308, -6.81735673567356 ], [ 110.557230723072308, -6.817431743174322 ], [ 110.557155715571554, -6.817431743174322 ] ], [ [ 110.557080708070814, -6.817581758175814 ], [ 110.557155715571554, -6.817506750675071 ], [ 110.557155715571554, -6.817581758175826 ], [ 110.557080708070814, -6.817581758175814 ] ], [ [ 110.550330033003306, -6.817731773177325 ], [ 110.550405040504046, -6.817656765676572 ], [ 110.550405040504046, -6.81773177317731 ], [ 110.550330033003306, -6.817731773177325 ] ], [ [ 110.550255025502551, -6.817806780678063 ], [ 110.550330033003306, -6.817731773177325 ], [ 110.550330033003306, -6.817806780678072 ], [ 110.550255025502551, -6.817806780678063 ] ], [ [ 110.556930693069305, -6.817806780678072 ], [ 110.557005700570059, -6.817731773177311 ], [ 110.557005700570059, -6.817806780678061 ], [ 110.556930693069305, -6.817806780678072 ] ], [ [ 110.554830483048306, -6.817881788178825 ], [ 110.554905490549061, -6.817806780678063 ], [ 110.554905490549061, -6.817881788178812 ], [ 110.554830483048306, -6.817881788178825 ] ], [ [ 110.560156015601564, -6.817956795679572 ], [ 110.560231023102304, -6.817806780678066 ], [ 110.560231023102304, -6.817956795679573 ], [ 110.560156015601564, -6.817956795679572 ] ], [ [ 110.560456045604568, -6.817881788178819 ], [ 110.560531053105308, -6.817806780678065 ], [ 110.560531053105308, -6.817881788178816 ], [ 110.560456045604568, -6.817881788178819 ] ], [ [ 110.555355535553559, -6.817956795679567 ], [ 110.555430543054314, -6.81788178817882 ], [ 110.555430543054314, -6.817956795679572 ], [ 110.555355535553559, -6.817956795679567 ] ], [ [ 110.55685568556855, -6.817956795679567 ], [ 110.556930693069305, -6.817881788178826 ], [ 110.556930693069305, -6.817956795679565 ], [ 110.55685568556855, -6.817956795679567 ] ], [ [ 110.556780678067824, -6.818031803180316 ], [ 110.55685568556855, -6.817956795679567 ], [ 110.55685568556855, -6.818031803180311 ], [ 110.556780678067824, -6.818031803180316 ] ], [ [ 110.560081008100823, -6.818031803180313 ], [ 110.560156015601564, -6.817956795679572 ], [ 110.560156015601564, -6.81803180318032 ], [ 110.560081008100823, -6.818031803180313 ] ], [ [ 110.557155715571554, -6.818106810681073 ], [ 110.557230723072308, -6.818031803180312 ], [ 110.557230723072308, -6.818106810681068 ], [ 110.557155715571554, -6.818106810681073 ] ], [ [ 110.560006000600055, -6.818106810681073 ], [ 110.560081008100823, -6.818031803180313 ], [ 110.560081008100823, -6.818106810681069 ], [ 110.560006000600055, -6.818106810681073 ] ], [ [ 110.556705670567055, -6.818181818181822 ], [ 110.556780678067824, -6.818106810681063 ], [ 110.556780678067824, -6.818181818181814 ], [ 110.556705670567055, -6.818181818181822 ] ], [ [ 110.55985598559856, -6.81825682568256 ], [ 110.560006000600055, -6.818106810681073 ], [ 110.560006000600055, -6.81818181818182 ], [ 110.55985598559856, -6.81825682568256 ] ], [ [ 110.555055505550555, -6.818256825682568 ], [ 110.555130513051324, -6.81818181818181 ], [ 110.555130513051324, -6.818256825682564 ], [ 110.555055505550555, -6.818256825682568 ] ], [ [ 110.555280528052805, -6.818256825682576 ], [ 110.555355535553559, -6.818181818181823 ], [ 110.555355535553559, -6.818256825682572 ], [ 110.555280528052805, -6.818256825682576 ] ], [ [ 110.556630663066301, -6.818256825682573 ], [ 110.556705670567055, -6.818181818181822 ], [ 110.556705670567055, -6.81825682568256 ], [ 110.556630663066301, -6.818256825682573 ] ], [ [ 110.557005700570059, -6.81833183318332 ], [ 110.557230723072308, -6.818256825682576 ], [ 110.557230723072308, -6.818331833183312 ], [ 110.557005700570059, -6.81833183318332 ] ], [ [ 110.551230123012303, -6.81840684068407 ], [ 110.551380138013798, -6.818331833183311 ], [ 110.551380138013798, -6.818406840684075 ], [ 110.551230123012303, -6.81840684068407 ] ], [ [ 110.556780678067824, -6.818406840684066 ], [ 110.55685568556855, -6.818331833183317 ], [ 110.55685568556855, -6.818406840684068 ], [ 110.556780678067824, -6.818406840684066 ] ], [ [ 110.557230723072308, -6.818406840684069 ], [ 110.557305730573063, -6.818331833183315 ], [ 110.557305730573063, -6.818406840684074 ], [ 110.557230723072308, -6.818406840684069 ] ], [ [ 110.556930693069305, -6.818481848184818 ], [ 110.557080708070814, -6.818406840684061 ], [ 110.557080708070814, -6.818481848184821 ], [ 110.556930693069305, -6.818481848184818 ] ], [ [ 110.55685568556855, -6.818556855685567 ], [ 110.556930693069305, -6.818481848184818 ], [ 110.556930693069305, -6.818556855685562 ], [ 110.55685568556855, -6.818556855685567 ] ], [ [ 110.556780678067824, -6.818706870687075 ], [ 110.55685568556855, -6.818556855685567 ], [ 110.55685568556855, -6.818706870687069 ], [ 110.556780678067824, -6.818706870687075 ] ], [ [ 110.550855085508545, -6.818706870687063 ], [ 110.550930093009299, -6.818631863186314 ], [ 110.550930093009299, -6.818706870687065 ], [ 110.550855085508545, -6.818706870687063 ] ], [ [ 110.556330633063311, -6.818931893189318 ], [ 110.556480648064806, -6.818781878187817 ], [ 110.556405640564051, -6.818931893189321 ], [ 110.556330633063311, -6.818931893189318 ] ], [ [ 110.556630663066301, -6.818856885688563 ], [ 110.556705670567055, -6.818781878187825 ], [ 110.556705670567055, -6.818856885688566 ], [ 110.556630663066301, -6.818856885688563 ] ], [ [ 110.556480648064806, -6.819006900690074 ], [ 110.556630663066301, -6.818856885688563 ], [ 110.556630663066301, -6.819006900690074 ], [ 110.556480648064806, -6.819006900690074 ] ], [ [ 110.561056105610575, -6.819006900690074 ], [ 110.561131113111315, -6.818931893189312 ], [ 110.561131113111315, -6.81900690069006 ], [ 110.561056105610575, -6.819006900690074 ] ], [ [ 110.557455745574558, -6.821182118211818 ], [ 110.557530753075312, -6.821107110711075 ], [ 110.557530753075312, -6.821182118211827 ], [ 110.557455745574558, -6.821182118211818 ] ], [ [ 110.553180318031806, -6.821857185718577 ], [ 110.553255325532547, -6.821782178217817 ], [ 110.553255325532547, -6.821857185718578 ], [ 110.553180318031806, -6.821857185718577 ] ], [ [ 110.554230423042299, -6.822007200720078 ], [ 110.554305430543053, -6.821932193219328 ], [ 110.554305430543053, -6.822007200720075 ], [ 110.554230423042299, -6.822007200720078 ] ], [ [ 110.553630363036305, -6.822532253225328 ], [ 110.55370537053706, -6.822457245724579 ], [ 110.55370537053706, -6.822532253225325 ], [ 110.553630363036305, -6.822532253225328 ] ], [ [ 110.55370537053706, -6.822607260726073 ], [ 110.553780378037814, -6.82253225322532 ], [ 110.553780378037814, -6.822607260726075 ], [ 110.55370537053706, -6.822607260726073 ] ], [ [ 110.553780378037814, -6.82275727572757 ], [ 110.553930393039309, -6.822607260726076 ], [ 110.553855385538554, -6.822757275727568 ], [ 110.553780378037814, -6.82275727572757 ] ], [ [ 110.55370537053706, -6.822832283228319 ], [ 110.553780378037814, -6.82275727572757 ], [ 110.553780378037814, -6.822832283228324 ], [ 110.55370537053706, -6.822832283228319 ] ], [ [ 110.553555355535551, -6.82305730573058 ], [ 110.553630363036305, -6.822982298229823 ], [ 110.553630363036305, -6.823057305730578 ], [ 110.553555355535551, -6.82305730573058 ] ], [ [ 110.553480348034824, -6.823132313231326 ], [ 110.553555355535551, -6.82305730573058 ], [ 110.553555355535551, -6.823132313231316 ], [ 110.553480348034824, -6.823132313231326 ] ], [ [ 110.553405340534056, -6.823282328232822 ], [ 110.553480348034824, -6.823207320732075 ], [ 110.553480348034824, -6.823282328232829 ], [ 110.553405340534056, -6.823282328232822 ] ], [ [ 110.553330333033301, -6.823357335733575 ], [ 110.553405340534056, -6.823282328232822 ], [ 110.553405340534056, -6.823357335733573 ], [ 110.553330333033301, -6.823357335733575 ] ], [ [ 110.546354635463544, -6.82373237323732 ], [ 110.546429642964299, -6.823807380738073 ], [ 110.54627962796279, -6.823807380738066 ], [ 110.546354635463544, -6.82373237323732 ] ], [ [ 110.552355235523549, -6.825157515751584 ], [ 110.553405340534056, -6.824632463246326 ], [ 110.552505250525073, -6.826132613261331 ], [ 110.552355235523549, -6.825157515751584 ] ], [ [ 110.552130213021314, -6.825082508250834 ], [ 110.552205220522055, -6.825007500750069 ], [ 110.552205220522055, -6.825082508250825 ], [ 110.552130213021314, -6.825082508250834 ] ], [ [ 110.552055205520546, -6.82515751575158 ], [ 110.552130213021314, -6.825082508250834 ], [ 110.552130213021314, -6.825157515751568 ], [ 110.552055205520546, -6.82515751575158 ] ], [ [ 110.553105310531052, -6.825982598259825 ], [ 110.553180318031806, -6.825907590759067 ], [ 110.553180318031806, -6.825982598259821 ], [ 110.553105310531052, -6.825982598259825 ] ], [ [ 110.547254725472541, -6.826132613261331 ], [ 110.547329732973296, -6.826057605760569 ], [ 110.547329732973296, -6.826132613261318 ], [ 110.547254725472541, -6.826132613261331 ] ], [ [ 110.5476297629763, -6.826207620762069 ], [ 110.547704770477054, -6.826057605760579 ], [ 110.547704770477054, -6.826207620762071 ], [ 110.5476297629763, -6.826207620762069 ] ], [ [ 110.547179717971801, -6.826282628262828 ], [ 110.547254725472541, -6.826207620762084 ], [ 110.547254725472541, -6.826282628262824 ], [ 110.547179717971801, -6.826282628262828 ] ], [ [ 110.547554755475545, -6.82628262826282 ], [ 110.5476297629763, -6.826207620762069 ], [ 110.5476297629763, -6.826282628262828 ], [ 110.547554755475545, -6.82628262826282 ] ], [ [ 110.551155115511563, -6.82680768076807 ], [ 110.551230123012303, -6.826732673267323 ], [ 110.551230123012303, -6.826807680768083 ], [ 110.551155115511563, -6.82680768076807 ] ], [ [ 110.549654965496543, -6.826882688268834 ], [ 110.549729972997298, -6.826807680768073 ], [ 110.549729972997298, -6.826882688268826 ], [ 110.549654965496543, -6.826882688268834 ] ], [ [ 110.5476297629763, -6.827107710771079 ], [ 110.547704770477054, -6.827032703270323 ], [ 110.547704770477054, -6.827107710771084 ], [ 110.5476297629763, -6.827107710771079 ] ], [ [ 110.549579957995803, -6.827257725772574 ], [ 110.549654965496543, -6.82710771077107 ], [ 110.549654965496543, -6.827257725772578 ], [ 110.549579957995803, -6.827257725772574 ] ], [ [ 110.549429942994294, -6.827632763276323 ], [ 110.549504950495063, -6.82755775577557 ], [ 110.549504950495063, -6.827632763276331 ], [ 110.549429942994294, -6.827632763276323 ] ] ] } },
{ "type": "Feature", "properties": { "year": 2026, "layer": "atrisk" }, "geometry": { "type": "Polygon", "coordinates": [ [ [ 110.551830183018296, -6.829432943294327 ], [ 110.551005100510054, -6.82950795079508 ], [ 110.553030303030297, -6.829957995799583 ], [ 110.551830183018296, -6.829432943294327 ] ] ] } },
{ "type": "Feature", "properties": { "year": 2026, "layer": "atrisk" }, "geometry": { "type": "Polygon", "coordinates": [ [ [ 110.543579357935812, -6.81990699069907 ], [ 110.536303630363051, -6.827632763276318 ], [ 110.53847884788479, -6.832208220822077 ], [ 110.542829282928295, -6.833933393339328 ], [ 110.542529252925291, -6.834008400840087 ], [ 110.542229222922302, -6.83520852085208 ], [ 110.537953795379551, -6.832283228322824 ], [ 110.536228622862282, -6.827707770777073 ], [ 110.535553555355534, -6.827557755775574 ], [ 110.530453045304526, -6.83243324332434 ], [ 110.532928292829283, -6.834833483348337 ], [ 110.535028502850281, -6.831983198319838 ], [ 110.533603360336031, -6.836183618361829 ], [ 110.529702970297024, -6.832358235823581 ], [ 110.520102010201029, -6.834983498349827 ], [ 110.523402340234028, -6.838508850885088 ], [ 110.527527752775271, -6.839333933393331 ], [ 110.528727872787272, -6.845409540954095 ], [ 110.529927992799287, -6.84563456345635 ], [ 110.528877887788781, -6.84593459345934 ], [ 110.528202820282033, -6.844884488448843 ], [ 110.52767776777678, -6.847959795979599 ], [ 110.530153015301536, -6.84555955595559 ], [ 110.534878487848786, -6.849534953495342 ], [ 110.537728772877287, -6.846609660966095 ], [ 110.539828982898285, -6.843234323432345 ], [ 110.538328832883295, -6.841884188418835 ], [ 110.538103810381031, -6.842334233423348 ], [ 110.537278727872803, -6.842484248424848 ], [ 110.53660366036604, -6.8430093009301 ], [ 110.536528652865286, -6.842859285928589 ], [ 110.538028802880291, -6.841734173417345 ], [ 110.538328832883295, -6.840534053405338 ], [ 110.540354035403539, -6.842259225922591 ], [ 110.540579057905802, -6.841884188418846 ], [ 110.536003600360033, -6.838133813381342 ], [ 110.539678967896791, -6.840384038403841 ], [ 110.539003900390043, -6.83933393339333 ], [ 110.539453945394541, -6.83903390339033 ], [ 110.541254125412536, -6.840534053405336 ], [ 110.542754275427541, -6.834383438343829 ], [ 110.547254725472541, -6.833108310831082 ], [ 110.545004500450048, -6.831758175817574 ], [ 110.546579657965793, -6.828232823282323 ], [ 110.545829582958291, -6.826657665766577 ], [ 110.547704770477054, -6.828007800780078 ], [ 110.54605460546054, -6.831608160816077 ], [ 110.547779777977794, -6.833183318331836 ], [ 110.550930093009299, -6.831908190819084 ], [ 110.549354935493554, -6.831008100810084 ], [ 110.548829882988301, -6.827857785778571 ], [ 110.543729372937293, -6.824482448244829 ], [ 110.544779477947799, -6.821032103210314 ], [ 110.543579357935812, -6.81990699069907 ] ], [ [ 110.542454245424537, -6.824932493249324 ], [ 110.542529252925291, -6.824857485748575 ], [ 110.542529252925291, -6.824932493249332 ], [ 110.542454245424537, -6.824932493249324 ] ], [ [ 110.54132913291329, -6.82583258325832 ], [ 110.542379237923797, -6.825232523252327 ], [ 110.541404140414045, -6.825982598259831 ], [ 110.54132913291329, -6.82583258325832 ] ], [ [ 110.542379237923797, -6.82515751575157 ], [ 110.542454245424537, -6.825082508250833 ], [ 110.542454245424537, -6.825157515751576 ], [ 110.542379237923797, -6.82515751575157 ] ], [ [ 110.542604260426046, -6.825232523252325 ], [ 110.542754275427541, -6.825082508250821 ], [ 110.542754275427541, -6.825232523252333 ], [ 110.542604260426046, -6.825232523252325 ] ], [ [ 110.541254125412536, -6.825982598259818 ], [ 110.54132913291329, -6.82590759075908 ], [ 110.54132913291329, -6.82598259825983 ], [ 110.541254125412536, -6.825982598259818 ] ], [ [ 110.541029102910286, -6.825982598259831 ], [ 110.541179117911796, -6.826282628262821 ], [ 110.540879087908792, -6.826432643264319 ], [ 110.540729072907297, -6.826732673267326 ], [ 110.539678967896791, -6.82725772577257 ], [ 110.541029102910286, -6.825982598259831 ] ], [ [ 110.54132913291329, -6.826132613261324 ], [ 110.541404140414045, -6.826057605760577 ], [ 110.541404140414045, -6.826132613261331 ], [ 110.54132913291329, -6.826132613261324 ] ], [ [ 110.540879087908792, -6.826582658265833 ], [ 110.540954095409546, -6.826507650765074 ], [ 110.540954095409546, -6.826582658265821 ], [ 110.540879087908792, -6.826582658265833 ] ], [ [ 110.545229522952312, -6.826807680768082 ], [ 110.545304530453052, -6.826732673267328 ], [ 110.545304530453052, -6.826807680768071 ], [ 110.545229522952312, -6.826807680768082 ] ], [ [ 110.545004500450048, -6.826957695769568 ], [ 110.545229522952312, -6.826807680768082 ], [ 110.545229522952312, -6.826882688268824 ], [ 110.545004500450048, -6.826957695769568 ] ], [ [ 110.539678967896791, -6.827107710771085 ], [ 110.539753975397545, -6.82695769576957 ], [ 110.539753975397545, -6.827107710771077 ], [ 110.539678967896791, -6.827107710771085 ] ], [ [ 110.539378937893787, -6.827407740774084 ], [ 110.539603960396036, -6.827332733273328 ], [ 110.539528952895296, -6.827482748274835 ], [ 110.539378937893787, -6.827407740774084 ] ], [ [ 110.539603960396036, -6.827332733273328 ], [ 110.539678967896791, -6.82725772577257 ], [ 110.539678967896791, -6.827332733273335 ], [ 110.539603960396036, -6.827332733273328 ] ], [ [ 110.539378937893787, -6.827557755775577 ], [ 110.539453945394541, -6.827482748274831 ], [ 110.539453945394541, -6.827557755775569 ], [ 110.539378937893787, -6.827557755775577 ] ], [ [ 110.539153915391537, -6.827707770777085 ], [ 110.539228922892292, -6.827632763276329 ], [ 110.539228922892292, -6.827707770777084 ], [ 110.539153915391537, -6.827707770777085 ] ], [ [ 110.538928892889302, -6.827782778277826 ], [ 110.539003900390043, -6.827707770777087 ], [ 110.539003900390043, -6.827782778277837 ], [ 110.538928892889302, -6.827782778277826 ] ], [ [ 110.539078907890783, -6.82778277827782 ], [ 110.539153915391537, -6.827707770777085 ], [ 110.539153915391537, -6.827782778277828 ], [ 110.539078907890783, -6.82778277827782 ] ], [ [ 110.539003900390043, -6.827857785778575 ], [ 110.539078907890783, -6.82778277827782 ], [ 110.539078907890783, -6.827857785778573 ], [ 110.539003900390043, -6.827857785778575 ] ], [ [ 110.538778877887793, -6.828007800780084 ], [ 110.538853885388534, -6.827932793279325 ], [ 110.538853885388534, -6.828007800780076 ], [ 110.538778877887793, -6.828007800780084 ] ], [ [ 110.536078607860787, -6.828082808280823 ], [ 110.536153615361542, -6.828007800780082 ], [ 110.536153615361542, -6.828082808280823 ], [ 110.536078607860787, -6.828082808280823 ] ], [ [ 110.538178817881786, -6.828382838283835 ], [ 110.53825382538254, -6.828307830783071 ], [ 110.53825382538254, -6.828382838283822 ], [ 110.538178817881786, -6.828382838283835 ] ], [ [ 110.538028802880291, -6.828457845784583 ], [ 110.538178817881786, -6.828382838283835 ], [ 110.538178817881786, -6.828457845784574 ], [ 110.538028802880291, -6.828457845784583 ] ], [ [ 110.537953795379551, -6.828532853285325 ], [ 110.538028802880291, -6.828457845784583 ], [ 110.538028802880291, -6.828532853285329 ], [ 110.537953795379551, -6.828532853285325 ] ], [ [ 110.537503750375038, -6.828682868286823 ], [ 110.537578757875792, -6.828607860786073 ], [ 110.537578757875792, -6.828682868286829 ], [ 110.537503750375038, -6.828682868286823 ] ], [ [ 110.537728772877287, -6.82868286828682 ], [ 110.537803780378042, -6.828607860786084 ], [ 110.537803780378042, -6.828682868286823 ], [ 110.537728772877287, -6.82868286828682 ] ], [ [ 110.537353735373543, -6.828757875787586 ], [ 110.537428742874283, -6.828682868286823 ], [ 110.537428742874283, -6.828757875787582 ], [ 110.537353735373543, -6.828757875787586 ] ], [ [ 110.548979897989796, -6.831308130813073 ], [ 110.549129912991305, -6.831383138313826 ], [ 110.548979897989796, -6.83145814581459 ], [ 110.548979897989796, -6.831308130813073 ] ], [ [ 110.548904890489055, -6.831608160816082 ], [ 110.548979897989796, -6.83145814581459 ], [ 110.548979897989796, -6.831608160816088 ], [ 110.548904890489055, -6.831608160816082 ] ], [ [ 110.539303930393032, -6.832433243324338 ], [ 110.539453945394541, -6.832358235823583 ], [ 110.539453945394541, -6.832433243324328 ], [ 110.539303930393032, -6.832433243324338 ] ], [ [ 110.539453945394541, -6.832508250825076 ], [ 110.539603960396036, -6.832433243324328 ], [ 110.539603960396036, -6.832508250825088 ], [ 110.539453945394541, -6.832508250825076 ] ], [ [ 110.527902790279029, -6.834083408340839 ], [ 110.528877887788781, -6.83355835583558 ], [ 110.528502850285022, -6.833933393339336 ], [ 110.527902790279029, -6.834083408340839 ] ], [ [ 110.542679267926786, -6.834308430843077 ], [ 110.542904290429064, -6.834158415841581 ], [ 110.542904290429064, -6.834308430843088 ], [ 110.542679267926786, -6.834308430843077 ] ], [ [ 110.525877587758771, -6.834308430843089 ], [ 110.52767776777678, -6.837083708370831 ], [ 110.53052805280528, -6.836633663366329 ], [ 110.530153015301536, -6.837233723372344 ], [ 110.534128412841284, -6.838133813381334 ], [ 110.527077707770772, -6.837008700870078 ], [ 110.524227422742271, -6.835133513351327 ], [ 110.525877587758771, -6.834308430843089 ] ], [ [ 110.527602760276025, -6.834383438343829 ], [ 110.527827782778274, -6.834458445844577 ], [ 110.527602760276025, -6.834458445844581 ], [ 110.527602760276025, -6.834383438343829 ] ], [ [ 110.522577257725771, -6.834833483348338 ], [ 110.525652565256522, -6.836558655865585 ], [ 110.524827482748279, -6.837983798379846 ], [ 110.521752175217529, -6.836483648364846 ], [ 110.522577257725771, -6.834833483348338 ] ], [ [ 110.524152415241531, -6.835058505850584 ], [ 110.524227422742271, -6.834983498349827 ], [ 110.524227422742271, -6.835058505850585 ], [ 110.524152415241531, -6.835058505850584 ] ], [ [ 110.527302730273021, -6.83595859585959 ], [ 110.527602760276025, -6.835733573357334 ], [ 110.527602760276025, -6.835883588358833 ], [ 110.527302730273021, -6.83595859585959 ] ], [ [ 110.527227722772281, -6.836033603360329 ], [ 110.527302730273021, -6.83595859585959 ], [ 110.527302730273021, -6.83603360336033 ], [ 110.527227722772281, -6.836033603360329 ] ], [ [ 110.53375337533754, -6.836108610861092 ], [ 110.536528652865286, -6.837233723372334 ], [ 110.536528652865286, -6.837608760876094 ], [ 110.534953495349541, -6.837158715871591 ], [ 110.53375337533754, -6.836108610861092 ] ], [ [ 110.52572757275729, -6.836708670867086 ], [ 110.525802580258031, -6.836633663366329 ], [ 110.525802580258031, -6.836708670867091 ], [ 110.52572757275729, -6.836708670867086 ] ], [ [ 110.529552955295529, -6.836708670867087 ], [ 110.529627962796283, -6.836633663366332 ], [ 110.529627962796283, -6.836708670867089 ], [ 110.529552955295529, -6.836708670867087 ] ], [ [ 110.528727872787272, -6.836858685868593 ], [ 110.528802880288026, -6.836783678367841 ], [ 110.528802880288026, -6.836858685868582 ], [ 110.528727872787272, -6.836858685868593 ] ], [ [ 110.526252625262529, -6.837158715871579 ], [ 110.526552655265533, -6.837083708370838 ], [ 110.526477647764779, -6.837233723372329 ], [ 110.526252625262529, -6.837158715871579 ] ], [ [ 110.530603060306035, -6.837008700870081 ], [ 110.530678067806789, -6.836933693369335 ], [ 110.530678067806789, -6.837008700870083 ], [ 110.530603060306035, -6.837008700870081 ] ], [ [ 110.533228322832286, -6.837083708370831 ], [ 110.533303330333041, -6.837008700870085 ], [ 110.533303330333041, -6.837083708370836 ], [ 110.533228322832286, -6.837083708370831 ] ], [ [ 110.526552655265533, -6.837158715871584 ], [ 110.530603060306035, -6.837833783378342 ], [ 110.531728172817282, -6.838358835883588 ], [ 110.527752775277534, -6.837983798379829 ], [ 110.526552655265533, -6.837158715871584 ] ], [ [ 110.533153315331532, -6.837233723372334 ], [ 110.533228322832286, -6.837158715871595 ], [ 110.533228322832286, -6.837233723372328 ], [ 110.533153315331532, -6.837233723372334 ] ], [ [ 110.530903090309025, -6.837308730873084 ], [ 110.531053105310534, -6.837233723372341 ], [ 110.531053105310534, -6.837308730873096 ], [ 110.530903090309025, -6.837308730873084 ] ], [ [ 110.532553255325539, -6.837608760876082 ], [ 110.532703270327033, -6.83753375337534 ], [ 110.532703270327033, -6.83760876087609 ], [ 110.532553255325539, -6.837608760876082 ] ], [ [ 110.534428442844288, -6.838358835883596 ], [ 110.536453645364531, -6.838883888388833 ], [ 110.538178817881786, -6.840384038403833 ], [ 110.535853585358538, -6.838733873387337 ], [ 110.532778277827788, -6.838658865886595 ], [ 110.534428442844288, -6.838358835883596 ] ], [ [ 110.535928592859293, -6.839183918391831 ], [ 110.536003600360033, -6.839108910891084 ], [ 110.536003600360033, -6.839183918391833 ], [ 110.535928592859293, -6.839183918391831 ] ], [ [ 110.530828082808284, -6.840609060906088 ], [ 110.531578157815787, -6.83993399339934 ], [ 110.530828082808284, -6.840834083408334 ], [ 110.530828082808284, -6.840609060906088 ] ], [ [ 110.536678667866781, -6.839783978397842 ], [ 110.536753675367535, -6.839633963396346 ], [ 110.53682868286829, -6.839783978397845 ], [ 110.536678667866781, -6.839783978397842 ] ], [ [ 110.53690369036903, -6.839858985898585 ], [ 110.537053705370539, -6.839783978397848 ], [ 110.537053705370539, -6.839858985898594 ], [ 110.53690369036903, -6.839858985898585 ] ], [ [ 110.53352835283529, -6.839858985898593 ], [ 110.535403540354039, -6.840009000900096 ], [ 110.535928592859293, -6.840309030903096 ], [ 110.534953495349541, -6.840459045904596 ], [ 110.53352835283529, -6.839858985898593 ] ], [ [ 110.537053705370539, -6.839933993399345 ], [ 110.537203720372034, -6.839858985898583 ], [ 110.537203720372034, -6.839933993399335 ], [ 110.537053705370539, -6.839933993399345 ] ], [ [ 110.537278727872803, -6.840009000900093 ], [ 110.537428742874283, -6.839933993399343 ], [ 110.537428742874283, -6.840009000900086 ], [ 110.537278727872803, -6.840009000900093 ] ], [ [ 110.539303930393032, -6.840084008400842 ], [ 110.539378937893787, -6.840009000900094 ], [ 110.539378937893787, -6.840084008400843 ], [ 110.539303930393032, -6.840084008400842 ] ], [ [ 110.537878787878782, -6.840459045904598 ], [ 110.537953795379551, -6.840384038403839 ], [ 110.537953795379551, -6.84045904590459 ], [ 110.537878787878782, -6.840459045904598 ] ], [ [ 110.538178817881786, -6.840459045904597 ], [ 110.53825382538254, -6.840384038403834 ], [ 110.53825382538254, -6.840459045904582 ], [ 110.538178817881786, -6.840459045904597 ] ], [ [ 110.537953795379551, -6.840534053405345 ], [ 110.538028802880291, -6.840459045904584 ], [ 110.538028802880291, -6.84053405340534 ], [ 110.537953795379551, -6.840534053405345 ] ], [ [ 110.53825382538254, -6.840534053405335 ], [ 110.538328832883295, -6.840459045904586 ], [ 110.538328832883295, -6.840534053405338 ], [ 110.53825382538254, -6.840534053405335 ] ], [ [ 110.538028802880291, -6.840609060906098 ], [ 110.538103810381031, -6.840534053405334 ], [ 110.538103810381031, -6.840609060906093 ], [ 110.538028802880291, -6.840609060906098 ] ], [ [ 110.538103810381031, -6.840684068406838 ], [ 110.538178817881786, -6.840609060906091 ], [ 110.538178817881786, -6.840684068406834 ], [ 110.538103810381031, -6.840684068406838 ] ], [ [ 110.538178817881786, -6.840759075907583 ], [ 110.53825382538254, -6.840684068406832 ], [ 110.53825382538254, -6.840759075907598 ], [ 110.538178817881786, -6.840759075907583 ] ], [ [ 110.53075307530753, -6.841059105910582 ], [ 110.530903090309025, -6.840909090909085 ], [ 110.530903090309025, -6.841209120912084 ], [ 110.530828082808284, -6.841059105910582 ], [ 110.53075307530753, -6.841059105910582 ] ], [ [ 110.530678067806789, -6.841059105910582 ], [ 110.530828082808284, -6.842784278427843 ], [ 110.530153015301536, -6.84480948094809 ], [ 110.530228022802277, -6.843759375937596 ], [ 110.530078007800782, -6.843684368436843 ], [ 110.530678067806789, -6.841059105910582 ] ], [ [ 110.537128712871294, -6.842259225922584 ], [ 110.537203720372034, -6.842184218421844 ], [ 110.537203720372034, -6.842259225922592 ], [ 110.537128712871294, -6.842259225922584 ] ], [ [ 110.537428742874283, -6.842634263426345 ], [ 110.537503750375038, -6.842559255925596 ], [ 110.537503750375038, -6.84263426342635 ], [ 110.537428742874283, -6.842634263426345 ] ], [ [ 110.537353735373543, -6.842709270927094 ], [ 110.537428742874283, -6.842634263426345 ], [ 110.537428742874283, -6.842709270927084 ], [ 110.537353735373543, -6.842709270927094 ] ], [ [ 110.537203720372034, -6.842784278427835 ], [ 110.537278727872803, -6.842709270927085 ], [ 110.537278727872803, -6.842784278427845 ], [ 110.537203720372034, -6.842784278427835 ] ], [ [ 110.537128712871294, -6.842859285928585 ], [ 110.537203720372034, -6.842784278427835 ], [ 110.537203720372034, -6.8428592859286 ], [ 110.537128712871294, -6.842859285928585 ] ], [ [ 110.536303630363051, -6.843084308430841 ], [ 110.536453645364531, -6.843159315931597 ], [ 110.536303630363051, -6.843159315931587 ], [ 110.536303630363051, -6.843084308430841 ] ], [ [ 110.536228622862282, -6.843234323432339 ], [ 110.536303630363051, -6.843159315931587 ], [ 110.536303630363051, -6.84323432343235 ], [ 110.536228622862282, -6.843234323432339 ] ], [ [ 110.536153615361542, -6.84330933093309 ], [ 110.536228622862282, -6.843234323432339 ], [ 110.536228622862282, -6.843309330933089 ], [ 110.536153615361542, -6.84330933093309 ] ], [ [ 110.530078007800782, -6.843984398439841 ], [ 110.530153015301536, -6.843834383438337 ], [ 110.530153015301536, -6.843984398439835 ], [ 110.530078007800782, -6.843984398439841 ] ], [ [ 110.529927992799287, -6.845559555955599 ], [ 110.530003000300042, -6.845484548454841 ], [ 110.530003000300042, -6.845559555955601 ], [ 110.529927992799287, -6.845559555955599 ] ], [ [ 110.530603060306035, -6.845784578457841 ], [ 110.530678067806789, -6.845709570957091 ], [ 110.530678067806789, -6.845784578457841 ], [ 110.530603060306035, -6.845784578457841 ] ] ] } },
{ "type": "Feature", "properties": { "year": 2026, "layer": "atrisk" }, "geometry": { "type": "Polygon", "coordinates": [ [ [ 110.527077707770772, -6.847884788478854 ], [ 110.522652265226526, -6.848334833483343 ], [ 110.521827182718269, -6.848784878487857 ], [ 110.524752475247524, -6.849984998499854 ], [ 110.527077707770772, -6.847884788478854 ] ] ] } },
{ "type": "Feature", "properties": { "year": 2026, "layer": "atrisk" }, "geometry": { "type": "Polygon", "coordinates": [ [ [ 110.530078007800782, -6.846309630963093 ], [ 110.526627662766273, -6.851035103510351 ], [ 110.52437743774378, -6.850735073507357 ], [ 110.521452145214539, -6.851560156015593 ], [ 110.521227122712276, -6.849534953495352 ], [ 110.519726972697271, -6.854485448544859 ], [ 110.520627062706268, -6.855535553555354 ], [ 110.522277227722768, -6.854335433543356 ], [ 110.522427242724291, -6.854260426042597 ], [ 110.52272727272728, -6.854335433543352 ], [ 110.518076807680771, -6.85778577857786 ], [ 110.518751875187519, -6.856135613561352 ], [ 110.51830183018302, -6.855235523552351 ], [ 110.51522652265227, -6.85913591359135 ], [ 110.51552655265526, -6.860186018601866 ], [ 110.520252025202524, -6.85643564356436 ], [ 110.519576957695776, -6.858385838583861 ], [ 110.518076807680771, -6.858685868586864 ], [ 110.516426642664271, -6.860111011101111 ], [ 110.516426642664271, -6.860336033603359 ], [ 110.517476747674763, -6.861311131113106 ], [ 110.518601860186024, -6.86131113111311 ], [ 110.521902190219024, -6.859285928592865 ], [ 110.521752175217529, -6.855085508550849 ], [ 110.523927392739267, -6.854935493549357 ], [ 110.523552355235523, -6.854410441044104 ], [ 110.525202520252023, -6.853810381038095 ], [ 110.524977497749774, -6.853210321032097 ], [ 110.525802580258031, -6.853285328532849 ], [ 110.52610261026102, -6.852460246024601 ], [ 110.528952895289535, -6.8533603360336 ], [ 110.534428442844288, -6.849909990999097 ], [ 110.530903090309025, -6.846459645964596 ], [ 110.530078007800782, -6.846309630963093 ] ], [ [ 110.530303030303031, -6.846459645964599 ], [ 110.5303780378038, -6.846384638463848 ], [ 110.5303780378038, -6.846459645964601 ], [ 110.530303030303031, -6.846459645964599 ] ], [ [ 110.529552955295529, -6.848334833483342 ], [ 110.529627962796283, -6.848259825982595 ], [ 110.529627962796283, -6.848334833483339 ], [ 110.529552955295529, -6.848334833483342 ] ], [ [ 110.529252925292525, -6.848784878487849 ], [ 110.529327932793279, -6.848709870987093 ], [ 110.529327932793279, -6.848784878487857 ], [ 110.529252925292525, -6.848784878487849 ] ], [ [ 110.529402940294034, -6.848859885988597 ], [ 110.529477947794774, -6.848709870987093 ], [ 110.529477947794774, -6.848859885988594 ], [ 110.529402940294034, -6.848859885988597 ] ], [ [ 110.528802880288026, -6.851410141014108 ], [ 110.529702970297024, -6.850810081008094 ], [ 110.529327932793279, -6.851485148514847 ], [ 110.528802880288026, -6.851410141014108 ] ], [ [ 110.52602760276028, -6.851110111011094 ], [ 110.526177617761775, -6.851035103510351 ], [ 110.526177617761775, -6.851110111011095 ], [ 110.52602760276028, -6.851110111011094 ] ], [ [ 110.526177617761775, -6.851185118511859 ], [ 110.526252625262529, -6.851110111011097 ], [ 110.526252625262529, -6.851185118511848 ], [ 110.526177617761775, -6.851185118511859 ] ], [ [ 110.528277827782773, -6.851485148514854 ], [ 110.528352835283542, -6.851260126012608 ], [ 110.528352835283542, -6.85148514851485 ], [ 110.528277827782773, -6.851485148514854 ] ], [ [ 110.527902790279029, -6.851710171017104 ], [ 110.528277827782773, -6.851560156015604 ], [ 110.528202820282033, -6.852010201020099 ], [ 110.527902790279029, -6.851710171017104 ] ], [ [ 110.522877287728775, -6.85148514851485 ], [ 110.52295229522953, -6.851410141014107 ], [ 110.52295229522953, -6.851485148514854 ], [ 110.522877287728775, -6.85148514851485 ] ], [ [ 110.529852985298533, -6.851860186018596 ], [ 110.5303780378038, -6.851560156015597 ], [ 110.530228022802277, -6.852010201020098 ], [ 110.529852985298533, -6.851860186018596 ] ], [ [ 110.5303780378038, -6.851485148514844 ], [ 110.530453045304526, -6.851410141014095 ], [ 110.530453045304526, -6.851485148514858 ], [ 110.5303780378038, -6.851485148514844 ] ], [ [ 110.528802880288026, -6.851635163516359 ], [ 110.528952895289535, -6.851710171017095 ], [ 110.528802880288026, -6.851785178517856 ], [ 110.528802880288026, -6.851635163516359 ] ], [ [ 110.529927992799287, -6.851560156015601 ], [ 110.530003000300042, -6.851485148514849 ], [ 110.530003000300042, -6.851560156015607 ], [ 110.529927992799287, -6.851560156015601 ] ], [ [ 110.528952895289535, -6.851785178517859 ], [ 110.52902790279029, -6.851710171017107 ], [ 110.52902790279029, -6.851785178517853 ], [ 110.528952895289535, -6.851785178517859 ] ], [ [ 110.528727872787272, -6.851935193519349 ], [ 110.528802880288026, -6.851785178517856 ], [ 110.528802880288026, -6.851935193519355 ], [ 110.528727872787272, -6.851935193519349 ] ], [ [ 110.528877887788781, -6.852010201020103 ], [ 110.528952895289535, -6.851860186018594 ], [ 110.528952895289535, -6.852010201020106 ], [ 110.528877887788781, -6.852010201020103 ] ], [ [ 110.527827782778274, -6.852085208520851 ], [ 110.527902790279029, -6.852010201020109 ], [ 110.527902790279029, -6.852085208520855 ], [ 110.527827782778274, -6.852085208520851 ] ], [ [ 110.528502850285022, -6.852235223522349 ], [ 110.528727872787272, -6.852160216021603 ], [ 110.528502850285022, -6.852535253525344 ], [ 110.528502850285022, -6.852235223522349 ] ], [ [ 110.522652265226526, -6.852235223522344 ], [ 110.52272727272728, -6.852085208520858 ], [ 110.52272727272728, -6.852235223522346 ], [ 110.522652265226526, -6.852235223522344 ] ], [ [ 110.527827782778274, -6.852235223522361 ], [ 110.527902790279029, -6.852160216021609 ], [ 110.527902790279029, -6.852235223522348 ], [ 110.527827782778274, -6.852235223522361 ] ], [ [ 110.528052805280524, -6.852235223522356 ], [ 110.528127812781278, -6.852160216021606 ], [ 110.528127812781278, -6.85223522352236 ], [ 110.528052805280524, -6.852235223522356 ] ], [ [ 110.522577257725771, -6.852310231023094 ], [ 110.522652265226526, -6.852235223522344 ], [ 110.522652265226526, -6.852310231023104 ], [ 110.522577257725771, -6.852310231023094 ] ], [ [ 110.522427242724291, -6.852460246024599 ], [ 110.524002400240022, -6.853210321032097 ], [ 110.524302430243026, -6.852985298529858 ], [ 110.524902490249019, -6.853135313531348 ], [ 110.522802280228021, -6.854185418541858 ], [ 110.52302730273027, -6.853885388538858 ], [ 110.52302730273027, -6.853435343534348 ], [ 110.522427242724291, -6.852460246024599 ] ], [ [ 110.522352235223522, -6.852760276027606 ], [ 110.522427242724291, -6.852685268526845 ], [ 110.522427242724291, -6.852760276027602 ], [ 110.522352235223522, -6.852760276027606 ] ], [ [ 110.525652565256522, -6.853135313531349 ], [ 110.52572757275729, -6.853060306030596 ], [ 110.52572757275729, -6.85313531353136 ], [ 110.525652565256522, -6.853135313531349 ] ], [ [ 110.52437743774378, -6.853510351035109 ], [ 110.524452445244521, -6.853435343534351 ], [ 110.524452445244521, -6.853510351035098 ], [ 110.52437743774378, -6.853510351035109 ] ], [ [ 110.522802280228021, -6.853810381038096 ], [ 110.52295229522953, -6.853735373537356 ], [ 110.52295229522953, -6.85388538853886 ], [ 110.522802280228021, -6.853810381038096 ] ], [ [ 110.52160216021602, -6.854710471047111 ], [ 110.521677167716774, -6.85463546354635 ], [ 110.521677167716774, -6.854710471047096 ], [ 110.52160216021602, -6.854710471047111 ] ], [ [ 110.51680168016803, -6.858460846084602 ], [ 110.518076807680771, -6.857860786078601 ], [ 110.51552655265526, -6.85958595859585 ], [ 110.51680168016803, -6.858460846084602 ] ], [ [ 110.518076807680771, -6.858835883588354 ], [ 110.518151815181511, -6.858760876087608 ], [ 110.518151815181511, -6.858835883588362 ], [ 110.518076807680771, -6.858835883588354 ] ], [ [ 110.518226822682266, -6.858910891089114 ], [ 110.51830183018302, -6.858835883588357 ], [ 110.51830183018302, -6.858910891089114 ], [ 110.518226822682266, -6.858910891089114 ] ], [ [ 110.518751875187519, -6.858985898589859 ], [ 110.518826882688273, -6.858910891089111 ], [ 110.518826882688273, -6.858985898589857 ], [ 110.518751875187519, -6.858985898589859 ] ], [ [ 110.51852685268527, -6.859060906090604 ], [ 110.518751875187519, -6.858985898589859 ], [ 110.518751875187519, -6.859060906090612 ], [ 110.51852685268527, -6.859060906090604 ] ], [ [ 110.516501650165011, -6.860336033603357 ], [ 110.516576657665766, -6.860261026102601 ], [ 110.516576657665766, -6.860336033603358 ], [ 110.516501650165011, -6.860336033603357 ] ] ] } },
{ "type": "Feature", "properties": { "year": 2026, "layer": "atrisk" }, "geometry": { "type": "Polygon", "coordinates": [ [ [ 110.50142514251425, -6.903990399039906 ], [ 110.500225022502249, -6.904515451545158 ], [ 110.50142514251425, -6.905190519051901 ], [ 110.50142514251425, -6.903990399039906 ] ] ] } },
{ "type": "Feature", "properties": { "year": 2026, "layer": "atrisk" }, "geometry": { "type": "Polygon", "coordinates": [ [ [ 110.491224122412248, -6.910066006600665 ], [ 110.490324032403237, -6.911041104110412 ], [ 110.490549054905486, -6.91156615661566 ], [ 110.489273927392745, -6.91029102910291 ], [ 110.487398739873996, -6.911716171617162 ], [ 110.489048904890495, -6.912991299129915 ], [ 110.489798979897984, -6.912391239123908 ], [ 110.489123912391236, -6.913366336633664 ], [ 110.489873987398738, -6.913741374137413 ], [ 110.491674167416747, -6.911491149114912 ], [ 110.491824182418242, -6.910366036603663 ], [ 110.491224122412248, -6.910066006600665 ] ], [ [ 110.491224122412248, -6.910291029102917 ], [ 110.491299129912989, -6.910216021602165 ], [ 110.491299129912989, -6.910291029102907 ], [ 110.491224122412248, -6.910291029102917 ] ], [ [ 110.491149114911494, -6.910366036603657 ], [ 110.491224122412248, -6.910291029102917 ], [ 110.491224122412248, -6.910366036603651 ], [ 110.491149114911494, -6.910366036603657 ] ], [ [ 110.491074107410739, -6.910441044104411 ], [ 110.491149114911494, -6.910366036603657 ], [ 110.491149114911494, -6.910441044104415 ], [ 110.491074107410739, -6.910441044104411 ] ], [ [ 110.488898889888986, -6.912691269126906 ], [ 110.488973897389741, -6.912616261626166 ], [ 110.488973897389741, -6.912691269126912 ], [ 110.488898889888986, -6.912691269126906 ] ] ] } },
{ "type": "Feature", "properties": { "year": 2026, "layer": "atrisk" }, "geometry": { "type": "Polygon", "coordinates": [ [ [ 110.442619261926197, -6.938943894389443 ], [ 110.440819081908202, -6.938043804380433 ], [ 110.439468946894692, -6.938943894389444 ], [ 110.442619261926197, -6.938943894389443 ] ] ] } },
{ "type": "Feature", "properties": { "year": 2026, "layer": "atrisk" }, "geometry": { "type": "Polygon", "coordinates": [ [ [ 110.522127212721273, -6.859585958595868 ], [ 110.51830183018302, -6.861686168616862 ], [ 110.519876987698765, -6.86183618361837 ], [ 110.515076507650761, -6.867386738673869 ], [ 110.510726072607255, -6.87563756375637 ], [ 110.511626162616267, -6.876237623762369 ], [ 110.510426042604266, -6.876762676267631 ], [ 110.48312331233123, -6.912016201620159 ], [ 110.48312331233123, -6.913066306630666 ], [ 110.481098109810986, -6.914491449144907 ], [ 110.478997899789974, -6.918241824182414 ], [ 110.47562256225622, -6.920942094209425 ], [ 110.476072607260733, -6.924167416741672 ], [ 110.470447044704471, -6.925442544254425 ], [ 110.467371737173721, -6.930468046804684 ], [ 110.46482148214821, -6.929717971797172 ], [ 110.461221122112207, -6.932418241824185 ], [ 110.46009600960096, -6.931818181818182 ], [ 110.459870987098711, -6.933318331833183 ], [ 110.458820882088204, -6.932343234323429 ], [ 110.455520552055205, -6.935943594359435 ], [ 110.452970297029708, -6.936318631863181 ], [ 110.452145214521451, -6.935043504350432 ], [ 110.449219921992196, -6.936918691869195 ], [ 110.448394839483953, -6.935418541854187 ], [ 110.445919591959196, -6.936543654365435 ], [ 110.445019501950199, -6.938943894389442 ], [ 110.458895889588959, -6.938943894389431 ], [ 110.459120912091208, -6.937443744374442 ], [ 110.458370837083706, -6.937068706870691 ], [ 110.458745874587464, -6.938343834383429 ], [ 110.45844584458446, -6.938493849384931 ], [ 110.457395739573954, -6.936693669366933 ], [ 110.459270927092703, -6.933618361836189 ], [ 110.461896189618969, -6.934518451845175 ], [ 110.461596159615965, -6.933243324332429 ], [ 110.462271227122713, -6.933243324332442 ], [ 110.462046204620464, -6.934668466846682 ], [ 110.465496549654972, -6.938943894389435 ], [ 110.463471347134714, -6.935793579357942 ], [ 110.467296729672967, -6.938943894389437 ], [ 110.48004800480048, -6.93879387938794 ], [ 110.482973297329735, -6.938268826882696 ], [ 110.482448244824496, -6.936093609360934 ], [ 110.483423342334234, -6.938118811881191 ], [ 110.484998499849979, -6.937743774377434 ], [ 110.492574257425744, -6.933693369336925 ], [ 110.493549354935496, -6.932793279327939 ], [ 110.492649264926499, -6.931968196819675 ], [ 110.494224422442244, -6.932193219321936 ], [ 110.492349234923509, -6.931593159315925 ], [ 110.484623462346235, -6.927767776777681 ], [ 110.480348034803484, -6.924542454245417 ], [ 110.485598559855987, -6.92596759675967 ], [ 110.485898589858991, -6.928217821782186 ], [ 110.492949294929488, -6.931593159315926 ], [ 110.493999399940009, -6.931818181818182 ], [ 110.494899489948992, -6.931518151815187 ], [ 110.500750075007502, -6.920642064206421 ], [ 110.50142514251425, -6.906540654065408 ], [ 110.500450045004499, -6.906315631563164 ], [ 110.50142514251425, -6.906315631563159 ], [ 110.500075007500755, -6.905565556555649 ], [ 110.498949894989508, -6.905715571557153 ], [ 110.500300030003018, -6.905865586558655 ], [ 110.499624962496256, -6.906765676567658 ], [ 110.497599759975998, -6.906015601560157 ], [ 110.496474647464751, -6.904140414041406 ], [ 110.494224422442244, -6.903840384038403 ], [ 110.494074407440749, -6.902790279027905 ], [ 110.498724872487244, -6.904515451545149 ], [ 110.50142514251425, -6.902415241524146 ], [ 110.499249924992498, -6.900615061506159 ], [ 110.499249924992498, -6.898139813981402 ], [ 110.50142514251425, -6.899714971497152 ], [ 110.50142514251425, -6.896939693969404 ], [ 110.509825982598258, -6.894239423942401 ], [ 110.505550555055507, -6.890264026402634 ], [ 110.509975997599753, -6.892739273927397 ], [ 110.511551155115512, -6.891689168916886 ], [ 110.511101110111014, -6.893414341434146 ], [ 110.514926492649266, -6.890564056405639 ], [ 110.517251725172514, -6.887863786378631 ], [ 110.51350135013503, -6.884938493849387 ], [ 110.514326432643259, -6.883963396339628 ], [ 110.518151815181511, -6.886738673867383 ], [ 110.520402040204019, -6.882388238823875 ], [ 110.517776777677767, -6.875262526252623 ], [ 110.516726672667261, -6.873162316231619 ], [ 110.51357635763577, -6.875262526252623 ], [ 110.512976297629763, -6.875112511251132 ], [ 110.513951395139514, -6.87406240624063 ], [ 110.515001500150021, -6.873837383738367 ], [ 110.516426642664271, -6.872712271227127 ], [ 110.516126612661267, -6.871737173717371 ], [ 110.514776477647771, -6.870762076207612 ], [ 110.51515151515153, -6.870162016201618 ], [ 110.518076807680771, -6.873087308730867 ], [ 110.521077107710781, -6.880588058805883 ], [ 110.522127212721273, -6.875187518751867 ], [ 110.522277227722768, -6.862286228622869 ], [ 110.520852085208517, -6.860561056105616 ], [ 110.522127212721273, -6.859585958595868 ] ], [ [ 110.52137713771377, -6.861461146114618 ], [ 110.521452145214539, -6.861386138613856 ], [ 110.521452145214539, -6.861461146114618 ], [ 110.52137713771377, -6.861461146114618 ] ], [ [ 110.518826882688273, -6.864161416141609 ], [ 110.518901890189014, -6.864086408640865 ], [ 110.518901890189014, -6.864161416141605 ], [ 110.518826882688273, -6.864161416141609 ] ], [ [ 110.515751575157509, -6.866936693669365 ], [ 110.516126612661267, -6.866936693669365 ], [ 110.515826582658264, -6.867161716171623 ], [ 110.515751575157509, -6.866936693669365 ] ], [ [ 110.516126612661267, -6.866936693669365 ], [ 110.516426642664271, -6.866936693669373 ], [ 110.516201620162022, -6.867086708670867 ], [ 110.516126612661267, -6.866936693669365 ] ], [ [ 110.515826582658264, -6.870162016201623 ], [ 110.515901590159018, -6.870087008700863 ], [ 110.515901590159018, -6.870162016201618 ], [ 110.515826582658264, -6.870162016201623 ] ], [ [ 110.515901590159018, -6.870312031203127 ], [ 110.515976597659773, -6.870162016201619 ], [ 110.516051605160513, -6.87031203120312 ], [ 110.515901590159018, -6.870312031203127 ] ], [ [ 110.515976597659773, -6.870987098709875 ], [ 110.516051605160513, -6.870912091209122 ], [ 110.516051605160513, -6.870987098709871 ], [ 110.515976597659773, -6.870987098709875 ] ], [ [ 110.515901590159018, -6.871812181218127 ], [ 110.515976597659773, -6.871737173717364 ], [ 110.515976597659773, -6.871812181218114 ], [ 110.515901590159018, -6.871812181218127 ] ], [ [ 110.513126312631258, -6.873237323732373 ], [ 110.514401440144013, -6.872637263726373 ], [ 110.513201320132012, -6.874437443744373 ], [ 110.513126312631258, -6.873237323732373 ] ], [ [ 110.514851485148512, -6.873762376237616 ], [ 110.514926492649266, -6.873687368736877 ], [ 110.514926492649266, -6.87376237623763 ], [ 110.514851485148512, -6.873762376237616 ] ], [ [ 110.52137713771377, -6.877212721272127 ], [ 110.521452145214539, -6.877137713771381 ], [ 110.521452145214539, -6.877212721272119 ], [ 110.52137713771377, -6.877212721272127 ] ], [ [ 110.511776177617762, -6.878862886288624 ], [ 110.512076207620765, -6.879087908790871 ], [ 110.511551155115512, -6.879237923792379 ], [ 110.511176117611768, -6.879912991299135 ], [ 110.51185118511853, -6.879237923792371 ], [ 110.512076207620765, -6.879462946294629 ], [ 110.510201020102031, -6.880813081308126 ], [ 110.510651065106515, -6.881863186318625 ], [ 110.510126012601262, -6.881413141314135 ], [ 110.509900990099013, -6.881488148814884 ], [ 110.509675967596763, -6.883213321332131 ], [ 110.508625862586257, -6.883438343834385 ], [ 110.50915091509151, -6.879162916291631 ], [ 110.509450945094514, -6.879087908790878 ], [ 110.510051005100507, -6.880363036303626 ], [ 110.510201020102031, -6.880363036303632 ], [ 110.511776177617762, -6.878862886288624 ] ], [ [ 110.510201020102031, -6.881713171317138 ], [ 110.510276027602757, -6.881638163816376 ], [ 110.510276027602757, -6.881713171317124 ], [ 110.510201020102031, -6.881713171317138 ] ], [ [ 110.510351035103511, -6.881938193819379 ], [ 110.51050105010502, -6.882013201320137 ], [ 110.510351035103511, -6.882013201320134 ], [ 110.510351035103511, -6.881938193819379 ] ], [ [ 110.508850885088506, -6.884563456345636 ], [ 110.509750975097504, -6.884563456345638 ], [ 110.510126012601262, -6.885463546354637 ], [ 110.511251125112508, -6.884788478847881 ], [ 110.511776177617762, -6.885163516351629 ], [ 110.51050105010502, -6.886138613861384 ], [ 110.508850885088506, -6.884563456345636 ] ], [ [ 110.508625862586257, -6.884713471347133 ], [ 110.508775877587752, -6.884638463846381 ], [ 110.508775877587752, -6.884713471347135 ], [ 110.508625862586257, -6.884713471347133 ] ], [ [ 110.511401140114017, -6.884788478847876 ], [ 110.511476147614758, -6.884713471347134 ], [ 110.511476147614758, -6.884788478847891 ], [ 110.511401140114017, -6.884788478847876 ] ], [ [ 110.511551155115512, -6.884938493849379 ], [ 110.511626162616267, -6.88486348634864 ], [ 110.511626162616267, -6.884938493849387 ], [ 110.511551155115512, -6.884938493849379 ] ], [ [ 110.507125712571252, -6.885013501350134 ], [ 110.508700870087011, -6.88501350135013 ], [ 110.509975997599753, -6.886138613861379 ], [ 110.508325832583253, -6.885463546354641 ], [ 110.506825682568262, -6.886738673867383 ], [ 110.507125712571252, -6.885013501350134 ] ], [ [ 110.510876087608779, -6.88621362136213 ], [ 110.510951095109505, -6.886138613861394 ], [ 110.510951095109505, -6.886213621362134 ], [ 110.510876087608779, -6.88621362136213 ] ], [ [ 110.51357635763577, -6.888313831383139 ], [ 110.513651365136511, -6.88823882388239 ], [ 110.513651365136511, -6.888313831383145 ], [ 110.51357635763577, -6.888313831383139 ] ], [ [ 110.513426342634261, -6.888388838883882 ], [ 110.51350135013503, -6.88831383138314 ], [ 110.51350135013503, -6.888388838883883 ], [ 110.513426342634261, -6.888388838883882 ] ], [ [ 110.513651365136511, -6.888388838883886 ], [ 110.513726372637265, -6.888313831383141 ], [ 110.513726372637265, -6.888388838883887 ], [ 110.513651365136511, -6.888388838883886 ] ], [ [ 110.51380138013802, -6.888313831383142 ], [ 110.51522652265227, -6.889738973897385 ], [ 110.515076507650761, -6.890039003900394 ], [ 110.514101410141009, -6.88936393639364 ], [ 110.51380138013802, -6.888313831383142 ] ], [ [ 110.51350135013503, -6.888463846384647 ], [ 110.51357635763577, -6.888388838883889 ], [ 110.51357635763577, -6.888463846384642 ], [ 110.51350135013503, -6.888463846384647 ] ], [ [ 110.50637563756375, -6.890189018901885 ], [ 110.506450645064504, -6.890114011401141 ], [ 110.506450645064504, -6.890189018901897 ], [ 110.50637563756375, -6.890189018901885 ] ], [ [ 110.5061506150615, -6.89026402640263 ], [ 110.506225622562269, -6.890189018901885 ], [ 110.506225622562269, -6.890264026402637 ], [ 110.5061506150615, -6.89026402640263 ] ], [ [ 110.504050405040502, -6.894014401440147 ], [ 110.504350435043506, -6.89341434143414 ], [ 110.505250525052517, -6.894539453945398 ], [ 110.504050405040502, -6.894014401440147 ] ], [ [ 110.504875487548759, -6.893939393939396 ], [ 110.504950495049499, -6.89386438643865 ], [ 110.504950495049499, -6.8939393939394 ], [ 110.504875487548759, -6.893939393939396 ] ], [ [ 110.502475247524757, -6.895739573957405 ], [ 110.502775277527746, -6.895439543954397 ], [ 110.502700270027006, -6.895889588958891 ], [ 110.502475247524757, -6.895739573957405 ] ], [ [ 110.498724872487244, -6.897989798979893 ], [ 110.498799879987999, -6.897839783978402 ], [ 110.498874887488753, -6.897989798979901 ], [ 110.498724872487244, -6.897989798979893 ] ], [ [ 110.4983498349835, -6.900315031503147 ], [ 110.498799879987999, -6.900015001500145 ], [ 110.499024902490248, -6.900315031503148 ], [ 110.4983498349835, -6.900315031503147 ] ], [ [ 110.49557455745574, -6.904215421542149 ], [ 110.495649564956508, -6.904140414041404 ], [ 110.495649564956508, -6.904215421542154 ], [ 110.49557455745574, -6.904215421542149 ] ], [ [ 110.500300030003018, -6.906090609060905 ], [ 110.500525052505253, -6.906015601560155 ], [ 110.500450045004499, -6.906165616561648 ], [ 110.500300030003018, -6.906090609060905 ] ], [ [ 110.500300030003018, -6.906240624062403 ], [ 110.500375037503744, -6.906165616561654 ], [ 110.500375037503744, -6.906240624062398 ], [ 110.500300030003018, -6.906240624062403 ] ], [ [ 110.492799279927993, -6.906540654065405 ], [ 110.49692469246925, -6.908415841584159 ], [ 110.497224722472254, -6.909990999099913 ], [ 110.495949594959498, -6.909165916591657 ], [ 110.495199519951996, -6.909240924092409 ], [ 110.492799279927993, -6.906540654065405 ] ], [ [ 110.50127512751277, -6.906765676567655 ], [ 110.501350135013496, -6.906690669066911 ], [ 110.501350135013496, -6.906765676567661 ], [ 110.50127512751277, -6.906765676567655 ] ], [ [ 110.490174017401742, -6.908340834083399 ], [ 110.495874587458744, -6.912691269126914 ], [ 110.49227422742274, -6.910891089108915 ], [ 110.492649264926499, -6.912016201620171 ], [ 110.490549054905486, -6.913366336633655 ], [ 110.490699069906995, -6.915616561656172 ], [ 110.491749174917487, -6.916741674167411 ], [ 110.493324332433247, -6.915841584158412 ], [ 110.493699369936991, -6.918016801680174 ], [ 110.489498949894994, -6.917641764176412 ], [ 110.489873987398738, -6.915466546654671 ], [ 110.485523552355232, -6.914566456645666 ], [ 110.486048604860486, -6.911566156615654 ], [ 110.488373837383747, -6.909315931593162 ], [ 110.490324032403237, -6.910066006600668 ], [ 110.490174017401742, -6.908340834083399 ] ], [ [ 110.495649564956508, -6.909390939093905 ], [ 110.495724572457249, -6.909315931593157 ], [ 110.495724572457249, -6.909390939093914 ], [ 110.495649564956508, -6.909390939093905 ] ], [ [ 110.497224722472254, -6.909615961596155 ], [ 110.497299729973008, -6.909540954095416 ], [ 110.497299729973008, -6.909615961596153 ], [ 110.497224722472254, -6.909615961596155 ] ], [ [ 110.494524452445248, -6.909690969096907 ], [ 110.495874587458744, -6.909990999099906 ], [ 110.495874587458744, -6.910216021602157 ], [ 110.49534953495349, -6.910666066606668 ], [ 110.494524452445248, -6.909690969096907 ] ], [ [ 110.496099609960993, -6.909990999099912 ], [ 110.496549654965492, -6.910066006600661 ], [ 110.496249624962502, -6.910291029102905 ], [ 110.496099609960993, -6.909990999099912 ] ], [ [ 110.496024602460267, -6.910366036603651 ], [ 110.496099609960993, -6.910216021602165 ], [ 110.496099609960993, -6.910366036603656 ], [ 110.496024602460267, -6.910366036603651 ] ], [ [ 110.496174617461747, -6.911491149114904 ], [ 110.496324632463256, -6.911416141614156 ], [ 110.496324632463256, -6.911491149114905 ], [ 110.496174617461747, -6.911491149114904 ] ], [ [ 110.496549654965492, -6.911791179117913 ], [ 110.497524752475243, -6.912016201620171 ], [ 110.497074707470745, -6.912391239123911 ], [ 110.496549654965492, -6.911791179117913 ] ], [ [ 110.496699669967001, -6.91246624662466 ], [ 110.496849684968495, -6.912391239123907 ], [ 110.49692469246925, -6.91261626162616 ], [ 110.496699669967001, -6.91246624662466 ] ], [ [ 110.494524452445248, -6.912616261626161 ], [ 110.494674467446757, -6.912466246624667 ], [ 110.494674467446757, -6.912616261626169 ], [ 110.494524452445248, -6.912616261626161 ] ], [ [ 110.49692469246925, -6.912691269126917 ], [ 110.49699969996999, -6.912616261626158 ], [ 110.49699969996999, -6.912691269126914 ], [ 110.49692469246925, -6.912691269126917 ] ], [ [ 110.491674167416747, -6.912766276627664 ], [ 110.491749174917487, -6.912691269126919 ], [ 110.491749174917487, -6.91276627662767 ], [ 110.491674167416747, -6.912766276627664 ] ], [ [ 110.495649564956508, -6.912841284128419 ], [ 110.496099609960993, -6.913141314131411 ], [ 110.495724572457249, -6.91366636663666 ], [ 110.495649564956508, -6.912841284128419 ] ], [ [ 110.497674767476752, -6.91314131413141 ], [ 110.497974797479742, -6.91306630663066 ], [ 110.497899789979002, -6.913216321632163 ], [ 110.497674767476752, -6.91314131413141 ] ], [ [ 110.497299729973008, -6.91314131413141 ], [ 110.497374737473748, -6.913066306630666 ], [ 110.497374737473748, -6.913141314131419 ], [ 110.497299729973008, -6.91314131413141 ] ], [ [ 110.497524752475243, -6.913666366636658 ], [ 110.497749774977493, -6.913441344134408 ], [ 110.497749774977493, -6.913741374137406 ], [ 110.497524752475243, -6.913666366636658 ] ], [ [ 110.497674767476752, -6.914191419141919 ], [ 110.499849984998505, -6.914416441644169 ], [ 110.499924992499245, -6.915616561656159 ], [ 110.497674767476752, -6.914191419141919 ] ], [ [ 110.495874587458744, -6.914191419141906 ], [ 110.495949594959498, -6.914116411641166 ], [ 110.495949594959498, -6.914191419141913 ], [ 110.495874587458744, -6.914191419141906 ] ], [ [ 110.495724572457249, -6.914266426642663 ], [ 110.495799579957989, -6.914191419141915 ], [ 110.495799579957989, -6.914266426642661 ], [ 110.495724572457249, -6.914266426642663 ] ], [ [ 110.496399639963997, -6.91464146414642 ], [ 110.496774677467741, -6.914791479147919 ], [ 110.496624662466246, -6.915466546654665 ], [ 110.496399639963997, -6.91464146414642 ] ], [ [ 110.495799579957989, -6.914341434143408 ], [ 110.495874587458744, -6.914266426642671 ], [ 110.495874587458744, -6.914341434143421 ], [ 110.495799579957989, -6.914341434143408 ] ], [ [ 110.490999099909985, -6.914416441644165 ], [ 110.491074107410739, -6.91434143414341 ], [ 110.491074107410739, -6.914416441644171 ], [ 110.490999099909985, -6.914416441644165 ] ], [ [ 110.482223222322233, -6.915391539153923 ], [ 110.484098409840996, -6.917116711671173 ], [ 110.483948394839487, -6.918016801680176 ], [ 110.481848184818489, -6.916216621662164 ], [ 110.482223222322233, -6.915391539153923 ] ], [ [ 110.496549654965492, -6.915616561656169 ], [ 110.496699669967001, -6.915766576657665 ], [ 110.496549654965492, -6.915766576657668 ], [ 110.496549654965492, -6.915616561656169 ] ], [ [ 110.500675067506748, -6.915766576657667 ], [ 110.500750075007502, -6.91569156915692 ], [ 110.500750075007502, -6.915766576657667 ], [ 110.500675067506748, -6.915766576657667 ] ], [ [ 110.496849684968495, -6.916066606660671 ], [ 110.49699969996999, -6.915991599159924 ], [ 110.49699969996999, -6.916141614161418 ], [ 110.496849684968495, -6.916066606660671 ] ], [ [ 110.488223822382238, -6.916891689168915 ], [ 110.489048904890495, -6.91636663666367 ], [ 110.489423942394239, -6.917341734173414 ], [ 110.488223822382238, -6.916891689168915 ] ], [ [ 110.489498949894994, -6.916291629162918 ], [ 110.489573957395734, -6.916216621662171 ], [ 110.489573957395734, -6.916291629162921 ], [ 110.489498949894994, -6.916291629162918 ] ], [ [ 110.497374737473748, -6.916291629162917 ], [ 110.497449744974503, -6.91621662166217 ], [ 110.497449744974503, -6.916291629162921 ], [ 110.497374737473748, -6.916291629162917 ] ], [ [ 110.497524752475243, -6.916441644164409 ], [ 110.497674767476752, -6.916216621662162 ], [ 110.497824782478247, -6.916441644164423 ], [ 110.497524752475243, -6.916441644164409 ] ], [ [ 110.492049204920491, -6.916441644164411 ], [ 110.492124212421245, -6.916366636663662 ], [ 110.492124212421245, -6.916441644164422 ], [ 110.492049204920491, -6.916441644164411 ] ], [ [ 110.497899789979002, -6.916516651665167 ], [ 110.498049804980496, -6.916441644164412 ], [ 110.498049804980496, -6.916516651665162 ], [ 110.497899789979002, -6.916516651665167 ] ], [ [ 110.491674167416747, -6.91846684668467 ], [ 110.491749174917487, -6.918391839183911 ], [ 110.491749174917487, -6.918466846684661 ], [ 110.491674167416747, -6.91846684668467 ] ], [ [ 110.491599159915992, -6.91854185418542 ], [ 110.491674167416747, -6.91846684668467 ], [ 110.491674167416747, -6.918541854185415 ], [ 110.491599159915992, -6.91854185418542 ] ], [ [ 110.491524152415238, -6.918616861686177 ], [ 110.491599159915992, -6.91854185418542 ], [ 110.491599159915992, -6.918616861686174 ], [ 110.491524152415238, -6.918616861686177 ] ], [ [ 110.490774077407735, -6.919066906690663 ], [ 110.491524152415238, -6.919141914191417 ], [ 110.490774077407735, -6.919216921692164 ], [ 110.490774077407735, -6.919066906690663 ] ], [ [ 110.494674467446757, -6.921767176717667 ], [ 110.494974497449746, -6.921542154215429 ], [ 110.494974497449746, -6.921692169216923 ], [ 110.494674467446757, -6.921767176717667 ] ], [ [ 110.487698769876985, -6.921842184218425 ], [ 110.488598859885983, -6.92341734173417 ], [ 110.489273927392745, -6.92341734173417 ], [ 110.489648964896489, -6.924617461746165 ], [ 110.48754875487549, -6.922442244224417 ], [ 110.487998799879989, -6.92326732673268 ], [ 110.486948694869483, -6.923942394239423 ], [ 110.487398739873996, -6.922967296729678 ], [ 110.486648664866493, -6.921992199219925 ], [ 110.487698769876985, -6.921842184218425 ] ], [ [ 110.494449444944493, -6.921992199219928 ], [ 110.494599459945988, -6.921917191719178 ], [ 110.494599459945988, -6.921992199219932 ], [ 110.494449444944493, -6.921992199219928 ] ], [ [ 110.494374437443739, -6.922067206720671 ], [ 110.494449444944493, -6.921992199219928 ], [ 110.494449444944493, -6.922067206720675 ], [ 110.494374437443739, -6.922067206720671 ] ], [ [ 110.494599459945988, -6.922142214221425 ], [ 110.494674467446757, -6.922067206720675 ], [ 110.494674467446757, -6.922142214221418 ], [ 110.494599459945988, -6.922142214221425 ] ], [ [ 110.488298829882993, -6.922217221722174 ], [ 110.488373837383747, -6.922142214221415 ], [ 110.488373837383747, -6.922217221722162 ], [ 110.488298829882993, -6.922217221722174 ] ], [ [ 110.495499549954999, -6.922967296729681 ], [ 110.495724572457249, -6.922592259225913 ], [ 110.496024602460267, -6.923042304230421 ], [ 110.495499549954999, -6.922967296729681 ] ], [ [ 110.487098709871006, -6.923117311731169 ], [ 110.487173717371732, -6.923042304230427 ], [ 110.487173717371732, -6.923117311731164 ], [ 110.487098709871006, -6.923117311731169 ] ], [ [ 110.488523852385242, -6.923117311731162 ], [ 110.488598859885983, -6.923042304230427 ], [ 110.488598859885983, -6.923117311731172 ], [ 110.488523852385242, -6.923117311731162 ] ], [ [ 110.487923792379235, -6.92349234923492 ], [ 110.488223822382238, -6.923492349234918 ], [ 110.487998799879989, -6.923717371737173 ], [ 110.487923792379235, -6.92349234923492 ] ], [ [ 110.488223822382238, -6.924092409240918 ], [ 110.488523852385242, -6.923717371737172 ], [ 110.488448844884488, -6.924167416741668 ], [ 110.488223822382238, -6.924092409240918 ] ], [ [ 110.477947794779482, -6.92394239423943 ], [ 110.478172817281745, -6.923792379237923 ], [ 110.478322832283226, -6.923942394239421 ], [ 110.477947794779482, -6.92394239423943 ] ], [ [ 110.478322832283226, -6.924017401740169 ], [ 110.47839783978398, -6.923942394239427 ], [ 110.47839783978398, -6.924017401740172 ], [ 110.478322832283226, -6.924017401740169 ] ], [ [ 110.487023702370237, -6.92401740174018 ], [ 110.487098709871006, -6.923942394239416 ], [ 110.487098709871006, -6.924017401740174 ], [ 110.487023702370237, -6.92401740174018 ] ], [ [ 110.47839783978398, -6.924017401740172 ], [ 110.48477347734773, -6.928217821782185 ], [ 110.488298829882993, -6.929717971797184 ], [ 110.491299129912989, -6.931368136813686 ], [ 110.487323732373241, -6.92956795679568 ], [ 110.486948694869483, -6.929792979297934 ], [ 110.486573657365739, -6.929342934293429 ], [ 110.486048604860486, -6.929567956795681 ], [ 110.485523552355232, -6.929117911791186 ], [ 110.48469846984699, -6.929342934293438 ], [ 110.48447344734474, -6.928967896789685 ], [ 110.483723372337238, -6.928967896789672 ], [ 110.47839783978398, -6.924017401740172 ] ], [ [ 110.487248724872487, -6.924092409240914 ], [ 110.487323732373241, -6.924017401740174 ], [ 110.487323732373241, -6.924092409240917 ], [ 110.487248724872487, -6.924092409240914 ] ], [ [ 110.488673867386737, -6.924092409240924 ], [ 110.488748874887492, -6.924017401740181 ], [ 110.488748874887492, -6.924092409240927 ], [ 110.488673867386737, -6.924092409240924 ] ], [ [ 110.488523852385242, -6.92416741674168 ], [ 110.488673867386737, -6.924242424242426 ], [ 110.488523852385242, -6.92424242424242 ], [ 110.488523852385242, -6.92416741674168 ] ], [ [ 110.488598859885983, -6.924392439243923 ], [ 110.489123912391236, -6.924392439243928 ], [ 110.489123912391236, -6.924767476747674 ], [ 110.488598859885983, -6.924392439243923 ] ], [ [ 110.489723972397258, -6.924767476747671 ], [ 110.490024002400247, -6.92454245424542 ], [ 110.489948994899493, -6.924767476747669 ], [ 110.489723972397258, -6.924767476747671 ] ], [ [ 110.489273927392745, -6.924767476747671 ], [ 110.489423942394239, -6.924692469246918 ], [ 110.48919891989199, -6.924842484248418 ], [ 110.489273927392745, -6.924767476747671 ] ], [ [ 110.489348934893485, -6.925142514251429 ], [ 110.489948994899493, -6.92499249924993 ], [ 110.489798979897984, -6.925292529252919 ], [ 110.489348934893485, -6.925142514251429 ] ], [ [ 110.490099009900987, -6.924842484248424 ], [ 110.490249024902496, -6.924767476747677 ], [ 110.490249024902496, -6.924842484248427 ], [ 110.490099009900987, -6.924842484248424 ] ], [ [ 110.489948994899493, -6.924917491749174 ], [ 110.490099009900987, -6.924842484248424 ], [ 110.490174017401742, -6.925067506750668 ], [ 110.489948994899493, -6.924917491749174 ] ], [ [ 110.490174017401742, -6.925142514251428 ], [ 110.490549054905486, -6.924992499249917 ], [ 110.490399039903991, -6.925217521752177 ], [ 110.490174017401742, -6.925142514251428 ] ], [ [ 110.490624062406241, -6.925367536753678 ], [ 110.491374137413757, -6.92536753675367 ], [ 110.491299129912989, -6.925667566756673 ], [ 110.490624062406241, -6.925367536753678 ] ], [ [ 110.489873987398738, -6.925367536753684 ], [ 110.490249024902496, -6.925217521752181 ], [ 110.490324032403237, -6.925442544254431 ], [ 110.489873987398738, -6.925367536753684 ] ], [ [ 110.490399039903991, -6.925442544254427 ], [ 110.490474047404746, -6.925367536753671 ], [ 110.490474047404746, -6.925442544254434 ], [ 110.490399039903991, -6.925442544254427 ] ], [ [ 110.490324032403237, -6.925517551755173 ], [ 110.490399039903991, -6.925442544254427 ], [ 110.490399039903991, -6.92551755175518 ], [ 110.490324032403237, -6.925517551755173 ] ], [ [ 110.490474047404746, -6.925817581758173 ], [ 110.491299129912989, -6.925817581758175 ], [ 110.491074107410739, -6.926267626762675 ], [ 110.490474047404746, -6.925817581758173 ] ], [ [ 110.491224122412248, -6.926267626762682 ], [ 110.492649264926499, -6.92611761176118 ], [ 110.492424242424249, -6.926942694269427 ], [ 110.491224122412248, -6.926267626762682 ] ], [ [ 110.483648364836483, -6.929042904290432 ], [ 110.483723372337238, -6.928967896789672 ], [ 110.483723372337238, -6.929042904290435 ], [ 110.483648364836483, -6.929042904290432 ] ], [ [ 110.482298229822987, -6.929342934293423 ], [ 110.483573357335729, -6.930168016801677 ], [ 110.483273327332739, -6.930693069306932 ], [ 110.482073207320738, -6.930618061806176 ], [ 110.482298229822987, -6.929342934293423 ] ], [ [ 110.482523252325237, -6.931068106810679 ], [ 110.482673267326732, -6.930918091809176 ], [ 110.482673267326732, -6.931068106810676 ], [ 110.482523252325237, -6.931068106810679 ] ], [ [ 110.491374137413757, -6.931443144314424 ], [ 110.491449144914498, -6.931368136813677 ], [ 110.491449144914498, -6.931443144314427 ], [ 110.491374137413757, -6.931443144314424 ] ], [ [ 110.491674167416747, -6.931593159315934 ], [ 110.491749174917487, -6.931518151815185 ], [ 110.491749174917487, -6.931593159315927 ], [ 110.491674167416747, -6.931593159315934 ] ], [ [ 110.493699369936991, -6.931593159315929 ], [ 110.493774377437745, -6.931518151815174 ], [ 110.493774377437745, -6.931593159315928 ], [ 110.493699369936991, -6.931593159315929 ] ], [ [ 110.491974197419736, -6.931743174317439 ], [ 110.492049204920491, -6.931668166816674 ], [ 110.492049204920491, -6.931743174317438 ], [ 110.491974197419736, -6.931743174317439 ] ], [ [ 110.492424242424249, -6.931968196819686 ], [ 110.492574257425744, -6.931893189318926 ], [ 110.492574257425744, -6.931968196819684 ], [ 110.492424242424249, -6.931968196819686 ] ], [ [ 110.457920792079207, -6.934368436843682 ], [ 110.45844584458446, -6.934443444344433 ], [ 110.457845784578453, -6.93481848184818 ], [ 110.457920792079207, -6.934368436843682 ] ], [ [ 110.480723072307228, -6.93451845184518 ], [ 110.480798079807997, -6.93429342934294 ], [ 110.480798079807997, -6.934518451845184 ], [ 110.480723072307228, -6.93451845184518 ] ], [ [ 110.456795679567961, -6.936243624362432 ], [ 110.45709570957095, -6.936393639363934 ], [ 110.456795679567961, -6.936468646864681 ], [ 110.456795679567961, -6.936243624362432 ] ], [ [ 110.446744674467453, -6.937218721872182 ], [ 110.446969696969703, -6.937143714371442 ], [ 110.446969696969703, -6.937218721872188 ], [ 110.446744674467453, -6.937218721872182 ] ], [ [ 110.447269726972692, -6.93751875187518 ], [ 110.447794779477945, -6.937443744374442 ], [ 110.447794779477945, -6.937518751875182 ], [ 110.447269726972692, -6.93751875187518 ] ], [ [ 110.4478697869787, -6.937743774377441 ], [ 110.447944794479454, -6.937593759375939 ], [ 110.447944794479454, -6.937743774377439 ], [ 110.4478697869787, -6.937743774377441 ] ], [ [ 110.458895889588959, -6.937743774377447 ], [ 110.458970897089714, -6.937668766876697 ], [ 110.458970897089714, -6.937743774377431 ], [ 110.458895889588959, -6.937743774377447 ] ], [ [ 110.447944794479454, -6.937818781878183 ], [ 110.448019801980195, -6.937743774377443 ], [ 110.448019801980195, -6.937818781878184 ], [ 110.447944794479454, -6.937818781878183 ] ], [ [ 110.448094809480963, -6.93804380438044 ], [ 110.448469846984693, -6.937818781878192 ], [ 110.448544854485448, -6.938193819381939 ], [ 110.448094809480963, -6.93804380438044 ] ], [ [ 110.457545754575463, -6.938193819381937 ], [ 110.457695769576958, -6.938118811881195 ], [ 110.457695769576958, -6.938268826882681 ], [ 110.457545754575463, -6.938193819381937 ] ], [ [ 110.448544854485448, -6.938418841884181 ], [ 110.448619861986202, -6.938193819381931 ], [ 110.448619861986202, -6.938418841884181 ], [ 110.448544854485448, -6.938418841884181 ] ], [ [ 110.457920792079207, -6.938643864386429 ], [ 110.457995799579962, -6.938418841884181 ], [ 110.458145814581457, -6.938793879387944 ], [ 110.457920792079207, -6.938643864386429 ] ], [ [ 110.448619861986202, -6.938643864386441 ], [ 110.448694869486943, -6.938493849384933 ], [ 110.448694869486943, -6.938643864386438 ], [ 110.448619861986202, -6.938643864386441 ] ], [ [ 110.458145814581457, -6.938868886888682 ], [ 110.458220822082211, -6.938793879387944 ], [ 110.458220822082211, -6.938868886888696 ], [ 110.458145814581457, -6.938868886888682 ] ] ] } },
{ "type": "Feature", "properties": { "year": 2026, "layer": "atrisk" }, "geometry": { "type": "Polygon", "coordinates": [ [ [ 110.438643864386435, -6.93946894689469 ], [ 110.437368736873694, -6.939618961896188 ], [ 110.437743774377438, -6.94224422442245 ], [ 110.438643864386435, -6.93946894689469 ] ] ] } },
{ "type": "Feature", "properties": { "year": 2026, "layer": "atrisk" }, "geometry": { "type": "Polygon", "coordinates": [ [ [ 110.431968196819682, -6.944269426942688 ], [ 110.431518151815183, -6.944194419441949 ], [ 110.430918091809176, -6.944569456945698 ], [ 110.431968196819682, -6.944269426942688 ] ] ] } },
{ "type": "Feature", "properties": { "year": 2026, "layer": "atrisk" }, "geometry": { "type": "Polygon", "coordinates": [ [ [ 110.435193519351941, -6.940369036903689 ], [ 110.433093309330928, -6.94194419441945 ], [ 110.434368436843684, -6.946294629462945 ], [ 110.433168316831683, -6.943219321932199 ], [ 110.431593159315952, -6.942844284428448 ], [ 110.433243324332452, -6.949219921992201 ], [ 110.43564356435644, -6.947869786978698 ], [ 110.43399339933994, -6.947344734473446 ], [ 110.436618661866191, -6.943219321932199 ], [ 110.435193519351941, -6.940369036903689 ] ] ] } },
{ "type": "Feature", "properties": { "year": 2026, "layer": "atrisk" }, "geometry": { "type": "Polygon", "coordinates": [ [ [ 110.396564656465642, -6.948619861986193 ], [ 110.397689768976903, -6.951695169516954 ], [ 110.4002400240024, -6.952145214521453 ], [ 110.399564956495652, -6.950645064506454 ], [ 110.398064806480647, -6.951245124512453 ], [ 110.396564656465642, -6.948619861986193 ] ], [ [ 110.397764776477644, -6.951320132013193 ], [ 110.397839783978398, -6.951245124512443 ], [ 110.397839783978398, -6.951320132013193 ], [ 110.397764776477644, -6.951320132013193 ] ] ] } },
{ "type": "Feature", "properties": { "year": 2026, "layer": "atrisk" }, "geometry": { "type": "Polygon", "coordinates": [ [ [ 110.39881488148815, -6.952670267026699 ], [ 110.398214821482142, -6.953195319531949 ], [ 110.399039903990399, -6.953945394539457 ], [ 110.39881488148815, -6.952670267026699 ] ] ] } },
{ "type": "Feature", "properties": { "year": 2026, "layer": "atrisk" }, "geometry": { "type": "Polygon", "coordinates": [ [ [ 110.382163216321629, -6.950945094509446 ], [ 110.382013201320149, -6.952745274527456 ], [ 110.382913291329132, -6.954095409540953 ], [ 110.382163216321629, -6.950945094509446 ] ] ] } },
{ "type": "Feature", "properties": { "year": 2026, "layer": "atrisk" }, "geometry": { "type": "Polygon", "coordinates": [ [ [ 110.399489948994898, -6.952745274527449 ], [ 110.399639963996393, -6.954095409540947 ], [ 110.402265226522658, -6.953045304530459 ], [ 110.401590159015896, -6.952820282028195 ], [ 110.399489948994898, -6.952745274527449 ] ] ] } },
{ "type": "Feature", "properties": { "year": 2026, "layer": "atrisk" }, "geometry": { "type": "Polygon", "coordinates": [ [ [ 110.41719171917191, -6.95244524452446 ], [ 110.415916591659169, -6.952820282028199 ], [ 110.416441644164422, -6.95454545454546 ], [ 110.417941794179413, -6.954095409540956 ], [ 110.41719171917191, -6.95244524452446 ] ] ] } },
{ "type": "Feature", "properties": { "year": 2026, "layer": "atrisk" }, "geometry": { "type": "Polygon", "coordinates": [ [ [ 110.377737773777397, -6.954545454545451 ], [ 110.376237623762378, -6.95447044704471 ], [ 110.376237623762378, -6.954620462046212 ], [ 110.377737773777397, -6.954545454545451 ] ] ] } },
{ "type": "Feature", "properties": { "year": 2026, "layer": "atrisk" }, "geometry": { "type": "Polygon", "coordinates": [ [ [ 110.375112511251146, -6.954695469546947 ], [ 110.370987098709875, -6.954695469546954 ], [ 110.370987098709875, -6.954770477047706 ], [ 110.375112511251146, -6.954695469546947 ] ] ] } },
{ "type": "Feature", "properties": { "year": 2026, "layer": "atrisk" }, "geometry": { "type": "Polygon", "coordinates": [ [ [ 110.423567356735674, -6.953570357035701 ], [ 110.423042304230421, -6.954545454545458 ], [ 110.424467446744671, -6.955370537053705 ], [ 110.425067506750679, -6.954320432043205 ], [ 110.423567356735674, -6.953570357035701 ] ] ] } },
{ "type": "Feature", "properties": { "year": 2026, "layer": "atrisk" }, "geometry": { "type": "Polygon", "coordinates": [ [ [ 110.422292229222919, -6.954845484548455 ], [ 110.423342334233425, -6.955895589558957 ], [ 110.424242424242422, -6.955745574557455 ], [ 110.422292229222919, -6.954845484548455 ] ] ] } },
{ "type": "Feature", "properties": { "year": 2026, "layer": "atrisk" }, "geometry": { "type": "Polygon", "coordinates": [ [ [ 110.382313231323138, -6.954995499549959 ], [ 110.377887788778878, -6.954920492049212 ], [ 110.37721272127213, -6.956270627062709 ], [ 110.374662466246619, -6.955445544554451 ], [ 110.371587158715869, -6.955520552055197 ], [ 110.371587158715869, -6.956270627062698 ], [ 110.377362736273625, -6.956420642064209 ], [ 110.382313231323138, -6.954995499549959 ] ], [ [ 110.373162316231628, -6.955745574557455 ], [ 110.373237323732369, -6.955670567056712 ], [ 110.373237323732369, -6.95574557455746 ], [ 110.373162316231628, -6.955745574557455 ] ], [ [ 110.374362436243629, -6.9558205820582 ], [ 110.37443744374437, -6.955745574557463 ], [ 110.37443744374437, -6.955820582058211 ], [ 110.374362436243629, -6.9558205820582 ] ], [ [ 110.373462346234618, -6.956045604560456 ], [ 110.373537353735372, -6.955895589558954 ], [ 110.373537353735372, -6.956045604560448 ], [ 110.373462346234618, -6.956045604560456 ] ], [ [ 110.374512451245124, -6.956195619561955 ], [ 110.374587458745879, -6.955895589558964 ], [ 110.374662466246619, -6.95619561956195 ], [ 110.374512451245124, -6.956195619561955 ] ] ] } },
{ "type": "Feature", "properties": { "year": 2026, "layer": "atrisk" }, "geometry": { "type": "Polygon", "coordinates": [ [ [ 110.406090609060911, -6.947494749474947 ], [ 110.403015301530147, -6.947044704470442 ], [ 110.406240624062406, -6.948319831983197 ], [ 110.406465646564669, -6.950645064506443 ], [ 110.40489048904891, -6.951695169516952 ], [ 110.407440744074421, -6.951170117011696 ], [ 110.409915991599163, -6.955595559555955 ], [ 110.41434143414341, -6.959120912091207 ], [ 110.408865886588657, -6.953645364536456 ], [ 110.406090609060911, -6.947494749474947 ] ], [ [ 110.406465646564669, -6.949519951995192 ], [ 110.40661566156615, -6.949444944494442 ], [ 110.40661566156615, -6.949519951995197 ], [ 110.406465646564669, -6.949519951995192 ] ] ] } },
{ "type": "Feature", "properties": { "year": 2026, "layer": "atrisk" }, "geometry": { "type": "Polygon", "coordinates": [ [ [ 110.36341134113411, -6.955370537053706 ], [ 110.360186018601865, -6.956120612061204 ], [ 110.360636063606364, -6.959720972097205 ], [ 110.387638763876382, -6.959720972097213 ], [ 110.383513351335139, -6.958895889588967 ], [ 110.383213321332136, -6.955370537053706 ], [ 110.380963096309628, -6.956945694569455 ], [ 110.377362736273625, -6.957845784578451 ], [ 110.381713171317131, -6.955670567056712 ], [ 110.374662466246619, -6.956870687068712 ], [ 110.368361836183624, -6.956120612061208 ], [ 110.367461746174627, -6.957920792079212 ], [ 110.366936693669373, -6.956345634563454 ], [ 110.363861386138609, -6.956495649564962 ], [ 110.364686468646866, -6.955820582058203 ], [ 110.36341134113411, -6.955370537053706 ] ], [ [ 110.363186318631875, -6.955970597059707 ], [ 110.36341134113411, -6.955745574557448 ], [ 110.36341134113411, -6.956045604560454 ], [ 110.363186318631875, -6.955970597059707 ] ], [ [ 110.363561356135619, -6.956345634563462 ], [ 110.363711371137114, -6.956195619561953 ], [ 110.36363636363636, -6.95634563456346 ], [ 110.363561356135619, -6.956345634563462 ] ], [ [ 110.368286828682869, -6.956495649564959 ], [ 110.368361836183624, -6.9564206420642 ], [ 110.368361836183624, -6.956495649564955 ], [ 110.368286828682869, -6.956495649564959 ] ], [ [ 110.361836183618365, -6.9571707170717 ], [ 110.362961296129612, -6.957170717071707 ], [ 110.361911191119106, -6.957545754575454 ], [ 110.361836183618365, -6.9571707170717 ] ], [ [ 110.361311131113112, -6.957470747074705 ], [ 110.361761176117611, -6.957245724572462 ], [ 110.361686168616856, -6.957620762076203 ], [ 110.361311131113112, -6.957470747074705 ] ], [ [ 110.366486648664875, -6.957470747074705 ], [ 110.36663666366637, -6.957545754575452 ], [ 110.366486648664875, -6.957620762076213 ], [ 110.366486648664875, -6.957470747074705 ] ], [ [ 110.362211221122109, -6.957620762076215 ], [ 110.362286228622864, -6.957545754575463 ], [ 110.362286228622864, -6.957620762076206 ], [ 110.362211221122109, -6.957620762076215 ] ], [ [ 110.378637863786381, -6.957995799579958 ], [ 110.380138013801385, -6.957620762076204 ], [ 110.379462946294623, -6.957845784578462 ], [ 110.379312931293128, -6.95844584458446 ], [ 110.378637863786381, -6.957995799579958 ] ] ] } },
{ "type": "Feature", "properties": { "year": 2026, "layer": "atrisk" }, "geometry": { "type": "Polygon", "coordinates": [ [ [ 110.396564656465642, -6.949969996999698 ], [ 110.3957395739574, -6.951020102010204 ], [ 110.398964896489645, -6.959570957095708 ], [ 110.400315031503155, -6.959720972097217 ], [ 110.396564656465642, -6.949969996999698 ] ] ] } },
{ "type": "Feature", "properties": { "year": 2026, "layer": "atrisk" }, "geometry": { "type": "Polygon", "coordinates": [ [ [ 110.416441644164422, -6.959270927092718 ], [ 110.414941494149417, -6.959570957095708 ], [ 110.416966696669661, -6.959645964596461 ], [ 110.416441644164422, -6.959270927092718 ] ] ] } },
{ "type": "Feature", "properties": { "year": 2026, "layer": "atrisk" }, "geometry": { "type": "Polygon", "coordinates": [ [ [ 110.319456945694569, -6.938268826882693 ], [ 110.317656765676574, -6.939693969396942 ], [ 110.318931893189315, -6.940219021902195 ], [ 110.317131713171321, -6.940069006900697 ], [ 110.312406240624057, -6.943744374437443 ], [ 110.314881488148814, -6.948919891989195 ], [ 110.318031803180318, -6.952820282028197 ], [ 110.319081908190824, -6.950420042004205 ], [ 110.320732073207324, -6.950270027002699 ], [ 110.318706870687066, -6.953420342034203 ], [ 110.327557755775572, -6.958595859585952 ], [ 110.349684968496845, -6.959720972097204 ], [ 110.352985298529859, -6.957245724572456 ], [ 110.350810081008106, -6.959720972097208 ], [ 110.359060906090605, -6.95972097209721 ], [ 110.359060906090605, -6.954845484548458 ], [ 110.358160816081607, -6.955220522052202 ], [ 110.357410741074105, -6.95499549954996 ], [ 110.357260726072624, -6.9552205220522 ], [ 110.356735673567357, -6.955070507050702 ], [ 110.356135613561349, -6.955370537053708 ], [ 110.354710471047099, -6.954620462046197 ], [ 110.356060606060609, -6.954395439543951 ], [ 110.354710471047099, -6.953945394539445 ], [ 110.355085508550857, -6.953870387038709 ], [ 110.359435943594363, -6.954245424542453 ], [ 110.359660966096612, -6.959720972097211 ], [ 110.359960996099616, -6.954395439543949 ], [ 110.369936993699369, -6.954770477047705 ], [ 110.349309930993115, -6.952220222022198 ], [ 110.344884488448841, -6.949144914491447 ], [ 110.327632763276327, -6.942844284428435 ], [ 110.319456945694569, -6.938268826882693 ] ], [ [ 110.318931893189315, -6.940294029402931 ], [ 110.319081908190824, -6.940219021902194 ], [ 110.319081908190824, -6.940294029402939 ], [ 110.318931893189315, -6.940294029402931 ] ], [ [ 110.319231923192319, -6.940444044404441 ], [ 110.319306930693074, -6.94029402940294 ], [ 110.319531953195323, -6.940444044404436 ], [ 110.319231923192319, -6.940444044404441 ] ], [ [ 110.319531953195323, -6.94051905190519 ], [ 110.319756975697572, -6.94044404440444 ], [ 110.319756975697572, -6.940519051905193 ], [ 110.319531953195323, -6.94051905190519 ] ], [ [ 110.320357035703566, -6.940894089408944 ], [ 110.319981998199822, -6.94051905190519 ], [ 110.320807080708065, -6.940969096909697 ], [ 110.320357035703566, -6.940894089408944 ] ], [ [ 110.318331833183322, -6.940819081908197 ], [ 110.318331833183322, -6.940594059405934 ], [ 110.318631863186312, -6.940894089408936 ], [ 110.318331833183322, -6.940819081908197 ] ], [ [ 110.318631863186312, -6.940969096909683 ], [ 110.318706870687066, -6.940894089408933 ], [ 110.318706870687066, -6.940969096909692 ], [ 110.318631863186312, -6.940969096909683 ] ], [ [ 110.320807080708065, -6.940969096909697 ], [ 110.321482148214827, -6.941044104410441 ], [ 110.321482148214827, -6.941494149414945 ], [ 110.321857185718571, -6.94164416441644 ], [ 110.321482148214827, -6.941644164416441 ], [ 110.320807080708065, -6.940969096909697 ] ], [ [ 110.321632163216321, -6.941344134413449 ], [ 110.321782178217816, -6.941269126912697 ], [ 110.321782178217816, -6.941344134413448 ], [ 110.321632163216321, -6.941344134413449 ] ], [ [ 110.321782178217816, -6.941419141914186 ], [ 110.321857185718571, -6.941344134413448 ], [ 110.321857185718571, -6.941419141914191 ], [ 110.321782178217816, -6.941419141914186 ] ], [ [ 110.321857185718571, -6.941494149414938 ], [ 110.321932193219325, -6.941419141914198 ], [ 110.321932193219325, -6.941494149414936 ], [ 110.321857185718571, -6.941494149414938 ] ], [ [ 110.322232223222343, -6.941794179417943 ], [ 110.322382238223824, -6.941719171917192 ], [ 110.322382238223824, -6.941794179417946 ], [ 110.322232223222343, -6.941794179417943 ] ], [ [ 110.322382238223824, -6.941869186918684 ], [ 110.322457245724578, -6.941794179417943 ], [ 110.322457245724578, -6.941869186918689 ], [ 110.322382238223824, -6.941869186918684 ] ], [ [ 110.322307230723069, -6.942244224422445 ], [ 110.322607260726073, -6.942094209420946 ], [ 110.322757275727568, -6.942319231923189 ], [ 110.322307230723069, -6.942244224422445 ] ], [ [ 110.322532253225319, -6.941944194419446 ], [ 110.322607260726073, -6.941869186918695 ], [ 110.322607260726073, -6.941944194419438 ], [ 110.322532253225319, -6.941944194419446 ] ], [ [ 110.322607260726073, -6.9420192019202 ], [ 110.322682268226828, -6.941944194419445 ], [ 110.322682268226828, -6.942019201920196 ], [ 110.322607260726073, -6.9420192019202 ] ], [ [ 110.322907290729091, -6.942394239423948 ], [ 110.322832283228323, -6.942019201920183 ], [ 110.323132313231326, -6.942319231923192 ], [ 110.322907290729091, -6.942394239423948 ] ], [ [ 110.322907290729091, -6.942469246924696 ], [ 110.323357335733576, -6.942469246924687 ], [ 110.322907290729091, -6.94269426942694 ], [ 110.322907290729091, -6.942469246924696 ] ], [ [ 110.323357335733576, -6.942544254425451 ], [ 110.32343234323433, -6.942469246924693 ], [ 110.32343234323433, -6.942544254425445 ], [ 110.323357335733576, -6.942544254425451 ] ], [ [ 110.322682268226828, -6.942619261926191 ], [ 110.322757275727568, -6.942544254425438 ], [ 110.322757275727568, -6.942619261926197 ], [ 110.322682268226828, -6.942619261926191 ] ], [ [ 110.322832283228323, -6.942769276927688 ], [ 110.322907290729091, -6.94269426942694 ], [ 110.322907290729091, -6.942769276927699 ], [ 110.322832283228323, -6.942769276927688 ] ], [ [ 110.325457545754574, -6.945544554455443 ], [ 110.327632763276327, -6.947644764476452 ], [ 110.326282628262831, -6.948769876987692 ], [ 110.326207620762091, -6.947794779477948 ], [ 110.32515751575157, -6.946744674467446 ], [ 110.320282028202826, -6.948244824482441 ], [ 110.321332133213318, -6.946219621962205 ], [ 110.325457545754574, -6.945544554455443 ] ], [ [ 110.321107110711068, -6.945994599459952 ], [ 110.321557155715581, -6.945769576957694 ], [ 110.321707170717076, -6.945919591959203 ], [ 110.321107110711068, -6.945994599459952 ] ], [ [ 110.325832583258332, -6.947944794479455 ], [ 110.325907590759073, -6.947869786978691 ], [ 110.325907590759073, -6.947944794479443 ], [ 110.325832583258332, -6.947944794479455 ] ], [ [ 110.325757575757578, -6.948019801980193 ], [ 110.325832583258332, -6.947944794479455 ], [ 110.325832583258332, -6.948019801980193 ], [ 110.325757575757578, -6.948019801980193 ] ], [ [ 110.325682568256823, -6.948094809480955 ], [ 110.325757575757578, -6.948019801980193 ], [ 110.325757575757578, -6.948094809480947 ], [ 110.325682568256823, -6.948094809480955 ] ], [ [ 110.315856585658565, -6.949744974497452 ], [ 110.31593159315932, -6.9496699669967 ], [ 110.31593159315932, -6.949744974497446 ], [ 110.315856585658565, -6.949744974497452 ] ], [ [ 110.316681668166822, -6.950120012001193 ], [ 110.316756675667563, -6.950045004500453 ], [ 110.316756675667563, -6.950120012001202 ], [ 110.316681668166822, -6.950120012001193 ] ], [ [ 110.316831683168317, -6.950195019501949 ], [ 110.316906690669072, -6.950120012001194 ], [ 110.316906690669072, -6.950195019501946 ], [ 110.316831683168317, -6.950195019501949 ] ], [ [ 110.320807080708065, -6.950345034503454 ], [ 110.320882088208819, -6.950270027002698 ], [ 110.320882088208819, -6.950345034503447 ], [ 110.320807080708065, -6.950345034503454 ] ], [ [ 110.356585658565876, -6.955445544554448 ], [ 110.356660666066603, -6.955220522052212 ], [ 110.356660666066603, -6.955445544554453 ], [ 110.356585658565876, -6.955445544554448 ] ], [ [ 110.356960696069606, -6.955295529552953 ], [ 110.357035703570361, -6.955220522052198 ], [ 110.357035703570361, -6.95529552955296 ], [ 110.356960696069606, -6.955295529552953 ] ], [ [ 110.35283528352835, -6.957170717071707 ], [ 110.352910291029104, -6.957095709570963 ], [ 110.352910291029104, -6.95717071707171 ], [ 110.35283528352835, -6.957170717071707 ] ], [ [ 110.352610261026115, -6.95829582958295 ], [ 110.352685268526855, -6.958220822082212 ], [ 110.352685268526855, -6.95829582958295 ], [ 110.352610261026115, -6.95829582958295 ] ], [ [ 110.355160516051612, -6.95859585958596 ], [ 110.355310531053107, -6.95852085208521 ], [ 110.355310531053107, -6.958595859585965 ], [ 110.355160516051612, -6.95859585958596 ] ], [ [ 110.349609960996105, -6.958745874587456 ], [ 110.349684968496845, -6.958670867086713 ], [ 110.349684968496845, -6.958745874587452 ], [ 110.349609960996105, -6.958745874587456 ] ] ] } }
]
}
