{
"type": "FeatureCollection",
"name": "atrisk_2025",
"crs": { "type": "name", "properties": { "name": "urn:ogc:def:crs:OGC:1.3:CRS84" } },
"features": [
{ "type": "Feature", "properties": { "year": 2025, "layer": "atrisk" }, "geometry": { "type": "Polygon", "coordinates": [ [ [ 110.575532553255329, -6.75 ], [ 110.572907290729077, -6.750450045004499 ], [ 110.575532553255329, -6.750150015001497 ], [ 110.575532553255329, -6.75 ] ] ] } },
{ "type": "Feature", "properties": { "year": 2025, "layer": "atrisk" }, "geometry": { "type": "Polygon", "coordinates": [ [ [ 110.564131413141311, -6.75 ], [ 110.566981698169812, -6.752175217521743 ], [ 110.571632163216336, -6.750075007500745 ], [ 110.571632163216336, -6.75 ], [ 110.564131413141311, -6.75 ] ] ] } },
{ "type": "Feature", "properties": { "year": 2025, "layer": "atrisk" }, "geometry": { "type": "Polygon", "coordinates": [ [ [ 110.581308130813085, -6.752700270026997 ], [ 110.578082808280826, -6.753075307530747 ], [ 110.577932793279345, -6.753825382538254 ], [ 110.581008100810081, -6.753825382538253 ], [ 110.581308130813085, -6.752700270026997 ] ], [ [ 110.580933093309326, -6.753000300030009 ], [ 110.581008100810081, -6.752925292529255 ], [ 110.581008100810081, -6.753000300030001 ], [ 110.580933093309326, -6.753000300030009 ] ] ] } },
{ "type": "Feature", "properties": { "year": 2025, "layer": "atrisk" }, "geometry": { "type": "Polygon", "coordinates": [ [ [ 110.58453345334533, -6.752175217521753 ], [ 110.583708370837087, -6.752850285028498 ], [ 110.583408340834083, -6.753750375037506 ], [ 110.584458445844589, -6.753525352535255 ], [ 110.58453345334533, -6.752175217521753 ] ] ] } },
{ "type": "Feature", "properties": { "year": 2025, "layer": "atrisk" }, "geometry": { "type": "Polygon", "coordinates": [ [ [ 110.571632163216336, -6.753975397539751 ], [ 110.570807080708065, -6.753375337533747 ], [ 110.570882088208819, -6.754125412541256 ], [ 110.571632163216336, -6.753975397539751 ] ] ] } },
{ "type": "Feature", "properties": { "year": 2025, "layer": "atrisk" }, "geometry": { "type": "Polygon", "coordinates": [ [ [ 110.58288328832883, -6.752400240024005 ], [ 110.582133213321328, -6.752550255025509 ], [ 110.582283228322837, -6.754200420042 ], [ 110.582958295829584, -6.753225322532244 ], [ 110.58288328832883, -6.752400240024005 ] ], [ [ 110.582433243324331, -6.752775277527755 ], [ 110.582508250825086, -6.752700270027 ], [ 110.582508250825086, -6.752775277527758 ], [ 110.582433243324331, -6.752775277527755 ] ], [ [ 110.582733273327335, -6.753000300029998 ], [ 110.58280828082809, -6.752850285028498 ], [ 110.58280828082809, -6.753000300030003 ], [ 110.582733273327335, -6.753000300029998 ] ], [ [ 110.582508250825086, -6.753375337533744 ], [ 110.582583258325826, -6.753300330032998 ], [ 110.582583258325826, -6.753375337533753 ], [ 110.582508250825086, -6.753375337533744 ] ], [ [ 110.582508250825086, -6.753525352535252 ], [ 110.582583258325826, -6.753450345034496 ], [ 110.582583258325826, -6.753525352535247 ], [ 110.582508250825086, -6.753525352535252 ] ] ] } },
{ "type": "Feature", "properties": { "year": 2025, "layer": "atrisk" }, "geometry": { "type": "Polygon", "coordinates": [ [ [ 110.541104110411041, -6.75 ], [ 110.545904590459045, -6.755925592559255 ], [ 110.54740474047405, -6.755700570057009 ], [ 110.543429342934289, -6.75 ], [ 110.541104110411041, -6.75 ] ] ] } },
{ "type": "Feature", "properties": { "year": 2025, "layer": "atrisk" }, "geometry": { "type": "Polygon", "coordinates": [ [ [ 110.571332133213318, -6.757650765076517 ], [ 110.57043204320432, -6.757050705070504 ], [ 110.570057005700576, -6.757500750075013 ], [ 110.571332133213318, -6.757650765076517 ] ] ] } },
{ "type": "Feature", "properties": { "year": 2025, "layer": "atrisk" }, "geometry": { "type": "Polygon", "coordinates": [ [ [ 110.543504350435043, -6.755850585058505 ], [ 110.543054305430545, -6.756675667566755 ], [ 110.545904590459045, -6.758550855085513 ], [ 110.545679567956796, -6.757800780078012 ], [ 110.543504350435043, -6.755850585058505 ] ] ] } },
{ "type": "Feature", "properties": { "year": 2025, "layer": "atrisk" }, "geometry": { "type": "Polygon", "coordinates": [ [ [ 110.547254725472541, -6.759075907590766 ], [ 110.546354635463544, -6.759900990099009 ], [ 110.546654665466548, -6.760126012601257 ], [ 110.547254725472541, -6.759075907590766 ] ] ] } },
{ "type": "Feature", "properties": { "year": 2025, "layer": "atrisk" }, "geometry": { "type": "Polygon", "coordinates": [ [ [ 110.577482748274832, -6.759750975097512 ], [ 110.577932793279345, -6.76117611761176 ], [ 110.578382838283829, -6.761326132613258 ], [ 110.578532853285324, -6.759975997599764 ], [ 110.577482748274832, -6.759750975097512 ] ] ] } },
{ "type": "Feature", "properties": { "year": 2025, "layer": "atrisk" }, "geometry": { "type": "Polygon", "coordinates": [ [ [ 110.567056705670566, -6.760501050105008 ], [ 110.565706570657085, -6.759975997599756 ], [ 110.566306630663064, -6.761401140114007 ], [ 110.567056705670566, -6.760501050105008 ] ] ] } },
{ "type": "Feature", "properties": { "year": 2025, "layer": "atrisk" }, "geometry": { "type": "Polygon", "coordinates": [ [ [ 110.555955595559553, -6.761176117611768 ], [ 110.554905490549061, -6.762376237623767 ], [ 110.555655565556549, -6.762526252625259 ], [ 110.555955595559553, -6.761176117611768 ] ] ] } },
{ "type": "Feature", "properties": { "year": 2025, "layer": "atrisk" }, "geometry": { "type": "Polygon", "coordinates": [ [ [ 110.584158415841586, -6.754350435043503 ], [ 110.582208220822096, -6.757725772577253 ], [ 110.582433243324331, -6.759150915091506 ], [ 110.581533153315334, -6.757650765076509 ], [ 110.57515751575157, -6.757275727572757 ], [ 110.574707470747072, -6.755625562556263 ], [ 110.573582358235825, -6.755775577557762 ], [ 110.572907290729077, -6.756075607560761 ], [ 110.573807380738074, -6.756000600060001 ], [ 110.574332433243328, -6.757425742574253 ], [ 110.575232523252325, -6.757425742574251 ], [ 110.574182418241818, -6.75982598259826 ], [ 110.581383138313825, -6.759900990099017 ], [ 110.583783378337827, -6.761551155115518 ], [ 110.583333333333329, -6.763201320132009 ], [ 110.583558355835578, -6.763726372637257 ], [ 110.584158415841586, -6.763126312631267 ], [ 110.584158415841586, -6.754350435043503 ] ], [ [ 110.583333333333329, -6.756525652565265 ], [ 110.583408340834083, -6.756450645064501 ], [ 110.583408340834083, -6.756525652565263 ], [ 110.583333333333329, -6.756525652565265 ] ], [ [ 110.574857485748581, -6.75727572757276 ], [ 110.574932493249335, -6.757200720072 ], [ 110.574932493249335, -6.757275727572765 ], [ 110.574857485748581, -6.75727572757276 ] ], [ [ 110.575232523252325, -6.757425742574251 ], [ 110.575307530753079, -6.757350735073513 ], [ 110.575307530753079, -6.757425742574251 ], [ 110.575232523252325, -6.757425742574251 ] ], [ [ 110.576132613261322, -6.757725772577254 ], [ 110.576207620762077, -6.757650765076507 ], [ 110.576207620762077, -6.757725772577253 ], [ 110.576132613261322, -6.757725772577254 ] ], [ [ 110.575607560756069, -6.758100810081008 ], [ 110.575682568256823, -6.758025802580264 ], [ 110.575682568256823, -6.758100810081015 ], [ 110.575607560756069, -6.758100810081008 ] ], [ [ 110.581083108310835, -6.758550855085502 ], [ 110.581158115811576, -6.758475847584766 ], [ 110.581158115811576, -6.758550855085512 ], [ 110.581083108310835, -6.758550855085502 ] ], [ [ 110.582583258325826, -6.759225922592256 ], [ 110.582658265826581, -6.759150915091507 ], [ 110.582658265826581, -6.759225922592254 ], [ 110.582583258325826, -6.759225922592256 ] ] ] } },
{ "type": "Feature", "properties": { "year": 2025, "layer": "atrisk" }, "geometry": { "type": "Polygon", "coordinates": [ [ [ 110.569606960696063, -6.762976297629762 ], [ 110.567506750675065, -6.763501350135007 ], [ 110.569606960696063, -6.763501350135016 ], [ 110.569606960696063, -6.762976297629762 ] ], [ [ 110.568406840684062, -6.763351335133514 ], [ 110.568556855685571, -6.76342634263427 ], [ 110.568406840684062, -6.763426342634263 ], [ 110.568406840684062, -6.763351335133514 ] ] ] } },
{ "type": "Feature", "properties": { "year": 2025, "layer": "atrisk" }, "geometry": { "type": "Polygon", "coordinates": [ [ [ 110.552505250525073, -6.808955895589562 ], [ 110.551080108010808, -6.808430843084302 ], [ 110.549579957995803, -6.811131113111318 ], [ 110.552505250525073, -6.808955895589562 ] ] ] } },
{ "type": "Feature", "properties": { "year": 2025, "layer": "atrisk" }, "geometry": { "type": "Polygon", "coordinates": [ [ [ 110.576207620762077, -6.759975997599757 ], [ 110.572982298229817, -6.761401140114017 ], [ 110.574932493249335, -6.761176117611763 ], [ 110.575532553255329, -6.762826282628257 ], [ 110.572157215721575, -6.763801380138016 ], [ 110.575607560756069, -6.764326432643267 ], [ 110.575457545754574, -6.769801980198028 ], [ 110.575607560756069, -6.768376837683769 ], [ 110.575757575757578, -6.768151815181516 ], [ 110.575607560756069, -6.769726972697263 ], [ 110.576432643264326, -6.770627062706262 ], [ 110.57680768076807, -6.769876987698773 ], [ 110.576057605760582, -6.768751875187514 ], [ 110.577332733273323, -6.767251725172518 ], [ 110.579732973297325, -6.767476747674775 ], [ 110.577407740774078, -6.767476747674764 ], [ 110.577782778277822, -6.768751875187515 ], [ 110.578382838283829, -6.768976897689774 ], [ 110.577407740774078, -6.771152115211522 ], [ 110.577932793279345, -6.770927092709261 ], [ 110.579057905790577, -6.770777077707779 ], [ 110.579507950795076, -6.770852085208518 ], [ 110.575532553255329, -6.771452145214529 ], [ 110.575457545754574, -6.770477047704776 ], [ 110.575232523252325, -6.773477347734771 ], [ 110.572982298229817, -6.77475247524752 ], [ 110.569456945694569, -6.775202520252023 ], [ 110.568331833183322, -6.775952595259531 ], [ 110.566981698169812, -6.778952895289535 ], [ 110.56593159315932, -6.784428442844288 ], [ 110.566456645664573, -6.785403540354037 ], [ 110.565781578157811, -6.786228622862282 ], [ 110.565856585658565, -6.787428742874292 ], [ 110.567206720672061, -6.788178817881783 ], [ 110.565331533153312, -6.78795379537953 ], [ 110.56458145814581, -6.790804080408043 ], [ 110.565031503150323, -6.791479147914791 ], [ 110.566081608160815, -6.791404140414044 ], [ 110.567206720672061, -6.789303930393039 ], [ 110.567881788178823, -6.789528952895292 ], [ 110.566456645664573, -6.792004200420039 ], [ 110.566156615661569, -6.792079207920789 ], [ 110.56458145814581, -6.791254125412532 ], [ 110.563831383138307, -6.7919291929193 ], [ 110.564206420642066, -6.791329132913294 ], [ 110.564056405640585, -6.791104110411038 ], [ 110.562706270627075, -6.792904290429049 ], [ 110.563081308130833, -6.794404440444047 ], [ 110.563906390639062, -6.792829282928302 ], [ 110.563231323132314, -6.794704470447038 ], [ 110.564806480648059, -6.795379537953804 ], [ 110.567206720672061, -6.792604260426042 ], [ 110.565481548154821, -6.796054605460542 ], [ 110.569156915691565, -6.795079507950789 ], [ 110.569831983198327, -6.798004800480055 ], [ 110.571107110711068, -6.79815481548155 ], [ 110.569456945694569, -6.798454845484541 ], [ 110.571107110711068, -6.798454845484543 ], [ 110.571857185718571, -6.799129912991297 ], [ 110.570657065706584, -6.798529852985297 ], [ 110.569456945694569, -6.798604860486056 ], [ 110.569456945694569, -6.798904890489046 ], [ 110.568631863186312, -6.798304830483043 ], [ 110.568031803180318, -6.799129912991299 ], [ 110.567356735673584, -6.798079807980794 ], [ 110.563906390639062, -6.796954695469541 ], [ 110.561731173117323, -6.797554755475556 ], [ 110.561806180618063, -6.795079507950794 ], [ 110.559555955595556, -6.798154815481547 ], [ 110.559705970597065, -6.799729972997293 ], [ 110.56150615061506, -6.798979897989804 ], [ 110.560231023102304, -6.801380138013797 ], [ 110.562331233123317, -6.800555055505548 ], [ 110.562106210621067, -6.801680168016801 ], [ 110.563756375637567, -6.80160516051606 ], [ 110.567881788178823, -6.804830483048299 ], [ 110.568781878187821, -6.804605460546051 ], [ 110.569831983198327, -6.807605760576054 ], [ 110.569381938193814, -6.807680768076803 ], [ 110.569006900690084, -6.807155715571557 ], [ 110.568106810681073, -6.806630663066302 ], [ 110.567731773177314, -6.806630663066302 ], [ 110.566606660666068, -6.808430843084315 ], [ 110.568556855685571, -6.810456045604566 ], [ 110.570957095709574, -6.80880588058806 ], [ 110.569606960696063, -6.810606060606068 ], [ 110.570657065706584, -6.811356135613552 ], [ 110.570957095709574, -6.811356135613555 ], [ 110.571632163216336, -6.810231023102305 ], [ 110.572532253225319, -6.810531053105303 ], [ 110.573357335733576, -6.809780978097816 ], [ 110.573957395739569, -6.809705970597055 ], [ 110.575907590759073, -6.808280828082799 ], [ 110.580258025802578, -6.803555355535552 ], [ 110.583108310831079, -6.798004800480045 ], [ 110.584383438343835, -6.792529252925291 ], [ 110.582208220822096, -6.790429042904287 ], [ 110.58145814581458, -6.793729372937296 ], [ 110.581383138313825, -6.790054005400541 ], [ 110.578757875787574, -6.788778877887796 ], [ 110.584458445844589, -6.791404140414036 ], [ 110.584608460846084, -6.772052205220521 ], [ 110.581683168316829, -6.77062706270627 ], [ 110.582958295829584, -6.766726672667271 ], [ 110.581758175817583, -6.767326732673265 ], [ 110.582058205820587, -6.76455145514551 ], [ 110.581008100810081, -6.764701470147008 ], [ 110.57980798079808, -6.764251425142511 ], [ 110.57815781578158, -6.764326432643256 ], [ 110.581008100810081, -6.763651365136512 ], [ 110.584083408340831, -6.76477647764776 ], [ 110.58423342334234, -6.764101410141012 ], [ 110.581083108310835, -6.762676267626759 ], [ 110.576057605760582, -6.762976297629759 ], [ 110.576207620762077, -6.759975997599757 ] ], [ [ 110.579507950795076, -6.763126312631269 ], [ 110.579582958295845, -6.763051305130511 ], [ 110.579582958295845, -6.763126312631262 ], [ 110.579507950795076, -6.763126312631269 ] ], [ [ 110.579132913291332, -6.763276327632758 ], [ 110.580933093309326, -6.763201320132008 ], [ 110.578982898289823, -6.763426342634256 ], [ 110.579132913291332, -6.763276327632758 ] ], [ [ 110.581008100810081, -6.763201320132019 ], [ 110.581308130813085, -6.763126312631265 ], [ 110.581308130813085, -6.763201320132019 ], [ 110.581008100810081, -6.763201320132019 ] ], [ [ 110.581308130813085, -6.763276327632763 ], [ 110.581608160816089, -6.763201320132012 ], [ 110.581608160816089, -6.763276327632766 ], [ 110.581308130813085, -6.763276327632763 ] ], [ [ 110.574632463246346, -6.763426342634261 ], [ 110.574782478247826, -6.763276327632767 ], [ 110.574707470747072, -6.763426342634269 ], [ 110.574632463246346, -6.763426342634261 ] ], [ [ 110.576207620762077, -6.76350135013502 ], [ 110.576582658265835, -6.763351335133506 ], [ 110.576582658265835, -6.763726372637268 ], [ 110.576207620762077, -6.76350135013502 ] ], [ [ 110.581608160816089, -6.763351335133511 ], [ 110.581683168316829, -6.763276327632767 ], [ 110.581683168316829, -6.76335133513352 ], [ 110.581608160816089, -6.763351335133511 ] ], [ [ 110.578832883288328, -6.763501350135005 ], [ 110.578982898289823, -6.763426342634256 ], [ 110.578982898289823, -6.763501350135022 ], [ 110.578832883288328, -6.763501350135005 ] ], [ [ 110.578307830783075, -6.763576357635764 ], [ 110.578757875787574, -6.763501350135009 ], [ 110.578757875787574, -6.763576357635768 ], [ 110.578307830783075, -6.763576357635764 ] ], [ [ 110.57680768076807, -6.763801380138012 ], [ 110.577782778277822, -6.763651365136509 ], [ 110.577782778277822, -6.763726372637267 ], [ 110.57680768076807, -6.763801380138012 ] ], [ [ 110.577782778277822, -6.763651365136509 ], [ 110.578232823282335, -6.763576357635763 ], [ 110.578232823282335, -6.763651365136514 ], [ 110.577782778277822, -6.763651365136509 ] ], [ [ 110.576132613261322, -6.764251425142518 ], [ 110.576207620762077, -6.763801380138012 ], [ 110.576207620762077, -6.76425142514252 ], [ 110.576132613261322, -6.764251425142518 ] ], [ [ 110.57680768076807, -6.764926492649263 ], [ 110.577782778277822, -6.765301530153019 ], [ 110.576957695769579, -6.765901590159013 ], [ 110.57680768076807, -6.764926492649263 ] ], [ [ 110.577857785778576, -6.764401440144015 ], [ 110.57815781578158, -6.764326432643256 ], [ 110.57815781578158, -6.764401440144005 ], [ 110.577857785778576, -6.764401440144015 ] ], [ [ 110.575682568256823, -6.764701470147016 ], [ 110.575757575757578, -6.764626462646256 ], [ 110.575757575757578, -6.76470147014702 ], [ 110.575682568256823, -6.764701470147016 ] ], [ [ 110.576582658265835, -6.765076507650768 ], [ 110.57680768076807, -6.765076507650765 ], [ 110.576582658265835, -6.765151515151521 ], [ 110.576582658265835, -6.765076507650768 ] ], [ [ 110.581608160816089, -6.765076507650773 ], [ 110.581683168316829, -6.765001500150012 ], [ 110.581683168316829, -6.765076507650765 ], [ 110.581608160816089, -6.765076507650773 ] ], [ [ 110.581833183318338, -6.76530153015301 ], [ 110.581908190819078, -6.765076507650759 ], [ 110.581908190819078, -6.765301530153017 ], [ 110.581833183318338, -6.76530153015301 ] ], [ [ 110.58145814581458, -6.76522652265226 ], [ 110.581608160816089, -6.76552655265527 ], [ 110.58145814581458, -6.765601560156016 ], [ 110.58145814581458, -6.76522652265226 ] ], [ [ 110.576357635763571, -6.765301530153007 ], [ 110.576432643264326, -6.765226522652262 ], [ 110.576432643264326, -6.765301530153021 ], [ 110.576357635763571, -6.765301530153007 ] ], [ [ 110.576057605760582, -6.765451545154517 ], [ 110.576357635763571, -6.765376537653771 ], [ 110.575907590759073, -6.766126612661265 ], [ 110.576057605760582, -6.765451545154517 ] ], [ [ 110.580783078307832, -6.765676567656769 ], [ 110.580858085808586, -6.765601560156011 ], [ 110.580858085808586, -6.765676567656771 ], [ 110.580783078307832, -6.765676567656769 ] ], [ [ 110.578532853285324, -6.765751575157519 ], [ 110.578607860786079, -6.765676567656775 ], [ 110.578607860786079, -6.765751575157519 ], [ 110.578532853285324, -6.765751575157519 ] ], [ [ 110.578382838283829, -6.765976597659758 ], [ 110.578532853285324, -6.766051605160516 ], [ 110.578382838283829, -6.766201620162011 ], [ 110.578382838283829, -6.765976597659758 ] ], [ [ 110.578307830783075, -6.766276627662767 ], [ 110.578382838283829, -6.766201620162011 ], [ 110.578382838283829, -6.766276627662769 ], [ 110.578307830783075, -6.766276627662767 ] ], [ [ 110.580933093309326, -6.76642664266427 ], [ 110.581008100810081, -6.766276627662774 ], [ 110.581008100810081, -6.766426642664262 ], [ 110.580933093309326, -6.76642664266427 ] ], [ [ 110.580333033303333, -6.766501650165022 ], [ 110.580408040804087, -6.766426642664269 ], [ 110.580408040804087, -6.766501650165024 ], [ 110.580333033303333, -6.766501650165022 ] ], [ [ 110.576357635763571, -6.766801680168011 ], [ 110.576657665766575, -6.766726672667267 ], [ 110.576657665766575, -6.766801680168014 ], [ 110.576357635763571, -6.766801680168011 ] ], [ [ 110.576657665766575, -6.766876687668766 ], [ 110.577107710771074, -6.766801680168011 ], [ 110.577107710771074, -6.766876687668774 ], [ 110.576657665766575, -6.766876687668766 ] ], [ [ 110.577557755775587, -6.76695169516952 ], [ 110.577707770777081, -6.766876687668771 ], [ 110.577707770777081, -6.766951695169519 ], [ 110.577557755775587, -6.76695169516952 ] ], [ [ 110.578232823282335, -6.76710171017102 ], [ 110.578757875787574, -6.76702670267026 ], [ 110.578757875787574, -6.767101710171019 ], [ 110.578232823282335, -6.76710171017102 ] ], [ [ 110.579132913291332, -6.767176717671759 ], [ 110.579207920792086, -6.767101710171018 ], [ 110.579207920792086, -6.767176717671772 ], [ 110.579132913291332, -6.767176717671759 ] ], [ [ 110.576057605760582, -6.767251725172517 ], [ 110.576957695769579, -6.767176717671763 ], [ 110.577107710771074, -6.767326732673259 ], [ 110.57673267326733, -6.767251725172522 ], [ 110.576057605760582, -6.767251725172517 ] ], [ [ 110.579432943294336, -6.767251725172517 ], [ 110.579582958295845, -6.767176717671775 ], [ 110.579582958295845, -6.767251725172509 ], [ 110.579432943294336, -6.767251725172517 ] ], [ [ 110.579657965796585, -6.767251725172517 ], [ 110.579732973297325, -6.767176717671769 ], [ 110.579732973297325, -6.767251725172515 ], [ 110.579657965796585, -6.767251725172517 ] ], [ [ 110.575757575757578, -6.767851785178522 ], [ 110.575982598259827, -6.768001800180023 ], [ 110.575757575757578, -6.768151815181516 ], [ 110.575757575757578, -6.767851785178522 ] ], [ [ 110.580108010801084, -6.767326732673269 ], [ 110.580258025802578, -6.767251725172508 ], [ 110.580258025802578, -6.767326732673272 ], [ 110.580108010801084, -6.767326732673269 ] ], [ [ 110.580408040804087, -6.767401740174016 ], [ 110.580558055805596, -6.767326732673263 ], [ 110.580558055805596, -6.767401740174019 ], [ 110.580408040804087, -6.767401740174016 ] ], [ [ 110.581008100810081, -6.767701770177011 ], [ 110.581008100810081, -6.767401740174016 ], [ 110.581608160816089, -6.767701770177018 ], [ 110.581008100810081, -6.767701770177011 ] ], [ [ 110.580033003300329, -6.767626762676264 ], [ 110.580183018301824, -6.767476747674762 ], [ 110.580408040804087, -6.767626762676261 ], [ 110.580033003300329, -6.767626762676264 ] ], [ [ 110.578982898289823, -6.767701770177016 ], [ 110.579057905790577, -6.767626762676268 ], [ 110.579057905790577, -6.767701770177021 ], [ 110.578982898289823, -6.767701770177016 ] ], [ [ 110.580408040804087, -6.767701770177015 ], [ 110.580558055805596, -6.767626762676272 ], [ 110.580558055805596, -6.767701770177019 ], [ 110.580408040804087, -6.767701770177015 ] ], [ [ 110.579432943294336, -6.767851785178522 ], [ 110.579507950795076, -6.767701770177013 ], [ 110.579507950795076, -6.767851785178514 ], [ 110.579432943294336, -6.767851785178522 ] ], [ [ 110.581608160816089, -6.767851785178511 ], [ 110.582133213321328, -6.767851785178522 ], [ 110.582133213321328, -6.768001800180021 ], [ 110.581608160816089, -6.767851785178511 ] ], [ [ 110.580783078307832, -6.767851785178515 ], [ 110.580858085808586, -6.767776777677764 ], [ 110.580858085808586, -6.767851785178522 ], [ 110.580783078307832, -6.767851785178515 ] ], [ [ 110.580183018301824, -6.768076807680764 ], [ 110.580258025802578, -6.767851785178514 ], [ 110.580258025802578, -6.768076807680775 ], [ 110.580183018301824, -6.768076807680764 ] ], [ [ 110.581158115811576, -6.768001800180013 ], [ 110.581308130813085, -6.767926792679267 ], [ 110.581308130813085, -6.76800180018001 ], [ 110.581158115811576, -6.768001800180013 ] ], [ [ 110.577932793279345, -6.768226822682271 ], [ 110.57815781578158, -6.768076807680759 ], [ 110.57815781578158, -6.768226822682265 ], [ 110.577932793279345, -6.768226822682271 ] ], [ [ 110.578607860786079, -6.76807680768076 ], [ 110.578682868286833, -6.768001800180022 ], [ 110.578682868286833, -6.768076807680762 ], [ 110.578607860786079, -6.76807680768076 ] ], [ [ 110.579057905790577, -6.768076807680761 ], [ 110.579132913291332, -6.768001800180017 ], [ 110.579132913291332, -6.768076807680766 ], [ 110.579057905790577, -6.768076807680761 ] ], [ [ 110.581383138313825, -6.768076807680762 ], [ 110.58145814581458, -6.768001800180016 ], [ 110.58145814581458, -6.768076807680769 ], [ 110.581383138313825, -6.768076807680762 ] ], [ [ 110.579582958295845, -6.768151815181513 ], [ 110.579657965796585, -6.768076807680766 ], [ 110.579657965796585, -6.768151815181524 ], [ 110.579582958295845, -6.768151815181513 ] ], [ [ 110.579432943294336, -6.768226822682262 ], [ 110.579507950795076, -6.768151815181524 ], [ 110.579507950795076, -6.768226822682276 ], [ 110.579432943294336, -6.768226822682262 ] ], [ [ 110.581833183318338, -6.768226822682274 ], [ 110.582283228322837, -6.768151815181523 ], [ 110.582283228322837, -6.768226822682272 ], [ 110.581833183318338, -6.768226822682274 ] ], [ [ 110.579357935793581, -6.768301830183016 ], [ 110.579432943294336, -6.768226822682262 ], [ 110.579432943294336, -6.768301830183022 ], [ 110.579357935793581, -6.768301830183016 ] ], [ [ 110.579582958295845, -6.768301830183018 ], [ 110.579657965796585, -6.768226822682269 ], [ 110.579657965796585, -6.768301830183024 ], [ 110.579582958295845, -6.768301830183018 ] ], [ [ 110.579282928292827, -6.768976897689774 ], [ 110.579657965796585, -6.768676867686765 ], [ 110.579357935793581, -6.769126912691262 ], [ 110.579282928292827, -6.768976897689774 ] ], [ [ 110.577932793279345, -6.768526852685271 ], [ 110.578007800780071, -6.768451845184522 ], [ 110.578007800780071, -6.76852685268527 ], [ 110.577932793279345, -6.768526852685271 ] ], [ [ 110.579282928292827, -6.768676867686763 ], [ 110.579357935793581, -6.76845184518451 ], [ 110.579357935793581, -6.768676867686771 ], [ 110.579282928292827, -6.768676867686763 ] ], [ [ 110.579207920792086, -6.768901890189023 ], [ 110.579282928292827, -6.768676867686763 ], [ 110.579282928292827, -6.768901890189022 ], [ 110.579207920792086, -6.768901890189023 ] ], [ [ 110.57650765076508, -6.770327032703267 ], [ 110.576582658265835, -6.770177017701778 ], [ 110.576582658265835, -6.770327032703277 ], [ 110.57650765076508, -6.770327032703267 ] ], [ [ 110.579657965796585, -6.770927092709265 ], [ 110.579732973297325, -6.770777077707773 ], [ 110.57980798079808, -6.770927092709274 ], [ 110.579657965796585, -6.770927092709265 ] ], [ [ 110.580183018301824, -6.770927092709271 ], [ 110.580633063306337, -6.770777077707777 ], [ 110.580633063306337, -6.77085208520853 ], [ 110.580183018301824, -6.770927092709271 ] ], [ [ 110.581008100810081, -6.771077107710769 ], [ 110.581308130813085, -6.770927092709279 ], [ 110.581833183318338, -6.771227122712276 ], [ 110.581008100810081, -6.771077107710769 ] ], [ [ 110.581683168316829, -6.770927092709274 ], [ 110.581833183318338, -6.770852085208528 ], [ 110.581833183318338, -6.770927092709272 ], [ 110.581683168316829, -6.770927092709274 ] ], [ [ 110.582058205820587, -6.771377137713767 ], [ 110.582208220822096, -6.771302130213015 ], [ 110.582208220822096, -6.771377137713764 ], [ 110.582058205820587, -6.771377137713767 ] ], [ [ 110.582208220822096, -6.77145214521452 ], [ 110.582283228322837, -6.771377137713774 ], [ 110.582283228322837, -6.771452145214521 ], [ 110.582208220822096, -6.77145214521452 ] ], [ [ 110.582283228322837, -6.771527152715275 ], [ 110.582433243324331, -6.771452145214524 ], [ 110.582433243324331, -6.771527152715265 ], [ 110.582283228322837, -6.771527152715275 ] ], [ [ 110.579882988298834, -6.771677167716774 ], [ 110.580183018301824, -6.771602160216028 ], [ 110.580183018301824, -6.771677167716772 ], [ 110.579882988298834, -6.771677167716774 ] ], [ [ 110.580333033303333, -6.771752175217522 ], [ 110.580783078307832, -6.771677167716769 ], [ 110.580933093309326, -6.771827182718271 ], [ 110.580333033303333, -6.771752175217522 ] ], [ [ 110.582733273327335, -6.771752175217516 ], [ 110.58288328832883, -6.771677167716767 ], [ 110.58288328832883, -6.771752175217514 ], [ 110.582733273327335, -6.771752175217516 ] ], [ [ 110.579507950795076, -6.771827182718276 ], [ 110.579732973297325, -6.77175217521752 ], [ 110.579732973297325, -6.771827182718278 ], [ 110.579507950795076, -6.771827182718276 ] ], [ [ 110.57815781578158, -6.771977197719765 ], [ 110.578307830783075, -6.772052205220523 ], [ 110.57815781578158, -6.77205220522052 ], [ 110.57815781578158, -6.771977197719765 ] ], [ [ 110.577707770777081, -6.772277227722781 ], [ 110.577782778277822, -6.772127212721274 ], [ 110.577782778277822, -6.77227722772278 ], [ 110.577707770777081, -6.772277227722781 ] ], [ [ 110.577482748274832, -6.772352235223522 ], [ 110.577557755775587, -6.772277227722764 ], [ 110.577557755775587, -6.772352235223525 ], [ 110.577482748274832, -6.772352235223522 ] ], [ [ 110.577182718271828, -6.772427242724278 ], [ 110.577482748274832, -6.772502250225025 ], [ 110.577182718271828, -6.772652265226528 ], [ 110.577182718271828, -6.772427242724278 ] ], [ [ 110.578082808280826, -6.77250225022502 ], [ 110.57815781578158, -6.77242724272427 ], [ 110.57815781578158, -6.772502250225031 ], [ 110.578082808280826, -6.77250225022502 ] ], [ [ 110.579582958295845, -6.772577257725767 ], [ 110.579657965796585, -6.772502250225027 ], [ 110.579657965796585, -6.772577257725764 ], [ 110.579582958295845, -6.772577257725767 ] ], [ [ 110.576132613261322, -6.773027302730266 ], [ 110.576282628262845, -6.772952295229517 ], [ 110.576282628262845, -6.773027302730283 ], [ 110.576132613261322, -6.773027302730266 ] ], [ [ 110.576882688268824, -6.773477347734774 ], [ 110.577107710771074, -6.773552355235521 ], [ 110.576882688268824, -6.773627362736268 ], [ 110.576882688268824, -6.773477347734774 ] ], [ [ 110.576207620762077, -6.773552355235513 ], [ 110.576357635763571, -6.773627362736267 ], [ 110.576207620762077, -6.773777377737779 ], [ 110.576207620762077, -6.773552355235513 ] ], [ [ 110.581758175817583, -6.77355235523553 ], [ 110.581833183318338, -6.773477347734767 ], [ 110.581833183318338, -6.773552355235525 ], [ 110.581758175817583, -6.77355235523553 ] ], [ [ 110.574707470747072, -6.773927392739268 ], [ 110.574782478247826, -6.773777377737781 ], [ 110.574782478247826, -6.773927392739276 ], [ 110.574707470747072, -6.773927392739268 ] ], [ [ 110.576132613261322, -6.773927392739268 ], [ 110.576207620762077, -6.773777377737779 ], [ 110.576207620762077, -6.773927392739273 ], [ 110.576132613261322, -6.773927392739268 ] ], [ [ 110.576057605760582, -6.774077407740765 ], [ 110.576132613261322, -6.773927392739268 ], [ 110.576132613261322, -6.774077407740781 ], [ 110.576057605760582, -6.774077407740765 ] ], [ [ 110.580858085808586, -6.774002400240022 ], [ 110.580933093309326, -6.773927392739266 ], [ 110.580933093309326, -6.774002400240024 ], [ 110.580858085808586, -6.774002400240022 ] ], [ [ 110.575982598259827, -6.77415241524152 ], [ 110.576057605760582, -6.774077407740765 ], [ 110.576057605760582, -6.774152415241527 ], [ 110.575982598259827, -6.77415241524152 ] ], [ [ 110.576582658265835, -6.774227422742269 ], [ 110.576657665766575, -6.774152415241522 ], [ 110.576657665766575, -6.774227422742281 ], [ 110.576582658265835, -6.774227422742269 ] ], [ [ 110.57650765076508, -6.77437743774378 ], [ 110.576582658265835, -6.774227422742269 ], [ 110.576582658265835, -6.774377437743768 ], [ 110.57650765076508, -6.77437743774378 ] ], [ [ 110.576282628262845, -6.774602460246018 ], [ 110.57650765076508, -6.77460246024603 ], [ 110.576282628262845, -6.77475247524752 ], [ 110.576282628262845, -6.774602460246018 ] ], [ [ 110.573132313231326, -6.775052505250517 ], [ 110.573207320732067, -6.774827482748282 ], [ 110.573282328232835, -6.775127512751281 ], [ 110.573132313231326, -6.775052505250517 ] ], [ [ 110.570282028202826, -6.775277527752771 ], [ 110.570582058205815, -6.775127512751276 ], [ 110.570657065706584, -6.77527752775277 ], [ 110.570282028202826, -6.775277527752771 ] ], [ [ 110.571107110711068, -6.77535253525352 ], [ 110.571182118211823, -6.775202520252019 ], [ 110.571182118211823, -6.775352535253528 ], [ 110.571107110711068, -6.77535253525352 ] ], [ [ 110.575757575757578, -6.775277527752769 ], [ 110.575832583258332, -6.77520252025202 ], [ 110.575832583258332, -6.77527752775278 ], [ 110.575757575757578, -6.775277527752769 ] ], [ [ 110.575907590759073, -6.77535253525352 ], [ 110.575982598259827, -6.775277527752768 ], [ 110.575982598259827, -6.775352535253523 ], [ 110.575907590759073, -6.77535253525352 ] ], [ [ 110.569756975697572, -6.775427542754276 ], [ 110.569831983198327, -6.775352535253521 ], [ 110.569831983198327, -6.775427542754275 ], [ 110.569756975697572, -6.775427542754276 ] ], [ [ 110.575982598259827, -6.775427542754285 ], [ 110.576132613261322, -6.775352535253527 ], [ 110.576132613261322, -6.775427542754278 ], [ 110.575982598259827, -6.775427542754285 ] ], [ [ 110.569606960696063, -6.775802580258032 ], [ 110.570207020702071, -6.775502550255033 ], [ 110.570057005700576, -6.775952595259531 ], [ 110.569606960696063, -6.775802580258032 ] ], [ [ 110.576132613261322, -6.77550255025502 ], [ 110.576207620762077, -6.775427542754282 ], [ 110.576207620762077, -6.775502550255025 ], [ 110.576132613261322, -6.77550255025502 ] ], [ [ 110.57508250825083, -6.775652565256527 ], [ 110.575232523252325, -6.775502550255023 ], [ 110.57538253825382, -6.775652565256524 ], [ 110.57508250825083, -6.775652565256527 ] ], [ [ 110.571632163216336, -6.775652565256525 ], [ 110.571707170717076, -6.775577557755772 ], [ 110.571707170717076, -6.775652565256532 ], [ 110.571632163216336, -6.775652565256525 ] ], [ [ 110.568931893189315, -6.776027602760282 ], [ 110.569081908190824, -6.775652565256532 ], [ 110.569006900690084, -6.776027602760269 ], [ 110.568931893189315, -6.776027602760282 ] ], [ [ 110.569156915691565, -6.776102610261019 ], [ 110.569456945694569, -6.775727572757269 ], [ 110.569381938193814, -6.77617761776177 ], [ 110.569156915691565, -6.776102610261019 ] ], [ [ 110.576282628262845, -6.775727572757273 ], [ 110.576357635763571, -6.775652565256524 ], [ 110.576357635763571, -6.775727572757277 ], [ 110.576282628262845, -6.775727572757273 ] ], [ [ 110.571557155715567, -6.775802580258023 ], [ 110.571632163216336, -6.77572757275728 ], [ 110.571632163216336, -6.775802580258025 ], [ 110.571557155715567, -6.775802580258023 ] ], [ [ 110.576432643264326, -6.775802580258016 ], [ 110.57650765076508, -6.775727572757281 ], [ 110.57650765076508, -6.775802580258027 ], [ 110.576432643264326, -6.775802580258016 ] ], [ [ 110.575607560756069, -6.775952595259529 ], [ 110.575682568256823, -6.775877587758782 ], [ 110.575682568256823, -6.775952595259521 ], [ 110.575607560756069, -6.775952595259529 ] ], [ [ 110.57680768076807, -6.776027602760269 ], [ 110.576882688268824, -6.775952595259524 ], [ 110.576882688268824, -6.776027602760284 ], [ 110.57680768076807, -6.776027602760269 ] ], [ [ 110.570657065706584, -6.77752775277528 ], [ 110.571482148214827, -6.776252625262527 ], [ 110.570957095709574, -6.777077707770776 ], [ 110.571107110711068, -6.777752775277524 ], [ 110.569156915691565, -6.78195319531954 ], [ 110.573057305730572, -6.783978397839777 ], [ 110.575307530753079, -6.781428142814276 ], [ 110.573507350735071, -6.785178517851779 ], [ 110.568931893189315, -6.782478247824781 ], [ 110.567506750675065, -6.783753375337534 ], [ 110.568706870687066, -6.782253225322536 ], [ 110.567956795679564, -6.781803180318024 ], [ 110.568856885688575, -6.779627962796275 ], [ 110.569006900690084, -6.77895289528953 ], [ 110.568331833183322, -6.778577857785773 ], [ 110.57043204320432, -6.776627662766285 ], [ 110.570282028202826, -6.777227722772268 ], [ 110.570657065706584, -6.77752775277528 ] ], [ [ 110.581308130813085, -6.776102610261028 ], [ 110.581383138313825, -6.776027602760276 ], [ 110.581383138313825, -6.776102610261025 ], [ 110.581308130813085, -6.776102610261028 ] ], [ [ 110.568631863186312, -6.776252625262527 ], [ 110.568781878187821, -6.776402640264031 ], [ 110.568631863186312, -6.776552655265528 ], [ 110.568631863186312, -6.776252625262527 ] ], [ [ 110.569756975697572, -6.776327632763282 ], [ 110.569831983198327, -6.776102610261017 ], [ 110.569831983198327, -6.776327632763279 ], [ 110.569756975697572, -6.776327632763282 ] ], [ [ 110.578532853285324, -6.776102610261032 ], [ 110.583258325832588, -6.778127812781282 ], [ 110.58453345334533, -6.780003000300026 ], [ 110.581008100810081, -6.779552955295527 ], [ 110.578532853285324, -6.776102610261032 ] ], [ [ 110.569456945694569, -6.776252625262527 ], [ 110.569531953195323, -6.776177617761777 ], [ 110.569531953195323, -6.776252625262525 ], [ 110.569456945694569, -6.776252625262527 ] ], [ [ 110.570657065706584, -6.776627662766278 ], [ 110.571107110711068, -6.77625262526252 ], [ 110.570882088208819, -6.776702670267034 ], [ 110.570657065706584, -6.776627662766278 ] ], [ [ 110.575007500750075, -6.776327632763281 ], [ 110.575232523252325, -6.776402640264029 ], [ 110.575007500750075, -6.776552655265535 ], [ 110.575007500750075, -6.776327632763281 ] ], [ [ 110.577332733273323, -6.77625262526252 ], [ 110.577407740774078, -6.776177617761783 ], [ 110.577407740774078, -6.776252625262521 ], [ 110.577332733273323, -6.77625262526252 ] ], [ [ 110.568856885688575, -6.776627662766278 ], [ 110.569306930693074, -6.776477647764778 ], [ 110.569231923192319, -6.776777677767775 ], [ 110.568856885688575, -6.776627662766278 ] ], [ [ 110.577482748274832, -6.776327632763278 ], [ 110.577557755775587, -6.776252625262519 ], [ 110.577557755775587, -6.776327632763284 ], [ 110.577482748274832, -6.776327632763278 ] ], [ [ 110.569231923192319, -6.776402640264023 ], [ 110.569306930693074, -6.776327632763272 ], [ 110.569306930693074, -6.776402640264022 ], [ 110.569231923192319, -6.776402640264023 ] ], [ [ 110.569681968196818, -6.776552655265528 ], [ 110.569756975697572, -6.776327632763282 ], [ 110.569756975697572, -6.776552655265523 ], [ 110.569681968196818, -6.776552655265528 ] ], [ [ 110.570357035703566, -6.776552655265521 ], [ 110.570507050705075, -6.776327632763272 ], [ 110.570507050705075, -6.776552655265527 ], [ 110.570357035703566, -6.776552655265521 ] ], [ [ 110.577857785778576, -6.776552655265528 ], [ 110.578007800780071, -6.776477647764786 ], [ 110.578007800780071, -6.776552655265521 ], [ 110.577857785778576, -6.776552655265528 ] ], [ [ 110.569606960696063, -6.776777677767769 ], [ 110.569681968196818, -6.776552655265528 ], [ 110.569681968196818, -6.776777677767782 ], [ 110.569606960696063, -6.776777677767769 ] ], [ [ 110.57538253825382, -6.776852685268525 ], [ 110.575532553255329, -6.776777677767781 ], [ 110.575532553255329, -6.776852685268535 ], [ 110.57538253825382, -6.776852685268525 ] ], [ [ 110.570507050705075, -6.777152715271534 ], [ 110.570582058205815, -6.777002700270033 ], [ 110.570582058205815, -6.777152715271525 ], [ 110.570507050705075, -6.777152715271534 ] ], [ [ 110.573357335733576, -6.77730273027303 ], [ 110.57343234323433, -6.777152715271524 ], [ 110.57343234323433, -6.777302730273026 ], [ 110.573357335733576, -6.77730273027303 ] ], [ [ 110.57208220822082, -6.777977797779771 ], [ 110.572232223222329, -6.777902790279028 ], [ 110.572232223222329, -6.77797779777978 ], [ 110.57208220822082, -6.777977797779771 ] ], [ [ 110.567506750675065, -6.778502850285031 ], [ 110.56758175817582, -6.778427842784269 ], [ 110.56758175817582, -6.778502850285036 ], [ 110.567506750675065, -6.778502850285031 ] ], [ [ 110.572907290729077, -6.778577857785787 ], [ 110.572982298229817, -6.778502850285027 ], [ 110.572982298229817, -6.778577857785783 ], [ 110.572907290729077, -6.778577857785787 ] ], [ [ 110.567356735673584, -6.778877887788782 ], [ 110.567431743174311, -6.778802880288037 ], [ 110.567431743174311, -6.778877887788782 ], [ 110.567356735673584, -6.778877887788782 ] ], [ [ 110.576282628262845, -6.779552955295531 ], [ 110.576357635763571, -6.77947794779478 ], [ 110.576357635763571, -6.779552955295536 ], [ 110.576282628262845, -6.779552955295531 ] ], [ [ 110.576132613261322, -6.779777977797777 ], [ 110.576207620762077, -6.779702970297032 ], [ 110.576207620762077, -6.779777977797784 ], [ 110.576132613261322, -6.779777977797777 ] ], [ [ 110.568481848184817, -6.780228022802282 ], [ 110.568556855685571, -6.780153015301535 ], [ 110.568556855685571, -6.780228022802272 ], [ 110.568481848184817, -6.780228022802282 ] ], [ [ 110.581533153315334, -6.780828082808275 ], [ 110.581608160816089, -6.780678067806772 ], [ 110.581608160816089, -6.78082808280829 ], [ 110.581533153315334, -6.780828082808275 ] ], [ [ 110.567206720672061, -6.780903090309025 ], [ 110.567281728172816, -6.780828082808279 ], [ 110.567281728172816, -6.780903090309033 ], [ 110.567206720672061, -6.780903090309025 ] ], [ [ 110.58145814581458, -6.780903090309034 ], [ 110.581533153315334, -6.780828082808275 ], [ 110.581533153315334, -6.780903090309024 ], [ 110.58145814581458, -6.780903090309034 ] ], [ [ 110.581308130813085, -6.780978097809783 ], [ 110.58145814581458, -6.781053105310526 ], [ 110.581308130813085, -6.781128112811273 ], [ 110.581308130813085, -6.780978097809783 ] ], [ [ 110.567131713171321, -6.781053105310535 ], [ 110.567206720672061, -6.780978097809782 ], [ 110.567206720672061, -6.781053105310529 ], [ 110.567131713171321, -6.781053105310535 ] ], [ [ 110.57508250825083, -6.781203120312026 ], [ 110.575307530753079, -6.781128112811275 ], [ 110.575232523252325, -6.781278127812788 ], [ 110.57508250825083, -6.781203120312026 ] ], [ [ 110.581233123312344, -6.781203120312029 ], [ 110.581308130813085, -6.781128112811273 ], [ 110.581308130813085, -6.781203120312025 ], [ 110.581233123312344, -6.781203120312029 ] ], [ [ 110.581158115811576, -6.781278127812773 ], [ 110.581233123312344, -6.781203120312029 ], [ 110.581233123312344, -6.781278127812779 ], [ 110.581158115811576, -6.781278127812773 ] ], [ [ 110.566606660666068, -6.78135313531353 ], [ 110.566756675667563, -6.781278127812778 ], [ 110.566756675667563, -6.781353135313536 ], [ 110.566606660666068, -6.78135313531353 ] ], [ [ 110.568031803180318, -6.781428142814272 ], [ 110.568106810681073, -6.781353135313528 ], [ 110.568106810681073, -6.781428142814279 ], [ 110.568031803180318, -6.781428142814272 ] ], [ [ 110.576132613261322, -6.781653165316534 ], [ 110.576282628262845, -6.781503150315027 ], [ 110.576207620762077, -6.781653165316538 ], [ 110.576132613261322, -6.781653165316534 ] ], [ [ 110.567656765676574, -6.78165316531653 ], [ 110.567731773177314, -6.781578157815786 ], [ 110.567731773177314, -6.781653165316535 ], [ 110.567656765676574, -6.78165316531653 ] ], [ [ 110.577932793279345, -6.782253225322532 ], [ 110.578232823282335, -6.782028202820278 ], [ 110.577782778277822, -6.782403240324027 ], [ 110.577932793279345, -6.782253225322532 ] ], [ [ 110.578757875787574, -6.782103210321027 ], [ 110.578832883288328, -6.782028202820279 ], [ 110.578832883288328, -6.782103210321028 ], [ 110.578757875787574, -6.782103210321027 ] ], [ [ 110.579507950795076, -6.78277827782779 ], [ 110.579657965796585, -6.782703270327037 ], [ 110.579657965796585, -6.782778277827783 ], [ 110.579507950795076, -6.78277827782779 ] ], [ [ 110.581083108310835, -6.782853285328537 ], [ 110.581158115811576, -6.782778277827776 ], [ 110.581158115811576, -6.782853285328536 ], [ 110.581083108310835, -6.782853285328537 ] ], [ [ 110.581008100810081, -6.78292829282929 ], [ 110.581083108310835, -6.782853285328537 ], [ 110.581083108310835, -6.782928292829289 ], [ 110.581008100810081, -6.78292829282929 ] ], [ [ 110.580933093309326, -6.783003300330027 ], [ 110.581008100810081, -6.78292829282929 ], [ 110.581008100810081, -6.783003300330037 ], [ 110.580933093309326, -6.783003300330027 ] ], [ [ 110.580858085808586, -6.783078307830774 ], [ 110.580933093309326, -6.783003300330027 ], [ 110.580933093309326, -6.783078307830784 ], [ 110.580858085808586, -6.783078307830774 ] ], [ [ 110.580783078307832, -6.783153315331535 ], [ 110.580858085808586, -6.783078307830774 ], [ 110.580858085808586, -6.783153315331526 ], [ 110.580783078307832, -6.783153315331535 ] ], [ [ 110.572307230723084, -6.78330333033303 ], [ 110.572382238223824, -6.783228322832282 ], [ 110.572382238223824, -6.783303330333037 ], [ 110.572307230723084, -6.78330333033303 ] ], [ [ 110.572382238223824, -6.783378337833781 ], [ 110.572457245724578, -6.78330333033304 ], [ 110.572457245724578, -6.783378337833777 ], [ 110.572382238223824, -6.783378337833781 ] ], [ [ 110.570507050705075, -6.783603360336027 ], [ 110.570582058205815, -6.783528352835281 ], [ 110.570582058205815, -6.78360336033603 ], [ 110.570507050705075, -6.783603360336027 ] ], [ [ 110.580108010801084, -6.78367836783679 ], [ 110.580183018301824, -6.783528352835279 ], [ 110.580183018301824, -6.783678367836775 ], [ 110.580108010801084, -6.78367836783679 ] ], [ [ 110.580033003300329, -6.783828382838287 ], [ 110.580108010801084, -6.78367836783679 ], [ 110.580108010801084, -6.783828382838287 ], [ 110.580033003300329, -6.783828382838287 ] ], [ [ 110.567431743174311, -6.783828382838284 ], [ 110.567506750675065, -6.783753375337534 ], [ 110.567506750675065, -6.783828382838285 ], [ 110.567431743174311, -6.783828382838284 ] ], [ [ 110.579957995799575, -6.783978397839783 ], [ 110.580033003300329, -6.783828382838287 ], [ 110.580033003300329, -6.783978397839778 ], [ 110.579957995799575, -6.783978397839783 ] ], [ [ 110.567356735673584, -6.783978397839782 ], [ 110.567431743174311, -6.783903390339041 ], [ 110.567431743174311, -6.783978397839787 ], [ 110.567356735673584, -6.783978397839782 ] ], [ [ 110.567281728172816, -6.784128412841275 ], [ 110.567356735673584, -6.78405340534053 ], [ 110.567356735673584, -6.784128412841286 ], [ 110.567281728172816, -6.784128412841275 ] ], [ [ 110.567206720672061, -6.784278427842785 ], [ 110.567281728172816, -6.784203420342036 ], [ 110.567281728172816, -6.784278427842786 ], [ 110.567206720672061, -6.784278427842785 ] ], [ [ 110.566531653165313, -6.785028502850289 ], [ 110.566906690669072, -6.784878487848777 ], [ 110.566906690669072, -6.785028502850285 ], [ 110.566531653165313, -6.785028502850289 ] ], [ [ 110.567506750675065, -6.78495349534953 ], [ 110.567806780678069, -6.785028502850277 ], [ 110.567506750675065, -6.785403540354031 ], [ 110.567506750675065, -6.78495349534953 ] ], [ [ 110.57373237323732, -6.785028502850293 ], [ 110.573882388238829, -6.78487848784878 ], [ 110.573882388238829, -6.785028502850277 ], [ 110.57373237323732, -6.785028502850293 ] ], [ [ 110.583258325832588, -6.784953495349528 ], [ 110.583333333333329, -6.784878487848783 ], [ 110.583333333333329, -6.784953495349533 ], [ 110.583258325832588, -6.784953495349528 ] ], [ [ 110.572832283228323, -6.785028502850289 ], [ 110.572907290729077, -6.784953495349541 ], [ 110.572907290729077, -6.785028502850293 ], [ 110.572832283228323, -6.785028502850289 ] ], [ [ 110.574257425742573, -6.785028502850285 ], [ 110.574332433243328, -6.784953495349527 ], [ 110.574332433243328, -6.785028502850285 ], [ 110.574257425742573, -6.785028502850285 ] ], [ [ 110.569906990699067, -6.785103510351031 ], [ 110.569981998199836, -6.785028502850284 ], [ 110.569981998199836, -6.785103510351029 ], [ 110.569906990699067, -6.785103510351031 ] ], [ [ 110.574107410741078, -6.785253525352539 ], [ 110.574182418241818, -6.785103510351033 ], [ 110.574257425742573, -6.785253525352542 ], [ 110.574107410741078, -6.785253525352539 ] ], [ [ 110.574407440744068, -6.785178517851789 ], [ 110.574482448244822, -6.785103510351043 ], [ 110.574482448244822, -6.785178517851788 ], [ 110.574407440744068, -6.785178517851789 ] ], [ [ 110.573132313231326, -6.785328532853277 ], [ 110.573282328232835, -6.785253525352534 ], [ 110.573282328232835, -6.785328532853281 ], [ 110.573132313231326, -6.785328532853277 ] ], [ [ 110.574632463246346, -6.785328532853292 ], [ 110.574707470747072, -6.785253525352541 ], [ 110.574707470747072, -6.785328532853285 ], [ 110.574632463246346, -6.785328532853292 ] ], [ [ 110.574707470747072, -6.785403540354035 ], [ 110.574782478247826, -6.78532853285329 ], [ 110.574782478247826, -6.785403540354028 ], [ 110.574707470747072, -6.785403540354035 ] ], [ [ 110.574782478247826, -6.785478547854789 ], [ 110.574932493249335, -6.78540354035403 ], [ 110.575007500750075, -6.785628562856286 ], [ 110.574782478247826, -6.785478547854789 ] ], [ [ 110.566456645664573, -6.78577857785778 ], [ 110.566681668166822, -6.785628562856283 ], [ 110.566606660666068, -6.786003600360045 ], [ 110.566456645664573, -6.78577857785778 ] ], [ [ 110.574557455745577, -6.785628562856294 ], [ 110.574632463246346, -6.785553555355539 ], [ 110.574632463246346, -6.785628562856282 ], [ 110.574557455745577, -6.785628562856294 ] ], [ [ 110.574632463246346, -6.785703570357033 ], [ 110.574707470747072, -6.785628562856283 ], [ 110.574707470747072, -6.78570357035704 ], [ 110.574632463246346, -6.785703570357033 ] ], [ [ 110.575232523252325, -6.785853585358543 ], [ 110.575307530753079, -6.785778577857781 ], [ 110.575307530753079, -6.785853585358538 ], [ 110.575232523252325, -6.785853585358543 ] ], [ [ 110.566381638163818, -6.785928592859278 ], [ 110.566456645664573, -6.785853585358529 ], [ 110.566456645664573, -6.785928592859285 ], [ 110.566381638163818, -6.785928592859278 ] ], [ [ 110.574857485748581, -6.78592859285928 ], [ 110.575007500750075, -6.785853585358533 ], [ 110.575007500750075, -6.785928592859277 ], [ 110.574857485748581, -6.78592859285928 ] ], [ [ 110.57538253825382, -6.785928592859279 ], [ 110.575457545754574, -6.785853585358542 ], [ 110.575457545754574, -6.785928592859283 ], [ 110.57538253825382, -6.785928592859279 ] ], [ [ 110.566306630663064, -6.78607860786078 ], [ 110.566381638163818, -6.786003600360036 ], [ 110.566381638163818, -6.786078607860785 ], [ 110.566306630663064, -6.78607860786078 ] ], [ [ 110.566456645664573, -6.786153615361536 ], [ 110.566531653165313, -6.786003600360032 ], [ 110.566531653165313, -6.786153615361544 ], [ 110.566456645664573, -6.786153615361536 ] ], [ [ 110.57515751575157, -6.786078607860786 ], [ 110.575232523252325, -6.786003600360033 ], [ 110.575232523252325, -6.786078607860787 ], [ 110.57515751575157, -6.786078607860786 ] ], [ [ 110.575232523252325, -6.786153615361529 ], [ 110.575307530753079, -6.786078607860778 ], [ 110.575307530753079, -6.786153615361543 ], [ 110.575232523252325, -6.786153615361529 ] ], [ [ 110.575832583258332, -6.786153615361536 ], [ 110.575982598259827, -6.786078607860793 ], [ 110.575982598259827, -6.786153615361542 ], [ 110.575832583258332, -6.786153615361536 ] ], [ [ 110.566231623162309, -6.786228622862287 ], [ 110.566306630663064, -6.78615361536153 ], [ 110.566306630663064, -6.786228622862287 ], [ 110.566231623162309, -6.786228622862287 ] ], [ [ 110.566381638163818, -6.786303630363046 ], [ 110.566456645664573, -6.786153615361536 ], [ 110.566456645664573, -6.786303630363031 ], [ 110.566381638163818, -6.786303630363046 ] ], [ [ 110.571182118211823, -6.786453645364543 ], [ 110.571332133213318, -6.786228622862291 ], [ 110.571257125712577, -6.786453645364531 ], [ 110.571182118211823, -6.786453645364543 ] ], [ [ 110.575457545754574, -6.786303630363046 ], [ 110.575532553255329, -6.786228622862291 ], [ 110.575532553255329, -6.786303630363045 ], [ 110.575457545754574, -6.786303630363046 ] ], [ [ 110.566306630663064, -6.78645364536454 ], [ 110.566381638163818, -6.786303630363046 ], [ 110.566381638163818, -6.78645364536454 ], [ 110.566306630663064, -6.78645364536454 ] ], [ [ 110.570657065706584, -6.786378637863786 ], [ 110.570732073207324, -6.78630363036303 ], [ 110.570732073207324, -6.786378637863784 ], [ 110.570657065706584, -6.786378637863786 ] ], [ [ 110.576282628262845, -6.786453645364536 ], [ 110.576357635763571, -6.786378637863787 ], [ 110.576357635763571, -6.786453645364543 ], [ 110.576282628262845, -6.786453645364536 ] ], [ [ 110.583183318331834, -6.78750375037503 ], [ 110.584383438343835, -6.786528652865282 ], [ 110.583933393339336, -6.787878787878793 ], [ 110.583183318331834, -6.78750375037503 ] ], [ [ 110.575757575757578, -6.786528652865287 ], [ 110.575907590759073, -6.786453645364536 ], [ 110.575907590759073, -6.786528652865292 ], [ 110.575757575757578, -6.786528652865287 ] ], [ [ 110.576207620762077, -6.786528652865292 ], [ 110.576282628262845, -6.786453645364536 ], [ 110.576282628262845, -6.786528652865293 ], [ 110.576207620762077, -6.786528652865292 ] ], [ [ 110.570507050705075, -6.786678667866785 ], [ 110.570582058205815, -6.786603660366032 ], [ 110.570582058205815, -6.786678667866783 ], [ 110.570507050705075, -6.786678667866785 ] ], [ [ 110.572982298229817, -6.786678667866786 ], [ 110.573057305730572, -6.786603660366036 ], [ 110.573057305730572, -6.786678667866779 ], [ 110.572982298229817, -6.786678667866786 ] ], [ [ 110.57043204320432, -6.786828682868283 ], [ 110.570507050705075, -6.786678667866785 ], [ 110.570507050705075, -6.78682868286828 ], [ 110.57043204320432, -6.786828682868283 ] ], [ [ 110.576057605760582, -6.786753675367528 ], [ 110.576207620762077, -6.786678667866785 ], [ 110.576207620762077, -6.78675367536754 ], [ 110.576057605760582, -6.786753675367528 ] ], [ [ 110.569906990699067, -6.78682868286828 ], [ 110.570282028202826, -6.788478847884785 ], [ 110.575532553255329, -6.78997899789979 ], [ 110.576357635763571, -6.792229222922296 ], [ 110.579207920792086, -6.792754275427549 ], [ 110.576582658265835, -6.792904290429037 ], [ 110.57538253825382, -6.790729072907294 ], [ 110.569306930693074, -6.788778877887791 ], [ 110.569906990699067, -6.78682868286828 ] ], [ [ 110.575982598259827, -6.786978697869781 ], [ 110.576057605760582, -6.786903690369043 ], [ 110.576057605760582, -6.786978697869792 ], [ 110.575982598259827, -6.786978697869781 ] ], [ [ 110.576432643264326, -6.786978697869787 ], [ 110.57650765076508, -6.78690369036903 ], [ 110.57650765076508, -6.786978697869779 ], [ 110.576432643264326, -6.786978697869787 ] ], [ [ 110.576132613261322, -6.787053705370537 ], [ 110.576207620762077, -6.786978697869791 ], [ 110.576207620762077, -6.787053705370534 ], [ 110.576132613261322, -6.787053705370537 ] ], [ [ 110.574707470747072, -6.788703870387039 ], [ 110.576207620762077, -6.787728772877288 ], [ 110.574932493249335, -6.789153915391533 ], [ 110.574707470747072, -6.788703870387039 ] ], [ [ 110.576207620762077, -6.787128712871285 ], [ 110.576282628262845, -6.78705370537054 ], [ 110.576282628262845, -6.787128712871293 ], [ 110.576207620762077, -6.787128712871285 ] ], [ [ 110.565856585658565, -6.787203720372042 ], [ 110.56593159315932, -6.787128712871279 ], [ 110.56593159315932, -6.787203720372042 ], [ 110.565856585658565, -6.787203720372042 ] ], [ [ 110.57680768076807, -6.787278727872794 ], [ 110.576882688268824, -6.787203720372033 ], [ 110.576882688268824, -6.787278727872784 ], [ 110.57680768076807, -6.787278727872794 ] ], [ [ 110.576882688268824, -6.787353735373541 ], [ 110.576957695769579, -6.787278727872782 ], [ 110.576957695769579, -6.787353735373542 ], [ 110.576882688268824, -6.787353735373541 ] ], [ [ 110.57673267326733, -6.787503750375033 ], [ 110.576882688268824, -6.787428742874284 ], [ 110.576882688268824, -6.787578757875793 ], [ 110.57673267326733, -6.787503750375033 ] ], [ [ 110.577107710771074, -6.787503750375039 ], [ 110.577182718271828, -6.787428742874289 ], [ 110.577182718271828, -6.78750375037503 ], [ 110.577107710771074, -6.787503750375039 ] ], [ [ 110.58280828082809, -6.787578757875791 ], [ 110.58288328832883, -6.787503750375035 ], [ 110.58288328832883, -6.787578757875785 ], [ 110.58280828082809, -6.787578757875791 ] ], [ [ 110.576957695769579, -6.787653765376547 ], [ 110.577107710771074, -6.787578757875784 ], [ 110.577182718271828, -6.787803780378034 ], [ 110.576957695769579, -6.787653765376547 ] ], [ [ 110.577407740774078, -6.787653765376539 ], [ 110.577482748274832, -6.787578757875789 ], [ 110.577482748274832, -6.787653765376547 ], [ 110.577407740774078, -6.787653765376539 ] ], [ [ 110.58288328832883, -6.787653765376538 ], [ 110.582958295829584, -6.787578757875784 ], [ 110.582958295829584, -6.787653765376533 ], [ 110.58288328832883, -6.787653765376538 ] ], [ [ 110.577332733273323, -6.787803780378034 ], [ 110.577482748274832, -6.787728772877292 ], [ 110.577482748274832, -6.787878787878785 ], [ 110.577332733273323, -6.787803780378034 ] ], [ [ 110.577182718271828, -6.787878787878786 ], [ 110.577257725772597, -6.78780378037804 ], [ 110.577257725772597, -6.787878787878793 ], [ 110.577182718271828, -6.787878787878786 ] ], [ [ 110.577257725772597, -6.787953795379535 ], [ 110.577332733273323, -6.78787878787879 ], [ 110.577332733273323, -6.787953795379533 ], [ 110.577257725772597, -6.787953795379535 ] ], [ [ 110.577557755775587, -6.787953795379532 ], [ 110.577632763276327, -6.787878787878788 ], [ 110.577632763276327, -6.787953795379539 ], [ 110.577557755775587, -6.787953795379532 ] ], [ [ 110.577407740774078, -6.788028802880288 ], [ 110.577482748274832, -6.787953795379531 ], [ 110.577482748274832, -6.788028802880283 ], [ 110.577407740774078, -6.788028802880288 ] ], [ [ 110.577707770777081, -6.788028802880287 ], [ 110.577932793279345, -6.787953795379544 ], [ 110.577932793279345, -6.788028802880283 ], [ 110.577707770777081, -6.788028802880287 ] ], [ [ 110.578532853285324, -6.788028802880281 ], [ 110.578607860786079, -6.787953795379535 ], [ 110.578607860786079, -6.788028802880286 ], [ 110.578532853285324, -6.788028802880281 ] ], [ [ 110.567356735673584, -6.788103810381044 ], [ 110.56758175817582, -6.788103810381036 ], [ 110.567356735673584, -6.788178817881793 ], [ 110.567356735673584, -6.788103810381044 ] ], [ [ 110.577557755775587, -6.788103810381042 ], [ 110.577632763276327, -6.788028802880291 ], [ 110.577632763276327, -6.788103810381034 ], [ 110.577557755775587, -6.788103810381042 ] ], [ [ 110.578682868286833, -6.788103810381038 ], [ 110.578757875787574, -6.788028802880283 ], [ 110.578757875787574, -6.788103810381038 ], [ 110.578682868286833, -6.788103810381038 ] ], [ [ 110.578082808280826, -6.788253825382533 ], [ 110.57815781578158, -6.788103810381045 ], [ 110.578232823282335, -6.78825382538254 ], [ 110.578082808280826, -6.788253825382533 ] ], [ [ 110.577857785778576, -6.788328832883295 ], [ 110.578007800780071, -6.788253825382538 ], [ 110.578007800780071, -6.788328832883283 ], [ 110.577857785778576, -6.788328832883295 ] ], [ [ 110.578307830783075, -6.78840384038403 ], [ 110.578382838283829, -6.788253825382538 ], [ 110.578382838283829, -6.788403840384031 ], [ 110.578307830783075, -6.78840384038403 ] ], [ [ 110.578007800780071, -6.788403840384034 ], [ 110.578082808280826, -6.788328832883295 ], [ 110.578082808280826, -6.788403840384046 ], [ 110.578007800780071, -6.788403840384034 ] ], [ [ 110.568631863186312, -6.788478847884794 ], [ 110.568706870687066, -6.788403840384034 ], [ 110.568706870687066, -6.788478847884788 ], [ 110.568631863186312, -6.788478847884794 ] ], [ [ 110.578607860786079, -6.788478847884786 ], [ 110.578682868286833, -6.788403840384041 ], [ 110.578682868286833, -6.788478847884793 ], [ 110.578607860786079, -6.788478847884786 ] ], [ [ 110.578307830783075, -6.788553855385547 ], [ 110.578382838283829, -6.788478847884786 ], [ 110.578382838283829, -6.788553855385546 ], [ 110.578307830783075, -6.788553855385547 ] ], [ [ 110.566831683168317, -6.788628862886291 ], [ 110.566906690669072, -6.788553855385535 ], [ 110.566906690669072, -6.788628862886292 ], [ 110.566831683168317, -6.788628862886291 ] ], [ [ 110.567206720672061, -6.78862886288628 ], [ 110.567281728172816, -6.788553855385541 ], [ 110.567281728172816, -6.78862886288629 ], [ 110.567206720672061, -6.78862886288628 ] ], [ [ 110.571857185718571, -6.788778877887796 ], [ 110.571932193219325, -6.788628862886296 ], [ 110.571932193219325, -6.788778877887783 ], [ 110.571857185718571, -6.788778877887796 ] ], [ [ 110.568031803180318, -6.788853885388536 ], [ 110.568181818181813, -6.788778877887788 ], [ 110.568181818181813, -6.788853885388542 ], [ 110.568031803180318, -6.788853885388536 ] ], [ [ 110.569306930693074, -6.789153915391544 ], [ 110.569381938193814, -6.789078907890794 ], [ 110.569381938193814, -6.789153915391533 ], [ 110.569306930693074, -6.789153915391544 ] ], [ [ 110.569756975697572, -6.789303930393035 ], [ 110.569831983198327, -6.789228922892293 ], [ 110.569831983198327, -6.789303930393044 ], [ 110.569756975697572, -6.789303930393035 ] ], [ [ 110.570057005700576, -6.789228922892291 ], [ 110.574932493249335, -6.790654065406546 ], [ 110.575907590759073, -6.7926792679268 ], [ 110.570282028202826, -6.790129012901287 ], [ 110.570057005700576, -6.789228922892291 ] ], [ [ 110.565256525652572, -6.789453945394546 ], [ 110.565331533153312, -6.789378937893783 ], [ 110.565331533153312, -6.789453945394536 ], [ 110.565256525652572, -6.789453945394546 ] ], [ [ 110.569456945694569, -6.789828982898282 ], [ 110.569756975697572, -6.789828982898291 ], [ 110.569456945694569, -6.789903990399043 ], [ 110.569456945694569, -6.789828982898282 ] ], [ [ 110.565181518151817, -6.789828982898294 ], [ 110.565256525652572, -6.789678967896791 ], [ 110.565256525652572, -6.789828982898288 ], [ 110.565181518151817, -6.789828982898294 ] ], [ [ 110.565106510651063, -6.789978997899788 ], [ 110.565181518151817, -6.789903990399039 ], [ 110.565181518151817, -6.789978997899789 ], [ 110.565106510651063, -6.789978997899788 ] ], [ [ 110.565181518151817, -6.79140414041404 ], [ 110.565256525652572, -6.791329132913285 ], [ 110.565256525652572, -6.791404140414047 ], [ 110.565181518151817, -6.79140414041404 ] ], [ [ 110.564731473147319, -6.791554155415534 ], [ 110.564806480648059, -6.79147914791479 ], [ 110.564806480648059, -6.791554155415534 ], [ 110.564731473147319, -6.791554155415534 ] ], [ [ 110.564656465646564, -6.791704170417049 ], [ 110.564731473147319, -6.791629162916294 ], [ 110.564731473147319, -6.791704170417042 ], [ 110.564656465646564, -6.791704170417049 ] ], [ [ 110.57043204320432, -6.792004200420041 ], [ 110.570507050705075, -6.791854185418539 ], [ 110.570507050705075, -6.79200420042004 ], [ 110.57043204320432, -6.792004200420041 ] ], [ [ 110.563831383138307, -6.792229222922285 ], [ 110.563906390639062, -6.792154215421539 ], [ 110.563906390639062, -6.792229222922291 ], [ 110.563831383138307, -6.792229222922285 ] ], [ [ 110.563756375637567, -6.792679267926796 ], [ 110.563831383138307, -6.792604260426049 ], [ 110.563831383138307, -6.792679267926796 ], [ 110.563756375637567, -6.792679267926796 ] ], [ [ 110.575982598259827, -6.792829282928288 ], [ 110.576057605760582, -6.79275427542755 ], [ 110.576057605760582, -6.7928292829283 ], [ 110.575982598259827, -6.792829282928288 ] ], [ [ 110.576132613261322, -6.792979297929794 ], [ 110.576207620762077, -6.792904290429039 ], [ 110.576207620762077, -6.792979297929787 ], [ 110.576132613261322, -6.792979297929794 ] ], [ [ 110.576207620762077, -6.793054305430545 ], [ 110.576282628262845, -6.792979297929797 ], [ 110.576282628262845, -6.79305430543054 ], [ 110.576207620762077, -6.793054305430545 ] ], [ [ 110.569831983198327, -6.793204320432048 ], [ 110.569906990699067, -6.793129312931297 ], [ 110.569906990699067, -6.793204320432036 ], [ 110.569831983198327, -6.793204320432048 ] ], [ [ 110.57650765076508, -6.793204320432048 ], [ 110.576582658265835, -6.793129312931294 ], [ 110.576582658265835, -6.793204320432042 ], [ 110.57650765076508, -6.793204320432048 ] ], [ [ 110.580183018301824, -6.793204320432047 ], [ 110.580258025802578, -6.793129312931294 ], [ 110.580258025802578, -6.793204320432044 ], [ 110.580183018301824, -6.793204320432047 ] ], [ [ 110.569756975697572, -6.79327932793279 ], [ 110.569831983198327, -6.793204320432048 ], [ 110.569831983198327, -6.793279327932794 ], [ 110.569756975697572, -6.79327932793279 ] ], [ [ 110.578232823282335, -6.793279327932798 ], [ 110.579057905790577, -6.793204320432041 ], [ 110.579057905790577, -6.793279327932789 ], [ 110.578232823282335, -6.793279327932798 ] ], [ [ 110.579582958295845, -6.793279327932785 ], [ 110.579657965796585, -6.793204320432033 ], [ 110.579657965796585, -6.793279327932797 ], [ 110.579582958295845, -6.793279327932785 ] ], [ [ 110.580333033303333, -6.793279327932788 ], [ 110.580408040804087, -6.793204320432043 ], [ 110.580408040804087, -6.79327932793279 ], [ 110.580333033303333, -6.793279327932788 ] ], [ [ 110.576957695769579, -6.793354335433533 ], [ 110.577032703270334, -6.793279327932797 ], [ 110.577032703270334, -6.79335433543355 ], [ 110.576957695769579, -6.793354335433533 ] ], [ [ 110.577857785778576, -6.793354335433549 ], [ 110.578007800780071, -6.793279327932801 ], [ 110.578007800780071, -6.793354335433548 ], [ 110.577857785778576, -6.793354335433549 ] ], [ [ 110.579657965796585, -6.793354335433548 ], [ 110.57980798079808, -6.793279327932796 ], [ 110.57980798079808, -6.793354335433542 ], [ 110.579657965796585, -6.793354335433548 ] ], [ [ 110.580408040804087, -6.793354335433543 ], [ 110.580558055805596, -6.79327932793279 ], [ 110.580558055805596, -6.793354335433536 ], [ 110.580408040804087, -6.793354335433543 ] ], [ [ 110.573132313231326, -6.793354335433549 ], [ 110.574932493249335, -6.793654365436534 ], [ 110.574182418241818, -6.795679567956789 ], [ 110.57208220822082, -6.794854485448546 ], [ 110.573132313231326, -6.793354335433549 ] ], [ [ 110.577182718271828, -6.7934293429343 ], [ 110.577407740774078, -6.793354335433538 ], [ 110.577407740774078, -6.793429342934287 ], [ 110.577182718271828, -6.7934293429343 ] ], [ [ 110.579282928292827, -6.7934293429343 ], [ 110.579432943294336, -6.793354335433548 ], [ 110.579432943294336, -6.793429342934298 ], [ 110.579282928292827, -6.7934293429343 ] ], [ [ 110.57980798079808, -6.793429342934294 ], [ 110.579882988298834, -6.793354335433543 ], [ 110.579882988298834, -6.793429342934291 ], [ 110.57980798079808, -6.793429342934294 ] ], [ [ 110.579507950795076, -6.793504350435043 ], [ 110.579657965796585, -6.79342934293429 ], [ 110.579657965796585, -6.793504350435037 ], [ 110.579507950795076, -6.793504350435043 ] ], [ [ 110.579657965796585, -6.793579357935788 ], [ 110.57980798079808, -6.793504350435034 ], [ 110.57980798079808, -6.793579357935798 ], [ 110.579657965796585, -6.793579357935788 ] ], [ [ 110.580783078307832, -6.793579357935797 ], [ 110.580858085808586, -6.793504350435041 ], [ 110.580858085808586, -6.793579357935785 ], [ 110.580783078307832, -6.793579357935797 ] ], [ [ 110.579957995799575, -6.793654365436542 ], [ 110.580108010801084, -6.793579357935797 ], [ 110.580108010801084, -6.793654365436537 ], [ 110.579957995799575, -6.793654365436542 ] ], [ [ 110.580858085808586, -6.79365436543655 ], [ 110.581008100810081, -6.7935793579358 ], [ 110.581008100810081, -6.793654365436538 ], [ 110.580858085808586, -6.79365436543655 ] ], [ [ 110.580183018301824, -6.793729372937288 ], [ 110.580333033303333, -6.793654365436542 ], [ 110.580333033303333, -6.793729372937292 ], [ 110.580183018301824, -6.793729372937288 ] ], [ [ 110.581008100810081, -6.793729372937301 ], [ 110.581083108310835, -6.793654365436546 ], [ 110.581083108310835, -6.793729372937285 ], [ 110.581008100810081, -6.793729372937301 ] ], [ [ 110.580333033303333, -6.793804380438048 ], [ 110.580408040804087, -6.793729372937288 ], [ 110.580408040804087, -6.79380438043804 ], [ 110.580333033303333, -6.793804380438048 ] ], [ [ 110.581158115811576, -6.793804380438042 ], [ 110.581233123312344, -6.793729372937296 ], [ 110.581233123312344, -6.793804380438048 ], [ 110.581158115811576, -6.793804380438042 ] ], [ [ 110.581383138313825, -6.793804380438051 ], [ 110.58145814581458, -6.793729372937296 ], [ 110.58145814581458, -6.793804380438048 ], [ 110.581383138313825, -6.793804380438051 ] ], [ [ 110.580408040804087, -6.793879387938799 ], [ 110.580483048304828, -6.793804380438049 ], [ 110.580483048304828, -6.793879387938802 ], [ 110.580408040804087, -6.793879387938799 ] ], [ [ 110.581308130813085, -6.793879387938802 ], [ 110.581383138313825, -6.793804380438051 ], [ 110.581383138313825, -6.793879387938797 ], [ 110.581308130813085, -6.793879387938802 ] ], [ [ 110.580558055805596, -6.793954395439539 ], [ 110.580633063306337, -6.793879387938795 ], [ 110.580633063306337, -6.793954395439546 ], [ 110.580558055805596, -6.793954395439539 ] ], [ [ 110.580633063306337, -6.794029402940302 ], [ 110.580708070807077, -6.79395439543955 ], [ 110.580708070807077, -6.794029402940285 ], [ 110.580633063306337, -6.794029402940302 ] ], [ [ 110.580708070807077, -6.794104410441041 ], [ 110.580858085808586, -6.79402940294029 ], [ 110.580858085808586, -6.794104410441039 ], [ 110.580708070807077, -6.794104410441041 ] ], [ [ 110.58145814581458, -6.794104410441041 ], [ 110.581608160816089, -6.794029402940301 ], [ 110.581608160816089, -6.794104410441044 ], [ 110.58145814581458, -6.794104410441041 ] ], [ [ 110.580858085808586, -6.794179417941791 ], [ 110.580933093309326, -6.79410441044104 ], [ 110.580933093309326, -6.794179417941788 ], [ 110.580858085808586, -6.794179417941791 ] ], [ [ 110.564506450645069, -6.794254425442546 ], [ 110.564656465646564, -6.794329432943287 ], [ 110.564506450645069, -6.794404440444049 ], [ 110.564506450645069, -6.794254425442546 ] ], [ [ 110.580933093309326, -6.794254425442542 ], [ 110.581083108310835, -6.794179417941787 ], [ 110.581083108310835, -6.794254425442547 ], [ 110.580933093309326, -6.794254425442542 ] ], [ [ 110.571782178217816, -6.79432943294329 ], [ 110.571857185718571, -6.794254425442541 ], [ 110.571857185718571, -6.794329432943287 ], [ 110.571782178217816, -6.79432943294329 ] ], [ [ 110.581083108310835, -6.794329432943297 ], [ 110.581233123312344, -6.794254425442551 ], [ 110.581233123312344, -6.79432943294329 ], [ 110.581083108310835, -6.794329432943297 ] ], [ [ 110.571407140714072, -6.794554455445537 ], [ 110.571782178217816, -6.794479447944793 ], [ 110.571632163216336, -6.794629462946294 ], [ 110.571407140714072, -6.794554455445537 ] ], [ [ 110.581233123312344, -6.794404440444052 ], [ 110.581308130813085, -6.79432943294329 ], [ 110.581308130813085, -6.794404440444045 ], [ 110.581233123312344, -6.794404440444052 ] ], [ [ 110.564731473147319, -6.794479447944788 ], [ 110.564806480648059, -6.794404440444039 ], [ 110.564806480648059, -6.794479447944797 ], [ 110.564731473147319, -6.794479447944788 ] ], [ [ 110.581308130813085, -6.794479447944789 ], [ 110.581383138313825, -6.794404440444051 ], [ 110.581383138313825, -6.794479447944791 ], [ 110.581308130813085, -6.794479447944789 ] ], [ [ 110.581908190819078, -6.794479447944789 ], [ 110.581983198319833, -6.794404440444048 ], [ 110.581983198319833, -6.794479447944788 ], [ 110.581908190819078, -6.794479447944789 ] ], [ [ 110.581383138313825, -6.794554455445534 ], [ 110.58145814581458, -6.794479447944787 ], [ 110.58145814581458, -6.794554455445541 ], [ 110.581383138313825, -6.794554455445534 ] ], [ [ 110.581983198319833, -6.794554455445551 ], [ 110.582058205820587, -6.7944794479448 ], [ 110.582058205820587, -6.79455445544554 ], [ 110.581983198319833, -6.794554455445551 ] ], [ [ 110.583258325832588, -6.794629462946299 ], [ 110.583333333333329, -6.794479447944794 ], [ 110.583333333333329, -6.7946294629463 ], [ 110.583258325832588, -6.794629462946299 ] ], [ [ 110.58145814581458, -6.794629462946304 ], [ 110.581533153315334, -6.794554455445546 ], [ 110.581533153315334, -6.7946294629463 ], [ 110.58145814581458, -6.794629462946304 ] ], [ [ 110.582058205820587, -6.7946294629463 ], [ 110.582133213321328, -6.794554455445539 ], [ 110.582133213321328, -6.794629462946293 ], [ 110.582058205820587, -6.7946294629463 ] ], [ [ 110.567806780678069, -6.794704470447043 ], [ 110.567881788178823, -6.794629462946296 ], [ 110.567881788178823, -6.79470447044705 ], [ 110.567806780678069, -6.794704470447043 ] ], [ [ 110.582133213321328, -6.794704470447036 ], [ 110.582208220822096, -6.7946294629463 ], [ 110.582208220822096, -6.794704470447052 ], [ 110.582133213321328, -6.794704470447036 ] ], [ [ 110.567731773177314, -6.794854485448536 ], [ 110.567806780678069, -6.794704470447043 ], [ 110.567806780678069, -6.794854485448548 ], [ 110.567731773177314, -6.794854485448536 ] ], [ [ 110.581533153315334, -6.794779477947793 ], [ 110.581608160816089, -6.794704470447048 ], [ 110.581608160816089, -6.79477947794779 ], [ 110.581533153315334, -6.794779477947793 ] ], [ [ 110.582208220822096, -6.794779477947793 ], [ 110.582283228322837, -6.794704470447045 ], [ 110.582283228322837, -6.794779477947797 ], [ 110.582208220822096, -6.794779477947793 ] ], [ [ 110.581608160816089, -6.794854485448539 ], [ 110.581683168316829, -6.7947794779478 ], [ 110.581683168316829, -6.794854485448544 ], [ 110.581608160816089, -6.794854485448539 ] ], [ [ 110.582283228322837, -6.794854485448537 ], [ 110.582358235823577, -6.794779477947795 ], [ 110.582358235823577, -6.794854485448545 ], [ 110.582283228322837, -6.794854485448537 ] ], [ [ 110.581683168316829, -6.794929492949291 ], [ 110.581758175817583, -6.794854485448541 ], [ 110.581758175817583, -6.794929492949299 ], [ 110.581683168316829, -6.794929492949291 ] ], [ [ 110.582358235823577, -6.794929492949302 ], [ 110.582433243324331, -6.794854485448549 ], [ 110.582433243324331, -6.794929492949296 ], [ 110.582358235823577, -6.794929492949302 ] ], [ [ 110.581758175817583, -6.795004500450046 ], [ 110.581833183318338, -6.794929492949304 ], [ 110.581833183318338, -6.795004500450045 ], [ 110.581758175817583, -6.795004500450046 ] ], [ [ 110.582433243324331, -6.795004500450049 ], [ 110.582508250825086, -6.794929492949286 ], [ 110.582508250825086, -6.795004500450048 ], [ 110.582433243324331, -6.795004500450049 ] ], [ [ 110.571632163216336, -6.795229522952289 ], [ 110.571782178217816, -6.795154515451546 ], [ 110.571557155715567, -6.795379537953804 ], [ 110.571632163216336, -6.795229522952289 ] ], [ [ 110.581833183318338, -6.795004500450045 ], [ 110.58280828082809, -6.795904590459047 ], [ 110.58145814581458, -6.797554755475555 ], [ 110.581308130813085, -6.797104710471047 ], [ 110.581833183318338, -6.795004500450045 ] ], [ [ 110.582508250825086, -6.795079507950802 ], [ 110.582583258325826, -6.795004500450044 ], [ 110.582583258325826, -6.795079507950788 ], [ 110.582508250825086, -6.795079507950802 ] ], [ [ 110.582583258325826, -6.795154515451554 ], [ 110.582733273327335, -6.795079507950796 ], [ 110.582733273327335, -6.795154515451545 ], [ 110.582583258325826, -6.795154515451554 ] ], [ [ 110.582733273327335, -6.795229522952304 ], [ 110.58280828082809, -6.795154515451542 ], [ 110.58280828082809, -6.795229522952291 ], [ 110.582733273327335, -6.795229522952304 ] ], [ [ 110.58280828082809, -6.795304530453043 ], [ 110.582958295829584, -6.795229522952301 ], [ 110.582958295829584, -6.795304530453039 ], [ 110.58280828082809, -6.795304530453043 ] ], [ [ 110.571482148214827, -6.795454545454546 ], [ 110.571557155715567, -6.795379537953804 ], [ 110.571557155715567, -6.795454545454554 ], [ 110.571482148214827, -6.795454545454546 ] ], [ [ 110.583258325832588, -6.795679567956789 ], [ 110.583333333333329, -6.795604560456048 ], [ 110.583333333333329, -6.795679567956802 ], [ 110.583258325832588, -6.795679567956789 ] ], [ [ 110.572832283228323, -6.795904590459047 ], [ 110.572982298229817, -6.795679567956794 ], [ 110.572907290729077, -6.795904590459047 ], [ 110.572832283228323, -6.795904590459047 ] ], [ [ 110.575532553255329, -6.795679567956799 ], [ 110.577182718271828, -6.796354635463552 ], [ 110.576957695769579, -6.79740474047405 ], [ 110.57508250825083, -6.796729672967298 ], [ 110.575532553255329, -6.795679567956799 ] ], [ [ 110.571107110711068, -6.795904590459043 ], [ 110.571182118211823, -6.79582958295829 ], [ 110.571182118211823, -6.795904590459052 ], [ 110.571107110711068, -6.795904590459043 ] ], [ [ 110.571257125712577, -6.795904590459052 ], [ 110.571332133213318, -6.795829582958297 ], [ 110.571332133213318, -6.795904590459047 ], [ 110.571257125712577, -6.795904590459052 ] ], [ [ 110.574632463246346, -6.795979597959793 ], [ 110.574707470747072, -6.795829582958297 ], [ 110.574707470747072, -6.795979597959802 ], [ 110.574632463246346, -6.795979597959793 ] ], [ [ 110.571107110711068, -6.795979597959799 ], [ 110.571257125712577, -6.796054605460547 ], [ 110.571107110711068, -6.796129612961293 ], [ 110.571107110711068, -6.795979597959799 ] ], [ [ 110.58280828082809, -6.795979597959799 ], [ 110.58288328832883, -6.795904590459043 ], [ 110.58288328832883, -6.795979597959801 ], [ 110.58280828082809, -6.795979597959799 ] ], [ [ 110.58288328832883, -6.796054605460552 ], [ 110.582958295829584, -6.795979597959797 ], [ 110.582958295829584, -6.796054605460538 ], [ 110.58288328832883, -6.796054605460552 ] ], [ [ 110.570357035703566, -6.797104710471039 ], [ 110.571182118211823, -6.796504650465051 ], [ 110.572607260726073, -6.796954695469553 ], [ 110.570357035703566, -6.797104710471039 ] ], [ [ 110.583033303330339, -6.796129612961289 ], [ 110.583108310831079, -6.796054605460545 ], [ 110.583108310831079, -6.796129612961289 ], [ 110.583033303330339, -6.796129612961289 ] ], [ [ 110.583108310831079, -6.79620462046204 ], [ 110.583183318331834, -6.796129612961298 ], [ 110.583183318331834, -6.796204620462039 ], [ 110.583108310831079, -6.79620462046204 ] ], [ [ 110.571482148214827, -6.796354635463548 ], [ 110.571557155715567, -6.796279627962804 ], [ 110.571557155715567, -6.796354635463552 ], [ 110.571482148214827, -6.796354635463548 ] ], [ [ 110.573057305730572, -6.79650465046504 ], [ 110.573282328232835, -6.796279627962797 ], [ 110.573357335733576, -6.796579657965795 ], [ 110.573057305730572, -6.79650465046504 ] ], [ [ 110.579132913291332, -6.796429642964303 ], [ 110.580783078307832, -6.798004800480045 ], [ 110.580258025802578, -6.799504950495041 ], [ 110.577707770777081, -6.798454845484553 ], [ 110.579132913291332, -6.796429642964303 ] ], [ [ 110.572982298229817, -6.796729672967295 ], [ 110.573132313231326, -6.796579657965799 ], [ 110.573132313231326, -6.796729672967292 ], [ 110.572982298229817, -6.796729672967295 ] ], [ [ 110.577182718271828, -6.796879687968802 ], [ 110.577257725772597, -6.796804680468049 ], [ 110.577257725772597, -6.796879687968791 ], [ 110.577182718271828, -6.796879687968802 ] ], [ [ 110.570207020702071, -6.797029702970299 ], [ 110.570282028202826, -6.796954695469554 ], [ 110.570282028202826, -6.797029702970299 ], [ 110.570207020702071, -6.797029702970299 ] ], [ [ 110.577107710771074, -6.797104710471044 ], [ 110.577182718271828, -6.796954695469551 ], [ 110.577182718271828, -6.797104710471046 ], [ 110.577107710771074, -6.797104710471044 ] ], [ [ 110.580258025802578, -6.797029702970289 ], [ 110.580333033303333, -6.79695469546954 ], [ 110.580333033303333, -6.797029702970292 ], [ 110.580258025802578, -6.797029702970289 ] ], [ [ 110.572607260726073, -6.79717971797179 ], [ 110.572682268226828, -6.797029702970292 ], [ 110.572682268226828, -6.797179717971797 ], [ 110.572607260726073, -6.79717971797179 ] ], [ [ 110.570132013201317, -6.797179717971797 ], [ 110.570207020702071, -6.797104710471054 ], [ 110.570207020702071, -6.797179717971799 ], [ 110.570132013201317, -6.797179717971797 ] ], [ [ 110.570282028202826, -6.797179717971792 ], [ 110.570357035703566, -6.797104710471039 ], [ 110.570357035703566, -6.797179717971794 ], [ 110.570282028202826, -6.797179717971792 ] ], [ [ 110.580183018301824, -6.7971797179718 ], [ 110.580258025802578, -6.797104710471053 ], [ 110.580258025802578, -6.797179717971802 ], [ 110.580183018301824, -6.7971797179718 ] ], [ [ 110.570357035703566, -6.7973297329733 ], [ 110.57043204320432, -6.797179717971803 ], [ 110.57043204320432, -6.7973297329733 ], [ 110.570357035703566, -6.7973297329733 ] ], [ [ 110.560006000600055, -6.79777977797779 ], [ 110.560681068106817, -6.7976297629763 ], [ 110.560231023102304, -6.798304830483042 ], [ 110.560006000600055, -6.79777977797779 ] ], [ [ 110.570207020702071, -6.797404740474049 ], [ 110.570357035703566, -6.7973297329733 ], [ 110.570357035703566, -6.79755475547554 ], [ 110.570207020702071, -6.797404740474049 ] ], [ [ 110.569981998199836, -6.797554755475552 ], [ 110.570057005700576, -6.797404740474055 ], [ 110.570057005700576, -6.797554755475539 ], [ 110.569981998199836, -6.797554755475552 ] ], [ [ 110.570957095709574, -6.797554755475551 ], [ 110.571182118211823, -6.797554755475542 ], [ 110.570957095709574, -6.797704770477039 ], [ 110.570957095709574, -6.797554755475551 ] ], [ [ 110.571332133213318, -6.797479747974797 ], [ 110.571557155715567, -6.79740474047405 ], [ 110.571557155715567, -6.797479747974794 ], [ 110.571332133213318, -6.797479747974797 ] ], [ [ 110.570132013201317, -6.797704770477048 ], [ 110.570282028202826, -6.797629762976296 ], [ 110.570282028202826, -6.797929792979293 ], [ 110.570207020702071, -6.797704770477041 ], [ 110.570132013201317, -6.797704770477048 ] ], [ [ 110.572607260726073, -6.797554755475552 ], [ 110.572682268226828, -6.797479747974805 ], [ 110.572682268226828, -6.797554755475553 ], [ 110.572607260726073, -6.797554755475552 ] ], [ [ 110.574482448244822, -6.797554755475554 ], [ 110.574557455745577, -6.7974797479748 ], [ 110.574557455745577, -6.797554755475549 ], [ 110.574482448244822, -6.797554755475554 ] ], [ [ 110.582358235823577, -6.797629762976304 ], [ 110.582658265826581, -6.797704770477043 ], [ 110.582283228322837, -6.79785478547855 ], [ 110.582358235823577, -6.797629762976304 ] ], [ [ 110.569906990699067, -6.79770477047704 ], [ 110.569981998199836, -6.797554755475552 ], [ 110.569981998199836, -6.797704770477047 ], [ 110.569906990699067, -6.79770477047704 ] ], [ [ 110.571257125712577, -6.797629762976304 ], [ 110.571332133213318, -6.797554755475549 ], [ 110.571332133213318, -6.797629762976289 ], [ 110.571257125712577, -6.797629762976304 ] ], [ [ 110.571407140714072, -6.797629762976298 ], [ 110.571482148214827, -6.797554755475553 ], [ 110.571482148214827, -6.797629762976296 ], [ 110.571407140714072, -6.797629762976298 ] ], [ [ 110.574557455745577, -6.797629762976302 ], [ 110.574707470747072, -6.797554755475543 ], [ 110.574707470747072, -6.797629762976291 ], [ 110.574557455745577, -6.797629762976302 ] ], [ [ 110.571482148214827, -6.797704770477048 ], [ 110.571707170717076, -6.797629762976301 ], [ 110.571707170717076, -6.797704770477052 ], [ 110.571482148214827, -6.797704770477048 ] ], [ [ 110.570057005700576, -6.797929792979293 ], [ 110.570132013201317, -6.797704770477048 ], [ 110.570132013201317, -6.797929792979303 ], [ 110.570057005700576, -6.797929792979293 ] ], [ [ 110.570807080708065, -6.797779777977793 ], [ 110.570957095709574, -6.797854785478548 ], [ 110.570807080708065, -6.797929792979298 ], [ 110.570807080708065, -6.797779777977793 ] ], [ [ 110.571107110711068, -6.797779777977801 ], [ 110.571257125712577, -6.79785478547854 ], [ 110.571107110711068, -6.797929792979301 ], [ 110.571107110711068, -6.797779777977801 ] ], [ [ 110.57208220822082, -6.797779777977794 ], [ 110.572307230723084, -6.797704770477056 ], [ 110.572307230723084, -6.797779777977791 ], [ 110.57208220822082, -6.797779777977794 ] ], [ [ 110.57373237323732, -6.798754875487551 ], [ 110.574932493249335, -6.798229822982296 ], [ 110.574857485748581, -6.799279927992805 ], [ 110.57373237323732, -6.798754875487551 ] ], [ [ 110.572157215721575, -6.798004800480055 ], [ 110.572307230723084, -6.797854785478548 ], [ 110.572232223222329, -6.798004800480055 ], [ 110.572157215721575, -6.798004800480055 ] ], [ [ 110.572382238223824, -6.797929792979297 ], [ 110.572457245724578, -6.797854785478542 ], [ 110.572457245724578, -6.797929792979306 ], [ 110.572382238223824, -6.797929792979297 ] ], [ [ 110.570957095709574, -6.798004800480046 ], [ 110.571032103210328, -6.797929792979292 ], [ 110.571032103210328, -6.798004800480046 ], [ 110.570957095709574, -6.798004800480046 ] ], [ [ 110.571407140714072, -6.798154815481539 ], [ 110.571482148214827, -6.797929792979299 ], [ 110.571707170717076, -6.798079807980796 ], [ 110.571407140714072, -6.798154815481539 ] ], [ [ 110.56128112811281, -6.7980798079808 ], [ 110.561356135613565, -6.798004800480055 ], [ 110.561356135613565, -6.798079807980799 ], [ 110.56128112811281, -6.7980798079808 ] ], [ [ 110.56593159315932, -6.798079807980803 ], [ 110.566006600660074, -6.798004800480046 ], [ 110.566006600660074, -6.798079807980799 ], [ 110.56593159315932, -6.798079807980803 ] ], [ [ 110.572307230723084, -6.7980798079808 ], [ 110.572382238223824, -6.798004800480041 ], [ 110.572382238223824, -6.798079807980805 ], [ 110.572307230723084, -6.7980798079808 ] ], [ [ 110.571782178217816, -6.798154815481545 ], [ 110.572007200720066, -6.798079807980807 ], [ 110.572007200720066, -6.798154815481547 ], [ 110.571782178217816, -6.798154815481545 ] ], [ [ 110.572232223222329, -6.798154815481555 ], [ 110.572307230723084, -6.7980798079808 ], [ 110.572307230723084, -6.798154815481546 ], [ 110.572232223222329, -6.798154815481555 ] ], [ [ 110.581158115811576, -6.79815481548154 ], [ 110.581233123312344, -6.798079807980801 ], [ 110.581233123312344, -6.798154815481545 ], [ 110.581158115811576, -6.79815481548154 ] ], [ [ 110.561206120612056, -6.798229822982299 ], [ 110.56128112811281, -6.798154815481555 ], [ 110.56128112811281, -6.798229822982298 ], [ 110.561206120612056, -6.798229822982299 ] ], [ [ 110.572007200720066, -6.798229822982291 ], [ 110.572232223222329, -6.798154815481555 ], [ 110.572232223222329, -6.798229822982294 ], [ 110.572007200720066, -6.798229822982291 ] ], [ [ 110.574932493249335, -6.798229822982296 ], [ 110.575007500750075, -6.798154815481551 ], [ 110.575007500750075, -6.798229822982296 ], [ 110.574932493249335, -6.798229822982296 ] ], [ [ 110.571407140714072, -6.798529852985298 ], [ 110.571557155715567, -6.79830483048305 ], [ 110.571482148214827, -6.798529852985292 ], [ 110.571407140714072, -6.798529852985298 ] ], [ [ 110.571857185718571, -6.798379837983805 ], [ 110.571932193219325, -6.798304830483054 ], [ 110.571932193219325, -6.7983798379838 ], [ 110.571857185718571, -6.798379837983805 ] ], [ [ 110.572157215721575, -6.798454845484557 ], [ 110.572307230723084, -6.798379837983796 ], [ 110.572307230723084, -6.798454845484544 ], [ 110.572157215721575, -6.798454845484557 ] ], [ [ 110.581758175817583, -6.798454845484553 ], [ 110.581833183318338, -6.798379837983796 ], [ 110.581833183318338, -6.798454845484548 ], [ 110.581758175817583, -6.798454845484553 ] ], [ [ 110.582433243324331, -6.798454845484551 ], [ 110.582508250825086, -6.798379837983804 ], [ 110.582508250825086, -6.798454845484545 ], [ 110.582433243324331, -6.798454845484551 ] ], [ [ 110.571482148214827, -6.798604860486042 ], [ 110.571557155715567, -6.798529852985294 ], [ 110.571557155715567, -6.798604860486054 ], [ 110.571482148214827, -6.798604860486042 ] ], [ [ 110.581758175817583, -6.798604860486052 ], [ 110.581908190819078, -6.798679867986795 ], [ 110.581758175817583, -6.798754875487554 ], [ 110.581758175817583, -6.798604860486052 ] ], [ [ 110.570357035703566, -6.798754875487546 ], [ 110.57043204320432, -6.798604860486053 ], [ 110.57043204320432, -6.798754875487553 ], [ 110.570357035703566, -6.798754875487546 ] ], [ [ 110.571557155715567, -6.798679867986801 ], [ 110.571632163216336, -6.798604860486056 ], [ 110.571632163216336, -6.798679867986798 ], [ 110.571557155715567, -6.798679867986801 ] ], [ [ 110.570507050705075, -6.798829882988296 ], [ 110.570732073207324, -6.798679867986794 ], [ 110.570807080708065, -6.7988298829883 ], [ 110.570507050705075, -6.798829882988296 ] ], [ [ 110.562256225622562, -6.798829882988302 ], [ 110.562331233123317, -6.798754875487545 ], [ 110.562331233123317, -6.798829882988292 ], [ 110.562256225622562, -6.798829882988302 ] ], [ [ 110.562181218121808, -6.79890489048905 ], [ 110.562256225622562, -6.798829882988302 ], [ 110.562256225622562, -6.798904890489042 ], [ 110.562181218121808, -6.79890489048905 ] ], [ [ 110.569006900690084, -6.798904890489043 ], [ 110.569081908190824, -6.798829882988298 ], [ 110.569081908190824, -6.79890489048904 ], [ 110.569006900690084, -6.798904890489043 ] ], [ [ 110.569906990699067, -6.798979897989794 ], [ 110.569981998199836, -6.798829882988302 ], [ 110.569981998199836, -6.798979897989796 ], [ 110.569906990699067, -6.798979897989794 ] ], [ [ 110.564431443144315, -6.798979897989805 ], [ 110.564506450645069, -6.798904890489056 ], [ 110.564506450645069, -6.798979897989799 ], [ 110.564431443144315, -6.798979897989805 ] ], [ [ 110.568931893189315, -6.799054905490557 ], [ 110.569006900690084, -6.798904890489043 ], [ 110.569006900690084, -6.799054905490546 ], [ 110.568931893189315, -6.799054905490557 ] ], [ [ 110.573507350735071, -6.798979897989804 ], [ 110.573957395739569, -6.798979897989804 ], [ 110.574107410741078, -6.799204920492055 ], [ 110.573507350735071, -6.798979897989804 ] ], [ [ 110.561731173117323, -6.79905490549054 ], [ 110.561806180618063, -6.798979897989802 ], [ 110.561806180618063, -6.799054905490545 ], [ 110.561731173117323, -6.79905490549054 ] ], [ [ 110.562106210621067, -6.799054905490554 ], [ 110.562181218121808, -6.798979897989804 ], [ 110.562181218121808, -6.799054905490546 ], [ 110.562106210621067, -6.799054905490554 ] ], [ [ 110.563831383138307, -6.799054905490549 ], [ 110.563906390639062, -6.798979897989796 ], [ 110.563906390639062, -6.799054905490545 ], [ 110.563831383138307, -6.799054905490549 ] ], [ [ 110.568706870687066, -6.799054905490551 ], [ 110.568781878187821, -6.798979897989801 ], [ 110.568781878187821, -6.799054905490542 ], [ 110.568706870687066, -6.799054905490551 ] ], [ [ 110.569831983198327, -6.799054905490541 ], [ 110.569906990699067, -6.798979897989794 ], [ 110.569906990699067, -6.799054905490552 ], [ 110.569831983198327, -6.799054905490541 ] ], [ [ 110.570732073207324, -6.799054905490551 ], [ 110.570807080708065, -6.798979897989804 ], [ 110.570807080708065, -6.799054905490549 ], [ 110.570732073207324, -6.799054905490551 ] ], [ [ 110.572682268226828, -6.799204920492041 ], [ 110.573132313231326, -6.799579957995793 ], [ 110.57208220822082, -6.799279927992794 ], [ 110.572682268226828, -6.799204920492041 ] ], [ [ 110.570882088208819, -6.799129912991296 ], [ 110.570957095709574, -6.799054905490543 ], [ 110.570957095709574, -6.799129912991299 ], [ 110.570882088208819, -6.799129912991296 ] ], [ [ 110.562181218121808, -6.799204920492051 ], [ 110.562256225622562, -6.799129912991302 ], [ 110.562256225622562, -6.799204920492049 ], [ 110.562181218121808, -6.799204920492051 ] ], [ [ 110.570657065706584, -6.799204920492047 ], [ 110.570732073207324, -6.799129912991305 ], [ 110.570732073207324, -6.799204920492047 ], [ 110.570657065706584, -6.799204920492047 ] ], [ [ 110.571857185718571, -6.799204920492039 ], [ 110.572007200720066, -6.799129912991306 ], [ 110.572007200720066, -6.799204920492054 ], [ 110.571857185718571, -6.799204920492039 ] ], [ [ 110.575907590759073, -6.799279927992807 ], [ 110.575982598259827, -6.799129912991307 ], [ 110.575982598259827, -6.799279927992798 ], [ 110.575907590759073, -6.799279927992807 ] ], [ [ 110.570807080708065, -6.799279927992796 ], [ 110.570882088208819, -6.799204920492047 ], [ 110.570882088208819, -6.799279927992801 ], [ 110.570807080708065, -6.799279927992796 ] ], [ [ 110.574407440744068, -6.799579957995794 ], [ 110.575682568256823, -6.799729972997298 ], [ 110.576057605760582, -6.800330033003299 ], [ 110.574407440744068, -6.799579957995794 ] ], [ [ 110.575682568256823, -6.79935493549355 ], [ 110.575757575757578, -6.799204920492054 ], [ 110.575832583258332, -6.799354935493555 ], [ 110.575682568256823, -6.79935493549355 ] ], [ [ 110.578457845784584, -6.799279927992801 ], [ 110.578757875787574, -6.799504950495047 ], [ 110.578457845784584, -6.799429942994301 ], [ 110.578457845784584, -6.799279927992801 ] ], [ [ 110.562106210621067, -6.799429942994302 ], [ 110.562181218121808, -6.799279927992793 ], [ 110.562181218121808, -6.799429942994295 ], [ 110.562106210621067, -6.799429942994302 ] ], [ [ 110.570732073207324, -6.799429942994304 ], [ 110.570807080708065, -6.799279927992796 ], [ 110.570807080708065, -6.799429942994297 ], [ 110.570732073207324, -6.799429942994304 ] ], [ [ 110.573957395739569, -6.799354935493544 ], [ 110.574032403240324, -6.799279927992801 ], [ 110.574032403240324, -6.799354935493549 ], [ 110.573957395739569, -6.799354935493544 ] ], [ [ 110.574857485748581, -6.79935493549355 ], [ 110.575457545754574, -6.799279927992806 ], [ 110.575832583258332, -6.7995799579958 ], [ 110.574857485748581, -6.79935493549355 ] ], [ [ 110.575832583258332, -6.799429942994298 ], [ 110.575907590759073, -6.799354935493548 ], [ 110.575907590759073, -6.799429942994295 ], [ 110.575832583258332, -6.799429942994298 ] ], [ [ 110.570657065706584, -6.799579957995808 ], [ 110.570732073207324, -6.799429942994304 ], [ 110.570732073207324, -6.799579957995804 ], [ 110.570657065706584, -6.799579957995808 ] ], [ [ 110.575907590759073, -6.799504950495046 ], [ 110.575982598259827, -6.799429942994292 ], [ 110.575982598259827, -6.799504950495049 ], [ 110.575907590759073, -6.799504950495046 ] ], [ [ 110.570582058205815, -6.799654965496549 ], [ 110.570657065706584, -6.799579957995808 ], [ 110.570657065706584, -6.799654965496553 ], [ 110.570582058205815, -6.799654965496549 ] ], [ [ 110.572607260726073, -6.799654965496557 ], [ 110.572682268226828, -6.799579957995796 ], [ 110.572682268226828, -6.799654965496543 ], [ 110.572607260726073, -6.799654965496557 ] ], [ [ 110.575832583258332, -6.799654965496542 ], [ 110.575907590759073, -6.799579957995803 ], [ 110.575907590759073, -6.799654965496549 ], [ 110.575832583258332, -6.799654965496542 ] ], [ [ 110.576282628262845, -6.799654965496551 ], [ 110.576357635763571, -6.799579957995797 ], [ 110.576357635763571, -6.799654965496545 ], [ 110.576282628262845, -6.799654965496551 ] ], [ [ 110.575907590759073, -6.799729972997301 ], [ 110.575982598259827, -6.799654965496543 ], [ 110.575982598259827, -6.799729972997298 ], [ 110.575907590759073, -6.799729972997301 ] ], [ [ 110.580933093309326, -6.799804980498052 ], [ 110.581083108310835, -6.799654965496543 ], [ 110.581083108310835, -6.799879987998801 ], [ 110.580933093309326, -6.799804980498052 ] ], [ [ 110.56593159315932, -6.79980498049805 ], [ 110.566006600660074, -6.799729972997299 ], [ 110.566006600660074, -6.799804980498057 ], [ 110.56593159315932, -6.79980498049805 ] ], [ [ 110.572982298229817, -6.799804980498044 ], [ 110.573057305730572, -6.799729972997296 ], [ 110.573057305730572, -6.799804980498046 ], [ 110.572982298229817, -6.799804980498044 ] ], [ [ 110.573132313231326, -6.799879987998798 ], [ 110.573357335733576, -6.799729972997308 ], [ 110.573357335733576, -6.799954995499551 ], [ 110.573132313231326, -6.799879987998798 ] ], [ [ 110.576207620762077, -6.800105010501057 ], [ 110.576282628262845, -6.799879987998803 ], [ 110.576282628262845, -6.800105010501048 ], [ 110.576207620762077, -6.800105010501057 ] ], [ [ 110.572832283228323, -6.799879987998795 ], [ 110.572907290729077, -6.799804980498046 ], [ 110.572907290729077, -6.799879987998799 ], [ 110.572832283228323, -6.799879987998795 ] ], [ [ 110.573582358235825, -6.799879987998799 ], [ 110.57373237323732, -6.799804980498052 ], [ 110.57373237323732, -6.799879987998793 ], [ 110.573582358235825, -6.799879987998799 ] ], [ [ 110.574557455745577, -6.799879987998793 ], [ 110.574632463246346, -6.799804980498054 ], [ 110.574632463246346, -6.799879987998805 ], [ 110.574557455745577, -6.799879987998793 ] ], [ [ 110.566606660666068, -6.800030003000304 ], [ 110.566681668166822, -6.799879987998807 ], [ 110.566756675667563, -6.800030003000296 ], [ 110.566606660666068, -6.800030003000304 ] ], [ [ 110.572757275727568, -6.800030003000301 ], [ 110.572832283228323, -6.799879987998795 ], [ 110.572832283228323, -6.800030003000304 ], [ 110.572757275727568, -6.800030003000301 ] ], [ [ 110.566456645664573, -6.800105010501041 ], [ 110.566531653165313, -6.800030003000297 ], [ 110.566531653165313, -6.800105010501047 ], [ 110.566456645664573, -6.800105010501041 ] ], [ [ 110.573507350735071, -6.800105010501055 ], [ 110.573582358235825, -6.800030003000301 ], [ 110.573582358235825, -6.800105010501042 ], [ 110.573507350735071, -6.800105010501055 ] ], [ [ 110.563081308130833, -6.8001800180018 ], [ 110.563156315631559, -6.800105010501053 ], [ 110.563156315631559, -6.80018001800179 ], [ 110.563081308130833, -6.8001800180018 ] ], [ [ 110.566531653165313, -6.800180018001805 ], [ 110.566681668166822, -6.800105010501052 ], [ 110.566681668166822, -6.800180018001797 ], [ 110.566531653165313, -6.800180018001805 ] ], [ [ 110.567206720672061, -6.800180018001805 ], [ 110.567281728172816, -6.800105010501049 ], [ 110.567281728172816, -6.800180018001806 ], [ 110.567206720672061, -6.800180018001805 ] ], [ [ 110.566681668166822, -6.800255025502544 ], [ 110.566756675667563, -6.800180018001796 ], [ 110.566756675667563, -6.800255025502545 ], [ 110.566681668166822, -6.800255025502544 ] ], [ [ 110.566981698169812, -6.800255025502553 ], [ 110.567056705670566, -6.800180018001807 ], [ 110.567056705670566, -6.800255025502548 ], [ 110.566981698169812, -6.800255025502553 ] ], [ [ 110.565031503150323, -6.800330033003294 ], [ 110.565106510651063, -6.800255025502548 ], [ 110.565106510651063, -6.800330033003297 ], [ 110.565031503150323, -6.800330033003294 ] ], [ [ 110.566831683168317, -6.800330033003293 ], [ 110.566981698169812, -6.800255025502553 ], [ 110.566981698169812, -6.800330033003296 ], [ 110.566831683168317, -6.800330033003293 ] ], [ [ 110.568106810681073, -6.800330033003298 ], [ 110.568181818181813, -6.800255025502545 ], [ 110.568181818181813, -6.800330033003299 ], [ 110.568106810681073, -6.800330033003298 ] ], [ [ 110.568556855685571, -6.800405040504046 ], [ 110.568706870687066, -6.800330033003307 ], [ 110.568781878187821, -6.800480048004805 ], [ 110.568556855685571, -6.800405040504046 ] ], [ [ 110.567131713171321, -6.800405040504047 ], [ 110.567281728172816, -6.800330033003301 ], [ 110.567281728172816, -6.800405040504057 ], [ 110.567131713171321, -6.800405040504047 ] ], [ [ 110.580783078307832, -6.800405040504053 ], [ 110.580858085808586, -6.800330033003294 ], [ 110.580858085808586, -6.800405040504054 ], [ 110.580783078307832, -6.800405040504053 ] ], [ [ 110.567731773177314, -6.800480048004806 ], [ 110.567806780678069, -6.800405040504048 ], [ 110.567806780678069, -6.800480048004796 ], [ 110.567731773177314, -6.800480048004806 ] ], [ [ 110.568031803180318, -6.800480048004793 ], [ 110.568106810681073, -6.800405040504043 ], [ 110.568106810681073, -6.800480048004808 ], [ 110.568031803180318, -6.800480048004793 ] ], [ [ 110.568331833183322, -6.800480048004799 ], [ 110.568406840684062, -6.800405040504058 ], [ 110.568406840684062, -6.800480048004805 ], [ 110.568331833183322, -6.800480048004799 ] ], [ [ 110.580708070807077, -6.800630063006308 ], [ 110.580783078307832, -6.800405040504053 ], [ 110.580783078307832, -6.800630063006309 ], [ 110.580708070807077, -6.800630063006308 ] ], [ [ 110.564956495649568, -6.800555055505558 ], [ 110.565031503150323, -6.800480048004796 ], [ 110.565031503150323, -6.800555055505554 ], [ 110.564956495649568, -6.800555055505558 ] ], [ [ 110.567806780678069, -6.800555055505551 ], [ 110.567881788178823, -6.800480048004803 ], [ 110.567881788178823, -6.800555055505558 ], [ 110.567806780678069, -6.800555055505551 ] ], [ [ 110.567956795679564, -6.800555055505551 ], [ 110.568031803180318, -6.800480048004793 ], [ 110.568031803180318, -6.800555055505547 ], [ 110.567956795679564, -6.800555055505551 ] ], [ [ 110.568856885688575, -6.800555055505553 ], [ 110.568931893189315, -6.800480048004797 ], [ 110.568931893189315, -6.800555055505558 ], [ 110.568856885688575, -6.800555055505553 ] ], [ [ 110.569006900690084, -6.800555055505548 ], [ 110.569081908190824, -6.800480048004797 ], [ 110.569081908190824, -6.800555055505556 ], [ 110.569006900690084, -6.800555055505548 ] ], [ [ 110.564206420642066, -6.800705070507044 ], [ 110.564356435643575, -6.800555055505556 ], [ 110.564431443144315, -6.80070507050705 ], [ 110.564206420642066, -6.800705070507044 ] ], [ [ 110.564506450645069, -6.800855085508556 ], [ 110.564956495649568, -6.800555055505558 ], [ 110.564806480648059, -6.801005100510057 ], [ 110.564506450645069, -6.800855085508556 ] ], [ [ 110.567356735673584, -6.800705070507043 ], [ 110.567431743174311, -6.800555055505555 ], [ 110.567431743174311, -6.800705070507057 ], [ 110.567356735673584, -6.800705070507043 ] ], [ [ 110.568106810681073, -6.800630063006306 ], [ 110.568181818181813, -6.800555055505545 ], [ 110.568181818181813, -6.800630063006305 ], [ 110.568106810681073, -6.800630063006306 ] ], [ [ 110.567506750675065, -6.800705070507057 ], [ 110.56758175817582, -6.800630063006296 ], [ 110.56758175817582, -6.80070507050704 ], [ 110.567506750675065, -6.800705070507057 ] ], [ [ 110.567881788178823, -6.80070507050705 ], [ 110.567956795679564, -6.800630063006294 ], [ 110.567956795679564, -6.800705070507043 ], [ 110.567881788178823, -6.80070507050705 ] ], [ [ 110.568031803180318, -6.800705070507056 ], [ 110.568106810681073, -6.800630063006306 ], [ 110.568106810681073, -6.800705070507053 ], [ 110.568031803180318, -6.800705070507056 ] ], [ [ 110.568256825682568, -6.800705070507054 ], [ 110.568406840684062, -6.800630063006299 ], [ 110.568406840684062, -6.800705070507045 ], [ 110.568256825682568, -6.800705070507054 ] ], [ [ 110.568931893189315, -6.800705070507045 ], [ 110.569006900690084, -6.800630063006296 ], [ 110.569006900690084, -6.800705070507049 ], [ 110.568931893189315, -6.800705070507045 ] ], [ [ 110.577557755775587, -6.800855085508549 ], [ 110.578457845784584, -6.800705070507053 ], [ 110.578607860786079, -6.800930093009292 ], [ 110.577557755775587, -6.800855085508549 ] ], [ [ 110.565181518151817, -6.800855085508547 ], [ 110.565256525652572, -6.800705070507052 ], [ 110.565256525652572, -6.800855085508552 ], [ 110.565181518151817, -6.800855085508547 ] ], [ [ 110.567281728172816, -6.800930093009308 ], [ 110.567356735673584, -6.800705070507043 ], [ 110.567356735673584, -6.800930093009307 ], [ 110.567281728172816, -6.800930093009308 ] ], [ [ 110.567656765676574, -6.800780078007797 ], [ 110.567731773177314, -6.800705070507051 ], [ 110.567731773177314, -6.800780078007803 ], [ 110.567656765676574, -6.800780078007797 ] ], [ [ 110.568481848184817, -6.800780078007801 ], [ 110.568556855685571, -6.800705070507042 ], [ 110.568556855685571, -6.800780078007793 ], [ 110.568481848184817, -6.800780078007801 ] ], [ [ 110.580558055805596, -6.800930093009299 ], [ 110.580708070807077, -6.800705070507045 ], [ 110.580633063306337, -6.800930093009295 ], [ 110.580558055805596, -6.800930093009299 ] ], [ [ 110.567806780678069, -6.800855085508552 ], [ 110.568031803180318, -6.800780078007809 ], [ 110.568031803180318, -6.800855085508552 ], [ 110.567806780678069, -6.800855085508552 ] ], [ [ 110.568631863186312, -6.800855085508555 ], [ 110.568706870687066, -6.800780078007797 ], [ 110.568706870687066, -6.800855085508549 ], [ 110.568631863186312, -6.800855085508555 ] ], [ [ 110.568856885688575, -6.800855085508558 ], [ 110.568931893189315, -6.800780078007806 ], [ 110.568931893189315, -6.800855085508554 ], [ 110.568856885688575, -6.800855085508558 ] ], [ [ 110.569006900690084, -6.800855085508553 ], [ 110.569081908190824, -6.800780078007793 ], [ 110.569081908190824, -6.800855085508555 ], [ 110.569006900690084, -6.800855085508553 ] ], [ [ 110.576132613261322, -6.800930093009304 ], [ 110.576282628262845, -6.800855085508552 ], [ 110.576282628262845, -6.801005100510059 ], [ 110.576132613261322, -6.800930093009304 ] ], [ [ 110.57680768076807, -6.800930093009299 ], [ 110.577482748274832, -6.800780078007809 ], [ 110.577557755775587, -6.800930093009298 ], [ 110.57680768076807, -6.800930093009299 ] ], [ [ 110.564881488148814, -6.801005100510049 ], [ 110.564956495649568, -6.800930093009304 ], [ 110.564956495649568, -6.801005100510057 ], [ 110.564881488148814, -6.801005100510049 ] ], [ [ 110.565031503150323, -6.801080108010796 ], [ 110.565181518151817, -6.800930093009309 ], [ 110.565256525652572, -6.801230123012298 ], [ 110.565031503150323, -6.801080108010796 ] ], [ [ 110.565256525652572, -6.801080108010798 ], [ 110.565331533153312, -6.800930093009295 ], [ 110.565331533153312, -6.801080108010801 ], [ 110.565256525652572, -6.801080108010798 ] ], [ [ 110.567206720672061, -6.801080108010806 ], [ 110.567281728172816, -6.800930093009308 ], [ 110.567281728172816, -6.801080108010807 ], [ 110.567206720672061, -6.801080108010806 ] ], [ [ 110.568556855685571, -6.801080108010794 ], [ 110.568631863186312, -6.800930093009298 ], [ 110.568631863186312, -6.801080108010801 ], [ 110.568556855685571, -6.801080108010794 ] ], [ [ 110.578682868286833, -6.80100510051005 ], [ 110.578757875787574, -6.800930093009304 ], [ 110.578757875787574, -6.801005100510055 ], [ 110.578682868286833, -6.80100510051005 ] ], [ [ 110.580483048304828, -6.801080108010804 ], [ 110.580558055805596, -6.800930093009299 ], [ 110.580558055805596, -6.801080108010806 ], [ 110.580483048304828, -6.801080108010804 ] ], [ [ 110.562331233123317, -6.801080108010793 ], [ 110.562406240624057, -6.801005100510052 ], [ 110.562406240624057, -6.8010801080108 ], [ 110.562331233123317, -6.801080108010793 ] ], [ [ 110.565406540654067, -6.801155115511544 ], [ 110.565781578157811, -6.801080108010793 ], [ 110.565856585658565, -6.801230123012304 ], [ 110.565406540654067, -6.801155115511544 ] ], [ [ 110.569306930693074, -6.801080108010799 ], [ 110.569456945694569, -6.801005100510051 ], [ 110.569456945694569, -6.801080108010802 ], [ 110.569306930693074, -6.801080108010799 ] ], [ [ 110.576357635763571, -6.8010801080108 ], [ 110.576432643264326, -6.80100510051005 ], [ 110.576432643264326, -6.8010801080108 ], [ 110.576357635763571, -6.8010801080108 ] ], [ [ 110.578007800780071, -6.801080108010797 ], [ 110.57815781578158, -6.801005100510059 ], [ 110.57815781578158, -6.801080108010804 ], [ 110.578007800780071, -6.801080108010797 ] ], [ [ 110.578307830783075, -6.801080108010797 ], [ 110.578457845784584, -6.801005100510054 ], [ 110.578457845784584, -6.801080108010796 ], [ 110.578307830783075, -6.801080108010797 ] ], [ [ 110.567131713171321, -6.801230123012306 ], [ 110.567206720672061, -6.801080108010806 ], [ 110.567206720672061, -6.801230123012308 ], [ 110.567131713171321, -6.801230123012306 ] ], [ [ 110.568481848184817, -6.801155115511551 ], [ 110.568556855685571, -6.801080108010794 ], [ 110.568556855685571, -6.801155115511554 ], [ 110.568481848184817, -6.801155115511551 ] ], [ [ 110.569606960696063, -6.801155115511559 ], [ 110.569681968196818, -6.801080108010797 ], [ 110.569681968196818, -6.801155115511545 ], [ 110.569606960696063, -6.801155115511559 ] ], [ [ 110.576432643264326, -6.801155115511555 ], [ 110.57650765076508, -6.801080108010802 ], [ 110.57650765076508, -6.801155115511557 ], [ 110.576432643264326, -6.801155115511555 ] ], [ [ 110.577557755775587, -6.801155115511557 ], [ 110.577782778277822, -6.801080108010806 ], [ 110.577782778277822, -6.801155115511555 ], [ 110.577557755775587, -6.801155115511557 ] ], [ [ 110.578457845784584, -6.801155115511544 ], [ 110.578532853285324, -6.801080108010797 ], [ 110.578532853285324, -6.801155115511545 ], [ 110.578457845784584, -6.801155115511544 ] ], [ [ 110.562256225622562, -6.801230123012296 ], [ 110.562331233123317, -6.801155115511555 ], [ 110.562331233123317, -6.801230123012304 ], [ 110.562256225622562, -6.801230123012296 ] ], [ [ 110.564881488148814, -6.801230123012303 ], [ 110.564956495649568, -6.801155115511544 ], [ 110.564956495649568, -6.801230123012294 ], [ 110.564881488148814, -6.801230123012303 ] ], [ [ 110.568406840684062, -6.801305130513053 ], [ 110.568481848184817, -6.801155115511551 ], [ 110.568481848184817, -6.801305130513053 ], [ 110.568406840684062, -6.801305130513053 ] ], [ [ 110.57680768076807, -6.801230123012305 ], [ 110.576957695769579, -6.801155115511552 ], [ 110.576957695769579, -6.801305130513058 ], [ 110.57680768076807, -6.801230123012305 ] ], [ [ 110.577257725772597, -6.801455145514546 ], [ 110.577407740774078, -6.801155115511554 ], [ 110.577332733273323, -6.801455145514549 ], [ 110.577257725772597, -6.801455145514546 ] ], [ [ 110.578682868286833, -6.801230123012299 ], [ 110.578757875787574, -6.801155115511553 ], [ 110.578757875787574, -6.801230123012303 ], [ 110.578682868286833, -6.801230123012299 ] ], [ [ 110.579432943294336, -6.801230123012292 ], [ 110.579657965796585, -6.801305130513049 ], [ 110.579507950795076, -6.801455145514544 ], [ 110.579432943294336, -6.801230123012292 ] ], [ [ 110.578832883288328, -6.80130513051306 ], [ 110.578907890789097, -6.801230123012294 ], [ 110.578907890789097, -6.801305130513047 ], [ 110.578832883288328, -6.80130513051306 ] ], [ [ 110.579207920792086, -6.801305130513054 ], [ 110.579357935793581, -6.801230123012297 ], [ 110.579357935793581, -6.801305130513053 ], [ 110.579207920792086, -6.801305130513054 ] ], [ [ 110.568331833183322, -6.801380138013799 ], [ 110.568406840684062, -6.801305130513053 ], [ 110.568406840684062, -6.801380138013796 ], [ 110.568331833183322, -6.801380138013799 ] ], [ [ 110.577782778277822, -6.801380138013799 ], [ 110.577857785778576, -6.80130513051306 ], [ 110.577857785778576, -6.801380138013807 ], [ 110.577782778277822, -6.801380138013799 ] ], [ [ 110.565706570657085, -6.801455145514549 ], [ 110.565856585658565, -6.801380138013807 ], [ 110.565856585658565, -6.801455145514557 ], [ 110.565706570657085, -6.801455145514549 ] ], [ [ 110.579957995799575, -6.801455145514544 ], [ 110.580033003300329, -6.801380138013798 ], [ 110.580033003300329, -6.801455145514555 ], [ 110.579957995799575, -6.801455145514544 ] ], [ [ 110.566456645664573, -6.801530153015308 ], [ 110.566606660666068, -6.801605160516054 ], [ 110.566456645664573, -6.80160516051606 ], [ 110.566456645664573, -6.801530153015308 ] ], [ [ 110.568256825682568, -6.801530153015303 ], [ 110.568331833183322, -6.801455145514548 ], [ 110.568331833183322, -6.801530153015302 ], [ 110.568256825682568, -6.801530153015303 ] ], [ [ 110.577182718271828, -6.801530153015293 ], [ 110.577257725772597, -6.801455145514546 ], [ 110.577257725772597, -6.801530153015297 ], [ 110.577182718271828, -6.801530153015293 ] ], [ [ 110.579207920792086, -6.801680168016802 ], [ 110.579432943294336, -6.801530153015308 ], [ 110.579432943294336, -6.801680168016797 ], [ 110.579207920792086, -6.801680168016802 ] ], [ [ 110.577782778277822, -6.801605160516058 ], [ 110.577857785778576, -6.801530153015303 ], [ 110.577857785778576, -6.80160516051605 ], [ 110.577782778277822, -6.801605160516058 ] ], [ [ 110.577857785778576, -6.801680168016801 ], [ 110.57815781578158, -6.801605160516057 ], [ 110.57815781578158, -6.80175517551755 ], [ 110.577857785778576, -6.801680168016801 ] ], [ [ 110.580258025802578, -6.801605160516053 ], [ 110.580333033303333, -6.801530153015304 ], [ 110.580333033303333, -6.801605160516059 ], [ 110.580258025802578, -6.801605160516053 ] ], [ [ 110.566606660666068, -6.801680168016799 ], [ 110.566681668166822, -6.801605160516044 ], [ 110.566681668166822, -6.801680168016807 ], [ 110.566606660666068, -6.801680168016799 ] ], [ [ 110.579882988298834, -6.801680168016794 ], [ 110.579957995799575, -6.801605160516051 ], [ 110.579957995799575, -6.801680168016795 ], [ 110.579882988298834, -6.801680168016794 ] ], [ [ 110.566531653165313, -6.801755175517558 ], [ 110.566606660666068, -6.801680168016799 ], [ 110.566606660666068, -6.80175517551755 ], [ 110.566531653165313, -6.801755175517558 ] ], [ [ 110.579957995799575, -6.801755175517543 ], [ 110.580333033303333, -6.801680168016802 ], [ 110.580408040804087, -6.801980198019796 ], [ 110.579957995799575, -6.801755175517543 ] ], [ [ 110.566681668166822, -6.80205520552056 ], [ 110.566831683168317, -6.801905190519046 ], [ 110.566756675667563, -6.802055205520545 ], [ 110.566681668166822, -6.80205520552056 ] ], [ [ 110.571557155715567, -6.801905190519056 ], [ 110.571632163216336, -6.801830183018295 ], [ 110.571632163216336, -6.801905190519045 ], [ 110.571557155715567, -6.801905190519056 ] ], [ [ 110.579657965796585, -6.801905190519042 ], [ 110.579732973297325, -6.801830183018298 ], [ 110.579732973297325, -6.801905190519051 ], [ 110.579657965796585, -6.801905190519042 ] ], [ [ 110.579582958295845, -6.801980198019796 ], [ 110.579657965796585, -6.801905190519042 ], [ 110.579657965796585, -6.801980198019804 ], [ 110.579582958295845, -6.801980198019796 ] ], [ [ 110.579957995799575, -6.801980198019805 ], [ 110.580033003300329, -6.801905190519049 ], [ 110.580033003300329, -6.80198019801981 ], [ 110.579957995799575, -6.801980198019805 ] ], [ [ 110.580183018301824, -6.802130213021293 ], [ 110.580258025802578, -6.802055205520545 ], [ 110.580258025802578, -6.802130213021305 ], [ 110.580183018301824, -6.802130213021293 ] ], [ [ 110.567806780678069, -6.802205220522049 ], [ 110.567881788178823, -6.802130213021309 ], [ 110.567881788178823, -6.802205220522046 ], [ 110.567806780678069, -6.802205220522049 ] ], [ [ 110.571932193219325, -6.802205220522044 ], [ 110.572007200720066, -6.802130213021299 ], [ 110.572007200720066, -6.802205220522056 ], [ 110.571932193219325, -6.802205220522044 ] ], [ [ 110.567131713171321, -6.802280228022802 ], [ 110.567206720672061, -6.802205220522055 ], [ 110.567206720672061, -6.802280228022806 ], [ 110.567131713171321, -6.802280228022802 ] ], [ [ 110.567656765676574, -6.802280228022794 ], [ 110.567806780678069, -6.802355235523553 ], [ 110.567656765676574, -6.802355235523557 ], [ 110.567656765676574, -6.802280228022794 ] ], [ [ 110.580408040804087, -6.802280228022802 ], [ 110.580483048304828, -6.802205220522047 ], [ 110.580483048304828, -6.802280228022806 ], [ 110.580408040804087, -6.802280228022802 ] ], [ [ 110.567206720672061, -6.802355235523545 ], [ 110.567281728172816, -6.802280228022792 ], [ 110.567281728172816, -6.802355235523549 ], [ 110.567206720672061, -6.802355235523545 ] ], [ [ 110.580558055805596, -6.802355235523554 ], [ 110.580708070807077, -6.802280228022797 ], [ 110.580708070807077, -6.802355235523548 ], [ 110.580558055805596, -6.802355235523554 ] ], [ [ 110.580708070807077, -6.802430243024304 ], [ 110.580783078307832, -6.802355235523544 ], [ 110.580783078307832, -6.802430243024296 ], [ 110.580708070807077, -6.802430243024304 ] ], [ [ 110.567731773177314, -6.802580258025807 ], [ 110.567806780678069, -6.802505250525044 ], [ 110.567806780678069, -6.802580258025806 ], [ 110.567731773177314, -6.802580258025807 ] ], [ [ 110.568856885688575, -6.802580258025801 ], [ 110.569006900690084, -6.802505250525059 ], [ 110.569006900690084, -6.802655265526547 ], [ 110.568931893189315, -6.802580258025797 ], [ 110.568856885688575, -6.802580258025801 ] ], [ [ 110.568706870687066, -6.802730273027299 ], [ 110.568856885688575, -6.802580258025801 ], [ 110.568781878187821, -6.802730273027296 ], [ 110.568706870687066, -6.802730273027299 ] ], [ [ 110.567506750675065, -6.802730273027306 ], [ 110.56758175817582, -6.802655265526555 ], [ 110.56758175817582, -6.802730273027308 ], [ 110.567506750675065, -6.802730273027306 ] ], [ [ 110.580033003300329, -6.802730273027304 ], [ 110.580108010801084, -6.802655265526549 ], [ 110.580108010801084, -6.802730273027308 ], [ 110.580033003300329, -6.802730273027304 ] ], [ [ 110.579882988298834, -6.802880288028796 ], [ 110.580033003300329, -6.802730273027304 ], [ 110.580033003300329, -6.802880288028795 ], [ 110.579882988298834, -6.802880288028796 ] ], [ [ 110.565856585658565, -6.803180318031808 ], [ 110.56593159315932, -6.803105310531059 ], [ 110.56593159315932, -6.803180318031798 ], [ 110.565856585658565, -6.803180318031808 ] ], [ [ 110.579357935793581, -6.803255325532549 ], [ 110.579432943294336, -6.803180318031796 ], [ 110.579432943294336, -6.803255325532549 ], [ 110.579357935793581, -6.803255325532549 ] ], [ [ 110.579282928292827, -6.803330333033311 ], [ 110.579357935793581, -6.803255325532549 ], [ 110.579357935793581, -6.803330333033294 ], [ 110.579282928292827, -6.803330333033311 ] ], [ [ 110.573507350735071, -6.803555355535551 ], [ 110.573582358235825, -6.803480348034801 ], [ 110.573582358235825, -6.803555355535546 ], [ 110.573507350735071, -6.803555355535551 ] ], [ [ 110.577782778277822, -6.803555355535555 ], [ 110.577857785778576, -6.803480348034809 ], [ 110.577857785778576, -6.803555355535556 ], [ 110.577782778277822, -6.803555355535555 ] ], [ [ 110.579132913291332, -6.803555355535554 ], [ 110.579207920792086, -6.803480348034804 ], [ 110.579207920792086, -6.803555355535551 ], [ 110.579132913291332, -6.803555355535554 ] ], [ [ 110.579057905790577, -6.803705370537051 ], [ 110.579132913291332, -6.803555355535554 ], [ 110.579132913291332, -6.803705370537051 ], [ 110.579057905790577, -6.803705370537051 ] ], [ [ 110.577857785778576, -6.80370537053705 ], [ 110.577932793279345, -6.803630363036307 ], [ 110.577932793279345, -6.803705370537045 ], [ 110.577857785778576, -6.80370537053705 ] ], [ [ 110.578907890789097, -6.803780378037798 ], [ 110.579057905790577, -6.803705370537051 ], [ 110.579057905790577, -6.803780378037803 ], [ 110.578907890789097, -6.803780378037798 ] ], [ [ 110.578832883288328, -6.803855385538553 ], [ 110.578907890789097, -6.803780378037798 ], [ 110.578907890789097, -6.803855385538557 ], [ 110.578832883288328, -6.803855385538553 ] ], [ [ 110.577707770777081, -6.803930393039308 ], [ 110.577782778277822, -6.80385538553856 ], [ 110.577782778277822, -6.803930393039298 ], [ 110.577707770777081, -6.803930393039308 ] ], [ [ 110.567731773177314, -6.804005400540059 ], [ 110.567806780678069, -6.803930393039304 ], [ 110.567806780678069, -6.804005400540047 ], [ 110.567731773177314, -6.804005400540059 ] ], [ [ 110.56758175817582, -6.804080408040801 ], [ 110.567731773177314, -6.80415541554156 ], [ 110.56758175817582, -6.804230423042311 ], [ 110.56758175817582, -6.804080408040801 ] ], [ [ 110.577632763276327, -6.804080408040807 ], [ 110.577707770777081, -6.804005400540053 ], [ 110.577707770777081, -6.804080408040803 ], [ 110.577632763276327, -6.804080408040807 ] ], [ [ 110.577557755775587, -6.804230423042303 ], [ 110.577632763276327, -6.804080408040807 ], [ 110.577632763276327, -6.804230423042303 ], [ 110.577557755775587, -6.804230423042303 ] ], [ [ 110.577482748274832, -6.804380438043812 ], [ 110.577557755775587, -6.804230423042303 ], [ 110.577557755775587, -6.8043804380438 ], [ 110.577482748274832, -6.804380438043812 ] ], [ [ 110.574782478247826, -6.804380438043794 ], [ 110.574857485748581, -6.804305430543058 ], [ 110.574857485748581, -6.804380438043802 ], [ 110.574782478247826, -6.804380438043794 ] ], [ [ 110.574857485748581, -6.804455445544549 ], [ 110.575007500750075, -6.8043804380438 ], [ 110.575007500750075, -6.80445544554456 ], [ 110.574857485748581, -6.804455445544549 ] ], [ [ 110.577407740774078, -6.804455445544557 ], [ 110.577482748274832, -6.804380438043812 ], [ 110.577482748274832, -6.80445544554455 ], [ 110.577407740774078, -6.804455445544557 ] ], [ [ 110.577332733273323, -6.804605460546049 ], [ 110.577407740774078, -6.804455445544557 ], [ 110.577407740774078, -6.804605460546049 ], [ 110.577332733273323, -6.804605460546049 ] ], [ [ 110.577032703270334, -6.804830483048309 ], [ 110.577332733273323, -6.804755475547558 ], [ 110.577032703270334, -6.805055505550557 ], [ 110.577032703270334, -6.804830483048309 ] ], [ [ 110.576582658265835, -6.805205520552052 ], [ 110.576882688268824, -6.805355535553561 ], [ 110.576432643264326, -6.805580558055808 ], [ 110.576582658265835, -6.805205520552052 ] ], [ [ 110.575457545754574, -6.805205520552062 ], [ 110.575532553255329, -6.805130513051301 ], [ 110.575532553255329, -6.805205520552058 ], [ 110.575457545754574, -6.805205520552062 ] ], [ [ 110.575832583258332, -6.805655565556554 ], [ 110.575907590759073, -6.805580558055804 ], [ 110.575907590759073, -6.805655565556562 ], [ 110.575832583258332, -6.805655565556554 ] ], [ [ 110.576057605760582, -6.80580558055805 ], [ 110.576132613261322, -6.805730573057301 ], [ 110.576132613261322, -6.805805580558062 ], [ 110.576057605760582, -6.80580558055805 ] ], [ [ 110.570132013201317, -6.805955595559556 ], [ 110.570207020702071, -6.805880588058812 ], [ 110.570207020702071, -6.80595559555955 ], [ 110.570132013201317, -6.805955595559556 ] ], [ [ 110.570057005700576, -6.806105610561061 ], [ 110.570132013201317, -6.805955595559556 ], [ 110.570132013201317, -6.806105610561053 ], [ 110.570057005700576, -6.806105610561061 ] ], [ [ 110.569981998199836, -6.806180618061808 ], [ 110.570057005700576, -6.806105610561061 ], [ 110.570057005700576, -6.806180618061803 ], [ 110.569981998199836, -6.806180618061808 ] ], [ [ 110.575832583258332, -6.806180618061803 ], [ 110.575907590759073, -6.806105610561061 ], [ 110.575907590759073, -6.806180618061802 ], [ 110.575832583258332, -6.806180618061803 ] ], [ [ 110.569906990699067, -6.806330633063301 ], [ 110.569981998199836, -6.806180618061808 ], [ 110.569981998199836, -6.806330633063316 ], [ 110.569906990699067, -6.806330633063301 ] ], [ [ 110.575682568256823, -6.806255625562553 ], [ 110.575832583258332, -6.806180618061803 ], [ 110.575832583258332, -6.806255625562565 ], [ 110.575682568256823, -6.806255625562553 ] ], [ [ 110.575607560756069, -6.8063306330633 ], [ 110.575682568256823, -6.806255625562553 ], [ 110.575682568256823, -6.806330633063312 ], [ 110.575607560756069, -6.8063306330633 ] ], [ [ 110.569831983198327, -6.806480648064806 ], [ 110.569906990699067, -6.806330633063301 ], [ 110.569906990699067, -6.806480648064804 ], [ 110.569831983198327, -6.806480648064806 ] ], [ [ 110.575832583258332, -6.806630663066309 ], [ 110.576207620762077, -6.806705670567052 ], [ 110.575832583258332, -6.806705670567066 ], [ 110.575832583258332, -6.806630663066309 ] ], [ [ 110.576432643264326, -6.80670567056706 ], [ 110.57673267326733, -6.806555655565554 ], [ 110.57673267326733, -6.806705670567064 ], [ 110.576432643264326, -6.80670567056706 ] ], [ [ 110.567881788178823, -6.806855685568557 ], [ 110.567956795679564, -6.806705670567053 ], [ 110.568031803180318, -6.806855685568546 ], [ 110.567881788178823, -6.806855685568557 ] ], [ [ 110.575682568256823, -6.806780678067814 ], [ 110.575832583258332, -6.806705670567066 ], [ 110.575832583258332, -6.806780678067812 ], [ 110.575682568256823, -6.806780678067814 ] ], [ [ 110.574857485748581, -6.806855685568555 ], [ 110.574932493249335, -6.806780678067812 ], [ 110.574932493249335, -6.806855685568561 ], [ 110.574857485748581, -6.806855685568555 ] ], [ [ 110.575532553255329, -6.806855685568556 ], [ 110.575682568256823, -6.806780678067814 ], [ 110.575682568256823, -6.80685568556856 ], [ 110.575532553255329, -6.806855685568556 ] ], [ [ 110.574782478247826, -6.807005700570049 ], [ 110.574857485748581, -6.806855685568555 ], [ 110.574857485748581, -6.807005700570056 ], [ 110.574782478247826, -6.807005700570049 ] ], [ [ 110.575457545754574, -6.806930693069303 ], [ 110.575532553255329, -6.806855685568556 ], [ 110.575532553255329, -6.806930693069313 ], [ 110.575457545754574, -6.806930693069303 ] ], [ [ 110.570282028202826, -6.807080708070807 ], [ 110.570357035703566, -6.806930693069305 ], [ 110.570357035703566, -6.80708070807081 ], [ 110.570282028202826, -6.807080708070807 ] ], [ [ 110.568256825682568, -6.807080708070809 ], [ 110.568331833183322, -6.807005700570049 ], [ 110.568331833183322, -6.8070807080708 ], [ 110.568256825682568, -6.807080708070809 ] ], [ [ 110.568481848184817, -6.807155715571557 ], [ 110.568556855685571, -6.807005700570052 ], [ 110.568556855685571, -6.807155715571554 ], [ 110.568481848184817, -6.807155715571557 ] ], [ [ 110.574707470747072, -6.807155715571565 ], [ 110.574782478247826, -6.807005700570049 ], [ 110.574782478247826, -6.807155715571559 ], [ 110.574707470747072, -6.807155715571565 ] ], [ [ 110.574632463246346, -6.807305730573057 ], [ 110.574707470747072, -6.807155715571565 ], [ 110.574707470747072, -6.807305730573053 ], [ 110.574632463246346, -6.807305730573057 ] ], [ [ 110.570282028202826, -6.807530753075301 ], [ 110.570582058205815, -6.807305730573058 ], [ 110.570507050705075, -6.807530753075311 ], [ 110.570282028202826, -6.807530753075301 ] ], [ [ 110.574557455745577, -6.807380738073805 ], [ 110.574632463246346, -6.807305730573057 ], [ 110.574632463246346, -6.807380738073802 ], [ 110.574557455745577, -6.807380738073805 ] ], [ [ 110.569906990699067, -6.807455745574551 ], [ 110.569981998199836, -6.807380738073801 ], [ 110.569981998199836, -6.807455745574566 ], [ 110.569906990699067, -6.807455745574551 ] ], [ [ 110.570732073207324, -6.807455745574555 ], [ 110.570807080708065, -6.807380738073812 ], [ 110.570807080708065, -6.807455745574551 ], [ 110.570732073207324, -6.807455745574555 ] ], [ [ 110.569981998199836, -6.807530753075303 ], [ 110.570132013201317, -6.807455745574566 ], [ 110.570132013201317, -6.807530753075312 ], [ 110.569981998199836, -6.807530753075303 ] ], [ [ 110.570132013201317, -6.807605760576063 ], [ 110.570207020702071, -6.80753075307531 ], [ 110.570207020702071, -6.807605760576059 ], [ 110.570132013201317, -6.807605760576063 ] ], [ [ 110.570657065706584, -6.80760576057606 ], [ 110.570807080708065, -6.807680768076809 ], [ 110.570657065706584, -6.807680768076804 ], [ 110.570657065706584, -6.80760576057606 ] ], [ [ 110.569831983198327, -6.807680768076808 ], [ 110.569906990699067, -6.807605760576054 ], [ 110.569906990699067, -6.807680768076803 ], [ 110.569831983198327, -6.807680768076808 ] ], [ [ 110.570882088208819, -6.807755775577564 ], [ 110.571032103210328, -6.807605760576054 ], [ 110.570957095709574, -6.807755775577554 ], [ 110.570882088208819, -6.807755775577564 ] ], [ [ 110.574332433243328, -6.807680768076803 ], [ 110.574482448244822, -6.807755775577564 ], [ 110.574332433243328, -6.807830783078304 ], [ 110.574332433243328, -6.807680768076803 ] ], [ [ 110.569906990699067, -6.807755775577561 ], [ 110.570057005700576, -6.807680768076802 ], [ 110.570057005700576, -6.807755775577552 ], [ 110.569906990699067, -6.807755775577561 ] ], [ [ 110.570507050705075, -6.807755775577555 ], [ 110.570657065706584, -6.807680768076804 ], [ 110.570657065706584, -6.807755775577556 ], [ 110.570507050705075, -6.807755775577555 ] ], [ [ 110.571257125712577, -6.808505850585052 ], [ 110.571482148214827, -6.807830783078315 ], [ 110.571782178217816, -6.808805880588065 ], [ 110.571257125712577, -6.808505850585052 ] ], [ [ 110.57365736573658, -6.808955895589555 ], [ 110.574332433243328, -6.807980798079805 ], [ 110.574182418241818, -6.808280828082816 ], [ 110.57365736573658, -6.808955895589555 ] ], [ [ 110.57043204320432, -6.807980798079808 ], [ 110.570507050705075, -6.807905790579053 ], [ 110.570507050705075, -6.807980798079811 ], [ 110.57043204320432, -6.807980798079808 ] ], [ [ 110.570882088208819, -6.808205820582051 ], [ 110.571032103210328, -6.80820582058206 ], [ 110.571182118211823, -6.808655865586553 ], [ 110.570882088208819, -6.808205820582051 ] ], [ [ 110.567056705670566, -6.808580858085811 ], [ 110.567206720672061, -6.808505850585052 ], [ 110.567206720672061, -6.808580858085816 ], [ 110.567056705670566, -6.808580858085811 ] ], [ [ 110.567206720672061, -6.808655865586551 ], [ 110.567281728172816, -6.808580858085802 ], [ 110.567281728172816, -6.808655865586556 ], [ 110.567206720672061, -6.808655865586551 ] ], [ [ 110.571182118211823, -6.8087308730873 ], [ 110.571257125712577, -6.808655865586553 ], [ 110.571257125712577, -6.808730873087312 ], [ 110.571182118211823, -6.8087308730873 ] ], [ [ 110.568406840684062, -6.808805880588051 ], [ 110.568481848184817, -6.808730873087307 ], [ 110.568481848184817, -6.808805880588054 ], [ 110.568406840684062, -6.808805880588051 ] ], [ [ 110.571257125712577, -6.808805880588058 ], [ 110.571332133213318, -6.808730873087313 ], [ 110.571332133213318, -6.808805880588054 ], [ 110.571257125712577, -6.808805880588058 ] ], [ [ 110.571857185718571, -6.808880888088816 ], [ 110.572007200720066, -6.808805880588056 ], [ 110.572007200720066, -6.808880888088813 ], [ 110.571857185718571, -6.808880888088816 ] ], [ [ 110.571482148214827, -6.808955895589566 ], [ 110.571557155715567, -6.808880888088815 ], [ 110.571557155715567, -6.808955895589566 ], [ 110.571482148214827, -6.808955895589566 ] ], [ [ 110.571557155715567, -6.809030903090303 ], [ 110.571707170717076, -6.808955895589559 ], [ 110.571707170717076, -6.809030903090303 ], [ 110.571557155715567, -6.809030903090303 ] ], [ [ 110.573507350735071, -6.809180918091813 ], [ 110.573582358235825, -6.809255925592558 ], [ 110.573132313231326, -6.809405940594054 ], [ 110.573507350735071, -6.809180918091813 ] ], [ [ 110.571707170717076, -6.80910591059105 ], [ 110.571782178217816, -6.809030903090308 ], [ 110.571782178217816, -6.809105910591051 ], [ 110.571707170717076, -6.80910591059105 ] ], [ [ 110.571782178217816, -6.809180918091814 ], [ 110.571857185718571, -6.809105910591056 ], [ 110.571857185718571, -6.809180918091814 ], [ 110.571782178217816, -6.809180918091814 ] ], [ [ 110.571932193219325, -6.809255925592555 ], [ 110.572007200720066, -6.809180918091807 ], [ 110.572007200720066, -6.809255925592556 ], [ 110.571932193219325, -6.809255925592555 ] ], [ [ 110.572007200720066, -6.809330933093309 ], [ 110.57208220822082, -6.809255925592561 ], [ 110.57208220822082, -6.809330933093309 ], [ 110.572007200720066, -6.809330933093309 ] ], [ [ 110.573807380738074, -6.80948094809481 ], [ 110.573882388238829, -6.809405940594066 ], [ 110.573882388238829, -6.809480948094807 ], [ 110.573807380738074, -6.80948094809481 ] ], [ [ 110.570957095709574, -6.809555955595557 ], [ 110.571032103210328, -6.809480948094803 ], [ 110.571032103210328, -6.809555955595565 ], [ 110.570957095709574, -6.809555955595557 ] ], [ [ 110.573882388238829, -6.809630963096315 ], [ 110.573957395739569, -6.809480948094808 ], [ 110.573957395739569, -6.809630963096313 ], [ 110.573882388238829, -6.809630963096315 ] ], [ [ 110.568631863186312, -6.809630963096309 ], [ 110.568706870687066, -6.809555955595564 ], [ 110.568706870687066, -6.809630963096312 ], [ 110.568631863186312, -6.809630963096309 ] ], [ [ 110.572982298229817, -6.80993099309932 ], [ 110.573207320732067, -6.809630963096305 ], [ 110.573207320732067, -6.809780978097803 ], [ 110.572982298229817, -6.80993099309932 ] ], [ [ 110.568331833183322, -6.809705970597067 ], [ 110.568481848184817, -6.809630963096309 ], [ 110.568556855685571, -6.809855985598556 ], [ 110.568331833183322, -6.809705970597067 ] ], [ [ 110.570882088208819, -6.810531053105302 ], [ 110.571407140714072, -6.810306030603062 ], [ 110.571257125712577, -6.810681068106807 ], [ 110.570882088208819, -6.810531053105302 ] ], [ [ 110.57208220822082, -6.810231023102316 ], [ 110.572157215721575, -6.810156015601553 ], [ 110.572157215721575, -6.810231023102319 ], [ 110.57208220822082, -6.810231023102316 ] ] ] } },
{ "type": "Feature", "properties": { "year": 2025, "layer": "atrisk" }, "geometry": { "type": "Polygon", "coordinates": [ [ [ 110.560231023102304, -6.802205220522053 ], [ 110.558430843084324, -6.804755475547549 ], [ 110.562556255625566, -6.805730573057311 ], [ 110.566156615661569, -6.80985598559856 ], [ 110.559930993099314, -6.805805580558055 ], [ 110.557305730573063, -6.80865586558655 ], [ 110.556480648064806, -6.808280828082809 ], [ 110.556030603060307, -6.808805880588059 ], [ 110.55820582058206, -6.805055505550548 ], [ 110.557380738073803, -6.80535553555355 ], [ 110.557155715571554, -6.806180618061813 ], [ 110.555955595559553, -6.806630663066304 ], [ 110.554305430543053, -6.809105910591055 ], [ 110.563156315631559, -6.815856585658565 ], [ 110.563531353135318, -6.81345634563457 ], [ 110.568706870687066, -6.812256225622569 ], [ 110.567656765676574, -6.810906090609063 ], [ 110.569231923192319, -6.811806180618058 ], [ 110.570357035703566, -6.811506150615068 ], [ 110.56285628562857, -6.804530453045299 ], [ 110.566381638163818, -6.807605760576056 ], [ 110.567056705670566, -6.806480648064812 ], [ 110.566156615661569, -6.805130513051306 ], [ 110.560231023102304, -6.802205220522053 ] ], [ [ 110.560306030603059, -6.802430243024295 ], [ 110.560381038103813, -6.802355235523551 ], [ 110.560381038103813, -6.8024302430243 ], [ 110.560306030603059, -6.802430243024295 ] ], [ [ 110.560606060606062, -6.802655265526544 ], [ 110.560681068106817, -6.802505250525058 ], [ 110.560681068106817, -6.802655265526548 ], [ 110.560606060606062, -6.802655265526544 ] ], [ [ 110.561056105610575, -6.803930393039303 ], [ 110.56128112811281, -6.803705370537053 ], [ 110.56128112811281, -6.803855385538544 ], [ 110.561056105610575, -6.803930393039303 ] ], [ [ 110.562031203120313, -6.804155415541547 ], [ 110.562106210621067, -6.80408040804081 ], [ 110.562106210621067, -6.804155415541552 ], [ 110.562031203120313, -6.804155415541547 ] ], [ [ 110.562481248124811, -6.804380438043809 ], [ 110.562556255625566, -6.804305430543054 ], [ 110.562556255625566, -6.804380438043801 ], [ 110.562481248124811, -6.804380438043809 ] ], [ [ 110.557755775577562, -6.805430543054314 ], [ 110.557830783078302, -6.805355535553558 ], [ 110.557830783078302, -6.805430543054314 ], [ 110.557755775577562, -6.805430543054314 ] ], [ [ 110.565856585658565, -6.805955595559557 ], [ 110.56593159315932, -6.805880588058811 ], [ 110.56593159315932, -6.80595559555956 ], [ 110.565856585658565, -6.805955595559557 ] ], [ [ 110.566156615661569, -6.806105610561054 ], [ 110.566456645664573, -6.805880588058813 ], [ 110.566456645664573, -6.806255625562555 ], [ 110.566156615661569, -6.806105610561054 ] ], [ [ 110.565781578157811, -6.80603060306031 ], [ 110.565856585658565, -6.805955595559557 ], [ 110.565856585658565, -6.806030603060306 ], [ 110.565781578157811, -6.80603060306031 ] ], [ [ 110.565631563156316, -6.806255625562558 ], [ 110.565706570657085, -6.806180618061806 ], [ 110.565706570657085, -6.806255625562563 ], [ 110.565631563156316, -6.806255625562558 ] ], [ [ 110.565556555655562, -6.806405640564061 ], [ 110.565631563156316, -6.806255625562558 ], [ 110.565631563156316, -6.806405640564066 ], [ 110.565556555655562, -6.806405640564061 ] ], [ [ 110.566231623162309, -6.806555655565564 ], [ 110.566306630663064, -6.806405640564051 ], [ 110.566306630663064, -6.806555655565554 ], [ 110.566231623162309, -6.806555655565564 ] ], [ [ 110.566681668166822, -6.806555655565552 ], [ 110.566756675667563, -6.80648064806481 ], [ 110.566756675667563, -6.806555655565561 ], [ 110.566681668166822, -6.806555655565552 ] ], [ [ 110.566156615661569, -6.806630663066302 ], [ 110.566231623162309, -6.806555655565564 ], [ 110.566231623162309, -6.806630663066302 ], [ 110.566156615661569, -6.806630663066302 ] ], [ [ 110.566081608160815, -6.806705670567049 ], [ 110.566156615661569, -6.806630663066302 ], [ 110.566156615661569, -6.806705670567061 ], [ 110.566081608160815, -6.806705670567049 ] ], [ [ 110.566606660666068, -6.806705670567061 ], [ 110.566681668166822, -6.806630663066308 ], [ 110.566681668166822, -6.806705670567049 ], [ 110.566606660666068, -6.806705670567061 ] ], [ [ 110.565856585658565, -6.806780678067812 ], [ 110.566081608160815, -6.806855685568557 ], [ 110.56593159315932, -6.806930693069311 ], [ 110.565856585658565, -6.806780678067812 ] ], [ [ 110.556480648064806, -6.808430843084315 ], [ 110.55655565556556, -6.808355835583553 ], [ 110.55655565556556, -6.808430843084312 ], [ 110.556480648064806, -6.808430843084315 ] ], [ [ 110.566306630663064, -6.809780978097807 ], [ 110.566381638163818, -6.809705970597064 ], [ 110.566381638163818, -6.809780978097803 ], [ 110.566306630663064, -6.809780978097807 ] ], [ [ 110.566456645664573, -6.809930993099318 ], [ 110.566531653165313, -6.809855985598555 ], [ 110.566531653165313, -6.809930993099308 ], [ 110.566456645664573, -6.809930993099318 ] ], [ [ 110.566531653165313, -6.810006000600067 ], [ 110.566606660666068, -6.809930993099304 ], [ 110.566606660666068, -6.810006000600063 ], [ 110.566531653165313, -6.810006000600067 ] ], [ [ 110.567506750675065, -6.810831083108319 ], [ 110.56758175817582, -6.810756075607562 ], [ 110.56758175817582, -6.810831083108313 ], [ 110.567506750675065, -6.810831083108319 ] ], [ [ 110.56758175817582, -6.810906090609068 ], [ 110.567656765676574, -6.810831083108309 ], [ 110.567656765676574, -6.810906090609063 ], [ 110.56758175817582, -6.810906090609068 ] ], [ [ 110.568106810681073, -6.812181218121807 ], [ 110.568256825682568, -6.812031203120319 ], [ 110.568181818181813, -6.812181218121808 ], [ 110.568106810681073, -6.812181218121807 ] ], [ [ 110.560681068106817, -6.813306330633062 ], [ 110.560756075607557, -6.813231323132308 ], [ 110.560756075607557, -6.813306330633068 ], [ 110.560681068106817, -6.813306330633062 ] ], [ [ 110.560606060606062, -6.813381338133815 ], [ 110.560681068106817, -6.813306330633062 ], [ 110.560681068106817, -6.813381338133818 ], [ 110.560606060606062, -6.813381338133815 ] ] ] } },
{ "type": "Feature", "properties": { "year": 2025, "layer": "atrisk" }, "geometry": { "type": "Polygon", "coordinates": [ [ [ 110.552355235523549, -6.809180918091815 ], [ 110.549204920492045, -6.813231323132309 ], [ 110.549804980498052, -6.817956795679573 ], [ 110.544854485448553, -6.821182118211817 ], [ 110.545079507950788, -6.82343234323433 ], [ 110.547779777977794, -6.825157515751572 ], [ 110.552055205520546, -6.821032103210316 ], [ 110.549954995499547, -6.825082508250824 ], [ 110.548754875487546, -6.82485748574858 ], [ 110.548229822982293, -6.826057605760576 ], [ 110.547254725472541, -6.825907590759082 ], [ 110.546879687968811, -6.82658265826582 ], [ 110.551305130513057, -6.828907890789075 ], [ 110.554755475547552, -6.829432943294325 ], [ 110.559480948094816, -6.824407440744069 ], [ 110.561656165616569, -6.820582058205828 ], [ 110.562556255625566, -6.817806780678064 ], [ 110.56150615061506, -6.815931593159315 ], [ 110.552355235523549, -6.809180918091815 ] ], [ [ 110.552130213021314, -6.809630963096316 ], [ 110.552430243024304, -6.809555955595563 ], [ 110.552130213021314, -6.809705970597061 ], [ 110.552130213021314, -6.809630963096316 ] ], [ [ 110.557455745574558, -6.813231323132309 ], [ 110.557530753075312, -6.813156315631559 ], [ 110.557530753075312, -6.813231323132322 ], [ 110.557455745574558, -6.813231323132309 ] ], [ [ 110.557380738073803, -6.813456345634558 ], [ 110.557455745574558, -6.813306330633059 ], [ 110.557455745574558, -6.813456345634556 ], [ 110.557380738073803, -6.813456345634558 ] ], [ [ 110.557305730573063, -6.813606360636068 ], [ 110.557380738073803, -6.813456345634558 ], [ 110.557380738073803, -6.813606360636056 ], [ 110.557305730573063, -6.813606360636068 ] ], [ [ 110.557230723072308, -6.813756375637559 ], [ 110.557305730573063, -6.813606360636068 ], [ 110.557305730573063, -6.813756375637567 ], [ 110.557230723072308, -6.813756375637559 ] ], [ [ 110.554005400540049, -6.813981398139809 ], [ 110.554080408040804, -6.813906390639057 ], [ 110.554080408040804, -6.813981398139809 ], [ 110.554005400540049, -6.813981398139809 ] ], [ [ 110.550180018001797, -6.814881488148814 ], [ 110.551905190519051, -6.814956495649558 ], [ 110.552130213021314, -6.815481548154811 ], [ 110.550180018001797, -6.814881488148814 ] ], [ [ 110.553105310531052, -6.814281428142813 ], [ 110.553180318031806, -6.814206420642066 ], [ 110.553180318031806, -6.814281428142806 ], [ 110.553105310531052, -6.814281428142813 ] ], [ [ 110.556630663066301, -6.814356435643555 ], [ 110.556705670567055, -6.814281428142817 ], [ 110.556705670567055, -6.814356435643574 ], [ 110.556630663066301, -6.814356435643555 ] ], [ [ 110.553030303030297, -6.814431443144307 ], [ 110.553105310531052, -6.814356435643563 ], [ 110.553105310531052, -6.814431443144319 ], [ 110.553030303030297, -6.814431443144307 ] ], [ [ 110.55370537053706, -6.814431443144319 ], [ 110.553780378037814, -6.814356435643569 ], [ 110.553780378037814, -6.81443144314431 ], [ 110.55370537053706, -6.814431443144319 ] ], [ [ 110.552955295529557, -6.814506450645068 ], [ 110.553030303030297, -6.814431443144307 ], [ 110.553030303030297, -6.814506450645061 ], [ 110.552955295529557, -6.814506450645068 ] ], [ [ 110.553630363036305, -6.814581458145806 ], [ 110.55370537053706, -6.814431443144319 ], [ 110.55370537053706, -6.814581458145815 ], [ 110.553630363036305, -6.814581458145806 ] ], [ [ 110.554530453045302, -6.814506450645061 ], [ 110.554605460546057, -6.814431443144315 ], [ 110.554605460546057, -6.81450645064506 ], [ 110.554530453045302, -6.814506450645061 ] ], [ [ 110.55655565556556, -6.814506450645067 ], [ 110.556630663066301, -6.814431443144311 ], [ 110.556630663066301, -6.814506450645058 ], [ 110.55655565556556, -6.814506450645067 ] ], [ [ 110.55820582058206, -6.814506450645067 ], [ 110.558280828082815, -6.814431443144315 ], [ 110.558280828082815, -6.81450645064506 ], [ 110.55820582058206, -6.814506450645067 ] ], [ [ 110.554155415541572, -6.81458145814582 ], [ 110.554230423042299, -6.81450645064506 ], [ 110.554230423042299, -6.814581458145814 ], [ 110.554155415541572, -6.81458145814582 ] ], [ [ 110.554380438043808, -6.814581458145818 ], [ 110.554530453045302, -6.814656465646571 ], [ 110.554380438043808, -6.814731473147315 ], [ 110.554380438043808, -6.814581458145818 ] ], [ [ 110.559180918091812, -6.814581458145818 ], [ 110.559255925592552, -6.814506450645071 ], [ 110.559255925592552, -6.814581458145817 ], [ 110.559180918091812, -6.814581458145818 ] ], [ [ 110.553555355535551, -6.814656465646558 ], [ 110.553630363036305, -6.814581458145806 ], [ 110.553630363036305, -6.814656465646562 ], [ 110.553555355535551, -6.814656465646558 ] ], [ [ 110.554230423042299, -6.814656465646555 ], [ 110.554305430543053, -6.81458145814582 ], [ 110.554305430543053, -6.814656465646566 ], [ 110.554230423042299, -6.814656465646555 ] ], [ [ 110.559105910591057, -6.814656465646567 ], [ 110.559180918091812, -6.814581458145818 ], [ 110.559180918091812, -6.814656465646571 ], [ 110.559105910591057, -6.814656465646567 ] ], [ [ 110.553480348034824, -6.814731473147313 ], [ 110.553555355535551, -6.814656465646558 ], [ 110.553555355535551, -6.814731473147312 ], [ 110.553480348034824, -6.814731473147313 ] ], [ [ 110.559030903090303, -6.814806480648058 ], [ 110.559105910591057, -6.814656465646567 ], [ 110.559105910591057, -6.814806480648062 ], [ 110.559030903090303, -6.814806480648058 ] ], [ [ 110.554155415541572, -6.81480648064806 ], [ 110.554230423042299, -6.81473147314732 ], [ 110.554230423042299, -6.814806480648071 ], [ 110.554155415541572, -6.81480648064806 ] ], [ [ 110.554305430543053, -6.814881488148807 ], [ 110.554380438043808, -6.814731473147315 ], [ 110.554380438043808, -6.814881488148814 ], [ 110.554305430543053, -6.814881488148807 ] ], [ [ 110.554530453045302, -6.814881488148814 ], [ 110.554605460546057, -6.814731473147305 ], [ 110.554605460546057, -6.814881488148822 ], [ 110.554530453045302, -6.814881488148814 ] ], [ [ 110.556630663066301, -6.814806480648058 ], [ 110.556705670567055, -6.814731473147319 ], [ 110.556705670567055, -6.814806480648069 ], [ 110.556630663066301, -6.814806480648058 ] ], [ [ 110.554830483048306, -6.814881488148816 ], [ 110.554905490549061, -6.814806480648065 ], [ 110.554905490549061, -6.814881488148821 ], [ 110.554830483048306, -6.814881488148816 ] ], [ [ 110.556705670567055, -6.814881488148807 ], [ 110.556780678067824, -6.814806480648059 ], [ 110.556780678067824, -6.814881488148818 ], [ 110.556705670567055, -6.814881488148807 ] ], [ [ 110.558955895589563, -6.814881488148807 ], [ 110.559030903090303, -6.814806480648058 ], [ 110.559030903090303, -6.814881488148814 ], [ 110.558955895589563, -6.814881488148807 ] ], [ [ 110.559405940594061, -6.81488148814882 ], [ 110.559480948094816, -6.814806480648071 ], [ 110.559480948094816, -6.814881488148812 ], [ 110.559405940594061, -6.81488148814882 ] ], [ [ 110.552655265526553, -6.81495649564957 ], [ 110.552730273027308, -6.814881488148817 ], [ 110.552730273027308, -6.814956495649568 ], [ 110.552655265526553, -6.81495649564957 ] ], [ [ 110.55685568556855, -6.814956495649569 ], [ 110.556930693069305, -6.814881488148822 ], [ 110.556930693069305, -6.814956495649569 ], [ 110.55685568556855, -6.814956495649569 ] ], [ [ 110.558805880588054, -6.814956495649561 ], [ 110.558955895589563, -6.815031503150321 ], [ 110.558805880588054, -6.815106510651058 ], [ 110.558805880588054, -6.814956495649561 ] ], [ [ 110.559480948094816, -6.814956495649557 ], [ 110.559555955595556, -6.814881488148815 ], [ 110.559555955595556, -6.814956495649559 ], [ 110.559480948094816, -6.814956495649557 ] ], [ [ 110.556930693069305, -6.815031503150323 ], [ 110.557080708070814, -6.814956495649556 ], [ 110.557080708070814, -6.815031503150313 ], [ 110.556930693069305, -6.815031503150323 ] ], [ [ 110.558355835583555, -6.815031503150323 ], [ 110.558430843084324, -6.814956495649557 ], [ 110.558430843084324, -6.815031503150318 ], [ 110.558355835583555, -6.815031503150323 ] ], [ [ 110.554830483048306, -6.815181518151818 ], [ 110.554905490549061, -6.815031503150315 ], [ 110.554980498049801, -6.815181518151813 ], [ 110.554830483048306, -6.815181518151818 ] ], [ [ 110.556255625562557, -6.815106510651062 ], [ 110.556330633063311, -6.815031503150317 ], [ 110.556330633063311, -6.815106510651059 ], [ 110.556255625562557, -6.815106510651062 ] ], [ [ 110.55655565556556, -6.815181518151809 ], [ 110.556630663066301, -6.815031503150315 ], [ 110.556630663066301, -6.815181518151821 ], [ 110.55655565556556, -6.815181518151809 ] ], [ [ 110.559255925592552, -6.815106510651063 ], [ 110.559330933093307, -6.815031503150313 ], [ 110.559330933093307, -6.815106510651058 ], [ 110.559255925592552, -6.815106510651063 ] ], [ [ 110.552505250525073, -6.815181518151811 ], [ 110.552580258025799, -6.815106510651066 ], [ 110.552580258025799, -6.815181518151811 ], [ 110.552505250525073, -6.815181518151811 ] ], [ [ 110.553855385538554, -6.815181518151821 ], [ 110.553930393039309, -6.815106510651067 ], [ 110.553930393039309, -6.815181518151819 ], [ 110.553855385538554, -6.815181518151821 ] ], [ [ 110.554380438043808, -6.815256525652564 ], [ 110.554680468046811, -6.81518151815182 ], [ 110.554380438043808, -6.815406540654064 ], [ 110.554380438043808, -6.815256525652564 ] ], [ [ 110.558580858085804, -6.815256525652562 ], [ 110.558805880588054, -6.815256525652574 ], [ 110.558580858085804, -6.815406540654071 ], [ 110.558580858085804, -6.815256525652562 ] ], [ [ 110.558880888088808, -6.815181518151814 ], [ 110.558955895589563, -6.815106510651058 ], [ 110.558955895589563, -6.815181518151818 ], [ 110.558880888088808, -6.815181518151814 ] ], [ [ 110.552430243024304, -6.815256525652559 ], [ 110.552505250525073, -6.815181518151811 ], [ 110.552505250525073, -6.815256525652572 ], [ 110.552430243024304, -6.815256525652559 ] ], [ [ 110.555955595559553, -6.815256525652566 ], [ 110.556030603060307, -6.815181518151818 ], [ 110.556030603060307, -6.815256525652559 ], [ 110.555955595559553, -6.815256525652566 ] ], [ [ 110.556180618061802, -6.815256525652562 ], [ 110.556255625562557, -6.815181518151823 ], [ 110.556255625562557, -6.815256525652573 ], [ 110.556180618061802, -6.815256525652562 ] ], [ [ 110.556480648064806, -6.81533153315331 ], [ 110.55655565556556, -6.815181518151809 ], [ 110.55655565556556, -6.815331533153314 ], [ 110.556480648064806, -6.81533153315331 ] ], [ [ 110.553030303030297, -6.815331533153315 ], [ 110.553105310531052, -6.815256525652559 ], [ 110.553105310531052, -6.815331533153308 ], [ 110.553030303030297, -6.815331533153315 ] ], [ [ 110.555880588058812, -6.815406540654066 ], [ 110.555955595559553, -6.815331533153308 ], [ 110.555955595559553, -6.815406540654071 ], [ 110.555880588058812, -6.815406540654066 ] ], [ [ 110.556105610561062, -6.815481548154822 ], [ 110.556180618061802, -6.815331533153313 ], [ 110.556180618061802, -6.815481548154813 ], [ 110.556105610561062, -6.815481548154822 ] ], [ [ 110.556405640564051, -6.815481548154815 ], [ 110.556480648064806, -6.81533153315331 ], [ 110.556480648064806, -6.815481548154813 ], [ 110.556405640564051, -6.815481548154815 ] ], [ [ 110.554305430543053, -6.815481548154816 ], [ 110.554380438043808, -6.815406540654064 ], [ 110.554380438043808, -6.815481548154821 ], [ 110.554305430543053, -6.815481548154816 ] ], [ [ 110.558355835583555, -6.815556555655568 ], [ 110.558655865586559, -6.815556555655571 ], [ 110.558430843084324, -6.815781578157818 ], [ 110.558355835583555, -6.815556555655568 ] ], [ [ 110.552880288028803, -6.815556555655562 ], [ 110.552955295529557, -6.815481548154811 ], [ 110.552955295529557, -6.815556555655557 ], [ 110.552880288028803, -6.815556555655562 ] ], [ [ 110.553555355535551, -6.815556555655563 ], [ 110.553630363036305, -6.815481548154819 ], [ 110.553630363036305, -6.815556555655569 ], [ 110.553555355535551, -6.815556555655563 ] ], [ [ 110.554230423042299, -6.815631563156312 ], [ 110.554305430543053, -6.815481548154816 ], [ 110.554305430543053, -6.815631563156319 ], [ 110.554230423042299, -6.815631563156312 ] ], [ [ 110.555430543054314, -6.815556555655566 ], [ 110.555505550555054, -6.815481548154812 ], [ 110.555505550555054, -6.815556555655563 ], [ 110.555430543054314, -6.815556555655566 ] ], [ [ 110.556030603060307, -6.81555655565557 ], [ 110.556105610561062, -6.815481548154822 ], [ 110.556105610561062, -6.81555655565557 ], [ 110.556030603060307, -6.81555655565557 ] ], [ [ 110.556330633063311, -6.81570657065707 ], [ 110.556405640564051, -6.815481548154815 ], [ 110.556405640564051, -6.815706570657065 ], [ 110.556330633063311, -6.81570657065707 ] ], [ [ 110.551980198019805, -6.81563156315631 ], [ 110.552055205520546, -6.815556555655562 ], [ 110.552055205520546, -6.815631563156307 ], [ 110.551980198019805, -6.81563156315631 ] ], [ [ 110.552805280528062, -6.815631563156311 ], [ 110.552880288028803, -6.815556555655562 ], [ 110.552880288028803, -6.815631563156321 ], [ 110.552805280528062, -6.815631563156311 ] ], [ [ 110.552055205520546, -6.815706570657057 ], [ 110.552130213021314, -6.815631563156315 ], [ 110.552130213021314, -6.815706570657073 ], [ 110.552055205520546, -6.815706570657057 ] ], [ [ 110.553480348034824, -6.815706570657067 ], [ 110.553555355535551, -6.815631563156309 ], [ 110.553555355535551, -6.815706570657059 ], [ 110.553480348034824, -6.815706570657067 ] ], [ [ 110.554155415541572, -6.815706570657071 ], [ 110.554230423042299, -6.815631563156312 ], [ 110.554230423042299, -6.815706570657073 ], [ 110.554155415541572, -6.815706570657071 ] ], [ [ 110.555730573057303, -6.815706570657065 ], [ 110.555805580558072, -6.815631563156322 ], [ 110.555805580558072, -6.815706570657065 ], [ 110.555730573057303, -6.815706570657065 ] ], [ [ 110.552130213021314, -6.815781578157821 ], [ 110.552280228022809, -6.815706570657072 ], [ 110.552280228022809, -6.815781578157821 ], [ 110.552130213021314, -6.815781578157821 ] ], [ [ 110.552430243024304, -6.815781578157812 ], [ 110.552505250525073, -6.815706570657062 ], [ 110.552505250525073, -6.815781578157822 ], [ 110.552430243024304, -6.815781578157812 ] ], [ [ 110.556930693069305, -6.815781578157807 ], [ 110.557005700570059, -6.815706570657066 ], [ 110.557005700570059, -6.815781578157821 ], [ 110.556930693069305, -6.815781578157807 ] ], [ [ 110.558280828082815, -6.81578157815782 ], [ 110.558355835583555, -6.815706570657071 ], [ 110.558355835583555, -6.815781578157814 ], [ 110.558280828082815, -6.81578157815782 ] ], [ [ 110.551455145514552, -6.815856585658568 ], [ 110.551530153015307, -6.815781578157821 ], [ 110.551530153015307, -6.815856585658559 ], [ 110.551455145514552, -6.815856585658568 ] ], [ [ 110.552280228022809, -6.815856585658558 ], [ 110.552355235523549, -6.815781578157812 ], [ 110.552355235523549, -6.815856585658574 ], [ 110.552280228022809, -6.815856585658558 ] ], [ [ 110.552730273027308, -6.816081608160821 ], [ 110.552655265526553, -6.815781578157821 ], [ 110.552880288028803, -6.816081608160816 ], [ 110.552730273027308, -6.816081608160821 ] ], [ [ 110.55685568556855, -6.815856585658559 ], [ 110.556930693069305, -6.815781578157807 ], [ 110.556930693069305, -6.815856585658564 ], [ 110.55685568556855, -6.815856585658559 ] ], [ [ 110.558130813081306, -6.815856585658562 ], [ 110.558280828082815, -6.81593159315932 ], [ 110.558130813081306, -6.816006600660074 ], [ 110.558130813081306, -6.815856585658562 ] ], [ [ 110.560156015601564, -6.815856585658569 ], [ 110.560231023102304, -6.815781578157822 ], [ 110.560231023102304, -6.81585658565856 ], [ 110.560156015601564, -6.815856585658569 ] ], [ [ 110.551380138013798, -6.81593159315931 ], [ 110.551455145514552, -6.815856585658568 ], [ 110.551455145514552, -6.815931593159319 ], [ 110.551380138013798, -6.81593159315931 ] ], [ [ 110.553330333033301, -6.815931593159309 ], [ 110.553405340534056, -6.81585658565857 ], [ 110.553405340534056, -6.815931593159321 ], [ 110.553330333033301, -6.815931593159309 ] ], [ [ 110.556780678067824, -6.815931593159307 ], [ 110.55685568556855, -6.815856585658559 ], [ 110.55685568556855, -6.81593159315932 ], [ 110.556780678067824, -6.815931593159307 ] ], [ [ 110.560081008100823, -6.815931593159322 ], [ 110.560156015601564, -6.815856585658569 ], [ 110.560156015601564, -6.815931593159316 ], [ 110.560081008100823, -6.815931593159322 ] ], [ [ 110.560006000600055, -6.816006600660065 ], [ 110.560081008100823, -6.815931593159322 ], [ 110.560081008100823, -6.81600660066006 ], [ 110.560006000600055, -6.816006600660065 ] ], [ [ 110.551305130513057, -6.816081608160816 ], [ 110.551380138013798, -6.816006600660071 ], [ 110.551380138013798, -6.816081608160817 ], [ 110.551305130513057, -6.816081608160816 ] ], [ [ 110.558055805580551, -6.816081608160811 ], [ 110.558130813081306, -6.816006600660074 ], [ 110.558130813081306, -6.816081608160822 ], [ 110.558055805580551, -6.816081608160811 ] ], [ [ 110.552880288028803, -6.816156615661559 ], [ 110.552955295529557, -6.816081608160818 ], [ 110.552955295529557, -6.816156615661569 ], [ 110.552880288028803, -6.816156615661559 ] ], [ [ 110.556180618061802, -6.816156615661559 ], [ 110.556330633063311, -6.81608160816081 ], [ 110.556330633063311, -6.816231623162318 ], [ 110.556180618061802, -6.816156615661559 ] ], [ [ 110.557980798079811, -6.816231623162318 ], [ 110.558055805580551, -6.816081608160811 ], [ 110.558055805580551, -6.816231623162318 ], [ 110.557980798079811, -6.816231623162318 ] ], [ [ 110.551230123012303, -6.816231623162323 ], [ 110.551305130513057, -6.816156615661558 ], [ 110.551305130513057, -6.816231623162322 ], [ 110.551230123012303, -6.816231623162323 ] ], [ [ 110.553930393039309, -6.816231623162309 ], [ 110.554005400540049, -6.816156615661566 ], [ 110.554005400540049, -6.816231623162309 ], [ 110.553930393039309, -6.816231623162309 ] ], [ [ 110.553855385538554, -6.816306630663068 ], [ 110.553930393039309, -6.816231623162309 ], [ 110.553930393039309, -6.816306630663066 ], [ 110.553855385538554, -6.816306630663068 ] ], [ [ 110.557905790579056, -6.816306630663069 ], [ 110.557980798079811, -6.816231623162318 ], [ 110.557980798079811, -6.816306630663061 ], [ 110.557905790579056, -6.816306630663069 ] ], [ [ 110.552280228022809, -6.816381638163822 ], [ 110.552355235523549, -6.816306630663072 ], [ 110.552355235523549, -6.816381638163819 ], [ 110.552280228022809, -6.816381638163822 ] ], [ [ 110.553180318031806, -6.816456645664561 ], [ 110.553330333033301, -6.81638163816382 ], [ 110.553480348034824, -6.816606660666064 ], [ 110.553180318031806, -6.816456645664561 ] ], [ [ 110.556480648064806, -6.816381638163824 ], [ 110.55655565556556, -6.816306630663062 ], [ 110.55655565556556, -6.81638163816381 ], [ 110.556480648064806, -6.816381638163824 ] ], [ [ 110.557455745574558, -6.816831683168314 ], [ 110.557980798079811, -6.816606660666074 ], [ 110.557380738073803, -6.817281728172821 ], [ 110.557530753075312, -6.817056705670566 ], [ 110.557455745574558, -6.816831683168314 ] ], [ [ 110.552205220522055, -6.816456645664568 ], [ 110.552280228022809, -6.816381638163822 ], [ 110.552280228022809, -6.816456645664565 ], [ 110.552205220522055, -6.816456645664568 ] ], [ [ 110.553780378037814, -6.816456645664568 ], [ 110.553855385538554, -6.816381638163825 ], [ 110.553855385538554, -6.816456645664568 ], [ 110.553780378037814, -6.816456645664568 ] ], [ [ 110.554455445544562, -6.816456645664564 ], [ 110.554530453045302, -6.816381638163813 ], [ 110.554530453045302, -6.816456645664561 ], [ 110.554455445544562, -6.816456645664564 ] ], [ [ 110.554680468046811, -6.816456645664568 ], [ 110.554755475547552, -6.816381638163812 ], [ 110.554755475547552, -6.81645664566456 ], [ 110.554680468046811, -6.816456645664568 ] ], [ [ 110.55655565556556, -6.816456645664562 ], [ 110.556630663066301, -6.816381638163822 ], [ 110.556630663066301, -6.816456645664561 ], [ 110.55655565556556, -6.816456645664562 ] ], [ [ 110.558055805580551, -6.816456645664569 ], [ 110.558130813081306, -6.816381638163824 ], [ 110.558130813081306, -6.816456645664561 ], [ 110.558055805580551, -6.816456645664569 ] ], [ [ 110.558355835583555, -6.816456645664561 ], [ 110.558430843084324, -6.816381638163824 ], [ 110.558430843084324, -6.816456645664558 ], [ 110.558355835583555, -6.816456645664561 ] ], [ [ 110.551005100510054, -6.816531653165323 ], [ 110.551080108010808, -6.816456645664574 ], [ 110.551080108010808, -6.816531653165323 ], [ 110.551005100510054, -6.816531653165323 ] ], [ [ 110.55370537053706, -6.816531653165309 ], [ 110.553780378037814, -6.816456645664568 ], [ 110.553780378037814, -6.816531653165324 ], [ 110.55370537053706, -6.816531653165309 ] ], [ [ 110.554380438043808, -6.816531653165316 ], [ 110.554455445544562, -6.816456645664564 ], [ 110.554455445544562, -6.816531653165312 ], [ 110.554380438043808, -6.816531653165316 ] ], [ [ 110.554605460546057, -6.816531653165312 ], [ 110.554680468046811, -6.816456645664568 ], [ 110.554680468046811, -6.816531653165315 ], [ 110.554605460546057, -6.816531653165312 ] ], [ [ 110.556630663066301, -6.81653165316532 ], [ 110.556705670567055, -6.816456645664568 ], [ 110.556705670567055, -6.816531653165313 ], [ 110.556630663066301, -6.81653165316532 ] ], [ [ 110.558430843084324, -6.816531653165314 ], [ 110.558505850585064, -6.816456645664561 ], [ 110.558505850585064, -6.816531653165317 ], [ 110.558430843084324, -6.816531653165314 ] ], [ [ 110.559330933093307, -6.816531653165323 ], [ 110.559405940594061, -6.816456645664566 ], [ 110.559405940594061, -6.816531653165316 ], [ 110.559330933093307, -6.816531653165323 ] ], [ [ 110.553630363036305, -6.816606660666067 ], [ 110.55370537053706, -6.816531653165309 ], [ 110.55370537053706, -6.816606660666065 ], [ 110.553630363036305, -6.816606660666067 ] ], [ [ 110.554005400540049, -6.816831683168317 ], [ 110.554380438043808, -6.816681668166815 ], [ 110.554005400540049, -6.816981698169809 ], [ 110.554005400540049, -6.816831683168317 ] ], [ [ 110.554530453045302, -6.816606660666074 ], [ 110.554605460546057, -6.816531653165312 ], [ 110.554605460546057, -6.816606660666073 ], [ 110.554530453045302, -6.816606660666074 ] ], [ [ 110.559255925592552, -6.816606660666066 ], [ 110.559330933093307, -6.816531653165323 ], [ 110.559330933093307, -6.816606660666063 ], [ 110.559255925592552, -6.816606660666066 ] ], [ [ 110.560156015601564, -6.81660666066607 ], [ 110.560231023102304, -6.816531653165322 ], [ 110.560231023102304, -6.816606660666076 ], [ 110.560156015601564, -6.81660666066607 ] ], [ [ 110.552055205520546, -6.816681668166822 ], [ 110.552130213021314, -6.816606660666075 ], [ 110.552130213021314, -6.816681668166813 ], [ 110.552055205520546, -6.816681668166822 ] ], [ [ 110.558055805580551, -6.81668166816681 ], [ 110.558130813081306, -6.816606660666068 ], [ 110.558130813081306, -6.816681668166821 ], [ 110.558055805580551, -6.81668166816681 ] ], [ [ 110.559180918091812, -6.81668166816681 ], [ 110.559255925592552, -6.816606660666066 ], [ 110.559255925592552, -6.816681668166814 ], [ 110.559180918091812, -6.81668166816681 ] ], [ [ 110.559480948094816, -6.816681668166812 ], [ 110.559555955595556, -6.816606660666062 ], [ 110.559555955595556, -6.816681668166816 ], [ 110.559480948094816, -6.816681668166812 ] ], [ [ 110.551980198019805, -6.816756675667563 ], [ 110.552055205520546, -6.816681668166822 ], [ 110.552055205520546, -6.816756675667572 ], [ 110.551980198019805, -6.816756675667563 ] ], [ [ 110.558430843084324, -6.816756675667561 ], [ 110.558505850585064, -6.816681668166809 ], [ 110.558505850585064, -6.816756675667561 ], [ 110.558430843084324, -6.816756675667561 ] ], [ [ 110.559405940594061, -6.816756675667563 ], [ 110.559480948094816, -6.816681668166812 ], [ 110.559480948094816, -6.816756675667573 ], [ 110.559405940594061, -6.816756675667563 ] ], [ [ 110.557830783078302, -6.816831683168322 ], [ 110.557980798079811, -6.816906690669064 ], [ 110.557830783078302, -6.816981698169809 ], [ 110.557830783078302, -6.816831683168322 ] ], [ [ 110.559105910591057, -6.816831683168317 ], [ 110.559180918091812, -6.816756675667565 ], [ 110.559180918091812, -6.816831683168309 ], [ 110.559105910591057, -6.816831683168317 ] ], [ [ 110.559330933093307, -6.816831683168315 ], [ 110.559405940594061, -6.816756675667563 ], [ 110.559405940594061, -6.816831683168315 ], [ 110.559330933093307, -6.816831683168315 ] ], [ [ 110.560006000600055, -6.816831683168314 ], [ 110.560081008100823, -6.816756675667563 ], [ 110.560081008100823, -6.816831683168321 ], [ 110.560006000600055, -6.816831683168314 ] ], [ [ 110.554305430543053, -6.816906690669065 ], [ 110.554380438043808, -6.816831683168316 ], [ 110.554380438043808, -6.816906690669064 ], [ 110.554305430543053, -6.816906690669065 ] ], [ [ 110.559030903090303, -6.816906690669068 ], [ 110.559105910591057, -6.816831683168317 ], [ 110.559105910591057, -6.816906690669065 ], [ 110.559030903090303, -6.816906690669068 ] ], [ [ 110.559930993099314, -6.816906690669065 ], [ 110.560006000600055, -6.816831683168314 ], [ 110.560006000600055, -6.816906690669063 ], [ 110.559930993099314, -6.816906690669065 ] ], [ [ 110.557380738073803, -6.816981698169814 ], [ 110.557455745574558, -6.816906690669062 ], [ 110.557455745574558, -6.816981698169815 ], [ 110.557380738073803, -6.816981698169814 ] ], [ [ 110.558955895589563, -6.817056705670567 ], [ 110.559030903090303, -6.816906690669068 ], [ 110.559030903090303, -6.817056705670571 ], [ 110.558955895589563, -6.817056705670567 ] ], [ [ 110.55985598559856, -6.817056705670572 ], [ 110.559930993099314, -6.816906690669065 ], [ 110.559930993099314, -6.81705670567057 ], [ 110.55985598559856, -6.817056705670572 ] ], [ [ 110.557305730573063, -6.817056705670561 ], [ 110.557380738073803, -6.816981698169814 ], [ 110.557380738073803, -6.817056705670571 ], [ 110.557305730573063, -6.817056705670561 ] ], [ [ 110.55370537053706, -6.817131713171326 ], [ 110.553780378037814, -6.817056705670566 ], [ 110.553780378037814, -6.817131713171313 ], [ 110.55370537053706, -6.817131713171326 ] ], [ [ 110.557005700570059, -6.817281728172814 ], [ 110.557305730573063, -6.817281728172826 ], [ 110.557080708070814, -6.817431743174313 ], [ 110.557005700570059, -6.817281728172814 ] ], [ [ 110.559405940594061, -6.817131713171324 ], [ 110.559630963096311, -6.817206720672076 ], [ 110.559405940594061, -6.817281728172815 ], [ 110.559405940594061, -6.817131713171324 ] ], [ [ 110.559630963096311, -6.817206720672076 ], [ 110.55985598559856, -6.817281728172818 ], [ 110.559630963096311, -6.817281728172815 ], [ 110.559630963096311, -6.817206720672076 ] ], [ [ 110.555130513051324, -6.817206720672067 ], [ 110.55520552055205, -6.817131713171316 ], [ 110.55520552055205, -6.817206720672075 ], [ 110.555130513051324, -6.817206720672067 ] ], [ [ 110.55685568556855, -6.817206720672073 ], [ 110.557005700570059, -6.817281728172814 ], [ 110.55685568556855, -6.817356735673572 ], [ 110.55685568556855, -6.817206720672073 ] ], [ [ 110.555055505550555, -6.817281728172823 ], [ 110.555130513051324, -6.817206720672067 ], [ 110.555130513051324, -6.817281728172826 ], [ 110.555055505550555, -6.817281728172823 ] ], [ [ 110.559930993099314, -6.81728172817282 ], [ 110.560006000600055, -6.817206720672059 ], [ 110.560006000600055, -6.817281728172816 ], [ 110.559930993099314, -6.81728172817282 ] ], [ [ 110.554905490549061, -6.817356735673569 ], [ 110.555055505550555, -6.817431743174311 ], [ 110.554905490549061, -6.817431743174323 ], [ 110.554905490549061, -6.817356735673569 ] ], [ [ 110.558730873087313, -6.817431743174322 ], [ 110.558805880588054, -6.817281728172817 ], [ 110.558805880588054, -6.817431743174327 ], [ 110.558730873087313, -6.817431743174322 ] ], [ [ 110.559555955595556, -6.817356735673574 ], [ 110.559630963096311, -6.817281728172815 ], [ 110.559630963096311, -6.81735673567356 ], [ 110.559555955595556, -6.817356735673574 ] ], [ [ 110.55985598559856, -6.817356735673568 ], [ 110.559930993099314, -6.81728172817282 ], [ 110.559930993099314, -6.817356735673568 ], [ 110.55985598559856, -6.817356735673568 ] ], [ [ 110.556780678067824, -6.817431743174312 ], [ 110.55685568556855, -6.817356735673572 ], [ 110.55685568556855, -6.817431743174311 ], [ 110.556780678067824, -6.817431743174312 ] ], [ [ 110.556930693069305, -6.81750675067506 ], [ 110.557005700570059, -6.817431743174311 ], [ 110.557005700570059, -6.817506750675074 ], [ 110.556930693069305, -6.81750675067506 ] ], [ [ 110.558505850585064, -6.81750675067507 ], [ 110.558580858085804, -6.817431743174318 ], [ 110.558580858085804, -6.817506750675069 ], [ 110.558505850585064, -6.81750675067507 ] ], [ [ 110.559780978097805, -6.817506750675065 ], [ 110.55985598559856, -6.817431743174326 ], [ 110.55985598559856, -6.817506750675069 ], [ 110.559780978097805, -6.817506750675065 ] ], [ [ 110.556630663066301, -6.817731773177321 ], [ 110.556780678067824, -6.817506750675072 ], [ 110.55685568556855, -6.817731773177315 ], [ 110.556630663066301, -6.817731773177321 ] ], [ [ 110.557080708070814, -6.817581758175814 ], [ 110.557155715571554, -6.817506750675071 ], [ 110.557155715571554, -6.817581758175826 ], [ 110.557080708070814, -6.817581758175814 ] ], [ [ 110.554530453045302, -6.817656765676571 ], [ 110.554605460546057, -6.817581758175818 ], [ 110.554605460546057, -6.817656765676563 ], [ 110.554530453045302, -6.817656765676571 ] ], [ [ 110.558580858085804, -6.817656765676565 ], [ 110.558655865586559, -6.81758175817581 ], [ 110.558655865586559, -6.817656765676568 ], [ 110.558580858085804, -6.817656765676565 ] ], [ [ 110.560156015601564, -6.817656765676563 ], [ 110.560231023102304, -6.817581758175812 ], [ 110.560231023102304, -6.817656765676563 ], [ 110.560156015601564, -6.817656765676563 ] ], [ [ 110.550330033003306, -6.817731773177325 ], [ 110.550405040504046, -6.817656765676572 ], [ 110.550405040504046, -6.81773177317731 ], [ 110.550330033003306, -6.817731773177325 ] ], [ [ 110.555055505550555, -6.81773177317731 ], [ 110.555130513051324, -6.81765676567657 ], [ 110.555130513051324, -6.817731773177324 ], [ 110.555055505550555, -6.81773177317731 ] ], [ [ 110.550255025502551, -6.817806780678063 ], [ 110.550330033003306, -6.817731773177325 ], [ 110.550330033003306, -6.817806780678072 ], [ 110.550255025502551, -6.817806780678063 ] ], [ [ 110.554755475547552, -6.81788178817881 ], [ 110.554905490549061, -6.817806780678063 ], [ 110.554905490549061, -6.817956795679564 ], [ 110.554755475547552, -6.81788178817881 ] ], [ [ 110.556930693069305, -6.817806780678072 ], [ 110.557005700570059, -6.817731773177311 ], [ 110.557005700570059, -6.817806780678061 ], [ 110.556930693069305, -6.817806780678072 ] ], [ [ 110.557155715571554, -6.817806780678068 ], [ 110.557230723072308, -6.817731773177321 ], [ 110.557230723072308, -6.817806780678058 ], [ 110.557155715571554, -6.817806780678068 ] ], [ [ 110.559780978097805, -6.818106810681069 ], [ 110.560306030603059, -6.817881788178812 ], [ 110.55985598559856, -6.81825682568256 ], [ 110.559780978097805, -6.818106810681069 ] ], [ [ 110.555430543054314, -6.81788178817882 ], [ 110.555505550555054, -6.817806780678058 ], [ 110.555505550555054, -6.81788178817881 ], [ 110.555430543054314, -6.81788178817882 ] ], [ [ 110.556705670567055, -6.81788178817882 ], [ 110.556780678067824, -6.817806780678072 ], [ 110.556780678067824, -6.81788178817882 ], [ 110.556705670567055, -6.81788178817882 ] ], [ [ 110.55685568556855, -6.817956795679567 ], [ 110.556930693069305, -6.817806780678072 ], [ 110.556930693069305, -6.817956795679565 ], [ 110.55685568556855, -6.817956795679567 ] ], [ [ 110.560456045604568, -6.817881788178819 ], [ 110.560531053105308, -6.817806780678065 ], [ 110.560531053105308, -6.817881788178816 ], [ 110.560456045604568, -6.817881788178819 ] ], [ [ 110.555355535553559, -6.817956795679567 ], [ 110.555430543054314, -6.81788178817882 ], [ 110.555430543054314, -6.817956795679572 ], [ 110.555355535553559, -6.817956795679567 ] ], [ [ 110.557080708070814, -6.817956795679567 ], [ 110.557155715571554, -6.817881788178824 ], [ 110.557155715571554, -6.817956795679568 ], [ 110.557080708070814, -6.817956795679567 ] ], [ [ 110.556630663066301, -6.818031803180313 ], [ 110.556705670567055, -6.817956795679571 ], [ 110.556705670567055, -6.818031803180312 ], [ 110.556630663066301, -6.818031803180313 ] ], [ [ 110.556780678067824, -6.818031803180316 ], [ 110.55685568556855, -6.817956795679567 ], [ 110.55685568556855, -6.818031803180311 ], [ 110.556780678067824, -6.818031803180316 ] ], [ [ 110.557005700570059, -6.818031803180319 ], [ 110.557080708070814, -6.817956795679567 ], [ 110.557080708070814, -6.818031803180316 ], [ 110.557005700570059, -6.818031803180319 ] ], [ [ 110.557230723072308, -6.818031803180312 ], [ 110.557305730573063, -6.817956795679576 ], [ 110.557305730573063, -6.81803180318031 ], [ 110.557230723072308, -6.818031803180312 ] ], [ [ 110.558280828082815, -6.818106810681066 ], [ 110.558355835583555, -6.817956795679576 ], [ 110.558430843084324, -6.818106810681064 ], [ 110.558280828082815, -6.818106810681066 ] ], [ [ 110.55655565556556, -6.818106810681061 ], [ 110.556630663066301, -6.818031803180313 ], [ 110.556630663066301, -6.818106810681073 ], [ 110.55655565556556, -6.818106810681061 ] ], [ [ 110.557155715571554, -6.818106810681073 ], [ 110.557230723072308, -6.818031803180312 ], [ 110.557230723072308, -6.818106810681068 ], [ 110.557155715571554, -6.818106810681073 ] ], [ [ 110.560381038103813, -6.818106810681069 ], [ 110.560456045604568, -6.81803180318031 ], [ 110.560456045604568, -6.818106810681062 ], [ 110.560381038103813, -6.818106810681069 ] ], [ [ 110.555580558055809, -6.818181818181821 ], [ 110.555655565556549, -6.818106810681061 ], [ 110.555655565556549, -6.818181818181823 ], [ 110.555580558055809, -6.818181818181821 ] ], [ [ 110.556705670567055, -6.818181818181822 ], [ 110.556780678067824, -6.818106810681063 ], [ 110.556780678067824, -6.818181818181814 ], [ 110.556705670567055, -6.818181818181822 ] ], [ [ 110.556930693069305, -6.818181818181817 ], [ 110.557005700570059, -6.818106810681071 ], [ 110.557005700570059, -6.818181818181809 ], [ 110.556930693069305, -6.818181818181817 ] ], [ [ 110.560306030603059, -6.818256825682565 ], [ 110.560381038103813, -6.818106810681069 ], [ 110.560381038103813, -6.81825682568256 ], [ 110.560306030603059, -6.818256825682565 ] ], [ [ 110.555055505550555, -6.818256825682568 ], [ 110.555130513051324, -6.81818181818181 ], [ 110.555130513051324, -6.818256825682564 ], [ 110.555055505550555, -6.818256825682568 ] ], [ [ 110.555280528052805, -6.818256825682576 ], [ 110.555355535553559, -6.818181818181823 ], [ 110.555355535553559, -6.818256825682572 ], [ 110.555280528052805, -6.818256825682576 ] ], [ [ 110.556630663066301, -6.818256825682573 ], [ 110.556705670567055, -6.818181818181822 ], [ 110.556705670567055, -6.81825682568256 ], [ 110.556630663066301, -6.818256825682573 ] ], [ [ 110.556780678067824, -6.818331833183315 ], [ 110.557230723072308, -6.818331833183312 ], [ 110.55685568556855, -6.818556855685567 ], [ 110.556780678067824, -6.818331833183315 ] ], [ [ 110.555130513051324, -6.818331833183322 ], [ 110.55520552055205, -6.818256825682566 ], [ 110.55520552055205, -6.818331833183311 ], [ 110.555130513051324, -6.818331833183322 ] ], [ [ 110.555355535553559, -6.818331833183311 ], [ 110.555430543054314, -6.818256825682576 ], [ 110.555430543054314, -6.818331833183318 ], [ 110.555355535553559, -6.818331833183311 ] ], [ [ 110.556180618061802, -6.818331833183314 ], [ 110.556255625562557, -6.818256825682572 ], [ 110.556255625562557, -6.818331833183318 ], [ 110.556180618061802, -6.818331833183314 ] ], [ [ 110.551230123012303, -6.81840684068407 ], [ 110.551380138013798, -6.818331833183311 ], [ 110.551380138013798, -6.818406840684075 ], [ 110.551230123012303, -6.81840684068407 ] ], [ [ 110.55655565556556, -6.818406840684072 ], [ 110.556630663066301, -6.818331833183312 ], [ 110.556630663066301, -6.818406840684075 ], [ 110.55655565556556, -6.818406840684072 ] ], [ [ 110.557230723072308, -6.818406840684069 ], [ 110.557305730573063, -6.818331833183315 ], [ 110.557305730573063, -6.818406840684074 ], [ 110.557230723072308, -6.818406840684069 ] ], [ [ 110.558880888088808, -6.818406840684061 ], [ 110.558955895589563, -6.818331833183325 ], [ 110.558955895589563, -6.818406840684074 ], [ 110.558880888088808, -6.818406840684061 ] ], [ [ 110.557305730573063, -6.81848184818482 ], [ 110.557380738073803, -6.818406840684067 ], [ 110.557380738073803, -6.818481848184813 ], [ 110.557305730573063, -6.81848184818482 ] ], [ [ 110.557080708070814, -6.81855685568557 ], [ 110.557155715571554, -6.818481848184815 ], [ 110.557155715571554, -6.818556855685564 ], [ 110.557080708070814, -6.81855685568557 ] ], [ [ 110.557380738073803, -6.818556855685566 ], [ 110.557455745574558, -6.818481848184813 ], [ 110.557455745574558, -6.818556855685567 ], [ 110.557380738073803, -6.818556855685566 ] ], [ [ 110.55070507050705, -6.818631863186312 ], [ 110.550780078007804, -6.818556855685569 ], [ 110.550780078007804, -6.818631863186324 ], [ 110.55070507050705, -6.818631863186312 ] ], [ [ 110.556630663066301, -6.818631863186323 ], [ 110.556705670567055, -6.818556855685576 ], [ 110.556705670567055, -6.818631863186321 ], [ 110.556630663066301, -6.818631863186323 ] ], [ [ 110.556705670567055, -6.818631863186321 ], [ 110.55685568556855, -6.818706870687069 ], [ 110.556705670567055, -6.818706870687071 ], [ 110.556705670567055, -6.818631863186321 ] ], [ [ 110.56150615061506, -6.818631863186312 ], [ 110.561581158115814, -6.818556855685566 ], [ 110.561581158115814, -6.818631863186322 ], [ 110.56150615061506, -6.818631863186312 ] ], [ [ 110.550855085508545, -6.818706870687063 ], [ 110.550930093009299, -6.818631863186314 ], [ 110.550930093009299, -6.818706870687065 ], [ 110.550855085508545, -6.818706870687063 ] ], [ [ 110.556255625562557, -6.818706870687068 ], [ 110.556330633063311, -6.818631863186319 ], [ 110.556330633063311, -6.818706870687074 ], [ 110.556255625562557, -6.818706870687068 ] ], [ [ 110.562106210621067, -6.818706870687071 ], [ 110.562181218121808, -6.818631863186326 ], [ 110.562181218121808, -6.818706870687067 ], [ 110.562106210621067, -6.818706870687071 ] ], [ [ 110.556180618061802, -6.818781878187819 ], [ 110.556255625562557, -6.818706870687068 ], [ 110.556255625562557, -6.818781878187823 ], [ 110.556180618061802, -6.818781878187819 ] ], [ [ 110.556330633063311, -6.818856885688565 ], [ 110.556480648064806, -6.81885688568857 ], [ 110.556255625562557, -6.818931893189319 ], [ 110.556330633063311, -6.818856885688565 ] ], [ [ 110.556480648064806, -6.81885688568857 ], [ 110.556705670567055, -6.818931893189314 ], [ 110.556480648064806, -6.819006900690074 ], [ 110.556480648064806, -6.81885688568857 ] ], [ [ 110.559705970597065, -6.818931893189322 ], [ 110.559780978097805, -6.81885688568857 ], [ 110.559780978097805, -6.818931893189327 ], [ 110.559705970597065, -6.818931893189322 ] ], [ [ 110.561056105610575, -6.819006900690074 ], [ 110.561131113111315, -6.818931893189312 ], [ 110.561131113111315, -6.81900690069006 ], [ 110.561056105610575, -6.819006900690074 ] ], [ [ 110.555430543054314, -6.819081908190814 ], [ 110.555505550555054, -6.819006900690074 ], [ 110.555505550555054, -6.819081908190818 ], [ 110.555430543054314, -6.819081908190814 ] ], [ [ 110.559705970597065, -6.819231923192316 ], [ 110.559780978097805, -6.819156915691567 ], [ 110.559780978097805, -6.819231923192324 ], [ 110.559705970597065, -6.819231923192316 ] ], [ [ 110.561956195619558, -6.819306930693074 ], [ 110.562031203120313, -6.819231923192314 ], [ 110.562031203120313, -6.819306930693074 ], [ 110.561956195619558, -6.819306930693074 ] ], [ [ 110.555880588058812, -6.819831983198323 ], [ 110.555955595559553, -6.819756975697574 ], [ 110.555955595559553, -6.819831983198319 ], [ 110.555880588058812, -6.819831983198323 ] ], [ [ 110.560081008100823, -6.819831983198328 ], [ 110.560156015601564, -6.819756975697568 ], [ 110.560156015601564, -6.819831983198327 ], [ 110.560081008100823, -6.819831983198328 ] ], [ [ 110.555580558055809, -6.819906990699072 ], [ 110.555655565556549, -6.819831983198321 ], [ 110.555655565556549, -6.819906990699073 ], [ 110.555580558055809, -6.819906990699072 ] ], [ [ 110.555955595559553, -6.819906990699068 ], [ 110.556030603060307, -6.819831983198318 ], [ 110.556030603060307, -6.819906990699073 ], [ 110.555955595559553, -6.819906990699068 ] ], [ [ 110.556030603060307, -6.819981998199812 ], [ 110.556105610561062, -6.819906990699076 ], [ 110.556105610561062, -6.819981998199821 ], [ 110.556030603060307, -6.819981998199812 ] ], [ [ 110.556105610561062, -6.820057005700568 ], [ 110.556180618061802, -6.819981998199815 ], [ 110.556180618061802, -6.820057005700566 ], [ 110.556105610561062, -6.820057005700568 ] ], [ [ 110.556255625562557, -6.820132013201325 ], [ 110.556330633063311, -6.82005700570057 ], [ 110.556330633063311, -6.820132013201314 ], [ 110.556255625562557, -6.820132013201325 ] ], [ [ 110.556330633063311, -6.820207020702065 ], [ 110.556405640564051, -6.820132013201325 ], [ 110.556405640564051, -6.820207020702076 ], [ 110.556330633063311, -6.820207020702065 ] ], [ [ 110.555055505550555, -6.820282028202823 ], [ 110.555130513051324, -6.820207020702078 ], [ 110.555130513051324, -6.820282028202826 ], [ 110.555055505550555, -6.820282028202823 ] ], [ [ 110.559480948094816, -6.820282028202813 ], [ 110.559630963096311, -6.820207020702068 ], [ 110.559630963096311, -6.820282028202813 ], [ 110.559480948094816, -6.820282028202813 ] ], [ [ 110.559405940594061, -6.820357035703566 ], [ 110.559480948094816, -6.820282028202813 ], [ 110.559480948094816, -6.820357035703569 ], [ 110.559405940594061, -6.820357035703566 ] ], [ [ 110.559330933093307, -6.820432043204317 ], [ 110.559405940594061, -6.820357035703566 ], [ 110.559405940594061, -6.820432043204312 ], [ 110.559330933093307, -6.820432043204317 ] ], [ [ 110.559255925592552, -6.820507050705077 ], [ 110.559330933093307, -6.820432043204317 ], [ 110.559330933093307, -6.82050705070507 ], [ 110.559255925592552, -6.820507050705077 ] ], [ [ 110.557905790579056, -6.820732073207318 ], [ 110.557980798079811, -6.820657065706562 ], [ 110.557980798079811, -6.82073207320732 ], [ 110.557905790579056, -6.820732073207318 ] ], [ [ 110.557455745574558, -6.821182118211818 ], [ 110.557530753075312, -6.821107110711075 ], [ 110.557530753075312, -6.821182118211827 ], [ 110.557455745574558, -6.821182118211818 ] ], [ [ 110.560006000600055, -6.821557155715573 ], [ 110.560156015601564, -6.821407140714072 ], [ 110.560081008100823, -6.821557155715571 ], [ 110.560006000600055, -6.821557155715573 ] ], [ [ 110.560006000600055, -6.821707170717069 ], [ 110.560081008100823, -6.821632163216313 ], [ 110.560081008100823, -6.821707170717076 ], [ 110.560006000600055, -6.821707170717069 ] ], [ [ 110.559930993099314, -6.821782178217821 ], [ 110.560006000600055, -6.821707170717069 ], [ 110.560006000600055, -6.821782178217824 ], [ 110.559930993099314, -6.821782178217821 ] ], [ [ 110.553180318031806, -6.821857185718577 ], [ 110.553255325532547, -6.821782178217817 ], [ 110.553255325532547, -6.821857185718578 ], [ 110.553180318031806, -6.821857185718577 ] ], [ [ 110.553105310531052, -6.821932193219325 ], [ 110.553180318031806, -6.821857185718577 ], [ 110.553180318031806, -6.821932193219317 ], [ 110.553105310531052, -6.821932193219325 ] ], [ [ 110.554305430543053, -6.821932193219328 ], [ 110.554380438043808, -6.821857185718569 ], [ 110.554380438043808, -6.821932193219315 ], [ 110.554305430543053, -6.821932193219328 ] ], [ [ 110.55985598559856, -6.821932193219323 ], [ 110.559930993099314, -6.821857185718567 ], [ 110.559930993099314, -6.821932193219317 ], [ 110.55985598559856, -6.821932193219323 ] ], [ [ 110.553480348034824, -6.822007200720074 ], [ 110.553555355535551, -6.821932193219325 ], [ 110.553555355535551, -6.822007200720074 ], [ 110.553480348034824, -6.822007200720074 ] ], [ [ 110.554230423042299, -6.822007200720078 ], [ 110.554305430543053, -6.821932193219328 ], [ 110.554305430543053, -6.822007200720075 ], [ 110.554230423042299, -6.822007200720078 ] ], [ [ 110.560006000600055, -6.822007200720065 ], [ 110.560081008100823, -6.821932193219325 ], [ 110.560081008100823, -6.822007200720072 ], [ 110.560006000600055, -6.822007200720065 ] ], [ [ 110.554005400540049, -6.822457245724577 ], [ 110.554080408040804, -6.82238223822382 ], [ 110.554080408040804, -6.822457245724576 ], [ 110.554005400540049, -6.822457245724577 ] ], [ [ 110.553630363036305, -6.822532253225328 ], [ 110.55370537053706, -6.822457245724579 ], [ 110.55370537053706, -6.822532253225325 ], [ 110.553630363036305, -6.822532253225328 ] ], [ [ 110.55370537053706, -6.822607260726073 ], [ 110.553780378037814, -6.82253225322532 ], [ 110.553780378037814, -6.822607260726075 ], [ 110.55370537053706, -6.822607260726073 ] ], [ [ 110.553780378037814, -6.82275727572757 ], [ 110.553930393039309, -6.822607260726076 ], [ 110.553855385538554, -6.822757275727568 ], [ 110.553780378037814, -6.82275727572757 ] ], [ [ 110.55370537053706, -6.822832283228319 ], [ 110.553780378037814, -6.82275727572757 ], [ 110.553780378037814, -6.822832283228324 ], [ 110.55370537053706, -6.822832283228319 ] ], [ [ 110.553555355535551, -6.82305730573058 ], [ 110.553630363036305, -6.822982298229823 ], [ 110.553630363036305, -6.823057305730578 ], [ 110.553555355535551, -6.82305730573058 ] ], [ [ 110.553480348034824, -6.823132313231326 ], [ 110.553555355535551, -6.82305730573058 ], [ 110.553555355535551, -6.823132313231316 ], [ 110.553480348034824, -6.823132313231326 ] ], [ [ 110.553105310531052, -6.823282328232823 ], [ 110.553180318031806, -6.823207320732065 ], [ 110.553180318031806, -6.823282328232822 ], [ 110.553105310531052, -6.823282328232823 ] ], [ [ 110.553405340534056, -6.823282328232822 ], [ 110.553480348034824, -6.823207320732075 ], [ 110.553480348034824, -6.823282328232829 ], [ 110.553405340534056, -6.823282328232822 ] ], [ [ 110.553330333033301, -6.823357335733575 ], [ 110.553405340534056, -6.823282328232822 ], [ 110.553405340534056, -6.823357335733573 ], [ 110.553330333033301, -6.823357335733575 ] ], [ [ 110.548379837983802, -6.823882388238817 ], [ 110.548454845484542, -6.823807380738069 ], [ 110.548454845484542, -6.823882388238829 ], [ 110.548379837983802, -6.823882388238817 ] ], [ [ 110.553030303030297, -6.823882388238817 ], [ 110.553105310531052, -6.823807380738081 ], [ 110.553105310531052, -6.823882388238816 ], [ 110.553030303030297, -6.823882388238817 ] ], [ [ 110.552355235523549, -6.825082508250821 ], [ 110.553405340534056, -6.824707470747074 ], [ 110.552505250525073, -6.826132613261331 ], [ 110.552355235523549, -6.825082508250821 ] ], [ [ 110.552130213021314, -6.824707470747081 ], [ 110.552205220522055, -6.824632463246324 ], [ 110.552205220522055, -6.824707470747073 ], [ 110.552130213021314, -6.824707470747081 ] ], [ [ 110.552130213021314, -6.825082508250834 ], [ 110.552205220522055, -6.825007500750069 ], [ 110.552205220522055, -6.825082508250825 ], [ 110.552130213021314, -6.825082508250834 ] ], [ [ 110.552055205520546, -6.82515751575158 ], [ 110.552130213021314, -6.825082508250834 ], [ 110.552130213021314, -6.825157515751568 ], [ 110.552055205520546, -6.82515751575158 ] ], [ [ 110.551980198019805, -6.825232523252323 ], [ 110.552055205520546, -6.82515751575158 ], [ 110.552055205520546, -6.825232523252327 ], [ 110.551980198019805, -6.825232523252323 ] ], [ [ 110.551680168016802, -6.825907590759076 ], [ 110.551755175517556, -6.825832583258329 ], [ 110.551755175517556, -6.825907590759076 ], [ 110.551680168016802, -6.825907590759076 ] ], [ [ 110.553105310531052, -6.825982598259825 ], [ 110.553180318031806, -6.825832583258316 ], [ 110.553180318031806, -6.825982598259821 ], [ 110.553105310531052, -6.825982598259825 ] ], [ [ 110.551455145514552, -6.826057605760576 ], [ 110.551530153015307, -6.825982598259825 ], [ 110.551530153015307, -6.826057605760568 ], [ 110.551455145514552, -6.826057605760576 ] ], [ [ 110.547254725472541, -6.826207620762084 ], [ 110.547329732973296, -6.826057605760569 ], [ 110.547329732973296, -6.826207620762071 ], [ 110.547254725472541, -6.826207620762084 ] ], [ [ 110.5476297629763, -6.826207620762069 ], [ 110.547704770477054, -6.826057605760579 ], [ 110.547704770477054, -6.826207620762071 ], [ 110.5476297629763, -6.826207620762069 ] ], [ [ 110.547179717971801, -6.826282628262828 ], [ 110.547254725472541, -6.826207620762084 ], [ 110.547254725472541, -6.826282628262824 ], [ 110.547179717971801, -6.826282628262828 ] ], [ [ 110.547554755475545, -6.82628262826282 ], [ 110.5476297629763, -6.826207620762069 ], [ 110.5476297629763, -6.826282628262828 ], [ 110.547554755475545, -6.82628262826282 ] ], [ [ 110.551230123012303, -6.826657665766583 ], [ 110.551305130513057, -6.82658265826582 ], [ 110.551305130513057, -6.826657665766566 ], [ 110.551230123012303, -6.826657665766583 ] ], [ [ 110.551155115511563, -6.82680768076807 ], [ 110.551230123012303, -6.826657665766583 ], [ 110.551230123012303, -6.826807680768083 ], [ 110.551155115511563, -6.82680768076807 ] ], [ [ 110.552730273027308, -6.826732673267331 ], [ 110.552805280528062, -6.826657665766569 ], [ 110.552805280528062, -6.826732673267328 ], [ 110.552730273027308, -6.826732673267331 ] ], [ [ 110.549579957995803, -6.826882688268832 ], [ 110.549879987998793, -6.826732673267328 ], [ 110.549879987998793, -6.826882688268821 ], [ 110.549579957995803, -6.826882688268832 ] ], [ [ 110.552880288028803, -6.826807680768074 ], [ 110.552955295529557, -6.826732673267334 ], [ 110.552955295529557, -6.826807680768081 ], [ 110.552880288028803, -6.826807680768074 ] ], [ [ 110.551005100510054, -6.826957695769572 ], [ 110.551080108010808, -6.826882688268824 ], [ 110.551080108010808, -6.826957695769575 ], [ 110.551005100510054, -6.826957695769572 ] ], [ [ 110.551455145514552, -6.826957695769575 ], [ 110.551530153015307, -6.826882688268831 ], [ 110.551530153015307, -6.826957695769577 ], [ 110.551455145514552, -6.826957695769575 ] ], [ [ 110.549654965496543, -6.827032703270331 ], [ 110.549729972997298, -6.826957695769569 ], [ 110.549729972997298, -6.827032703270334 ], [ 110.549654965496543, -6.827032703270331 ] ], [ [ 110.549579957995803, -6.827257725772574 ], [ 110.549654965496543, -6.82710771077107 ], [ 110.549654965496543, -6.827257725772578 ], [ 110.549579957995803, -6.827257725772574 ] ], [ [ 110.55070507050705, -6.82740774077408 ], [ 110.550780078007804, -6.827332733273322 ], [ 110.550780078007804, -6.827407740774069 ], [ 110.55070507050705, -6.82740774077408 ] ], [ [ 110.549429942994294, -6.827707770777072 ], [ 110.549504950495063, -6.82755775577557 ], [ 110.549504950495063, -6.827707770777077 ], [ 110.549429942994294, -6.827707770777072 ] ] ] } },
{ "type": "Feature", "properties": { "year": 2025, "layer": "atrisk" }, "geometry": { "type": "Polygon", "coordinates": [ [ [ 110.551830183018296, -6.829432943294327 ], [ 110.551005100510054, -6.82950795079508 ], [ 110.553030303030297, -6.829957995799583 ], [ 110.551830183018296, -6.829432943294327 ] ] ] } },
{ "type": "Feature", "properties": { "year": 2025, "layer": "atrisk" }, "geometry": { "type": "Polygon", "coordinates": [ [ [ 110.543579357935812, -6.81990699069907 ], [ 110.536303630363051, -6.827632763276318 ], [ 110.53847884788479, -6.832208220822077 ], [ 110.542829282928295, -6.833858385838587 ], [ 110.542229222922302, -6.83520852085208 ], [ 110.541179117911796, -6.833708370837082 ], [ 110.537878787878782, -6.832208220822091 ], [ 110.536303630363051, -6.827857785778586 ], [ 110.535553555355534, -6.827557755775574 ], [ 110.530453045304526, -6.83243324332434 ], [ 110.532928292829283, -6.834833483348337 ], [ 110.535028502850281, -6.831983198319838 ], [ 110.533603360336031, -6.836183618361829 ], [ 110.529702970297024, -6.832358235823581 ], [ 110.520102010201029, -6.834983498349827 ], [ 110.523402340234028, -6.838508850885088 ], [ 110.527527752775271, -6.839333933393331 ], [ 110.528727872787272, -6.845334533453344 ], [ 110.529927992799287, -6.84563456345635 ], [ 110.528877887788781, -6.84593459345934 ], [ 110.528202820282033, -6.844884488448843 ], [ 110.52767776777678, -6.847959795979599 ], [ 110.53052805280528, -6.845634563456355 ], [ 110.534878487848786, -6.849534953495342 ], [ 110.537728772877287, -6.846609660966095 ], [ 110.539828982898285, -6.843234323432345 ], [ 110.538328832883295, -6.841884188418835 ], [ 110.536528652865286, -6.843009300930086 ], [ 110.538028802880291, -6.841734173417345 ], [ 110.53825382538254, -6.840834083408333 ], [ 110.537278727872803, -6.839633963396346 ], [ 110.535403540354039, -6.838733873387342 ], [ 110.532703270327033, -6.838583858385832 ], [ 110.535853585358538, -6.838583858385839 ], [ 110.53690369036903, -6.839183918391835 ], [ 110.540504050405048, -6.842184218421835 ], [ 110.536003600360033, -6.838133813381342 ], [ 110.539678967896791, -6.840384038403841 ], [ 110.538928892889302, -6.839258925892585 ], [ 110.539453945394541, -6.83903390339033 ], [ 110.541254125412536, -6.840534053405336 ], [ 110.542754275427541, -6.834383438343829 ], [ 110.547254725472541, -6.833033303330337 ], [ 110.545004500450048, -6.831758175817574 ], [ 110.546579657965793, -6.828082808280819 ], [ 110.545604560456042, -6.826657665766571 ], [ 110.547704770477054, -6.827932793279329 ], [ 110.546129612961295, -6.831683168316835 ], [ 110.547779777977794, -6.833183318331836 ], [ 110.550930093009299, -6.831908190819084 ], [ 110.550405040504046, -6.830858085808576 ], [ 110.549279927992799, -6.831083108310828 ], [ 110.548829882988301, -6.827857785778571 ], [ 110.543729372937293, -6.824482448244829 ], [ 110.544779477947799, -6.821032103210314 ], [ 110.543579357935812, -6.81990699069907 ] ], [ [ 110.542454245424537, -6.824932493249324 ], [ 110.542604260426046, -6.82485748574857 ], [ 110.542604260426046, -6.824932493249318 ], [ 110.542454245424537, -6.824932493249324 ] ], [ [ 110.54132913291329, -6.82583258325832 ], [ 110.542454245424537, -6.825157515751576 ], [ 110.541404140414045, -6.826057605760577 ], [ 110.54132913291329, -6.82583258325832 ] ], [ [ 110.542604260426046, -6.825232523252325 ], [ 110.542754275427541, -6.825082508250821 ], [ 110.542754275427541, -6.825232523252333 ], [ 110.542604260426046, -6.825232523252325 ] ], [ [ 110.541254125412536, -6.825982598259818 ], [ 110.54132913291329, -6.82590759075908 ], [ 110.54132913291329, -6.82598259825983 ], [ 110.541254125412536, -6.825982598259818 ] ], [ [ 110.539378937893787, -6.827407740774084 ], [ 110.541254125412536, -6.826057605760577 ], [ 110.540879087908792, -6.826657665766574 ], [ 110.539378937893787, -6.827407740774084 ] ], [ [ 110.54132913291329, -6.826132613261324 ], [ 110.541404140414045, -6.826057605760577 ], [ 110.541404140414045, -6.826132613261331 ], [ 110.54132913291329, -6.826132613261324 ] ], [ [ 110.544929492949294, -6.826807680768073 ], [ 110.545454545454547, -6.826732673267333 ], [ 110.545004500450048, -6.827032703270324 ], [ 110.544929492949294, -6.826807680768073 ] ], [ [ 110.539753975397545, -6.82688268826883 ], [ 110.539828982898285, -6.826807680768075 ], [ 110.539828982898285, -6.826882688268822 ], [ 110.539753975397545, -6.82688268826883 ] ], [ [ 110.539378937893787, -6.827557755775577 ], [ 110.539453945394541, -6.827482748274831 ], [ 110.539453945394541, -6.827557755775569 ], [ 110.539378937893787, -6.827557755775577 ] ], [ [ 110.539153915391537, -6.827707770777085 ], [ 110.539228922892292, -6.827632763276329 ], [ 110.539228922892292, -6.827707770777084 ], [ 110.539153915391537, -6.827707770777085 ] ], [ [ 110.538928892889302, -6.827782778277826 ], [ 110.539003900390043, -6.827707770777087 ], [ 110.539003900390043, -6.827782778277837 ], [ 110.538928892889302, -6.827782778277826 ] ], [ [ 110.539078907890783, -6.82778277827782 ], [ 110.539153915391537, -6.827707770777085 ], [ 110.539153915391537, -6.827782778277828 ], [ 110.539078907890783, -6.82778277827782 ] ], [ [ 110.538778877887793, -6.827857785778583 ], [ 110.538853885388534, -6.827782778277821 ], [ 110.538853885388534, -6.827857785778579 ], [ 110.538778877887793, -6.827857785778583 ] ], [ [ 110.539003900390043, -6.827857785778575 ], [ 110.539078907890783, -6.82778277827782 ], [ 110.539078907890783, -6.827857785778573 ], [ 110.539003900390043, -6.827857785778575 ] ], [ [ 110.538703870387039, -6.827932793279326 ], [ 110.538778877887793, -6.827857785778583 ], [ 110.538778877887793, -6.827932793279331 ], [ 110.538703870387039, -6.827932793279326 ] ], [ [ 110.538928892889302, -6.827932793279326 ], [ 110.539003900390043, -6.827857785778575 ], [ 110.539003900390043, -6.827932793279332 ], [ 110.538928892889302, -6.827932793279326 ] ], [ [ 110.538778877887793, -6.828007800780084 ], [ 110.538853885388534, -6.827932793279325 ], [ 110.538853885388534, -6.828007800780076 ], [ 110.538778877887793, -6.828007800780084 ] ], [ [ 110.536078607860787, -6.828082808280823 ], [ 110.536153615361542, -6.828007800780082 ], [ 110.536153615361542, -6.828082808280823 ], [ 110.536078607860787, -6.828082808280823 ] ], [ [ 110.538328832883295, -6.828307830783084 ], [ 110.538403840384035, -6.828232823282322 ], [ 110.538403840384035, -6.828307830783084 ], [ 110.538328832883295, -6.828307830783084 ] ], [ [ 110.538178817881786, -6.828382838283835 ], [ 110.53825382538254, -6.828307830783071 ], [ 110.53825382538254, -6.828382838283822 ], [ 110.538178817881786, -6.828382838283835 ] ], [ [ 110.538028802880291, -6.828457845784583 ], [ 110.538178817881786, -6.828382838283835 ], [ 110.538178817881786, -6.828457845784574 ], [ 110.538028802880291, -6.828457845784583 ] ], [ [ 110.537728772877287, -6.82853285328533 ], [ 110.537803780378042, -6.828457845784571 ], [ 110.537803780378042, -6.828532853285334 ], [ 110.537728772877287, -6.82853285328533 ] ], [ [ 110.537953795379551, -6.828532853285325 ], [ 110.538028802880291, -6.828457845784583 ], [ 110.538028802880291, -6.828532853285329 ], [ 110.537953795379551, -6.828532853285325 ] ], [ [ 110.537878787878782, -6.828607860786077 ], [ 110.537953795379551, -6.828532853285325 ], [ 110.537953795379551, -6.828607860786074 ], [ 110.537878787878782, -6.828607860786077 ] ], [ [ 110.537503750375038, -6.828682868286823 ], [ 110.537578757875792, -6.828607860786073 ], [ 110.537578757875792, -6.828682868286829 ], [ 110.537503750375038, -6.828682868286823 ] ], [ [ 110.537728772877287, -6.82868286828682 ], [ 110.537803780378042, -6.828607860786084 ], [ 110.537803780378042, -6.828682868286823 ], [ 110.537728772877287, -6.82868286828682 ] ], [ [ 110.537353735373543, -6.828757875787586 ], [ 110.537503750375038, -6.828682868286823 ], [ 110.537503750375038, -6.828757875787582 ], [ 110.537353735373543, -6.828757875787586 ] ], [ [ 110.545004500450048, -6.829357935793586 ], [ 110.545079507950788, -6.82928292829282 ], [ 110.545079507950788, -6.829357935793585 ], [ 110.545004500450048, -6.829357935793586 ] ], [ [ 110.544104410441051, -6.829732973297332 ], [ 110.544179417941791, -6.829657965796589 ], [ 110.544179417941791, -6.829732973297329 ], [ 110.544104410441051, -6.829732973297332 ] ], [ [ 110.544029402940296, -6.829957995799587 ], [ 110.544104410441051, -6.829882988298833 ], [ 110.544104410441051, -6.829957995799582 ], [ 110.544029402940296, -6.829957995799587 ] ], [ [ 110.548904890489055, -6.831383138313825 ], [ 110.549279927992799, -6.831158115811585 ], [ 110.548904890489055, -6.831683168316833 ], [ 110.548904890489055, -6.831383138313825 ] ], [ [ 110.548754875487546, -6.831908190819081 ], [ 110.548829882988301, -6.83183318331833 ], [ 110.548829882988301, -6.831908190819079 ], [ 110.548754875487546, -6.831908190819081 ] ], [ [ 110.535028502850281, -6.831983198319838 ], [ 110.535103510351036, -6.831908190819074 ], [ 110.535103510351036, -6.831983198319834 ], [ 110.535028502850281, -6.831983198319838 ] ], [ [ 110.548679867986792, -6.832058205820584 ], [ 110.548754875487546, -6.831983198319834 ], [ 110.548754875487546, -6.832058205820577 ], [ 110.548679867986792, -6.832058205820584 ] ], [ [ 110.548604860486051, -6.832208220822074 ], [ 110.548679867986792, -6.832058205820584 ], [ 110.548679867986792, -6.832208220822083 ], [ 110.548604860486051, -6.832208220822074 ] ], [ [ 110.548529852985297, -6.832283228322825 ], [ 110.548604860486051, -6.832208220822074 ], [ 110.548604860486051, -6.832283228322832 ], [ 110.548529852985297, -6.832283228322825 ] ], [ [ 110.543279327932794, -6.833033303330328 ], [ 110.543354335433548, -6.832958295829584 ], [ 110.543354335433548, -6.833033303330328 ], [ 110.543279327932794, -6.833033303330328 ] ], [ [ 110.539678967896791, -6.83325832583258 ], [ 110.539753975397545, -6.833183318331836 ], [ 110.539753975397545, -6.833258325832584 ], [ 110.539678967896791, -6.83325832583258 ] ], [ [ 110.528877887788781, -6.833483348334832 ], [ 110.528952895289535, -6.833408340834088 ], [ 110.528952895289535, -6.833483348334831 ], [ 110.528877887788781, -6.833483348334832 ] ], [ [ 110.527902790279029, -6.834083408340839 ], [ 110.528877887788781, -6.83355835583558 ], [ 110.528652865286531, -6.833858385838581 ], [ 110.527902790279029, -6.834083408340839 ] ], [ [ 110.525877587758771, -6.834308430843089 ], [ 110.52767776777678, -6.837083708370831 ], [ 110.529852985298533, -6.837233723372345 ], [ 110.529702970297024, -6.836708670867082 ], [ 110.53052805280528, -6.836633663366329 ], [ 110.530303030303031, -6.837233723372333 ], [ 110.534128412841284, -6.838133813381334 ], [ 110.527077707770772, -6.837008700870078 ], [ 110.524152415241531, -6.835058505850584 ], [ 110.525877587758771, -6.834308430843089 ] ], [ [ 110.527527752775271, -6.834383438343828 ], [ 110.527902790279029, -6.834383438343829 ], [ 110.52745274527453, -6.834533453345342 ], [ 110.527527752775271, -6.834383438343828 ] ], [ [ 110.521977197719778, -6.836708670867093 ], [ 110.523177317731779, -6.834908490849089 ], [ 110.52602760276028, -6.836783678367842 ], [ 110.52467746774677, -6.83805880588058 ], [ 110.521977197719778, -6.836708670867093 ] ], [ [ 110.52745274527453, -6.834983498349832 ], [ 110.527527752775271, -6.834908490849092 ], [ 110.527527752775271, -6.834983498349841 ], [ 110.52745274527453, -6.834983498349832 ] ], [ [ 110.527152715271527, -6.835283528352834 ], [ 110.527227722772281, -6.835208520852088 ], [ 110.527227722772281, -6.835283528352836 ], [ 110.527152715271527, -6.835283528352834 ] ], [ [ 110.527002700270032, -6.835358535853582 ], [ 110.527152715271527, -6.835283528352834 ], [ 110.527152715271527, -6.835358535853585 ], [ 110.527002700270032, -6.835358535853582 ] ], [ [ 110.53375337533754, -6.836108610861092 ], [ 110.536528652865286, -6.837233723372334 ], [ 110.536528652865286, -6.837608760876094 ], [ 110.535328532853285, -6.837383738373839 ], [ 110.53375337533754, -6.836108610861092 ] ], [ [ 110.529552955295529, -6.836708670867087 ], [ 110.529627962796283, -6.836633663366332 ], [ 110.529627962796283, -6.836708670867089 ], [ 110.529552955295529, -6.836708670867087 ] ], [ [ 110.52602760276028, -6.836858685868589 ], [ 110.52610261026102, -6.836783678367834 ], [ 110.52610261026102, -6.836858685868582 ], [ 110.52602760276028, -6.836858685868589 ] ], [ [ 110.528727872787272, -6.836858685868593 ], [ 110.528802880288026, -6.836783678367841 ], [ 110.528802880288026, -6.836858685868582 ], [ 110.528727872787272, -6.836858685868593 ] ], [ [ 110.526177617761775, -6.836933693369339 ], [ 110.526252625262529, -6.836858685868594 ], [ 110.526252625262529, -6.836933693369335 ], [ 110.526177617761775, -6.836933693369339 ] ], [ [ 110.528802880288026, -6.836933693369329 ], [ 110.528877887788781, -6.836858685868578 ], [ 110.528877887788781, -6.836933693369339 ], [ 110.528802880288026, -6.836933693369329 ] ], [ [ 110.526252625262529, -6.836933693369335 ], [ 110.530903090309025, -6.837908790879096 ], [ 110.531728172817282, -6.838433843384334 ], [ 110.527602760276025, -6.837983798379842 ], [ 110.526252625262529, -6.836933693369335 ] ], [ [ 110.530603060306035, -6.837008700870081 ], [ 110.530678067806789, -6.836933693369335 ], [ 110.530678067806789, -6.837008700870083 ], [ 110.530603060306035, -6.837008700870081 ] ], [ [ 110.533003300330051, -6.837233723372337 ], [ 110.533153315331532, -6.837008700870085 ], [ 110.533228322832286, -6.837233723372328 ], [ 110.533003300330051, -6.837233723372337 ] ], [ [ 110.533228322832286, -6.837083708370831 ], [ 110.533303330333041, -6.837008700870085 ], [ 110.533303330333041, -6.837083708370836 ], [ 110.533228322832286, -6.837083708370831 ] ], [ [ 110.53075307530753, -6.837233723372344 ], [ 110.530828082808284, -6.837158715871595 ], [ 110.530828082808284, -6.837233723372344 ], [ 110.53075307530753, -6.837233723372344 ] ], [ [ 110.530903090309025, -6.837233723372335 ], [ 110.531128112811288, -6.837308730873088 ], [ 110.530903090309025, -6.837308730873084 ], [ 110.530903090309025, -6.837233723372335 ] ], [ [ 110.532553255325539, -6.837608760876082 ], [ 110.532703270327033, -6.83753375337534 ], [ 110.532703270327033, -6.83760876087609 ], [ 110.532553255325539, -6.837608760876082 ] ], [ [ 110.525427542754272, -6.838583858385837 ], [ 110.525502550255027, -6.838508850885094 ], [ 110.525502550255027, -6.838583858385848 ], [ 110.525427542754272, -6.838583858385837 ] ], [ [ 110.527077707770772, -6.839183918391846 ], [ 110.527152715271527, -6.839108910891095 ], [ 110.527152715271527, -6.839183918391831 ], [ 110.527077707770772, -6.839183918391846 ] ], [ [ 110.535703570357029, -6.839183918391839 ], [ 110.535778577857783, -6.839108910891087 ], [ 110.535778577857783, -6.839183918391844 ], [ 110.535703570357029, -6.839183918391839 ] ], [ [ 110.535928592859293, -6.839183918391831 ], [ 110.536003600360033, -6.839108910891084 ], [ 110.536003600360033, -6.839183918391833 ], [ 110.535928592859293, -6.839183918391831 ] ], [ [ 110.530078007800782, -6.843609360936084 ], [ 110.531578157815787, -6.83993399339934 ], [ 110.530153015301536, -6.844884488448839 ], [ 110.530078007800782, -6.843609360936084 ] ], [ [ 110.536678667866781, -6.839783978397842 ], [ 110.536753675367535, -6.839633963396346 ], [ 110.53682868286829, -6.839783978397845 ], [ 110.536678667866781, -6.839783978397842 ] ], [ [ 110.537128712871294, -6.83978397839784 ], [ 110.537203720372034, -6.83970897089709 ], [ 110.537203720372034, -6.839783978397834 ], [ 110.537128712871294, -6.83978397839784 ] ], [ [ 110.53382838283828, -6.840234023402347 ], [ 110.535403540354039, -6.840009000900096 ], [ 110.535928592859293, -6.84038403840384 ], [ 110.53382838283828, -6.840234023402347 ] ], [ [ 110.539303930393032, -6.840084008400842 ], [ 110.539378937893787, -6.840009000900094 ], [ 110.539378937893787, -6.840084008400843 ], [ 110.539303930393032, -6.840084008400842 ] ], [ [ 110.537728772877287, -6.841734173417337 ], [ 110.537803780378042, -6.841659165916584 ], [ 110.537803780378042, -6.841734173417338 ], [ 110.537728772877287, -6.841734173417337 ] ], [ [ 110.537653765376533, -6.841809180918093 ], [ 110.537728772877287, -6.841734173417337 ], [ 110.537728772877287, -6.841809180918096 ], [ 110.537653765376533, -6.841809180918093 ] ], [ [ 110.537578757875792, -6.841884188418838 ], [ 110.537653765376533, -6.841809180918093 ], [ 110.537653765376533, -6.84188418841884 ], [ 110.537578757875792, -6.841884188418838 ] ], [ [ 110.538403840384035, -6.842259225922596 ], [ 110.53847884788479, -6.842184218421834 ], [ 110.53847884788479, -6.842259225922592 ], [ 110.538403840384035, -6.842259225922596 ] ], [ [ 110.537803780378042, -6.842484248424839 ], [ 110.537878787878782, -6.842409240924093 ], [ 110.537878787878782, -6.842484248424839 ], [ 110.537803780378042, -6.842484248424839 ] ], [ [ 110.537578757875792, -6.842634263426335 ], [ 110.537653765376533, -6.842559255925587 ], [ 110.537653765376533, -6.84263426342634 ], [ 110.537578757875792, -6.842634263426335 ] ], [ [ 110.537353735373543, -6.842709270927094 ], [ 110.537428742874283, -6.842634263426345 ], [ 110.537428742874283, -6.842709270927084 ], [ 110.537353735373543, -6.842709270927094 ] ], [ [ 110.537203720372034, -6.842784278427835 ], [ 110.537278727872803, -6.842709270927085 ], [ 110.537278727872803, -6.842784278427845 ], [ 110.537203720372034, -6.842784278427835 ] ], [ [ 110.537128712871294, -6.842859285928585 ], [ 110.537203720372034, -6.842784278427835 ], [ 110.537203720372034, -6.8428592859286 ], [ 110.537128712871294, -6.842859285928585 ] ], [ [ 110.537053705370539, -6.842934293429336 ], [ 110.537128712871294, -6.842859285928585 ], [ 110.537128712871294, -6.842934293429335 ], [ 110.537053705370539, -6.842934293429336 ] ], [ [ 110.536228622862282, -6.843159315931594 ], [ 110.536453645364531, -6.843159315931597 ], [ 110.536228622862282, -6.843234323432339 ], [ 110.536228622862282, -6.843159315931594 ] ], [ [ 110.536153615361542, -6.84330933093309 ], [ 110.536228622862282, -6.843234323432339 ], [ 110.536228622862282, -6.843309330933089 ], [ 110.536153615361542, -6.84330933093309 ] ], [ [ 110.530003000300042, -6.844134413441341 ], [ 110.530078007800782, -6.844059405940603 ], [ 110.530078007800782, -6.844134413441348 ], [ 110.530003000300042, -6.844134413441341 ] ], [ [ 110.530003000300042, -6.844884488448845 ], [ 110.530078007800782, -6.84473447344734 ], [ 110.530078007800782, -6.844884488448845 ], [ 110.530003000300042, -6.844884488448845 ] ], [ [ 110.529927992799287, -6.845559555955599 ], [ 110.530003000300042, -6.845484548454841 ], [ 110.530003000300042, -6.845559555955601 ], [ 110.529927992799287, -6.845559555955599 ] ] ] } },
{ "type": "Feature", "properties": { "year": 2025, "layer": "atrisk" }, "geometry": { "type": "Polygon", "coordinates": [ [ [ 110.527077707770772, -6.847884788478854 ], [ 110.522652265226526, -6.848334833483343 ], [ 110.521827182718269, -6.848784878487857 ], [ 110.524752475247524, -6.849984998499854 ], [ 110.527077707770772, -6.847884788478854 ] ] ] } },
{ "type": "Feature", "properties": { "year": 2025, "layer": "atrisk" }, "geometry": { "type": "Polygon", "coordinates": [ [ [ 110.530903090309025, -6.846459645964596 ], [ 110.526552655265533, -6.851185118511857 ], [ 110.526477647764779, -6.851035103510356 ], [ 110.525577557755781, -6.850810081008094 ], [ 110.524452445244521, -6.850735073507354 ], [ 110.521452145214539, -6.851560156015593 ], [ 110.522127212721273, -6.849759975997604 ], [ 110.521152115211521, -6.8496099609961 ], [ 110.519801980198039, -6.854635463546358 ], [ 110.520627062706268, -6.855535553555354 ], [ 110.522352235223522, -6.854260426042611 ], [ 110.522802280228021, -6.85433543354336 ], [ 110.519051905190523, -6.856885688568858 ], [ 110.517476747674763, -6.858385838583862 ], [ 110.515451545154519, -6.859585958595868 ], [ 110.518676867686764, -6.856210621062115 ], [ 110.518226822682266, -6.855385538553854 ], [ 110.51522652265227, -6.85913591359135 ], [ 110.51552655265526, -6.860186018601866 ], [ 110.520252025202524, -6.85643564356436 ], [ 110.519651965196516, -6.858385838583856 ], [ 110.518001800180016, -6.858760876087613 ], [ 110.516426642664271, -6.860111011101111 ], [ 110.516426642664271, -6.860336033603359 ], [ 110.517401740174023, -6.861236123612362 ], [ 110.518601860186024, -6.86131113111311 ], [ 110.522202220222027, -6.858685868586851 ], [ 110.521752175217529, -6.855085508550849 ], [ 110.523927392739267, -6.854935493549357 ], [ 110.523627362736278, -6.854260426042604 ], [ 110.525202520252023, -6.853810381038095 ], [ 110.524902490249019, -6.853210321032108 ], [ 110.525802580258031, -6.853285328532849 ], [ 110.52610261026102, -6.852460246024601 ], [ 110.527602760276025, -6.852910291029107 ], [ 110.528052805280524, -6.852385238523844 ], [ 110.527977797779783, -6.851260126012599 ], [ 110.528127812781278, -6.852385238523845 ], [ 110.528727872787272, -6.852685268526849 ], [ 110.528577857785777, -6.852985298529852 ], [ 110.528727872787272, -6.853435343534357 ], [ 110.534428442844288, -6.849909990999097 ], [ 110.534053405340529, -6.849309930993103 ], [ 110.530903090309025, -6.846459645964596 ] ], [ [ 110.529627962796283, -6.848184818481856 ], [ 110.529702970297024, -6.8481098109811 ], [ 110.529702970297024, -6.848184818481847 ], [ 110.529627962796283, -6.848184818481856 ] ], [ [ 110.529552955295529, -6.848334833483342 ], [ 110.529627962796283, -6.848259825982595 ], [ 110.529627962796283, -6.848334833483339 ], [ 110.529552955295529, -6.848334833483342 ] ], [ [ 110.529477947794774, -6.848559855985592 ], [ 110.529552955295529, -6.848484848484848 ], [ 110.529552955295529, -6.848559855985606 ], [ 110.529477947794774, -6.848559855985592 ] ], [ [ 110.529402940294034, -6.848934893489349 ], [ 110.529477947794774, -6.848709870987093 ], [ 110.529477947794774, -6.848934893489343 ], [ 110.529402940294034, -6.848934893489349 ] ], [ [ 110.534053405340529, -6.849609960996107 ], [ 110.534128412841284, -6.849534953495354 ], [ 110.534128412841284, -6.849609960996105 ], [ 110.534053405340529, -6.849609960996107 ] ], [ [ 110.528802880288026, -6.851410141014108 ], [ 110.529702970297024, -6.850660066006595 ], [ 110.529327932793279, -6.851560156015601 ], [ 110.528802880288026, -6.851410141014108 ] ], [ [ 110.52602760276028, -6.851110111011094 ], [ 110.526252625262529, -6.85103510351035 ], [ 110.526252625262529, -6.851185118511848 ], [ 110.52602760276028, -6.851110111011094 ] ], [ [ 110.52137713771377, -6.851260126012595 ], [ 110.521452145214539, -6.851185118511851 ], [ 110.521452145214539, -6.851260126012606 ], [ 110.52137713771377, -6.851260126012595 ] ], [ [ 110.528277827782773, -6.851485148514854 ], [ 110.528352835283542, -6.851260126012608 ], [ 110.528352835283542, -6.85148514851485 ], [ 110.528277827782773, -6.851485148514854 ] ], [ [ 110.522352235223522, -6.851410141014101 ], [ 110.522427242724291, -6.851335133513356 ], [ 110.522427242724291, -6.851410141014094 ], [ 110.522352235223522, -6.851410141014101 ] ], [ [ 110.522877287728775, -6.85148514851485 ], [ 110.52295229522953, -6.851410141014107 ], [ 110.52295229522953, -6.851485148514854 ], [ 110.522877287728775, -6.85148514851485 ] ], [ [ 110.523102310231025, -6.851485148514848 ], [ 110.523177317731779, -6.8514101410141 ], [ 110.523177317731779, -6.851485148514854 ], [ 110.523102310231025, -6.851485148514848 ] ], [ [ 110.529627962796283, -6.851560156015597 ], [ 110.529702970297024, -6.85141014101411 ], [ 110.529702970297024, -6.851560156015602 ], [ 110.529627962796283, -6.851560156015597 ] ], [ [ 110.529852985298533, -6.851860186018596 ], [ 110.530453045304526, -6.851410141014095 ], [ 110.530228022802277, -6.852085208520855 ], [ 110.529852985298533, -6.851860186018596 ] ], [ [ 110.528877887788781, -6.851485148514843 ], [ 110.52902790279029, -6.8518601860186 ], [ 110.528727872787272, -6.852010201020096 ], [ 110.528502850285022, -6.852535253525344 ], [ 110.528877887788781, -6.851485148514843 ] ], [ [ 110.529852985298533, -6.851560156015596 ], [ 110.530003000300042, -6.851485148514849 ], [ 110.530003000300042, -6.851560156015607 ], [ 110.529852985298533, -6.851560156015596 ] ], [ [ 110.529552955295529, -6.851710171017098 ], [ 110.529627962796283, -6.851635163516344 ], [ 110.529627962796283, -6.851710171017094 ], [ 110.529552955295529, -6.851710171017098 ] ], [ [ 110.528577857785777, -6.851785178517846 ], [ 110.528652865286531, -6.8517101710171 ], [ 110.528652865286531, -6.851785178517856 ], [ 110.528577857785777, -6.851785178517846 ] ], [ [ 110.529702970297024, -6.851785178517844 ], [ 110.529777977797778, -6.851710171017108 ], [ 110.529777977797778, -6.851785178517855 ], [ 110.529702970297024, -6.851785178517844 ] ], [ [ 110.522652265226526, -6.852235223522344 ], [ 110.52272727272728, -6.852085208520858 ], [ 110.52272727272728, -6.852235223522346 ], [ 110.522652265226526, -6.852235223522344 ] ], [ [ 110.528802880288026, -6.852160216021603 ], [ 110.528877887788781, -6.852085208520851 ], [ 110.528877887788781, -6.852160216021602 ], [ 110.528802880288026, -6.852160216021603 ] ], [ [ 110.522577257725771, -6.852310231023094 ], [ 110.522652265226526, -6.852235223522344 ], [ 110.522652265226526, -6.852310231023104 ], [ 110.522577257725771, -6.852310231023094 ] ], [ [ 110.527752775277534, -6.852310231023099 ], [ 110.527827782778274, -6.852235223522361 ], [ 110.527827782778274, -6.852310231023103 ], [ 110.527752775277534, -6.852310231023099 ] ], [ [ 110.528727872787272, -6.852385238523859 ], [ 110.528802880288026, -6.852235223522343 ], [ 110.528802880288026, -6.852385238523851 ], [ 110.528727872787272, -6.852385238523859 ] ], [ [ 110.522502250225017, -6.8523102310231 ], [ 110.524077407740791, -6.85321032103211 ], [ 110.524302430243026, -6.852985298529858 ], [ 110.524902490249019, -6.853135313531348 ], [ 110.524152415241531, -6.853360336033605 ], [ 110.522802280228021, -6.854185418541858 ], [ 110.522502250225017, -6.8523102310231 ] ], [ [ 110.528352835283542, -6.852385238523844 ], [ 110.528427842784282, -6.852310231023104 ], [ 110.528427842784282, -6.852385238523859 ], [ 110.528352835283542, -6.852385238523844 ] ], [ [ 110.520477047704773, -6.853135313531356 ], [ 110.520552055205528, -6.853060306030594 ], [ 110.520552055205528, -6.85313531353135 ], [ 110.520477047704773, -6.853135313531356 ] ], [ [ 110.525652565256522, -6.853135313531349 ], [ 110.52572757275729, -6.853060306030596 ], [ 110.52572757275729, -6.85313531353136 ], [ 110.525652565256522, -6.853135313531349 ] ], [ [ 110.52460246024603, -6.853435343534349 ], [ 110.52467746774677, -6.853360336033601 ], [ 110.52467746774677, -6.853435343534361 ], [ 110.52460246024603, -6.853435343534349 ] ], [ [ 110.524302430243026, -6.853510351035097 ], [ 110.524527452745275, -6.853435343534351 ], [ 110.524527452745275, -6.853510351035105 ], [ 110.524302430243026, -6.853510351035097 ] ], [ [ 110.524152415241531, -6.853585358535846 ], [ 110.524302430243026, -6.853510351035097 ], [ 110.524302430243026, -6.853585358535854 ], [ 110.524152415241531, -6.853585358535846 ] ], [ [ 110.524002400240022, -6.853660366036597 ], [ 110.524077407740791, -6.853585358535855 ], [ 110.524077407740791, -6.853660366036598 ], [ 110.524002400240022, -6.853660366036597 ] ], [ [ 110.523852385238527, -6.853735373537351 ], [ 110.523927392739267, -6.853660366036594 ], [ 110.523927392739267, -6.853735373537346 ], [ 110.523852385238527, -6.853735373537351 ] ], [ [ 110.523402340234028, -6.854035403540356 ], [ 110.523477347734769, -6.853960396039605 ], [ 110.523477347734769, -6.85403540354035 ], [ 110.523402340234028, -6.854035403540356 ] ], [ [ 110.523252325232519, -6.854110411041107 ], [ 110.523327332733274, -6.854035403540346 ], [ 110.523327332733274, -6.854110411041113 ], [ 110.523252325232519, -6.854110411041107 ] ], [ [ 110.52160216021602, -6.854710471047111 ], [ 110.521677167716774, -6.85463546354635 ], [ 110.521677167716774, -6.854710471047096 ], [ 110.52160216021602, -6.854710471047111 ] ], [ [ 110.523552355235523, -6.854785478547847 ], [ 110.523702370237018, -6.854710471047107 ], [ 110.523702370237018, -6.854785478547845 ], [ 110.523552355235523, -6.854785478547847 ] ], [ [ 110.520777077707791, -6.855310531053106 ], [ 110.520852085208517, -6.855235523552355 ], [ 110.520852085208517, -6.8553105310531 ], [ 110.520777077707791, -6.855310531053106 ] ], [ [ 110.520627062706268, -6.856135613561352 ], [ 110.520777077707791, -6.8560606060606 ], [ 110.520777077707791, -6.856135613561358 ], [ 110.520627062706268, -6.856135613561352 ] ], [ [ 110.520552055205528, -6.856210621062106 ], [ 110.520627062706268, -6.856135613561352 ], [ 110.520627062706268, -6.856210621062107 ], [ 110.520552055205528, -6.856210621062106 ] ], [ [ 110.520477047704773, -6.856285628562851 ], [ 110.520552055205528, -6.856210621062106 ], [ 110.520552055205528, -6.856285628562855 ], [ 110.520477047704773, -6.856285628562851 ] ], [ [ 110.520327032703264, -6.856360636063606 ], [ 110.520402040204019, -6.856285628562858 ], [ 110.520402040204019, -6.856360636063604 ], [ 110.520327032703264, -6.856360636063606 ] ], [ [ 110.521077107710781, -6.856360636063599 ], [ 110.521227122712276, -6.85628562856285 ], [ 110.521227122712276, -6.856360636063601 ], [ 110.521077107710781, -6.856360636063599 ] ], [ [ 110.520252025202524, -6.85643564356436 ], [ 110.520327032703264, -6.856360636063606 ], [ 110.520327032703264, -6.85643564356436 ], [ 110.520252025202524, -6.85643564356436 ] ], [ [ 110.521002100210026, -6.856435643564361 ], [ 110.521077107710781, -6.856360636063599 ], [ 110.521077107710781, -6.856435643564351 ], [ 110.521002100210026, -6.856435643564361 ] ], [ [ 110.520852085208517, -6.856510651065115 ], [ 110.521002100210026, -6.856435643564361 ], [ 110.521002100210026, -6.856510651065104 ], [ 110.520852085208517, -6.856510651065115 ] ], [ [ 110.520777077707791, -6.856585658565854 ], [ 110.520852085208517, -6.856510651065115 ], [ 110.520852085208517, -6.856585658565855 ], [ 110.520777077707791, -6.856585658565854 ] ], [ [ 110.518751875187519, -6.858985898589859 ], [ 110.518826882688273, -6.858910891089111 ], [ 110.518826882688273, -6.858985898589857 ], [ 110.518751875187519, -6.858985898589859 ] ], [ [ 110.51852685268527, -6.859060906090604 ], [ 110.518751875187519, -6.858985898589859 ], [ 110.518751875187519, -6.859135913591352 ], [ 110.51852685268527, -6.859060906090604 ] ], [ [ 110.516501650165011, -6.860336033603357 ], [ 110.516576657665766, -6.860261026102601 ], [ 110.516576657665766, -6.860336033603358 ], [ 110.516501650165011, -6.860336033603357 ] ] ] } },
{ "type": "Feature", "properties": { "year": 2025, "layer": "atrisk" }, "geometry": { "type": "Polygon", "coordinates": [ [ [ 110.50142514251425, -6.903990399039906 ], [ 110.500225022502249, -6.904440444044403 ], [ 110.50142514251425, -6.905115511551157 ], [ 110.50142514251425, -6.903990399039906 ] ] ] } },
{ "type": "Feature", "properties": { "year": 2025, "layer": "atrisk" }, "geometry": { "type": "Polygon", "coordinates": [ [ [ 110.491374137413757, -6.910141014101415 ], [ 110.490924092409244, -6.910366036603668 ], [ 110.490399039903991, -6.910966096609661 ], [ 110.490624062406241, -6.911566156615658 ], [ 110.48919891989199, -6.910366036603651 ], [ 110.488148814881484, -6.910816081608163 ], [ 110.487473747374736, -6.911791179117909 ], [ 110.489123912391236, -6.912916291629156 ], [ 110.489798979897984, -6.912391239123908 ], [ 110.489123912391236, -6.913216321632166 ], [ 110.489123912391236, -6.913366336633664 ], [ 110.489798979897984, -6.913591359135917 ], [ 110.491374137413757, -6.910141014101415 ] ], [ [ 110.490999099909985, -6.910516051605152 ], [ 110.491074107410739, -6.910441044104411 ], [ 110.491074107410739, -6.910516051605162 ], [ 110.490999099909985, -6.910516051605152 ] ], [ [ 110.487848784878494, -6.911566156615659 ], [ 110.487923792379235, -6.911491149114904 ], [ 110.487923792379235, -6.911566156615667 ], [ 110.487848784878494, -6.911566156615659 ] ], [ [ 110.48777377737774, -6.911641164116418 ], [ 110.487848784878494, -6.911566156615659 ], [ 110.487848784878494, -6.911641164116407 ], [ 110.48777377737774, -6.911641164116418 ] ], [ [ 110.487698769876985, -6.911716171617165 ], [ 110.48777377737774, -6.911641164116418 ], [ 110.48777377737774, -6.911716171617154 ], [ 110.487698769876985, -6.911716171617165 ] ], [ [ 110.488748874887492, -6.912466246624662 ], [ 110.488823882388232, -6.912391239123916 ], [ 110.488823882388232, -6.912466246624662 ], [ 110.488748874887492, -6.912466246624662 ] ], [ [ 110.489048904890495, -6.912541254125415 ], [ 110.489123912391236, -6.912466246624657 ], [ 110.489123912391236, -6.912541254125409 ], [ 110.489048904890495, -6.912541254125415 ] ], [ [ 110.488973897389741, -6.912616261626166 ], [ 110.489048904890495, -6.912541254125415 ], [ 110.489048904890495, -6.912616261626157 ], [ 110.488973897389741, -6.912616261626166 ] ] ] } },
{ "type": "Feature", "properties": { "year": 2025, "layer": "atrisk" }, "geometry": { "type": "Polygon", "coordinates": [ [ [ 110.458370837083706, -6.937143714371437 ], [ 110.45844584458446, -6.937968796879694 ], [ 110.458745874587464, -6.938343834383429 ], [ 110.459195919591963, -6.937668766876687 ], [ 110.458370837083706, -6.937143714371437 ] ], [ [ 110.458970897089714, -6.937668766876697 ], [ 110.459045904590454, -6.93759375937593 ], [ 110.459045904590454, -6.937668766876692 ], [ 110.458970897089714, -6.937668766876697 ] ], [ [ 110.458895889588959, -6.937743774377447 ], [ 110.458970897089714, -6.937668766876697 ], [ 110.458970897089714, -6.937743774377431 ], [ 110.458895889588959, -6.937743774377447 ] ] ] } },
{ "type": "Feature", "properties": { "year": 2025, "layer": "atrisk" }, "geometry": { "type": "Polygon", "coordinates": [ [ [ 110.442619261926197, -6.938943894389443 ], [ 110.440819081908202, -6.938043804380433 ], [ 110.439468946894692, -6.938943894389444 ], [ 110.442619261926197, -6.938943894389443 ] ] ] } },
{ "type": "Feature", "properties": { "year": 2025, "layer": "atrisk" }, "geometry": { "type": "Polygon", "coordinates": [ [ [ 110.522127212721273, -6.859585958595868 ], [ 110.51830183018302, -6.861686168616862 ], [ 110.519876987698765, -6.86183618361837 ], [ 110.515076507650761, -6.867386738673869 ], [ 110.510726072607255, -6.87563756375637 ], [ 110.511626162616267, -6.876312631263126 ], [ 110.511026102610259, -6.876237623762381 ], [ 110.510426042604266, -6.876837683768373 ], [ 110.48312331233123, -6.912016201620159 ], [ 110.48312331233123, -6.913066306630666 ], [ 110.481098109810986, -6.914491449144907 ], [ 110.478997899789974, -6.918241824182414 ], [ 110.47562256225622, -6.920942094209425 ], [ 110.476072607260733, -6.924167416741672 ], [ 110.470447044704471, -6.925442544254425 ], [ 110.467371737173721, -6.930468046804684 ], [ 110.46482148214821, -6.929717971797172 ], [ 110.461221122112207, -6.932418241824185 ], [ 110.46009600960096, -6.931818181818182 ], [ 110.459870987098711, -6.933318331833183 ], [ 110.458820882088204, -6.932343234323429 ], [ 110.455520552055205, -6.935943594359435 ], [ 110.452970297029708, -6.936318631863181 ], [ 110.452145214521451, -6.935043504350432 ], [ 110.449219921992196, -6.936918691869195 ], [ 110.448394839483953, -6.935418541854187 ], [ 110.445919591959196, -6.936543654365435 ], [ 110.445019501950199, -6.938943894389442 ], [ 110.459045904590454, -6.93886888688869 ], [ 110.457395739573954, -6.936693669366933 ], [ 110.459270927092703, -6.933618361836189 ], [ 110.46174617461746, -6.934293429342943 ], [ 110.461596159615965, -6.933243324332429 ], [ 110.462346234623467, -6.933243324332434 ], [ 110.462121212121218, -6.934743474347431 ], [ 110.465496549654972, -6.938943894389435 ], [ 110.46339633963396, -6.935343534353427 ], [ 110.467371737173721, -6.938943894389447 ], [ 110.48004800480048, -6.93879387938794 ], [ 110.482898289828981, -6.93826882688269 ], [ 110.482448244824496, -6.936093609360934 ], [ 110.483423342334234, -6.938118811881191 ], [ 110.484998499849979, -6.937743774377434 ], [ 110.492574257425744, -6.933693369336925 ], [ 110.493549354935496, -6.932418241824173 ], [ 110.492424242424249, -6.931893189318928 ], [ 110.494224422442244, -6.932193219321936 ], [ 110.49249924992499, -6.93166816681669 ], [ 110.484623462346235, -6.927767776777681 ], [ 110.480348034803484, -6.924542454245417 ], [ 110.485523552355232, -6.925892589258917 ], [ 110.485898589858991, -6.928217821782186 ], [ 110.492574257425744, -6.931443144314435 ], [ 110.4938493849385, -6.93181818181818 ], [ 110.494899489948992, -6.931518151815187 ], [ 110.498874887488753, -6.925892589258928 ], [ 110.500750075007502, -6.920642064206421 ], [ 110.501350135013496, -6.916816681668159 ], [ 110.501050105010506, -6.916291629162913 ], [ 110.50142514251425, -6.915316531653163 ], [ 110.50142514251425, -6.906540654065408 ], [ 110.500450045004499, -6.906315631563164 ], [ 110.50142514251425, -6.906315631563159 ], [ 110.500225022502249, -6.905715571557159 ], [ 110.499474947494747, -6.906765676567654 ], [ 110.497599759975998, -6.906015601560157 ], [ 110.496324632463256, -6.904140414041413 ], [ 110.494224422442244, -6.903840384038403 ], [ 110.494074407440749, -6.902790279027905 ], [ 110.498724872487244, -6.904440444044403 ], [ 110.50127512751277, -6.90226522652265 ], [ 110.499249924992498, -6.900615061506159 ], [ 110.499324932493252, -6.898064806480648 ], [ 110.501350135013496, -6.899714971497153 ], [ 110.50142514251425, -6.896939693969404 ], [ 110.505700570057002, -6.896039603960388 ], [ 110.509825982598258, -6.894239423942401 ], [ 110.505550555055507, -6.890264026402634 ], [ 110.509900990099013, -6.892664266426647 ], [ 110.511626162616267, -6.891689168916894 ], [ 110.511176117611768, -6.893414341434138 ], [ 110.514926492649266, -6.890564056405639 ], [ 110.517176717671774, -6.887938793879394 ], [ 110.51350135013503, -6.885013501350139 ], [ 110.514251425142518, -6.883963396339633 ], [ 110.518151815181511, -6.886738673867383 ], [ 110.520327032703264, -6.882313231323137 ], [ 110.517926792679262, -6.875862586258619 ], [ 110.516726672667261, -6.873237323732382 ], [ 110.513351335133507, -6.875412541254121 ], [ 110.513051305130517, -6.873687368736872 ], [ 110.514551455145508, -6.872262226222627 ], [ 110.513426342634261, -6.874437443744378 ], [ 110.516426642664271, -6.872712271227127 ], [ 110.516051605160513, -6.871737173717367 ], [ 110.514776477647771, -6.870762076207612 ], [ 110.516051605160513, -6.869711971197112 ], [ 110.515751575157509, -6.871062106210625 ], [ 110.518226822682266, -6.872937293729375 ], [ 110.521077107710781, -6.880588058805883 ], [ 110.522127212721273, -6.875187518751867 ], [ 110.522277227722768, -6.872337233723364 ], [ 110.522277227722768, -6.862286228622869 ], [ 110.521002100210026, -6.860711071107119 ], [ 110.520702070207022, -6.860636063606361 ], [ 110.522127212721273, -6.859585958595868 ] ], [ [ 110.520402040204019, -6.860861086108617 ], [ 110.520477047704773, -6.860786078607854 ], [ 110.520477047704773, -6.860861086108613 ], [ 110.520402040204019, -6.860861086108617 ] ], [ [ 110.52137713771377, -6.861461146114618 ], [ 110.521452145214539, -6.861386138613856 ], [ 110.521452145214539, -6.861461146114618 ], [ 110.52137713771377, -6.861461146114618 ] ], [ [ 110.521452145214539, -6.861536153615353 ], [ 110.521527152715265, -6.861461146114603 ], [ 110.521527152715265, -6.861536153615363 ], [ 110.521452145214539, -6.861536153615353 ] ], [ [ 110.519276927692772, -6.862736273627368 ], [ 110.519351935193512, -6.862661266126606 ], [ 110.519351935193512, -6.862736273627364 ], [ 110.519276927692772, -6.862736273627368 ] ], [ [ 110.520627062706268, -6.863186318631861 ], [ 110.520702070207022, -6.863111311131115 ], [ 110.520702070207022, -6.863186318631867 ], [ 110.520627062706268, -6.863186318631861 ] ], [ [ 110.52160216021602, -6.86408640864086 ], [ 110.522052205220518, -6.863711371137114 ], [ 110.52160216021602, -6.864311431143114 ], [ 110.52160216021602, -6.86408640864086 ] ], [ [ 110.520402040204019, -6.863786378637863 ], [ 110.520477047704773, -6.863711371137105 ], [ 110.520477047704773, -6.863786378637869 ], [ 110.520402040204019, -6.863786378637863 ] ], [ [ 110.519051905190523, -6.863936393639372 ], [ 110.519126912691263, -6.863861386138609 ], [ 110.519126912691263, -6.863936393639364 ], [ 110.519051905190523, -6.863936393639372 ] ], [ [ 110.518901890189014, -6.864236423642367 ], [ 110.518976897689768, -6.864161416141613 ], [ 110.518976897689768, -6.864236423642355 ], [ 110.518901890189014, -6.864236423642367 ] ], [ [ 110.519351935193512, -6.864236423642361 ], [ 110.519426942694281, -6.86416141614162 ], [ 110.519426942694281, -6.864236423642361 ], [ 110.519351935193512, -6.864236423642361 ] ], [ [ 110.52137713771377, -6.864311431143117 ], [ 110.521452145214539, -6.864161416141613 ], [ 110.521527152715265, -6.864311431143119 ], [ 110.52137713771377, -6.864311431143117 ] ], [ [ 110.518751875187519, -6.86431143114311 ], [ 110.518826882688273, -6.864236423642358 ], [ 110.518826882688273, -6.864311431143107 ], [ 110.518751875187519, -6.86431143114311 ] ], [ [ 110.518976897689768, -6.864311431143119 ], [ 110.519051905190523, -6.864236423642359 ], [ 110.519051905190523, -6.864311431143118 ], [ 110.518976897689768, -6.864311431143119 ] ], [ [ 110.519501950195021, -6.864386438643861 ], [ 110.519576957695776, -6.86431143114312 ], [ 110.519576957695776, -6.864386438643861 ], [ 110.519501950195021, -6.864386438643861 ] ], [ [ 110.519576957695776, -6.864461446144607 ], [ 110.519651965196516, -6.864386438643859 ], [ 110.519651965196516, -6.864461446144617 ], [ 110.519576957695776, -6.864461446144607 ] ], [ [ 110.519276927692772, -6.864686468646867 ], [ 110.519426942694281, -6.864611461146121 ], [ 110.519426942694281, -6.864761476147616 ], [ 110.519276927692772, -6.864686468646867 ] ], [ [ 110.521452145214539, -6.864611461146104 ], [ 110.521527152715265, -6.864536453645358 ], [ 110.521527152715265, -6.864611461146111 ], [ 110.521452145214539, -6.864611461146104 ] ], [ [ 110.519426942694281, -6.864836483648369 ], [ 110.519501950195021, -6.864761476147605 ], [ 110.519501950195021, -6.864836483648371 ], [ 110.519426942694281, -6.864836483648369 ] ], [ [ 110.521977197719778, -6.864836483648372 ], [ 110.522052205220518, -6.864761476147608 ], [ 110.522052205220518, -6.864836483648357 ], [ 110.521977197719778, -6.864836483648372 ] ], [ [ 110.519501950195021, -6.865061506150624 ], [ 110.519576957695776, -6.864911491149118 ], [ 110.519576957695776, -6.86506150615061 ], [ 110.519501950195021, -6.865061506150624 ] ], [ [ 110.522052205220518, -6.864986498649861 ], [ 110.522127212721273, -6.864911491149112 ], [ 110.522127212721273, -6.864986498649858 ], [ 110.522052205220518, -6.864986498649861 ] ], [ [ 110.520027002700274, -6.865361536153623 ], [ 110.520102010201029, -6.865061506150623 ], [ 110.520102010201029, -6.865361536153623 ], [ 110.520027002700274, -6.865361536153623 ] ], [ [ 110.519651965196516, -6.865436543654358 ], [ 110.519726972697271, -6.86521152115211 ], [ 110.519726972697271, -6.865436543654367 ], [ 110.519651965196516, -6.865436543654358 ] ], [ [ 110.517026702670265, -6.86551155115511 ], [ 110.517101710171019, -6.86543654365437 ], [ 110.517101710171019, -6.86551155115511 ], [ 110.517026702670265, -6.86551155115511 ] ], [ [ 110.521527152715265, -6.865736573657372 ], [ 110.52160216021602, -6.865661566156623 ], [ 110.52160216021602, -6.865736573657372 ], [ 110.521527152715265, -6.865736573657372 ] ], [ [ 110.519801980198039, -6.865811581158114 ], [ 110.519876987698765, -6.865736573657366 ], [ 110.519876987698765, -6.865811581158108 ], [ 110.519801980198039, -6.865811581158114 ] ], [ [ 110.520177017701769, -6.866111611161121 ], [ 110.520252025202524, -6.865886588658869 ], [ 110.520327032703264, -6.866186618661865 ], [ 110.520177017701769, -6.866111611161121 ] ], [ [ 110.520327032703264, -6.866486648664867 ], [ 110.520402040204019, -6.866261626162621 ], [ 110.520402040204019, -6.866486648664871 ], [ 110.520327032703264, -6.866486648664867 ] ], [ [ 110.515751575157509, -6.866936693669365 ], [ 110.516126612661267, -6.866936693669365 ], [ 110.515826582658264, -6.867161716171623 ], [ 110.515751575157509, -6.866936693669365 ] ], [ [ 110.520477047704773, -6.866711671167117 ], [ 110.520552055205528, -6.866636663666364 ], [ 110.520552055205528, -6.866711671167107 ], [ 110.520477047704773, -6.866711671167117 ] ], [ [ 110.516126612661267, -6.867086708670866 ], [ 110.517026702670265, -6.86716171617162 ], [ 110.516501650165011, -6.867986798679863 ], [ 110.516126612661267, -6.867086708670866 ] ], [ [ 110.519201920192017, -6.866786678667873 ], [ 110.519276927692772, -6.866711671167115 ], [ 110.519276927692772, -6.866786678667864 ], [ 110.519201920192017, -6.866786678667873 ] ], [ [ 110.520627062706268, -6.867311731173126 ], [ 110.520702070207022, -6.867236723672365 ], [ 110.520702070207022, -6.867311731173124 ], [ 110.520627062706268, -6.867311731173126 ] ], [ [ 110.520177017701769, -6.867386738673869 ], [ 110.520252025202524, -6.86731173117311 ], [ 110.520252025202524, -6.867386738673869 ], [ 110.520177017701769, -6.867386738673869 ] ], [ [ 110.520702070207022, -6.86753675367537 ], [ 110.520777077707791, -6.867311731173113 ], [ 110.520777077707791, -6.867536753675362 ], [ 110.520702070207022, -6.86753675367537 ] ], [ [ 110.521302130213016, -6.86746174617461 ], [ 110.52137713771377, -6.867386738673869 ], [ 110.52137713771377, -6.867461746174615 ], [ 110.521302130213016, -6.86746174617461 ] ], [ [ 110.52137713771377, -6.867536753675362 ], [ 110.521452145214539, -6.867461746174611 ], [ 110.521452145214539, -6.86753675367537 ], [ 110.52137713771377, -6.867536753675362 ] ], [ [ 110.520777077707791, -6.867686768676864 ], [ 110.520852085208517, -6.867536753675359 ], [ 110.520852085208517, -6.867686768676868 ], [ 110.520777077707791, -6.867686768676864 ] ], [ [ 110.521527152715265, -6.867611761176123 ], [ 110.52160216021602, -6.86753675367537 ], [ 110.52160216021602, -6.86761176117612 ], [ 110.521527152715265, -6.867611761176123 ] ], [ [ 110.521302130213016, -6.867686768676869 ], [ 110.52137713771377, -6.867611761176116 ], [ 110.52137713771377, -6.867686768676871 ], [ 110.521302130213016, -6.867686768676869 ] ], [ [ 110.520927092709272, -6.868136813681369 ], [ 110.521077107710781, -6.867986798679876 ], [ 110.521077107710781, -6.868286828682869 ], [ 110.520927092709272, -6.868136813681369 ] ], [ [ 110.521077107710781, -6.867836783678374 ], [ 110.521152115211521, -6.867686768676869 ], [ 110.521152115211521, -6.86783678367836 ], [ 110.521077107710781, -6.867836783678374 ] ], [ [ 110.517701770177013, -6.86783678367836 ], [ 110.517776777677767, -6.867761776177613 ], [ 110.517776777677767, -6.867836783678377 ], [ 110.517701770177013, -6.86783678367836 ] ], [ [ 110.52137713771377, -6.86783678367836 ], [ 110.521452145214539, -6.867761776177618 ], [ 110.521452145214539, -6.867836783678373 ], [ 110.52137713771377, -6.86783678367836 ] ], [ [ 110.516351635163517, -6.868886888688874 ], [ 110.51680168016803, -6.868586858685862 ], [ 110.516126612661267, -6.869411941194112 ], [ 110.516351635163517, -6.868886888688874 ] ], [ [ 110.521077107710781, -6.868361836183612 ], [ 110.521152115211521, -6.868286828682868 ], [ 110.521152115211521, -6.868361836183622 ], [ 110.521077107710781, -6.868361836183612 ] ], [ [ 110.520252025202524, -6.868436843684374 ], [ 110.520327032703264, -6.868361836183614 ], [ 110.520327032703264, -6.868436843684365 ], [ 110.520252025202524, -6.868436843684374 ] ], [ [ 110.520777077707791, -6.868511851185124 ], [ 110.520852085208517, -6.868361836183616 ], [ 110.520852085208517, -6.868511851185116 ], [ 110.520777077707791, -6.868511851185124 ] ], [ [ 110.521452145214539, -6.868436843684371 ], [ 110.521527152715265, -6.868361836183613 ], [ 110.521527152715265, -6.868436843684373 ], [ 110.521452145214539, -6.868436843684371 ] ], [ [ 110.521152115211521, -6.868586858685871 ], [ 110.521227122712276, -6.868511851185112 ], [ 110.521227122712276, -6.86858685868587 ], [ 110.521152115211521, -6.868586858685871 ] ], [ [ 110.51695169516951, -6.868811881188112 ], [ 110.51695169516951, -6.868586858685873 ], [ 110.517101710171019, -6.868811881188117 ], [ 110.51695169516951, -6.868811881188112 ] ], [ [ 110.518601860186024, -6.868661866186615 ], [ 110.518676867686764, -6.86858685868587 ], [ 110.518676867686764, -6.868661866186624 ], [ 110.518601860186024, -6.868661866186615 ] ], [ [ 110.517101710171019, -6.868961896189623 ], [ 110.517251725172514, -6.868811881188128 ], [ 110.517326732673268, -6.869036903690365 ], [ 110.517101710171019, -6.868961896189623 ] ], [ [ 110.517851785178522, -6.869036903690374 ], [ 110.517926792679262, -6.868961896189627 ], [ 110.517926792679262, -6.869036903690375 ], [ 110.517851785178522, -6.869036903690374 ] ], [ [ 110.517326732673268, -6.869111911191121 ], [ 110.517401740174023, -6.869036903690366 ], [ 110.517401740174023, -6.869111911191123 ], [ 110.517326732673268, -6.869111911191121 ] ], [ [ 110.517701770177013, -6.869186918691864 ], [ 110.517851785178522, -6.869036903690374 ], [ 110.517776777677767, -6.869186918691871 ], [ 110.517701770177013, -6.869186918691864 ] ], [ [ 110.518076807680771, -6.869111911191125 ], [ 110.518151815181511, -6.869036903690374 ], [ 110.518151815181511, -6.869111911191124 ], [ 110.518076807680771, -6.869111911191125 ] ], [ [ 110.517476747674763, -6.869411941194112 ], [ 110.517551755175518, -6.869336933693372 ], [ 110.517551755175518, -6.869411941194122 ], [ 110.517476747674763, -6.869411941194112 ] ], [ [ 110.521827182718269, -6.869411941194119 ], [ 110.521902190219024, -6.869336933693369 ], [ 110.521902190219024, -6.86941194119412 ], [ 110.521827182718269, -6.869411941194119 ] ], [ [ 110.522127212721273, -6.869411941194113 ], [ 110.522202220222027, -6.869336933693362 ], [ 110.522202220222027, -6.869411941194114 ], [ 110.522127212721273, -6.869411941194113 ] ], [ [ 110.51687668766877, -6.869486948694877 ], [ 110.51695169516951, -6.86941194119412 ], [ 110.51695169516951, -6.869486948694874 ], [ 110.51687668766877, -6.869486948694877 ] ], [ [ 110.517176717671774, -6.869561956195622 ], [ 110.517401740174023, -6.869561956195619 ], [ 110.517176717671774, -6.869636963696364 ], [ 110.517176717671774, -6.869561956195622 ] ], [ [ 110.51680168016803, -6.869561956195623 ], [ 110.51687668766877, -6.869486948694877 ], [ 110.51687668766877, -6.869561956195614 ], [ 110.51680168016803, -6.869561956195623 ] ], [ [ 110.516726672667261, -6.869636963696372 ], [ 110.51680168016803, -6.869561956195623 ], [ 110.51680168016803, -6.869636963696362 ], [ 110.516726672667261, -6.869636963696372 ] ], [ [ 110.517776777677767, -6.869636963696365 ], [ 110.517851785178522, -6.869561956195614 ], [ 110.517851785178522, -6.869636963696372 ], [ 110.517776777677767, -6.869636963696365 ] ], [ [ 110.517851785178522, -6.86971197119712 ], [ 110.517926792679262, -6.869636963696368 ], [ 110.517926792679262, -6.869711971197114 ], [ 110.517851785178522, -6.86971197119712 ] ], [ [ 110.521152115211521, -6.869711971197122 ], [ 110.521227122712276, -6.869636963696367 ], [ 110.521227122712276, -6.869711971197125 ], [ 110.521152115211521, -6.869711971197122 ] ], [ [ 110.516501650165011, -6.869861986198617 ], [ 110.516576657665766, -6.869786978697871 ], [ 110.516576657665766, -6.869861986198615 ], [ 110.516501650165011, -6.869861986198617 ] ], [ [ 110.516126612661267, -6.870012001200116 ], [ 110.516201620162022, -6.869936993699375 ], [ 110.516201620162022, -6.87001200120012 ], [ 110.516126612661267, -6.870012001200116 ] ], [ [ 110.516201620162022, -6.870087008700866 ], [ 110.516426642664271, -6.870087008700868 ], [ 110.516276627662762, -6.870237023702365 ], [ 110.516201620162022, -6.870087008700866 ] ], [ [ 110.51695169516951, -6.870012001200127 ], [ 110.517026702670265, -6.869936993699373 ], [ 110.517026702670265, -6.870012001200113 ], [ 110.51695169516951, -6.870012001200127 ] ], [ [ 110.520177017701769, -6.870162016201617 ], [ 110.520252025202524, -6.870087008700866 ], [ 110.520252025202524, -6.870162016201615 ], [ 110.520177017701769, -6.870162016201617 ] ], [ [ 110.517551755175518, -6.870237023702369 ], [ 110.517626762676272, -6.870162016201626 ], [ 110.517626762676272, -6.870237023702363 ], [ 110.517551755175518, -6.870237023702369 ] ], [ [ 110.520252025202524, -6.870237023702366 ], [ 110.520327032703264, -6.870162016201616 ], [ 110.520327032703264, -6.870237023702378 ], [ 110.520252025202524, -6.870237023702366 ] ], [ [ 110.520327032703264, -6.870387038703865 ], [ 110.520477047704773, -6.870237023702377 ], [ 110.520402040204019, -6.870387038703871 ], [ 110.520327032703264, -6.870387038703865 ] ], [ [ 110.519801980198039, -6.87046204620462 ], [ 110.519876987698765, -6.870387038703872 ], [ 110.519876987698765, -6.87046204620462 ], [ 110.519801980198039, -6.87046204620462 ] ], [ [ 110.520252025202524, -6.870462046204623 ], [ 110.520327032703264, -6.870387038703865 ], [ 110.520327032703264, -6.870462046204621 ], [ 110.520252025202524, -6.870462046204623 ] ], [ [ 110.519876987698765, -6.870537053705374 ], [ 110.51995199519952, -6.870462046204623 ], [ 110.51995199519952, -6.870537053705371 ], [ 110.519876987698765, -6.870537053705374 ] ], [ [ 110.516276627662762, -6.870612061206123 ], [ 110.516351635163517, -6.870537053705376 ], [ 110.516351635163517, -6.870612061206115 ], [ 110.516276627662762, -6.870612061206123 ] ], [ [ 110.516201620162022, -6.870687068706874 ], [ 110.516276627662762, -6.870612061206123 ], [ 110.516276627662762, -6.870687068706867 ], [ 110.516201620162022, -6.870687068706874 ] ], [ [ 110.520027002700274, -6.870762076207625 ], [ 110.520177017701769, -6.87061206120612 ], [ 110.520102010201029, -6.870762076207615 ], [ 110.520027002700274, -6.870762076207625 ] ], [ [ 110.516126612661267, -6.870762076207625 ], [ 110.516201620162022, -6.870687068706874 ], [ 110.516201620162022, -6.870762076207617 ], [ 110.516126612661267, -6.870762076207625 ] ], [ [ 110.519426942694281, -6.870912091209118 ], [ 110.519801980198039, -6.870987098709868 ], [ 110.519726972697271, -6.871137113711367 ], [ 110.519426942694281, -6.870912091209118 ] ], [ [ 110.516051605160513, -6.870912091209122 ], [ 110.516126612661267, -6.87083708370837 ], [ 110.516126612661267, -6.870912091209116 ], [ 110.516051605160513, -6.870912091209122 ] ], [ [ 110.52160216021602, -6.871137113711368 ], [ 110.521677167716774, -6.871062106210617 ], [ 110.521677167716774, -6.871137113711363 ], [ 110.52160216021602, -6.871137113711368 ] ], [ [ 110.516351635163517, -6.871212121212122 ], [ 110.516426642664271, -6.871137113711379 ], [ 110.516426642664271, -6.871212121212131 ], [ 110.516351635163517, -6.871212121212122 ] ], [ [ 110.518976897689768, -6.871287128712867 ], [ 110.519201920192017, -6.871287128712871 ], [ 110.519276927692772, -6.871512151215113 ], [ 110.518976897689768, -6.871287128712867 ] ], [ [ 110.516576657665766, -6.871362136213619 ], [ 110.516651665166521, -6.87128712871287 ], [ 110.516651665166521, -6.871362136213618 ], [ 110.516576657665766, -6.871362136213619 ] ], [ [ 110.521002100210026, -6.871512151215122 ], [ 110.521077107710781, -6.871437143714379 ], [ 110.521077107710781, -6.871512151215128 ], [ 110.521002100210026, -6.871512151215122 ] ], [ [ 110.519276927692772, -6.871587158715872 ], [ 110.519426942694281, -6.871512151215128 ], [ 110.519426942694281, -6.871587158715865 ], [ 110.519276927692772, -6.871587158715872 ] ], [ [ 110.520927092709272, -6.871587158715863 ], [ 110.521002100210026, -6.871512151215122 ], [ 110.521002100210026, -6.871587158715879 ], [ 110.520927092709272, -6.871587158715863 ] ], [ [ 110.520852085208517, -6.87166216621662 ], [ 110.520927092709272, -6.871587158715863 ], [ 110.520927092709272, -6.87166216621663 ], [ 110.520852085208517, -6.87166216621662 ] ], [ [ 110.514851485148512, -6.871962196219614 ], [ 110.515076507650761, -6.871737173717373 ], [ 110.515076507650761, -6.871812181218116 ], [ 110.514851485148512, -6.871962196219614 ] ], [ [ 110.515901590159018, -6.871812181218127 ], [ 110.515976597659773, -6.871737173717364 ], [ 110.515976597659773, -6.871812181218114 ], [ 110.515901590159018, -6.871812181218127 ] ], [ [ 110.518901890189014, -6.871812181218118 ], [ 110.518976897689768, -6.871737173717364 ], [ 110.518976897689768, -6.871812181218129 ], [ 110.518901890189014, -6.871812181218118 ] ], [ [ 110.520702070207022, -6.871887188718872 ], [ 110.520777077707791, -6.871812181218126 ], [ 110.520777077707791, -6.871887188718879 ], [ 110.520702070207022, -6.871887188718872 ] ], [ [ 110.520627062706268, -6.871962196219613 ], [ 110.520702070207022, -6.871887188718872 ], [ 110.520702070207022, -6.871962196219616 ], [ 110.520627062706268, -6.871962196219613 ] ], [ [ 110.514776477647771, -6.872112211221128 ], [ 110.514851485148512, -6.871962196219614 ], [ 110.514851485148512, -6.872112211221114 ], [ 110.514776477647771, -6.872112211221128 ] ], [ [ 110.518901890189014, -6.872037203720369 ], [ 110.518976897689768, -6.871962196219616 ], [ 110.518976897689768, -6.872037203720374 ], [ 110.518901890189014, -6.872037203720369 ] ], [ [ 110.514701470147017, -6.872187218721879 ], [ 110.514776477647771, -6.872112211221128 ], [ 110.514776477647771, -6.872187218721871 ], [ 110.514701470147017, -6.872187218721879 ] ], [ [ 110.514626462646262, -6.872262226222626 ], [ 110.514701470147017, -6.872187218721879 ], [ 110.514701470147017, -6.87226222622262 ], [ 110.514626462646262, -6.872262226222626 ] ], [ [ 110.51852685268527, -6.872562256225628 ], [ 110.518601860186024, -6.87248724872488 ], [ 110.518601860186024, -6.872562256225619 ], [ 110.51852685268527, -6.872562256225628 ] ], [ [ 110.520102010201029, -6.872562256225613 ], [ 110.520177017701769, -6.872487248724877 ], [ 110.520177017701769, -6.872562256225615 ], [ 110.520102010201029, -6.872562256225613 ] ], [ [ 110.518001800180016, -6.872637263726363 ], [ 110.518076807680771, -6.872562256225624 ], [ 110.518076807680771, -6.87263726372638 ], [ 110.518001800180016, -6.872637263726363 ] ], [ [ 110.520027002700274, -6.87263726372638 ], [ 110.520102010201029, -6.872562256225613 ], [ 110.520102010201029, -6.872637263726378 ], [ 110.520027002700274, -6.87263726372638 ] ], [ [ 110.518076807680771, -6.872712271227118 ], [ 110.518151815181511, -6.872637263726374 ], [ 110.518151815181511, -6.872712271227114 ], [ 110.518076807680771, -6.872712271227118 ] ], [ [ 110.520327032703264, -6.872712271227121 ], [ 110.520402040204019, -6.872637263726376 ], [ 110.520402040204019, -6.872712271227124 ], [ 110.520327032703264, -6.872712271227121 ] ], [ [ 110.520552055205528, -6.872787278727873 ], [ 110.520627062706268, -6.872712271227116 ], [ 110.520627062706268, -6.87278727872787 ], [ 110.520552055205528, -6.872787278727873 ] ], [ [ 110.520477047704773, -6.872862286228627 ], [ 110.520552055205528, -6.872787278727873 ], [ 110.520552055205528, -6.872862286228618 ], [ 110.520477047704773, -6.872862286228627 ] ], [ [ 110.520402040204019, -6.873012301230117 ], [ 110.520477047704773, -6.87293729372938 ], [ 110.520477047704773, -6.873012301230118 ], [ 110.520402040204019, -6.873012301230117 ] ], [ [ 110.515451545154519, -6.873162316231629 ], [ 110.51552655265526, -6.873012301230117 ], [ 110.51552655265526, -6.873162316231625 ], [ 110.515451545154519, -6.873162316231629 ] ], [ [ 110.520327032703264, -6.873087308730867 ], [ 110.520402040204019, -6.873012301230117 ], [ 110.520402040204019, -6.873087308730881 ], [ 110.520327032703264, -6.873087308730867 ] ], [ [ 110.520027002700274, -6.873237323732373 ], [ 110.520102010201029, -6.87316231623163 ], [ 110.520102010201029, -6.873237323732369 ], [ 110.520027002700274, -6.873237323732373 ] ], [ [ 110.520177017701769, -6.873237323732366 ], [ 110.520252025202524, -6.873162316231627 ], [ 110.520252025202524, -6.873237323732376 ], [ 110.520177017701769, -6.873237323732366 ] ], [ [ 110.520102010201029, -6.873387338733874 ], [ 110.520177017701769, -6.873237323732366 ], [ 110.520177017701769, -6.873387338733878 ], [ 110.520102010201029, -6.873387338733874 ] ], [ [ 110.520777077707791, -6.873312331233127 ], [ 110.520852085208517, -6.873237323732371 ], [ 110.520852085208517, -6.87331233123313 ], [ 110.520777077707791, -6.873312331233127 ] ], [ [ 110.520702070207022, -6.873387338733878 ], [ 110.520777077707791, -6.873312331233127 ], [ 110.520777077707791, -6.873387338733878 ], [ 110.520702070207022, -6.873387338733878 ] ], [ [ 110.520177017701769, -6.873537353735369 ], [ 110.520252025202524, -6.873387338733878 ], [ 110.520252025202524, -6.873537353735376 ], [ 110.520177017701769, -6.873537353735369 ] ], [ [ 110.520627062706268, -6.873462346234624 ], [ 110.520702070207022, -6.873387338733878 ], [ 110.520702070207022, -6.87346234623462 ], [ 110.520627062706268, -6.873462346234624 ] ], [ [ 110.520552055205528, -6.87353735373538 ], [ 110.520627062706268, -6.873462346234624 ], [ 110.520627062706268, -6.873537353735376 ], [ 110.520552055205528, -6.87353735373538 ] ], [ [ 110.520252025202524, -6.873612361236122 ], [ 110.520327032703264, -6.873537353735381 ], [ 110.520327032703264, -6.873612361236122 ], [ 110.520252025202524, -6.873612361236122 ] ], [ [ 110.520327032703264, -6.873762376237615 ], [ 110.520402040204019, -6.873687368736875 ], [ 110.520402040204019, -6.87376237623762 ], [ 110.520327032703264, -6.873762376237615 ] ], [ [ 110.517101710171019, -6.875412541254128 ], [ 110.517251725172514, -6.875337533753378 ], [ 110.517251725172514, -6.875412541254119 ], [ 110.517101710171019, -6.875412541254128 ] ], [ [ 110.51680168016803, -6.875637563756375 ], [ 110.51695169516951, -6.87556255625562 ], [ 110.51695169516951, -6.875637563756368 ], [ 110.51680168016803, -6.875637563756375 ] ], [ [ 110.521527152715265, -6.875712571257118 ], [ 110.521827182718269, -6.875712571257127 ], [ 110.521752175217529, -6.876012601260125 ], [ 110.521527152715265, -6.875712571257118 ] ], [ [ 110.516726672667261, -6.875712571257128 ], [ 110.51680168016803, -6.875637563756375 ], [ 110.51680168016803, -6.875712571257126 ], [ 110.516726672667261, -6.875712571257128 ] ], [ [ 110.512526252625278, -6.875787578757881 ], [ 110.512676267626759, -6.875862586258624 ], [ 110.512526252625278, -6.875862586258624 ], [ 110.512526252625278, -6.875787578757881 ] ], [ [ 110.51245124512451, -6.875937593759369 ], [ 110.512526252625278, -6.875862586258624 ], [ 110.512526252625278, -6.875937593759371 ], [ 110.51245124512451, -6.875937593759369 ] ], [ [ 110.512301230123015, -6.876087608760884 ], [ 110.51245124512451, -6.875937593759369 ], [ 110.512376237623769, -6.876087608760881 ], [ 110.512301230123015, -6.876087608760884 ] ], [ [ 110.521752175217529, -6.876162616261625 ], [ 110.521827182718269, -6.876012601260122 ], [ 110.521827182718269, -6.876162616261623 ], [ 110.521752175217529, -6.876162616261625 ] ], [ [ 110.521827182718269, -6.876237623762368 ], [ 110.521902190219024, -6.876162616261629 ], [ 110.521902190219024, -6.876237623762369 ], [ 110.521827182718269, -6.876237623762368 ] ], [ [ 110.511326132613263, -6.876462646264636 ], [ 110.511476147614758, -6.876387638763879 ], [ 110.511476147614758, -6.876462646264623 ], [ 110.511326132613263, -6.876462646264636 ] ], [ [ 110.521752175217529, -6.876612661266122 ], [ 110.521827182718269, -6.876537653765384 ], [ 110.521827182718269, -6.876612661266127 ], [ 110.521752175217529, -6.876612661266122 ] ], [ [ 110.521677167716774, -6.87676267626762 ], [ 110.521752175217529, -6.876687668766878 ], [ 110.521752175217529, -6.876762676267619 ], [ 110.521677167716774, -6.87676267626762 ] ], [ [ 110.52160216021602, -6.876837683768371 ], [ 110.521677167716774, -6.87676267626762 ], [ 110.521677167716774, -6.876837683768371 ], [ 110.52160216021602, -6.876837683768371 ] ], [ [ 110.521527152715265, -6.876987698769869 ], [ 110.52160216021602, -6.876912691269132 ], [ 110.52160216021602, -6.876987698769883 ], [ 110.521527152715265, -6.876987698769869 ] ], [ [ 110.521452145214539, -6.877062706270631 ], [ 110.521527152715265, -6.876987698769869 ], [ 110.521527152715265, -6.877062706270626 ], [ 110.521452145214539, -6.877062706270631 ] ], [ [ 110.52137713771377, -6.877212721272127 ], [ 110.521452145214539, -6.877137713771381 ], [ 110.521452145214539, -6.877212721272119 ], [ 110.52137713771377, -6.877212721272127 ] ], [ [ 110.521302130213016, -6.877287728772881 ], [ 110.52137713771377, -6.877212721272127 ], [ 110.52137713771377, -6.877287728772873 ], [ 110.521302130213016, -6.877287728772881 ] ], [ [ 110.521227122712276, -6.877437743774372 ], [ 110.521302130213016, -6.87736273627362 ], [ 110.521302130213016, -6.877437743774379 ], [ 110.521227122712276, -6.877437743774372 ] ], [ [ 110.521152115211521, -6.877512751275131 ], [ 110.521227122712276, -6.877437743774372 ], [ 110.521227122712276, -6.877512751275124 ], [ 110.521152115211521, -6.877512751275131 ] ], [ [ 110.521077107710781, -6.877662766276633 ], [ 110.521152115211521, -6.877587758775876 ], [ 110.521152115211521, -6.877662766276624 ], [ 110.521077107710781, -6.877662766276633 ] ], [ [ 110.521002100210026, -6.87781278127813 ], [ 110.521077107710781, -6.877662766276633 ], [ 110.521077107710781, -6.877812781278134 ], [ 110.521002100210026, -6.87781278127813 ] ], [ [ 110.520927092709272, -6.877887788778873 ], [ 110.521002100210026, -6.87781278127813 ], [ 110.521002100210026, -6.877887788778882 ], [ 110.520927092709272, -6.877887788778873 ] ], [ [ 110.520852085208517, -6.878037803780374 ], [ 110.520927092709272, -6.877962796279633 ], [ 110.520927092709272, -6.878037803780383 ], [ 110.520852085208517, -6.878037803780374 ] ], [ [ 110.520552055205528, -6.878562856285622 ], [ 110.520627062706268, -6.878487848784875 ], [ 110.520627062706268, -6.878562856285633 ], [ 110.520552055205528, -6.878562856285622 ] ], [ [ 110.510876087608779, -6.879912991299137 ], [ 110.512076207620765, -6.879462946294629 ], [ 110.510276027602757, -6.880813081308122 ], [ 110.510726072607255, -6.881863186318636 ], [ 110.509675967596763, -6.882088208820875 ], [ 110.510576057605761, -6.88321332133213 ], [ 110.508625862586257, -6.883438343834385 ], [ 110.50915091509151, -6.879162916291631 ], [ 110.510126012601262, -6.880363036303629 ], [ 110.510351035103511, -6.879762976297631 ], [ 110.51050105010502, -6.879987998799874 ], [ 110.510876087608779, -6.879912991299137 ] ], [ [ 110.51215121512152, -6.879312931293132 ], [ 110.51222622262226, -6.879162916291632 ], [ 110.51222622262226, -6.879312931293134 ], [ 110.51215121512152, -6.879312931293132 ] ], [ [ 110.510576057605761, -6.879912991299125 ], [ 110.510651065106515, -6.879837983798375 ], [ 110.510651065106515, -6.879912991299127 ], [ 110.510576057605761, -6.879912991299125 ] ], [ [ 110.518901890189014, -6.880513051305135 ], [ 110.519051905190523, -6.880363036303628 ], [ 110.518976897689768, -6.880513051305139 ], [ 110.518901890189014, -6.880513051305135 ] ], [ [ 110.511401140114017, -6.881113111311138 ], [ 110.511476147614758, -6.881038103810387 ], [ 110.511476147614758, -6.881113111311137 ], [ 110.511401140114017, -6.881113111311138 ] ], [ [ 110.51852685268527, -6.881263126312637 ], [ 110.518751875187519, -6.88111311131113 ], [ 110.518676867686764, -6.881338133813382 ], [ 110.51852685268527, -6.881263126312637 ] ], [ [ 110.511251125112508, -6.881188118811885 ], [ 110.511326132613263, -6.881113111311126 ], [ 110.511326132613263, -6.881188118811872 ], [ 110.511251125112508, -6.881188118811885 ] ], [ [ 110.511176117611768, -6.881263126312628 ], [ 110.511251125112508, -6.881188118811885 ], [ 110.511251125112508, -6.881263126312625 ], [ 110.511176117611768, -6.881263126312628 ] ], [ [ 110.510951095109505, -6.881338133813378 ], [ 110.511176117611768, -6.881338133813378 ], [ 110.510951095109505, -6.881413141314132 ], [ 110.510951095109505, -6.881338133813378 ] ], [ [ 110.510876087608779, -6.881488148814881 ], [ 110.510951095109505, -6.881413141314132 ], [ 110.510951095109505, -6.881488148814874 ], [ 110.510876087608779, -6.881488148814881 ] ], [ [ 110.510276027602757, -6.882163216321629 ], [ 110.510351035103511, -6.882088208820877 ], [ 110.510351035103511, -6.882163216321638 ], [ 110.510276027602757, -6.882163216321629 ] ], [ [ 110.510126012601262, -6.882388238823888 ], [ 110.510201020102031, -6.882313231323137 ], [ 110.510201020102031, -6.882388238823882 ], [ 110.510126012601262, -6.882388238823888 ] ], [ [ 110.510651065106515, -6.882538253825382 ], [ 110.510726072607255, -6.882463246324628 ], [ 110.510726072607255, -6.882538253825379 ], [ 110.510651065106515, -6.882538253825382 ] ], [ [ 110.516351635163517, -6.883813381338134 ], [ 110.516426642664271, -6.88366336633664 ], [ 110.516426642664271, -6.883813381338133 ], [ 110.516351635163517, -6.883813381338134 ] ], [ [ 110.513426342634261, -6.884413441344142 ], [ 110.51357635763577, -6.884338433843378 ], [ 110.51357635763577, -6.884413441344131 ], [ 110.513426342634261, -6.884413441344142 ] ], [ [ 110.508850885088506, -6.884563456345636 ], [ 110.511476147614758, -6.884713471347134 ], [ 110.51185118511853, -6.885313531353131 ], [ 110.510576057605761, -6.88621362136213 ], [ 110.508850885088506, -6.884563456345636 ] ], [ [ 110.508625862586257, -6.884713471347133 ], [ 110.508775877587752, -6.884638463846381 ], [ 110.508775877587752, -6.884713471347135 ], [ 110.508625862586257, -6.884713471347133 ] ], [ [ 110.507125712571252, -6.885013501350134 ], [ 110.508775877587752, -6.885013501350129 ], [ 110.510051005100507, -6.886138613861387 ], [ 110.508700870087011, -6.88546354635463 ], [ 110.506825682568262, -6.886738673867383 ], [ 110.507125712571252, -6.885013501350134 ] ], [ [ 110.509000900090015, -6.88598859885988 ], [ 110.509075907590756, -6.885913591359128 ], [ 110.509075907590756, -6.885988598859886 ], [ 110.509000900090015, -6.88598859885988 ] ], [ [ 110.508925892589261, -6.886138613861386 ], [ 110.509000900090015, -6.886063606360628 ], [ 110.509000900090015, -6.886138613861395 ], [ 110.508925892589261, -6.886138613861386 ] ], [ [ 110.509375937593759, -6.886213621362135 ], [ 110.509450945094514, -6.886063606360631 ], [ 110.509450945094514, -6.886213621362131 ], [ 110.509375937593759, -6.886213621362135 ] ], [ [ 110.508850885088506, -6.886213621362129 ], [ 110.508925892589261, -6.886138613861386 ], [ 110.508925892589261, -6.886213621362142 ], [ 110.508850885088506, -6.886213621362129 ] ], [ [ 110.509300930093005, -6.886288628862891 ], [ 110.509375937593759, -6.886213621362135 ], [ 110.509375937593759, -6.886288628862893 ], [ 110.509300930093005, -6.886288628862891 ] ], [ [ 110.510726072607255, -6.88628862886288 ], [ 110.51080108010801, -6.886213621362137 ], [ 110.51080108010801, -6.88628862886289 ], [ 110.510726072607255, -6.88628862886288 ] ], [ [ 110.508775877587752, -6.886363636363639 ], [ 110.508850885088506, -6.886288628862891 ], [ 110.508850885088506, -6.886363636363638 ], [ 110.508775877587752, -6.886363636363639 ] ], [ [ 110.507350735073501, -6.886588658865888 ], [ 110.507650765076505, -6.886813681368136 ], [ 110.507350735073501, -6.886888688868891 ], [ 110.507350735073501, -6.886588658865888 ] ], [ [ 110.507875787578769, -6.887188718871885 ], [ 110.508175817581758, -6.887113711371141 ], [ 110.507875787578769, -6.887263726372637 ], [ 110.507875787578769, -6.887188718871885 ] ], [ [ 110.508250825082513, -6.887188718871895 ], [ 110.508325832583253, -6.887113711371136 ], [ 110.508325832583253, -6.887188718871895 ], [ 110.508250825082513, -6.887188718871895 ] ], [ [ 110.508175817581758, -6.887263726372636 ], [ 110.508250825082513, -6.887188718871895 ], [ 110.508250825082513, -6.887263726372642 ], [ 110.508175817581758, -6.887263726372636 ] ], [ [ 110.51522652265227, -6.887788778877889 ], [ 110.515376537653765, -6.887863786378642 ], [ 110.51522652265227, -6.887863786378628 ], [ 110.51522652265227, -6.887788778877889 ] ], [ [ 110.51350135013503, -6.888163816381641 ], [ 110.51522652265227, -6.889663966396646 ], [ 110.51515151515153, -6.890039003900394 ], [ 110.514251425142518, -6.889588958895887 ], [ 110.51350135013503, -6.888163816381641 ] ], [ [ 110.513351335133507, -6.888313831383142 ], [ 110.513426342634261, -6.888238823882393 ], [ 110.513426342634261, -6.888313831383145 ], [ 110.513351335133507, -6.888313831383142 ] ], [ [ 110.513426342634261, -6.888388838883882 ], [ 110.51350135013503, -6.88831383138314 ], [ 110.51350135013503, -6.888388838883883 ], [ 110.513426342634261, -6.888388838883882 ] ], [ [ 110.513726372637265, -6.889213921392141 ], [ 110.51380138013802, -6.889138913891382 ], [ 110.51380138013802, -6.889213921392132 ], [ 110.513726372637265, -6.889213921392141 ] ], [ [ 110.512526252625278, -6.889888988898894 ], [ 110.512601260126019, -6.889813981398137 ], [ 110.512601260126019, -6.889888988898882 ], [ 110.512526252625278, -6.889888988898894 ] ], [ [ 110.5061506150615, -6.89026402640263 ], [ 110.506225622562269, -6.890189018901885 ], [ 110.506225622562269, -6.890264026402637 ], [ 110.5061506150615, -6.89026402640263 ] ], [ [ 110.506225622562269, -6.890339033903393 ], [ 110.506300630063009, -6.890264026402646 ], [ 110.506300630063009, -6.890339033903387 ], [ 110.506225622562269, -6.890339033903393 ] ], [ [ 110.512076207620765, -6.891464146414637 ], [ 110.51215121512152, -6.891389138913888 ], [ 110.51215121512152, -6.891464146414638 ], [ 110.512076207620765, -6.891464146414637 ] ], [ [ 110.504050405040502, -6.894014401440147 ], [ 110.504350435043506, -6.89341434143414 ], [ 110.505325532553258, -6.894539453945395 ], [ 110.504050405040502, -6.894014401440147 ] ], [ [ 110.504875487548759, -6.893939393939396 ], [ 110.505025502550254, -6.893864386438645 ], [ 110.505100510051008, -6.894014401440141 ], [ 110.504875487548759, -6.893939393939396 ] ], [ [ 110.507350735073501, -6.894689468946892 ], [ 110.508100810081004, -6.894539453945397 ], [ 110.508025802580264, -6.894839483948392 ], [ 110.507350735073501, -6.894689468946892 ] ], [ [ 110.507350735073501, -6.895064506450653 ], [ 110.507575757575751, -6.894839483948391 ], [ 110.507650765076505, -6.895139513951394 ], [ 110.507350735073501, -6.895064506450653 ] ], [ [ 110.506975697569757, -6.895139513951395 ], [ 110.507050705070512, -6.895064506450646 ], [ 110.507050705070512, -6.895139513951397 ], [ 110.506975697569757, -6.895139513951395 ] ], [ [ 110.507200720072007, -6.895214521452143 ], [ 110.507275727572761, -6.895139513951389 ], [ 110.507275727572761, -6.895214521452147 ], [ 110.507200720072007, -6.895214521452143 ] ], [ [ 110.507050705070512, -6.895289528952893 ], [ 110.507200720072007, -6.895214521452143 ], [ 110.507200720072007, -6.895364536453645 ], [ 110.507050705070512, -6.895289528952893 ] ], [ [ 110.502475247524757, -6.895739573957405 ], [ 110.502775277527746, -6.895439543954397 ], [ 110.502700270027006, -6.895889588958891 ], [ 110.502475247524757, -6.895739573957405 ] ], [ [ 110.498649864986518, -6.89798979897989 ], [ 110.498874887488753, -6.897839783978389 ], [ 110.498874887488753, -6.898064806480652 ], [ 110.498649864986518, -6.89798979897989 ] ], [ [ 110.4983498349835, -6.900315031503147 ], [ 110.498949894989508, -6.900090009000899 ], [ 110.499024902490248, -6.900315031503148 ], [ 110.4983498349835, -6.900315031503147 ] ], [ [ 110.49557455745574, -6.904215421542149 ], [ 110.495649564956508, -6.904140414041404 ], [ 110.495649564956508, -6.904215421542154 ], [ 110.49557455745574, -6.904215421542149 ] ], [ [ 110.500300030003018, -6.906015601560159 ], [ 110.500525052505253, -6.906090609060903 ], [ 110.500300030003018, -6.906240624062403 ], [ 110.500300030003018, -6.906015601560159 ] ], [ [ 110.492799279927993, -6.906540654065405 ], [ 110.49692469246925, -6.908415841584159 ], [ 110.497299729973008, -6.909990999099909 ], [ 110.495949594959498, -6.909165916591657 ], [ 110.495199519951996, -6.909315931593161 ], [ 110.492799279927993, -6.906540654065405 ] ], [ [ 110.500750075007502, -6.906765676567654 ], [ 110.500825082508257, -6.906690669066906 ], [ 110.500825082508257, -6.906765676567651 ], [ 110.500750075007502, -6.906765676567654 ] ], [ [ 110.50127512751277, -6.906765676567655 ], [ 110.501350135013496, -6.906690669066911 ], [ 110.501350135013496, -6.906765676567661 ], [ 110.50127512751277, -6.906765676567655 ] ], [ [ 110.490174017401742, -6.908340834083399 ], [ 110.496099609960993, -6.912766276627664 ], [ 110.495874587458744, -6.913741374137415 ], [ 110.49227422742274, -6.910891089108915 ], [ 110.492649264926499, -6.912166216621666 ], [ 110.492124212421245, -6.912091209120919 ], [ 110.490549054905486, -6.913366336633655 ], [ 110.490699069906995, -6.915616561656172 ], [ 110.491749174917487, -6.916741674167411 ], [ 110.493324332433247, -6.915841584158412 ], [ 110.493699369936991, -6.918016801680174 ], [ 110.489498949894994, -6.917641764176412 ], [ 110.489873987398738, -6.915466546654671 ], [ 110.485298529852983, -6.913966396639665 ], [ 110.488373837383747, -6.909315931593162 ], [ 110.490474047404746, -6.909915991599159 ], [ 110.490174017401742, -6.908340834083399 ] ], [ [ 110.495724572457249, -6.909315931593157 ], [ 110.495799579957989, -6.909240924092407 ], [ 110.495799579957989, -6.909315931593165 ], [ 110.495724572457249, -6.909315931593157 ] ], [ [ 110.495649564956508, -6.909390939093905 ], [ 110.495724572457249, -6.909315931593157 ], [ 110.495724572457249, -6.909390939093914 ], [ 110.495649564956508, -6.909390939093905 ] ], [ [ 110.497224722472254, -6.909615961596155 ], [ 110.497299729973008, -6.909540954095416 ], [ 110.497299729973008, -6.909615961596153 ], [ 110.497224722472254, -6.909615961596155 ] ], [ [ 110.494524452445248, -6.909915991599156 ], [ 110.495874587458744, -6.909990999099906 ], [ 110.49557455745574, -6.910741074107405 ], [ 110.494524452445248, -6.909915991599156 ] ], [ [ 110.496024602460267, -6.910066006600653 ], [ 110.496699669967001, -6.910141014101403 ], [ 110.496024602460267, -6.910366036603651 ], [ 110.496024602460267, -6.910066006600653 ] ], [ [ 110.497824782478247, -6.909915991599162 ], [ 110.497974797479742, -6.909840984098409 ], [ 110.497974797479742, -6.909915991599166 ], [ 110.497824782478247, -6.909915991599162 ] ], [ [ 110.497299729973008, -6.910141014101415 ], [ 110.497374737473748, -6.910066006600661 ], [ 110.497374737473748, -6.910141014101415 ], [ 110.497299729973008, -6.910141014101415 ] ], [ [ 110.498199819981991, -6.910141014101408 ], [ 110.4983498349835, -6.910066006600668 ], [ 110.4983498349835, -6.910141014101406 ], [ 110.498199819981991, -6.910141014101408 ] ], [ [ 110.496474647464751, -6.910741074107417 ], [ 110.496774677467741, -6.910516051605168 ], [ 110.496699669967001, -6.910741074107417 ], [ 110.496474647464751, -6.910741074107417 ] ], [ [ 110.49692469246925, -6.910591059105915 ], [ 110.497074707470745, -6.910441044104414 ], [ 110.497074707470745, -6.910591059105909 ], [ 110.49692469246925, -6.910591059105915 ] ], [ [ 110.49557455745574, -6.910816081608166 ], [ 110.495649564956508, -6.910741074107406 ], [ 110.495649564956508, -6.910816081608153 ], [ 110.49557455745574, -6.910816081608166 ] ], [ [ 110.495724572457249, -6.911041104110415 ], [ 110.495799579957989, -6.910966096609656 ], [ 110.495799579957989, -6.911041104110413 ], [ 110.495724572457249, -6.911041104110415 ] ], [ [ 110.496699669967001, -6.911041104110407 ], [ 110.496774677467741, -6.910966096609666 ], [ 110.496774677467741, -6.911041104110407 ], [ 110.496699669967001, -6.911041104110407 ] ], [ [ 110.495799579957989, -6.911116111611156 ], [ 110.495874587458744, -6.911041104110412 ], [ 110.495874587458744, -6.911116111611158 ], [ 110.495799579957989, -6.911116111611156 ] ], [ [ 110.495874587458744, -6.911116111611158 ], [ 110.497374737473748, -6.911341134113411 ], [ 110.497674767476752, -6.911866186618656 ], [ 110.497074707470745, -6.912466246624662 ], [ 110.495874587458744, -6.911116111611158 ] ], [ [ 110.496774677467741, -6.912616261626162 ], [ 110.49699969996999, -6.912541254125403 ], [ 110.49699969996999, -6.912691269126914 ], [ 110.496774677467741, -6.912616261626162 ] ], [ [ 110.497299729973008, -6.912691269126911 ], [ 110.497674767476752, -6.912541254125419 ], [ 110.497599759975998, -6.912841284128405 ], [ 110.497299729973008, -6.912691269126911 ] ], [ [ 110.491674167416747, -6.912766276627664 ], [ 110.491749174917487, -6.912691269126919 ], [ 110.491749174917487, -6.91276627662767 ], [ 110.491674167416747, -6.912766276627664 ] ], [ [ 110.497599759975998, -6.91306630663066 ], [ 110.497974797479742, -6.91306630663066 ], [ 110.497899789979002, -6.913291329132914 ], [ 110.497599759975998, -6.91306630663066 ] ], [ [ 110.497299729973008, -6.912991299129908 ], [ 110.500600060006008, -6.915091509150906 ], [ 110.499699969996996, -6.91501650165017 ], [ 110.500675067506748, -6.916216621662168 ], [ 110.497299729973008, -6.912991299129908 ] ], [ [ 110.491749174917487, -6.913216321632166 ], [ 110.491899189918996, -6.913066306630667 ], [ 110.491824182418242, -6.913216321632155 ], [ 110.491749174917487, -6.913216321632166 ] ], [ [ 110.49084908490849, -6.913591359135919 ], [ 110.490924092409244, -6.913516351635169 ], [ 110.490924092409244, -6.913591359135919 ], [ 110.49084908490849, -6.913591359135919 ] ], [ [ 110.496399639963997, -6.91464146414642 ], [ 110.496774677467741, -6.914791479147919 ], [ 110.496624662466246, -6.915466546654665 ], [ 110.496399639963997, -6.91464146414642 ] ], [ [ 110.495724572457249, -6.914266426642663 ], [ 110.495799579957989, -6.914191419141915 ], [ 110.495799579957989, -6.914266426642661 ], [ 110.495724572457249, -6.914266426642663 ] ], [ [ 110.499474947494747, -6.914341434143414 ], [ 110.499549954995501, -6.914191419141913 ], [ 110.499549954995501, -6.91434143414342 ], [ 110.499474947494747, -6.914341434143414 ] ], [ [ 110.495799579957989, -6.914341434143408 ], [ 110.495874587458744, -6.914266426642671 ], [ 110.495874587458744, -6.914341434143421 ], [ 110.495799579957989, -6.914341434143408 ] ], [ [ 110.490999099909985, -6.914416441644165 ], [ 110.491074107410739, -6.91434143414341 ], [ 110.491074107410739, -6.914416441644171 ], [ 110.490999099909985, -6.914416441644165 ] ], [ [ 110.492124212421245, -6.914791479147913 ], [ 110.492649264926499, -6.91464146414642 ], [ 110.492649264926499, -6.914866486648667 ], [ 110.492124212421245, -6.914791479147913 ] ], [ [ 110.491299129912989, -6.914716471647161 ], [ 110.491374137413757, -6.914641464146414 ], [ 110.491374137413757, -6.914716471647156 ], [ 110.491299129912989, -6.914716471647161 ] ], [ [ 110.491449144914498, -6.914791479147915 ], [ 110.491524152415238, -6.914716471647167 ], [ 110.491524152415238, -6.914791479147912 ], [ 110.491449144914498, -6.914791479147915 ] ], [ [ 110.491524152415238, -6.914866486648659 ], [ 110.491599159915992, -6.914791479147921 ], [ 110.491599159915992, -6.914866486648659 ], [ 110.491524152415238, -6.914866486648659 ] ], [ [ 110.492424242424249, -6.915241524152415 ], [ 110.49249924992499, -6.915166516651664 ], [ 110.49249924992499, -6.915241524152413 ], [ 110.492424242424249, -6.915241524152415 ] ], [ [ 110.482373237323728, -6.915316531653169 ], [ 110.484098409840996, -6.917116711671173 ], [ 110.483948394839487, -6.918016801680176 ], [ 110.481848184818489, -6.916216621662164 ], [ 110.482373237323728, -6.915316531653169 ] ], [ [ 110.500600060006008, -6.915766576657659 ], [ 110.500825082508257, -6.915541554155413 ], [ 110.500825082508257, -6.915916591659163 ], [ 110.500600060006008, -6.915766576657659 ] ], [ [ 110.492574257425744, -6.915466546654661 ], [ 110.492649264926499, -6.915391539153917 ], [ 110.492649264926499, -6.91546654665467 ], [ 110.492574257425744, -6.915466546654661 ] ], [ [ 110.488898889888986, -6.915541554155423 ], [ 110.488973897389741, -6.915466546654672 ], [ 110.488973897389741, -6.915541554155415 ], [ 110.488898889888986, -6.915541554155423 ] ], [ [ 110.496549654965492, -6.915766576657668 ], [ 110.496699669967001, -6.915541554155413 ], [ 110.496699669967001, -6.91584158415842 ], [ 110.496549654965492, -6.915766576657668 ] ], [ [ 110.494299429942998, -6.915841584158414 ], [ 110.494449444944493, -6.915766576657668 ], [ 110.494449444944493, -6.915841584158411 ], [ 110.494299429942998, -6.915841584158414 ] ], [ [ 110.496774677467741, -6.915991599159917 ], [ 110.496849684968495, -6.915916591659165 ], [ 110.496849684968495, -6.915991599159909 ], [ 110.496774677467741, -6.915991599159917 ] ], [ [ 110.500825082508257, -6.915991599159909 ], [ 110.501125112511247, -6.916066606660674 ], [ 110.500900090008997, -6.916141614161416 ], [ 110.500825082508257, -6.915991599159909 ] ], [ [ 110.49692469246925, -6.916216621662172 ], [ 110.497074707470745, -6.91606660666066 ], [ 110.49699969996999, -6.916216621662167 ], [ 110.49692469246925, -6.916216621662172 ] ], [ [ 110.49392439243924, -6.916216621662161 ], [ 110.493999399940009, -6.916141614161415 ], [ 110.493999399940009, -6.916216621662171 ], [ 110.49392439243924, -6.916216621662161 ] ], [ [ 110.488223822382238, -6.916891689168915 ], [ 110.489048904890495, -6.91636663666367 ], [ 110.489498949894994, -6.91734173417342 ], [ 110.488223822382238, -6.916891689168915 ] ], [ [ 110.489498949894994, -6.916291629162918 ], [ 110.489573957395734, -6.916216621662171 ], [ 110.489573957395734, -6.916291629162921 ], [ 110.489498949894994, -6.916291629162918 ] ], [ [ 110.491749174917487, -6.916291629162916 ], [ 110.491824182418242, -6.916216621662166 ], [ 110.491824182418242, -6.916291629162922 ], [ 110.491749174917487, -6.916291629162916 ] ], [ [ 110.4938493849385, -6.916291629162909 ], [ 110.49392439243924, -6.916216621662161 ], [ 110.49392439243924, -6.916291629162915 ], [ 110.4938493849385, -6.916291629162909 ] ], [ [ 110.497074707470745, -6.916291629162911 ], [ 110.497149714971499, -6.916216621662174 ], [ 110.497149714971499, -6.91629162916291 ], [ 110.497074707470745, -6.916291629162911 ] ], [ [ 110.497299729973008, -6.916291629162923 ], [ 110.497449744974503, -6.91621662166217 ], [ 110.497449744974503, -6.916291629162921 ], [ 110.497299729973008, -6.916291629162923 ] ], [ [ 110.497524752475243, -6.916441644164409 ], [ 110.497674767476752, -6.916216621662162 ], [ 110.498049804980496, -6.916516651665162 ], [ 110.497524752475243, -6.916441644164409 ] ], [ [ 110.492049204920491, -6.916441644164411 ], [ 110.492124212421245, -6.916291629162923 ], [ 110.492124212421245, -6.916441644164422 ], [ 110.492049204920491, -6.916441644164411 ] ], [ [ 110.500600060006008, -6.916516651665161 ], [ 110.500675067506748, -6.916441644164421 ], [ 110.500675067506748, -6.916516651665159 ], [ 110.500600060006008, -6.916516651665161 ] ], [ [ 110.500525052505253, -6.916666666666672 ], [ 110.500600060006008, -6.916516651665161 ], [ 110.500600060006008, -6.916666666666668 ], [ 110.500525052505253, -6.916666666666672 ] ], [ [ 110.501050105010506, -6.91674167416741 ], [ 110.501200120012001, -6.916666666666672 ], [ 110.501200120012001, -6.916741674167423 ], [ 110.501050105010506, -6.91674167416741 ] ], [ [ 110.501200120012001, -6.916816681668174 ], [ 110.50127512751277, -6.916741674167409 ], [ 110.50127512751277, -6.916816681668172 ], [ 110.501200120012001, -6.916816681668174 ] ], [ [ 110.491674167416747, -6.91846684668467 ], [ 110.491749174917487, -6.918391839183911 ], [ 110.491749174917487, -6.918466846684661 ], [ 110.491674167416747, -6.91846684668467 ] ], [ [ 110.491599159915992, -6.91854185418542 ], [ 110.491674167416747, -6.91846684668467 ], [ 110.491674167416747, -6.918541854185415 ], [ 110.491599159915992, -6.91854185418542 ] ], [ [ 110.490774077407735, -6.919066906690663 ], [ 110.491524152415238, -6.919141914191417 ], [ 110.490774077407735, -6.919216921692164 ], [ 110.490774077407735, -6.919066906690663 ] ], [ [ 110.491224122412248, -6.919516951695169 ], [ 110.491299129912989, -6.919366936693672 ], [ 110.491374137413757, -6.919516951695174 ], [ 110.491224122412248, -6.919516951695169 ] ], [ [ 110.49534953495349, -6.920642064206418 ], [ 110.495424542454245, -6.920567056705674 ], [ 110.495424542454245, -6.920642064206418 ], [ 110.49534953495349, -6.920642064206418 ] ], [ [ 110.494824482448252, -6.920792079207924 ], [ 110.494899489948992, -6.920717071707175 ], [ 110.494899489948992, -6.920792079207915 ], [ 110.494824482448252, -6.920792079207924 ] ], [ [ 110.496699669967001, -6.920942094209413 ], [ 110.49699969996999, -6.920867086708671 ], [ 110.49699969996999, -6.920942094209419 ], [ 110.496699669967001, -6.920942094209413 ] ], [ [ 110.49699969996999, -6.92101710171017 ], [ 110.497299729973008, -6.920942094209421 ], [ 110.497299729973008, -6.921017101710172 ], [ 110.49699969996999, -6.92101710171017 ] ], [ [ 110.49699969996999, -6.921467146714661 ], [ 110.497599759975998, -6.92116711671167 ], [ 110.497149714971499, -6.921617161716165 ], [ 110.49699969996999, -6.921467146714661 ] ], [ [ 110.494599459945988, -6.921692169216914 ], [ 110.495049504950501, -6.921542154215425 ], [ 110.494899489948992, -6.921842184218416 ], [ 110.494599459945988, -6.921692169216914 ] ], [ [ 110.494224422442244, -6.92146714671467 ], [ 110.494299429942998, -6.921392139213915 ], [ 110.494299429942998, -6.92146714671467 ], [ 110.494224422442244, -6.92146714671467 ] ], [ [ 110.487698769876985, -6.921842184218425 ], [ 110.489798979897984, -6.924242424242417 ], [ 110.489348934893485, -6.924842484248433 ], [ 110.488598859885983, -6.924467446744665 ], [ 110.489123912391236, -6.924242424242422 ], [ 110.487848784878494, -6.922817281728174 ], [ 110.487398739873996, -6.924017401740173 ], [ 110.486873687368742, -6.923942394239419 ], [ 110.487398739873996, -6.922967296729678 ], [ 110.486648664866493, -6.921992199219925 ], [ 110.487698769876985, -6.921842184218425 ] ], [ [ 110.494449444944493, -6.921992199219928 ], [ 110.494524452445248, -6.921842184218419 ], [ 110.494599459945988, -6.921992199219932 ], [ 110.494449444944493, -6.921992199219928 ] ], [ [ 110.494299429942998, -6.922067206720666 ], [ 110.494449444944493, -6.921992199219928 ], [ 110.494449444944493, -6.922067206720675 ], [ 110.494299429942998, -6.922067206720666 ] ], [ [ 110.494599459945988, -6.922142214221425 ], [ 110.494674467446757, -6.922067206720675 ], [ 110.494674467446757, -6.922142214221418 ], [ 110.494599459945988, -6.922142214221425 ] ], [ [ 110.488298829882993, -6.922217221722174 ], [ 110.488373837383747, -6.922142214221415 ], [ 110.488373837383747, -6.922217221722162 ], [ 110.488298829882993, -6.922217221722174 ] ], [ [ 110.49527452745275, -6.922817281728163 ], [ 110.495649564956508, -6.922517251725179 ], [ 110.496024602460267, -6.923042304230421 ], [ 110.49527452745275, -6.922817281728163 ] ], [ [ 110.487098709871006, -6.923117311731169 ], [ 110.487173717371732, -6.923042304230427 ], [ 110.487173717371732, -6.923117311731164 ], [ 110.487098709871006, -6.923117311731169 ] ], [ [ 110.486498649864984, -6.923192319231926 ], [ 110.486648664866493, -6.923117311731172 ], [ 110.486648664866493, -6.923267326732682 ], [ 110.486498649864984, -6.923192319231926 ] ], [ [ 110.488073807380758, -6.923342334233431 ], [ 110.488148814881484, -6.923267326732664 ], [ 110.488148814881484, -6.923342334233427 ], [ 110.488073807380758, -6.923342334233431 ] ], [ [ 110.487923792379235, -6.92349234923492 ], [ 110.488223822382238, -6.923492349234918 ], [ 110.487923792379235, -6.923717371737178 ], [ 110.487923792379235, -6.92349234923492 ] ], [ [ 110.489348934893485, -6.923567356735675 ], [ 110.489423942394239, -6.923492349234921 ], [ 110.489423942394239, -6.923567356735673 ], [ 110.489348934893485, -6.923567356735675 ] ], [ [ 110.488073807380758, -6.923792379237924 ], [ 110.488523852385242, -6.923717371737172 ], [ 110.488523852385242, -6.92416741674168 ], [ 110.488073807380758, -6.923792379237924 ] ], [ [ 110.477947794779482, -6.924017401740169 ], [ 110.478247824782471, -6.923792379237922 ], [ 110.478322832283226, -6.923942394239421 ], [ 110.477947794779482, -6.924017401740169 ] ], [ [ 110.478322832283226, -6.923942394239421 ], [ 110.48477347734773, -6.928217821782185 ], [ 110.488148814881484, -6.929642964296437 ], [ 110.491449144914498, -6.931443144314427 ], [ 110.487323732373241, -6.92956795679568 ], [ 110.487098709871006, -6.929867986798673 ], [ 110.486573657365739, -6.929342934293429 ], [ 110.486048604860486, -6.929567956795681 ], [ 110.485523552355232, -6.929117911791186 ], [ 110.48469846984699, -6.929342934293438 ], [ 110.48447344734474, -6.928967896789685 ], [ 110.483723372337238, -6.928967896789672 ], [ 110.478322832283226, -6.923942394239421 ] ], [ [ 110.489798979897984, -6.92439243924392 ], [ 110.489873987398738, -6.924317431743173 ], [ 110.489873987398738, -6.92439243924392 ], [ 110.489798979897984, -6.92439243924392 ] ], [ [ 110.497749774977493, -6.924467446744675 ], [ 110.497899789979002, -6.924392439243921 ], [ 110.497899789979002, -6.924542454245419 ], [ 110.497749774977493, -6.924467446744675 ] ], [ [ 110.489723972397258, -6.924767476747671 ], [ 110.490024002400247, -6.92454245424542 ], [ 110.489948994899493, -6.924767476747669 ], [ 110.489723972397258, -6.924767476747671 ] ], [ [ 110.497974797479742, -6.92461746174617 ], [ 110.498049804980496, -6.924542454245418 ], [ 110.498049804980496, -6.924617461746175 ], [ 110.497974797479742, -6.92461746174617 ] ], [ [ 110.489273927392745, -6.925142514251423 ], [ 110.489573957395734, -6.924917491749179 ], [ 110.490024002400247, -6.925142514251425 ], [ 110.489273927392745, -6.925142514251423 ] ], [ [ 110.490099009900987, -6.924842484248424 ], [ 110.490174017401742, -6.924692469246921 ], [ 110.490249024902496, -6.924842484248427 ], [ 110.490099009900987, -6.924842484248424 ] ], [ [ 110.489948994899493, -6.924917491749174 ], [ 110.490099009900987, -6.924842484248424 ], [ 110.490174017401742, -6.925067506750668 ], [ 110.489948994899493, -6.924917491749174 ] ], [ [ 110.490174017401742, -6.925142514251428 ], [ 110.490549054905486, -6.92491749174917 ], [ 110.490399039903991, -6.925217521752177 ], [ 110.490324032403237, -6.925142514251429 ], [ 110.490174017401742, -6.925142514251428 ] ], [ [ 110.490699069906995, -6.924992499249925 ], [ 110.492649264926499, -6.92611761176118 ], [ 110.492424242424249, -6.926942694269427 ], [ 110.491224122412248, -6.926267626762682 ], [ 110.491449144914498, -6.925817581758175 ], [ 110.490699069906995, -6.924992499249925 ] ], [ [ 110.490099009900987, -6.925217521752178 ], [ 110.490174017401742, -6.925142514251428 ], [ 110.490174017401742, -6.925217521752175 ], [ 110.490099009900987, -6.925217521752178 ] ], [ [ 110.489873987398738, -6.925367536753684 ], [ 110.490249024902496, -6.925217521752181 ], [ 110.490324032403237, -6.925442544254431 ], [ 110.489873987398738, -6.925367536753684 ] ], [ [ 110.498874887488753, -6.925292529252927 ], [ 110.498949894989508, -6.925217521752178 ], [ 110.498949894989508, -6.925292529252921 ], [ 110.498874887488753, -6.925292529252927 ] ], [ [ 110.490399039903991, -6.925442544254427 ], [ 110.490474047404746, -6.925367536753671 ], [ 110.490474047404746, -6.925442544254434 ], [ 110.490399039903991, -6.925442544254427 ] ], [ [ 110.490324032403237, -6.925517551755173 ], [ 110.490399039903991, -6.925442544254427 ], [ 110.490399039903991, -6.92551755175518 ], [ 110.490324032403237, -6.925517551755173 ] ], [ [ 110.490474047404746, -6.925817581758173 ], [ 110.491299129912989, -6.925817581758175 ], [ 110.491074107410739, -6.926267626762675 ], [ 110.490474047404746, -6.925817581758173 ] ], [ [ 110.483648364836483, -6.929042904290432 ], [ 110.483723372337238, -6.928967896789672 ], [ 110.483723372337238, -6.929042904290435 ], [ 110.483648364836483, -6.929042904290432 ] ], [ [ 110.483573357335729, -6.929117911791187 ], [ 110.483648364836483, -6.929042904290432 ], [ 110.483648364836483, -6.929117911791175 ], [ 110.483573357335729, -6.929117911791187 ] ], [ [ 110.482073207320738, -6.930618061806176 ], [ 110.483273327332739, -6.929717971797181 ], [ 110.483348334833479, -6.93069306930693 ], [ 110.482073207320738, -6.930618061806176 ] ], [ [ 110.482523252325237, -6.931143114311433 ], [ 110.482673267326732, -6.930918091809176 ], [ 110.482598259825977, -6.931143114311437 ], [ 110.482523252325237, -6.931143114311433 ] ], [ [ 110.491524152415238, -6.931518151815182 ], [ 110.491599159915992, -6.931443144314425 ], [ 110.491599159915992, -6.931518151815182 ], [ 110.491524152415238, -6.931518151815182 ] ], [ [ 110.491674167416747, -6.931593159315934 ], [ 110.491824182418242, -6.931518151815188 ], [ 110.491824182418242, -6.931593159315938 ], [ 110.491674167416747, -6.931593159315934 ] ], [ [ 110.493699369936991, -6.931593159315929 ], [ 110.493774377437745, -6.931518151815174 ], [ 110.493774377437745, -6.931593159315928 ], [ 110.493699369936991, -6.931593159315929 ] ], [ [ 110.491824182418242, -6.931668166816676 ], [ 110.491974197419736, -6.931593159315931 ], [ 110.491974197419736, -6.931668166816685 ], [ 110.491824182418242, -6.931668166816676 ] ], [ [ 110.491974197419736, -6.931743174317439 ], [ 110.492124212421245, -6.931668166816679 ], [ 110.492124212421245, -6.931743174317435 ], [ 110.491974197419736, -6.931743174317439 ] ], [ [ 110.492124212421245, -6.931818181818174 ], [ 110.49227422742274, -6.931743174317432 ], [ 110.49227422742274, -6.931818181818189 ], [ 110.492124212421245, -6.931818181818174 ] ], [ [ 110.49227422742274, -6.93189318931893 ], [ 110.492424242424249, -6.931818181818188 ], [ 110.492424242424249, -6.931893189318928 ], [ 110.49227422742274, -6.93189318931893 ] ], [ [ 110.457920792079207, -6.934368436843682 ], [ 110.45844584458446, -6.934443444344433 ], [ 110.457845784578453, -6.93481848184818 ], [ 110.457920792079207, -6.934368436843682 ] ], [ [ 110.480723072307228, -6.93451845184518 ], [ 110.480798079807997, -6.93429342934294 ], [ 110.480798079807997, -6.934518451845184 ], [ 110.480723072307228, -6.93451845184518 ] ], [ [ 110.463246324632465, -6.935118511851177 ], [ 110.463621362136209, -6.93511851185118 ], [ 110.463246324632465, -6.935268526852687 ], [ 110.463246324632465, -6.935118511851177 ] ], [ [ 110.464146414641462, -6.935118511851186 ], [ 110.464221422142217, -6.935043504350442 ], [ 110.464221422142217, -6.935118511851187 ], [ 110.464146414641462, -6.935118511851186 ] ], [ [ 110.464671467146715, -6.936168616861688 ], [ 110.464971497149719, -6.936093609360935 ], [ 110.464971497149719, -6.936168616861689 ], [ 110.464671467146715, -6.936168616861688 ] ], [ [ 110.456720672067206, -6.93631863186319 ], [ 110.457170717071705, -6.936318631863188 ], [ 110.456795679567961, -6.936468646864681 ], [ 110.456720672067206, -6.93631863186319 ] ], [ [ 110.446669666966699, -6.937218721872178 ], [ 110.446969696969703, -6.937143714371442 ], [ 110.446969696969703, -6.937293729372936 ], [ 110.446669666966699, -6.937218721872178 ] ], [ [ 110.480423042304224, -6.937443744374437 ], [ 110.480498049804979, -6.937143714371442 ], [ 110.480498049804979, -6.937443744374445 ], [ 110.480423042304224, -6.937443744374437 ] ], [ [ 110.447194719471952, -6.937593759375944 ], [ 110.447794779477945, -6.937443744374442 ], [ 110.447794779477945, -6.937518751875182 ], [ 110.447194719471952, -6.937593759375944 ] ], [ [ 110.447794779477945, -6.937593759375941 ], [ 110.4478697869787, -6.937518751875194 ], [ 110.4478697869787, -6.937593759375937 ], [ 110.447794779477945, -6.937593759375941 ] ], [ [ 110.4478697869787, -6.937743774377441 ], [ 110.447944794479454, -6.937593759375939 ], [ 110.447944794479454, -6.937743774377439 ], [ 110.4478697869787, -6.937743774377441 ] ], [ [ 110.447944794479454, -6.937818781878183 ], [ 110.448019801980195, -6.937743774377443 ], [ 110.448019801980195, -6.937818781878184 ], [ 110.447944794479454, -6.937818781878183 ] ], [ [ 110.480348034803484, -6.93789378937893 ], [ 110.480423042304224, -6.937743774377434 ], [ 110.480423042304224, -6.937893789378931 ], [ 110.480348034803484, -6.93789378937893 ] ], [ [ 110.448094809480963, -6.93804380438044 ], [ 110.448469846984693, -6.937818781878192 ], [ 110.448544854485448, -6.938193819381939 ], [ 110.448094809480963, -6.93804380438044 ] ], [ [ 110.457395739573954, -6.937893789378942 ], [ 110.457470747074709, -6.937818781878186 ], [ 110.457470747074709, -6.937893789378934 ], [ 110.457395739573954, -6.937893789378942 ] ], [ [ 110.482448244824496, -6.938043804380436 ], [ 110.482523252325237, -6.93789378937893 ], [ 110.482523252325237, -6.938043804380431 ], [ 110.482448244824496, -6.938043804380436 ] ], [ [ 110.480348034803484, -6.93811881188118 ], [ 110.480423042304224, -6.937968796879692 ], [ 110.480423042304224, -6.93811881188118 ], [ 110.480348034803484, -6.93811881188118 ] ], [ [ 110.457620762076203, -6.938268826882693 ], [ 110.457695769576958, -6.938118811881195 ], [ 110.457770777077712, -6.938268826882694 ], [ 110.457620762076203, -6.938268826882693 ] ], [ [ 110.448544854485448, -6.938493849384936 ], [ 110.448619861986202, -6.938193819381931 ], [ 110.448619861986202, -6.938493849384932 ], [ 110.448544854485448, -6.938493849384936 ] ], [ [ 110.482223222322233, -6.938268826882697 ], [ 110.482448244824496, -6.938193819381945 ], [ 110.482448244824496, -6.938268826882693 ], [ 110.482223222322233, -6.938268826882697 ] ], [ [ 110.457845784578453, -6.93856885688569 ], [ 110.457995799579962, -6.938418841884181 ], [ 110.458220822082211, -6.938868886888696 ], [ 110.457845784578453, -6.93856885688569 ] ], [ [ 110.480273027302729, -6.93849384938494 ], [ 110.480348034803484, -6.938343834383442 ], [ 110.480348034803484, -6.938493849384942 ], [ 110.480273027302729, -6.93849384938494 ] ], [ [ 110.448469846984693, -6.938643864386433 ], [ 110.448544854485448, -6.938568856885693 ], [ 110.448544854485448, -6.938643864386435 ], [ 110.448469846984693, -6.938643864386433 ] ] ] } },
{ "type": "Feature", "properties": { "year": 2025, "layer": "atrisk" }, "geometry": { "type": "Polygon", "coordinates": [ [ [ 110.438643864386435, -6.93946894689469 ], [ 110.437368736873694, -6.939618961896188 ], [ 110.437743774377438, -6.94224422442245 ], [ 110.438643864386435, -6.93946894689469 ] ] ] } },
{ "type": "Feature", "properties": { "year": 2025, "layer": "atrisk" }, "geometry": { "type": "Polygon", "coordinates": [ [ [ 110.431968196819682, -6.944269426942688 ], [ 110.431518151815183, -6.944194419441949 ], [ 110.430918091809176, -6.944569456945698 ], [ 110.431968196819682, -6.944269426942688 ] ] ] } },
{ "type": "Feature", "properties": { "year": 2025, "layer": "atrisk" }, "geometry": { "type": "Polygon", "coordinates": [ [ [ 110.435193519351941, -6.940369036903689 ], [ 110.433093309330928, -6.94194419441945 ], [ 110.434368436843684, -6.946294629462945 ], [ 110.433168316831683, -6.943219321932199 ], [ 110.431593159315952, -6.942844284428448 ], [ 110.433243324332452, -6.949219921992201 ], [ 110.43541854185419, -6.948469846984698 ], [ 110.43399339933994, -6.947119711971192 ], [ 110.435343534353436, -6.946744674467451 ], [ 110.436618661866191, -6.943219321932199 ], [ 110.435193519351941, -6.940369036903689 ] ] ] } },
{ "type": "Feature", "properties": { "year": 2025, "layer": "atrisk" }, "geometry": { "type": "Polygon", "coordinates": [ [ [ 110.396564656465642, -6.948694869486941 ], [ 110.397689768976903, -6.951620162016209 ], [ 110.4002400240024, -6.952070207020709 ], [ 110.399339933993403, -6.950570057005705 ], [ 110.397989798979893, -6.951245124512448 ], [ 110.396564656465642, -6.948694869486941 ] ], [ [ 110.397764776477644, -6.951320132013193 ], [ 110.397839783978398, -6.951245124512443 ], [ 110.397839783978398, -6.951320132013193 ], [ 110.397764776477644, -6.951320132013193 ] ] ] } },
{ "type": "Feature", "properties": { "year": 2025, "layer": "atrisk" }, "geometry": { "type": "Polygon", "coordinates": [ [ [ 110.398739873987395, -6.952595259525957 ], [ 110.398289828982897, -6.953270327032699 ], [ 110.398964896489645, -6.953870387038696 ], [ 110.398739873987395, -6.952595259525957 ] ] ] } },
{ "type": "Feature", "properties": { "year": 2025, "layer": "atrisk" }, "geometry": { "type": "Polygon", "coordinates": [ [ [ 110.382163216321629, -6.950945094509446 ], [ 110.382013201320149, -6.952745274527456 ], [ 110.382838283828377, -6.953945394539448 ], [ 110.382163216321629, -6.950945094509446 ] ] ] } },
{ "type": "Feature", "properties": { "year": 2025, "layer": "atrisk" }, "geometry": { "type": "Polygon", "coordinates": [ [ [ 110.399939993999396, -6.952745274527456 ], [ 110.399639963996393, -6.954020402040198 ], [ 110.402190219021918, -6.953045304530448 ], [ 110.402190219021918, -6.952895289528956 ], [ 110.399939993999396, -6.952745274527456 ] ] ] } },
{ "type": "Feature", "properties": { "year": 2025, "layer": "atrisk" }, "geometry": { "type": "Polygon", "coordinates": [ [ [ 110.417266726672665, -6.952445244524458 ], [ 110.415991599159909, -6.952820282028205 ], [ 110.416441644164422, -6.95454545454546 ], [ 110.417941794179413, -6.954095409540956 ], [ 110.417266726672665, -6.952445244524458 ] ] ] } },
{ "type": "Feature", "properties": { "year": 2025, "layer": "atrisk" }, "geometry": { "type": "Polygon", "coordinates": [ [ [ 110.375112511251146, -6.954695469546947 ], [ 110.371512151215128, -6.95469546954696 ], [ 110.371512151215128, -6.954845484548448 ], [ 110.375112511251146, -6.954695469546947 ] ] ] } },
{ "type": "Feature", "properties": { "year": 2025, "layer": "atrisk" }, "geometry": { "type": "Polygon", "coordinates": [ [ [ 110.423567356735674, -6.953570357035701 ], [ 110.423042304230421, -6.954545454545458 ], [ 110.424467446744671, -6.955370537053705 ], [ 110.425067506750679, -6.954320432043205 ], [ 110.423567356735674, -6.953570357035701 ] ] ] } },
{ "type": "Feature", "properties": { "year": 2025, "layer": "atrisk" }, "geometry": { "type": "Polygon", "coordinates": [ [ [ 110.382313231323138, -6.954995499549959 ], [ 110.377737773777397, -6.954995499549961 ], [ 110.37721272127213, -6.956270627062709 ], [ 110.374962496249623, -6.955520552055208 ], [ 110.371662166216623, -6.955520552055209 ], [ 110.371587158715869, -6.956195619561964 ], [ 110.37728772877287, -6.956420642064209 ], [ 110.382313231323138, -6.954995499549959 ] ], [ [ 110.372112211221136, -6.955745574557456 ], [ 110.372262226222617, -6.955670567056715 ], [ 110.372262226222617, -6.955745574557453 ], [ 110.372112211221136, -6.955745574557456 ] ], [ [ 110.373462346234618, -6.956045604560456 ], [ 110.373537353735372, -6.955895589558954 ], [ 110.373537353735372, -6.956045604560448 ], [ 110.373462346234618, -6.956045604560456 ] ] ] } },
{ "type": "Feature", "properties": { "year": 2025, "layer": "atrisk" }, "geometry": { "type": "Polygon", "coordinates": [ [ [ 110.406090609060911, -6.947494749474947 ], [ 110.403015301530147, -6.947044704470442 ], [ 110.406240624062406, -6.948319831983197 ], [ 110.406465646564669, -6.950645064506443 ], [ 110.40489048904891, -6.9516201620162 ], [ 110.407440744074421, -6.951170117011696 ], [ 110.408040804080414, -6.953045304530443 ], [ 110.409840984098409, -6.955445544554455 ], [ 110.41434143414341, -6.959120912091207 ], [ 110.408865886588657, -6.953645364536456 ], [ 110.406090609060911, -6.947494749474947 ] ], [ [ 110.406465646564669, -6.949519951995192 ], [ 110.40661566156615, -6.949444944494442 ], [ 110.40661566156615, -6.949519951995197 ], [ 110.406465646564669, -6.949519951995192 ] ] ] } },
{ "type": "Feature", "properties": { "year": 2025, "layer": "atrisk" }, "geometry": { "type": "Polygon", "coordinates": [ [ [ 110.396564656465642, -6.950045004500443 ], [ 110.39581458145814, -6.951170117011693 ], [ 110.399039903990399, -6.959720972097213 ], [ 110.4002400240024, -6.959720972097218 ], [ 110.396564656465642, -6.950045004500443 ] ] ] } },
{ "type": "Feature", "properties": { "year": 2025, "layer": "atrisk" }, "geometry": { "type": "Polygon", "coordinates": [ [ [ 110.383138313831381, -6.955370537053709 ], [ 110.380963096309628, -6.956945694569455 ], [ 110.377362736273625, -6.957845784578451 ], [ 110.381713171317131, -6.955670567056712 ], [ 110.374737473747388, -6.956870687068714 ], [ 110.368361836183624, -6.956120612061208 ], [ 110.36806180618062, -6.95792079207921 ], [ 110.366486648664875, -6.957620762076213 ], [ 110.366786678667864, -6.956495649564953 ], [ 110.36506150615061, -6.95679567956795 ], [ 110.363786378637869, -6.955595559555955 ], [ 110.362511251125113, -6.955520552055209 ], [ 110.360111011101111, -6.956345634563458 ], [ 110.360036003600356, -6.958520852085216 ], [ 110.360636063606364, -6.959720972097205 ], [ 110.376762676267646, -6.959720972097218 ], [ 110.377137713771376, -6.958370837083708 ], [ 110.380138013801385, -6.957545754575463 ], [ 110.379687968796887, -6.959720972097215 ], [ 110.387638763876382, -6.959720972097213 ], [ 110.383513351335139, -6.958970897089702 ], [ 110.383138313831381, -6.955370537053709 ] ], [ [ 110.363111311131107, -6.955895589558948 ], [ 110.36341134113411, -6.955745574557448 ], [ 110.36341134113411, -6.956045604560454 ], [ 110.363111311131107, -6.955895589558948 ] ], [ [ 110.363561356135619, -6.956345634563462 ], [ 110.363711371137114, -6.956195619561953 ], [ 110.363711371137114, -6.956345634563451 ], [ 110.363561356135619, -6.956345634563462 ] ], [ [ 110.361236123612358, -6.957170717071711 ], [ 110.362961296129612, -6.957170717071707 ], [ 110.361311131113112, -6.957470747074705 ], [ 110.361236123612358, -6.957170717071711 ] ], [ [ 110.36641164116412, -6.958070807080714 ], [ 110.366486648664875, -6.957995799579955 ], [ 110.366486648664875, -6.958070807080711 ], [ 110.36641164116412, -6.958070807080714 ] ], [ [ 110.367761776177616, -6.95829582958295 ], [ 110.367836783678385, -6.95822082208221 ], [ 110.367836783678385, -6.958295829582958 ], [ 110.367761776177616, -6.95829582958295 ] ], [ [ 110.366336633663366, -6.9583708370837 ], [ 110.36641164116412, -6.95829582958296 ], [ 110.36641164116412, -6.958370837083706 ], [ 110.366336633663366, -6.9583708370837 ] ], [ [ 110.366336633663366, -6.958595859585967 ], [ 110.36641164116412, -6.958445844584457 ], [ 110.36641164116412, -6.958595859585957 ], [ 110.366336633663366, -6.958595859585967 ] ], [ [ 110.360186018601865, -6.958820882088206 ], [ 110.360261026102606, -6.958745874587454 ], [ 110.360261026102606, -6.958820882088203 ], [ 110.360186018601865, -6.958820882088206 ] ], [ [ 110.364611461146112, -6.958820882088208 ], [ 110.364686468646866, -6.958745874587464 ], [ 110.364686468646866, -6.958820882088211 ], [ 110.364611461146112, -6.958820882088208 ] ] ] } },
{ "type": "Feature", "properties": { "year": 2025, "layer": "atrisk" }, "geometry": { "type": "Polygon", "coordinates": [ [ [ 110.416441644164422, -6.959270927092718 ], [ 110.414941494149417, -6.959570957095708 ], [ 110.416891689168921, -6.959645964596456 ], [ 110.416441644164422, -6.959270927092718 ] ] ] } },
{ "type": "Feature", "properties": { "year": 2025, "layer": "atrisk" }, "geometry": { "type": "Polygon", "coordinates": [ [ [ 110.319456945694569, -6.938268826882693 ], [ 110.317656765676574, -6.939693969396942 ], [ 110.319081908190824, -6.940294029402939 ], [ 110.317131713171321, -6.940069006900697 ], [ 110.312406240624057, -6.943744374437443 ], [ 110.314881488148814, -6.948919891989195 ], [ 110.318031803180318, -6.952820282028197 ], [ 110.319081908190824, -6.950420042004205 ], [ 110.320732073207324, -6.950270027002699 ], [ 110.318706870687066, -6.953420342034203 ], [ 110.327557755775572, -6.958595859585952 ], [ 110.349684968496845, -6.959720972097204 ], [ 110.350660066006597, -6.959570957095717 ], [ 110.352985298529859, -6.957245724572456 ], [ 110.350810081008106, -6.959720972097208 ], [ 110.359060906090605, -6.95972097209721 ], [ 110.359060906090605, -6.954920492049211 ], [ 110.35418541854186, -6.954770477047707 ], [ 110.356060606060609, -6.954395439543951 ], [ 110.354635463546359, -6.953945394539448 ], [ 110.355160516051612, -6.953870387038695 ], [ 110.359435943594363, -6.954245424542453 ], [ 110.359660966096612, -6.959720972097211 ], [ 110.359960996099616, -6.954395439543949 ], [ 110.369861986198615, -6.954770477047711 ], [ 110.349309930993115, -6.952220222022198 ], [ 110.344884488448841, -6.949144914491447 ], [ 110.327632763276327, -6.942844284428435 ], [ 110.319456945694569, -6.938268826882693 ] ], [ [ 110.319231923192319, -6.940444044404441 ], [ 110.319306930693074, -6.94029402940294 ], [ 110.319531953195323, -6.940444044404436 ], [ 110.319231923192319, -6.940444044404441 ] ], [ [ 110.319531953195323, -6.94051905190519 ], [ 110.319756975697572, -6.94044404440444 ], [ 110.319756975697572, -6.940519051905193 ], [ 110.319531953195323, -6.94051905190519 ] ], [ [ 110.319756975697572, -6.940519051905193 ], [ 110.321482148214827, -6.941044104410441 ], [ 110.321857185718571, -6.94164416441644 ], [ 110.321482148214827, -6.941644164416441 ], [ 110.319756975697572, -6.940519051905193 ] ], [ [ 110.318331833183322, -6.940819081908197 ], [ 110.318481848184817, -6.940669066906683 ], [ 110.318631863186312, -6.940894089408936 ], [ 110.318331833183322, -6.940819081908197 ] ], [ [ 110.318631863186312, -6.940969096909683 ], [ 110.318706870687066, -6.940894089408933 ], [ 110.318706870687066, -6.940969096909692 ], [ 110.318631863186312, -6.940969096909683 ] ], [ [ 110.321782178217816, -6.941419141914186 ], [ 110.321857185718571, -6.941344134413448 ], [ 110.321857185718571, -6.941419141914191 ], [ 110.321782178217816, -6.941419141914186 ] ], [ [ 110.321857185718571, -6.941494149414938 ], [ 110.322007200720066, -6.941419141914189 ], [ 110.322007200720066, -6.941494149414948 ], [ 110.321857185718571, -6.941494149414938 ] ], [ [ 110.322307230723069, -6.941869186918694 ], [ 110.322382238223824, -6.941719171917192 ], [ 110.322457245724578, -6.941869186918689 ], [ 110.322307230723069, -6.941869186918694 ] ], [ [ 110.322307230723069, -6.942244224422445 ], [ 110.322532253225319, -6.942019201920185 ], [ 110.322757275727568, -6.942319231923189 ], [ 110.322307230723069, -6.942244224422445 ] ], [ [ 110.322457245724578, -6.941944194419436 ], [ 110.322607260726073, -6.941869186918695 ], [ 110.322607260726073, -6.941944194419438 ], [ 110.322457245724578, -6.941944194419436 ] ], [ [ 110.322607260726073, -6.9420192019202 ], [ 110.322682268226828, -6.941944194419445 ], [ 110.322682268226828, -6.942019201920196 ], [ 110.322607260726073, -6.9420192019202 ] ], [ [ 110.322907290729091, -6.942394239423948 ], [ 110.322832283228323, -6.942019201920183 ], [ 110.323132313231326, -6.942319231923192 ], [ 110.322907290729091, -6.942394239423948 ] ], [ [ 110.322832283228323, -6.942769276927688 ], [ 110.32343234323433, -6.942394239423944 ], [ 110.32343234323433, -6.942544254425445 ], [ 110.322832283228323, -6.942769276927688 ] ], [ [ 110.322682268226828, -6.942619261926191 ], [ 110.322757275727568, -6.942544254425438 ], [ 110.322757275727568, -6.942619261926197 ], [ 110.322682268226828, -6.942619261926191 ] ], [ [ 110.325457545754574, -6.945544554455443 ], [ 110.327557755775572, -6.9480198019802 ], [ 110.326207620762091, -6.948769876987697 ], [ 110.326207620762091, -6.947794779477948 ], [ 110.325007500750075, -6.946744674467451 ], [ 110.320282028202826, -6.948244824482441 ], [ 110.321332133213318, -6.946219621962205 ], [ 110.325457545754574, -6.945544554455443 ] ], [ [ 110.321107110711068, -6.945994599459952 ], [ 110.321782178217816, -6.94569456945694 ], [ 110.321632163216321, -6.946069606960692 ], [ 110.321107110711068, -6.945994599459952 ] ], [ [ 110.32065706570657, -6.946444644464449 ], [ 110.320957095709574, -6.946219621962197 ], [ 110.320882088208819, -6.946519651965189 ], [ 110.32065706570657, -6.946444644464449 ] ], [ [ 110.327932793279331, -6.947794779477955 ], [ 110.328007800780071, -6.947719771977194 ], [ 110.328007800780071, -6.947794779477947 ], [ 110.327932793279331, -6.947794779477955 ] ], [ [ 110.325532553255343, -6.947869786978692 ], [ 110.325682568256823, -6.947944794479445 ], [ 110.325532553255343, -6.948019801980192 ], [ 110.325532553255343, -6.947869786978692 ] ], [ [ 110.32538253825382, -6.94809480948094 ], [ 110.325457545754574, -6.947944794479445 ], [ 110.325457545754574, -6.948094809480948 ], [ 110.32538253825382, -6.94809480948094 ] ], [ [ 110.325757575757578, -6.948019801980193 ], [ 110.325832583258332, -6.947944794479455 ], [ 110.325832583258332, -6.948019801980193 ], [ 110.325757575757578, -6.948019801980193 ] ], [ [ 110.325682568256823, -6.948094809480955 ], [ 110.325757575757578, -6.948019801980193 ], [ 110.325757575757578, -6.948094809480947 ], [ 110.325682568256823, -6.948094809480955 ] ], [ [ 110.323507350735071, -6.948319831983201 ], [ 110.323582358235825, -6.948244824482448 ], [ 110.323582358235825, -6.948319831983197 ], [ 110.323507350735071, -6.948319831983201 ] ], [ [ 110.315556555655562, -6.949669966996696 ], [ 110.31563156315633, -6.949594959495953 ], [ 110.31563156315633, -6.949669966996695 ], [ 110.315556555655562, -6.949669966996696 ] ], [ [ 110.315856585658565, -6.949744974497452 ], [ 110.31593159315932, -6.9496699669967 ], [ 110.31593159315932, -6.949744974497446 ], [ 110.315856585658565, -6.949744974497452 ] ], [ [ 110.31600660066006, -6.949819981998204 ], [ 110.316081608160815, -6.949669966996692 ], [ 110.316156615661569, -6.949819981998201 ], [ 110.31600660066006, -6.949819981998204 ] ], [ [ 110.316681668166822, -6.950120012001193 ], [ 110.316756675667563, -6.950045004500453 ], [ 110.316756675667563, -6.950120012001202 ], [ 110.316681668166822, -6.950120012001193 ] ], [ [ 110.316831683168317, -6.950195019501949 ], [ 110.316906690669072, -6.950120012001194 ], [ 110.316906690669072, -6.950195019501946 ], [ 110.316831683168317, -6.950195019501949 ] ], [ [ 110.321707170717076, -6.950270027002697 ], [ 110.321782178217816, -6.950195019501941 ], [ 110.321782178217816, -6.950270027002697 ], [ 110.321707170717076, -6.950270027002697 ] ], [ [ 110.320807080708065, -6.950345034503454 ], [ 110.320882088208819, -6.950270027002698 ], [ 110.320882088208819, -6.950345034503447 ], [ 110.320807080708065, -6.950345034503454 ] ], [ [ 110.321557155715581, -6.950345034503453 ], [ 110.321707170717076, -6.950270027002697 ], [ 110.321707170717076, -6.950345034503449 ], [ 110.321557155715581, -6.950345034503453 ] ], [ [ 110.320882088208819, -6.95049504950495 ], [ 110.320957095709574, -6.950420042004199 ], [ 110.320957095709574, -6.950495049504944 ], [ 110.320882088208819, -6.95049504950495 ] ], [ [ 110.320957095709574, -6.950570057005708 ], [ 110.321032103210328, -6.950495049504955 ], [ 110.321032103210328, -6.950570057005694 ], [ 110.320957095709574, -6.950570057005708 ] ], [ [ 110.356585658565876, -6.955370537053709 ], [ 110.356660666066603, -6.955445544554453 ], [ 110.356510651065108, -6.955445544554454 ], [ 110.356585658565876, -6.955370537053709 ] ], [ [ 110.356960696069606, -6.955295529552953 ], [ 110.357035703570361, -6.955220522052198 ], [ 110.357035703570361, -6.95529552955296 ], [ 110.356960696069606, -6.955295529552953 ] ], [ [ 110.352910291029104, -6.957095709570963 ], [ 110.352985298529859, -6.9570207020702 ], [ 110.352985298529859, -6.957095709570965 ], [ 110.352910291029104, -6.957095709570963 ] ], [ [ 110.35283528352835, -6.957170717071707 ], [ 110.352910291029104, -6.957095709570963 ], [ 110.352910291029104, -6.95717071707171 ], [ 110.35283528352835, -6.957170717071707 ] ], [ [ 110.352610261026115, -6.95829582958295 ], [ 110.352685268526855, -6.958220822082212 ], [ 110.352685268526855, -6.95829582958295 ], [ 110.352610261026115, -6.95829582958295 ] ], [ [ 110.353060306030599, -6.958295829582952 ], [ 110.353135313531354, -6.958220822082214 ], [ 110.353135313531354, -6.95829582958295 ], [ 110.353060306030599, -6.958295829582952 ] ], [ [ 110.355085508550857, -6.958595859585963 ], [ 110.355310531053107, -6.95852085208521 ], [ 110.355310531053107, -6.958595859585965 ], [ 110.355085508550857, -6.958595859585963 ] ], [ [ 110.349459945994596, -6.95867086708671 ], [ 110.34953495349535, -6.958595859585954 ], [ 110.34953495349535, -6.958670867086701 ], [ 110.349459945994596, -6.95867086708671 ] ], [ [ 110.349609960996105, -6.958745874587456 ], [ 110.349684968496845, -6.958670867086713 ], [ 110.349684968496845, -6.958745874587452 ], [ 110.349609960996105, -6.958745874587456 ] ], [ [ 110.350585058505857, -6.959270927092705 ], [ 110.350660066006597, -6.95919591959196 ], [ 110.350660066006597, -6.959270927092704 ], [ 110.350585058505857, -6.959270927092705 ] ] ] } }
]
}
