{
"type": "FeatureCollection",
"name": "atrisk_2028",
"crs": { "type": "name", "properties": { "name": "urn:ogc:def:crs:OGC:1.3:CRS84" } },
"features": [
{ "type": "Feature", "properties": { "year": 2028, "layer": "atrisk" }, "geometry": { "type": "Polygon", "coordinates": [ [ [ 110.575532553255329, -6.75 ], [ 110.572907290729077, -6.75052505250525 ], [ 110.575532553255329, -6.750150015001497 ], [ 110.575532553255329, -6.75 ] ] ] } },
{ "type": "Feature", "properties": { "year": 2028, "layer": "atrisk" }, "geometry": { "type": "Polygon", "coordinates": [ [ [ 110.564131413141311, -6.75 ], [ 110.567056705670566, -6.752250225022506 ], [ 110.571632163216336, -6.750075007500745 ], [ 110.571632163216336, -6.75 ], [ 110.564131413141311, -6.75 ] ] ] } },
{ "type": "Feature", "properties": { "year": 2028, "layer": "atrisk" }, "geometry": { "type": "Polygon", "coordinates": [ [ [ 110.58453345334533, -6.752175217521753 ], [ 110.583708370837087, -6.752850285028498 ], [ 110.583408340834083, -6.753750375037506 ], [ 110.584458445844589, -6.753525352535255 ], [ 110.58453345334533, -6.752175217521753 ] ] ] } },
{ "type": "Feature", "properties": { "year": 2028, "layer": "atrisk" }, "geometry": { "type": "Polygon", "coordinates": [ [ [ 110.581383138313825, -6.752700270027001 ], [ 110.57815781578158, -6.753000300030001 ], [ 110.577857785778576, -6.753750375037505 ], [ 110.581008100810081, -6.753825382538253 ], [ 110.581383138313825, -6.752700270027001 ] ], [ [ 110.579657965796585, -6.753000300029994 ], [ 110.579732973297325, -6.75292529252925 ], [ 110.579732973297325, -6.753000300030009 ], [ 110.579657965796585, -6.753000300029994 ] ], [ [ 110.580933093309326, -6.753000300030009 ], [ 110.581008100810081, -6.752925292529255 ], [ 110.581008100810081, -6.753000300030001 ], [ 110.580933093309326, -6.753000300030009 ] ] ] } },
{ "type": "Feature", "properties": { "year": 2028, "layer": "atrisk" }, "geometry": { "type": "Polygon", "coordinates": [ [ [ 110.571632163216336, -6.753375337533753 ], [ 110.570807080708065, -6.754125412541255 ], [ 110.571632163216336, -6.754050405040505 ], [ 110.571632163216336, -6.753375337533753 ] ] ] } },
{ "type": "Feature", "properties": { "year": 2028, "layer": "atrisk" }, "geometry": { "type": "Polygon", "coordinates": [ [ [ 110.58280828082809, -6.752400240024008 ], [ 110.582133213321328, -6.752475247524755 ], [ 110.582283228322837, -6.754200420042 ], [ 110.583033303330339, -6.753075307530753 ], [ 110.58280828082809, -6.752400240024008 ] ], [ [ 110.582733273327335, -6.753000300029998 ], [ 110.58280828082809, -6.752925292529254 ], [ 110.58280828082809, -6.753000300030003 ], [ 110.582733273327335, -6.753000300029998 ] ] ] } },
{ "type": "Feature", "properties": { "year": 2028, "layer": "atrisk" }, "geometry": { "type": "Polygon", "coordinates": [ [ [ 110.541104110411041, -6.75 ], [ 110.545604560456042, -6.755700570057011 ], [ 110.547479747974791, -6.755625562556256 ], [ 110.543429342934289, -6.75 ], [ 110.541104110411041, -6.75 ] ] ] } },
{ "type": "Feature", "properties": { "year": 2028, "layer": "atrisk" }, "geometry": { "type": "Polygon", "coordinates": [ [ [ 110.571332133213318, -6.757650765076517 ], [ 110.570357035703566, -6.757050705070506 ], [ 110.570057005700576, -6.757500750075013 ], [ 110.571332133213318, -6.757650765076517 ] ] ] } },
{ "type": "Feature", "properties": { "year": 2028, "layer": "atrisk" }, "geometry": { "type": "Polygon", "coordinates": [ [ [ 110.543504350435043, -6.755850585058505 ], [ 110.543054305430545, -6.756675667566755 ], [ 110.545904590459045, -6.758550855085513 ], [ 110.545679567956796, -6.757800780078012 ], [ 110.543504350435043, -6.755850585058505 ] ] ] } },
{ "type": "Feature", "properties": { "year": 2028, "layer": "atrisk" }, "geometry": { "type": "Polygon", "coordinates": [ [ [ 110.547254725472541, -6.759075907590766 ], [ 110.546354635463544, -6.759900990099009 ], [ 110.546654665466548, -6.760126012601257 ], [ 110.547254725472541, -6.759075907590766 ] ] ] } },
{ "type": "Feature", "properties": { "year": 2028, "layer": "atrisk" }, "geometry": { "type": "Polygon", "coordinates": [ [ [ 110.577482748274832, -6.759750975097512 ], [ 110.577932793279345, -6.761251125112507 ], [ 110.578457845784584, -6.761326132613266 ], [ 110.578607860786079, -6.760051005100508 ], [ 110.577482748274832, -6.759750975097512 ] ] ] } },
{ "type": "Feature", "properties": { "year": 2028, "layer": "atrisk" }, "geometry": { "type": "Polygon", "coordinates": [ [ [ 110.567131713171321, -6.760351035103504 ], [ 110.565706570657085, -6.759975997599756 ], [ 110.566306630663064, -6.761476147614768 ], [ 110.567131713171321, -6.760351035103504 ] ] ] } },
{ "type": "Feature", "properties": { "year": 2028, "layer": "atrisk" }, "geometry": { "type": "Polygon", "coordinates": [ [ [ 110.555955595559553, -6.761176117611768 ], [ 110.554905490549061, -6.762376237623767 ], [ 110.555655565556549, -6.762526252625259 ], [ 110.555955595559553, -6.761176117611768 ] ] ] } },
{ "type": "Feature", "properties": { "year": 2028, "layer": "atrisk" }, "geometry": { "type": "Polygon", "coordinates": [ [ [ 110.58430843084308, -6.754275427542758 ], [ 110.582583258325826, -6.759075907590755 ], [ 110.581533153315334, -6.757650765076509 ], [ 110.574932493249335, -6.757200720072 ], [ 110.574632463246346, -6.755550555055511 ], [ 110.572832283228323, -6.756075607560759 ], [ 110.575232523252325, -6.757500750075007 ], [ 110.574182418241818, -6.75982598259826 ], [ 110.581533153315334, -6.759975997599764 ], [ 110.583783378337827, -6.761551155115518 ], [ 110.583258325832588, -6.76342634263426 ], [ 110.583558355835578, -6.763726372637257 ], [ 110.584158415841586, -6.763126312631267 ], [ 110.58430843084308, -6.754275427542758 ] ], [ [ 110.575232523252325, -6.757425742574251 ], [ 110.575307530753079, -6.757350735073513 ], [ 110.575307530753079, -6.757425742574251 ], [ 110.575232523252325, -6.757425742574251 ] ], [ [ 110.581083108310835, -6.758550855085502 ], [ 110.581158115811576, -6.758475847584766 ], [ 110.581158115811576, -6.758550855085512 ], [ 110.581083108310835, -6.758550855085502 ] ], [ [ 110.582583258325826, -6.759225922592256 ], [ 110.582658265826581, -6.759150915091507 ], [ 110.582658265826581, -6.759225922592254 ], [ 110.582583258325826, -6.759225922592256 ] ] ] } },
{ "type": "Feature", "properties": { "year": 2028, "layer": "atrisk" }, "geometry": { "type": "Polygon", "coordinates": [ [ [ 110.569531953195323, -6.763651365136512 ], [ 110.568406840684062, -6.762976297629764 ], [ 110.567431743174311, -6.763501350135011 ], [ 110.569531953195323, -6.763651365136512 ] ], [ [ 110.568406840684062, -6.763351335133514 ], [ 110.568556855685571, -6.76342634263427 ], [ 110.568406840684062, -6.763426342634263 ], [ 110.568406840684062, -6.763351335133514 ] ] ] } },
{ "type": "Feature", "properties": { "year": 2028, "layer": "atrisk" }, "geometry": { "type": "Polygon", "coordinates": [ [ [ 110.552505250525073, -6.808955895589562 ], [ 110.551080108010808, -6.808430843084302 ], [ 110.549579957995803, -6.811131113111318 ], [ 110.552505250525073, -6.808955895589562 ] ] ] } },
{ "type": "Feature", "properties": { "year": 2028, "layer": "atrisk" }, "geometry": { "type": "Polygon", "coordinates": [ [ [ 110.576357635763571, -6.759900990099013 ], [ 110.572307230723084, -6.761776177617759 ], [ 110.574857485748581, -6.761176117611759 ], [ 110.575532553255329, -6.762826282628257 ], [ 110.571857185718571, -6.763876387638758 ], [ 110.575607560756069, -6.764326432643267 ], [ 110.575457545754574, -6.769801980198028 ], [ 110.575532553255329, -6.768901890189026 ], [ 110.575682568256823, -6.768751875187516 ], [ 110.575982598259827, -6.770402040204016 ], [ 110.57680768076807, -6.770627062706267 ], [ 110.576057605760582, -6.768826882688272 ], [ 110.577557755775587, -6.767551755175523 ], [ 110.578082808280826, -6.770777077707777 ], [ 110.575532553255329, -6.771452145214529 ], [ 110.575457545754574, -6.770477047704776 ], [ 110.575232523252325, -6.773477347734771 ], [ 110.572982298229817, -6.77475247524752 ], [ 110.569456945694569, -6.775202520252023 ], [ 110.568331833183322, -6.775952595259531 ], [ 110.566981698169812, -6.778952895289535 ], [ 110.56593159315932, -6.784428442844288 ], [ 110.565781578157811, -6.787203720372033 ], [ 110.567131713171321, -6.788178817881787 ], [ 110.565331533153312, -6.78795379537953 ], [ 110.564806480648059, -6.791104110411045 ], [ 110.562706270627075, -6.792904290429049 ], [ 110.562781278127815, -6.794254425442546 ], [ 110.564806480648059, -6.795379537953804 ], [ 110.567281728172816, -6.792679267926785 ], [ 110.565481548154821, -6.796054605460542 ], [ 110.569456945694569, -6.795304530453043 ], [ 110.569681968196818, -6.798529852985294 ], [ 110.561806180618063, -6.797554755475553 ], [ 110.561806180618063, -6.795079507950794 ], [ 110.559555955595556, -6.798154815481547 ], [ 110.559705970597065, -6.799729972997293 ], [ 110.56150615061506, -6.79905490549054 ], [ 110.560156015601564, -6.801230123012303 ], [ 110.560156015601564, -6.801530153015308 ], [ 110.561656165616569, -6.800480048004792 ], [ 110.562181218121808, -6.80175517551755 ], [ 110.56293129312931, -6.801380138013795 ], [ 110.567731773177314, -6.804830483048304 ], [ 110.568706870687066, -6.804605460546054 ], [ 110.568331833183322, -6.805880588058811 ], [ 110.569756975697572, -6.807530753075309 ], [ 110.567806780678069, -6.806555655565562 ], [ 110.566606660666068, -6.808130813081304 ], [ 110.568481848184817, -6.810381038103805 ], [ 110.56285628562857, -6.804605460546061 ], [ 110.566231623162309, -6.807605760576058 ], [ 110.567281728172816, -6.805880588058797 ], [ 110.560306030603059, -6.802130213021301 ], [ 110.558430843084324, -6.804755475547549 ], [ 110.562781278127815, -6.805880588058812 ], [ 110.566156615661569, -6.809780978097807 ], [ 110.559930993099314, -6.805805580558055 ], [ 110.555955595559553, -6.808655865586551 ], [ 110.55820582058206, -6.805055505550548 ], [ 110.557455745574558, -6.805280528052813 ], [ 110.557080708070814, -6.80618061806181 ], [ 110.555955595559553, -6.806630663066304 ], [ 110.554230423042299, -6.809030903090314 ], [ 110.555955595559553, -6.8100810081008 ], [ 110.557155715571554, -6.811581158115819 ], [ 110.56293129312931, -6.815931593159309 ], [ 110.563531353135318, -6.81345634563457 ], [ 110.568706870687066, -6.812256225622569 ], [ 110.567731773177314, -6.810981098109805 ], [ 110.570282028202826, -6.811656165616567 ], [ 110.568706870687066, -6.810531053105305 ], [ 110.570507050705075, -6.808730873087304 ], [ 110.569606960696063, -6.810756075607562 ], [ 110.570657065706584, -6.811506150615057 ], [ 110.571707170717076, -6.810306030603051 ], [ 110.573207320732067, -6.810156015601554 ], [ 110.577257725772597, -6.807080708070805 ], [ 110.581533153315334, -6.801530153015299 ], [ 110.583933393339336, -6.795154515451541 ], [ 110.584383438343835, -6.791854185418539 ], [ 110.582133213321328, -6.790354035403532 ], [ 110.58145814581458, -6.793729372937296 ], [ 110.581383138313825, -6.789978997899791 ], [ 110.578757875787574, -6.788628862886288 ], [ 110.584458445844589, -6.791404140414036 ], [ 110.584608460846084, -6.771977197719764 ], [ 110.581683168316829, -6.77062706270627 ], [ 110.582958295829584, -6.766801680168019 ], [ 110.581758175817583, -6.767251725172514 ], [ 110.582058205820587, -6.764476447644766 ], [ 110.57815781578158, -6.764251425142512 ], [ 110.58145814581458, -6.763726372637262 ], [ 110.584158415841586, -6.764776477647757 ], [ 110.58423342334234, -6.764101410141012 ], [ 110.581158115811576, -6.762676267626766 ], [ 110.576057605760582, -6.762976297629759 ], [ 110.576357635763571, -6.759900990099013 ] ], [ [ 110.579357935793581, -6.763201320132005 ], [ 110.580783078307832, -6.763201320132013 ], [ 110.578982898289823, -6.763426342634256 ], [ 110.579357935793581, -6.763201320132005 ] ], [ [ 110.581083108310835, -6.76320132013201 ], [ 110.581233123312344, -6.763126312631258 ], [ 110.581233123312344, -6.76320132013202 ], [ 110.581083108310835, -6.76320132013201 ] ], [ [ 110.581308130813085, -6.763276327632763 ], [ 110.581608160816089, -6.763201320132012 ], [ 110.581608160816089, -6.763276327632766 ], [ 110.581308130813085, -6.763276327632763 ] ], [ [ 110.574707470747072, -6.763351335133518 ], [ 110.574782478247826, -6.763276327632767 ], [ 110.574782478247826, -6.763351335133518 ], [ 110.574707470747072, -6.763351335133518 ] ], [ [ 110.576207620762077, -6.76350135013502 ], [ 110.576582658265835, -6.763426342634262 ], [ 110.576582658265835, -6.763726372637268 ], [ 110.576207620762077, -6.76350135013502 ] ], [ [ 110.574632463246346, -6.763426342634261 ], [ 110.574707470747072, -6.763351335133518 ], [ 110.574707470747072, -6.763426342634269 ], [ 110.574632463246346, -6.763426342634261 ] ], [ [ 110.578457845784584, -6.763576357635755 ], [ 110.578682868286833, -6.763501350135009 ], [ 110.578682868286833, -6.763576357635769 ], [ 110.578457845784584, -6.763576357635755 ] ], [ [ 110.577857785778576, -6.763651365136512 ], [ 110.57815781578158, -6.763576357635759 ], [ 110.57815781578158, -6.763651365136511 ], [ 110.577857785778576, -6.763651365136512 ] ], [ [ 110.57680768076807, -6.763801380138012 ], [ 110.577782778277822, -6.763651365136509 ], [ 110.577782778277822, -6.763726372637267 ], [ 110.57680768076807, -6.763801380138012 ] ], [ [ 110.576132613261322, -6.764176417641759 ], [ 110.576207620762077, -6.76395139513951 ], [ 110.576207620762077, -6.764176417641758 ], [ 110.576132613261322, -6.764176417641759 ] ], [ [ 110.57680768076807, -6.764926492649263 ], [ 110.577782778277822, -6.76522652265226 ], [ 110.577032703270334, -6.76590159015901 ], [ 110.57680768076807, -6.764926492649263 ] ], [ [ 110.577857785778576, -6.764401440144015 ], [ 110.57815781578158, -6.764326432643256 ], [ 110.57815781578158, -6.764401440144005 ], [ 110.577857785778576, -6.764401440144015 ] ], [ [ 110.576657665766575, -6.765076507650772 ], [ 110.57680768076807, -6.76500150015001 ], [ 110.57680768076807, -6.765076507650765 ], [ 110.576657665766575, -6.765076507650772 ] ], [ [ 110.576582658265835, -6.765151515151521 ], [ 110.576657665766575, -6.765076507650772 ], [ 110.576657665766575, -6.765151515151512 ], [ 110.576582658265835, -6.765151515151521 ] ], [ [ 110.581833183318338, -6.765226522652266 ], [ 110.581908190819078, -6.765151515151517 ], [ 110.581908190819078, -6.765226522652263 ], [ 110.581833183318338, -6.765226522652266 ] ], [ [ 110.576357635763571, -6.765301530153007 ], [ 110.576432643264326, -6.765226522652262 ], [ 110.576432643264326, -6.765301530153021 ], [ 110.576357635763571, -6.765301530153007 ] ], [ [ 110.576057605760582, -6.765451545154517 ], [ 110.576357635763571, -6.765376537653771 ], [ 110.575907590759073, -6.766126612661265 ], [ 110.576057605760582, -6.765451545154517 ] ], [ [ 110.58145814581458, -6.765601560156016 ], [ 110.581608160816089, -6.765301530153018 ], [ 110.581533153315334, -6.765601560156015 ], [ 110.58145814581458, -6.765601560156016 ] ], [ [ 110.578382838283829, -6.766201620162011 ], [ 110.578457845784584, -6.766126612661272 ], [ 110.578457845784584, -6.766201620162023 ], [ 110.578382838283829, -6.766201620162011 ] ], [ [ 110.576582658265835, -6.766801680168019 ], [ 110.576657665766575, -6.766726672667267 ], [ 110.576657665766575, -6.766801680168014 ], [ 110.576582658265835, -6.766801680168019 ] ], [ [ 110.576657665766575, -6.766876687668766 ], [ 110.576957695769579, -6.766801680168013 ], [ 110.576957695769579, -6.766876687668773 ], [ 110.576657665766575, -6.766876687668766 ] ], [ [ 110.578307830783075, -6.767101710171012 ], [ 110.578682868286833, -6.767026702670274 ], [ 110.578682868286833, -6.767101710171016 ], [ 110.578307830783075, -6.767101710171012 ] ], [ [ 110.576132613261322, -6.76725172517251 ], [ 110.576957695769579, -6.767176717671763 ], [ 110.577107710771074, -6.767326732673259 ], [ 110.576132613261322, -6.76725172517251 ] ], [ [ 110.579507950795076, -6.767251725172526 ], [ 110.579582958295845, -6.767176717671775 ], [ 110.579582958295845, -6.767251725172509 ], [ 110.579507950795076, -6.767251725172526 ] ], [ [ 110.575757575757578, -6.767851785178522 ], [ 110.575982598259827, -6.767926792679271 ], [ 110.575757575757578, -6.768001800180014 ], [ 110.575757575757578, -6.767851785178522 ] ], [ [ 110.577407740774078, -6.767326732673262 ], [ 110.577632763276327, -6.767401740174015 ], [ 110.577332733273323, -6.767476747674775 ], [ 110.577407740774078, -6.767326732673262 ] ], [ [ 110.577707770777081, -6.767401740174015 ], [ 110.578082808280826, -6.767326732673268 ], [ 110.578082808280826, -6.76740174017402 ], [ 110.577707770777081, -6.767401740174015 ] ], [ [ 110.580183018301824, -6.767326732673275 ], [ 110.580258025802578, -6.767251725172508 ], [ 110.580258025802578, -6.767326732673272 ], [ 110.580183018301824, -6.767326732673275 ] ], [ [ 110.580483048304828, -6.767401740174014 ], [ 110.580558055805596, -6.767326732673263 ], [ 110.580558055805596, -6.767401740174019 ], [ 110.580483048304828, -6.767401740174014 ] ], [ [ 110.57815781578158, -6.767476747674773 ], [ 110.578532853285324, -6.767401740174016 ], [ 110.578757875787574, -6.767551755175512 ], [ 110.57815781578158, -6.767476747674773 ] ], [ [ 110.580633063306337, -6.767476747674773 ], [ 110.580708070807077, -6.767401740174019 ], [ 110.580708070807077, -6.767476747674769 ], [ 110.580633063306337, -6.767476747674773 ] ], [ [ 110.579132913291332, -6.767626762676266 ], [ 110.579657965796585, -6.767476747674767 ], [ 110.579657965796585, -6.767626762676271 ], [ 110.579132913291332, -6.767626762676266 ] ], [ [ 110.580108010801084, -6.767626762676266 ], [ 110.580183018301824, -6.767476747674762 ], [ 110.580333033303333, -6.767626762676263 ], [ 110.580108010801084, -6.767626762676266 ] ], [ [ 110.581008100810081, -6.767626762676274 ], [ 110.581083108310835, -6.767476747674769 ], [ 110.581083108310835, -6.767626762676264 ], [ 110.581008100810081, -6.767626762676274 ] ], [ [ 110.581533153315334, -6.767701770177018 ], [ 110.581608160816089, -6.767626762676273 ], [ 110.581608160816089, -6.767701770177018 ], [ 110.581533153315334, -6.767701770177018 ] ], [ [ 110.579432943294336, -6.767776777677766 ], [ 110.579507950795076, -6.767701770177013 ], [ 110.579507950795076, -6.76777677767776 ], [ 110.579432943294336, -6.767776777677766 ] ], [ [ 110.581608160816089, -6.76777677767777 ], [ 110.581758175817583, -6.76770177017702 ], [ 110.581758175817583, -6.76777677767776 ], [ 110.581608160816089, -6.76777677767777 ] ], [ [ 110.581908190819078, -6.767926792679266 ], [ 110.582058205820587, -6.767851785178524 ], [ 110.582058205820587, -6.768001800180018 ], [ 110.581908190819078, -6.767926792679266 ] ], [ [ 110.575682568256823, -6.768451845184522 ], [ 110.575757575757578, -6.768526852685261 ], [ 110.575607560756069, -6.768676867686772 ], [ 110.575682568256823, -6.768451845184522 ] ], [ [ 110.582058205820587, -6.768226822682271 ], [ 110.582133213321328, -6.76815181518151 ], [ 110.582133213321328, -6.76822682268227 ], [ 110.582058205820587, -6.768226822682271 ] ], [ [ 110.579507950795076, -6.768526852685262 ], [ 110.579582958295845, -6.768376837683762 ], [ 110.579582958295845, -6.768526852685271 ], [ 110.579507950795076, -6.768526852685262 ] ], [ [ 110.579282928292827, -6.768676867686763 ], [ 110.579357935793581, -6.768526852685273 ], [ 110.579357935793581, -6.768676867686771 ], [ 110.579282928292827, -6.768676867686763 ] ], [ [ 110.579582958295845, -6.768676867686773 ], [ 110.579657965796585, -6.76852685268527 ], [ 110.579657965796585, -6.768676867686765 ], [ 110.579582958295845, -6.768676867686773 ] ], [ [ 110.579207920792086, -6.768826882688275 ], [ 110.579282928292827, -6.768751875187516 ], [ 110.579282928292827, -6.768826882688272 ], [ 110.579207920792086, -6.768826882688275 ] ], [ [ 110.579432943294336, -6.768826882688267 ], [ 110.579582958295845, -6.768751875187515 ], [ 110.579582958295845, -6.768901890189018 ], [ 110.579432943294336, -6.768826882688267 ] ], [ [ 110.579357935793581, -6.769051905190513 ], [ 110.579507950795076, -6.768976897689767 ], [ 110.579507950795076, -6.769126912691266 ], [ 110.579357935793581, -6.769051905190513 ] ], [ [ 110.580183018301824, -6.770852085208523 ], [ 110.580408040804087, -6.770777077707763 ], [ 110.580408040804087, -6.770927092709266 ], [ 110.580183018301824, -6.770852085208523 ] ], [ [ 110.579657965796585, -6.770927092709265 ], [ 110.579732973297325, -6.77085208520852 ], [ 110.579732973297325, -6.77092709270927 ], [ 110.579657965796585, -6.770927092709265 ] ], [ [ 110.580708070807077, -6.770927092709278 ], [ 110.580933093309326, -6.770852085208523 ], [ 110.580933093309326, -6.770927092709266 ], [ 110.580708070807077, -6.770927092709278 ] ], [ [ 110.581308130813085, -6.771077107710766 ], [ 110.58145814581458, -6.771002100210026 ], [ 110.58145814581458, -6.771077107710778 ], [ 110.581308130813085, -6.771077107710766 ] ], [ [ 110.581683168316829, -6.771227122712278 ], [ 110.581833183318338, -6.771152115211525 ], [ 110.581833183318338, -6.771227122712276 ], [ 110.581683168316829, -6.771227122712278 ] ], [ [ 110.579957995799575, -6.771677167716769 ], [ 110.580108010801084, -6.771602160216028 ], [ 110.580108010801084, -6.771677167716775 ], [ 110.579957995799575, -6.771677167716769 ] ], [ [ 110.576957695769579, -6.77362736273628 ], [ 110.577032703270334, -6.77347734773477 ], [ 110.577032703270334, -6.773627362736271 ], [ 110.576957695769579, -6.77362736273628 ] ], [ [ 110.57650765076508, -6.77437743774378 ], [ 110.576582658265835, -6.774227422742269 ], [ 110.576582658265835, -6.774377437743768 ], [ 110.57650765076508, -6.77437743774378 ] ], [ [ 110.576432643264326, -6.774602460246032 ], [ 110.57650765076508, -6.774452445244519 ], [ 110.57650765076508, -6.77460246024603 ], [ 110.576432643264326, -6.774602460246032 ] ], [ [ 110.573132313231326, -6.775052505250517 ], [ 110.573207320732067, -6.774827482748282 ], [ 110.573282328232835, -6.775052505250517 ], [ 110.573132313231326, -6.775052505250517 ] ], [ [ 110.570282028202826, -6.775277527752771 ], [ 110.570582058205815, -6.775127512751276 ], [ 110.570657065706584, -6.77527752775277 ], [ 110.570282028202826, -6.775277527752771 ] ], [ [ 110.571107110711068, -6.77535253525352 ], [ 110.571182118211823, -6.775202520252019 ], [ 110.571182118211823, -6.775352535253528 ], [ 110.571107110711068, -6.77535253525352 ] ], [ [ 110.569756975697572, -6.775427542754276 ], [ 110.569831983198327, -6.775352535253521 ], [ 110.569831983198327, -6.775427542754275 ], [ 110.569756975697572, -6.775427542754276 ] ], [ [ 110.569606960696063, -6.775802580258032 ], [ 110.570207020702071, -6.775502550255033 ], [ 110.570057005700576, -6.775877587758777 ], [ 110.569606960696063, -6.775802580258032 ] ], [ [ 110.575007500750075, -6.775577557755772 ], [ 110.57508250825083, -6.775502550255024 ], [ 110.57508250825083, -6.77557755775578 ], [ 110.575007500750075, -6.775577557755772 ] ], [ [ 110.571632163216336, -6.775652565256525 ], [ 110.571707170717076, -6.775577557755772 ], [ 110.571707170717076, -6.775652565256532 ], [ 110.571632163216336, -6.775652565256525 ] ], [ [ 110.57508250825083, -6.775652565256527 ], [ 110.57515751575157, -6.77557755775578 ], [ 110.57515751575157, -6.77565256525653 ], [ 110.57508250825083, -6.775652565256527 ] ], [ [ 110.568931893189315, -6.776027602760282 ], [ 110.569081908190824, -6.775652565256532 ], [ 110.569006900690084, -6.776027602760269 ], [ 110.568931893189315, -6.776027602760282 ] ], [ [ 110.569156915691565, -6.77580258025802 ], [ 110.569456945694569, -6.775802580258032 ], [ 110.569231923192319, -6.776177617761784 ], [ 110.569156915691565, -6.77580258025802 ] ], [ [ 110.57043204320432, -6.777602760276035 ], [ 110.571482148214827, -6.776177617761769 ], [ 110.570882088208819, -6.777227722772278 ], [ 110.571107110711068, -6.777752775277524 ], [ 110.569156915691565, -6.78195319531954 ], [ 110.573132313231326, -6.783978397839779 ], [ 110.575307530753079, -6.781428142814276 ], [ 110.573282328232835, -6.78517851785179 ], [ 110.569381938193814, -6.782628262826281 ], [ 110.568706870687066, -6.782478247824786 ], [ 110.568481848184817, -6.782703270327039 ], [ 110.568106810681073, -6.782628262826285 ], [ 110.567956795679564, -6.782778277827778 ], [ 110.567881788178823, -6.781953195319527 ], [ 110.568931893189315, -6.782328232823289 ], [ 110.568331833183322, -6.778577857785773 ], [ 110.569906990699067, -6.77700270027002 ], [ 110.569831983198327, -6.778052805280522 ], [ 110.570657065706584, -6.778127812781277 ], [ 110.57043204320432, -6.777602760276035 ] ], [ [ 110.568631863186312, -6.776252625262527 ], [ 110.568781878187821, -6.776402640264031 ], [ 110.568631863186312, -6.776552655265528 ], [ 110.568631863186312, -6.776252625262527 ] ], [ [ 110.569756975697572, -6.776327632763282 ], [ 110.569831983198327, -6.776102610261017 ], [ 110.569831983198327, -6.776327632763279 ], [ 110.569756975697572, -6.776327632763282 ] ], [ [ 110.570657065706584, -6.776627662766278 ], [ 110.571107110711068, -6.776327632763281 ], [ 110.570882088208819, -6.776702670267034 ], [ 110.570657065706584, -6.776627662766278 ] ], [ [ 110.578457845784584, -6.776177617761778 ], [ 110.583258325832588, -6.778127812781282 ], [ 110.58453345334533, -6.780003000300026 ], [ 110.580933093309326, -6.779477947794777 ], [ 110.578457845784584, -6.776177617761778 ] ], [ [ 110.568931893189315, -6.776327632763272 ], [ 110.569081908190824, -6.77655265526553 ], [ 110.568856885688575, -6.776627662766278 ], [ 110.568931893189315, -6.776327632763272 ] ], [ [ 110.569681968196818, -6.776552655265528 ], [ 110.569756975697572, -6.776327632763282 ], [ 110.569756975697572, -6.776552655265523 ], [ 110.569681968196818, -6.776552655265528 ] ], [ [ 110.570357035703566, -6.776552655265521 ], [ 110.570507050705075, -6.776327632763272 ], [ 110.570507050705075, -6.776552655265527 ], [ 110.570357035703566, -6.776552655265521 ] ], [ [ 110.569081908190824, -6.776702670267018 ], [ 110.569306930693074, -6.776477647764778 ], [ 110.569231923192319, -6.776777677767775 ], [ 110.569081908190824, -6.776702670267018 ] ], [ [ 110.575007500750075, -6.776552655265535 ], [ 110.57508250825083, -6.776402640264028 ], [ 110.57508250825083, -6.776552655265523 ], [ 110.575007500750075, -6.776552655265535 ] ], [ [ 110.577857785778576, -6.776552655265528 ], [ 110.578007800780071, -6.776477647764786 ], [ 110.578007800780071, -6.776552655265521 ], [ 110.577857785778576, -6.776552655265528 ] ], [ [ 110.569606960696063, -6.776777677767769 ], [ 110.569681968196818, -6.776552655265528 ], [ 110.569681968196818, -6.776777677767782 ], [ 110.569606960696063, -6.776777677767769 ] ], [ [ 110.57043204320432, -6.776627662766285 ], [ 110.570732073207324, -6.77685268526852 ], [ 110.57043204320432, -6.776927692769272 ], [ 110.570282028202826, -6.777152715271523 ], [ 110.57043204320432, -6.776627662766285 ] ], [ [ 110.570132013201317, -6.776927692769268 ], [ 110.570282028202826, -6.777002700270033 ], [ 110.570132013201317, -6.777077707770777 ], [ 110.570132013201317, -6.776927692769268 ] ], [ [ 110.570507050705075, -6.777152715271534 ], [ 110.570582058205815, -6.777002700270033 ], [ 110.570582058205815, -6.777152715271525 ], [ 110.570507050705075, -6.777152715271534 ] ], [ [ 110.573357335733576, -6.77730273027303 ], [ 110.57343234323433, -6.777152715271524 ], [ 110.57343234323433, -6.777302730273026 ], [ 110.573357335733576, -6.77730273027303 ] ], [ [ 110.57208220822082, -6.777977797779771 ], [ 110.572232223222329, -6.777902790279028 ], [ 110.572232223222329, -6.77797779777978 ], [ 110.57208220822082, -6.777977797779771 ] ], [ [ 110.570132013201317, -6.778052805280524 ], [ 110.570207020702071, -6.777977797779784 ], [ 110.570207020702071, -6.778052805280534 ], [ 110.570132013201317, -6.778052805280524 ] ], [ [ 110.572907290729077, -6.778577857785787 ], [ 110.572982298229817, -6.778502850285027 ], [ 110.572982298229817, -6.778577857785783 ], [ 110.572907290729077, -6.778577857785787 ] ], [ [ 110.576132613261322, -6.779777977797777 ], [ 110.576207620762077, -6.779702970297032 ], [ 110.576207620762077, -6.779777977797784 ], [ 110.576132613261322, -6.779777977797777 ] ], [ [ 110.581308130813085, -6.781128112811273 ], [ 110.581383138313825, -6.781053105310533 ], [ 110.581383138313825, -6.781128112811275 ], [ 110.581308130813085, -6.781128112811273 ] ], [ [ 110.57508250825083, -6.781203120312026 ], [ 110.57515751575157, -6.781128112811274 ], [ 110.57515751575157, -6.781203120312031 ], [ 110.57508250825083, -6.781203120312026 ] ], [ [ 110.575232523252325, -6.781203120312036 ], [ 110.575307530753079, -6.781128112811275 ], [ 110.575307530753079, -6.781203120312026 ], [ 110.575232523252325, -6.781203120312036 ] ], [ [ 110.566606660666068, -6.78135313531353 ], [ 110.566756675667563, -6.781278127812778 ], [ 110.566756675667563, -6.781353135313536 ], [ 110.566606660666068, -6.78135313531353 ] ], [ [ 110.568031803180318, -6.781428142814272 ], [ 110.568106810681073, -6.781353135313528 ], [ 110.568106810681073, -6.781428142814279 ], [ 110.568031803180318, -6.781428142814272 ] ], [ [ 110.567656765676574, -6.78165316531653 ], [ 110.567731773177314, -6.781578157815786 ], [ 110.567731773177314, -6.781653165316535 ], [ 110.567656765676574, -6.78165316531653 ] ], [ [ 110.577932793279345, -6.782253225322532 ], [ 110.57815781578158, -6.782103210321027 ], [ 110.577857785778576, -6.782403240324039 ], [ 110.577932793279345, -6.782253225322532 ] ], [ [ 110.568106810681073, -6.782778277827775 ], [ 110.568181818181813, -6.78270327032704 ], [ 110.568181818181813, -6.782778277827779 ], [ 110.568106810681073, -6.782778277827775 ] ], [ [ 110.579582958295845, -6.782778277827777 ], [ 110.579657965796585, -6.782703270327037 ], [ 110.579657965796585, -6.782778277827783 ], [ 110.579582958295845, -6.782778277827777 ] ], [ [ 110.56758175817582, -6.783528352835274 ], [ 110.568556855685571, -6.78315331533154 ], [ 110.568106810681073, -6.783753375337533 ], [ 110.567881788178823, -6.783453345334535 ], [ 110.56758175817582, -6.783528352835274 ] ], [ [ 110.581008100810081, -6.78292829282929 ], [ 110.581083108310835, -6.782853285328537 ], [ 110.581083108310835, -6.782928292829289 ], [ 110.581008100810081, -6.78292829282929 ] ], [ [ 110.580933093309326, -6.783003300330027 ], [ 110.581008100810081, -6.78292829282929 ], [ 110.581008100810081, -6.783003300330037 ], [ 110.580933093309326, -6.783003300330027 ] ], [ [ 110.580858085808586, -6.783078307830774 ], [ 110.580933093309326, -6.783003300330027 ], [ 110.580933093309326, -6.783078307830784 ], [ 110.580858085808586, -6.783078307830774 ] ], [ [ 110.568631863186312, -6.783378337833774 ], [ 110.568706870687066, -6.783228322832285 ], [ 110.568706870687066, -6.783378337833792 ], [ 110.568631863186312, -6.783378337833774 ] ], [ [ 110.567506750675065, -6.783678367836789 ], [ 110.56758175817582, -6.783528352835274 ], [ 110.56758175817582, -6.783678367836782 ], [ 110.567506750675065, -6.783678367836789 ] ], [ [ 110.570507050705075, -6.783603360336027 ], [ 110.570582058205815, -6.783528352835281 ], [ 110.570582058205815, -6.78360336033603 ], [ 110.570507050705075, -6.783603360336027 ] ], [ [ 110.567431743174311, -6.783828382838284 ], [ 110.567506750675065, -6.783753375337534 ], [ 110.567506750675065, -6.783828382838285 ], [ 110.567431743174311, -6.783828382838284 ] ], [ [ 110.567806780678069, -6.783828382838281 ], [ 110.567881788178823, -6.783753375337526 ], [ 110.567881788178823, -6.783828382838279 ], [ 110.567806780678069, -6.783828382838281 ] ], [ [ 110.567881788178823, -6.78390339033904 ], [ 110.568106810681073, -6.78397839783978 ], [ 110.567881788178823, -6.784053405340527 ], [ 110.567881788178823, -6.78390339033904 ] ], [ [ 110.56758175817582, -6.783903390339039 ], [ 110.567656765676574, -6.783828382838291 ], [ 110.567656765676574, -6.783903390339033 ], [ 110.56758175817582, -6.783903390339039 ] ], [ [ 110.567356735673584, -6.783978397839782 ], [ 110.567431743174311, -6.783903390339041 ], [ 110.567431743174311, -6.783978397839787 ], [ 110.567356735673584, -6.783978397839782 ] ], [ [ 110.567731773177314, -6.783978397839786 ], [ 110.567806780678069, -6.783903390339025 ], [ 110.567806780678069, -6.783978397839789 ], [ 110.567731773177314, -6.783978397839786 ] ], [ [ 110.567281728172816, -6.784128412841275 ], [ 110.567356735673584, -6.78405340534053 ], [ 110.567356735673584, -6.784128412841286 ], [ 110.567281728172816, -6.784128412841275 ] ], [ [ 110.567206720672061, -6.784278427842785 ], [ 110.567281728172816, -6.784203420342036 ], [ 110.567281728172816, -6.784278427842786 ], [ 110.567206720672061, -6.784278427842785 ] ], [ [ 110.566531653165313, -6.785028502850289 ], [ 110.566906690669072, -6.784878487848777 ], [ 110.566906690669072, -6.785028502850285 ], [ 110.566531653165313, -6.785028502850289 ] ], [ [ 110.567506750675065, -6.785028502850293 ], [ 110.567731773177314, -6.785103510351038 ], [ 110.567506750675065, -6.785328532853291 ], [ 110.567506750675065, -6.785028502850293 ] ], [ [ 110.583258325832588, -6.784953495349528 ], [ 110.583333333333329, -6.784878487848783 ], [ 110.583333333333329, -6.784953495349533 ], [ 110.583258325832588, -6.784953495349528 ] ], [ [ 110.566381638163818, -6.78540354035403 ], [ 110.566456645664573, -6.785328532853288 ], [ 110.566456645664573, -6.785403540354037 ], [ 110.566381638163818, -6.78540354035403 ] ], [ [ 110.574707470747072, -6.785403540354035 ], [ 110.574782478247826, -6.78532853285329 ], [ 110.574782478247826, -6.785403540354028 ], [ 110.574707470747072, -6.785403540354035 ] ], [ [ 110.574782478247826, -6.785478547854789 ], [ 110.574857485748581, -6.785403540354033 ], [ 110.574857485748581, -6.785478547854781 ], [ 110.574782478247826, -6.785478547854789 ] ], [ [ 110.574857485748581, -6.785553555355538 ], [ 110.575007500750075, -6.785478547854782 ], [ 110.575007500750075, -6.785553555355531 ], [ 110.574857485748581, -6.785553555355538 ] ], [ [ 110.566456645664573, -6.785628562856283 ], [ 110.566606660666068, -6.785703570357033 ], [ 110.566456645664573, -6.78577857785778 ], [ 110.566456645664573, -6.785628562856283 ] ], [ [ 110.566381638163818, -6.785928592859278 ], [ 110.566456645664573, -6.785853585358529 ], [ 110.566456645664573, -6.785928592859285 ], [ 110.566381638163818, -6.785928592859278 ] ], [ [ 110.566531653165313, -6.785928592859285 ], [ 110.566606660666068, -6.785853585358535 ], [ 110.566606660666068, -6.785928592859278 ], [ 110.566531653165313, -6.785928592859285 ] ], [ [ 110.566306630663064, -6.78607860786078 ], [ 110.566381638163818, -6.786003600360036 ], [ 110.566381638163818, -6.786078607860785 ], [ 110.566306630663064, -6.78607860786078 ] ], [ [ 110.566456645664573, -6.786153615361536 ], [ 110.566531653165313, -6.786003600360032 ], [ 110.566531653165313, -6.786153615361544 ], [ 110.566456645664573, -6.786153615361536 ] ], [ [ 110.575832583258332, -6.786153615361536 ], [ 110.575907590759073, -6.786078607860779 ], [ 110.575907590759073, -6.786153615361542 ], [ 110.575832583258332, -6.786153615361536 ] ], [ [ 110.566381638163818, -6.786303630363046 ], [ 110.566456645664573, -6.786153615361536 ], [ 110.566456645664573, -6.786303630363031 ], [ 110.566381638163818, -6.786303630363046 ] ], [ [ 110.566306630663064, -6.78645364536454 ], [ 110.566381638163818, -6.786303630363046 ], [ 110.566381638163818, -6.78645364536454 ], [ 110.566306630663064, -6.78645364536454 ] ], [ [ 110.583183318331834, -6.78750375037503 ], [ 110.584383438343835, -6.786528652865282 ], [ 110.583933393339336, -6.787878787878793 ], [ 110.583183318331834, -6.78750375037503 ] ], [ [ 110.57043204320432, -6.786828682868283 ], [ 110.570507050705075, -6.786753675367529 ], [ 110.570507050705075, -6.78682868286828 ], [ 110.57043204320432, -6.786828682868283 ] ], [ [ 110.569906990699067, -6.78682868286828 ], [ 110.570357035703566, -6.788703870387047 ], [ 110.575457545754574, -6.789978997899781 ], [ 110.576432643264326, -6.792304230423033 ], [ 110.579132913291332, -6.792754275427543 ], [ 110.576582658265835, -6.792904290429037 ], [ 110.57538253825382, -6.790729072907294 ], [ 110.569381938193814, -6.788778877887792 ], [ 110.569906990699067, -6.78682868286828 ] ], [ [ 110.574782478247826, -6.78855385538554 ], [ 110.576207620762077, -6.787653765376542 ], [ 110.574932493249335, -6.789153915391533 ], [ 110.574782478247826, -6.78855385538554 ] ], [ [ 110.57680768076807, -6.787278727872794 ], [ 110.576882688268824, -6.787203720372033 ], [ 110.576882688268824, -6.787278727872784 ], [ 110.57680768076807, -6.787278727872794 ] ], [ [ 110.577032703270334, -6.787728772877283 ], [ 110.577107710771074, -6.787653765376533 ], [ 110.577107710771074, -6.787728772877289 ], [ 110.577032703270334, -6.787728772877283 ] ], [ [ 110.577107710771074, -6.787803780378036 ], [ 110.577182718271828, -6.787728772877286 ], [ 110.577182718271828, -6.787803780378034 ], [ 110.577107710771074, -6.787803780378036 ] ], [ [ 110.577782778277822, -6.788028802880292 ], [ 110.577857785778576, -6.787953795379545 ], [ 110.577857785778576, -6.788028802880283 ], [ 110.577782778277822, -6.788028802880292 ] ], [ [ 110.578082808280826, -6.788253825382533 ], [ 110.57815781578158, -6.788178817881794 ], [ 110.57815781578158, -6.788253825382534 ], [ 110.578082808280826, -6.788253825382533 ] ], [ [ 110.565556555655562, -6.788478847884785 ], [ 110.565631563156316, -6.788403840384043 ], [ 110.565631563156316, -6.78847884788479 ], [ 110.565556555655562, -6.788478847884785 ] ], [ [ 110.578307830783075, -6.788553855385547 ], [ 110.578382838283829, -6.788478847884786 ], [ 110.578382838283829, -6.788553855385546 ], [ 110.578307830783075, -6.788553855385547 ] ], [ [ 110.565481548154821, -6.788853885388544 ], [ 110.565556555655562, -6.788628862886287 ], [ 110.565556555655562, -6.788853885388532 ], [ 110.565481548154821, -6.788853885388544 ] ], [ [ 110.565256525652572, -6.791629162916297 ], [ 110.567881788178823, -6.789528952895292 ], [ 110.566606660666068, -6.791779177917795 ], [ 110.565256525652572, -6.791629162916297 ] ], [ [ 110.570057005700576, -6.789978997899797 ], [ 110.57515751575157, -6.790804080408039 ], [ 110.575832583258332, -6.792604260426049 ], [ 110.570057005700576, -6.789978997899797 ] ], [ [ 110.565256525652572, -6.789453945394546 ], [ 110.565331533153312, -6.789378937893783 ], [ 110.565331533153312, -6.789453945394536 ], [ 110.565256525652572, -6.789453945394546 ] ], [ [ 110.569456945694569, -6.789828982898282 ], [ 110.569756975697572, -6.789828982898291 ], [ 110.569456945694569, -6.789903990399043 ], [ 110.569456945694569, -6.789828982898282 ] ], [ [ 110.565181518151817, -6.789828982898294 ], [ 110.565256525652572, -6.789678967896791 ], [ 110.565256525652572, -6.789828982898288 ], [ 110.565181518151817, -6.789828982898294 ] ], [ [ 110.565106510651063, -6.789978997899788 ], [ 110.565181518151817, -6.789903990399039 ], [ 110.565181518151817, -6.789978997899789 ], [ 110.565106510651063, -6.789978997899788 ] ], [ [ 110.564881488148814, -6.791104110411045 ], [ 110.564956495649568, -6.791029102910296 ], [ 110.564956495649568, -6.791104110411032 ], [ 110.564881488148814, -6.791104110411045 ] ], [ [ 110.564956495649568, -6.791329132913291 ], [ 110.565181518151817, -6.791179117911787 ], [ 110.565106510651063, -6.791329132913296 ], [ 110.564956495649568, -6.791329132913291 ] ], [ [ 110.564956495649568, -6.791554155415533 ], [ 110.564956495649568, -6.791329132913291 ], [ 110.565256525652572, -6.791554155415536 ], [ 110.564956495649568, -6.791554155415533 ] ], [ [ 110.563831383138307, -6.792229222922285 ], [ 110.563906390639062, -6.792154215421539 ], [ 110.563906390639062, -6.792229222922291 ], [ 110.563831383138307, -6.792229222922285 ] ], [ [ 110.563681368136812, -6.793129312931288 ], [ 110.563756375637567, -6.793054305430543 ], [ 110.563756375637567, -6.793129312931298 ], [ 110.563681368136812, -6.793129312931288 ] ], [ [ 110.563606360636058, -6.793429342934297 ], [ 110.563681368136812, -6.793354335433534 ], [ 110.563681368136812, -6.793429342934289 ], [ 110.563606360636058, -6.793429342934297 ] ], [ [ 110.573207320732067, -6.793354335433547 ], [ 110.574932493249335, -6.793654365436534 ], [ 110.574182418241818, -6.795679567956789 ], [ 110.572157215721575, -6.795004500450039 ], [ 110.573207320732067, -6.793354335433547 ] ], [ [ 110.563531353135318, -6.793579357935797 ], [ 110.563606360636058, -6.793429342934297 ], [ 110.563606360636058, -6.793579357935791 ], [ 110.563531353135318, -6.793579357935797 ] ], [ [ 110.563456345634563, -6.793729372937286 ], [ 110.563531353135318, -6.793654365436537 ], [ 110.563531353135318, -6.793729372937298 ], [ 110.563456345634563, -6.793729372937286 ] ], [ [ 110.563306330633068, -6.794104410441049 ], [ 110.563381338133823, -6.793954395439546 ], [ 110.563381338133823, -6.794104410441038 ], [ 110.563306330633068, -6.794104410441049 ] ], [ [ 110.58145814581458, -6.794104410441041 ], [ 110.581608160816089, -6.794029402940301 ], [ 110.581608160816089, -6.794104410441044 ], [ 110.58145814581458, -6.794104410441041 ] ], [ [ 110.563231323132314, -6.794179417941804 ], [ 110.563306330633068, -6.794104410441049 ], [ 110.563306330633068, -6.794179417941788 ], [ 110.563231323132314, -6.794179417941804 ] ], [ [ 110.56458145814581, -6.79425442544255 ], [ 110.564656465646564, -6.794179417941787 ], [ 110.564656465646564, -6.794254425442551 ], [ 110.56458145814581, -6.79425442544255 ] ], [ [ 110.564506450645069, -6.794329432943286 ], [ 110.56458145814581, -6.79425442544255 ], [ 110.56458145814581, -6.794329432943298 ], [ 110.564506450645069, -6.794329432943286 ] ], [ [ 110.571557155715567, -6.794629462946292 ], [ 110.571632163216336, -6.794554455445542 ], [ 110.571632163216336, -6.794629462946294 ], [ 110.571557155715567, -6.794629462946292 ] ], [ [ 110.583258325832588, -6.794629462946299 ], [ 110.583333333333329, -6.794554455445537 ], [ 110.583333333333329, -6.7946294629463 ], [ 110.583258325832588, -6.794629462946299 ] ], [ [ 110.581683168316829, -6.794929492949291 ], [ 110.581758175817583, -6.794854485448541 ], [ 110.581758175817583, -6.794929492949299 ], [ 110.581683168316829, -6.794929492949291 ] ], [ [ 110.581758175817583, -6.795004500450046 ], [ 110.581833183318338, -6.794929492949304 ], [ 110.581833183318338, -6.795004500450045 ], [ 110.581758175817583, -6.795004500450046 ] ], [ [ 110.581833183318338, -6.795004500450045 ], [ 110.582733273327335, -6.795904590459045 ], [ 110.581533153315334, -6.797554755475544 ], [ 110.581383138313825, -6.796879687968795 ], [ 110.581833183318338, -6.795004500450045 ] ], [ [ 110.575532553255329, -6.795679567956799 ], [ 110.577182718271828, -6.796429642964297 ], [ 110.576882688268824, -6.797404740474048 ], [ 110.57515751575157, -6.796804680468052 ], [ 110.575532553255329, -6.795679567956799 ] ], [ [ 110.571182118211823, -6.795979597959802 ], [ 110.571257125712577, -6.795904590459052 ], [ 110.571257125712577, -6.795979597959798 ], [ 110.571182118211823, -6.795979597959802 ] ], [ [ 110.571107110711068, -6.796129612961293 ], [ 110.571182118211823, -6.79605460546054 ], [ 110.571182118211823, -6.796129612961301 ], [ 110.571107110711068, -6.796129612961293 ] ], [ [ 110.57043204320432, -6.797104710471055 ], [ 110.571182118211823, -6.796504650465051 ], [ 110.572382238223824, -6.796579657965803 ], [ 110.572532253225319, -6.797029702970291 ], [ 110.57043204320432, -6.797104710471055 ] ], [ [ 110.571407140714072, -6.7964296429643 ], [ 110.571482148214827, -6.796354635463548 ], [ 110.571482148214827, -6.796429642964291 ], [ 110.571407140714072, -6.7964296429643 ] ], [ [ 110.579582958295845, -6.796429642964304 ], [ 110.580783078307832, -6.798004800480045 ], [ 110.580333033303333, -6.799429942994291 ], [ 110.577707770777081, -6.798304830483056 ], [ 110.579582958295845, -6.796429642964304 ] ], [ [ 110.572982298229817, -6.796654665466552 ], [ 110.573057305730572, -6.796579657965796 ], [ 110.573057305730572, -6.796654665466539 ], [ 110.572982298229817, -6.796654665466552 ] ], [ [ 110.572607260726073, -6.797104710471046 ], [ 110.572682268226828, -6.797029702970292 ], [ 110.572682268226828, -6.797104710471042 ], [ 110.572607260726073, -6.797104710471046 ] ], [ [ 110.560006000600055, -6.79777977797779 ], [ 110.560681068106817, -6.7976297629763 ], [ 110.560231023102304, -6.798304830483042 ], [ 110.560006000600055, -6.79777977797779 ] ], [ [ 110.570132013201317, -6.797629762976296 ], [ 110.570207020702071, -6.797479747974797 ], [ 110.570207020702071, -6.797629762976293 ], [ 110.570132013201317, -6.797629762976296 ] ], [ [ 110.574632463246346, -6.797629762976293 ], [ 110.574707470747072, -6.797554755475543 ], [ 110.574707470747072, -6.797629762976291 ], [ 110.574632463246346, -6.797629762976293 ] ], [ [ 110.570957095709574, -6.797704770477039 ], [ 110.571032103210328, -6.79762976297629 ], [ 110.571032103210328, -6.797704770477042 ], [ 110.570957095709574, -6.797704770477039 ] ], [ [ 110.570207020702071, -6.797854785478556 ], [ 110.570282028202826, -6.797704770477043 ], [ 110.570282028202826, -6.797854785478547 ], [ 110.570207020702071, -6.797854785478556 ] ], [ [ 110.570882088208819, -6.797854785478547 ], [ 110.570957095709574, -6.797704770477039 ], [ 110.570957095709574, -6.797854785478548 ], [ 110.570882088208819, -6.797854785478547 ] ], [ [ 110.57373237323732, -6.798754875487551 ], [ 110.574932493249335, -6.798229822982296 ], [ 110.574707470747072, -6.799204920492054 ], [ 110.57373237323732, -6.798754875487551 ] ], [ [ 110.570057005700576, -6.797929792979293 ], [ 110.570132013201317, -6.79785478547855 ], [ 110.570132013201317, -6.797929792979303 ], [ 110.570057005700576, -6.797929792979293 ] ], [ [ 110.572232223222329, -6.798154815481555 ], [ 110.572307230723084, -6.7980798079808 ], [ 110.572307230723084, -6.798154815481546 ], [ 110.572232223222329, -6.798154815481555 ] ], [ [ 110.572157215721575, -6.798229822982299 ], [ 110.572232223222329, -6.798154815481555 ], [ 110.572232223222329, -6.798229822982294 ], [ 110.572157215721575, -6.798229822982299 ] ], [ [ 110.570957095709574, -6.798904890489046 ], [ 110.571407140714072, -6.79875487548754 ], [ 110.571482148214827, -6.798979897989796 ], [ 110.570957095709574, -6.798904890489046 ] ], [ [ 110.571707170717076, -6.799129912991306 ], [ 110.571782178217816, -6.798979897989792 ], [ 110.571857185718571, -6.799129912991297 ], [ 110.571707170717076, -6.799129912991306 ] ], [ [ 110.570807080708065, -6.799279927992796 ], [ 110.570882088208819, -6.799204920492047 ], [ 110.570882088208819, -6.799279927992801 ], [ 110.570807080708065, -6.799279927992796 ] ], [ [ 110.574707470747072, -6.799279927992802 ], [ 110.574782478247826, -6.799204920492055 ], [ 110.574782478247826, -6.799279927992792 ], [ 110.574707470747072, -6.799279927992802 ] ], [ [ 110.575907590759073, -6.799279927992807 ], [ 110.575982598259827, -6.799204920492041 ], [ 110.575982598259827, -6.799279927992798 ], [ 110.575907590759073, -6.799279927992807 ] ], [ [ 110.572532253225319, -6.799354935493545 ], [ 110.572607260726073, -6.799279927992806 ], [ 110.572607260726073, -6.799354935493556 ], [ 110.572532253225319, -6.799354935493545 ] ], [ [ 110.575307530753079, -6.799354935493543 ], [ 110.57538253825382, -6.799279927992794 ], [ 110.57538253825382, -6.799354935493557 ], [ 110.575307530753079, -6.799354935493543 ] ], [ [ 110.578682868286833, -6.799429942994304 ], [ 110.578832883288328, -6.799279927992796 ], [ 110.578757875787574, -6.799429942994301 ], [ 110.578682868286833, -6.799429942994304 ] ], [ [ 110.575832583258332, -6.799429942994298 ], [ 110.575907590759073, -6.799354935493548 ], [ 110.575907590759073, -6.799429942994295 ], [ 110.575832583258332, -6.799429942994298 ] ], [ [ 110.575532553255329, -6.799504950495057 ], [ 110.575757575757578, -6.799429942994307 ], [ 110.575832583258332, -6.7995799579958 ], [ 110.575532553255329, -6.799504950495057 ] ], [ [ 110.575832583258332, -6.799654965496542 ], [ 110.575907590759073, -6.799579957995803 ], [ 110.575907590759073, -6.799654965496549 ], [ 110.575832583258332, -6.799654965496542 ] ], [ [ 110.575907590759073, -6.799729972997301 ], [ 110.575982598259827, -6.799654965496543 ], [ 110.575982598259827, -6.799729972997298 ], [ 110.575907590759073, -6.799729972997301 ] ], [ [ 110.572982298229817, -6.799804980498044 ], [ 110.573057305730572, -6.799729972997296 ], [ 110.573057305730572, -6.799804980498046 ], [ 110.572982298229817, -6.799804980498044 ] ], [ [ 110.575982598259827, -6.799804980498056 ], [ 110.576057605760582, -6.799729972997298 ], [ 110.576057605760582, -6.799804980498043 ], [ 110.575982598259827, -6.799804980498056 ] ], [ [ 110.572832283228323, -6.799879987998795 ], [ 110.572907290729077, -6.799804980498046 ], [ 110.572907290729077, -6.799879987998799 ], [ 110.572832283228323, -6.799879987998795 ] ], [ [ 110.572757275727568, -6.800030003000301 ], [ 110.572832283228323, -6.799879987998795 ], [ 110.572832283228323, -6.800030003000304 ], [ 110.572757275727568, -6.800030003000301 ] ], [ [ 110.576207620762077, -6.799954995499548 ], [ 110.576282628262845, -6.799879987998803 ], [ 110.576282628262845, -6.799954995499551 ], [ 110.576207620762077, -6.799954995499548 ] ], [ [ 110.568106810681073, -6.800630063006306 ], [ 110.568181818181813, -6.800555055505545 ], [ 110.568181818181813, -6.800630063006305 ], [ 110.568106810681073, -6.800630063006306 ] ], [ [ 110.577632763276327, -6.80085508550855 ], [ 110.577707770777081, -6.800705070507052 ], [ 110.577782778277822, -6.800855085508557 ], [ 110.577632763276327, -6.80085508550855 ] ], [ [ 110.565481548154821, -6.801080108010794 ], [ 110.565556555655562, -6.801005100510056 ], [ 110.565556555655562, -6.801080108010799 ], [ 110.565481548154821, -6.801080108010794 ] ], [ [ 110.566456645664573, -6.80160516051606 ], [ 110.566531653165313, -6.801530153015293 ], [ 110.566531653165313, -6.801605160516048 ], [ 110.566456645664573, -6.80160516051606 ] ], [ [ 110.579282928292827, -6.801605160516049 ], [ 110.579357935793581, -6.801530153015304 ], [ 110.579357935793581, -6.801605160516049 ], [ 110.579282928292827, -6.801605160516049 ] ], [ [ 110.566531653165313, -6.801755175517558 ], [ 110.566606660666068, -6.801680168016799 ], [ 110.566606660666068, -6.80175517551755 ], [ 110.566531653165313, -6.801755175517558 ] ], [ [ 110.580108010801084, -6.801830183018303 ], [ 110.580183018301824, -6.801680168016798 ], [ 110.580333033303333, -6.801830183018303 ], [ 110.580108010801084, -6.801830183018303 ] ], [ [ 110.566756675667563, -6.801980198019802 ], [ 110.566831683168317, -6.801905190519046 ], [ 110.566831683168317, -6.801980198019803 ], [ 110.566756675667563, -6.801980198019802 ] ], [ [ 110.560381038103813, -6.80325532553256 ], [ 110.560456045604568, -6.803105310531053 ], [ 110.560456045604568, -6.803255325532552 ], [ 110.560381038103813, -6.80325532553256 ] ], [ [ 110.567206720672061, -6.804230423042297 ], [ 110.567281728172816, -6.804155415541563 ], [ 110.567281728172816, -6.804230423042299 ], [ 110.567206720672061, -6.804230423042297 ] ], [ [ 110.557605760576052, -6.805505550555055 ], [ 110.557680768076807, -6.805430543054307 ], [ 110.557680768076807, -6.805505550555052 ], [ 110.557605760576052, -6.805505550555055 ] ], [ [ 110.557530753075312, -6.805580558055802 ], [ 110.557605760576052, -6.805505550555055 ], [ 110.557605760576052, -6.805580558055805 ], [ 110.557530753075312, -6.805580558055802 ] ], [ [ 110.569231923192319, -6.80640564056405 ], [ 110.569306930693074, -6.806330633063308 ], [ 110.569306930693074, -6.806405640564062 ], [ 110.569231923192319, -6.80640564056405 ] ], [ [ 110.569681968196818, -6.806705670567053 ], [ 110.569756975697572, -6.806630663066302 ], [ 110.569756975697572, -6.806705670567058 ], [ 110.569681968196818, -6.806705670567053 ] ], [ [ 110.558655865586559, -6.807305730573051 ], [ 110.558730873087313, -6.807230723072302 ], [ 110.558730873087313, -6.807305730573064 ], [ 110.558655865586559, -6.807305730573051 ] ], [ [ 110.57043204320432, -6.807380738073809 ], [ 110.570507050705075, -6.807305730573062 ], [ 110.570507050705075, -6.807380738073811 ], [ 110.57043204320432, -6.807380738073809 ] ], [ [ 110.569906990699067, -6.807455745574551 ], [ 110.569981998199836, -6.807380738073801 ], [ 110.569981998199836, -6.807455745574566 ], [ 110.569906990699067, -6.807455745574551 ] ], [ [ 110.555880588058812, -6.808055805580564 ], [ 110.555955595559553, -6.807980798079807 ], [ 110.555955595559553, -6.808055805580551 ], [ 110.555880588058812, -6.808055805580564 ] ], [ [ 110.571107110711068, -6.808130813081315 ], [ 110.571182118211823, -6.808055805580557 ], [ 110.571182118211823, -6.808130813081315 ], [ 110.571107110711068, -6.808130813081315 ] ], [ [ 110.570807080708065, -6.808205820582065 ], [ 110.570882088208819, -6.808130813081303 ], [ 110.570882088208819, -6.808205820582051 ], [ 110.570807080708065, -6.808205820582065 ] ], [ [ 110.570882088208819, -6.808280828082806 ], [ 110.570957095709574, -6.808205820582061 ], [ 110.570957095709574, -6.80828082808281 ], [ 110.570882088208819, -6.808280828082806 ] ], [ [ 110.574032403240324, -6.808280828082799 ], [ 110.574107410741078, -6.808205820582057 ], [ 110.574107410741078, -6.808280828082804 ], [ 110.574032403240324, -6.808280828082799 ] ], [ [ 110.571407140714072, -6.808580858085813 ], [ 110.571482148214827, -6.808430843084312 ], [ 110.571557155715567, -6.808580858085815 ], [ 110.571407140714072, -6.808580858085813 ] ], [ [ 110.573807380738074, -6.808655865586561 ], [ 110.573882388238829, -6.808580858085814 ], [ 110.573882388238829, -6.808655865586567 ], [ 110.573807380738074, -6.808655865586561 ] ], [ [ 110.57373237323732, -6.808805880588052 ], [ 110.573807380738074, -6.808730873087311 ], [ 110.573807380738074, -6.808805880588064 ], [ 110.57373237323732, -6.808805880588052 ] ], [ [ 110.571782178217816, -6.809180918091814 ], [ 110.571857185718571, -6.809105910591056 ], [ 110.571857185718571, -6.809180918091814 ], [ 110.571782178217816, -6.809180918091814 ] ], [ [ 110.572007200720066, -6.809330933093309 ], [ 110.57208220822082, -6.809255925592561 ], [ 110.57208220822082, -6.809330933093309 ], [ 110.572007200720066, -6.809330933093309 ] ], [ [ 110.572982298229817, -6.80993099309932 ], [ 110.573132313231326, -6.809630963096313 ], [ 110.573057305730572, -6.809930993099303 ], [ 110.572982298229817, -6.80993099309932 ] ], [ [ 110.567656765676574, -6.810981098109806 ], [ 110.567731773177314, -6.810906090609061 ], [ 110.567731773177314, -6.810981098109805 ], [ 110.567656765676574, -6.810981098109806 ] ], [ [ 110.560156015601564, -6.813756375637563 ], [ 110.560231023102304, -6.813681368136808 ], [ 110.560231023102304, -6.813756375637562 ], [ 110.560156015601564, -6.813756375637563 ] ] ] } },
{ "type": "Feature", "properties": { "year": 2028, "layer": "atrisk" }, "geometry": { "type": "Polygon", "coordinates": [ [ [ 110.551230123012303, -6.829207920792085 ], [ 110.550930093009299, -6.829507950795082 ], [ 110.553030303030297, -6.829957995799583 ], [ 110.551230123012303, -6.829207920792085 ] ] ] } },
{ "type": "Feature", "properties": { "year": 2028, "layer": "atrisk" }, "geometry": { "type": "Polygon", "coordinates": [ [ [ 110.552430243024304, -6.809105910591066 ], [ 110.551230123012303, -6.810381038103816 ], [ 110.551080108010808, -6.810606060606069 ], [ 110.551080108010808, -6.810981098109812 ], [ 110.549204920492045, -6.813081308130819 ], [ 110.549504950495063, -6.818406840684069 ], [ 110.545904590459045, -6.821482148214819 ], [ 110.544029402940296, -6.819906990699073 ], [ 110.542454245424537, -6.820657065706573 ], [ 110.537353735373543, -6.827182718271833 ], [ 110.534953495349541, -6.82778277827782 ], [ 110.530603060306035, -6.832133213321332 ], [ 110.532928292829283, -6.834833483348337 ], [ 110.535028502850281, -6.831983198319838 ], [ 110.533603360336031, -6.836183618361829 ], [ 110.529702970297024, -6.832358235823581 ], [ 110.520102010201029, -6.834983498349827 ], [ 110.523402340234028, -6.838508850885088 ], [ 110.527527752775271, -6.839333933393331 ], [ 110.528727872787272, -6.845409540954095 ], [ 110.529927992799287, -6.84563456345635 ], [ 110.528952895289535, -6.845934593459353 ], [ 110.528202820282033, -6.844809480948091 ], [ 110.527602760276025, -6.848034803480344 ], [ 110.530078007800782, -6.845559555955599 ], [ 110.534878487848786, -6.849534953495342 ], [ 110.537728772877287, -6.846609660966095 ], [ 110.539828982898285, -6.843459345934588 ], [ 110.537953795379551, -6.84105910591059 ], [ 110.53847884788479, -6.840609060906084 ], [ 110.540354035403539, -6.842259225922591 ], [ 110.540579057905802, -6.841884188418846 ], [ 110.536003600360033, -6.838208820882087 ], [ 110.541254125412536, -6.840534053405336 ], [ 110.542754275427541, -6.834383438343829 ], [ 110.547254725472541, -6.833108310831082 ], [ 110.545004500450048, -6.831683168316839 ], [ 110.5459795979598, -6.826732673267331 ], [ 110.5476297629763, -6.827932793279324 ], [ 110.54605460546054, -6.831608160816077 ], [ 110.547929792979303, -6.833183318331829 ], [ 110.550930093009299, -6.831908190819084 ], [ 110.548304830483048, -6.827557755775572 ], [ 110.554755475547552, -6.829432943294325 ], [ 110.559930993099314, -6.82373237323732 ], [ 110.562631263126306, -6.817881788178815 ], [ 110.561806180618063, -6.81615661566156 ], [ 110.552430243024304, -6.809105910591066 ] ], [ [ 110.551380138013798, -6.810456045604565 ], [ 110.551455145514552, -6.810381038103801 ], [ 110.551455145514552, -6.810456045604557 ], [ 110.551380138013798, -6.810456045604565 ] ], [ [ 110.551155115511563, -6.810756075607566 ], [ 110.551230123012303, -6.810681068106801 ], [ 110.551230123012303, -6.810756075607562 ], [ 110.551155115511563, -6.810756075607566 ] ], [ [ 110.550030003000302, -6.814731473147309 ], [ 110.551830183018296, -6.814956495649571 ], [ 110.552055205520546, -6.815406540654071 ], [ 110.550030003000302, -6.814731473147309 ] ], [ [ 110.554380438043808, -6.815406540654064 ], [ 110.554455445544562, -6.815331533153314 ], [ 110.554455445544562, -6.815406540654072 ], [ 110.554380438043808, -6.815406540654064 ] ], [ [ 110.551755175517556, -6.815481548154808 ], [ 110.551905190519051, -6.815406540654063 ], [ 110.551905190519051, -6.815481548154811 ], [ 110.551755175517556, -6.815481548154808 ] ], [ [ 110.556330633063311, -6.81570657065707 ], [ 110.556405640564051, -6.815631563156316 ], [ 110.556405640564051, -6.815706570657065 ], [ 110.556330633063311, -6.81570657065707 ] ], [ [ 110.557830783078302, -6.81668166816682 ], [ 110.557905790579056, -6.816606660666066 ], [ 110.557905790579056, -6.81668166816682 ], [ 110.557830783078302, -6.81668166816682 ] ], [ [ 110.554155415541572, -6.816831683168312 ], [ 110.554230423042299, -6.816756675667572 ], [ 110.554230423042299, -6.816831683168322 ], [ 110.554155415541572, -6.816831683168312 ] ], [ [ 110.554080408040804, -6.81690669066907 ], [ 110.554155415541572, -6.816831683168312 ], [ 110.554155415541572, -6.816906690669059 ], [ 110.554080408040804, -6.81690669066907 ] ], [ [ 110.556330633063311, -6.818856885688565 ], [ 110.556480648064806, -6.818781878187817 ], [ 110.556480648064806, -6.81885688568857 ], [ 110.556330633063311, -6.818856885688565 ] ], [ [ 110.551755175517556, -6.821107110711061 ], [ 110.552055205520546, -6.822382238223827 ], [ 110.55070507050705, -6.824107410741082 ], [ 110.548754875487546, -6.824782478247832 ], [ 110.546879687968811, -6.826657665766578 ], [ 110.543579357935812, -6.824182418241831 ], [ 110.544929492949294, -6.821257125712576 ], [ 110.545079507950788, -6.823582358235821 ], [ 110.547779777977794, -6.825157515751572 ], [ 110.551755175517556, -6.821107110711061 ] ], [ [ 110.553780378037814, -6.822682268226821 ], [ 110.553855385538554, -6.822607260726077 ], [ 110.553855385538554, -6.822682268226829 ], [ 110.553780378037814, -6.822682268226821 ] ], [ [ 110.552430243024304, -6.824932493249316 ], [ 110.553330333033301, -6.824782478247822 ], [ 110.552430243024304, -6.826057605760574 ], [ 110.552430243024304, -6.824932493249316 ] ], [ [ 110.54132913291329, -6.82583258325832 ], [ 110.542379237923797, -6.825232523252327 ], [ 110.541404140414045, -6.825982598259831 ], [ 110.54132913291329, -6.82583258325832 ] ], [ [ 110.542379237923797, -6.82515751575157 ], [ 110.542454245424537, -6.825082508250833 ], [ 110.542454245424537, -6.825157515751576 ], [ 110.542379237923797, -6.82515751575157 ] ], [ [ 110.542529252925291, -6.82515751575158 ], [ 110.542679267926786, -6.825082508250827 ], [ 110.542679267926786, -6.825157515751581 ], [ 110.542529252925291, -6.82515751575158 ] ], [ [ 110.541254125412536, -6.825982598259818 ], [ 110.54132913291329, -6.82590759075908 ], [ 110.54132913291329, -6.82598259825983 ], [ 110.541254125412536, -6.825982598259818 ] ], [ [ 110.540054005400535, -6.826957695769573 ], [ 110.541179117911796, -6.826207620762077 ], [ 110.540429042904293, -6.826957695769575 ], [ 110.540054005400535, -6.826957695769573 ] ], [ [ 110.5476297629763, -6.826132613261329 ], [ 110.547704770477054, -6.826057605760579 ], [ 110.547704770477054, -6.826132613261331 ], [ 110.5476297629763, -6.826132613261329 ] ], [ [ 110.53990399039904, -6.826957695769571 ], [ 110.539978997899794, -6.826882688268832 ], [ 110.539978997899794, -6.826957695769577 ], [ 110.53990399039904, -6.826957695769571 ] ], [ [ 110.539978997899794, -6.827032703270325 ], [ 110.540054005400535, -6.826957695769573 ], [ 110.540054005400535, -6.827032703270319 ], [ 110.539978997899794, -6.827032703270325 ] ], [ [ 110.53990399039904, -6.827107710771083 ], [ 110.539978997899794, -6.827032703270325 ], [ 110.539978997899794, -6.827107710771079 ], [ 110.53990399039904, -6.827107710771083 ] ], [ [ 110.539753975397545, -6.82718271827183 ], [ 110.539828982898285, -6.827107710771076 ], [ 110.539828982898285, -6.827182718271825 ], [ 110.539753975397545, -6.82718271827183 ] ], [ [ 110.539678967896791, -6.82725772577257 ], [ 110.539753975397545, -6.82718271827183 ], [ 110.539753975397545, -6.827257725772571 ], [ 110.539678967896791, -6.82725772577257 ] ], [ [ 110.539603960396036, -6.827332733273328 ], [ 110.539678967896791, -6.82725772577257 ], [ 110.539678967896791, -6.827332733273335 ], [ 110.539603960396036, -6.827332733273328 ] ], [ [ 110.539528952895296, -6.827407740774071 ], [ 110.539603960396036, -6.827332733273328 ], [ 110.539603960396036, -6.827407740774083 ], [ 110.539528952895296, -6.827407740774071 ] ], [ [ 110.538928892889302, -6.827782778277826 ], [ 110.539003900390043, -6.827707770777087 ], [ 110.539003900390043, -6.827782778277837 ], [ 110.538928892889302, -6.827782778277826 ] ], [ [ 110.536303630363051, -6.827782778277836 ], [ 110.53847884788479, -6.832208220822077 ], [ 110.542829282928295, -6.833933393339328 ], [ 110.542079207920793, -6.835208520852081 ], [ 110.538028802880291, -6.832358235823577 ], [ 110.536303630363051, -6.827782778277836 ] ], [ [ 110.539003900390043, -6.827857785778575 ], [ 110.539078907890783, -6.82778277827782 ], [ 110.539078907890783, -6.827857785778573 ], [ 110.539003900390043, -6.827857785778575 ] ], [ [ 110.536078607860787, -6.828082808280823 ], [ 110.536153615361542, -6.828007800780082 ], [ 110.536153615361542, -6.828082808280823 ], [ 110.536078607860787, -6.828082808280823 ] ], [ [ 110.537953795379551, -6.828532853285325 ], [ 110.538028802880291, -6.828457845784583 ], [ 110.538028802880291, -6.828532853285329 ], [ 110.537953795379551, -6.828532853285325 ] ], [ [ 110.539378937893787, -6.832433243324333 ], [ 110.539453945394541, -6.832358235823583 ], [ 110.539453945394541, -6.832433243324328 ], [ 110.539378937893787, -6.832433243324333 ] ], [ [ 110.539453945394541, -6.832508250825076 ], [ 110.539528952895296, -6.832433243324336 ], [ 110.539528952895296, -6.832508250825081 ], [ 110.539453945394541, -6.832508250825076 ] ], [ [ 110.528652865286531, -6.833633363336329 ], [ 110.528727872787272, -6.833558355835577 ], [ 110.528727872787272, -6.833633363336334 ], [ 110.528652865286531, -6.833633363336329 ] ], [ [ 110.528427842784282, -6.833708370837083 ], [ 110.528652865286531, -6.833708370837074 ], [ 110.528427842784282, -6.833783378337838 ], [ 110.528427842784282, -6.833708370837083 ] ], [ [ 110.527977797779783, -6.834008400840076 ], [ 110.528052805280524, -6.833933393339332 ], [ 110.528052805280524, -6.834008400840087 ], [ 110.527977797779783, -6.834008400840076 ] ], [ [ 110.542679267926786, -6.834233423342329 ], [ 110.542829282928295, -6.834308430843088 ], [ 110.542679267926786, -6.834308430843077 ], [ 110.542679267926786, -6.834233423342329 ] ], [ [ 110.525802580258031, -6.83438343834383 ], [ 110.52767776777678, -6.837083708370831 ], [ 110.530453045304526, -6.836633663366339 ], [ 110.534128412841284, -6.838133813381334 ], [ 110.53240324032403, -6.838208820882087 ], [ 110.526927692769277, -6.836933693369339 ], [ 110.524227422742271, -6.835133513351327 ], [ 110.525802580258031, -6.83438343834383 ] ], [ [ 110.522577257725771, -6.834833483348338 ], [ 110.525427542754272, -6.836408640864085 ], [ 110.524827482748279, -6.837908790879079 ], [ 110.521827182718269, -6.83655865586559 ], [ 110.522577257725771, -6.834833483348338 ] ], [ [ 110.524152415241531, -6.835058505850584 ], [ 110.524227422742271, -6.834983498349827 ], [ 110.524227422742271, -6.835058505850585 ], [ 110.524152415241531, -6.835058505850584 ] ], [ [ 110.527302730273021, -6.835883588358835 ], [ 110.527602760276025, -6.835883588358833 ], [ 110.527302730273021, -6.83595859585959 ], [ 110.527302730273021, -6.835883588358835 ] ], [ [ 110.53375337533754, -6.836108610861092 ], [ 110.536528652865286, -6.837233723372334 ], [ 110.536453645364531, -6.837608760876089 ], [ 110.534953495349541, -6.837158715871591 ], [ 110.53375337533754, -6.836108610861092 ] ], [ [ 110.533603360336031, -6.836258625862594 ], [ 110.533678367836785, -6.836183618361841 ], [ 110.533678367836785, -6.836258625862579 ], [ 110.533603360336031, -6.836258625862594 ] ], [ [ 110.528727872787272, -6.836858685868593 ], [ 110.528802880288026, -6.836783678367841 ], [ 110.528802880288026, -6.836858685868582 ], [ 110.528727872787272, -6.836858685868593 ] ], [ [ 110.527002700270032, -6.837383738373846 ], [ 110.530603060306035, -6.837833783378342 ], [ 110.531653165316541, -6.83835883588358 ], [ 110.527752775277534, -6.837983798379829 ], [ 110.527002700270032, -6.837383738373846 ] ], [ [ 110.533228322832286, -6.838658865886584 ], [ 110.535853585358538, -6.838583858385839 ], [ 110.537203720372034, -6.839558955895595 ], [ 110.533228322832286, -6.838658865886584 ] ], [ [ 110.536978697869785, -6.839708970897085 ], [ 110.537053705370539, -6.839558955895582 ], [ 110.537128712871294, -6.839708970897095 ], [ 110.536978697869785, -6.839708970897085 ] ], [ [ 110.537428742874283, -6.839858985898589 ], [ 110.537353735373543, -6.83955895589559 ], [ 110.537578757875792, -6.839858985898594 ], [ 110.537428742874283, -6.839858985898589 ] ], [ [ 110.530903090309025, -6.840384038403847 ], [ 110.531578157815787, -6.83993399339934 ], [ 110.530978097809779, -6.840609060906091 ], [ 110.530903090309025, -6.840384038403847 ] ], [ [ 110.539978997899794, -6.839783978397833 ], [ 110.540129012901289, -6.83970897089709 ], [ 110.540129012901289, -6.839783978397838 ], [ 110.539978997899794, -6.839783978397833 ] ], [ [ 110.533903390339034, -6.840234023402346 ], [ 110.535778577857783, -6.840159015901598 ], [ 110.535853585358538, -6.840459045904595 ], [ 110.533903390339034, -6.840234023402346 ] ], [ [ 110.537053705370539, -6.839933993399345 ], [ 110.537203720372034, -6.839858985898583 ], [ 110.537203720372034, -6.839933993399335 ], [ 110.537053705370539, -6.839933993399345 ] ], [ [ 110.537578757875792, -6.839933993399333 ], [ 110.537653765376533, -6.839858985898593 ], [ 110.537653765376533, -6.839933993399347 ], [ 110.537578757875792, -6.839933993399333 ] ], [ [ 110.540129012901289, -6.839933993399344 ], [ 110.540204020402044, -6.839858985898583 ], [ 110.540204020402044, -6.839933993399335 ], [ 110.540129012901289, -6.839933993399344 ] ], [ [ 110.537278727872803, -6.840009000900093 ], [ 110.537353735373543, -6.839933993399338 ], [ 110.537353735373543, -6.840009000900097 ], [ 110.537278727872803, -6.840009000900093 ] ], [ [ 110.537878787878782, -6.840234023402342 ], [ 110.537803780378042, -6.839933993399338 ], [ 110.538028802880291, -6.840234023402331 ], [ 110.537878787878782, -6.840234023402342 ] ], [ [ 110.537428742874283, -6.840084008400833 ], [ 110.537503750375038, -6.840009000900096 ], [ 110.537503750375038, -6.840084008400843 ], [ 110.537428742874283, -6.840084008400833 ] ], [ [ 110.537578757875792, -6.84015901590159 ], [ 110.537653765376533, -6.840084008400838 ], [ 110.537653765376533, -6.840159015901589 ], [ 110.537578757875792, -6.84015901590159 ] ], [ [ 110.537653765376533, -6.840309030903087 ], [ 110.537728772877287, -6.840159015901591 ], [ 110.537728772877287, -6.840309030903089 ], [ 110.537653765376533, -6.840309030903087 ] ], [ [ 110.538028802880291, -6.840384038403834 ], [ 110.538103810381031, -6.840234023402346 ], [ 110.538178817881786, -6.840384038403833 ], [ 110.538028802880291, -6.840384038403834 ] ], [ [ 110.538178817881786, -6.840459045904597 ], [ 110.53825382538254, -6.840384038403834 ], [ 110.53825382538254, -6.840459045904582 ], [ 110.538178817881786, -6.840459045904597 ] ], [ [ 110.53825382538254, -6.840534053405335 ], [ 110.538328832883295, -6.840459045904586 ], [ 110.538328832883295, -6.840534053405338 ], [ 110.53825382538254, -6.840534053405335 ] ], [ [ 110.538028802880291, -6.840609060906098 ], [ 110.538103810381031, -6.840534053405334 ], [ 110.538103810381031, -6.840609060906093 ], [ 110.538028802880291, -6.840609060906098 ] ], [ [ 110.538328832883295, -6.840609060906091 ], [ 110.538403840384035, -6.840534053405342 ], [ 110.538403840384035, -6.840609060906096 ], [ 110.538328832883295, -6.840609060906091 ] ], [ [ 110.530828082808284, -6.840759075907597 ], [ 110.530903090309025, -6.840609060906089 ], [ 110.530903090309025, -6.840759075907586 ], [ 110.530828082808284, -6.840759075907597 ] ], [ [ 110.538103810381031, -6.840684068406838 ], [ 110.538178817881786, -6.840609060906091 ], [ 110.538178817881786, -6.840684068406834 ], [ 110.538103810381031, -6.840684068406838 ] ], [ [ 110.530903090309025, -6.840834083408334 ], [ 110.530978097809779, -6.840759075907595 ], [ 110.530978097809779, -6.840834083408338 ], [ 110.530903090309025, -6.840834083408334 ] ], [ [ 110.530828082808284, -6.841209120912093 ], [ 110.530903090309025, -6.840909090909085 ], [ 110.530903090309025, -6.841209120912084 ], [ 110.530828082808284, -6.841209120912093 ] ], [ [ 110.530678067806789, -6.841134113411346 ], [ 110.530828082808284, -6.842709270927099 ], [ 110.530228022802277, -6.844059405940595 ], [ 110.53052805280528, -6.842784278427845 ], [ 110.530678067806789, -6.841134113411346 ] ], [ [ 110.530828082808284, -6.841509150915095 ], [ 110.530903090309025, -6.841359135913599 ], [ 110.530903090309025, -6.841509150915098 ], [ 110.530828082808284, -6.841509150915095 ] ], [ [ 110.537803780378042, -6.841434143414347 ], [ 110.537878787878782, -6.841359135913594 ], [ 110.537878787878782, -6.841434143414349 ], [ 110.537803780378042, -6.841434143414347 ] ], [ [ 110.537803780378042, -6.841959195919594 ], [ 110.537953795379551, -6.841809180918085 ], [ 110.537878787878782, -6.841959195919595 ], [ 110.537803780378042, -6.841959195919594 ] ], [ [ 110.536753675367535, -6.84278427842784 ], [ 110.537728772877287, -6.842109210921087 ], [ 110.537353735373543, -6.842484248424838 ], [ 110.536753675367535, -6.84278427842784 ] ], [ [ 110.537878787878782, -6.842109210921088 ], [ 110.537953795379551, -6.842034203420348 ], [ 110.537953795379551, -6.842109210921089 ], [ 110.537878787878782, -6.842109210921088 ] ], [ [ 110.538103810381031, -6.842109210921088 ], [ 110.538178817881786, -6.842034203420349 ], [ 110.538178817881786, -6.842109210921087 ], [ 110.538103810381031, -6.842109210921088 ] ], [ [ 110.537278727872803, -6.842184218421833 ], [ 110.537353735373543, -6.84210921092109 ], [ 110.537353735373543, -6.842184218421837 ], [ 110.537278727872803, -6.842184218421833 ] ], [ [ 110.537878787878782, -6.842184218421834 ], [ 110.538103810381031, -6.842184218421847 ], [ 110.537878787878782, -6.842259225922583 ], [ 110.537878787878782, -6.842184218421834 ] ], [ [ 110.537803780378042, -6.842334233423337 ], [ 110.537878787878782, -6.842259225922583 ], [ 110.537878787878782, -6.842334233423337 ], [ 110.537803780378042, -6.842334233423337 ] ], [ [ 110.537653765376533, -6.842409240924093 ], [ 110.537803780378042, -6.842334233423337 ], [ 110.537803780378042, -6.842409240924094 ], [ 110.537653765376533, -6.842409240924093 ] ], [ [ 110.537578757875792, -6.842484248424833 ], [ 110.537653765376533, -6.842409240924093 ], [ 110.537653765376533, -6.842484248424836 ], [ 110.537578757875792, -6.842484248424833 ] ], [ [ 110.537503750375038, -6.842559255925596 ], [ 110.537578757875792, -6.842484248424833 ], [ 110.537578757875792, -6.842559255925583 ], [ 110.537503750375038, -6.842559255925596 ] ], [ [ 110.537428742874283, -6.842634263426345 ], [ 110.537503750375038, -6.842559255925596 ], [ 110.537503750375038, -6.84263426342635 ], [ 110.537428742874283, -6.842634263426345 ] ], [ [ 110.536678667866781, -6.842859285928588 ], [ 110.536753675367535, -6.84278427842784 ], [ 110.536753675367535, -6.842859285928594 ], [ 110.536678667866781, -6.842859285928588 ] ], [ [ 110.536528652865286, -6.843009300930086 ], [ 110.536678667866781, -6.842859285928588 ], [ 110.53660366036604, -6.8430093009301 ], [ 110.536528652865286, -6.843009300930086 ] ], [ [ 110.536378637863791, -6.843084308430845 ], [ 110.536453645364531, -6.843009300930087 ], [ 110.536453645364531, -6.843084308430848 ], [ 110.536378637863791, -6.843084308430845 ] ], [ [ 110.536303630363051, -6.843159315931587 ], [ 110.536378637863791, -6.843084308430845 ], [ 110.536378637863791, -6.843159315931592 ], [ 110.536303630363051, -6.843159315931587 ] ], [ [ 110.530153015301536, -6.843609360936084 ], [ 110.530228022802277, -6.843534353435337 ], [ 110.530228022802277, -6.843609360936099 ], [ 110.530153015301536, -6.843609360936084 ] ], [ [ 110.530153015301536, -6.844209420942098 ], [ 110.530303030303031, -6.844359435943591 ], [ 110.530153015301536, -6.844509450945095 ], [ 110.530153015301536, -6.844209420942098 ] ], [ [ 110.530153015301536, -6.844734473447343 ], [ 110.530228022802277, -6.844584458445836 ], [ 110.530228022802277, -6.844734473447342 ], [ 110.530153015301536, -6.844734473447343 ] ] ] } },
{ "type": "Feature", "properties": { "year": 2028, "layer": "atrisk" }, "geometry": { "type": "Polygon", "coordinates": [ [ [ 110.527077707770772, -6.847884788478854 ], [ 110.522652265226526, -6.848334833483343 ], [ 110.521827182718269, -6.848784878487857 ], [ 110.524977497749774, -6.849984998499843 ], [ 110.527077707770772, -6.847884788478854 ] ] ] } },
{ "type": "Feature", "properties": { "year": 2028, "layer": "atrisk" }, "geometry": { "type": "Polygon", "coordinates": [ [ [ 110.530078007800782, -6.846309630963093 ], [ 110.526627662766273, -6.851035103510351 ], [ 110.521452145214539, -6.851560156015593 ], [ 110.521227122712276, -6.849534953495352 ], [ 110.519726972697271, -6.854560456045603 ], [ 110.520627062706268, -6.855535553555354 ], [ 110.522277227722768, -6.854335433543356 ], [ 110.522577257725771, -6.854485448544859 ], [ 110.518226822682266, -6.857635763576358 ], [ 110.518826882688273, -6.856135613561364 ], [ 110.51830183018302, -6.855235523552351 ], [ 110.51522652265227, -6.85913591359135 ], [ 110.51552655265526, -6.860186018601866 ], [ 110.520177017701769, -6.856435643564353 ], [ 110.519501950195021, -6.858385838583854 ], [ 110.516351635163517, -6.860186018601865 ], [ 110.51852685268527, -6.861386138613852 ], [ 110.521977197719778, -6.859210921092108 ], [ 110.521677167716774, -6.855160516051606 ], [ 110.526627662766273, -6.854035403540351 ], [ 110.52610261026102, -6.85253525352535 ], [ 110.528952895289535, -6.8533603360336 ], [ 110.534503450345028, -6.849834983498342 ], [ 110.530078007800782, -6.846309630963093 ] ], [ [ 110.528802880288026, -6.851410141014108 ], [ 110.529627962796283, -6.850810081008104 ], [ 110.529327932793279, -6.851485148514847 ], [ 110.528802880288026, -6.851410141014108 ] ], [ [ 110.527902790279029, -6.851710171017104 ], [ 110.528277827782773, -6.851560156015604 ], [ 110.528052805280524, -6.851860186018606 ], [ 110.527902790279029, -6.851710171017104 ] ], [ [ 110.530078007800782, -6.851560156015597 ], [ 110.530153015301536, -6.851485148514855 ], [ 110.530153015301536, -6.851560156015605 ], [ 110.530078007800782, -6.851560156015597 ] ], [ [ 110.528877887788781, -6.851635163516356 ], [ 110.528952895289535, -6.851560156015597 ], [ 110.528952895289535, -6.851635163516353 ], [ 110.528877887788781, -6.851635163516356 ] ], [ [ 110.530003000300042, -6.851785178517854 ], [ 110.530153015301536, -6.851785178517843 ], [ 110.529927992799287, -6.851860186018604 ], [ 110.530003000300042, -6.851785178517854 ] ], [ [ 110.528802880288026, -6.851785178517856 ], [ 110.528877887788781, -6.851635163516356 ], [ 110.528877887788781, -6.851785178517849 ], [ 110.528802880288026, -6.851785178517856 ] ], [ [ 110.530228022802277, -6.851710171017099 ], [ 110.530303030303031, -6.85163516351635 ], [ 110.530303030303031, -6.851710171017098 ], [ 110.530228022802277, -6.851710171017099 ] ], [ [ 110.528127812781278, -6.851935193519351 ], [ 110.528202820282033, -6.851860186018603 ], [ 110.528202820282033, -6.851935193519357 ], [ 110.528127812781278, -6.851935193519351 ] ], [ [ 110.530078007800782, -6.851935193519358 ], [ 110.530153015301536, -6.851860186018609 ], [ 110.530153015301536, -6.851935193519344 ], [ 110.530078007800782, -6.851935193519358 ] ], [ [ 110.528652865286531, -6.852085208520846 ], [ 110.528727872787272, -6.852010201020096 ], [ 110.528727872787272, -6.852085208520848 ], [ 110.528652865286531, -6.852085208520846 ] ], [ [ 110.528577857785777, -6.852310231023099 ], [ 110.528652865286531, -6.852085208520846 ], [ 110.528652865286531, -6.852310231023097 ], [ 110.528577857785777, -6.852310231023099 ] ], [ [ 110.522652265226526, -6.852235223522344 ], [ 110.52272727272728, -6.852160216021599 ], [ 110.52272727272728, -6.852235223522346 ], [ 110.522652265226526, -6.852235223522344 ] ], [ [ 110.522427242724291, -6.852460246024599 ], [ 110.52460246024603, -6.85313531353136 ], [ 110.522877287728775, -6.854185418541846 ], [ 110.523102310231025, -6.853810381038103 ], [ 110.52302730273027, -6.853435343534348 ], [ 110.522427242724291, -6.852460246024599 ] ], [ [ 110.528502850285022, -6.852460246024599 ], [ 110.528577857785777, -6.852310231023099 ], [ 110.528577857785777, -6.85246024602461 ], [ 110.528502850285022, -6.852460246024599 ] ], [ [ 110.528277827782773, -6.852535253525358 ], [ 110.528352835283542, -6.852460246024606 ], [ 110.528352835283542, -6.852535253525356 ], [ 110.528277827782773, -6.852535253525358 ] ], [ [ 110.528352835283542, -6.852685268526848 ], [ 110.528427842784282, -6.852610261026103 ], [ 110.528427842784282, -6.852685268526858 ], [ 110.528352835283542, -6.852685268526848 ] ], [ [ 110.52467746774677, -6.853135313531352 ], [ 110.524752475247524, -6.853060306030594 ], [ 110.524752475247524, -6.853135313531358 ], [ 110.52467746774677, -6.853135313531352 ] ], [ [ 110.525052505250528, -6.853285328532853 ], [ 110.525352535253532, -6.853135313531348 ], [ 110.525502550255027, -6.853285328532857 ], [ 110.525052505250528, -6.853285328532853 ] ], [ [ 110.525652565256522, -6.853360336033606 ], [ 110.525802580258031, -6.853285328532849 ], [ 110.525802580258031, -6.853360336033595 ], [ 110.525652565256522, -6.853360336033606 ] ], [ [ 110.525952595259525, -6.853360336033608 ], [ 110.52602760276028, -6.853285328532848 ], [ 110.52602760276028, -6.853360336033601 ], [ 110.525952595259525, -6.853360336033608 ] ], [ [ 110.526177617761775, -6.853735373537351 ], [ 110.526252625262529, -6.853660366036602 ], [ 110.526252625262529, -6.853735373537349 ], [ 110.526177617761775, -6.853735373537351 ] ], [ [ 110.522802280228021, -6.853810381038096 ], [ 110.522877287728775, -6.853735373537353 ], [ 110.522877287728775, -6.853810381038095 ], [ 110.522802280228021, -6.853810381038096 ] ], [ [ 110.522877287728775, -6.853885388538857 ], [ 110.52295229522953, -6.853810381038105 ], [ 110.52295229522953, -6.85388538853886 ], [ 110.522877287728775, -6.853885388538857 ] ], [ [ 110.51680168016803, -6.858460846084602 ], [ 110.518076807680771, -6.857860786078601 ], [ 110.515751575157509, -6.859435943594366 ], [ 110.51680168016803, -6.858460846084602 ] ], [ [ 110.518151815181511, -6.857710771077111 ], [ 110.518226822682266, -6.857635763576358 ], [ 110.518226822682266, -6.857710771077107 ], [ 110.518151815181511, -6.857710771077111 ] ], [ [ 110.518076807680771, -6.85778577857786 ], [ 110.518151815181511, -6.857710771077111 ], [ 110.518151815181511, -6.857785778577863 ], [ 110.518076807680771, -6.85778577857786 ] ], [ [ 110.518601860186024, -6.859060906090601 ], [ 110.518676867686764, -6.858985898589867 ], [ 110.518676867686764, -6.859060906090606 ], [ 110.518601860186024, -6.859060906090601 ] ] ] } },
{ "type": "Feature", "properties": { "year": 2028, "layer": "atrisk" }, "geometry": { "type": "Polygon", "coordinates": [ [ [ 110.522202220222027, -6.860261026102612 ], [ 110.52137713771377, -6.860786078607854 ], [ 110.522202220222027, -6.861461146114612 ], [ 110.522202220222027, -6.860261026102612 ] ] ] } },
{ "type": "Feature", "properties": { "year": 2028, "layer": "atrisk" }, "geometry": { "type": "Polygon", "coordinates": [ [ [ 110.50142514251425, -6.903915391539148 ], [ 110.500150015001495, -6.904590459045911 ], [ 110.501350135013496, -6.905265526552663 ], [ 110.50142514251425, -6.903915391539148 ] ] ] } },
{ "type": "Feature", "properties": { "year": 2028, "layer": "atrisk" }, "geometry": { "type": "Polygon", "coordinates": [ [ [ 110.491299129912989, -6.909990999099905 ], [ 110.490549054905486, -6.911491149114918 ], [ 110.488898889888986, -6.910291029102903 ], [ 110.487398739873996, -6.911566156615668 ], [ 110.488073807380758, -6.912841284128413 ], [ 110.489798979897984, -6.912466246624658 ], [ 110.488523852385242, -6.913216321632158 ], [ 110.489648964896489, -6.914266426642664 ], [ 110.491299129912989, -6.909990999099905 ] ], [ [ 110.487848784878494, -6.912166216621664 ], [ 110.487923792379235, -6.912091209120917 ], [ 110.487923792379235, -6.912166216621663 ], [ 110.487848784878494, -6.912166216621664 ] ], [ [ 110.489798979897984, -6.912691269126919 ], [ 110.489873987398738, -6.91261626162616 ], [ 110.489873987398738, -6.912691269126912 ], [ 110.489798979897984, -6.912691269126919 ] ] ] } },
{ "type": "Feature", "properties": { "year": 2028, "layer": "atrisk" }, "geometry": { "type": "Polygon", "coordinates": [ [ [ 110.522127212721273, -6.859585958595868 ], [ 110.518226822682266, -6.861686168616859 ], [ 110.519801980198039, -6.861986198619869 ], [ 110.515076507650761, -6.867386738673869 ], [ 110.510426042604266, -6.876237623762381 ], [ 110.509975997599753, -6.878037803780378 ], [ 110.509225922592279, -6.878712871287121 ], [ 110.508700870087011, -6.880063006300624 ], [ 110.478997899789974, -6.918241824182414 ], [ 110.47562256225622, -6.920942094209425 ], [ 110.476072607260733, -6.924167416741672 ], [ 110.470447044704471, -6.925442544254425 ], [ 110.467371737173721, -6.930468046804684 ], [ 110.46482148214821, -6.929717971797172 ], [ 110.461221122112207, -6.932418241824185 ], [ 110.46009600960096, -6.931818181818182 ], [ 110.459870987098711, -6.933318331833183 ], [ 110.458820882088204, -6.932343234323429 ], [ 110.455520552055205, -6.935943594359435 ], [ 110.452970297029708, -6.936318631863181 ], [ 110.452145214521451, -6.935043504350432 ], [ 110.449219921992196, -6.936918691869195 ], [ 110.448394839483953, -6.935418541854187 ], [ 110.445919591959196, -6.936543654365435 ], [ 110.445019501950199, -6.938943894389442 ], [ 110.459120912091208, -6.938943894389432 ], [ 110.458895889588959, -6.935943594359439 ], [ 110.457770777077712, -6.936843684368437 ], [ 110.458595859585955, -6.938493849384935 ], [ 110.457470747074709, -6.936693669366941 ], [ 110.459645964596476, -6.933468346834691 ], [ 110.465496549654972, -6.938943894389435 ], [ 110.463471347134714, -6.935943594359432 ], [ 110.467221722172226, -6.938943894389433 ], [ 110.481098109810986, -6.93864386438643 ], [ 110.483198319831985, -6.938193819381932 ], [ 110.482448244824496, -6.936093609360934 ], [ 110.483423342334234, -6.938118811881191 ], [ 110.485448544854506, -6.93759375937594 ], [ 110.494299429942998, -6.932118211821178 ], [ 110.492649264926499, -6.931668166816678 ], [ 110.490024002400247, -6.930243024302421 ], [ 110.494899489948992, -6.931518151815187 ], [ 110.500750075007502, -6.920642064206421 ], [ 110.50142514251425, -6.906315631563159 ], [ 110.496549654965492, -6.904140414041398 ], [ 110.494374437443739, -6.903840384038398 ], [ 110.494149414941489, -6.902865286528654 ], [ 110.498799879987999, -6.904590459045897 ], [ 110.50142514251425, -6.902490249024908 ], [ 110.499324932493252, -6.900540054005394 ], [ 110.500150015001495, -6.899189918991907 ], [ 110.50142514251425, -6.899789978997895 ], [ 110.50142514251425, -6.896939693969404 ], [ 110.509825982598258, -6.894239423942401 ], [ 110.505175517551748, -6.890564056405647 ], [ 110.509825982598258, -6.893489348934891 ], [ 110.511701170117007, -6.891989198919897 ], [ 110.511701170117007, -6.892514251425146 ], [ 110.511326132613263, -6.892514251425143 ], [ 110.511326132613263, -6.892889288928891 ], [ 110.511026102610259, -6.893114311431135 ], [ 110.51080108010801, -6.8934893489349 ], [ 110.510876087608779, -6.8936393639364 ], [ 110.514926492649266, -6.890564056405639 ], [ 110.517251725172514, -6.887863786378631 ], [ 110.51357635763577, -6.884938493849383 ], [ 110.514401440144013, -6.884038403840388 ], [ 110.516651665166521, -6.88673867386739 ], [ 110.518151815181511, -6.886738673867383 ], [ 110.520402040204019, -6.882088208820888 ], [ 110.519201920192017, -6.880288028802887 ], [ 110.518751875187519, -6.87743774377437 ], [ 110.518451845184529, -6.877512751275123 ], [ 110.517926792679262, -6.875112511251133 ], [ 110.51680168016803, -6.872937293729379 ], [ 110.51552655265526, -6.873462346234616 ], [ 110.516426642664271, -6.872412241224132 ], [ 110.514926492649266, -6.870312031203127 ], [ 110.515676567656769, -6.870612061206117 ], [ 110.515751575157509, -6.871212121212116 ], [ 110.518151815181511, -6.873312331233125 ], [ 110.519051905190523, -6.876987698769873 ], [ 110.519576957695776, -6.877137713771373 ], [ 110.519576957695776, -6.877662766276625 ], [ 110.51995199519952, -6.87833783378338 ], [ 110.519801980198039, -6.878637863786384 ], [ 110.520327032703264, -6.879087908790884 ], [ 110.520327032703264, -6.87998799879988 ], [ 110.520627062706268, -6.880063006300622 ], [ 110.520552055205528, -6.880363036303633 ], [ 110.521002100210026, -6.880813081308129 ], [ 110.522277227722768, -6.862286228622869 ], [ 110.521002100210026, -6.860711071107119 ], [ 110.522127212721273, -6.859585958595868 ] ], [ [ 110.520927092709272, -6.860711071107114 ], [ 110.521002100210026, -6.860636063606353 ], [ 110.521002100210026, -6.860711071107119 ], [ 110.520927092709272, -6.860711071107114 ] ], [ [ 110.518751875187519, -6.864086408640864 ], [ 110.518826882688273, -6.86401140114011 ], [ 110.518826882688273, -6.864086408640866 ], [ 110.518751875187519, -6.864086408640864 ] ], [ [ 110.517476747674763, -6.865061506150621 ], [ 110.517626762676272, -6.864911491149123 ], [ 110.517626762676272, -6.86506150615061 ], [ 110.517476747674763, -6.865061506150621 ] ], [ [ 110.516126612661267, -6.866936693669365 ], [ 110.516276627662762, -6.867011701170115 ], [ 110.516126612661267, -6.867011701170123 ], [ 110.516126612661267, -6.866936693669365 ] ], [ [ 110.515901590159018, -6.871212121212116 ], [ 110.515976597659773, -6.870987098709875 ], [ 110.516201620162022, -6.871362136213629 ], [ 110.515901590159018, -6.871212121212116 ] ], [ [ 110.516201620162022, -6.871437143714368 ], [ 110.516276627662762, -6.871362136213621 ], [ 110.516276627662762, -6.871437143714362 ], [ 110.516201620162022, -6.871437143714368 ] ], [ [ 110.516276627662762, -6.871512151215122 ], [ 110.516351635163517, -6.871437143714375 ], [ 110.516351635163517, -6.87151215121512 ], [ 110.516276627662762, -6.871512151215122 ] ], [ [ 110.516351635163517, -6.871587158715869 ], [ 110.516426642664271, -6.87151215121512 ], [ 110.516426642664271, -6.87158715871587 ], [ 110.516351635163517, -6.871587158715869 ] ], [ [ 110.516426642664271, -6.871662166216624 ], [ 110.516501650165011, -6.871587158715871 ], [ 110.516501650165011, -6.871662166216627 ], [ 110.516426642664271, -6.871662166216624 ] ], [ [ 110.513126312631258, -6.874287428742872 ], [ 110.514326432643259, -6.872712271227118 ], [ 110.51387638763876, -6.873687368736879 ], [ 110.513126312631258, -6.874287428742872 ] ], [ [ 110.51530153015301, -6.873462346234615 ], [ 110.515376537653765, -6.873387338733865 ], [ 110.515376537653765, -6.873462346234628 ], [ 110.51530153015301, -6.873462346234615 ] ], [ [ 110.51522652265227, -6.873537353735372 ], [ 110.51530153015301, -6.873462346234615 ], [ 110.51530153015301, -6.873537353735376 ], [ 110.51522652265227, -6.873537353735372 ] ], [ [ 110.514776477647771, -6.873987398739867 ], [ 110.515601560156014, -6.873762376237626 ], [ 110.514326432643259, -6.87436243624362 ], [ 110.514551455145508, -6.87413741374138 ], [ 110.514551455145508, -6.873837383738366 ], [ 110.514776477647771, -6.873987398739867 ] ], [ [ 110.514251425142518, -6.874062406240618 ], [ 110.514476447644768, -6.874062406240619 ], [ 110.514251425142518, -6.874212421242125 ], [ 110.514251425142518, -6.874062406240618 ] ], [ [ 110.513351335133507, -6.874662466246625 ], [ 110.514026402640269, -6.874812481248122 ], [ 110.513051305130517, -6.875262526252629 ], [ 110.513351335133507, -6.874662466246625 ] ], [ [ 110.514551455145508, -6.874437443744378 ], [ 110.514626462646262, -6.874362436243617 ], [ 110.514626462646262, -6.874437443744379 ], [ 110.514551455145508, -6.874437443744378 ] ], [ [ 110.514476447644768, -6.874512451245129 ], [ 110.514551455145508, -6.874437443744378 ], [ 110.514551455145508, -6.874512451245122 ], [ 110.514476447644768, -6.874512451245129 ] ], [ [ 110.514326432643259, -6.874587458745878 ], [ 110.514476447644768, -6.874512451245129 ], [ 110.514476447644768, -6.874587458745872 ], [ 110.514326432643259, -6.874587458745878 ] ], [ [ 110.514251425142518, -6.87466246624663 ], [ 110.514326432643259, -6.874587458745878 ], [ 110.514326432643259, -6.874662466246632 ], [ 110.514251425142518, -6.87466246624663 ] ], [ [ 110.51350135013503, -6.875187518751877 ], [ 110.51357635763577, -6.875112511251118 ], [ 110.51357635763577, -6.875187518751869 ], [ 110.51350135013503, -6.875187518751877 ] ], [ [ 110.513351335133507, -6.875262526252627 ], [ 110.513426342634261, -6.875187518751879 ], [ 110.513426342634261, -6.875262526252619 ], [ 110.513351335133507, -6.875262526252627 ] ], [ [ 110.513276327632767, -6.875337533753375 ], [ 110.513351335133507, -6.875262526252627 ], [ 110.513351335133507, -6.87533753375338 ], [ 110.513276327632767, -6.875337533753375 ] ], [ [ 110.517776777677767, -6.875412541254117 ], [ 110.517851785178522, -6.875337533753372 ], [ 110.517851785178522, -6.875412541254129 ], [ 110.517776777677767, -6.875412541254117 ] ], [ [ 110.518826882688273, -6.875412541254127 ], [ 110.518901890189014, -6.875337533753371 ], [ 110.518901890189014, -6.875412541254123 ], [ 110.518826882688273, -6.875412541254127 ] ], [ [ 110.51080108010801, -6.876312631263134 ], [ 110.511476147614758, -6.875937593759372 ], [ 110.511476147614758, -6.876237623762371 ], [ 110.51080108010801, -6.876312631263134 ] ], [ [ 110.510726072607255, -6.876387638763873 ], [ 110.51080108010801, -6.876312631263134 ], [ 110.51080108010801, -6.87638763876388 ], [ 110.510726072607255, -6.876387638763873 ] ], [ [ 110.510651065106515, -6.876462646264618 ], [ 110.510726072607255, -6.876387638763873 ], [ 110.510726072607255, -6.876462646264628 ], [ 110.510651065106515, -6.876462646264618 ] ], [ [ 110.510576057605761, -6.876537653765372 ], [ 110.510651065106515, -6.876462646264618 ], [ 110.510651065106515, -6.876537653765382 ], [ 110.510576057605761, -6.876537653765372 ] ], [ [ 110.519651965196516, -6.877662766276624 ], [ 110.519726972697271, -6.877587758775885 ], [ 110.519726972697271, -6.877662766276629 ], [ 110.519651965196516, -6.877662766276624 ] ], [ [ 110.511626162616267, -6.879162916291627 ], [ 110.511701170117007, -6.879087908790882 ], [ 110.511701170117007, -6.879162916291632 ], [ 110.511626162616267, -6.879162916291627 ] ], [ [ 110.509300930093005, -6.879162916291625 ], [ 110.509825982598258, -6.880813081308129 ], [ 110.510951095109505, -6.880138013801389 ], [ 110.509375937593759, -6.881638163816377 ], [ 110.509450945094514, -6.882688268826886 ], [ 110.508925892589261, -6.882238223822384 ], [ 110.509300930093005, -6.879162916291625 ] ], [ [ 110.511551155115512, -6.879237923792379 ], [ 110.511626162616267, -6.879162916291627 ], [ 110.511626162616267, -6.879237923792371 ], [ 110.511551155115512, -6.879237923792379 ] ], [ [ 110.511701170117007, -6.879387938793881 ], [ 110.512001200120011, -6.879312931293122 ], [ 110.511551155115512, -6.879687968796874 ], [ 110.511701170117007, -6.879387938793881 ] ], [ [ 110.511401140114017, -6.879462946294634 ], [ 110.511476147614758, -6.879312931293135 ], [ 110.511476147614758, -6.87946294629463 ], [ 110.511401140114017, -6.879462946294634 ] ], [ [ 110.511326132613263, -6.879537953795374 ], [ 110.511401140114017, -6.879462946294634 ], [ 110.511401140114017, -6.879537953795375 ], [ 110.511326132613263, -6.879537953795374 ] ], [ [ 110.510876087608779, -6.879687968796877 ], [ 110.510951095109505, -6.879537953795374 ], [ 110.510951095109505, -6.879687968796877 ], [ 110.510876087608779, -6.879687968796877 ] ], [ [ 110.511251125112508, -6.879612961296136 ], [ 110.511326132613263, -6.879537953795374 ], [ 110.511326132613263, -6.879612961296126 ], [ 110.511251125112508, -6.879612961296136 ] ], [ [ 110.511176117611768, -6.879687968796881 ], [ 110.511251125112508, -6.879612961296136 ], [ 110.511251125112508, -6.879687968796878 ], [ 110.511176117611768, -6.879687968796881 ] ], [ [ 110.511101110111014, -6.87976297629763 ], [ 110.511176117611768, -6.879687968796881 ], [ 110.511176117611768, -6.879762976297636 ], [ 110.511101110111014, -6.87976297629763 ] ], [ [ 110.511476147614758, -6.879762976297623 ], [ 110.511551155115512, -6.879687968796874 ], [ 110.511551155115512, -6.879762976297628 ], [ 110.511476147614758, -6.879762976297623 ] ], [ [ 110.510951095109505, -6.879837983798375 ], [ 110.511101110111014, -6.87976297629763 ], [ 110.511101110111014, -6.879837983798377 ], [ 110.510951095109505, -6.879837983798375 ] ], [ [ 110.511401140114017, -6.879837983798375 ], [ 110.511476147614758, -6.879762976297623 ], [ 110.511476147614758, -6.879837983798388 ], [ 110.511401140114017, -6.879837983798375 ] ], [ [ 110.510351035103511, -6.880063006300623 ], [ 110.51050105010502, -6.880063006300625 ], [ 110.510126012601262, -6.880288028802874 ], [ 110.510351035103511, -6.880063006300623 ] ], [ [ 110.510876087608779, -6.879912991299137 ], [ 110.510951095109505, -6.879837983798375 ], [ 110.510951095109505, -6.879912991299135 ], [ 110.510876087608779, -6.879912991299137 ] ], [ [ 110.510951095109505, -6.880138013801389 ], [ 110.511026102610259, -6.880063006300627 ], [ 110.511026102610259, -6.880138013801373 ], [ 110.510951095109505, -6.880138013801389 ] ], [ [ 110.520852085208517, -6.880663066306634 ], [ 110.520927092709272, -6.880588058805889 ], [ 110.520927092709272, -6.880663066306638 ], [ 110.520852085208517, -6.880663066306634 ] ], [ [ 110.509750975097504, -6.881938193819372 ], [ 110.509825982598258, -6.881863186318631 ], [ 110.509825982598258, -6.88193819381938 ], [ 110.509750975097504, -6.881938193819372 ] ], [ [ 110.509675967596763, -6.882013201320127 ], [ 110.509750975097504, -6.881938193819372 ], [ 110.509750975097504, -6.88201320132013 ], [ 110.509675967596763, -6.882013201320127 ] ], [ [ 110.509600960096009, -6.882088208820877 ], [ 110.509675967596763, -6.882013201320127 ], [ 110.509675967596763, -6.882088208820875 ], [ 110.509600960096009, -6.882088208820877 ] ], [ [ 110.508400840084008, -6.883138313831383 ], [ 110.509600960096009, -6.883138313831392 ], [ 110.509225922592279, -6.883513351335138 ], [ 110.508400840084008, -6.883138313831383 ] ], [ [ 110.509525952595268, -6.88493849384938 ], [ 110.509750975097504, -6.884638463846381 ], [ 110.51080108010801, -6.885763576357638 ], [ 110.510201020102031, -6.885688568856888 ], [ 110.509525952595268, -6.88493849384938 ] ], [ [ 110.507125712571252, -6.885088508850891 ], [ 110.509225922592279, -6.88561356135613 ], [ 110.506300630063009, -6.886363636363636 ], [ 110.507125712571252, -6.885088508850891 ] ], [ [ 110.509375937593759, -6.885163516351628 ], [ 110.509675967596763, -6.885238523852393 ], [ 110.509675967596763, -6.885388538853891 ], [ 110.509375937593759, -6.885163516351628 ] ], [ [ 110.50915091509151, -6.885388538853888 ], [ 110.509225922592279, -6.885313531353143 ], [ 110.509225922592279, -6.88538853885389 ], [ 110.50915091509151, -6.885388538853888 ] ], [ [ 110.515901590159018, -6.885463546354644 ], [ 110.516126612661267, -6.885388538853884 ], [ 110.516051605160513, -6.885538553855381 ], [ 110.515901590159018, -6.885463546354644 ] ], [ [ 110.509225922592279, -6.885463546354639 ], [ 110.509300930093005, -6.885388538853884 ], [ 110.509300930093005, -6.885463546354631 ], [ 110.509225922592279, -6.885463546354639 ] ], [ [ 110.509675967596763, -6.885463546354637 ], [ 110.509750975097504, -6.885388538853884 ], [ 110.509750975097504, -6.885463546354643 ], [ 110.509675967596763, -6.885463546354637 ] ], [ [ 110.509750975097504, -6.885538553855387 ], [ 110.509825982598258, -6.885463546354627 ], [ 110.509825982598258, -6.885538553855382 ], [ 110.509750975097504, -6.885538553855387 ] ], [ [ 110.516126612661267, -6.885538553855391 ], [ 110.516276627662762, -6.885463546354635 ], [ 110.516276627662762, -6.885538553855379 ], [ 110.516126612661267, -6.885538553855391 ] ], [ [ 110.509825982598258, -6.885613561356141 ], [ 110.509900990099013, -6.88553855385539 ], [ 110.509900990099013, -6.885613561356129 ], [ 110.509825982598258, -6.885613561356141 ] ], [ [ 110.509225922592279, -6.885688568856887 ], [ 110.509300930093005, -6.885613561356132 ], [ 110.509300930093005, -6.885688568856887 ], [ 110.509225922592279, -6.885688568856887 ] ], [ [ 110.509900990099013, -6.885688568856888 ], [ 110.509975997599753, -6.885613561356142 ], [ 110.509975997599753, -6.88568856885688 ], [ 110.509900990099013, -6.885688568856888 ] ], [ [ 110.509975997599753, -6.885763576357636 ], [ 110.510126012601262, -6.885688568856881 ], [ 110.510126012601262, -6.885763576357628 ], [ 110.509975997599753, -6.885763576357636 ] ], [ [ 110.516501650165011, -6.885763576357634 ], [ 110.516576657665766, -6.885688568856889 ], [ 110.516576657665766, -6.885763576357629 ], [ 110.516501650165011, -6.885763576357634 ] ], [ [ 110.510276027602757, -6.885988598859891 ], [ 110.510426042604266, -6.885838583858381 ], [ 110.51050105010502, -6.886063606360631 ], [ 110.510276027602757, -6.885988598859891 ] ], [ [ 110.510651065106515, -6.885988598859882 ], [ 110.510726072607255, -6.885913591359142 ], [ 110.510726072607255, -6.88598859885989 ], [ 110.510651065106515, -6.885988598859882 ] ], [ [ 110.510726072607255, -6.886063606360642 ], [ 110.51080108010801, -6.885988598859893 ], [ 110.51080108010801, -6.886063606360638 ], [ 110.510726072607255, -6.886063606360642 ] ], [ [ 110.51695169516951, -6.886138613861387 ], [ 110.517101710171019, -6.886063606360641 ], [ 110.517101710171019, -6.886138613861386 ], [ 110.51695169516951, -6.886138613861387 ] ], [ [ 110.517401740174023, -6.886438643864378 ], [ 110.517476747674763, -6.886288628862886 ], [ 110.517476747674763, -6.886438643864381 ], [ 110.517401740174023, -6.886438643864378 ] ], [ [ 110.517476747674763, -6.88651365136514 ], [ 110.517551755175518, -6.886438643864394 ], [ 110.517551755175518, -6.886513651365135 ], [ 110.517476747674763, -6.88651365136514 ] ], [ [ 110.515976597659773, -6.887188718871879 ], [ 110.516126612661267, -6.887113711371137 ], [ 110.516126612661267, -6.887263726372641 ], [ 110.515976597659773, -6.887188718871879 ] ], [ [ 110.516126612661267, -6.887113711371137 ], [ 110.516201620162022, -6.887038703870386 ], [ 110.516201620162022, -6.887113711371135 ], [ 110.516126612661267, -6.887113711371137 ] ], [ [ 110.516126612661267, -6.88733873387338 ], [ 110.516201620162022, -6.887263726372641 ], [ 110.516201620162022, -6.887338733873382 ], [ 110.516126612661267, -6.88733873387338 ] ], [ [ 110.516201620162022, -6.887413741374143 ], [ 110.516276627662762, -6.887338733873394 ], [ 110.516276627662762, -6.887413741374138 ], [ 110.516201620162022, -6.887413741374143 ] ], [ [ 110.516276627662762, -6.887488748874886 ], [ 110.516351635163517, -6.887413741374143 ], [ 110.516351635163517, -6.887488748874894 ], [ 110.516276627662762, -6.887488748874886 ] ], [ [ 110.51350135013503, -6.888463846384647 ], [ 110.51357635763577, -6.888388838883889 ], [ 110.51357635763577, -6.888463846384642 ], [ 110.51350135013503, -6.888463846384647 ] ], [ [ 110.51357635763577, -6.888538853885382 ], [ 110.513651365136511, -6.888463846384645 ], [ 110.513651365136511, -6.88853885388539 ], [ 110.51357635763577, -6.888538853885382 ] ], [ [ 110.513651365136511, -6.888688868886891 ], [ 110.51380138013802, -6.888613861386134 ], [ 110.51380138013802, -6.888763876387646 ], [ 110.513651365136511, -6.888688868886891 ] ], [ [ 110.513951395139514, -6.888763876387638 ], [ 110.514026402640269, -6.888688868886892 ], [ 110.514026402640269, -6.888763876387642 ], [ 110.513951395139514, -6.888763876387638 ] ], [ [ 110.514101410141009, -6.888763876387634 ], [ 110.514176417641764, -6.888688868886887 ], [ 110.514176417641764, -6.888763876387648 ], [ 110.514101410141009, -6.888763876387634 ] ], [ [ 110.51380138013802, -6.888913891389135 ], [ 110.513951395139514, -6.888838883888385 ], [ 110.513951395139514, -6.888988898889886 ], [ 110.51380138013802, -6.888913891389135 ] ], [ [ 110.514026402640269, -6.888838883888394 ], [ 110.514101410141009, -6.888763876387634 ], [ 110.514101410141009, -6.888838883888392 ], [ 110.514026402640269, -6.888838883888394 ] ], [ [ 110.514101410141009, -6.888988898889883 ], [ 110.514176417641764, -6.888838883888395 ], [ 110.514176417641764, -6.888988898889897 ], [ 110.514101410141009, -6.888988898889883 ] ], [ [ 110.513951395139514, -6.889063906390642 ], [ 110.514026402640269, -6.888988898889891 ], [ 110.514026402640269, -6.889063906390635 ], [ 110.513951395139514, -6.889063906390642 ] ], [ [ 110.514176417641764, -6.889063906390635 ], [ 110.514251425142518, -6.888988898889882 ], [ 110.514251425142518, -6.889063906390642 ], [ 110.514176417641764, -6.889063906390635 ] ], [ [ 110.514026402640269, -6.889138913891398 ], [ 110.514101410141009, -6.889063906390631 ], [ 110.514101410141009, -6.889138913891385 ], [ 110.514026402640269, -6.889138913891398 ] ], [ [ 110.514251425142518, -6.889213921392136 ], [ 110.514326432643259, -6.889063906390638 ], [ 110.514326432643259, -6.889213921392141 ], [ 110.514251425142518, -6.889213921392136 ] ], [ [ 110.514101410141009, -6.889288928892896 ], [ 110.514176417641764, -6.889213921392135 ], [ 110.514176417641764, -6.889288928892897 ], [ 110.514101410141009, -6.889288928892896 ] ], [ [ 110.514176417641764, -6.889363936393647 ], [ 110.514251425142518, -6.889288928892888 ], [ 110.514251425142518, -6.889363936393643 ], [ 110.514176417641764, -6.889363936393647 ] ], [ [ 110.514476447644768, -6.889513951395132 ], [ 110.514476447644768, -6.889288928892884 ], [ 110.514626462646262, -6.889513951395148 ], [ 110.514476447644768, -6.889513951395132 ] ], [ [ 110.514626462646262, -6.889588958895885 ], [ 110.514701470147017, -6.889513951395144 ], [ 110.514701470147017, -6.889588958895886 ], [ 110.514626462646262, -6.889588958895885 ] ], [ [ 110.514401440144013, -6.889663966396647 ], [ 110.514476447644768, -6.889588958895892 ], [ 110.514476447644768, -6.88966396639664 ], [ 110.514401440144013, -6.889663966396647 ] ], [ [ 110.514701470147017, -6.889663966396647 ], [ 110.514776477647771, -6.889588958895891 ], [ 110.514776477647771, -6.889663966396639 ], [ 110.514701470147017, -6.889663966396647 ] ], [ [ 110.514626462646262, -6.889888988898891 ], [ 110.514776477647771, -6.889738973897391 ], [ 110.515001500150021, -6.889963996399644 ], [ 110.514626462646262, -6.889888988898891 ] ], [ [ 110.514851485148512, -6.889738973897392 ], [ 110.514926492649266, -6.889663966396637 ], [ 110.514926492649266, -6.889738973897397 ], [ 110.514851485148512, -6.889738973897392 ] ], [ [ 110.514926492649266, -6.889813981398142 ], [ 110.515001500150021, -6.889738973897388 ], [ 110.515001500150021, -6.889813981398137 ], [ 110.514926492649266, -6.889813981398142 ] ], [ [ 110.506450645064504, -6.890489048904895 ], [ 110.506525652565259, -6.890414041404149 ], [ 110.506525652565259, -6.890489048904898 ], [ 110.506450645064504, -6.890489048904895 ] ], [ [ 110.507125712571252, -6.892514251425142 ], [ 110.507275727572761, -6.892364236423634 ], [ 110.507275727572761, -6.89258925892589 ], [ 110.507125712571252, -6.892514251425142 ] ], [ [ 110.509225922592279, -6.892964296429649 ], [ 110.509600960096009, -6.892739273927385 ], [ 110.509600960096009, -6.893114311431138 ], [ 110.509225922592279, -6.892964296429649 ] ], [ [ 110.503975397539747, -6.893789378937897 ], [ 110.504350435043506, -6.893489348934889 ], [ 110.505175517551748, -6.894539453945396 ], [ 110.503975397539747, -6.893789378937897 ] ], [ [ 110.502550255025497, -6.895664566456648 ], [ 110.502700270027006, -6.895514551455145 ], [ 110.502700270027006, -6.895664566456648 ], [ 110.502550255025497, -6.895664566456648 ] ], [ [ 110.499549954995501, -6.898589858985893 ], [ 110.500300030003018, -6.898739873987394 ], [ 110.500225022502249, -6.899039903990393 ], [ 110.499549954995501, -6.898589858985893 ] ], [ [ 110.500300030003018, -6.899114911491143 ], [ 110.500450045004499, -6.899039903990404 ], [ 110.500450045004499, -6.899114911491156 ], [ 110.500300030003018, -6.899114911491143 ] ], [ [ 110.500450045004499, -6.899189918991891 ], [ 110.500525052505253, -6.899114911491152 ], [ 110.500525052505253, -6.899189918991898 ], [ 110.500450045004499, -6.899189918991891 ] ], [ [ 110.500525052505253, -6.899264926492651 ], [ 110.500600060006008, -6.899189918991895 ], [ 110.500600060006008, -6.899264926492656 ], [ 110.500525052505253, -6.899264926492651 ] ], [ [ 110.4983498349835, -6.900240024002406 ], [ 110.498799879987999, -6.900090009000897 ], [ 110.498874887488753, -6.900315031503156 ], [ 110.4983498349835, -6.900240024002406 ] ], [ [ 110.495424542454245, -6.9041404140414 ], [ 110.495499549954999, -6.90406540654065 ], [ 110.495499549954999, -6.904140414041412 ], [ 110.495424542454245, -6.9041404140414 ] ], [ [ 110.495949594959498, -6.904290429042899 ], [ 110.500075007500755, -6.905715571557162 ], [ 110.500150015001495, -6.906240624062407 ], [ 110.497974797479742, -6.906090609060902 ], [ 110.495949594959498, -6.904290429042899 ] ], [ [ 110.500375037503744, -6.906165616561654 ], [ 110.500525052505253, -6.906015601560155 ], [ 110.500525052505253, -6.906090609060903 ], [ 110.500375037503744, -6.906165616561654 ] ], [ [ 110.500300030003018, -6.906240624062403 ], [ 110.500375037503744, -6.906165616561654 ], [ 110.500375037503744, -6.906240624062398 ], [ 110.500300030003018, -6.906240624062403 ] ], [ [ 110.500525052505253, -6.906390639063909 ], [ 110.500975097509752, -6.906315631563162 ], [ 110.500900090008997, -6.906615661566165 ], [ 110.500525052505253, -6.906390639063909 ] ], [ [ 110.501050105010506, -6.906615661566158 ], [ 110.501350135013496, -6.906465646564663 ], [ 110.50127512751277, -6.906690669066899 ], [ 110.501050105010506, -6.906615661566158 ] ], [ [ 110.492949294929488, -6.906765676567664 ], [ 110.493024302430257, -6.906690669066909 ], [ 110.493024302430257, -6.906765676567655 ], [ 110.492949294929488, -6.906765676567664 ] ], [ [ 110.493324332433247, -6.907065706570656 ], [ 110.493399339933987, -6.906915691569159 ], [ 110.493474347434741, -6.907065706570649 ], [ 110.493324332433247, -6.907065706570656 ] ], [ [ 110.493474347434741, -6.907065706570649 ], [ 110.496849684968495, -6.90849084908491 ], [ 110.497224722472254, -6.909840984098417 ], [ 110.495199519951996, -6.909240924092409 ], [ 110.493474347434741, -6.907065706570649 ] ], [ [ 110.490249024902496, -6.908415841584151 ], [ 110.495874587458744, -6.912766276627655 ], [ 110.49227422742274, -6.910741074107418 ], [ 110.492574257425744, -6.912016201620157 ], [ 110.490099009900987, -6.913816381638168 ], [ 110.490474047404746, -6.915766576657661 ], [ 110.486948694869483, -6.915316531653159 ], [ 110.48754875487549, -6.914041404140422 ], [ 110.485748574857496, -6.914791479147908 ], [ 110.48612361236124, -6.911566156615665 ], [ 110.488373837383747, -6.909390939093902 ], [ 110.490399039903991, -6.910141014101415 ], [ 110.490249024902496, -6.908415841584151 ] ], [ [ 110.494749474947497, -6.909840984098406 ], [ 110.495799579957989, -6.910066006600668 ], [ 110.495799579957989, -6.910216021602166 ], [ 110.49534953495349, -6.910666066606668 ], [ 110.494749474947497, -6.909840984098406 ] ], [ [ 110.494824482448252, -6.911716171617167 ], [ 110.494899489948992, -6.911641164116406 ], [ 110.494899489948992, -6.911716171617162 ], [ 110.494824482448252, -6.911716171617167 ] ], [ [ 110.496774677467741, -6.91201620162016 ], [ 110.497299729973008, -6.911866186618662 ], [ 110.497299729973008, -6.912241224122415 ], [ 110.496774677467741, -6.91201620162016 ] ], [ [ 110.495124512451241, -6.911941194119419 ], [ 110.495199519951996, -6.911866186618666 ], [ 110.495199519951996, -6.911941194119408 ], [ 110.495124512451241, -6.911941194119419 ] ], [ [ 110.491599159915992, -6.912841284128409 ], [ 110.491674167416747, -6.912766276627664 ], [ 110.491674167416747, -6.912841284128407 ], [ 110.491599159915992, -6.912841284128409 ] ], [ [ 110.495949594959498, -6.912841284128415 ], [ 110.496024602460267, -6.912766276627668 ], [ 110.496024602460267, -6.912841284128414 ], [ 110.495949594959498, -6.912841284128415 ] ], [ [ 110.491524152415238, -6.912916291629172 ], [ 110.491599159915992, -6.912841284128409 ], [ 110.491599159915992, -6.912916291629164 ], [ 110.491524152415238, -6.912916291629172 ] ], [ [ 110.495649564956508, -6.913516351635164 ], [ 110.496024602460267, -6.912916291629163 ], [ 110.495949594959498, -6.913666366636655 ], [ 110.495649564956508, -6.913516351635164 ] ], [ [ 110.498424842484255, -6.913591359135906 ], [ 110.499849984998505, -6.914566456645672 ], [ 110.499924992499245, -6.91501650165016 ], [ 110.498874887488753, -6.914491449144911 ], [ 110.498424842484255, -6.913591359135906 ] ], [ [ 110.497749774977493, -6.91411641164116 ], [ 110.497824782478247, -6.913966396639664 ], [ 110.497899789979002, -6.914116411641173 ], [ 110.497749774977493, -6.91411641164116 ] ], [ [ 110.498124812481251, -6.914041404140419 ], [ 110.499624962496256, -6.915016501650157 ], [ 110.499849984998505, -6.91554155415541 ], [ 110.498499849984995, -6.914866486648662 ], [ 110.498124812481251, -6.914041404140419 ] ], [ [ 110.495874587458744, -6.914191419141906 ], [ 110.495949594959498, -6.914116411641166 ], [ 110.495949594959498, -6.914191419141913 ], [ 110.495874587458744, -6.914191419141906 ] ], [ [ 110.495949594959498, -6.914341434143415 ], [ 110.496174617461747, -6.914341434143419 ], [ 110.496324632463256, -6.914566456645662 ], [ 110.495949594959498, -6.914341434143415 ] ], [ [ 110.496324632463256, -6.914641464146412 ], [ 110.496399639963997, -6.914566456645669 ], [ 110.496399639963997, -6.91464146414642 ], [ 110.496324632463256, -6.914641464146412 ] ], [ [ 110.496474647464751, -6.914716471647165 ], [ 110.496549654965492, -6.914641464146407 ], [ 110.496549654965492, -6.914716471647165 ], [ 110.496474647464751, -6.914716471647165 ] ], [ [ 110.496549654965492, -6.915391539153916 ], [ 110.496774677467741, -6.915016501650165 ], [ 110.496774677467741, -6.91531653165317 ], [ 110.496549654965492, -6.915391539153916 ] ], [ [ 110.491149114911494, -6.914941494149416 ], [ 110.491224122412248, -6.914866486648657 ], [ 110.491224122412248, -6.914941494149417 ], [ 110.491149114911494, -6.914941494149416 ] ], [ [ 110.482373237323728, -6.915391539153912 ], [ 110.484098409840996, -6.917191719171913 ], [ 110.483873387338733, -6.918016801680162 ], [ 110.481998199819984, -6.916366636663659 ], [ 110.482373237323728, -6.915391539153912 ] ], [ [ 110.491224122412248, -6.915691569156913 ], [ 110.491674167416747, -6.915616561656166 ], [ 110.491524152415238, -6.915916591659172 ], [ 110.491224122412248, -6.915691569156913 ] ], [ [ 110.496549654965492, -6.915616561656169 ], [ 110.496699669967001, -6.915766576657665 ], [ 110.496549654965492, -6.915766576657668 ], [ 110.496549654965492, -6.915616561656169 ] ], [ [ 110.49084908490849, -6.91561656165617 ], [ 110.491974197419736, -6.916891689168918 ], [ 110.493249324932492, -6.915841584158422 ], [ 110.49362436243625, -6.918016801680163 ], [ 110.490699069906995, -6.917341734173425 ], [ 110.49084908490849, -6.91561656165617 ] ], [ [ 110.489498949894994, -6.915991599159915 ], [ 110.490174017401742, -6.916066606660663 ], [ 110.489648964896489, -6.916291629162918 ], [ 110.489498949894994, -6.915991599159915 ] ], [ [ 110.496849684968495, -6.916066606660671 ], [ 110.49692469246925, -6.915991599159912 ], [ 110.49692469246925, -6.916066606660658 ], [ 110.496849684968495, -6.916066606660671 ] ], [ [ 110.49692469246925, -6.916141614161423 ], [ 110.49699969996999, -6.916066606660672 ], [ 110.49699969996999, -6.916141614161418 ], [ 110.49692469246925, -6.916141614161423 ] ], [ [ 110.488223822382238, -6.916891689168915 ], [ 110.489048904890495, -6.91636663666367 ], [ 110.488973897389741, -6.917191719171913 ], [ 110.488223822382238, -6.916891689168915 ] ], [ [ 110.489498949894994, -6.916291629162918 ], [ 110.489573957395734, -6.916216621662171 ], [ 110.489573957395734, -6.916291629162921 ], [ 110.489498949894994, -6.916291629162918 ] ], [ [ 110.490099009900987, -6.916291629162913 ], [ 110.490174017401742, -6.916216621662163 ], [ 110.490174017401742, -6.91629162916291 ], [ 110.490099009900987, -6.916291629162913 ] ], [ [ 110.490174017401742, -6.916366636663675 ], [ 110.490699069906995, -6.91636663666366 ], [ 110.490174017401742, -6.91651665166516 ], [ 110.490174017401742, -6.916366636663675 ] ], [ [ 110.497374737473748, -6.916291629162917 ], [ 110.497449744974503, -6.91621662166217 ], [ 110.497449744974503, -6.916291629162921 ], [ 110.497374737473748, -6.916291629162917 ] ], [ [ 110.497599759975998, -6.916441644164414 ], [ 110.497674767476752, -6.916216621662162 ], [ 110.497824782478247, -6.916441644164423 ], [ 110.497599759975998, -6.916441644164414 ] ], [ [ 110.490099009900987, -6.91674167416741 ], [ 110.490174017401742, -6.91651665166516 ], [ 110.490174017401742, -6.91674167416741 ], [ 110.490099009900987, -6.91674167416741 ] ], [ [ 110.490249024902496, -6.916741674167419 ], [ 110.490324032403237, -6.916666666666672 ], [ 110.490324032403237, -6.91674167416742 ], [ 110.490249024902496, -6.916741674167419 ] ], [ [ 110.489123912391236, -6.917116711671158 ], [ 110.489273927392745, -6.917191719171909 ], [ 110.489123912391236, -6.917266726672667 ], [ 110.489123912391236, -6.917116711671158 ] ], [ [ 110.489648964896489, -6.917266726672666 ], [ 110.489948994899493, -6.91734173417342 ], [ 110.489648964896489, -6.917341734173424 ], [ 110.489648964896489, -6.917266726672666 ] ], [ [ 110.489273927392745, -6.917341734173424 ], [ 110.489348934893485, -6.91726672667266 ], [ 110.489348934893485, -6.917341734173414 ], [ 110.489273927392745, -6.917341734173424 ] ], [ [ 110.491599159915992, -6.91854185418542 ], [ 110.491674167416747, -6.91846684668467 ], [ 110.491674167416747, -6.918541854185415 ], [ 110.491599159915992, -6.91854185418542 ] ], [ [ 110.491524152415238, -6.918616861686177 ], [ 110.491599159915992, -6.91854185418542 ], [ 110.491599159915992, -6.918616861686174 ], [ 110.491524152415238, -6.918616861686177 ] ], [ [ 110.49084908490849, -6.919066906690668 ], [ 110.491524152415238, -6.919066906690677 ], [ 110.490999099909985, -6.919291929192911 ], [ 110.49084908490849, -6.919066906690668 ] ], [ [ 110.494599459945988, -6.921617161716168 ], [ 110.494974497449746, -6.921542154215429 ], [ 110.494824482448252, -6.921767176717678 ], [ 110.494599459945988, -6.921617161716168 ] ], [ [ 110.48777377737774, -6.921842184218422 ], [ 110.488598859885983, -6.92274227422743 ], [ 110.488448844884488, -6.922967296729671 ], [ 110.488598859885983, -6.92341734173417 ], [ 110.48777377737774, -6.921842184218422 ] ], [ [ 110.494449444944493, -6.921992199219928 ], [ 110.494599459945988, -6.921917191719178 ], [ 110.494599459945988, -6.921992199219932 ], [ 110.494449444944493, -6.921992199219928 ] ], [ [ 110.486873687368742, -6.922667266726667 ], [ 110.487323732373241, -6.92229222922292 ], [ 110.487923792379235, -6.923342334233428 ], [ 110.486873687368742, -6.922667266726667 ] ], [ [ 110.495424542454245, -6.922892289228929 ], [ 110.495724572457249, -6.922592259225913 ], [ 110.496024602460267, -6.923042304230421 ], [ 110.495424542454245, -6.922892289228929 ] ], [ [ 110.488523852385242, -6.923117311731162 ], [ 110.488598859885983, -6.923042304230427 ], [ 110.488598859885983, -6.923117311731172 ], [ 110.488523852385242, -6.923117311731162 ] ], [ [ 110.487248724872487, -6.923492349234917 ], [ 110.487623762376231, -6.923717371737172 ], [ 110.486948694869483, -6.923867386738682 ], [ 110.487248724872487, -6.923492349234917 ] ], [ [ 110.487923792379235, -6.923567356735677 ], [ 110.488223822382238, -6.923492349234918 ], [ 110.487998799879989, -6.923717371737173 ], [ 110.487923792379235, -6.923567356735677 ] ], [ [ 110.488523852385242, -6.923567356735669 ], [ 110.488823882388232, -6.923417341734169 ], [ 110.488823882388232, -6.92349234923493 ], [ 110.488523852385242, -6.923567356735669 ] ], [ [ 110.488598859885983, -6.923717371737179 ], [ 110.489723972397258, -6.924242424242422 ], [ 110.489648964896489, -6.924542454245418 ], [ 110.488598859885983, -6.923717371737179 ] ], [ [ 110.488223822382238, -6.924092409240918 ], [ 110.488448844884488, -6.923792379237915 ], [ 110.488523852385242, -6.924092409240926 ], [ 110.488223822382238, -6.924092409240918 ] ], [ [ 110.478022802280222, -6.923942394239418 ], [ 110.478172817281745, -6.923792379237923 ], [ 110.478322832283226, -6.923942394239421 ], [ 110.478022802280222, -6.923942394239418 ] ], [ [ 110.478322832283226, -6.924017401740169 ], [ 110.47839783978398, -6.923942394239427 ], [ 110.47839783978398, -6.924017401740172 ], [ 110.478322832283226, -6.924017401740169 ] ], [ [ 110.478472847284735, -6.924692469246926 ], [ 110.484848484848484, -6.928292829282922 ], [ 110.488373837383747, -6.929942994299428 ], [ 110.484998499849979, -6.928967896789675 ], [ 110.483873387338733, -6.928967896789684 ], [ 110.483423342334234, -6.928367836783673 ], [ 110.482748274827486, -6.928217821782178 ], [ 110.482448244824496, -6.92761776177618 ], [ 110.481548154815485, -6.927392739273929 ], [ 110.481323132313236, -6.926417641764168 ], [ 110.478472847284735, -6.924692469246926 ] ], [ [ 110.488673867386737, -6.924092409240924 ], [ 110.488748874887492, -6.924017401740181 ], [ 110.488748874887492, -6.924092409240927 ], [ 110.488673867386737, -6.924092409240924 ] ], [ [ 110.488598859885983, -6.92416741674167 ], [ 110.488673867386737, -6.924092409240924 ], [ 110.488673867386737, -6.924167416741674 ], [ 110.488598859885983, -6.92416741674167 ] ], [ [ 110.488523852385242, -6.92424242424242 ], [ 110.488598859885983, -6.92416741674167 ], [ 110.488598859885983, -6.924242424242425 ], [ 110.488523852385242, -6.92424242424242 ] ], [ [ 110.488598859885983, -6.924392439243923 ], [ 110.489048904890495, -6.924317431743165 ], [ 110.489123912391236, -6.924767476747674 ], [ 110.488598859885983, -6.924392439243923 ] ], [ [ 110.489723972397258, -6.924767476747671 ], [ 110.490024002400247, -6.92454245424542 ], [ 110.489948994899493, -6.924767476747669 ], [ 110.489723972397258, -6.924767476747671 ] ], [ [ 110.480423042304224, -6.924617461746175 ], [ 110.480498049804979, -6.924542454245425 ], [ 110.480498049804979, -6.924617461746169 ], [ 110.480423042304224, -6.924617461746175 ] ], [ [ 110.480498049804979, -6.924617461746169 ], [ 110.485598559855987, -6.926042604260419 ], [ 110.485073507350748, -6.927692769276931 ], [ 110.490024002400247, -6.930243024302421 ], [ 110.484623462346235, -6.927767776777681 ], [ 110.480498049804979, -6.924617461746169 ] ], [ [ 110.489273927392745, -6.924767476747671 ], [ 110.489423942394239, -6.924617461746173 ], [ 110.489348934893485, -6.92476747674768 ], [ 110.489273927392745, -6.924767476747671 ] ], [ [ 110.489348934893485, -6.925142514251429 ], [ 110.489873987398738, -6.924992499249923 ], [ 110.489798979897984, -6.925292529252919 ], [ 110.489348934893485, -6.925142514251429 ] ], [ [ 110.490024002400247, -6.924992499249917 ], [ 110.490099009900987, -6.924842484248424 ], [ 110.490099009900987, -6.924992499249932 ], [ 110.490024002400247, -6.924992499249917 ] ], [ [ 110.490249024902496, -6.925142514251425 ], [ 110.490549054905486, -6.924992499249917 ], [ 110.490399039903991, -6.925217521752177 ], [ 110.490249024902496, -6.925142514251425 ] ], [ [ 110.490699069906995, -6.925142514251416 ], [ 110.490774077407735, -6.924992499249927 ], [ 110.490774077407735, -6.925142514251425 ], [ 110.490699069906995, -6.925142514251416 ] ], [ [ 110.490624062406241, -6.925367536753678 ], [ 110.490699069906995, -6.925142514251416 ], [ 110.490699069906995, -6.925367536753676 ], [ 110.490624062406241, -6.925367536753678 ] ], [ [ 110.489873987398738, -6.925367536753684 ], [ 110.490099009900987, -6.925292529252932 ], [ 110.490099009900987, -6.925367536753669 ], [ 110.489873987398738, -6.925367536753684 ] ], [ [ 110.490699069906995, -6.925442544254421 ], [ 110.491299129912989, -6.925292529252934 ], [ 110.491374137413757, -6.925592559255933 ], [ 110.490699069906995, -6.925442544254421 ] ], [ [ 110.490174017401742, -6.925367536753671 ], [ 110.490249024902496, -6.925292529252923 ], [ 110.490249024902496, -6.925367536753668 ], [ 110.490174017401742, -6.925367536753671 ] ], [ [ 110.490324032403237, -6.925517551755173 ], [ 110.490399039903991, -6.925442544254427 ], [ 110.490399039903991, -6.92551755175518 ], [ 110.490324032403237, -6.925517551755173 ] ], [ [ 110.490474047404746, -6.925742574257417 ], [ 110.49084908490849, -6.925592559255919 ], [ 110.490999099909985, -6.926042604260426 ], [ 110.490474047404746, -6.925742574257417 ] ], [ [ 110.491449144914498, -6.925817581758175 ], [ 110.491824182418242, -6.925667566756671 ], [ 110.491674167416747, -6.925892589258929 ], [ 110.491449144914498, -6.925817581758175 ] ], [ [ 110.491149114911494, -6.926042604260421 ], [ 110.491299129912989, -6.925817581758175 ], [ 110.491224122412248, -6.926042604260433 ], [ 110.491149114911494, -6.926042604260421 ] ], [ [ 110.492574257425744, -6.926417641764185 ], [ 110.492199219921986, -6.925817581758168 ], [ 110.492649264926499, -6.92611761176118 ], [ 110.492574257425744, -6.926417641764185 ] ], [ [ 110.490999099909985, -6.925967596759678 ], [ 110.491074107410739, -6.925892589258933 ], [ 110.491074107410739, -6.925967596759675 ], [ 110.490999099909985, -6.925967596759678 ] ], [ [ 110.491224122412248, -6.926192619261931 ], [ 110.491599159915992, -6.926042604260427 ], [ 110.491524152415238, -6.926267626762677 ], [ 110.491224122412248, -6.926192619261931 ] ], [ [ 110.49084908490849, -6.926267626762669 ], [ 110.491149114911494, -6.926117611761175 ], [ 110.491149114911494, -6.926192619261932 ], [ 110.49084908490849, -6.926267626762669 ] ], [ [ 110.491674167416747, -6.926267626762685 ], [ 110.491824182418242, -6.926117611761181 ], [ 110.491824182418242, -6.92626762676268 ], [ 110.491674167416747, -6.926267626762685 ] ], [ [ 110.491899189918996, -6.926642664266419 ], [ 110.492574257425744, -6.926567656765677 ], [ 110.49249924992499, -6.926867686768671 ], [ 110.491899189918996, -6.926642664266419 ] ], [ [ 110.491824182418242, -6.926417641764184 ], [ 110.491899189918996, -6.926342634263427 ], [ 110.491899189918996, -6.926417641764181 ], [ 110.491824182418242, -6.926417641764184 ] ], [ [ 110.483723372337238, -6.928967896789672 ], [ 110.483798379837978, -6.928892889288923 ], [ 110.483798379837978, -6.928967896789676 ], [ 110.483723372337238, -6.928967896789672 ] ], [ [ 110.48469846984699, -6.929342934293438 ], [ 110.484923492349239, -6.92911791179118 ], [ 110.48477347734773, -6.929342934293428 ], [ 110.48469846984699, -6.929342934293438 ] ], [ [ 110.482223222322233, -6.929492949294923 ], [ 110.483573357335729, -6.930168016801677 ], [ 110.483273327332739, -6.930693069306932 ], [ 110.482148214821478, -6.930618061806181 ], [ 110.482223222322233, -6.929492949294923 ] ], [ [ 110.488373837383747, -6.930018001800184 ], [ 110.488523852385242, -6.929942994299433 ], [ 110.488523852385242, -6.930018001800183 ], [ 110.488373837383747, -6.930018001800184 ] ], [ [ 110.489048904890495, -6.930468046804681 ], [ 110.48919891989199, -6.930168016801685 ], [ 110.489423942394239, -6.930468046804672 ], [ 110.489048904890495, -6.930468046804681 ] ], [ [ 110.489423942394239, -6.930543054305429 ], [ 110.489573957395734, -6.930468046804685 ], [ 110.489573957395734, -6.930543054305431 ], [ 110.489423942394239, -6.930543054305429 ] ], [ [ 110.489573957395734, -6.930618061806178 ], [ 110.489723972397258, -6.930543054305429 ], [ 110.489723972397258, -6.930618061806185 ], [ 110.489573957395734, -6.930618061806178 ] ], [ [ 110.489798979897984, -6.930693069306935 ], [ 110.489873987398738, -6.930618061806182 ], [ 110.489873987398738, -6.930693069306932 ], [ 110.489798979897984, -6.930693069306935 ] ], [ [ 110.489948994899493, -6.930768076807673 ], [ 110.490024002400247, -6.930693069306931 ], [ 110.490024002400247, -6.930768076807686 ], [ 110.489948994899493, -6.930768076807673 ] ], [ [ 110.490024002400247, -6.930843084308427 ], [ 110.490174017401742, -6.930768076807684 ], [ 110.490174017401742, -6.930843084308432 ], [ 110.490024002400247, -6.930843084308427 ] ], [ [ 110.490174017401742, -6.930918091809181 ], [ 110.490324032403237, -6.930843084308427 ], [ 110.490324032403237, -6.930918091809183 ], [ 110.490174017401742, -6.930918091809181 ] ], [ [ 110.490399039903991, -6.930993099309929 ], [ 110.490474047404746, -6.930918091809177 ], [ 110.490474047404746, -6.930993099309938 ], [ 110.490399039903991, -6.930993099309929 ] ], [ [ 110.490549054905486, -6.931068106810675 ], [ 110.490624062406241, -6.930993099309927 ], [ 110.490624062406241, -6.931068106810681 ], [ 110.490549054905486, -6.931068106810675 ] ], [ [ 110.490699069906995, -6.931143114311435 ], [ 110.490774077407735, -6.93106810681068 ], [ 110.490774077407735, -6.931143114311439 ], [ 110.490699069906995, -6.931143114311435 ] ], [ [ 110.49084908490849, -6.931218121812181 ], [ 110.490924092409244, -6.931143114311435 ], [ 110.490924092409244, -6.931218121812182 ], [ 110.49084908490849, -6.931218121812181 ] ], [ [ 110.490999099909985, -6.931293129312925 ], [ 110.491149114911494, -6.931218121812173 ], [ 110.491149114911494, -6.931293129312935 ], [ 110.490999099909985, -6.931293129312925 ] ], [ [ 110.493024302430257, -6.932193219321939 ], [ 110.493174317431738, -6.932118211821182 ], [ 110.493174317431738, -6.932193219321932 ], [ 110.493024302430257, -6.932193219321939 ] ], [ [ 110.46174617461746, -6.934143414341435 ], [ 110.462271227122713, -6.933318331833174 ], [ 110.462346234623467, -6.934593459345941 ], [ 110.46174617461746, -6.934143414341435 ] ], [ [ 110.457845784578453, -6.934518451845177 ], [ 110.45844584458446, -6.93436843684368 ], [ 110.457845784578453, -6.93481848184818 ], [ 110.457845784578453, -6.934518451845177 ] ], [ [ 110.456870687068701, -6.93639363936393 ], [ 110.457020702070224, -6.93631863186318 ], [ 110.457020702070224, -6.936393639363935 ], [ 110.456870687068701, -6.93639363936393 ] ], [ [ 110.447269726972692, -6.93751875187518 ], [ 110.447719771977191, -6.937443744374434 ], [ 110.447719771977191, -6.937593759375939 ], [ 110.447269726972692, -6.93751875187518 ] ], [ [ 110.447944794479454, -6.937818781878183 ], [ 110.448019801980195, -6.937743774377443 ], [ 110.448019801980195, -6.937818781878184 ], [ 110.447944794479454, -6.937818781878183 ] ], [ [ 110.448094809480963, -6.93804380438044 ], [ 110.448469846984693, -6.937818781878192 ], [ 110.448544854485448, -6.938118811881191 ], [ 110.448094809480963, -6.93804380438044 ] ] ] } },
{ "type": "Feature", "properties": { "year": 2028, "layer": "atrisk" }, "geometry": { "type": "Polygon", "coordinates": [ [ [ 110.442619261926197, -6.938943894389443 ], [ 110.440819081908202, -6.938043804380433 ], [ 110.439468946894692, -6.938943894389444 ], [ 110.442619261926197, -6.938943894389443 ] ] ] } },
{ "type": "Feature", "properties": { "year": 2028, "layer": "atrisk" }, "geometry": { "type": "Polygon", "coordinates": [ [ [ 110.438643864386435, -6.93946894689469 ], [ 110.437368736873694, -6.939618961896188 ], [ 110.437743774377438, -6.942319231923186 ], [ 110.438643864386435, -6.93946894689469 ] ] ] } },
{ "type": "Feature", "properties": { "year": 2028, "layer": "atrisk" }, "geometry": { "type": "Polygon", "coordinates": [ [ [ 110.431968196819682, -6.944269426942688 ], [ 110.431518151815183, -6.944194419441949 ], [ 110.430918091809176, -6.944569456945698 ], [ 110.431968196819682, -6.944269426942688 ] ] ] } },
{ "type": "Feature", "properties": { "year": 2028, "layer": "atrisk" }, "geometry": { "type": "Polygon", "coordinates": [ [ [ 110.435193519351941, -6.940369036903689 ], [ 110.433093309330928, -6.94194419441945 ], [ 110.434368436843684, -6.946294629462945 ], [ 110.433168316831683, -6.943219321932199 ], [ 110.431593159315952, -6.942844284428448 ], [ 110.433243324332452, -6.949219921992201 ], [ 110.43564356435644, -6.94794479447944 ], [ 110.43406840684068, -6.947269726972698 ], [ 110.436618661866191, -6.943294329432949 ], [ 110.435193519351941, -6.940369036903689 ] ] ] } },
{ "type": "Feature", "properties": { "year": 2028, "layer": "atrisk" }, "geometry": { "type": "Polygon", "coordinates": [ [ [ 110.432718271827184, -6.951695169516945 ], [ 110.432568256825704, -6.951695169516943 ], [ 110.431518151815183, -6.95267026702671 ], [ 110.432493249324935, -6.952145214521445 ], [ 110.432718271827184, -6.951695169516945 ] ] ] } },
{ "type": "Feature", "properties": { "year": 2028, "layer": "atrisk" }, "geometry": { "type": "Polygon", "coordinates": [ [ [ 110.39881488148815, -6.952520252025197 ], [ 110.398214821482142, -6.953345334533451 ], [ 110.399039903990399, -6.954020402040207 ], [ 110.39881488148815, -6.952520252025197 ] ] ] } },
{ "type": "Feature", "properties": { "year": 2028, "layer": "atrisk" }, "geometry": { "type": "Polygon", "coordinates": [ [ [ 110.382163216321629, -6.950870087008696 ], [ 110.382013201320149, -6.952745274527456 ], [ 110.382913291329132, -6.954095409540953 ], [ 110.382163216321629, -6.950870087008696 ] ] ] } },
{ "type": "Feature", "properties": { "year": 2028, "layer": "atrisk" }, "geometry": { "type": "Polygon", "coordinates": [ [ [ 110.39986498649867, -6.952670267026699 ], [ 110.399489948994898, -6.954170417041698 ], [ 110.402415241524153, -6.953045304530459 ], [ 110.402340234023399, -6.95274527452745 ], [ 110.39986498649867, -6.952670267026699 ] ] ] } },
{ "type": "Feature", "properties": { "year": 2028, "layer": "atrisk" }, "geometry": { "type": "Polygon", "coordinates": [ [ [ 110.417266726672665, -6.952370237023698 ], [ 110.415841584158414, -6.952745274527454 ], [ 110.416441644164422, -6.954695469546957 ], [ 110.418091809180922, -6.954170417041711 ], [ 110.417266726672665, -6.952370237023698 ] ] ] } },
{ "type": "Feature", "properties": { "year": 2028, "layer": "atrisk" }, "geometry": { "type": "Polygon", "coordinates": [ [ [ 110.377737773777397, -6.954545454545451 ], [ 110.376162616261624, -6.95447044704471 ], [ 110.376162616261624, -6.95454545454545 ], [ 110.377737773777397, -6.954545454545451 ] ] ] } },
{ "type": "Feature", "properties": { "year": 2028, "layer": "atrisk" }, "geometry": { "type": "Polygon", "coordinates": [ [ [ 110.375187518751872, -6.954695469546957 ], [ 110.370687068706872, -6.954695469546957 ], [ 110.370687068706872, -6.954770477047706 ], [ 110.375187518751872, -6.954695469546957 ] ] ] } },
{ "type": "Feature", "properties": { "year": 2028, "layer": "atrisk" }, "geometry": { "type": "Polygon", "coordinates": [ [ [ 110.423567356735674, -6.953570357035701 ], [ 110.423042304230421, -6.954545454545458 ], [ 110.424467446744671, -6.955370537053705 ], [ 110.425292529252943, -6.954470447044707 ], [ 110.423567356735674, -6.953570357035701 ] ] ] } },
{ "type": "Feature", "properties": { "year": 2028, "layer": "atrisk" }, "geometry": { "type": "Polygon", "coordinates": [ [ [ 110.422367236723673, -6.954620462046211 ], [ 110.42319231923193, -6.955895589558947 ], [ 110.424242424242422, -6.955745574557455 ], [ 110.422367236723673, -6.954620462046211 ] ] ] } },
{ "type": "Feature", "properties": { "year": 2028, "layer": "atrisk" }, "geometry": { "type": "Polygon", "coordinates": [ [ [ 110.406090609060911, -6.947494749474947 ], [ 110.403015301530147, -6.947044704470442 ], [ 110.406240624062406, -6.948319831983197 ], [ 110.406465646564669, -6.950570057005699 ], [ 110.40496549654965, -6.951845184518456 ], [ 110.407440744074421, -6.951170117011696 ], [ 110.409840984098409, -6.955595559555963 ], [ 110.412616261626169, -6.956795679567958 ], [ 110.413366336633658, -6.958595859585949 ], [ 110.41434143414341, -6.959120912091207 ], [ 110.412841284128419, -6.956570657065712 ], [ 110.408865886588657, -6.953645364536456 ], [ 110.406090609060911, -6.947494749474947 ] ], [ [ 110.413591359135907, -6.958445844584454 ], [ 110.413666366636662, -6.958370837083712 ], [ 110.413666366636662, -6.958445844584458 ], [ 110.413591359135907, -6.958445844584454 ] ], [ [ 110.413666366636662, -6.958595859585953 ], [ 110.41374137413743, -6.958520852085202 ], [ 110.41374137413743, -6.958595859585954 ], [ 110.413666366636662, -6.958595859585953 ] ] ] } },
{ "type": "Feature", "properties": { "year": 2028, "layer": "atrisk" }, "geometry": { "type": "Polygon", "coordinates": [ [ [ 110.382313231323138, -6.954995499549959 ], [ 110.377737773777397, -6.954845484548456 ], [ 110.37721272127213, -6.956195619561958 ], [ 110.374812481248128, -6.955445544554463 ], [ 110.371512151215128, -6.955670567056703 ], [ 110.374587458745879, -6.956870687068704 ], [ 110.368361836183624, -6.956120612061208 ], [ 110.367686768676862, -6.957920792079207 ], [ 110.367086708670868, -6.956045604560458 ], [ 110.363936393639364, -6.956495649564953 ], [ 110.364836483648375, -6.955820582058214 ], [ 110.363561356135619, -6.955070507050711 ], [ 110.360111011101111, -6.956195619561962 ], [ 110.360111011101111, -6.959195919591966 ], [ 110.387713771377136, -6.959720972097218 ], [ 110.387188718871883, -6.959195919591954 ], [ 110.385913591359142, -6.959495949594953 ], [ 110.385838583858387, -6.958595859585953 ], [ 110.383513351335139, -6.958820882088212 ], [ 110.38328832883289, -6.95537053705371 ], [ 110.381113111311137, -6.956870687068707 ], [ 110.379762976297627, -6.957170717071702 ], [ 110.381713171317131, -6.955670567056712 ], [ 110.377587758775874, -6.956645664566457 ], [ 110.37556255625563, -6.956645664566458 ], [ 110.382313231323138, -6.954995499549959 ] ], [ [ 110.362886288628857, -6.955595559555951 ], [ 110.362961296129612, -6.955520552055201 ], [ 110.362961296129612, -6.955595559555952 ], [ 110.362886288628857, -6.955595559555951 ] ], [ [ 110.373162316231628, -6.955745574557455 ], [ 110.373237323732369, -6.955670567056712 ], [ 110.373237323732369, -6.95574557455746 ], [ 110.373162316231628, -6.955745574557455 ] ], [ [ 110.36333633363337, -6.955820582058211 ], [ 110.36341134113411, -6.955745574557448 ], [ 110.36341134113411, -6.955820582058201 ], [ 110.36333633363337, -6.955820582058211 ] ], [ [ 110.374362436243629, -6.9558205820582 ], [ 110.37443744374437, -6.955745574557463 ], [ 110.37443744374437, -6.955820582058211 ], [ 110.374362436243629, -6.9558205820582 ] ], [ [ 110.363186318631875, -6.955895589558948 ], [ 110.36333633363337, -6.955820582058211 ], [ 110.36333633363337, -6.955970597059713 ], [ 110.363186318631875, -6.955895589558948 ] ], [ [ 110.374512451245124, -6.956195619561955 ], [ 110.374587458745879, -6.956045604560463 ], [ 110.374587458745879, -6.956195619561964 ], [ 110.374512451245124, -6.956195619561955 ] ], [ [ 110.363561356135619, -6.956345634563462 ], [ 110.363711371137114, -6.956195619561953 ], [ 110.36363636363636, -6.95634563456346 ], [ 110.363561356135619, -6.956345634563462 ] ], [ [ 110.368286828682869, -6.956495649564959 ], [ 110.368361836183624, -6.9564206420642 ], [ 110.368361836183624, -6.956495649564955 ], [ 110.368286828682869, -6.956495649564959 ] ], [ [ 110.369561956195625, -6.956570657065702 ], [ 110.36971197119712, -6.956495649564951 ], [ 110.36971197119712, -6.956570657065708 ], [ 110.369561956195625, -6.956570657065702 ] ], [ [ 110.361911191119106, -6.957170717071701 ], [ 110.362961296129612, -6.957170717071707 ], [ 110.361911191119106, -6.957545754575454 ], [ 110.361911191119106, -6.957170717071701 ] ], [ [ 110.36506150615061, -6.95679567956795 ], [ 110.365136513651365, -6.956720672067198 ], [ 110.365136513651365, -6.956795679567964 ], [ 110.36506150615061, -6.95679567956795 ] ], [ [ 110.368286828682869, -6.957020702070205 ], [ 110.368361836183624, -6.9567206720672 ], [ 110.368361836183624, -6.957020702070209 ], [ 110.368286828682869, -6.957020702070205 ] ], [ [ 110.361461146114607, -6.957545754575454 ], [ 110.361686168616856, -6.957245724572451 ], [ 110.361761176117611, -6.957545754575456 ], [ 110.361461146114607, -6.957545754575454 ] ], [ [ 110.378937893789384, -6.957245724572459 ], [ 110.379012901290125, -6.957170717071715 ], [ 110.379012901290125, -6.957245724572464 ], [ 110.378937893789384, -6.957245724572459 ] ], [ [ 110.377137713771376, -6.957770777077712 ], [ 110.378937893789384, -6.957395739573953 ], [ 110.378412841284131, -6.957695769576955 ], [ 110.377137713771376, -6.957770777077712 ] ], [ [ 110.366486648664875, -6.957470747074705 ], [ 110.36663666366637, -6.957545754575452 ], [ 110.366486648664875, -6.957620762076213 ], [ 110.366486648664875, -6.957470747074705 ] ], [ [ 110.387113711371143, -6.959345934593461 ], [ 110.387188718871883, -6.95927092709271 ], [ 110.387188718871883, -6.959345934593466 ], [ 110.387113711371143, -6.959345934593461 ] ] ] } },
{ "type": "Feature", "properties": { "year": 2028, "layer": "atrisk" }, "geometry": { "type": "Polygon", "coordinates": [ [ [ 110.396789678967892, -6.948469846984704 ], [ 110.395664566456645, -6.951020102010206 ], [ 110.399039903990399, -6.959720972097213 ], [ 110.400315031503155, -6.959720972097217 ], [ 110.396939693969401, -6.950645064506456 ], [ 110.399789978997902, -6.952295229522948 ], [ 110.4002400240024, -6.951095109510954 ], [ 110.398064806480647, -6.951170117011696 ], [ 110.396789678967892, -6.948469846984704 ] ], [ [ 110.396864686468646, -6.950645064506456 ], [ 110.396939693969401, -6.950570057005702 ], [ 110.396939693969401, -6.950645064506456 ], [ 110.396864686468646, -6.950645064506456 ] ] ] } },
{ "type": "Feature", "properties": { "year": 2028, "layer": "atrisk" }, "geometry": { "type": "Polygon", "coordinates": [ [ [ 110.414416441644164, -6.95904590459045 ], [ 110.415241524152421, -6.95964596459645 ], [ 110.416966696669661, -6.959645964596461 ], [ 110.416441644164422, -6.959270927092718 ], [ 110.414416441644164, -6.95904590459045 ] ] ] } },
{ "type": "Feature", "properties": { "year": 2028, "layer": "atrisk" }, "geometry": { "type": "Polygon", "coordinates": [ [ [ 110.319456945694569, -6.938268826882693 ], [ 110.317656765676574, -6.939693969396942 ], [ 110.318856885688575, -6.940219021902188 ], [ 110.317131713171321, -6.940069006900697 ], [ 110.312406240624057, -6.943744374437443 ], [ 110.318106810681073, -6.952895289528954 ], [ 110.319081908190824, -6.950495049504951 ], [ 110.320057005700576, -6.950870087008709 ], [ 110.320732073207324, -6.950420042004197 ], [ 110.318706870687066, -6.953420342034203 ], [ 110.327557755775572, -6.958595859585952 ], [ 110.349684968496845, -6.959720972097204 ], [ 110.352985298529859, -6.957245724572456 ], [ 110.350810081008106, -6.959720972097208 ], [ 110.359135913591359, -6.959720972097215 ], [ 110.359060906090605, -6.954845484548458 ], [ 110.355310531053107, -6.954620462046208 ], [ 110.358760876087615, -6.954170417041698 ], [ 110.359435943594363, -6.954245424542453 ], [ 110.359660966096612, -6.959720972097211 ], [ 110.359960996099616, -6.954395439543949 ], [ 110.370012001200124, -6.954770477047709 ], [ 110.349309930993115, -6.952220222022198 ], [ 110.344884488448841, -6.949144914491447 ], [ 110.327632763276327, -6.942844284428435 ], [ 110.319456945694569, -6.938268826882693 ] ], [ [ 110.319156915691565, -6.940369036903685 ], [ 110.319231923192319, -6.940294029402934 ], [ 110.319231923192319, -6.940369036903686 ], [ 110.319156915691565, -6.940369036903685 ] ], [ [ 110.319306930693074, -6.940444044404438 ], [ 110.319531953195323, -6.940369036903687 ], [ 110.319531953195323, -6.940444044404436 ], [ 110.319306930693074, -6.940444044404438 ] ], [ [ 110.319531953195323, -6.94051905190519 ], [ 110.319756975697572, -6.94044404440444 ], [ 110.319756975697572, -6.940519051905193 ], [ 110.319531953195323, -6.94051905190519 ] ], [ [ 110.319756975697572, -6.940594059405948 ], [ 110.319906990699081, -6.94051905190519 ], [ 110.319906990699081, -6.940594059405931 ], [ 110.319756975697572, -6.940594059405948 ] ], [ [ 110.318181818181813, -6.940669066906691 ], [ 110.318256825682582, -6.940594059405941 ], [ 110.318256825682582, -6.940669066906696 ], [ 110.318181818181813, -6.940669066906691 ] ], [ [ 110.320357035703566, -6.940894089408944 ], [ 110.320132013201317, -6.940594059405946 ], [ 110.320582058205815, -6.940894089408935 ], [ 110.320357035703566, -6.940894089408944 ] ], [ [ 110.318256825682582, -6.940744074407437 ], [ 110.318406840684062, -6.940669066906693 ], [ 110.318406840684062, -6.940744074407443 ], [ 110.318256825682582, -6.940744074407437 ] ], [ [ 110.318481848184817, -6.940894089408946 ], [ 110.318556855685571, -6.940744074407433 ], [ 110.318631863186312, -6.940894089408936 ], [ 110.318481848184817, -6.940894089408946 ] ], [ [ 110.318631863186312, -6.940969096909683 ], [ 110.318706870687066, -6.940894089408933 ], [ 110.318706870687066, -6.940969096909692 ], [ 110.318631863186312, -6.940969096909683 ] ], [ [ 110.320582058205815, -6.940969096909694 ], [ 110.320807080708065, -6.940894089408944 ], [ 110.320807080708065, -6.940969096909697 ], [ 110.320582058205815, -6.940969096909694 ] ], [ [ 110.321407140714072, -6.941569156915684 ], [ 110.321482148214827, -6.941044104410441 ], [ 110.321482148214827, -6.941494149414945 ], [ 110.321857185718571, -6.94164416441644 ], [ 110.321407140714072, -6.941569156915684 ] ], [ [ 110.321557155715581, -6.941269126912685 ], [ 110.321632163216321, -6.941194119411946 ], [ 110.321632163216321, -6.941269126912696 ], [ 110.321557155715581, -6.941269126912685 ] ], [ [ 110.321632163216321, -6.941344134413449 ], [ 110.321782178217816, -6.941269126912697 ], [ 110.321782178217816, -6.941344134413448 ], [ 110.321632163216321, -6.941344134413449 ] ], [ [ 110.321782178217816, -6.941419141914186 ], [ 110.321857185718571, -6.941344134413448 ], [ 110.321857185718571, -6.941419141914191 ], [ 110.321782178217816, -6.941419141914186 ] ], [ [ 110.321857185718571, -6.941494149414938 ], [ 110.321932193219325, -6.941419141914198 ], [ 110.321932193219325, -6.941494149414936 ], [ 110.321857185718571, -6.941494149414938 ] ], [ [ 110.322307230723069, -6.942244224422445 ], [ 110.322607260726073, -6.942094209420946 ], [ 110.322757275727568, -6.942319231923189 ], [ 110.322307230723069, -6.942244224422445 ] ], [ [ 110.322607260726073, -6.9420192019202 ], [ 110.322682268226828, -6.941944194419445 ], [ 110.322682268226828, -6.942019201920196 ], [ 110.322607260726073, -6.9420192019202 ] ], [ [ 110.322682268226828, -6.942094209420949 ], [ 110.322832283228323, -6.942019201920183 ], [ 110.322832283228323, -6.942094209420948 ], [ 110.322682268226828, -6.942094209420949 ] ], [ [ 110.322907290729091, -6.942394239423948 ], [ 110.323132313231326, -6.942244224422434 ], [ 110.323057305730572, -6.942394239423943 ], [ 110.322907290729091, -6.942394239423948 ] ], [ [ 110.322907290729091, -6.942544254425447 ], [ 110.323357335733576, -6.942469246924687 ], [ 110.322907290729091, -6.94269426942694 ], [ 110.322907290729091, -6.942544254425447 ] ], [ [ 110.325757575757578, -6.945619561956187 ], [ 110.325832583258332, -6.945544554455444 ], [ 110.325832583258332, -6.94561956195619 ], [ 110.325757575757578, -6.945619561956187 ] ], [ [ 110.324632463246331, -6.945619561956197 ], [ 110.327557755775572, -6.947869786978696 ], [ 110.326282628262831, -6.948619861986192 ], [ 110.325907590759073, -6.947344734473446 ], [ 110.324857485748581, -6.946744674467451 ], [ 110.320357035703566, -6.948244824482442 ], [ 110.321407140714072, -6.946294629462941 ], [ 110.324632463246331, -6.945619561956197 ] ], [ [ 110.321332133213318, -6.945994599459941 ], [ 110.321482148214827, -6.945844584458452 ], [ 110.321557155715581, -6.945994599459939 ], [ 110.321332133213318, -6.945994599459941 ] ], [ [ 110.320957095709574, -6.946969696969687 ], [ 110.321032103210328, -6.946894689468947 ], [ 110.321032103210328, -6.946969696969691 ], [ 110.320957095709574, -6.946969696969687 ] ], [ [ 110.325757575757578, -6.948019801980193 ], [ 110.325832583258332, -6.947944794479455 ], [ 110.325832583258332, -6.948019801980193 ], [ 110.325757575757578, -6.948019801980193 ] ], [ [ 110.325682568256823, -6.948094809480955 ], [ 110.325757575757578, -6.948019801980193 ], [ 110.325757575757578, -6.948094809480947 ], [ 110.325682568256823, -6.948094809480955 ] ], [ [ 110.321632163216321, -6.948394839483946 ], [ 110.321707170717076, -6.94824482448245 ], [ 110.321707170717076, -6.948394839483948 ], [ 110.321632163216321, -6.948394839483946 ] ], [ [ 110.321557155715581, -6.948469846984695 ], [ 110.321632163216321, -6.948394839483946 ], [ 110.321632163216321, -6.948469846984699 ], [ 110.321557155715581, -6.948469846984695 ] ], [ [ 110.320582058205815, -6.950420042004199 ], [ 110.32065706570657, -6.950345034503457 ], [ 110.32065706570657, -6.950420042004198 ], [ 110.320582058205815, -6.950420042004199 ] ], [ [ 110.32043204320432, -6.950570057005693 ], [ 110.320507050705075, -6.950495049504945 ], [ 110.320507050705075, -6.950570057005707 ], [ 110.32043204320432, -6.950570057005693 ] ], [ [ 110.355610561056125, -6.954095409540947 ], [ 110.355760576057605, -6.954020402040205 ], [ 110.355760576057605, -6.95409540954096 ], [ 110.355610561056125, -6.954095409540947 ] ], [ [ 110.35583558355836, -6.954095409540946 ], [ 110.355985598559855, -6.954020402040208 ], [ 110.355985598559855, -6.954095409540948 ], [ 110.35583558355836, -6.954095409540946 ] ], [ [ 110.356585658565876, -6.955445544554448 ], [ 110.356660666066603, -6.955220522052212 ], [ 110.356660666066603, -6.955445544554453 ], [ 110.356585658565876, -6.955445544554448 ] ], [ [ 110.356960696069606, -6.955295529552953 ], [ 110.357035703570361, -6.955220522052198 ], [ 110.357035703570361, -6.95529552955296 ], [ 110.356960696069606, -6.955295529552953 ] ], [ [ 110.35283528352835, -6.957170717071707 ], [ 110.352910291029104, -6.957095709570963 ], [ 110.352910291029104, -6.95717071707171 ], [ 110.35283528352835, -6.957170717071707 ] ] ] } }
]
}
