{
"type": "FeatureCollection",
"name": "atrisk_2044",
"crs": { "type": "name", "properties": { "name": "urn:ogc:def:crs:OGC:1.3:CRS84" } },
"features": [
{ "type": "Feature", "properties": { "year": 2044, "layer": "atrisk" }, "geometry": { "type": "Polygon", "coordinates": [ [ [ 110.576882688268824, -6.75 ], [ 110.572757275727568, -6.750600060005993 ], [ 110.576882688268824, -6.750075007500751 ], [ 110.576882688268824, -6.75 ] ] ] } },
{ "type": "Feature", "properties": { "year": 2044, "layer": "atrisk" }, "geometry": { "type": "Polygon", "coordinates": [ [ [ 110.539978997899794, -6.750825082508252 ], [ 110.539078907890783, -6.750600060005994 ], [ 110.540279027902784, -6.751575157515758 ], [ 110.539978997899794, -6.750825082508252 ] ] ] } },
{ "type": "Feature", "properties": { "year": 2044, "layer": "atrisk" }, "geometry": { "type": "Polygon", "coordinates": [ [ [ 110.583858385838596, -6.750900090009003 ], [ 110.58288328832883, -6.751050105010504 ], [ 110.582733273327335, -6.752025202520253 ], [ 110.583258325832588, -6.752025202520247 ], [ 110.583858385838596, -6.750900090009003 ] ] ] } },
{ "type": "Feature", "properties": { "year": 2044, "layer": "atrisk" }, "geometry": { "type": "Polygon", "coordinates": [ [ [ 110.563981398139816, -6.75 ], [ 110.567131713171321, -6.752325232523245 ], [ 110.571707170717076, -6.750225022502258 ], [ 110.571707170717076, -6.75 ], [ 110.563981398139816, -6.75 ] ] ] } },
{ "type": "Feature", "properties": { "year": 2044, "layer": "atrisk" }, "geometry": { "type": "Polygon", "coordinates": [ [ [ 110.584458445844589, -6.752100210020992 ], [ 110.583633363336332, -6.752850285028502 ], [ 110.583408340834083, -6.753750375037506 ], [ 110.58453345334533, -6.753525352535251 ], [ 110.584458445844589, -6.752100210020992 ] ] ] } },
{ "type": "Feature", "properties": { "year": 2044, "layer": "atrisk" }, "geometry": { "type": "Polygon", "coordinates": [ [ [ 110.580483048304828, -6.752625262526246 ], [ 110.57815781578158, -6.75292529252925 ], [ 110.577782778277822, -6.753825382538252 ], [ 110.581008100810081, -6.753900390038996 ], [ 110.580483048304828, -6.752625262526246 ] ] ] } },
{ "type": "Feature", "properties": { "year": 2044, "layer": "atrisk" }, "geometry": { "type": "Polygon", "coordinates": [ [ [ 110.571707170717076, -6.753300330032997 ], [ 110.570807080708065, -6.754200420042011 ], [ 110.571782178217816, -6.754050405040507 ], [ 110.571707170717076, -6.753300330032997 ] ] ] } },
{ "type": "Feature", "properties": { "year": 2044, "layer": "atrisk" }, "geometry": { "type": "Polygon", "coordinates": [ [ [ 110.583258325832588, -6.752625262526252 ], [ 110.582058205820587, -6.752400240023996 ], [ 110.582358235823577, -6.754275427542747 ], [ 110.583258325832588, -6.752625262526252 ] ] ] } },
{ "type": "Feature", "properties": { "year": 2044, "layer": "atrisk" }, "geometry": { "type": "Polygon", "coordinates": [ [ [ 110.568781878187821, -6.753300330033001 ], [ 110.568406840684062, -6.754425442544254 ], [ 110.569531953195323, -6.75465046504651 ], [ 110.569681968196818, -6.753975397539754 ], [ 110.568781878187821, -6.753300330033001 ] ] ] } },
{ "type": "Feature", "properties": { "year": 2044, "layer": "atrisk" }, "geometry": { "type": "Polygon", "coordinates": [ [ [ 110.541104110411041, -6.75 ], [ 110.545829582958291, -6.75592559255925 ], [ 110.547479747974791, -6.755700570057004 ], [ 110.543429342934289, -6.75 ], [ 110.541104110411041, -6.75 ] ] ] } },
{ "type": "Feature", "properties": { "year": 2044, "layer": "atrisk" }, "geometry": { "type": "Polygon", "coordinates": [ [ [ 110.549279927992799, -6.755775577557748 ], [ 110.548829882988301, -6.75652565256525 ], [ 110.549429942994294, -6.756675667566756 ], [ 110.549279927992799, -6.755775577557748 ] ] ] } },
{ "type": "Feature", "properties": { "year": 2044, "layer": "atrisk" }, "geometry": { "type": "Polygon", "coordinates": [ [ [ 110.571407140714072, -6.756525652565255 ], [ 110.569906990699067, -6.757425742574256 ], [ 110.570057005700576, -6.758775877587755 ], [ 110.571407140714072, -6.757725772577253 ], [ 110.571407140714072, -6.756525652565255 ] ] ] } },
{ "type": "Feature", "properties": { "year": 2044, "layer": "atrisk" }, "geometry": { "type": "Polygon", "coordinates": [ [ [ 110.547329732973296, -6.759000900090014 ], [ 110.546354635463544, -6.759825982598256 ], [ 110.546654665466548, -6.760126012601257 ], [ 110.547329732973296, -6.759000900090014 ] ] ] } },
{ "type": "Feature", "properties": { "year": 2044, "layer": "atrisk" }, "geometry": { "type": "Polygon", "coordinates": [ [ [ 110.577407740774078, -6.759675967596759 ], [ 110.577857785778576, -6.761251125112519 ], [ 110.578457845784584, -6.761401140114007 ], [ 110.578607860786079, -6.759900990099002 ], [ 110.577407740774078, -6.759675967596759 ] ] ] } },
{ "type": "Feature", "properties": { "year": 2044, "layer": "atrisk" }, "geometry": { "type": "Polygon", "coordinates": [ [ [ 110.566681668166822, -6.759225922592264 ], [ 110.565631563156316, -6.759975997599761 ], [ 110.566231623162309, -6.761626162616259 ], [ 110.567206720672061, -6.760426042604259 ], [ 110.566681668166822, -6.759225922592264 ] ] ] } },
{ "type": "Feature", "properties": { "year": 2044, "layer": "atrisk" }, "geometry": { "type": "Polygon", "coordinates": [ [ [ 110.555955595559553, -6.761101110111017 ], [ 110.554830483048306, -6.762376237623768 ], [ 110.555655565556549, -6.762526252625259 ], [ 110.555955595559553, -6.761101110111017 ] ] ] } },
{ "type": "Feature", "properties": { "year": 2044, "layer": "atrisk" }, "geometry": { "type": "Polygon", "coordinates": [ [ [ 110.58423342334234, -6.754275427542751 ], [ 110.583408340834083, -6.754350435043498 ], [ 110.582958295829584, -6.75787578757876 ], [ 110.581983198319833, -6.757725772577256 ], [ 110.582508250825086, -6.759000900090015 ], [ 110.581608160816089, -6.757575757575766 ], [ 110.57515751575157, -6.757200720072009 ], [ 110.574782478247826, -6.755550555055503 ], [ 110.572907290729077, -6.755850585058509 ], [ 110.572157215721575, -6.756525652565251 ], [ 110.572907290729077, -6.757275727572764 ], [ 110.57373237323732, -6.756075607560754 ], [ 110.57515751575157, -6.757500750075008 ], [ 110.574107410741078, -6.759975997599752 ], [ 110.577632763276327, -6.759075907590758 ], [ 110.582283228322837, -6.760426042604268 ], [ 110.583783378337827, -6.761551155115518 ], [ 110.583183318331834, -6.763426342634266 ], [ 110.583633363336332, -6.763726372637266 ], [ 110.58423342334234, -6.763201320132019 ], [ 110.58423342334234, -6.754275427542751 ] ], [ [ 110.583633363336332, -6.754650465046508 ], [ 110.583708370837087, -6.754575457545758 ], [ 110.583708370837087, -6.754650465046502 ], [ 110.583633363336332, -6.754650465046508 ] ] ] } },
{ "type": "Feature", "properties": { "year": 2044, "layer": "atrisk" }, "geometry": { "type": "Polygon", "coordinates": [ [ [ 110.569531953195323, -6.763726372637266 ], [ 110.568931893189315, -6.763126312631268 ], [ 110.566381638163818, -6.763501350135004 ], [ 110.569531953195323, -6.763726372637266 ] ] ] } },
{ "type": "Feature", "properties": { "year": 2044, "layer": "atrisk" }, "geometry": { "type": "Polygon", "coordinates": [ [ [ 110.584083408340831, -6.766426642664273 ], [ 110.583408340834083, -6.766126612661272 ], [ 110.583483348334838, -6.766726672667263 ], [ 110.584083408340831, -6.766426642664273 ] ] ] } },
{ "type": "Feature", "properties": { "year": 2044, "layer": "atrisk" }, "geometry": { "type": "Polygon", "coordinates": [ [ [ 110.460696069606968, -6.93631863186318 ], [ 110.460246024602455, -6.935868586858693 ], [ 110.459495949594952, -6.936393639363937 ], [ 110.460696069606968, -6.93631863186318 ] ] ] } },
{ "type": "Feature", "properties": { "year": 2044, "layer": "atrisk" }, "geometry": { "type": "Polygon", "coordinates": [ [ [ 110.443069306930695, -6.938268826882689 ], [ 110.439468946894692, -6.938943894389444 ], [ 110.443894389438938, -6.938943894389443 ], [ 110.443069306930695, -6.938268826882689 ] ] ] } },
{ "type": "Feature", "properties": { "year": 2044, "layer": "atrisk" }, "geometry": { "type": "Polygon", "coordinates": [ [ [ 110.576357635763571, -6.759825982598251 ], [ 110.572307230723084, -6.761626162616257 ], [ 110.574857485748581, -6.761251125112516 ], [ 110.575532553255329, -6.762751275127518 ], [ 110.572982298229817, -6.763051305130521 ], [ 110.570732073207324, -6.763951395139512 ], [ 110.570582058205815, -6.764251425142512 ], [ 110.575607560756069, -6.764326432643267 ], [ 110.575457545754574, -6.769951995199527 ], [ 110.576882688268824, -6.770702070207025 ], [ 110.576057605760582, -6.769051905190517 ], [ 110.577482748274832, -6.767626762676272 ], [ 110.578082808280826, -6.770552055205527 ], [ 110.575532553255329, -6.771452145214529 ], [ 110.575457545754574, -6.770402040204012 ], [ 110.575232523252325, -6.773477347734771 ], [ 110.572982298229817, -6.77475247524752 ], [ 110.569456945694569, -6.775202520252023 ], [ 110.568331833183322, -6.775952595259531 ], [ 110.56593159315932, -6.784428442844288 ], [ 110.565706570657085, -6.787203720372032 ], [ 110.566981698169812, -6.788178817881795 ], [ 110.565331533153312, -6.78795379537953 ], [ 110.562631263126306, -6.793054305430537 ], [ 110.563081308130833, -6.795154515451542 ], [ 110.563756375637567, -6.795304530453047 ], [ 110.565106510651063, -6.796054605460554 ], [ 110.567281728172816, -6.792679267926785 ], [ 110.565406540654067, -6.796054605460551 ], [ 110.569306930693074, -6.795379537953802 ], [ 110.569681968196818, -6.79822982298229 ], [ 110.567731773177314, -6.797779777977794 ], [ 110.568031803180318, -6.798229822982301 ], [ 110.567656765676574, -6.798379837983806 ], [ 110.567431743174311, -6.797779777977803 ], [ 110.566006600660074, -6.797329732973294 ], [ 110.567956795679564, -6.79732973297329 ], [ 110.567881788178823, -6.797104710471057 ], [ 110.566231623162309, -6.7971797179718 ], [ 110.564131413141311, -6.795604560456042 ], [ 110.563081308130833, -6.795304530453047 ], [ 110.562556255625566, -6.795529552955292 ], [ 110.562556255625566, -6.794929492949303 ], [ 110.559555955595556, -6.798154815481547 ], [ 110.559705970597065, -6.799729972997293 ], [ 110.560231023102304, -6.801830183018302 ], [ 110.561656165616569, -6.801755175517546 ], [ 110.562106210621067, -6.800855085508546 ], [ 110.561881188118818, -6.802130213021305 ], [ 110.563006300630065, -6.802355235523552 ], [ 110.563381338133823, -6.801980198019794 ], [ 110.563981398139816, -6.803555355535556 ], [ 110.564731473147319, -6.802880288028796 ], [ 110.564656465646564, -6.8033303330333 ], [ 110.565031503150323, -6.803705370537063 ], [ 110.565556555655562, -6.803630363036295 ], [ 110.565331533153312, -6.8042304230423 ], [ 110.566606660666068, -6.804755475547546 ], [ 110.566081608160815, -6.804680468046797 ], [ 110.566681668166822, -6.805430543054299 ], [ 110.567356735673584, -6.804530453045301 ], [ 110.567206720672061, -6.804830483048304 ], [ 110.568181818181813, -6.805880588058805 ], [ 110.569831983198327, -6.806930693069298 ], [ 110.569606960696063, -6.807455745574551 ], [ 110.568706870687066, -6.8066306630663 ], [ 110.567881788178823, -6.806330633063302 ], [ 110.567281728172816, -6.806705670567061 ], [ 110.564731473147319, -6.803780378037805 ], [ 110.563831383138307, -6.803630363036311 ], [ 110.563156315631559, -6.803105310531055 ], [ 110.562331233123317, -6.803330333033307 ], [ 110.560231023102304, -6.801980198019796 ], [ 110.560081008100823, -6.803705370537059 ], [ 110.556705670567055, -6.805880588058803 ], [ 110.554230423042299, -6.809030903090314 ], [ 110.557230723072308, -6.811806180618058 ], [ 110.556480648064806, -6.812031203120309 ], [ 110.551755175517556, -6.808280828082801 ], [ 110.551080108010808, -6.808430843084302 ], [ 110.549504950495063, -6.811281128112816 ], [ 110.551230123012303, -6.809705970597054 ], [ 110.552130213021314, -6.809255925592562 ], [ 110.552205220522055, -6.809405940594056 ], [ 110.549204920492045, -6.812931293129317 ], [ 110.549354935493554, -6.818181818181809 ], [ 110.546204620462063, -6.821332133213324 ], [ 110.544029402940296, -6.819906990699073 ], [ 110.542454245424537, -6.820657065706573 ], [ 110.537353735373543, -6.827182718271833 ], [ 110.530303030303031, -6.831983198319834 ], [ 110.532253225322535, -6.834458445844593 ], [ 110.529702970297024, -6.832283228322833 ], [ 110.520327032703264, -6.834683468346832 ], [ 110.521002100210026, -6.837008700870084 ], [ 110.527902790279029, -6.840534053405345 ], [ 110.528127812781278, -6.847509750975099 ], [ 110.521827182718269, -6.848859885988604 ], [ 110.525127512751268, -6.850285028502851 ], [ 110.52602760276028, -6.848259825982591 ], [ 110.528052805280524, -6.847884788478852 ], [ 110.529327932793279, -6.848184818481847 ], [ 110.526477647764779, -6.850660066006601 ], [ 110.521677167716774, -6.851335133513358 ], [ 110.522202220222027, -6.849684968496855 ], [ 110.521077107710781, -6.849684968496851 ], [ 110.519201920192017, -6.855085508550848 ], [ 110.520402040204019, -6.855760576057614 ], [ 110.51852685268527, -6.857110711071104 ], [ 110.518451845184529, -6.855010501050103 ], [ 110.51522652265227, -6.85913591359135 ], [ 110.516126612661267, -6.860636063606353 ], [ 110.515901590159018, -6.859885988598856 ], [ 110.517326732673268, -6.858985898589856 ], [ 110.516501650165011, -6.859660966096617 ], [ 110.516351635163517, -6.860411041104118 ], [ 110.519351935193512, -6.861836183618368 ], [ 110.508700870087011, -6.880063006300624 ], [ 110.478997899789974, -6.918241824182414 ], [ 110.47562256225622, -6.920942094209425 ], [ 110.475847584758469, -6.924392439243932 ], [ 110.470672067206721, -6.925292529252926 ], [ 110.467671767176711, -6.928292829282924 ], [ 110.467521752175216, -6.930393039303931 ], [ 110.46482148214821, -6.929717971797172 ], [ 110.461221122112207, -6.932418241824185 ], [ 110.46009600960096, -6.931818181818182 ], [ 110.459870987098711, -6.933318331833183 ], [ 110.458820882088204, -6.932343234323429 ], [ 110.456870687068701, -6.935343534353427 ], [ 110.452970297029708, -6.936318631863181 ], [ 110.452145214521451, -6.935043504350432 ], [ 110.449369936993705, -6.936918691869188 ], [ 110.448394839483953, -6.935418541854187 ], [ 110.444419441944191, -6.938943894389443 ], [ 110.460996099609957, -6.938943894389444 ], [ 110.461371137113716, -6.937518751875191 ], [ 110.462496249624962, -6.938943894389446 ], [ 110.465946594659485, -6.93894389438944 ], [ 110.464896489648964, -6.937293729372933 ], [ 110.466696669666973, -6.938943894389439 ], [ 110.482073207320738, -6.938493849384936 ], [ 110.490474047404746, -6.935193519351929 ], [ 110.496399639963997, -6.929792979297926 ], [ 110.501050105010506, -6.919141914191428 ], [ 110.50142514251425, -6.896939693969404 ], [ 110.508325832583253, -6.894989498949901 ], [ 110.51357635763577, -6.891764176417639 ], [ 110.520777077707791, -6.881488148814877 ], [ 110.522202220222027, -6.873912391239132 ], [ 110.522202220222027, -6.85523552355235 ], [ 110.530228022802277, -6.852760276027608 ], [ 110.536453645364531, -6.84803480348035 ], [ 110.540804080408037, -6.841584158415835 ], [ 110.540054005400535, -6.840234023402339 ], [ 110.54132913291329, -6.840384038403848 ], [ 110.542754275427541, -6.834383438343829 ], [ 110.547329732973296, -6.833408340834082 ], [ 110.54740474047405, -6.832733273327337 ], [ 110.545679567956796, -6.83205820582058 ], [ 110.545154515451543, -6.83160816081608 ], [ 110.545304530453052, -6.831308130813087 ], [ 110.545529552955301, -6.831758175817583 ], [ 110.54605460546054, -6.83175817581758 ], [ 110.546804680468043, -6.83235823582358 ], [ 110.5476297629763, -6.832508250825087 ], [ 110.547479747974791, -6.833258325832582 ], [ 110.551305130513057, -6.831683168316837 ], [ 110.548679867986792, -6.828157815781583 ], [ 110.550930093009299, -6.829507950795082 ], [ 110.55370537053706, -6.830183018301824 ], [ 110.549579957995803, -6.828232823282323 ], [ 110.554680468046811, -6.829507950795079 ], [ 110.558355835583555, -6.825907590759074 ], [ 110.562706270627075, -6.817506750675068 ], [ 110.561806180618063, -6.815931593159315 ], [ 110.557155715571554, -6.812481248124805 ], [ 110.557005700570059, -6.811956195619566 ], [ 110.563156315631559, -6.816006600660062 ], [ 110.563531353135318, -6.81345634563457 ], [ 110.570657065706584, -6.811506150615057 ], [ 110.571482148214827, -6.810756075607556 ], [ 110.571632163216336, -6.810981098109804 ], [ 110.571782178217816, -6.810981098109805 ], [ 110.575907590759073, -6.808280828082799 ], [ 110.582358235823577, -6.799879987998802 ], [ 110.583858385838596, -6.795454545454543 ], [ 110.584458445844589, -6.791779177917794 ], [ 110.582058205820587, -6.790279027902787 ], [ 110.581533153315334, -6.793654365436537 ], [ 110.581533153315334, -6.789903990399039 ], [ 110.578832883288328, -6.788628862886285 ], [ 110.582358235823577, -6.789678967896789 ], [ 110.584458445844589, -6.791479147914792 ], [ 110.584683468346839, -6.771152115211522 ], [ 110.581908190819078, -6.770627062706267 ], [ 110.583033303330339, -6.766501650165009 ], [ 110.581908190819078, -6.767326732673271 ], [ 110.582133213321328, -6.764476447644761 ], [ 110.57980798079808, -6.763951395139505 ], [ 110.583858385838596, -6.764851485148519 ], [ 110.58423342334234, -6.764101410141012 ], [ 110.581008100810081, -6.762526252625267 ], [ 110.576132613261322, -6.762901290129007 ], [ 110.576357635763571, -6.759825982598251 ] ], [ [ 110.576957695769579, -6.764851485148512 ], [ 110.577782778277822, -6.765001500150023 ], [ 110.577032703270334, -6.765826582658264 ], [ 110.576957695769579, -6.764851485148512 ] ], [ [ 110.570357035703566, -6.775277527752782 ], [ 110.570582058205815, -6.775127512751276 ], [ 110.570582058205815, -6.775277527752783 ], [ 110.570357035703566, -6.775277527752782 ] ], [ [ 110.571107110711068, -6.775277527752773 ], [ 110.571182118211823, -6.775202520252019 ], [ 110.571182118211823, -6.775277527752769 ], [ 110.571107110711068, -6.775277527752773 ] ], [ [ 110.569756975697572, -6.775877587758781 ], [ 110.570132013201317, -6.775577557755772 ], [ 110.570132013201317, -6.77580258025802 ], [ 110.569756975697572, -6.775877587758781 ] ], [ [ 110.569606960696063, -6.775727572757273 ], [ 110.569681968196818, -6.775577557755778 ], [ 110.569681968196818, -6.775727572757273 ], [ 110.569606960696063, -6.775727572757273 ] ], [ [ 110.568931893189315, -6.776027602760282 ], [ 110.569081908190824, -6.775652565256532 ], [ 110.569006900690084, -6.776027602760269 ], [ 110.568931893189315, -6.776027602760282 ] ], [ [ 110.569231923192319, -6.775877587758786 ], [ 110.569381938193814, -6.77617761776177 ], [ 110.569231923192319, -6.776177617761784 ], [ 110.569231923192319, -6.775877587758786 ] ], [ [ 110.568706870687066, -6.775877587758782 ], [ 110.568781878187821, -6.775802580258024 ], [ 110.568781878187821, -6.775877587758775 ], [ 110.568706870687066, -6.775877587758782 ] ], [ [ 110.568631863186312, -6.776252625262527 ], [ 110.568781878187821, -6.776402640264031 ], [ 110.568631863186312, -6.776552655265528 ], [ 110.568631863186312, -6.776252625262527 ] ], [ [ 110.569756975697572, -6.776252625262519 ], [ 110.569831983198327, -6.776102610261017 ], [ 110.569831983198327, -6.776252625262519 ], [ 110.569756975697572, -6.776252625262519 ] ], [ [ 110.570657065706584, -6.776552655265534 ], [ 110.571032103210328, -6.776252625262534 ], [ 110.570882088208819, -6.77662766276628 ], [ 110.570657065706584, -6.776552655265534 ] ], [ [ 110.578457845784584, -6.776177617761778 ], [ 110.583333333333329, -6.778202820282023 ], [ 110.584458445844589, -6.780078007800785 ], [ 110.580933093309326, -6.779402940294033 ], [ 110.578457845784584, -6.776177617761778 ] ], [ [ 110.568931893189315, -6.776327632763272 ], [ 110.569081908190824, -6.776477647764779 ], [ 110.568931893189315, -6.776627662766278 ], [ 110.568931893189315, -6.776327632763272 ] ], [ [ 110.570357035703566, -6.776402640264034 ], [ 110.570507050705075, -6.776477647764779 ], [ 110.570357035703566, -6.776552655265521 ], [ 110.570357035703566, -6.776402640264034 ] ], [ [ 110.569156915691565, -6.776702670267026 ], [ 110.569231923192319, -6.776402640264023 ], [ 110.569231923192319, -6.776702670267025 ], [ 110.569156915691565, -6.776702670267026 ] ], [ [ 110.569681968196818, -6.776477647764777 ], [ 110.569756975697572, -6.776402640264036 ], [ 110.569756975697572, -6.776477647764777 ], [ 110.569681968196818, -6.776477647764777 ] ], [ [ 110.570357035703566, -6.776777677767772 ], [ 110.570507050705075, -6.776927692769283 ], [ 110.570282028202826, -6.777077707770784 ], [ 110.570357035703566, -6.776777677767772 ] ], [ [ 110.570207020702071, -6.776927692769282 ], [ 110.570282028202826, -6.776777677767767 ], [ 110.570282028202826, -6.776927692769271 ], [ 110.570207020702071, -6.776927692769282 ] ], [ [ 110.570582058205815, -6.776927692769271 ], [ 110.570657065706584, -6.776777677767784 ], [ 110.570657065706584, -6.776927692769282 ], [ 110.570582058205815, -6.776927692769271 ] ], [ [ 110.570132013201317, -6.777077707770777 ], [ 110.570207020702071, -6.776927692769282 ], [ 110.570207020702071, -6.777077707770785 ], [ 110.570132013201317, -6.777077707770777 ] ], [ [ 110.570507050705075, -6.777152715271534 ], [ 110.570582058205815, -6.777077707770784 ], [ 110.570582058205815, -6.777152715271525 ], [ 110.570507050705075, -6.777152715271534 ] ], [ [ 110.569981998199836, -6.777602760276022 ], [ 110.570357035703566, -6.777377737773786 ], [ 110.570207020702071, -6.777752775277525 ], [ 110.569981998199836, -6.777602760276022 ] ], [ [ 110.570657065706584, -6.77752775277528 ], [ 110.570882088208819, -6.777452745274535 ], [ 110.570807080708065, -6.777602760276035 ], [ 110.570657065706584, -6.77752775277528 ] ], [ [ 110.57043204320432, -6.777602760276035 ], [ 110.570582058205815, -6.777752775277532 ], [ 110.57043204320432, -6.777827782778275 ], [ 110.57043204320432, -6.777602760276035 ] ], [ [ 110.568931893189315, -6.777827782778282 ], [ 110.569006900690084, -6.777752775277528 ], [ 110.569006900690084, -6.777827782778283 ], [ 110.568931893189315, -6.777827782778282 ] ], [ [ 110.569081908190824, -6.777902790279034 ], [ 110.569231923192319, -6.77805280528053 ], [ 110.569081908190824, -6.778202820282033 ], [ 110.569081908190824, -6.777902790279034 ] ], [ [ 110.569606960696063, -6.777902790279024 ], [ 110.569681968196818, -6.777827782778273 ], [ 110.569681968196818, -6.777902790279032 ], [ 110.569606960696063, -6.777902790279024 ] ], [ [ 110.570357035703566, -6.777977797779783 ], [ 110.57043204320432, -6.777827782778275 ], [ 110.57043204320432, -6.777977797779783 ], [ 110.570357035703566, -6.777977797779783 ] ], [ [ 110.569231923192319, -6.778277827782786 ], [ 110.569681968196818, -6.77797779777978 ], [ 110.569681968196818, -6.778127812781276 ], [ 110.569231923192319, -6.778277827782786 ] ], [ [ 110.569756975697572, -6.778052805280524 ], [ 110.569831983198327, -6.777902790279032 ], [ 110.569831983198327, -6.778052805280522 ], [ 110.569756975697572, -6.778052805280524 ] ], [ [ 110.568781878187821, -6.778052805280527 ], [ 110.568931893189315, -6.777977797779781 ], [ 110.568931893189315, -6.778052805280522 ], [ 110.568781878187821, -6.778052805280527 ] ], [ [ 110.570132013201317, -6.778052805280524 ], [ 110.570207020702071, -6.777977797779784 ], [ 110.570207020702071, -6.778052805280534 ], [ 110.570132013201317, -6.778052805280524 ] ], [ [ 110.569831983198327, -6.778127812781277 ], [ 110.570057005700576, -6.778127812781279 ], [ 110.569831983198327, -6.778352835283526 ], [ 110.569831983198327, -6.778127812781277 ] ], [ [ 110.568781878187821, -6.778352835283531 ], [ 110.568856885688575, -6.778127812781278 ], [ 110.568856885688575, -6.778352835283528 ], [ 110.568781878187821, -6.778352835283531 ] ], [ [ 110.570057005700576, -6.778277827782771 ], [ 110.570132013201317, -6.778127812781281 ], [ 110.570132013201317, -6.778277827782782 ], [ 110.570057005700576, -6.778277827782771 ] ], [ [ 110.570207020702071, -6.778352835283521 ], [ 110.570357035703566, -6.778127812781271 ], [ 110.570282028202826, -6.778352835283526 ], [ 110.570207020702071, -6.778352835283521 ] ], [ [ 110.569006900690084, -6.778427842784274 ], [ 110.569081908190824, -6.778202820282033 ], [ 110.569081908190824, -6.77842784278427 ], [ 110.569006900690084, -6.778427842784274 ] ], [ [ 110.57043204320432, -6.778277827782786 ], [ 110.570582058205815, -6.778202820282024 ], [ 110.570582058205815, -6.778277827782773 ], [ 110.57043204320432, -6.778277827782786 ] ], [ [ 110.570357035703566, -6.778427842784271 ], [ 110.57043204320432, -6.778277827782786 ], [ 110.570507050705075, -6.77842784278428 ], [ 110.570357035703566, -6.778427842784271 ] ], [ [ 110.568331833183322, -6.778952895289534 ], [ 110.568781878187821, -6.778352835283531 ], [ 110.568706870687066, -6.778877887788775 ], [ 110.568331833183322, -6.778952895289534 ] ], [ [ 110.568781878187821, -6.778802880288032 ], [ 110.569006900690084, -6.778652865286536 ], [ 110.568781878187821, -6.779027902790279 ], [ 110.568781878187821, -6.778802880288032 ] ], [ [ 110.568706870687066, -6.780678067806789 ], [ 110.569681968196818, -6.779027902790279 ], [ 110.568556855685571, -6.781353135313529 ], [ 110.568706870687066, -6.780678067806789 ] ], [ [ 110.570357035703566, -6.778652865286538 ], [ 110.57043204320432, -6.778502850285021 ], [ 110.57043204320432, -6.778652865286535 ], [ 110.570357035703566, -6.778652865286538 ] ], [ [ 110.570282028202826, -6.778727872787275 ], [ 110.570357035703566, -6.778652865286538 ], [ 110.570357035703566, -6.778727872787282 ], [ 110.570282028202826, -6.778727872787275 ] ], [ [ 110.569006900690084, -6.778877887788786 ], [ 110.569081908190824, -6.778802880288033 ], [ 110.569081908190824, -6.778877887788772 ], [ 110.569006900690084, -6.778877887788786 ] ], [ [ 110.568706870687066, -6.779102910291027 ], [ 110.568781878187821, -6.779027902790279 ], [ 110.568781878187821, -6.779102910291023 ], [ 110.568706870687066, -6.779102910291027 ] ], [ [ 110.568931893189315, -6.779102910291029 ], [ 110.569006900690084, -6.779027902790282 ], [ 110.569006900690084, -6.779102910291021 ], [ 110.568931893189315, -6.779102910291029 ] ], [ [ 110.569981998199836, -6.779402940294032 ], [ 110.570057005700576, -6.779252925292536 ], [ 110.570057005700576, -6.779402940294022 ], [ 110.569981998199836, -6.779402940294032 ] ], [ [ 110.569906990699067, -6.779552955295537 ], [ 110.569981998199836, -6.779402940294032 ], [ 110.569981998199836, -6.779552955295533 ], [ 110.569906990699067, -6.779552955295537 ] ], [ [ 110.569831983198327, -6.779702970297029 ], [ 110.569906990699067, -6.779627962796274 ], [ 110.569906990699067, -6.779702970297032 ], [ 110.569831983198327, -6.779702970297029 ] ], [ [ 110.569756975697572, -6.779852985298526 ], [ 110.569831983198327, -6.779777977797782 ], [ 110.569831983198327, -6.779852985298522 ], [ 110.569756975697572, -6.779852985298526 ] ], [ [ 110.569531953195323, -6.780378037803776 ], [ 110.569606960696063, -6.780228022802284 ], [ 110.569606960696063, -6.780378037803778 ], [ 110.569531953195323, -6.780378037803776 ] ], [ [ 110.568931893189315, -6.780903090309026 ], [ 110.569456945694569, -6.780903090309032 ], [ 110.568931893189315, -6.781503150315027 ], [ 110.568931893189315, -6.780903090309026 ] ], [ [ 110.568481848184817, -6.781503150315038 ], [ 110.568556855685571, -6.781353135313529 ], [ 110.568556855685571, -6.78150315031503 ], [ 110.568481848184817, -6.781503150315038 ] ], [ [ 110.568031803180318, -6.78180318031803 ], [ 110.568481848184817, -6.781503150315038 ], [ 110.568631863186312, -6.782028202820287 ], [ 110.568031803180318, -6.78180318031803 ] ], [ [ 110.567956795679564, -6.781728172817276 ], [ 110.568031803180318, -6.781653165316526 ], [ 110.568031803180318, -6.781728172817283 ], [ 110.567956795679564, -6.781728172817276 ] ], [ [ 110.568631863186312, -6.781728172817282 ], [ 110.568706870687066, -6.781653165316536 ], [ 110.568706870687066, -6.781728172817289 ], [ 110.568631863186312, -6.781728172817282 ] ], [ [ 110.574857485748581, -6.781728172817287 ], [ 110.575007500750075, -6.781653165316526 ], [ 110.575007500750075, -6.781728172817282 ], [ 110.574857485748581, -6.781728172817287 ] ], [ [ 110.57515751575157, -6.781878187818789 ], [ 110.575232523252325, -6.78180318031804 ], [ 110.575232523252325, -6.781878187818787 ], [ 110.57515751575157, -6.781878187818789 ] ], [ [ 110.568031803180318, -6.782103210321027 ], [ 110.568256825682568, -6.782028202820287 ], [ 110.568256825682568, -6.782178217821783 ], [ 110.568031803180318, -6.782103210321027 ] ], [ [ 110.568631863186312, -6.782028202820287 ], [ 110.572157215721575, -6.783378337833779 ], [ 110.573357335733576, -6.785028502850292 ], [ 110.572382238223824, -6.783903390339034 ], [ 110.568631863186312, -6.782028202820287 ] ], [ [ 110.574332433243328, -6.782853285328528 ], [ 110.575007500750075, -6.782403240324031 ], [ 110.574032403240324, -6.783453345334527 ], [ 110.574332433243328, -6.782853285328528 ] ], [ [ 110.574557455745577, -6.782178217821781 ], [ 110.574632463246346, -6.782103210321027 ], [ 110.574632463246346, -6.782178217821788 ], [ 110.574557455745577, -6.782178217821781 ] ], [ [ 110.568331833183322, -6.782253225322534 ], [ 110.568406840684062, -6.782178217821789 ], [ 110.568406840684062, -6.782253225322536 ], [ 110.568331833183322, -6.782253225322534 ] ], [ [ 110.568031803180318, -6.782478247824779 ], [ 110.568256825682568, -6.782403240324028 ], [ 110.568031803180318, -6.782628262826281 ], [ 110.568031803180318, -6.782478247824779 ] ], [ [ 110.568631863186312, -6.782403240324028 ], [ 110.568856885688575, -6.782328232823279 ], [ 110.568856885688575, -6.782478247824788 ], [ 110.568631863186312, -6.782403240324028 ] ], [ [ 110.574557455745577, -6.782328232823278 ], [ 110.574632463246346, -6.782253225322539 ], [ 110.574632463246346, -6.78232823282328 ], [ 110.574557455745577, -6.782328232823278 ] ], [ [ 110.574482448244822, -6.782403240324026 ], [ 110.574557455745577, -6.782328232823278 ], [ 110.574557455745577, -6.782403240324035 ], [ 110.574482448244822, -6.782403240324026 ] ], [ [ 110.569006900690084, -6.782553255325533 ], [ 110.569231923192319, -6.782478247824786 ], [ 110.569231923192319, -6.782553255325523 ], [ 110.569006900690084, -6.782553255325533 ] ], [ [ 110.574257425742573, -6.782553255325526 ], [ 110.574482448244822, -6.782553255325529 ], [ 110.574182418241818, -6.782853285328527 ], [ 110.574257425742573, -6.782553255325526 ] ], [ [ 110.569231923192319, -6.782628262826288 ], [ 110.569456945694569, -6.782553255325537 ], [ 110.569456945694569, -6.782628262826277 ], [ 110.569231923192319, -6.782628262826288 ] ], [ [ 110.567956795679564, -6.782778277827778 ], [ 110.568031803180318, -6.782628262826281 ], [ 110.568031803180318, -6.782778277827785 ], [ 110.567956795679564, -6.782778277827778 ] ], [ [ 110.569456945694569, -6.782703270327038 ], [ 110.569606960696063, -6.78262826282628 ], [ 110.569606960696063, -6.782703270327035 ], [ 110.569456945694569, -6.782703270327038 ] ], [ [ 110.570807080708065, -6.782853285328523 ], [ 110.570882088208819, -6.782778277827788 ], [ 110.570882088208819, -6.782853285328526 ], [ 110.570807080708065, -6.782853285328523 ] ], [ [ 110.574107410741078, -6.782928292829284 ], [ 110.574182418241818, -6.782853285328527 ], [ 110.574182418241818, -6.782928292829277 ], [ 110.574107410741078, -6.782928292829284 ] ], [ [ 110.574107410741078, -6.783078307830788 ], [ 110.574182418241818, -6.783003300330033 ], [ 110.574182418241818, -6.783078307830779 ], [ 110.574107410741078, -6.783078307830788 ] ], [ [ 110.567956795679564, -6.78345334533453 ], [ 110.568556855685571, -6.783228322832279 ], [ 110.568556855685571, -6.783378337833788 ], [ 110.567956795679564, -6.78345334533453 ] ], [ [ 110.573882388238829, -6.783153315331529 ], [ 110.573957395739569, -6.783078307830787 ], [ 110.573957395739569, -6.783153315331534 ], [ 110.573882388238829, -6.783153315331529 ] ], [ [ 110.574032403240324, -6.783153315331535 ], [ 110.574107410741078, -6.783078307830788 ], [ 110.574107410741078, -6.783153315331534 ], [ 110.574032403240324, -6.783153315331535 ] ], [ [ 110.567731773177314, -6.783228322832283 ], [ 110.567806780678069, -6.783153315331524 ], [ 110.567806780678069, -6.783228322832282 ], [ 110.567731773177314, -6.783228322832283 ] ], [ [ 110.567656765676574, -6.783378337833778 ], [ 110.567731773177314, -6.783228322832283 ], [ 110.567731773177314, -6.78337833783378 ], [ 110.567656765676574, -6.783378337833778 ] ], [ [ 110.573807380738074, -6.783528352835281 ], [ 110.573882388238829, -6.783453345334534 ], [ 110.573882388238829, -6.783528352835289 ], [ 110.573807380738074, -6.783528352835281 ] ], [ [ 110.573957395739569, -6.783528352835276 ], [ 110.574032403240324, -6.783453345334527 ], [ 110.574032403240324, -6.783528352835279 ], [ 110.573957395739569, -6.783528352835276 ] ], [ [ 110.573882388238829, -6.783678367836777 ], [ 110.573957395739569, -6.783528352835276 ], [ 110.573957395739569, -6.783678367836781 ], [ 110.573882388238829, -6.783678367836777 ] ], [ [ 110.57365736573658, -6.783753375337536 ], [ 110.57373237323732, -6.783678367836781 ], [ 110.57373237323732, -6.783753375337538 ], [ 110.57365736573658, -6.783753375337536 ] ], [ [ 110.573582358235825, -6.784053405340537 ], [ 110.573882388238829, -6.784053405340539 ], [ 110.57365736573658, -6.784203420342035 ], [ 110.573582358235825, -6.784053405340537 ] ], [ [ 110.573582358235825, -6.78390339033903 ], [ 110.57365736573658, -6.783828382838291 ], [ 110.57365736573658, -6.783903390339034 ], [ 110.573582358235825, -6.78390339033903 ] ], [ [ 110.573357335733576, -6.784053405340526 ], [ 110.57343234323433, -6.783978397839789 ], [ 110.57343234323433, -6.78405340534054 ], [ 110.573357335733576, -6.784053405340526 ] ], [ [ 110.57343234323433, -6.784128412841278 ], [ 110.573507350735071, -6.784053405340533 ], [ 110.573507350735071, -6.784128412841279 ], [ 110.57343234323433, -6.784128412841278 ] ], [ [ 110.573282328232835, -6.784278427842778 ], [ 110.573357335733576, -6.784128412841291 ], [ 110.57343234323433, -6.784278427842789 ], [ 110.573282328232835, -6.784278427842778 ] ], [ [ 110.573507350735071, -6.784203420342031 ], [ 110.573582358235825, -6.78412841284129 ], [ 110.573582358235825, -6.784203420342034 ], [ 110.573507350735071, -6.784203420342031 ] ], [ [ 110.572457245724578, -6.78442844284428 ], [ 110.572532253225319, -6.784353435343527 ], [ 110.572532253225319, -6.784428442844288 ], [ 110.572457245724578, -6.78442844284428 ] ], [ [ 110.566681668166822, -6.785103510351028 ], [ 110.566756675667563, -6.784878487848779 ], [ 110.566906690669072, -6.785028502850285 ], [ 110.566681668166822, -6.785103510351028 ] ], [ [ 110.56758175817582, -6.785178517851791 ], [ 110.567731773177314, -6.78495349534954 ], [ 110.567656765676574, -6.785178517851779 ], [ 110.56758175817582, -6.785178517851791 ] ], [ [ 110.583333333333329, -6.787203720372041 ], [ 110.584383438343835, -6.786828682868282 ], [ 110.583783378337827, -6.787878787878791 ], [ 110.583333333333329, -6.787203720372041 ] ], [ [ 110.569681968196818, -6.787203720372032 ], [ 110.569906990699067, -6.787128712871286 ], [ 110.569681968196818, -6.787353735373531 ], [ 110.569681968196818, -6.787203720372032 ] ], [ [ 110.570207020702071, -6.787053705370536 ], [ 110.570357035703566, -6.788028802880289 ], [ 110.570057005700576, -6.788403840384047 ], [ 110.569606960696063, -6.788028802880285 ], [ 110.570207020702071, -6.787053705370536 ] ], [ [ 110.569981998199836, -6.787203720372033 ], [ 110.570057005700576, -6.78712871287128 ], [ 110.570057005700576, -6.787203720372031 ], [ 110.569981998199836, -6.787203720372033 ] ], [ [ 110.575607560756069, -6.787578757875791 ], [ 110.576132613261322, -6.787728772877294 ], [ 110.57538253825382, -6.788178817881779 ], [ 110.575607560756069, -6.787578757875791 ] ], [ [ 110.569906990699067, -6.787278727872788 ], [ 110.569981998199836, -6.787203720372033 ], [ 110.569981998199836, -6.787278727872792 ], [ 110.569906990699067, -6.787278727872788 ] ], [ [ 110.569831983198327, -6.787428742874289 ], [ 110.569906990699067, -6.787278727872788 ], [ 110.569906990699067, -6.787428742874281 ], [ 110.569831983198327, -6.787428742874289 ] ], [ [ 110.569606960696063, -6.787428742874295 ], [ 110.569681968196818, -6.787353735373531 ], [ 110.569681968196818, -6.787428742874281 ], [ 110.569606960696063, -6.787428742874295 ] ], [ [ 110.569456945694569, -6.788778877887797 ], [ 110.569756975697572, -6.788328832883295 ], [ 110.569606960696063, -6.78877887788779 ], [ 110.569456945694569, -6.788778877887797 ] ], [ [ 110.575232523252325, -6.788403840384045 ], [ 110.575307530753079, -6.788328832883282 ], [ 110.575307530753079, -6.788403840384032 ], [ 110.575232523252325, -6.788403840384045 ] ], [ [ 110.569906990699067, -6.788853885388534 ], [ 110.570732073207324, -6.78862886288629 ], [ 110.570882088208819, -6.789078907890784 ], [ 110.569906990699067, -6.788853885388534 ] ], [ [ 110.57515751575157, -6.788553855385545 ], [ 110.575307530753079, -6.788478847884789 ], [ 110.575307530753079, -6.788553855385532 ], [ 110.57515751575157, -6.788553855385545 ] ], [ [ 110.574857485748581, -6.788703870387033 ], [ 110.574932493249335, -6.788628862886283 ], [ 110.574932493249335, -6.788703870387046 ], [ 110.574857485748581, -6.788703870387033 ] ], [ [ 110.57508250825083, -6.788703870387038 ], [ 110.575232523252325, -6.788628862886281 ], [ 110.575232523252325, -6.788703870387032 ], [ 110.57508250825083, -6.788703870387038 ] ], [ [ 110.565181518151817, -6.788853885388546 ], [ 110.565256525652572, -6.788778877887793 ], [ 110.565256525652572, -6.788853885388528 ], [ 110.565181518151817, -6.788853885388546 ] ], [ [ 110.569606960696063, -6.788853885388532 ], [ 110.569756975697572, -6.788778877887787 ], [ 110.569756975697572, -6.788853885388541 ], [ 110.569606960696063, -6.788853885388532 ] ], [ [ 110.575007500750075, -6.789003900390032 ], [ 110.57515751575157, -6.788778877887785 ], [ 110.57508250825083, -6.789003900390042 ], [ 110.575007500750075, -6.789003900390032 ] ], [ [ 110.571032103210328, -6.788853885388531 ], [ 110.575232523252325, -6.789978997899786 ], [ 110.575757575757578, -6.79042904290429 ], [ 110.576282628262845, -6.7922292229223 ], [ 110.578982898289823, -6.792754275427543 ], [ 110.57680768076807, -6.792979297929794 ], [ 110.576132613261322, -6.79245424542455 ], [ 110.575532553255329, -6.790804080408039 ], [ 110.571032103210328, -6.788853885388531 ] ], [ [ 110.565856585658565, -6.791854185418547 ], [ 110.567806780678069, -6.78952895289529 ], [ 110.567056705670566, -6.790879087908795 ], [ 110.565856585658565, -6.791854185418547 ] ], [ [ 110.570282028202826, -6.790054005400544 ], [ 110.570957095709574, -6.789378937893797 ], [ 110.571632163216336, -6.789753975397534 ], [ 110.570282028202826, -6.790054005400544 ] ], [ [ 110.569531953195323, -6.789753975397541 ], [ 110.569756975697572, -6.789753975397547 ], [ 110.569531953195323, -6.789828982898293 ], [ 110.569531953195323, -6.789753975397541 ] ], [ [ 110.571707170717076, -6.789678967896789 ], [ 110.575232523252325, -6.790879087908784 ], [ 110.575757575757578, -6.792304230423039 ], [ 110.575457545754574, -6.792454245424539 ], [ 110.574107410741078, -6.791179117911789 ], [ 110.571707170717076, -6.789678967896789 ] ], [ [ 110.56458145814581, -6.791104110411046 ], [ 110.564731473147319, -6.79102910291029 ], [ 110.564731473147319, -6.791104110411044 ], [ 110.56458145814581, -6.791104110411046 ] ], [ [ 110.565031503150323, -6.791254125412535 ], [ 110.565106510651063, -6.791179117911793 ], [ 110.565106510651063, -6.791254125412532 ], [ 110.565031503150323, -6.791254125412535 ] ], [ [ 110.564956495649568, -6.791329132913291 ], [ 110.565031503150323, -6.791254125412535 ], [ 110.565031503150323, -6.791329132913294 ], [ 110.564956495649568, -6.791329132913291 ] ], [ [ 110.565406540654067, -6.791329132913297 ], [ 110.565481548154821, -6.791254125412533 ], [ 110.565481548154821, -6.791329132913285 ], [ 110.565406540654067, -6.791329132913297 ] ], [ [ 110.565631563156316, -6.791404140414047 ], [ 110.565706570657085, -6.791329132913291 ], [ 110.565706570657085, -6.791404140414043 ], [ 110.565631563156316, -6.791404140414047 ] ], [ [ 110.565331533153312, -6.791479147914794 ], [ 110.565406540654067, -6.791404140414032 ], [ 110.565406540654067, -6.79147914791479 ], [ 110.565331533153312, -6.791479147914794 ] ], [ [ 110.565556555655562, -6.791554155415544 ], [ 110.565631563156316, -6.791404140414047 ], [ 110.565631563156316, -6.791554155415546 ], [ 110.565556555655562, -6.791554155415544 ] ], [ [ 110.564056405640585, -6.791554155415537 ], [ 110.564131413141311, -6.791479147914795 ], [ 110.564131413141311, -6.791554155415533 ], [ 110.564056405640585, -6.791554155415537 ] ], [ [ 110.563981398139816, -6.791704170417045 ], [ 110.564056405640585, -6.791554155415537 ], [ 110.564056405640585, -6.791704170417038 ], [ 110.563981398139816, -6.791704170417045 ] ], [ [ 110.565631563156316, -6.791629162916297 ], [ 110.565706570657085, -6.791554155415533 ], [ 110.565706570657085, -6.791629162916287 ], [ 110.565631563156316, -6.791629162916297 ] ], [ [ 110.574482448244822, -6.791704170417037 ], [ 110.574557455745577, -6.791629162916285 ], [ 110.574557455745577, -6.791704170417043 ], [ 110.574482448244822, -6.791704170417037 ] ], [ [ 110.563831383138307, -6.791779177917789 ], [ 110.563981398139816, -6.791854185418537 ], [ 110.563831383138307, -6.7919291929193 ], [ 110.563831383138307, -6.791779177917789 ] ], [ [ 110.575607560756069, -6.792529252925293 ], [ 110.575757575757578, -6.792454245424548 ], [ 110.575757575757578, -6.792529252925295 ], [ 110.575607560756069, -6.792529252925293 ] ], [ [ 110.566681668166822, -6.793054305430545 ], [ 110.566831683168317, -6.792979297929789 ], [ 110.566831683168317, -6.793054305430542 ], [ 110.566681668166822, -6.793054305430545 ] ], [ [ 110.581758175817583, -6.793579357935802 ], [ 110.581833183318338, -6.79335433543355 ], [ 110.581833183318338, -6.7935793579358 ], [ 110.581758175817583, -6.793579357935802 ] ], [ [ 110.573207320732067, -6.793429342934291 ], [ 110.574257425742573, -6.794629462946292 ], [ 110.573882388238829, -6.795379537953795 ], [ 110.573807380738074, -6.794629462946287 ], [ 110.572232223222329, -6.794929492949292 ], [ 110.573207320732067, -6.793429342934291 ] ], [ [ 110.574407440744068, -6.793804380438035 ], [ 110.574857485748581, -6.79380438043804 ], [ 110.574182418241818, -6.794179417941788 ], [ 110.574407440744068, -6.793804380438035 ] ], [ [ 110.566381638163818, -6.793729372937288 ], [ 110.566456645664573, -6.793654365436549 ], [ 110.566456645664573, -6.793729372937289 ], [ 110.566381638163818, -6.793729372937288 ] ], [ [ 110.566231623162309, -6.79395439543954 ], [ 110.566306630663064, -6.793879387938788 ], [ 110.566306630663064, -6.793954395439539 ], [ 110.566231623162309, -6.79395439543954 ] ], [ [ 110.566156615661569, -6.794104410441046 ], [ 110.566231623162309, -6.79395439543954 ], [ 110.566231623162309, -6.794104410441036 ], [ 110.566156615661569, -6.794104410441046 ] ], [ [ 110.573957395739569, -6.794104410441046 ], [ 110.574032403240324, -6.794029402940293 ], [ 110.574032403240324, -6.794104410441049 ], [ 110.573957395739569, -6.794104410441046 ] ], [ [ 110.574107410741078, -6.794254425442543 ], [ 110.574182418241818, -6.794179417941788 ], [ 110.574182418241818, -6.794254425442552 ], [ 110.574107410741078, -6.794254425442543 ] ], [ [ 110.574482448244822, -6.794254425442544 ], [ 110.574557455745577, -6.794179417941788 ], [ 110.574557455745577, -6.79425442544255 ], [ 110.574482448244822, -6.794254425442544 ] ], [ [ 110.574407440744068, -6.794404440444036 ], [ 110.574482448244822, -6.79432943294329 ], [ 110.574482448244822, -6.79440444044404 ], [ 110.574407440744068, -6.794404440444036 ] ], [ [ 110.574332433243328, -6.794479447944786 ], [ 110.574407440744068, -6.794404440444036 ], [ 110.574407440744068, -6.7944794479448 ], [ 110.574332433243328, -6.794479447944786 ] ], [ [ 110.574482448244822, -6.794929492949292 ], [ 110.574632463246346, -6.794704470447052 ], [ 110.574632463246346, -6.794854485448552 ], [ 110.574482448244822, -6.794929492949292 ] ], [ [ 110.573357335733576, -6.794854485448536 ], [ 110.57343234323433, -6.794779477947793 ], [ 110.57343234323433, -6.794854485448545 ], [ 110.573357335733576, -6.794854485448536 ] ], [ [ 110.57343234323433, -6.794929492949291 ], [ 110.573507350735071, -6.794854485448536 ], [ 110.573507350735071, -6.794929492949289 ], [ 110.57343234323433, -6.794929492949291 ] ], [ [ 110.574632463246346, -6.795004500450039 ], [ 110.574707470747072, -6.794929492949298 ], [ 110.574707470747072, -6.79500450045004 ], [ 110.574632463246346, -6.795004500450039 ] ], [ [ 110.574407440744068, -6.795079507950793 ], [ 110.574482448244822, -6.795004500450052 ], [ 110.574482448244822, -6.795079507950801 ], [ 110.574407440744068, -6.795079507950793 ] ], [ [ 110.563906390639062, -6.795229522952302 ], [ 110.564431443144315, -6.795079507950796 ], [ 110.564506450645069, -6.795304530453041 ], [ 110.563906390639062, -6.795229522952302 ] ], [ [ 110.581983198319833, -6.79507950795079 ], [ 110.582583258325826, -6.795904590459038 ], [ 110.581533153315334, -6.797404740474041 ], [ 110.581533153315334, -6.796354635463543 ], [ 110.581983198319833, -6.79507950795079 ] ], [ [ 110.574107410741078, -6.795379537953798 ], [ 110.574257425742573, -6.795304530453051 ], [ 110.574257425742573, -6.795379537953785 ], [ 110.574107410741078, -6.795379537953798 ] ], [ [ 110.564356435643575, -6.795454545454538 ], [ 110.564431443144315, -6.795379537953796 ], [ 110.564431443144315, -6.795454545454547 ], [ 110.564356435643575, -6.795454545454538 ] ], [ [ 110.573882388238829, -6.795454545454553 ], [ 110.573957395739569, -6.795379537953803 ], [ 110.573957395739569, -6.79545454545455 ], [ 110.573882388238829, -6.795454545454553 ] ], [ [ 110.56285628562857, -6.795829582958293 ], [ 110.563381338133823, -6.795529552955288 ], [ 110.563081308130833, -6.795979597959799 ], [ 110.563006300630065, -6.795829582958302 ], [ 110.56285628562857, -6.795829582958293 ] ], [ [ 110.564506450645069, -6.795529552955295 ], [ 110.56458145814581, -6.795454545454546 ], [ 110.56458145814581, -6.795529552955298 ], [ 110.564506450645069, -6.795529552955295 ] ], [ [ 110.562481248124811, -6.795604560456054 ], [ 110.562556255625566, -6.795529552955292 ], [ 110.562556255625566, -6.795604560456051 ], [ 110.562481248124811, -6.795604560456054 ] ], [ [ 110.562556255625566, -6.795679567956797 ], [ 110.562631263126306, -6.795604560456042 ], [ 110.562631263126306, -6.7956795679568 ], [ 110.562556255625566, -6.795679567956797 ] ], [ [ 110.563681368136812, -6.79582958295829 ], [ 110.563756375637567, -6.795679567956805 ], [ 110.563756375637567, -6.795829582958289 ], [ 110.563681368136812, -6.79582958295829 ] ], [ [ 110.563981398139816, -6.795754575457541 ], [ 110.564206420642066, -6.795829582958295 ], [ 110.564056405640585, -6.796204620462054 ], [ 110.564056405640585, -6.79590459045904 ], [ 110.563906390639062, -6.795979597959802 ], [ 110.563981398139816, -6.795754575457541 ] ], [ [ 110.575457545754574, -6.79590459045904 ], [ 110.575832583258332, -6.795904590459044 ], [ 110.575457545754574, -6.796204620462041 ], [ 110.575457545754574, -6.79590459045904 ] ], [ [ 110.562781278127815, -6.795979597959797 ], [ 110.56285628562857, -6.795829582958293 ], [ 110.56285628562857, -6.795979597959795 ], [ 110.562781278127815, -6.795979597959797 ] ], [ [ 110.569531953195323, -6.79597959795979 ], [ 110.569606960696063, -6.795904590459037 ], [ 110.569606960696063, -6.79597959795979 ], [ 110.569531953195323, -6.79597959795979 ] ], [ [ 110.575232523252325, -6.796729672967304 ], [ 110.576882688268824, -6.796354635463544 ], [ 110.576882688268824, -6.797254725472541 ], [ 110.575232523252325, -6.796729672967304 ] ], [ [ 110.563831383138307, -6.796054605460546 ], [ 110.563906390639062, -6.795979597959802 ], [ 110.563906390639062, -6.796054605460554 ], [ 110.563831383138307, -6.796054605460546 ] ], [ [ 110.576432643264326, -6.796129612961291 ], [ 110.57650765076508, -6.796054605460551 ], [ 110.57650765076508, -6.796129612961288 ], [ 110.576432643264326, -6.796129612961291 ] ], [ [ 110.563756375637567, -6.79627962796279 ], [ 110.563831383138307, -6.796129612961295 ], [ 110.563906390639062, -6.796279627962803 ], [ 110.563756375637567, -6.79627962796279 ] ], [ [ 110.562031203120313, -6.796279627962789 ], [ 110.562331233123317, -6.7965796579658 ], [ 110.562031203120313, -6.796879687968798 ], [ 110.562031203120313, -6.796279627962789 ] ], [ [ 110.562331233123317, -6.796354635463546 ], [ 110.562406240624057, -6.796279627962789 ], [ 110.562406240624057, -6.79635463546355 ], [ 110.562331233123317, -6.796354635463546 ] ], [ [ 110.563306330633068, -6.796354635463552 ], [ 110.563456345634563, -6.796279627962791 ], [ 110.563456345634563, -6.796354635463555 ], [ 110.563306330633068, -6.796354635463552 ] ], [ [ 110.563606360636058, -6.796354635463541 ], [ 110.563681368136812, -6.796279627962797 ], [ 110.563681368136812, -6.796354635463548 ], [ 110.563606360636058, -6.796354635463541 ] ], [ [ 110.564206420642066, -6.796429642964303 ], [ 110.56428142814282, -6.796279627962793 ], [ 110.56428142814282, -6.796429642964288 ], [ 110.564206420642066, -6.796429642964303 ] ], [ [ 110.570657065706584, -6.796954695469548 ], [ 110.572307230723084, -6.796729672967302 ], [ 110.572382238223824, -6.797029702970304 ], [ 110.570657065706584, -6.796954695469548 ] ], [ [ 110.562481248124811, -6.796504650465053 ], [ 110.562556255625566, -6.796429642964304 ], [ 110.562556255625566, -6.796504650465045 ], [ 110.562481248124811, -6.796504650465053 ] ], [ [ 110.563081308130833, -6.796504650465053 ], [ 110.563156315631559, -6.796429642964291 ], [ 110.563156315631559, -6.796504650465048 ], [ 110.563081308130833, -6.796504650465053 ] ], [ [ 110.563306330633068, -6.796504650465045 ], [ 110.563381338133823, -6.796429642964299 ], [ 110.563381338133823, -6.796504650465049 ], [ 110.563306330633068, -6.796504650465045 ] ], [ [ 110.562181218121808, -6.796804680468042 ], [ 110.562481248124811, -6.796729672967296 ], [ 110.562106210621067, -6.797104710471051 ], [ 110.562181218121808, -6.796804680468042 ] ], [ [ 110.563006300630065, -6.7965796579658 ], [ 110.563081308130833, -6.796504650465053 ], [ 110.563081308130833, -6.796579657965793 ], [ 110.563006300630065, -6.7965796579658 ] ], [ [ 110.563231323132314, -6.79657965796579 ], [ 110.563306330633068, -6.796504650465045 ], [ 110.563306330633068, -6.796579657965792 ], [ 110.563231323132314, -6.79657965796579 ] ], [ [ 110.563606360636058, -6.796579657965786 ], [ 110.563681368136812, -6.796504650465049 ], [ 110.563681368136812, -6.7965796579658 ], [ 110.563606360636058, -6.796579657965786 ] ], [ [ 110.565106510651063, -6.796504650465039 ], [ 110.565706570657085, -6.797104710471045 ], [ 110.565556555655562, -6.79717971797179 ], [ 110.565706570657085, -6.797404740474043 ], [ 110.565106510651063, -6.796504650465039 ] ], [ [ 110.579132913291332, -6.796504650465046 ], [ 110.579432943294336, -6.798379837983791 ], [ 110.578532853285324, -6.798229822982302 ], [ 110.577932793279345, -6.798679867986804 ], [ 110.579132913291332, -6.796504650465046 ] ], [ [ 110.563081308130833, -6.796654665466539 ], [ 110.563231323132314, -6.7967296729673 ], [ 110.563081308130833, -6.796804680468044 ], [ 110.563081308130833, -6.796654665466539 ] ], [ [ 110.563531353135318, -6.796654665466543 ], [ 110.563606360636058, -6.796579657965786 ], [ 110.563606360636058, -6.796654665466553 ], [ 110.563531353135318, -6.796654665466543 ] ], [ [ 110.563756375637567, -6.79665466546655 ], [ 110.563831383138307, -6.7965796579658 ], [ 110.563831383138307, -6.796654665466553 ], [ 110.563756375637567, -6.79665466546655 ] ], [ [ 110.564506450645069, -6.79680468046805 ], [ 110.564656465646564, -6.796579657965792 ], [ 110.56458145814581, -6.79680468046805 ], [ 110.564506450645069, -6.79680468046805 ] ], [ [ 110.576957695769579, -6.796729672967301 ], [ 110.577032703270334, -6.796579657965792 ], [ 110.577032703270334, -6.796729672967294 ], [ 110.576957695769579, -6.796729672967301 ] ], [ [ 110.56285628562857, -6.796804680468049 ], [ 110.56293129312931, -6.796729672967294 ], [ 110.56293129312931, -6.79680468046805 ], [ 110.56285628562857, -6.796804680468049 ] ], [ [ 110.562781278127815, -6.796879687968799 ], [ 110.56285628562857, -6.796804680468049 ], [ 110.56285628562857, -6.796879687968802 ], [ 110.562781278127815, -6.796879687968799 ] ], [ [ 110.56428142814282, -6.796879687968793 ], [ 110.564356435643575, -6.796804680468042 ], [ 110.564356435643575, -6.79687968796879 ], [ 110.56428142814282, -6.796879687968793 ] ], [ [ 110.561956195619558, -6.797029702970303 ], [ 110.562031203120313, -6.796879687968798 ], [ 110.562031203120313, -6.7970297029703 ], [ 110.561956195619558, -6.797029702970303 ] ], [ [ 110.561881188118818, -6.79710471047104 ], [ 110.561956195619558, -6.797029702970303 ], [ 110.561956195619558, -6.797104710471042 ], [ 110.561881188118818, -6.79710471047104 ] ], [ [ 110.562031203120313, -6.797179717971789 ], [ 110.562106210621067, -6.797104710471051 ], [ 110.562106210621067, -6.797179717971801 ], [ 110.562031203120313, -6.797179717971789 ] ], [ [ 110.565256525652572, -6.797254725472549 ], [ 110.565331533153312, -6.797104710471044 ], [ 110.565406540654067, -6.797254725472542 ], [ 110.565256525652572, -6.797254725472549 ] ], [ [ 110.561956195619558, -6.797329732973298 ], [ 110.562031203120313, -6.797179717971789 ], [ 110.562031203120313, -6.797329732973304 ], [ 110.561956195619558, -6.797329732973298 ] ], [ [ 110.565706570657085, -6.797254725472549 ], [ 110.565856585658565, -6.797179717971794 ], [ 110.565856585658565, -6.797254725472548 ], [ 110.565706570657085, -6.797254725472549 ] ], [ [ 110.565856585658565, -6.797329732973291 ], [ 110.56593159315932, -6.79725472547255 ], [ 110.56593159315932, -6.797329732973296 ], [ 110.565856585658565, -6.797329732973291 ] ], [ [ 110.565706570657085, -6.797479747974804 ], [ 110.565781578157811, -6.797404740474054 ], [ 110.565781578157811, -6.797479747974802 ], [ 110.565706570657085, -6.797479747974804 ] ], [ [ 110.579507950795076, -6.79860486048604 ], [ 110.580183018301824, -6.797554755475549 ], [ 110.579582958295845, -6.798829882988294 ], [ 110.579507950795076, -6.79860486048604 ] ], [ [ 110.560081008100823, -6.79785478547854 ], [ 110.560381038103813, -6.798154815481546 ], [ 110.560231023102304, -6.798154815481553 ], [ 110.560081008100823, -6.79785478547854 ] ], [ [ 110.566156615661569, -6.797704770477052 ], [ 110.566231623162309, -6.7976297629763 ], [ 110.566231623162309, -6.797704770477052 ], [ 110.566156615661569, -6.797704770477052 ] ], [ [ 110.566831683168317, -6.797779777977794 ], [ 110.566906690669072, -6.797704770477043 ], [ 110.566906690669072, -6.797779777977805 ], [ 110.566831683168317, -6.797779777977794 ] ], [ [ 110.566756675667563, -6.798004800480045 ], [ 110.566906690669072, -6.797854785478541 ], [ 110.566831683168317, -6.798004800480056 ], [ 110.566756675667563, -6.798004800480045 ] ], [ [ 110.573807380738074, -6.798754875487552 ], [ 110.574782478247826, -6.79815481548155 ], [ 110.574707470747072, -6.79905490549054 ], [ 110.573807380738074, -6.798754875487552 ] ], [ [ 110.579957995799575, -6.799054905490551 ], [ 110.580708070807077, -6.798304830483041 ], [ 110.580108010801084, -6.799429942994308 ], [ 110.579957995799575, -6.799054905490551 ] ], [ [ 110.567956795679564, -6.798079807980796 ], [ 110.568031803180318, -6.797929792979306 ], [ 110.568031803180318, -6.798079807980791 ], [ 110.567956795679564, -6.798079807980796 ] ], [ [ 110.566531653165313, -6.798154815481544 ], [ 110.566756675667563, -6.798004800480045 ], [ 110.566681668166822, -6.798229822982302 ], [ 110.566531653165313, -6.798154815481544 ] ], [ [ 110.566831683168317, -6.7982298229823 ], [ 110.566906690669072, -6.798154815481546 ], [ 110.566906690669072, -6.798229822982291 ], [ 110.566831683168317, -6.7982298229823 ] ], [ [ 110.568181818181813, -6.79830483048304 ], [ 110.568256825682568, -6.798229822982294 ], [ 110.568256825682568, -6.798304830483056 ], [ 110.568181818181813, -6.79830483048304 ] ], [ [ 110.568856885688575, -6.798304830483057 ], [ 110.568931893189315, -6.798229822982305 ], [ 110.568931893189315, -6.798304830483057 ], [ 110.568856885688575, -6.798304830483057 ] ], [ [ 110.574857485748581, -6.798379837983804 ], [ 110.574932493249335, -6.798304830483058 ], [ 110.574932493249335, -6.79837983798379 ], [ 110.574857485748581, -6.798379837983804 ] ], [ [ 110.569081908190824, -6.798454845484553 ], [ 110.569156915691565, -6.798379837983794 ], [ 110.569156915691565, -6.798454845484551 ], [ 110.569081908190824, -6.798454845484553 ] ], [ [ 110.569156915691565, -6.798529852985296 ], [ 110.569381938193814, -6.798454845484557 ], [ 110.569381938193814, -6.798529852985296 ], [ 110.569156915691565, -6.798529852985296 ] ], [ [ 110.569456945694569, -6.798529852985297 ], [ 110.569531953195323, -6.79845484548455 ], [ 110.569531953195323, -6.798529852985301 ], [ 110.569456945694569, -6.798529852985297 ] ], [ [ 110.578532853285324, -6.798604860486045 ], [ 110.578607860786079, -6.798454845484547 ], [ 110.578607860786079, -6.798604860486045 ], [ 110.578532853285324, -6.798604860486045 ] ], [ [ 110.568106810681073, -6.798679867986806 ], [ 110.568181818181813, -6.798604860486041 ], [ 110.568181818181813, -6.798679867986796 ], [ 110.568106810681073, -6.798679867986806 ] ], [ [ 110.568181818181813, -6.798754875487557 ], [ 110.568256825682568, -6.798679867986792 ], [ 110.568256825682568, -6.798754875487552 ], [ 110.568181818181813, -6.798754875487557 ] ], [ [ 110.582358235823577, -6.798754875487548 ], [ 110.582433243324331, -6.79867986798679 ], [ 110.582433243324331, -6.798754875487557 ], [ 110.582358235823577, -6.798754875487548 ] ], [ [ 110.568106810681073, -6.798904890489053 ], [ 110.568181818181813, -6.798754875487557 ], [ 110.568181818181813, -6.798904890489042 ], [ 110.568106810681073, -6.798904890489053 ] ], [ [ 110.582283228322837, -6.798829882988297 ], [ 110.582358235823577, -6.798754875487548 ], [ 110.582358235823577, -6.798829882988294 ], [ 110.582283228322837, -6.798829882988297 ] ], [ [ 110.560681068106817, -6.799054905490546 ], [ 110.560831083108312, -6.798904890489054 ], [ 110.560756075607557, -6.799054905490554 ], [ 110.560681068106817, -6.799054905490546 ] ], [ [ 110.582583258325826, -6.798904890489048 ], [ 110.582658265826581, -6.798829882988302 ], [ 110.582658265826581, -6.798904890489042 ], [ 110.582583258325826, -6.798904890489048 ] ], [ [ 110.560906090609066, -6.799054905490548 ], [ 110.561056105610575, -6.799129912991301 ], [ 110.560906090609066, -6.799279927992799 ], [ 110.560906090609066, -6.799054905490548 ] ], [ [ 110.582208220822096, -6.798979897989792 ], [ 110.582283228322837, -6.798904890489057 ], [ 110.582283228322837, -6.798979897989804 ], [ 110.582208220822096, -6.798979897989792 ] ], [ [ 110.582508250825086, -6.799054905490551 ], [ 110.582583258325826, -6.798904890489048 ], [ 110.582583258325826, -6.799054905490542 ], [ 110.582508250825086, -6.799054905490551 ] ], [ [ 110.582133213321328, -6.799129912991307 ], [ 110.582208220822096, -6.799054905490552 ], [ 110.582208220822096, -6.799129912991301 ], [ 110.582133213321328, -6.799129912991307 ] ], [ [ 110.582433243324331, -6.799129912991293 ], [ 110.582508250825086, -6.799054905490551 ], [ 110.582508250825086, -6.799129912991304 ], [ 110.582433243324331, -6.799129912991293 ] ], [ [ 110.560606060606062, -6.799204920492055 ], [ 110.560681068106817, -6.799129912991294 ], [ 110.560681068106817, -6.799204920492048 ], [ 110.560606060606062, -6.799204920492055 ] ], [ [ 110.561206120612056, -6.79920492049204 ], [ 110.56128112811281, -6.799129912991305 ], [ 110.56128112811281, -6.799204920492052 ], [ 110.561206120612056, -6.79920492049204 ] ], [ [ 110.582058205820587, -6.799204920492054 ], [ 110.582133213321328, -6.799129912991307 ], [ 110.582133213321328, -6.799204920492052 ], [ 110.582058205820587, -6.799204920492054 ] ], [ [ 110.582358235823577, -6.799204920492042 ], [ 110.582433243324331, -6.799129912991293 ], [ 110.582433243324331, -6.799204920492042 ], [ 110.582358235823577, -6.799204920492042 ] ], [ [ 110.560681068106817, -6.799279927992791 ], [ 110.560831083108312, -6.799204920492049 ], [ 110.560906090609066, -6.799429942994304 ], [ 110.560681068106817, -6.799279927992791 ] ], [ [ 110.561131113111315, -6.799429942994304 ], [ 110.561206120612056, -6.79920492049204 ], [ 110.561206120612056, -6.799429942994294 ], [ 110.561131113111315, -6.799429942994304 ] ], [ [ 110.582283228322837, -6.799354935493556 ], [ 110.582358235823577, -6.799279927992804 ], [ 110.582358235823577, -6.799354935493554 ], [ 110.582283228322837, -6.799354935493556 ] ], [ [ 110.559930993099314, -6.800330033003302 ], [ 110.560981098109806, -6.799504950495039 ], [ 110.560606060606062, -6.800555055505543 ], [ 110.559930993099314, -6.800330033003302 ] ], [ [ 110.560981098109806, -6.799504950495039 ], [ 110.561056105610575, -6.799354935493555 ], [ 110.561056105610575, -6.79950495049505 ], [ 110.560981098109806, -6.799504950495039 ] ], [ [ 110.581908190819078, -6.799429942994293 ], [ 110.581983198319833, -6.799354935493557 ], [ 110.581983198319833, -6.799429942994296 ], [ 110.581908190819078, -6.799429942994293 ] ], [ [ 110.582208220822096, -6.799429942994299 ], [ 110.582283228322837, -6.799354935493556 ], [ 110.582283228322837, -6.799429942994301 ], [ 110.582208220822096, -6.799429942994299 ] ], [ [ 110.581833183318338, -6.79950495049505 ], [ 110.581908190819078, -6.799429942994293 ], [ 110.581908190819078, -6.799504950495044 ], [ 110.581833183318338, -6.79950495049505 ] ], [ [ 110.581833183318338, -6.799654965496549 ], [ 110.582133213321328, -6.799729972997306 ], [ 110.581908190819078, -6.799879987998797 ], [ 110.581833183318338, -6.799654965496549 ] ], [ [ 110.582133213321328, -6.799579957995801 ], [ 110.582208220822096, -6.79950495049504 ], [ 110.582208220822096, -6.799579957995803 ], [ 110.582133213321328, -6.799579957995801 ] ], [ [ 110.581683168316829, -6.799729972997301 ], [ 110.581758175817583, -6.799654965496555 ], [ 110.581758175817583, -6.799729972997302 ], [ 110.581683168316829, -6.799729972997301 ] ], [ [ 110.581533153315334, -6.799954995499552 ], [ 110.581608160816089, -6.799879987998803 ], [ 110.581608160816089, -6.799954995499544 ], [ 110.581533153315334, -6.799954995499552 ] ], [ [ 110.582133213321328, -6.799954995499546 ], [ 110.582208220822096, -6.799879987998792 ], [ 110.582208220822096, -6.799954995499548 ], [ 110.582133213321328, -6.799954995499546 ] ], [ [ 110.581758175817583, -6.800105010501046 ], [ 110.581908190819078, -6.800030003000301 ], [ 110.581908190819078, -6.800105010501044 ], [ 110.581758175817583, -6.800105010501046 ] ], [ [ 110.581908190819078, -6.800180018001792 ], [ 110.582058205820587, -6.800105010501054 ], [ 110.582058205820587, -6.800180018001806 ], [ 110.581908190819078, -6.800180018001792 ] ], [ [ 110.560231023102304, -6.800780078007799 ], [ 110.560456045604568, -6.800930093009298 ], [ 110.560231023102304, -6.801005100510052 ], [ 110.560231023102304, -6.800780078007799 ] ], [ [ 110.560081008100823, -6.800855085508557 ], [ 110.560156015601564, -6.800780078007793 ], [ 110.560156015601564, -6.800855085508558 ], [ 110.560081008100823, -6.800855085508557 ] ], [ [ 110.560531053105308, -6.801380138013806 ], [ 110.560606060606062, -6.801305130513057 ], [ 110.560606060606062, -6.801380138013802 ], [ 110.560531053105308, -6.801380138013806 ] ], [ [ 110.561056105610575, -6.801380138013808 ], [ 110.561131113111315, -6.801305130513047 ], [ 110.561131113111315, -6.801380138013809 ], [ 110.561056105610575, -6.801380138013808 ] ], [ [ 110.562706270627075, -6.801980198019798 ], [ 110.562781278127815, -6.801830183018293 ], [ 110.562781278127815, -6.8019801980198 ], [ 110.562706270627075, -6.801980198019798 ] ], [ [ 110.562631263126306, -6.802055205520558 ], [ 110.562706270627075, -6.801980198019798 ], [ 110.562706270627075, -6.80205520552055 ], [ 110.562631263126306, -6.802055205520558 ] ], [ [ 110.563531353135318, -6.802055205520546 ], [ 110.563606360636058, -6.801980198019803 ], [ 110.563606360636058, -6.80205520552055 ], [ 110.563531353135318, -6.802055205520546 ] ], [ [ 110.562781278127815, -6.80220522052205 ], [ 110.56285628562857, -6.802130213021296 ], [ 110.56285628562857, -6.802205220522059 ], [ 110.562781278127815, -6.80220522052205 ] ], [ [ 110.56285628562857, -6.802280228022794 ], [ 110.56293129312931, -6.802205220522051 ], [ 110.56293129312931, -6.802280228022812 ], [ 110.56285628562857, -6.802280228022794 ] ], [ [ 110.564056405640585, -6.802580258025808 ], [ 110.564131413141311, -6.802505250525055 ], [ 110.564131413141311, -6.802580258025803 ], [ 110.564056405640585, -6.802580258025808 ] ], [ [ 110.563756375637567, -6.802730273027307 ], [ 110.563831383138307, -6.802655265526556 ], [ 110.563831383138307, -6.802730273027306 ], [ 110.563756375637567, -6.802730273027307 ] ], [ [ 110.563981398139816, -6.802730273027299 ], [ 110.564056405640585, -6.802655265526557 ], [ 110.564056405640585, -6.802730273027309 ], [ 110.563981398139816, -6.802730273027299 ] ], [ [ 110.563906390639062, -6.802805280528048 ], [ 110.563981398139816, -6.802730273027299 ], [ 110.563981398139816, -6.802805280528051 ], [ 110.563906390639062, -6.802805280528048 ] ], [ [ 110.56428142814282, -6.802805280528061 ], [ 110.564356435643575, -6.802730273027304 ], [ 110.564356435643575, -6.802805280528051 ], [ 110.56428142814282, -6.802805280528061 ] ], [ [ 110.564431443144315, -6.802880288028807 ], [ 110.56458145814581, -6.802730273027306 ], [ 110.564506450645069, -6.802880288028802 ], [ 110.564431443144315, -6.802880288028807 ] ], [ [ 110.564131413141311, -6.802880288028804 ], [ 110.564206420642066, -6.802805280528045 ], [ 110.564206420642066, -6.802880288028808 ], [ 110.564131413141311, -6.802880288028804 ] ], [ [ 110.56458145814581, -6.802880288028796 ], [ 110.564656465646564, -6.802805280528061 ], [ 110.564656465646564, -6.802880288028805 ], [ 110.56458145814581, -6.802880288028796 ] ], [ [ 110.564806480648059, -6.803330333033296 ], [ 110.564881488148814, -6.803255325532555 ], [ 110.564881488148814, -6.803330333033296 ], [ 110.564806480648059, -6.803330333033296 ] ], [ [ 110.562256225622562, -6.803405340534061 ], [ 110.562331233123317, -6.803330333033307 ], [ 110.562331233123317, -6.803405340534058 ], [ 110.562256225622562, -6.803405340534061 ] ], [ [ 110.565706570657085, -6.803405340534056 ], [ 110.565781578157811, -6.803330333033297 ], [ 110.565781578157811, -6.803405340534047 ], [ 110.565706570657085, -6.803405340534056 ] ], [ [ 110.565331533153312, -6.803480348034809 ], [ 110.565406540654067, -6.803405340534048 ], [ 110.565406540654067, -6.803480348034801 ], [ 110.565331533153312, -6.803480348034809 ] ], [ [ 110.565631563156316, -6.803555355535545 ], [ 110.565706570657085, -6.803405340534056 ], [ 110.565706570657085, -6.803555355535546 ], [ 110.565631563156316, -6.803555355535545 ] ], [ [ 110.565181518151817, -6.803555355535559 ], [ 110.565256525652572, -6.803480348034796 ], [ 110.565256525652572, -6.803555355535545 ], [ 110.565181518151817, -6.803555355535559 ] ], [ [ 110.565556555655562, -6.803630363036295 ], [ 110.565631563156316, -6.803555355535545 ], [ 110.565631563156316, -6.803630363036302 ], [ 110.565556555655562, -6.803630363036295 ] ], [ [ 110.56593159315932, -6.803855385538553 ], [ 110.566231623162309, -6.803705370537048 ], [ 110.566156615661569, -6.803855385538552 ], [ 110.56593159315932, -6.803855385538553 ] ], [ [ 110.565706570657085, -6.803855385538557 ], [ 110.565781578157811, -6.803705370537048 ], [ 110.565781578157811, -6.803855385538554 ], [ 110.565706570657085, -6.803855385538557 ] ], [ [ 110.565481548154821, -6.8039303930393 ], [ 110.565631563156316, -6.803855385538557 ], [ 110.565631563156316, -6.803930393039301 ], [ 110.565481548154821, -6.8039303930393 ] ], [ [ 110.565631563156316, -6.804005400540053 ], [ 110.565781578157811, -6.803930393039305 ], [ 110.565781578157811, -6.804005400540046 ], [ 110.565631563156316, -6.804005400540053 ] ], [ [ 110.56593159315932, -6.80400540054006 ], [ 110.566006600660074, -6.803930393039301 ], [ 110.566006600660074, -6.804005400540055 ], [ 110.56593159315932, -6.80400540054006 ] ], [ [ 110.565781578157811, -6.80408040804081 ], [ 110.565856585658565, -6.804005400540047 ], [ 110.565856585658565, -6.804080408040796 ], [ 110.565781578157811, -6.80408040804081 ] ], [ [ 110.566006600660074, -6.804080408040809 ], [ 110.566081608160815, -6.804005400540058 ], [ 110.566081608160815, -6.804080408040802 ], [ 110.566006600660074, -6.804080408040809 ] ], [ [ 110.566156615661569, -6.804155415541557 ], [ 110.566531653165313, -6.80408040804081 ], [ 110.566531653165313, -6.80423042304231 ], [ 110.566381638163818, -6.804155415541558 ], [ 110.566156615661569, -6.804155415541557 ] ], [ [ 110.566531653165313, -6.80408040804081 ], [ 110.566606660666068, -6.804005400540047 ], [ 110.566606660666068, -6.804080408040809 ], [ 110.566531653165313, -6.80408040804081 ] ], [ [ 110.565856585658565, -6.804155415541551 ], [ 110.56593159315932, -6.804080408040797 ], [ 110.56593159315932, -6.804155415541555 ], [ 110.565856585658565, -6.804155415541551 ] ], [ [ 110.566081608160815, -6.804230423042303 ], [ 110.566156615661569, -6.804155415541557 ], [ 110.566156615661569, -6.804230423042297 ], [ 110.566081608160815, -6.804230423042303 ] ], [ [ 110.566606660666068, -6.804230423042297 ], [ 110.566681668166822, -6.804155415541556 ], [ 110.566681668166822, -6.804230423042297 ], [ 110.566606660666068, -6.804230423042297 ] ], [ [ 110.566531653165313, -6.804305430543052 ], [ 110.566606660666068, -6.804230423042297 ], [ 110.566606660666068, -6.804305430543058 ], [ 110.566531653165313, -6.804305430543052 ] ], [ [ 110.566306630663064, -6.804380438043798 ], [ 110.566381638163818, -6.804305430543061 ], [ 110.566381638163818, -6.804380438043801 ], [ 110.566306630663064, -6.804380438043798 ] ], [ [ 110.566456645664573, -6.804380438043802 ], [ 110.566531653165313, -6.804305430543052 ], [ 110.566531653165313, -6.8043804380438 ], [ 110.566456645664573, -6.804380438043802 ] ], [ [ 110.566831683168317, -6.804380438043808 ], [ 110.566906690669072, -6.804305430543057 ], [ 110.566906690669072, -6.804380438043798 ], [ 110.566831683168317, -6.804380438043808 ] ], [ [ 110.566981698169812, -6.804380438043801 ], [ 110.567056705670566, -6.804305430543057 ], [ 110.567056705670566, -6.8043804380438 ], [ 110.566981698169812, -6.804380438043801 ] ], [ [ 110.566606660666068, -6.804455445544561 ], [ 110.566681668166822, -6.80438043804381 ], [ 110.566681668166822, -6.804455445544551 ], [ 110.566606660666068, -6.804455445544561 ] ], [ [ 110.566906690669072, -6.804455445544559 ], [ 110.566981698169812, -6.804380438043801 ], [ 110.566981698169812, -6.804455445544547 ], [ 110.566906690669072, -6.804455445544559 ] ], [ [ 110.567056705670566, -6.804455445544547 ], [ 110.567131713171321, -6.804380438043796 ], [ 110.567131713171321, -6.804455445544562 ], [ 110.567056705670566, -6.804455445544547 ] ], [ [ 110.567356735673584, -6.804530453045301 ], [ 110.567431743174311, -6.804455445544553 ], [ 110.567431743174311, -6.804530453045297 ], [ 110.567356735673584, -6.804530453045301 ] ], [ [ 110.566906690669072, -6.80468046804681 ], [ 110.566981698169812, -6.804530453045301 ], [ 110.566981698169812, -6.804680468046803 ], [ 110.566906690669072, -6.80468046804681 ] ], [ [ 110.563006300630065, -6.804605460546046 ], [ 110.565481548154821, -6.80670567056706 ], [ 110.568031803180318, -6.810081008100802 ], [ 110.566981698169812, -6.809330933093309 ], [ 110.563006300630065, -6.804605460546046 ] ], [ [ 110.558580858085804, -6.804830483048296 ], [ 110.563831383138307, -6.807155715571555 ], [ 110.566081608160815, -6.809705970597059 ], [ 110.564506450645069, -6.808205820582057 ], [ 110.562631263126306, -6.807905790579055 ], [ 110.560156015601564, -6.805805580558056 ], [ 110.559255925592552, -6.805505550555058 ], [ 110.559030903090303, -6.805655565556552 ], [ 110.558580858085804, -6.804830483048296 ] ], [ [ 110.568406840684062, -6.804905490549051 ], [ 110.568481848184817, -6.804830483048311 ], [ 110.568481848184817, -6.804905490549046 ], [ 110.568406840684062, -6.804905490549051 ] ], [ [ 110.568556855685571, -6.804905490549053 ], [ 110.568631863186312, -6.804830483048305 ], [ 110.568631863186312, -6.804905490549055 ], [ 110.568556855685571, -6.804905490549053 ] ], [ [ 110.566531653165313, -6.804980498049806 ], [ 110.566681668166822, -6.804905490549062 ], [ 110.566681668166822, -6.804980498049805 ], [ 110.566531653165313, -6.804980498049806 ] ], [ [ 110.567506750675065, -6.80498049804981 ], [ 110.56758175817582, -6.80490549054906 ], [ 110.56758175817582, -6.804980498049801 ], [ 110.567506750675065, -6.80498049804981 ] ], [ [ 110.568481848184817, -6.805055505550549 ], [ 110.568556855685571, -6.804905490549053 ], [ 110.568556855685571, -6.805055505550555 ], [ 110.568481848184817, -6.805055505550549 ] ], [ [ 110.567881788178823, -6.805130513051299 ], [ 110.567956795679564, -6.804980498049797 ], [ 110.567956795679564, -6.805130513051298 ], [ 110.567881788178823, -6.805130513051299 ] ], [ [ 110.568256825682568, -6.805130513051305 ], [ 110.568331833183322, -6.804980498049808 ], [ 110.568331833183322, -6.805130513051309 ], [ 110.568256825682568, -6.805130513051305 ] ], [ [ 110.568406840684062, -6.805130513051307 ], [ 110.568481848184817, -6.805055505550549 ], [ 110.568481848184817, -6.8051305130513 ], [ 110.568406840684062, -6.805130513051307 ] ], [ [ 110.567806780678069, -6.805205520552054 ], [ 110.567881788178823, -6.805130513051299 ], [ 110.567881788178823, -6.805205520552058 ], [ 110.567806780678069, -6.805205520552054 ] ], [ [ 110.568331833183322, -6.805205520552049 ], [ 110.568406840684062, -6.805130513051307 ], [ 110.568406840684062, -6.805205520552063 ], [ 110.568331833183322, -6.805205520552049 ] ], [ [ 110.568106810681073, -6.80543054305431 ], [ 110.568256825682568, -6.805205520552062 ], [ 110.568331833183322, -6.805355535553561 ], [ 110.568106810681073, -6.80543054305431 ] ], [ [ 110.568106810681073, -6.805580558055807 ], [ 110.568181818181813, -6.805505550555054 ], [ 110.568181818181813, -6.805580558055804 ], [ 110.568106810681073, -6.805580558055807 ] ], [ [ 110.558955895589563, -6.805730573057303 ], [ 110.559030903090303, -6.805655565556552 ], [ 110.559030903090303, -6.8057305730573 ], [ 110.558955895589563, -6.805730573057303 ] ], [ [ 110.557005700570059, -6.805880588058802 ], [ 110.557155715571554, -6.805730573057311 ], [ 110.557080708070814, -6.805880588058805 ], [ 110.557005700570059, -6.805880588058802 ] ], [ [ 110.558505850585064, -6.806030603060303 ], [ 110.558955895589563, -6.805730573057303 ], [ 110.558955895589563, -6.8058805880588 ], [ 110.558505850585064, -6.806030603060303 ] ], [ [ 110.556930693069305, -6.805955595559556 ], [ 110.557005700570059, -6.805880588058802 ], [ 110.557005700570059, -6.805955595559552 ], [ 110.556930693069305, -6.805955595559556 ] ], [ [ 110.55685568556855, -6.806030603060306 ], [ 110.556930693069305, -6.805955595559556 ], [ 110.556930693069305, -6.806030603060312 ], [ 110.55685568556855, -6.806030603060306 ] ], [ [ 110.561731173117323, -6.806030603060312 ], [ 110.561806180618063, -6.805955595559559 ], [ 110.561806180618063, -6.806030603060305 ], [ 110.561731173117323, -6.806030603060312 ] ], [ [ 110.563006300630065, -6.806405640564053 ], [ 110.563081308130833, -6.806255625562565 ], [ 110.563081308130833, -6.806405640564051 ], [ 110.563006300630065, -6.806405640564053 ] ], [ [ 110.563456345634563, -6.806705670567056 ], [ 110.563531353135318, -6.806630663066309 ], [ 110.563531353135318, -6.806705670567053 ], [ 110.563456345634563, -6.806705670567056 ] ], [ [ 110.568481848184817, -6.806855685568554 ], [ 110.568631863186312, -6.806780678067812 ], [ 110.568631863186312, -6.806855685568561 ], [ 110.568481848184817, -6.806855685568554 ] ], [ [ 110.556405640564051, -6.807530753075305 ], [ 110.557155715571554, -6.807530753075307 ], [ 110.556480648064806, -6.807905790579049 ], [ 110.556405640564051, -6.807530753075305 ] ], [ [ 110.566531653165313, -6.8075307530753 ], [ 110.566756675667563, -6.80760576057606 ], [ 110.566531653165313, -6.80783078307831 ], [ 110.566531653165313, -6.8075307530753 ] ], [ [ 110.566831683168317, -6.80745574557456 ], [ 110.566906690669072, -6.807380738073811 ], [ 110.566906690669072, -6.807455745574559 ], [ 110.566831683168317, -6.80745574557456 ] ], [ [ 110.566756675667563, -6.807530753075304 ], [ 110.566831683168317, -6.80745574557456 ], [ 110.566831683168317, -6.807530753075314 ], [ 110.566756675667563, -6.807530753075304 ] ], [ [ 110.564506450645069, -6.807680768076802 ], [ 110.56458145814581, -6.807605760576059 ], [ 110.56458145814581, -6.807680768076809 ], [ 110.564506450645069, -6.807680768076802 ] ], [ [ 110.552280228022809, -6.809180918091805 ], [ 110.552355235523549, -6.80910591059106 ], [ 110.552355235523549, -6.809180918091815 ], [ 110.552280228022809, -6.809180918091805 ] ], [ [ 110.552205220522055, -6.809255925592556 ], [ 110.552280228022809, -6.809180918091805 ], [ 110.552280228022809, -6.809255925592556 ], [ 110.552205220522055, -6.809255925592556 ] ], [ [ 110.568031803180318, -6.81015601560156 ], [ 110.568106810681073, -6.810081008100811 ], [ 110.568106810681073, -6.810156015601568 ], [ 110.568031803180318, -6.81015601560156 ] ], [ [ 110.568181818181813, -6.810306030603055 ], [ 110.568256825682568, -6.810156015601558 ], [ 110.568331833183322, -6.810306030603066 ], [ 110.568181818181813, -6.810306030603055 ] ], [ [ 110.568931893189315, -6.810756075607566 ], [ 110.569381938193814, -6.810606060606065 ], [ 110.569606960696063, -6.810906090609056 ], [ 110.568931893189315, -6.810756075607566 ] ], [ [ 110.571557155715567, -6.810756075607562 ], [ 110.571632163216336, -6.810681068106809 ], [ 110.571632163216336, -6.810756075607554 ], [ 110.571557155715567, -6.810756075607562 ] ], [ [ 110.570132013201317, -6.810906090609058 ], [ 110.570207020702071, -6.810831083108309 ], [ 110.570207020702071, -6.810906090609057 ], [ 110.570132013201317, -6.810906090609058 ] ], [ [ 110.571632163216336, -6.81090609060906 ], [ 110.571707170717076, -6.810831083108309 ], [ 110.571707170717076, -6.810906090609058 ], [ 110.571632163216336, -6.81090609060906 ] ], [ [ 110.569981998199836, -6.81135613561356 ], [ 110.570282028202826, -6.810981098109809 ], [ 110.57043204320432, -6.811356135613559 ], [ 110.569981998199836, -6.81135613561356 ] ], [ [ 110.570282028202826, -6.811506150615065 ], [ 110.570357035703566, -6.811431143114304 ], [ 110.570357035703566, -6.811506150615068 ], [ 110.570282028202826, -6.811506150615065 ] ], [ [ 110.559555955595556, -6.81360636063606 ], [ 110.559630963096311, -6.813531353135319 ], [ 110.559630963096311, -6.813606360636056 ], [ 110.559555955595556, -6.81360636063606 ] ], [ [ 110.550405040504046, -6.814806480648067 ], [ 110.55070507050705, -6.814281428142813 ], [ 110.551230123012303, -6.815031503150308 ], [ 110.550405040504046, -6.814806480648067 ] ], [ [ 110.550030003000302, -6.814656465646563 ], [ 110.550330033003306, -6.814581458145808 ], [ 110.550330033003306, -6.814731473147313 ], [ 110.550030003000302, -6.814656465646563 ] ], [ [ 110.551155115511563, -6.814881488148806 ], [ 110.551305130513057, -6.814806480648056 ], [ 110.551305130513057, -6.814881488148815 ], [ 110.551155115511563, -6.814881488148806 ] ], [ [ 110.551305130513057, -6.814956495649563 ], [ 110.551455145514552, -6.81488148814882 ], [ 110.551455145514552, -6.814956495649557 ], [ 110.551305130513057, -6.814956495649563 ] ], [ [ 110.551455145514552, -6.815031503150314 ], [ 110.551530153015307, -6.814956495649569 ], [ 110.551530153015307, -6.815031503150321 ], [ 110.551455145514552, -6.815031503150314 ] ], [ [ 110.551230123012303, -6.815106510651072 ], [ 110.551380138013798, -6.815031503150316 ], [ 110.551380138013798, -6.815106510651071 ], [ 110.551230123012303, -6.815106510651072 ] ], [ [ 110.551680168016802, -6.815181518151813 ], [ 110.551755175517556, -6.815031503150311 ], [ 110.551830183018296, -6.815181518151813 ], [ 110.551680168016802, -6.815181518151813 ] ], [ [ 110.551455145514552, -6.815256525652567 ], [ 110.551530153015307, -6.815106510651061 ], [ 110.551605160516047, -6.815256525652572 ], [ 110.551455145514552, -6.815256525652567 ] ], [ [ 110.551830183018296, -6.81525652565257 ], [ 110.551905190519051, -6.815181518151813 ], [ 110.551905190519051, -6.815256525652566 ], [ 110.551830183018296, -6.81525652565257 ] ], [ [ 110.551605160516047, -6.815331533153321 ], [ 110.551680168016802, -6.815256525652566 ], [ 110.551680168016802, -6.815331533153309 ], [ 110.551605160516047, -6.815331533153321 ] ], [ [ 110.544854485448553, -6.821332133213316 ], [ 110.545004500450048, -6.823582358235822 ], [ 110.54740474047405, -6.825307530753079 ], [ 110.549654965496543, -6.82313231323133 ], [ 110.548079807980798, -6.825907590759075 ], [ 110.546504650465053, -6.826507650765078 ], [ 110.543804380438047, -6.824482448244825 ], [ 110.544854485448553, -6.821332133213316 ] ], [ [ 110.549654965496543, -6.825007500750081 ], [ 110.551980198019805, -6.821632163216329 ], [ 110.551830183018296, -6.822307230723074 ], [ 110.551530153015307, -6.822532253225322 ], [ 110.551605160516047, -6.822757275727575 ], [ 110.549654965496543, -6.825007500750081 ] ], [ [ 110.545304530453052, -6.822232223222315 ], [ 110.545379537953792, -6.82208220822082 ], [ 110.545379537953792, -6.822232223222329 ], [ 110.545304530453052, -6.822232223222315 ] ], [ [ 110.552805280528062, -6.82478247824782 ], [ 110.553030303030297, -6.824857485748583 ], [ 110.552805280528062, -6.824932493249316 ], [ 110.552805280528062, -6.82478247824782 ] ], [ [ 110.552730273027308, -6.825232523252319 ], [ 110.552805280528062, -6.824932493249316 ], [ 110.552880288028803, -6.825232523252322 ], [ 110.552730273027308, -6.825232523252319 ] ], [ [ 110.552580258025799, -6.825157515751581 ], [ 110.552655265526553, -6.825082508250833 ], [ 110.552655265526553, -6.825157515751581 ], [ 110.552580258025799, -6.825157515751581 ] ], [ [ 110.552505250525073, -6.82568256825683 ], [ 110.552730273027308, -6.825457545754578 ], [ 110.552730273027308, -6.825907590759068 ], [ 110.552505250525073, -6.82568256825683 ] ], [ [ 110.540579057905802, -6.826432643264321 ], [ 110.540954095409546, -6.826207620762067 ], [ 110.540954095409546, -6.826282628262828 ], [ 110.540579057905802, -6.826432643264321 ] ], [ [ 110.546429642964299, -6.827257725772576 ], [ 110.546504650465053, -6.827182718271823 ], [ 110.546504650465053, -6.827257725772575 ], [ 110.546429642964299, -6.827257725772576 ] ], [ [ 110.546504650465053, -6.82733273327333 ], [ 110.546579657965793, -6.827257725772583 ], [ 110.546579657965793, -6.827332733273323 ], [ 110.546504650465053, -6.82733273327333 ] ], [ [ 110.546579657965793, -6.827332733273323 ], [ 110.547479747974791, -6.828157815781585 ], [ 110.546579657965793, -6.828982898289824 ], [ 110.546204620462063, -6.830033003300334 ], [ 110.546579657965793, -6.827332733273323 ] ], [ [ 110.548829882988301, -6.827932793279336 ], [ 110.549279927992799, -6.827782778277829 ], [ 110.549354935493554, -6.828157815781585 ], [ 110.548829882988301, -6.827932793279336 ] ], [ [ 110.549429942994294, -6.828157815781583 ], [ 110.549504950495063, -6.828007800780077 ], [ 110.549504950495063, -6.82815781578157 ], [ 110.549429942994294, -6.828157815781583 ] ], [ [ 110.536453645364531, -6.828307830783073 ], [ 110.53660366036604, -6.828232823282322 ], [ 110.53660366036604, -6.82838283828383 ], [ 110.536453645364531, -6.828307830783073 ] ], [ [ 110.549504950495063, -6.828232823282331 ], [ 110.549579957995803, -6.82815781578158 ], [ 110.549579957995803, -6.828232823282323 ], [ 110.549504950495063, -6.828232823282331 ] ], [ [ 110.53660366036604, -6.828457845784574 ], [ 110.536678667866781, -6.828382838283834 ], [ 110.536678667866781, -6.828457845784578 ], [ 110.53660366036604, -6.828457845784574 ] ], [ [ 110.536678667866781, -6.828607860786084 ], [ 110.536753675367535, -6.828532853285322 ], [ 110.536753675367535, -6.828607860786081 ], [ 110.536678667866781, -6.828607860786084 ] ], [ [ 110.53690369036903, -6.828907890789074 ], [ 110.536978697869785, -6.828832883288328 ], [ 110.536978697869785, -6.828907890789075 ], [ 110.53690369036903, -6.828907890789074 ] ], [ [ 110.53690369036903, -6.829357935793588 ], [ 110.537128712871294, -6.828982898289827 ], [ 110.537128712871294, -6.829282928292833 ], [ 110.53690369036903, -6.829357935793588 ] ], [ [ 110.546804680468043, -6.829132913291335 ], [ 110.546879687968811, -6.829057905790572 ], [ 110.546879687968811, -6.829132913291328 ], [ 110.546804680468043, -6.829132913291335 ] ], [ [ 110.546729672967302, -6.829282928292833 ], [ 110.546804680468043, -6.829207920792078 ], [ 110.546804680468043, -6.829282928292825 ], [ 110.546729672967302, -6.829282928292833 ] ], [ [ 110.536978697869785, -6.829507950795072 ], [ 110.537053705370539, -6.829432943294338 ], [ 110.537053705370539, -6.829507950795088 ], [ 110.536978697869785, -6.829507950795072 ] ], [ [ 110.537203720372034, -6.829507950795079 ], [ 110.537278727872803, -6.829432943294336 ], [ 110.537278727872803, -6.829507950795072 ], [ 110.537203720372034, -6.829507950795079 ] ], [ [ 110.546654665466548, -6.829507950795084 ], [ 110.546729672967302, -6.829432943294336 ], [ 110.546729672967302, -6.829507950795078 ], [ 110.546654665466548, -6.829507950795084 ] ], [ [ 110.537203720372034, -6.829957995799585 ], [ 110.537428742874283, -6.829657965796574 ], [ 110.537353735373543, -6.830033003300334 ], [ 110.537203720372034, -6.829957995799585 ] ], [ [ 110.537428742874283, -6.829957995799588 ], [ 110.537503750375038, -6.829807980798086 ], [ 110.537503750375038, -6.829957995799577 ], [ 110.537428742874283, -6.829957995799588 ] ], [ [ 110.537503750375038, -6.830033003300328 ], [ 110.537578757875792, -6.829957995799587 ], [ 110.537578757875792, -6.830033003300321 ], [ 110.537503750375038, -6.830033003300328 ] ], [ [ 110.537353735373543, -6.830108010801073 ], [ 110.537428742874283, -6.830033003300322 ], [ 110.537428742874283, -6.830108010801079 ], [ 110.537353735373543, -6.830108010801073 ] ], [ [ 110.537578757875792, -6.830183018301826 ], [ 110.537653765376533, -6.830108010801076 ], [ 110.537653765376533, -6.830183018301822 ], [ 110.537578757875792, -6.830183018301826 ] ], [ [ 110.546204620462063, -6.830183018301828 ], [ 110.54627962796279, -6.830108010801085 ], [ 110.54627962796279, -6.830183018301837 ], [ 110.546204620462063, -6.830183018301828 ] ], [ [ 110.546129612961295, -6.830258025802573 ], [ 110.546204620462063, -6.830183018301828 ], [ 110.546204620462063, -6.830258025802585 ], [ 110.546129612961295, -6.830258025802573 ] ], [ [ 110.54605460546054, -6.830333033303321 ], [ 110.546129612961295, -6.830258025802573 ], [ 110.546129612961295, -6.83033303330333 ], [ 110.54605460546054, -6.830333033303321 ] ], [ [ 110.5459795979598, -6.830408040804084 ], [ 110.54605460546054, -6.830333033303321 ], [ 110.54605460546054, -6.830408040804077 ], [ 110.5459795979598, -6.830408040804084 ] ], [ [ 110.54627962796279, -6.830408040804087 ], [ 110.546354635463544, -6.830333033303322 ], [ 110.546354635463544, -6.830408040804073 ], [ 110.54627962796279, -6.830408040804087 ] ], [ [ 110.537578757875792, -6.830483048304833 ], [ 110.537653765376533, -6.830408040804084 ], [ 110.537653765376533, -6.830483048304832 ], [ 110.537578757875792, -6.830483048304833 ] ], [ [ 110.546204620462063, -6.830483048304838 ], [ 110.54627962796279, -6.830408040804087 ], [ 110.54627962796279, -6.830483048304825 ], [ 110.546204620462063, -6.830483048304838 ] ], [ [ 110.537578757875792, -6.831158115811584 ], [ 110.53825382538254, -6.831758175817572 ], [ 110.538178817881786, -6.832283228322831 ], [ 110.537578757875792, -6.831158115811584 ] ], [ [ 110.545529552955301, -6.831083108310835 ], [ 110.546129612961295, -6.830933093309335 ], [ 110.545679567956796, -6.831608160816083 ], [ 110.545529552955301, -6.831083108310835 ] ], [ [ 110.545454545454547, -6.831233123312328 ], [ 110.545529552955301, -6.831158115811579 ], [ 110.545529552955301, -6.831233123312328 ], [ 110.545454545454547, -6.831233123312328 ] ], [ [ 110.545379537953792, -6.831308130813073 ], [ 110.545454545454547, -6.831233123312328 ], [ 110.545454545454547, -6.831308130813079 ], [ 110.545379537953792, -6.831308130813073 ] ], [ [ 110.53825382538254, -6.832058205820574 ], [ 110.538328832883295, -6.831983198319836 ], [ 110.538328832883295, -6.832058205820587 ], [ 110.53825382538254, -6.832058205820574 ] ], [ [ 110.538328832883295, -6.832208220822089 ], [ 110.538403840384035, -6.832058205820585 ], [ 110.538403840384035, -6.832208220822083 ], [ 110.538328832883295, -6.832208220822089 ] ], [ [ 110.546729672967302, -6.832208220822075 ], [ 110.546879687968811, -6.832133213321335 ], [ 110.546879687968811, -6.832208220822087 ], [ 110.546729672967302, -6.832208220822075 ] ], [ [ 110.534503450345028, -6.832583258325826 ], [ 110.534878487848786, -6.832658265826578 ], [ 110.534353435343533, -6.832958295829586 ], [ 110.534503450345028, -6.832583258325826 ] ], [ [ 110.546954695469552, -6.832283228322834 ], [ 110.547104710471046, -6.832208220822085 ], [ 110.547104710471046, -6.832283228322829 ], [ 110.546954695469552, -6.832283228322834 ] ], [ [ 110.538703870387039, -6.83265826582659 ], [ 110.538853885388534, -6.832583258325824 ], [ 110.538853885388534, -6.832658265826583 ], [ 110.538703870387039, -6.83265826582659 ] ], [ [ 110.538853885388534, -6.832733273327332 ], [ 110.53990399039904, -6.832733273327328 ], [ 110.540129012901289, -6.83303330333034 ], [ 110.538853885388534, -6.832733273327332 ] ], [ [ 110.547854785478563, -6.832658265826584 ], [ 110.547929792979303, -6.832583258325827 ], [ 110.547929792979303, -6.832658265826582 ], [ 110.547854785478563, -6.832658265826584 ] ], [ [ 110.534278427842779, -6.833033303330332 ], [ 110.534353435343533, -6.832958295829586 ], [ 110.534353435343533, -6.833033303330342 ], [ 110.534278427842779, -6.833033303330332 ] ], [ [ 110.53240324032403, -6.834683468346828 ], [ 110.534353435343533, -6.833783378337837 ], [ 110.533153315331532, -6.835958595859583 ], [ 110.53240324032403, -6.834683468346828 ] ], [ [ 110.540504050405048, -6.83333333333334 ], [ 110.540804080408037, -6.833183318331834 ], [ 110.540879087908792, -6.83340834083408 ], [ 110.540504050405048, -6.83333333333334 ] ], [ [ 110.540954095409546, -6.833483348334825 ], [ 110.541029102910286, -6.833408340834086 ], [ 110.541029102910286, -6.833483348334839 ], [ 110.540954095409546, -6.833483348334825 ] ], [ [ 110.541704170417049, -6.833558355835575 ], [ 110.541929192919312, -6.833483348334838 ], [ 110.541929192919312, -6.833633363336335 ], [ 110.541704170417049, -6.833558355835575 ] ], [ [ 110.541179117911796, -6.83355835583558 ], [ 110.541254125412536, -6.833483348334824 ], [ 110.541254125412536, -6.83355835583558 ], [ 110.541179117911796, -6.83355835583558 ] ], [ [ 110.541929192919312, -6.833708370837074 ], [ 110.542004200420038, -6.833633363336332 ], [ 110.542004200420038, -6.833708370837081 ], [ 110.541929192919312, -6.833708370837074 ] ], [ [ 110.541629162916294, -6.834008400840078 ], [ 110.542529252925291, -6.834158415841576 ], [ 110.542379237923797, -6.834608460846082 ], [ 110.541629162916294, -6.834008400840078 ] ], [ [ 110.542079207920793, -6.833783378337829 ], [ 110.542154215421547, -6.833708370837082 ], [ 110.542154215421547, -6.833783378337837 ], [ 110.542079207920793, -6.833783378337829 ] ], [ [ 110.542154215421547, -6.833858385838578 ], [ 110.542304230423042, -6.833783378337825 ], [ 110.542304230423042, -6.833858385838588 ], [ 110.542154215421547, -6.833858385838578 ] ], [ [ 110.542379237923797, -6.833933393339335 ], [ 110.542529252925291, -6.833858385838584 ], [ 110.542529252925291, -6.833933393339342 ], [ 110.542379237923797, -6.833933393339335 ] ], [ [ 110.525652565256522, -6.834458445844584 ], [ 110.527527752775271, -6.83603360336034 ], [ 110.527827782778274, -6.837158715871594 ], [ 110.52437743774378, -6.835283528352831 ], [ 110.525652565256522, -6.834458445844584 ] ], [ [ 110.52272727272728, -6.834833483348335 ], [ 110.52460246024603, -6.836033603360338 ], [ 110.524752475247524, -6.837608760876085 ], [ 110.521977197719778, -6.836408640864079 ], [ 110.52272727272728, -6.834833483348335 ] ], [ [ 110.533228322832286, -6.836033603360331 ], [ 110.533303330333041, -6.835958595859592 ], [ 110.533303330333041, -6.836033603360332 ], [ 110.533228322832286, -6.836033603360331 ] ], [ [ 110.533303330333041, -6.836108610861094 ], [ 110.533378337833781, -6.836033603360343 ], [ 110.533378337833781, -6.836108610861093 ], [ 110.533303330333041, -6.836108610861094 ] ], [ [ 110.52767776777678, -6.836333633363344 ], [ 110.527752775277534, -6.836183618361834 ], [ 110.527752775277534, -6.836333633363335 ], [ 110.52767776777678, -6.836333633363344 ] ], [ [ 110.524827482748279, -6.836408640864089 ], [ 110.525052505250528, -6.83633363336333 ], [ 110.525052505250528, -6.836483648364831 ], [ 110.524827482748279, -6.836408640864089 ] ], [ [ 110.534503450345028, -6.83670867086709 ], [ 110.534578457845782, -6.836633663366333 ], [ 110.534578457845782, -6.836708670867083 ], [ 110.534503450345028, -6.83670867086709 ] ], [ [ 110.534578457845782, -6.836708670867083 ], [ 110.535553555355534, -6.837008700870093 ], [ 110.536078607860787, -6.837383738373834 ], [ 110.535328532853285, -6.837308730873088 ], [ 110.534578457845782, -6.836708670867083 ] ], [ [ 110.530003000300042, -6.837008700870084 ], [ 110.530153015301536, -6.836933693369335 ], [ 110.530153015301536, -6.83700870087008 ], [ 110.530003000300042, -6.837008700870084 ] ], [ [ 110.528877887788781, -6.837308730873095 ], [ 110.529177917791785, -6.837233723372335 ], [ 110.529177917791785, -6.837308730873093 ], [ 110.528877887788781, -6.837308730873095 ] ], [ [ 110.527977797779783, -6.837308730873088 ], [ 110.528202820282033, -6.837158715871579 ], [ 110.528202820282033, -6.837233723372338 ], [ 110.527977797779783, -6.837308730873088 ] ], [ [ 110.529402940294034, -6.83723372337233 ], [ 110.532478247824784, -6.837608760876081 ], [ 110.533003300330051, -6.838133813381337 ], [ 110.532478247824784, -6.838208820882084 ], [ 110.529402940294034, -6.83723372337233 ] ], [ [ 110.527752775277534, -6.837833783378342 ], [ 110.528502850285022, -6.837683768376833 ], [ 110.528727872787272, -6.837833783378343 ], [ 110.527752775277534, -6.837833783378342 ] ], [ [ 110.529477947794774, -6.837983798379844 ], [ 110.529702970297024, -6.837833783378342 ], [ 110.529702970297024, -6.837983798379835 ], [ 110.529477947794774, -6.837983798379844 ] ], [ [ 110.529852985298533, -6.838058805880584 ], [ 110.530078007800782, -6.837833783378339 ], [ 110.530153015301536, -6.837983798379838 ], [ 110.529852985298533, -6.838058805880584 ] ], [ [ 110.533078307830777, -6.838208820882083 ], [ 110.533678367836785, -6.837983798379834 ], [ 110.53382838283828, -6.838133813381342 ], [ 110.533078307830777, -6.838208820882083 ] ], [ [ 110.536303630363051, -6.838358835883589 ], [ 110.536453645364531, -6.838283828382841 ], [ 110.536528652865286, -6.838508850885087 ], [ 110.536303630363051, -6.838358835883589 ] ], [ [ 110.534428442844288, -6.838508850885091 ], [ 110.534653465346551, -6.838433843384345 ], [ 110.534653465346551, -6.838508850885087 ], [ 110.534428442844288, -6.838508850885091 ] ], [ [ 110.534728472847291, -6.838508850885083 ], [ 110.53517851785179, -6.838433843384346 ], [ 110.53517851785179, -6.838508850885086 ], [ 110.534728472847291, -6.838508850885083 ] ], [ [ 110.53352835283529, -6.838733873387342 ], [ 110.534128412841284, -6.838583858385845 ], [ 110.534203420342038, -6.838733873387333 ], [ 110.53352835283529, -6.838733873387342 ] ], [ [ 110.537503750375038, -6.839258925892589 ], [ 110.537203720372034, -6.838658865886583 ], [ 110.537653765376533, -6.839258925892597 ], [ 110.537503750375038, -6.839258925892589 ] ], [ [ 110.537728772877287, -6.839408940894081 ], [ 110.537953795379551, -6.839333933393336 ], [ 110.537953795379551, -6.839558955895593 ], [ 110.537728772877287, -6.839408940894081 ] ], [ [ 110.539303930393032, -6.839558955895586 ], [ 110.539528952895296, -6.839408940894081 ], [ 110.539678967896791, -6.83985898589859 ], [ 110.539303930393032, -6.839558955895586 ] ], [ [ 110.538103810381031, -6.839708970897092 ], [ 110.538403840384035, -6.839633963396336 ], [ 110.53847884788479, -6.840009000900097 ], [ 110.538103810381031, -6.839708970897092 ] ], [ [ 110.537953795379551, -6.839633963396347 ], [ 110.538028802880291, -6.839558955895593 ], [ 110.538028802880291, -6.839633963396348 ], [ 110.537953795379551, -6.839633963396347 ] ], [ [ 110.538553855385544, -6.840009000900083 ], [ 110.538703870387039, -6.839858985898588 ], [ 110.538703870387039, -6.840009000900097 ], [ 110.538553855385544, -6.840009000900083 ] ], [ [ 110.539678967896791, -6.839933993399335 ], [ 110.539753975397545, -6.839858985898582 ], [ 110.539753975397545, -6.839933993399342 ], [ 110.539678967896791, -6.839933993399335 ] ], [ [ 110.539753975397545, -6.840009000900087 ], [ 110.539828982898285, -6.839933993399348 ], [ 110.539828982898285, -6.840009000900091 ], [ 110.539753975397545, -6.840009000900087 ] ], [ [ 110.538703870387039, -6.840234023402351 ], [ 110.539828982898285, -6.840684068406839 ], [ 110.539828982898285, -6.841209120912092 ], [ 110.538703870387039, -6.840234023402351 ] ], [ [ 110.539828982898285, -6.840159015901587 ], [ 110.539978997899794, -6.840084008400848 ], [ 110.540054005400535, -6.840234023402339 ], [ 110.539828982898285, -6.840159015901587 ] ], [ [ 110.538403840384035, -6.841584158415833 ], [ 110.53847884788479, -6.841509150915083 ], [ 110.53847884788479, -6.841584158415839 ], [ 110.538403840384035, -6.841584158415833 ] ], [ [ 110.53847884788479, -6.841809180918099 ], [ 110.538628862886284, -6.841659165916593 ], [ 110.538778877887793, -6.84188418841884 ], [ 110.53847884788479, -6.841809180918099 ] ], [ [ 110.539153915391537, -6.842409240924094 ], [ 110.539378937893787, -6.842259225922592 ], [ 110.539453945394541, -6.842484248424846 ], [ 110.539153915391537, -6.842409240924094 ] ], [ [ 110.528202820282033, -6.844209420942097 ], [ 110.528427842784282, -6.843834383438348 ], [ 110.528427842784282, -6.844359435943598 ], [ 110.528202820282033, -6.844209420942097 ] ], [ [ 110.528352835283542, -6.844734473447339 ], [ 110.528652865286531, -6.844734473447336 ], [ 110.528577857785777, -6.844884488448838 ], [ 110.528352835283542, -6.844734473447339 ] ], [ [ 110.528877887788781, -6.845784578457842 ], [ 110.529252925292525, -6.845634563456352 ], [ 110.529252925292525, -6.845784578457845 ], [ 110.528877887788781, -6.845784578457842 ] ], [ [ 110.52910291029103, -6.846534653465348 ], [ 110.529702970297024, -6.84623462346235 ], [ 110.529702970297024, -6.846909690969092 ], [ 110.529252925292525, -6.846534653465351 ], [ 110.52910291029103, -6.846534653465348 ] ], [ [ 110.52902790279029, -6.846609660966092 ], [ 110.52910291029103, -6.846534653465348 ], [ 110.52910291029103, -6.846609660966103 ], [ 110.52902790279029, -6.846609660966092 ] ], [ [ 110.528952895289535, -6.847434743474356 ], [ 110.529702970297024, -6.847134713471343 ], [ 110.52902790279029, -6.848034803480343 ], [ 110.528952895289535, -6.847434743474356 ] ], [ [ 110.526852685268523, -6.853360336033607 ], [ 110.527002700270032, -6.853210321032098 ], [ 110.526927692769277, -6.853360336033603 ], [ 110.526852685268523, -6.853360336033607 ] ], [ [ 110.522427242724291, -6.855085508550853 ], [ 110.522577257725771, -6.855010501050106 ], [ 110.522577257725771, -6.855085508550848 ], [ 110.522427242724291, -6.855085508550853 ] ], [ [ 110.51687668766877, -6.858085808580856 ], [ 110.517401740174023, -6.858235823582365 ], [ 110.51695169516951, -6.858535853585349 ], [ 110.51687668766877, -6.858085808580856 ] ], [ [ 110.518151815181511, -6.858160816081601 ], [ 110.518901890189014, -6.858385838583851 ], [ 110.517926792679262, -6.858535853585365 ], [ 110.518151815181511, -6.858160816081601 ] ], [ [ 110.517626762676272, -6.85876087608761 ], [ 110.517701770177013, -6.858685868586865 ], [ 110.517701770177013, -6.858760876087602 ], [ 110.517626762676272, -6.85876087608761 ] ], [ [ 110.517551755175518, -6.858835883588362 ], [ 110.517626762676272, -6.85876087608761 ], [ 110.517626762676272, -6.858835883588351 ], [ 110.517551755175518, -6.858835883588362 ] ], [ [ 110.516576657665766, -6.859735973597363 ], [ 110.516651665166521, -6.85966096609661 ], [ 110.516651665166521, -6.859735973597355 ], [ 110.516576657665766, -6.859735973597363 ] ], [ [ 110.486348634863489, -6.911716171617166 ], [ 110.486798679867988, -6.911716171617162 ], [ 110.486348634863489, -6.912091209120919 ], [ 110.486348634863489, -6.911716171617166 ] ], [ [ 110.487023702370237, -6.912391239123911 ], [ 110.487323732373241, -6.912166216621664 ], [ 110.487398739873996, -6.912466246624664 ], [ 110.487023702370237, -6.912391239123911 ] ], [ [ 110.485748574857496, -6.913291329132916 ], [ 110.48612361236124, -6.914191419141906 ], [ 110.486048604860486, -6.914641464146415 ], [ 110.485673567356741, -6.91426642664267 ], [ 110.485748574857496, -6.913291329132916 ] ], [ [ 110.482448244824496, -6.915916591659165 ], [ 110.482523252325237, -6.915841584158418 ], [ 110.482523252325237, -6.915916591659158 ], [ 110.482448244824496, -6.915916591659165 ] ], [ [ 110.482148214821478, -6.916216621662174 ], [ 110.482298229822987, -6.916066606660671 ], [ 110.482373237323728, -6.916216621662174 ], [ 110.482148214821478, -6.916216621662174 ] ], [ [ 110.482823282328226, -6.917041704170415 ], [ 110.483423342334234, -6.916966696669661 ], [ 110.483498349834989, -6.917641764176411 ], [ 110.482823282328226, -6.917041704170415 ] ], [ [ 110.482148214821478, -6.925292529252932 ], [ 110.482373237323728, -6.925217521752175 ], [ 110.482373237323728, -6.925292529252919 ], [ 110.482148214821478, -6.925292529252932 ] ], [ [ 110.479897989798985, -6.925667566756679 ], [ 110.480648064806488, -6.925892589258918 ], [ 110.480648064806488, -6.926117611761168 ], [ 110.479897989798985, -6.925667566756679 ] ], [ [ 110.46174617461746, -6.933468346834682 ], [ 110.461896189618969, -6.933393339333933 ], [ 110.461896189618969, -6.93346834683468 ], [ 110.46174617461746, -6.933468346834682 ] ], [ [ 110.459720972097216, -6.933993399339927 ], [ 110.459870987098711, -6.933918391839191 ], [ 110.459870987098711, -6.933993399339927 ], [ 110.459720972097216, -6.933993399339927 ] ], [ [ 110.46009600960096, -6.934893489348942 ], [ 110.461671167116705, -6.934968496849677 ], [ 110.460621062106213, -6.93541854185419 ], [ 110.461671167116705, -6.936543654365434 ], [ 110.459795979597956, -6.938268826882683 ], [ 110.458670867086724, -6.936918691869193 ], [ 110.46009600960096, -6.934893489348942 ] ], [ [ 110.462346234623467, -6.935868586858678 ], [ 110.462571257125717, -6.935943594359436 ], [ 110.462346234623467, -6.936018601860188 ], [ 110.462346234623467, -6.935868586858678 ] ], [ [ 110.462271227122713, -6.937818781878196 ], [ 110.463471347134714, -6.936918691869185 ], [ 110.464296429642985, -6.938118811881194 ], [ 110.462271227122713, -6.937818781878196 ] ], [ [ 110.462496249624962, -6.938118811881195 ], [ 110.462721272127212, -6.937968796879685 ], [ 110.462796279627966, -6.938268826882695 ], [ 110.462496249624962, -6.938118811881195 ] ] ] } },
{ "type": "Feature", "properties": { "year": 2044, "layer": "atrisk" }, "geometry": { "type": "Polygon", "coordinates": [ [ [ 110.438643864386435, -6.93946894689469 ], [ 110.437293729372939, -6.940444044404442 ], [ 110.437743774377438, -6.94314431443144 ], [ 110.438643864386435, -6.93946894689469 ] ] ] } },
{ "type": "Feature", "properties": { "year": 2044, "layer": "atrisk" }, "geometry": { "type": "Polygon", "coordinates": [ [ [ 110.399039903990399, -6.947194719471939 ], [ 110.39881488148815, -6.946819681968202 ], [ 110.397089708970896, -6.94816981698169 ], [ 110.399039903990399, -6.947194719471939 ] ] ] } },
{ "type": "Feature", "properties": { "year": 2044, "layer": "atrisk" }, "geometry": { "type": "Polygon", "coordinates": [ [ [ 110.39266426642665, -6.946294629462954 ], [ 110.388988898889892, -6.948394839483953 ], [ 110.388988898889892, -6.948844884488444 ], [ 110.39266426642665, -6.946294629462954 ] ] ] } },
{ "type": "Feature", "properties": { "year": 2044, "layer": "atrisk" }, "geometry": { "type": "Polygon", "coordinates": [ [ [ 110.407890789078905, -6.948244824482443 ], [ 110.407215721572157, -6.948469846984707 ], [ 110.407590759075902, -6.949969996999692 ], [ 110.407890789078905, -6.948244824482443 ] ] ] } },
{ "type": "Feature", "properties": { "year": 2044, "layer": "atrisk" }, "geometry": { "type": "Polygon", "coordinates": [ [ [ 110.419741974197422, -6.947719771977199 ], [ 110.419666966696681, -6.948544854485451 ], [ 110.421467146714676, -6.951620162016197 ], [ 110.423942394239418, -6.951620162016196 ], [ 110.423117311731176, -6.950195019501951 ], [ 110.419741974197422, -6.947719771977199 ] ], [ [ 110.420492049204924, -6.948469846984698 ], [ 110.420567056705664, -6.948394839483951 ], [ 110.420567056705664, -6.948469846984699 ], [ 110.420492049204924, -6.948469846984698 ] ], [ [ 110.42019201920192, -6.949069906990695 ], [ 110.420717071707173, -6.948694869486943 ], [ 110.420717071707173, -6.949219921992206 ], [ 110.42019201920192, -6.949069906990695 ] ], [ [ 110.421767176717665, -6.949969996999696 ], [ 110.421917191719174, -6.949819981998198 ], [ 110.421992199219929, -6.949969996999696 ], [ 110.421767176717665, -6.949969996999696 ] ], [ [ 110.421917191719174, -6.950120012001198 ], [ 110.422292229222919, -6.950120012001197 ], [ 110.422217221722178, -6.950270027002705 ], [ 110.421917191719174, -6.950120012001198 ] ], [ [ 110.422292229222919, -6.950270027002706 ], [ 110.422367236723673, -6.950195019501953 ], [ 110.422367236723673, -6.950270027002707 ], [ 110.422292229222919, -6.950270027002706 ] ], [ [ 110.421242124212426, -6.950345034503457 ], [ 110.421392139213921, -6.950270027002691 ], [ 110.421392139213921, -6.950345034503446 ], [ 110.421242124212426, -6.950345034503457 ] ], [ [ 110.422217221722178, -6.950420042004204 ], [ 110.422367236723673, -6.950345034503445 ], [ 110.422367236723673, -6.950420042004201 ], [ 110.422217221722178, -6.950420042004204 ] ], [ [ 110.422442244224428, -6.9505700570057 ], [ 110.422517251725168, -6.950495049504945 ], [ 110.422517251725168, -6.950570057005702 ], [ 110.422442244224428, -6.9505700570057 ] ], [ [ 110.421692169216925, -6.951320132013197 ], [ 110.421992199219929, -6.950870087008703 ], [ 110.42184218421842, -6.951320132013203 ], [ 110.421692169216925, -6.951320132013197 ] ], [ [ 110.422217221722178, -6.951620162016208 ], [ 110.422517251725168, -6.951470147014697 ], [ 110.422517251725168, -6.951620162016194 ], [ 110.422217221722178, -6.951620162016208 ] ] ] } },
{ "type": "Feature", "properties": { "year": 2044, "layer": "atrisk" }, "geometry": { "type": "Polygon", "coordinates": [ [ [ 110.381863186318625, -6.950795079507953 ], [ 110.38193819381938, -6.952820282028201 ], [ 110.382388238823879, -6.954020402040205 ], [ 110.383063306330627, -6.954245424542456 ], [ 110.381863186318625, -6.950795079507953 ] ] ] } },
{ "type": "Feature", "properties": { "year": 2044, "layer": "atrisk" }, "geometry": { "type": "Polygon", "coordinates": [ [ [ 110.435193519351941, -6.940369036903689 ], [ 110.433093309330928, -6.94194419441945 ], [ 110.434368436843684, -6.946294629462945 ], [ 110.431818181818187, -6.942769276927698 ], [ 110.431443144314429, -6.944269426942694 ], [ 110.427692769276931, -6.945994599459937 ], [ 110.42626762676268, -6.942469246924698 ], [ 110.423942394239418, -6.941644164416448 ], [ 110.42349234923492, -6.944119411941189 ], [ 110.424467446744671, -6.946969696969698 ], [ 110.426867686768674, -6.950645064506457 ], [ 110.425967596759691, -6.952595259525955 ], [ 110.424692469246921, -6.951845184518456 ], [ 110.424242424242422, -6.952070207020706 ], [ 110.427092709270923, -6.954170417041697 ], [ 110.425967596759691, -6.954920492049202 ], [ 110.423567356735674, -6.953570357035701 ], [ 110.424242424242422, -6.955670567056705 ], [ 110.421167116711672, -6.955070507050704 ], [ 110.421617161716171, -6.953945394539446 ], [ 110.420492049204924, -6.953120312031197 ], [ 110.421092109210917, -6.952520252025209 ], [ 110.419516951695172, -6.953345334533455 ], [ 110.418691869186929, -6.9520702070207 ], [ 110.418616861686175, -6.948844884488456 ], [ 110.417416741674174, -6.948844884488445 ], [ 110.418616861686175, -6.948319831983199 ], [ 110.418691869186929, -6.945769576957694 ], [ 110.416816681668166, -6.9457695769577 ], [ 110.417491749174914, -6.948619861986197 ], [ 110.416141614161418, -6.948994899489955 ], [ 110.418241824182417, -6.950345034503457 ], [ 110.411866186618667, -6.951170117011703 ], [ 110.41269126912691, -6.951620162016194 ], [ 110.412841284128419, -6.952895289528959 ], [ 110.412916291629159, -6.951545154515448 ], [ 110.41719171917191, -6.951470147014698 ], [ 110.415241524152421, -6.952595259525952 ], [ 110.415841584158414, -6.955145514551455 ], [ 110.41269126912691, -6.954020402040202 ], [ 110.412616261626169, -6.952295229522951 ], [ 110.408715871587162, -6.953195319531954 ], [ 110.406090609060911, -6.947494749474947 ], [ 110.403090309030901, -6.946294629462949 ], [ 110.406240624062406, -6.948319831983197 ], [ 110.405265526552654, -6.94884488448845 ], [ 110.404740474047401, -6.952145214521445 ], [ 110.406090609060911, -6.951995199519949 ], [ 110.406690669066904, -6.952070207020697 ], [ 110.404815481548169, -6.952370237023702 ], [ 110.404365436543657, -6.951695169516949 ], [ 110.402415241524153, -6.952370237023709 ], [ 110.400840084008408, -6.951995199519948 ], [ 110.396039603960389, -6.948169816981695 ], [ 110.396564656465642, -6.950195019501953 ], [ 110.395139513951392, -6.950495049504947 ], [ 110.398214821482142, -6.958820882088212 ], [ 110.416666666666671, -6.959720972097202 ], [ 110.425217521752174, -6.957545754575453 ], [ 110.428592859285942, -6.955520552055199 ], [ 110.426642664266424, -6.956420642064215 ], [ 110.425142514251419, -6.956495649564958 ], [ 110.423867386738678, -6.956945694569454 ], [ 110.422592259225922, -6.957170717071705 ], [ 110.422292229222919, -6.957095709570955 ], [ 110.430243024302442, -6.954395439543953 ], [ 110.433168316831683, -6.951470147014697 ], [ 110.432268226822686, -6.950270027002704 ], [ 110.430093009300933, -6.951770177017695 ], [ 110.427692769276931, -6.950270027002698 ], [ 110.427467746774681, -6.948994899489945 ], [ 110.428442844284433, -6.950270027002702 ], [ 110.431218121812179, -6.950345034503449 ], [ 110.432193219321931, -6.950270027002695 ], [ 110.433168316831683, -6.949294929492944 ], [ 110.434293429342929, -6.950120012001206 ], [ 110.43541854185419, -6.948469846984698 ], [ 110.436468646864682, -6.945544554455449 ], [ 110.436918691869181, -6.945469546954696 ], [ 110.437218721872185, -6.944569456945699 ], [ 110.435943594359429, -6.944419441944186 ], [ 110.436093609360938, -6.943969396939702 ], [ 110.436768676867686, -6.944269426942691 ], [ 110.436918691869181, -6.943819381938193 ], [ 110.435193519351941, -6.940369036903689 ] ], [ [ 110.423792379237923, -6.943219321932197 ], [ 110.424467446744671, -6.943369336933685 ], [ 110.423867386738678, -6.944119411941197 ], [ 110.423792379237923, -6.943219321932197 ] ], [ [ 110.42484248424843, -6.943219321932196 ], [ 110.42491749174917, -6.943144314431446 ], [ 110.42491749174917, -6.943219321932195 ], [ 110.42484248424843, -6.943219321932196 ] ], [ [ 110.42491749174917, -6.943444344434434 ], [ 110.425217521752174, -6.943144314431448 ], [ 110.425292529252943, -6.94344434443444 ], [ 110.42491749174917, -6.943444344434434 ] ], [ [ 110.425817581758182, -6.943669366936692 ], [ 110.425967596759691, -6.94351935193519 ], [ 110.425892589258922, -6.943669366936686 ], [ 110.425817581758182, -6.943669366936692 ] ], [ [ 110.426042604260431, -6.943669366936699 ], [ 110.426117611761171, -6.94351935193519 ], [ 110.426192619261926, -6.943669366936695 ], [ 110.426042604260431, -6.943669366936699 ] ], [ [ 110.436468646864682, -6.943819381938186 ], [ 110.436618661866191, -6.94366936693669 ], [ 110.436618661866191, -6.943819381938191 ], [ 110.436468646864682, -6.943819381938186 ] ], [ [ 110.426192619261926, -6.943894389438939 ], [ 110.42634263426342, -6.943744374437441 ], [ 110.42634263426342, -6.943969396939691 ], [ 110.426192619261926, -6.943894389438939 ] ], [ [ 110.425142514251419, -6.943894389438948 ], [ 110.425217521752174, -6.943819381938187 ], [ 110.425217521752174, -6.943894389438944 ], [ 110.425142514251419, -6.943894389438948 ] ], [ [ 110.425367536753669, -6.944194419441935 ], [ 110.425517551755178, -6.944344434443449 ], [ 110.425367536753669, -6.944344434443441 ], [ 110.425367536753669, -6.944194419441935 ] ], [ [ 110.42956795679568, -6.945544554455441 ], [ 110.432268226822686, -6.94494449444944 ], [ 110.430618061806186, -6.945919591959192 ], [ 110.432043204320436, -6.946069606960694 ], [ 110.429942994299424, -6.946744674467439 ], [ 110.42956795679568, -6.945544554455441 ] ], [ [ 110.436168616861693, -6.94464446444645 ], [ 110.436243624362433, -6.9445694569457 ], [ 110.436243624362433, -6.944644464446443 ], [ 110.436168616861693, -6.94464446444645 ] ], [ [ 110.436018601860184, -6.945019501950196 ], [ 110.436993699369935, -6.945094509450944 ], [ 110.436093609360938, -6.945544554455453 ], [ 110.436018601860184, -6.945019501950196 ] ], [ [ 110.42484248424843, -6.946219621962201 ], [ 110.425517551755178, -6.945169516951702 ], [ 110.425292529252943, -6.946519651965199 ], [ 110.42484248424843, -6.946219621962201 ] ], [ [ 110.426117611761171, -6.945544554455448 ], [ 110.426492649264929, -6.945244524452451 ], [ 110.42656765676567, -6.945544554455442 ], [ 110.426117611761171, -6.945544554455448 ] ], [ [ 110.435793579357934, -6.945844584458444 ], [ 110.436093609360938, -6.945544554455453 ], [ 110.436018601860184, -6.94584458445844 ], [ 110.435793579357934, -6.945844584458444 ] ], [ [ 110.436168616861693, -6.945619561956202 ], [ 110.436243624362433, -6.945544554455447 ], [ 110.436243624362433, -6.94561956195619 ], [ 110.436168616861693, -6.945619561956202 ] ], [ [ 110.41711671167117, -6.946744674467441 ], [ 110.418241824182417, -6.945919591959189 ], [ 110.41854185418542, -6.946219621962197 ], [ 110.41711671167117, -6.946744674467441 ] ], [ [ 110.427992799279934, -6.945919591959195 ], [ 110.429492949294925, -6.947119711971203 ], [ 110.427767776777671, -6.948319831983197 ], [ 110.427392739273927, -6.9480198019802 ], [ 110.427992799279934, -6.945919591959195 ] ], [ [ 110.432493249324935, -6.946894689468942 ], [ 110.432943294329434, -6.946369636963699 ], [ 110.432943294329434, -6.946894689468954 ], [ 110.432493249324935, -6.946894689468942 ] ], [ [ 110.42491749174917, -6.946894689468944 ], [ 110.424992499249925, -6.946744674467443 ], [ 110.424992499249925, -6.946894689468945 ], [ 110.42491749174917, -6.946894689468944 ] ], [ [ 110.435193519351941, -6.947044704470448 ], [ 110.43564356435644, -6.946744674467454 ], [ 110.435493549354931, -6.947269726972695 ], [ 110.435193519351941, -6.947044704470448 ] ], [ [ 110.426492649264929, -6.947269726972698 ], [ 110.426867686768674, -6.946894689468943 ], [ 110.426942694269442, -6.947119711971195 ], [ 110.426492649264929, -6.947269726972698 ] ], [ [ 110.431068106810685, -6.946894689468942 ], [ 110.431818181818187, -6.947869786978696 ], [ 110.428067806780675, -6.949369936993707 ], [ 110.428142814281429, -6.948319831983192 ], [ 110.431068106810685, -6.946894689468942 ] ], [ [ 110.432118211821177, -6.94734473447345 ], [ 110.432343234323426, -6.946969696969687 ], [ 110.432268226822686, -6.94734473447344 ], [ 110.432118211821177, -6.94734473447345 ] ], [ [ 110.434293429342929, -6.947269726972691 ], [ 110.434743474347428, -6.947119711971197 ], [ 110.434818481848183, -6.947344734473446 ], [ 110.434293429342929, -6.947269726972691 ] ], [ [ 110.417416741674174, -6.947419741974191 ], [ 110.417716771677163, -6.94719471947195 ], [ 110.417716771677163, -6.947719771977193 ], [ 110.417416741674174, -6.947419741974191 ] ], [ [ 110.434893489348951, -6.947344734473448 ], [ 110.435193519351941, -6.947269726972698 ], [ 110.435193519351941, -6.947419741974205 ], [ 110.434893489348951, -6.947344734473448 ] ], [ [ 110.43241824182418, -6.947569756975697 ], [ 110.432868286828679, -6.948694869486947 ], [ 110.431518151815183, -6.949744974497449 ], [ 110.431368136813688, -6.94869486948695 ], [ 110.43241824182418, -6.947569756975697 ] ], [ [ 110.426192619261926, -6.948469846984698 ], [ 110.426792679267933, -6.94801980198019 ], [ 110.427017701770183, -6.947794779477953 ], [ 110.427317731773172, -6.947944794479451 ], [ 110.426192619261926, -6.948469846984698 ] ], [ [ 110.417566756675669, -6.948019801980192 ], [ 110.417641764176423, -6.947869786978699 ], [ 110.417641764176423, -6.948019801980204 ], [ 110.417566756675669, -6.948019801980192 ] ], [ [ 110.426942694269442, -6.948469846984699 ], [ 110.427392739273927, -6.948319831983196 ], [ 110.427317731773172, -6.948619861986197 ], [ 110.426942694269442, -6.948469846984699 ] ], [ [ 110.43406840684068, -6.949444944494447 ], [ 110.434218421842203, -6.948994899489946 ], [ 110.434368436843684, -6.949444944494442 ], [ 110.43406840684068, -6.949444944494447 ] ], [ [ 110.432568256825704, -6.949294929492953 ], [ 110.43264326432643, -6.949144914491443 ], [ 110.43264326432643, -6.949294929492956 ], [ 110.432568256825704, -6.949294929492953 ] ], [ [ 110.430318031803182, -6.949444944494447 ], [ 110.430618061806186, -6.949294929492956 ], [ 110.430618061806186, -6.949519951995201 ], [ 110.430318031803182, -6.949444944494447 ] ], [ [ 110.405565556555658, -6.950195019501942 ], [ 110.406165616561651, -6.949594959495945 ], [ 110.4063906390639, -6.950420042004197 ], [ 110.405565556555658, -6.950195019501942 ] ], [ [ 110.431368136813688, -6.949819981998196 ], [ 110.431443144314429, -6.949744974497441 ], [ 110.431443144314429, -6.949819981998193 ], [ 110.431368136813688, -6.949819981998196 ] ], [ [ 110.429117911791181, -6.950045004500453 ], [ 110.429192919291935, -6.949969996999693 ], [ 110.429192919291935, -6.95004500450045 ], [ 110.429117911791181, -6.950045004500453 ] ], [ [ 110.418391839183911, -6.950195019501956 ], [ 110.418466846684666, -6.950120012001196 ], [ 110.418466846684666, -6.950195019501947 ], [ 110.418391839183911, -6.950195019501956 ] ], [ [ 110.427317731773172, -6.950270027002703 ], [ 110.428517851785173, -6.951470147014696 ], [ 110.428367836783679, -6.952220222022209 ], [ 110.426867686768674, -6.951320132013203 ], [ 110.427317731773172, -6.950270027002703 ] ], [ [ 110.431818181818187, -6.951245124512456 ], [ 110.432118211821177, -6.951095109510951 ], [ 110.432268226822686, -6.951320132013195 ], [ 110.431818181818187, -6.951245124512456 ] ], [ [ 110.416666666666671, -6.951320132013202 ], [ 110.416741674167412, -6.951245124512449 ], [ 110.416741674167412, -6.951320132013198 ], [ 110.416666666666671, -6.951320132013202 ] ], [ [ 110.427092709270923, -6.951695169516952 ], [ 110.427092709270923, -6.951545154515455 ], [ 110.427317731773172, -6.951770177017707 ], [ 110.427092709270923, -6.951845184518454 ], [ 110.427092709270923, -6.951695169516952 ] ], [ [ 110.418091809180922, -6.951695169516954 ], [ 110.418241824182417, -6.951620162016205 ], [ 110.418241824182417, -6.951695169516944 ], [ 110.418091809180922, -6.951695169516954 ] ], [ [ 110.426942694269442, -6.951770177017698 ], [ 110.427017701770183, -6.951695169516953 ], [ 110.427017701770183, -6.951770177017695 ], [ 110.426942694269442, -6.951770177017698 ] ], [ [ 110.39881488148815, -6.952145214521448 ], [ 110.399189918991908, -6.951995199519947 ], [ 110.399114911491154, -6.952295229522948 ], [ 110.39881488148815, -6.952145214521448 ] ], [ [ 110.430543054305431, -6.951920192019199 ], [ 110.431068106810685, -6.951770177017699 ], [ 110.431143114311425, -6.951920192019207 ], [ 110.430543054305431, -6.951920192019199 ] ], [ [ 110.407515751575161, -6.953270327032707 ], [ 110.407515751575161, -6.952070207020698 ], [ 110.408040804080414, -6.953270327032697 ], [ 110.407515751575161, -6.953270327032707 ] ], [ [ 110.427317731773172, -6.952445244524451 ], [ 110.428142814281429, -6.952370237023696 ], [ 110.42791779177918, -6.952745274527453 ], [ 110.427317731773172, -6.952445244524451 ] ], [ [ 110.400540054005418, -6.952220222022207 ], [ 110.401140114011397, -6.952220222022197 ], [ 110.400615061506144, -6.952445244524458 ], [ 110.400540054005418, -6.952220222022207 ] ], [ [ 110.404290429042902, -6.952220222022194 ], [ 110.404440444044411, -6.952070207020705 ], [ 110.404440444044411, -6.952220222022195 ], [ 110.404290429042902, -6.952220222022194 ] ], [ [ 110.417791779177918, -6.952370237023702 ], [ 110.418016801680182, -6.952220222022207 ], [ 110.417941794179413, -6.952370237023699 ], [ 110.417791779177918, -6.952370237023702 ] ], [ [ 110.40654065406541, -6.952295229522959 ], [ 110.40661566156615, -6.952220222022198 ], [ 110.40661566156615, -6.952295229522959 ], [ 110.40654065406541, -6.952295229522959 ] ], [ [ 110.403015301530147, -6.952370237023699 ], [ 110.403090309030901, -6.952295229522948 ], [ 110.403090309030901, -6.952370237023702 ], [ 110.403015301530147, -6.952370237023699 ] ], [ [ 110.400315031503155, -6.952520252025194 ], [ 110.400540054005418, -6.9523702370237 ], [ 110.400540054005418, -6.952445244524458 ], [ 110.400315031503155, -6.952520252025194 ] ], [ [ 110.403390339033905, -6.952670267026707 ], [ 110.405040504050405, -6.953420342034209 ], [ 110.40331533153315, -6.953570357035709 ], [ 110.403390339033905, -6.952670267026707 ] ], [ [ 110.429642964296434, -6.952595259525944 ], [ 110.429867986798683, -6.952520252025208 ], [ 110.429867986798683, -6.952670267026707 ], [ 110.429642964296434, -6.952595259525944 ] ], [ [ 110.406765676567659, -6.953045304530449 ], [ 110.407140714071403, -6.952595259525948 ], [ 110.407290729072912, -6.952895289528955 ], [ 110.406765676567659, -6.953045304530449 ] ], [ [ 110.426942694269442, -6.953420342034196 ], [ 110.427467746774681, -6.952895289528957 ], [ 110.42791779177918, -6.953045304530451 ], [ 110.426942694269442, -6.953420342034196 ] ], [ [ 110.418091809180922, -6.953270327032708 ], [ 110.41876687668767, -6.952820282028196 ], [ 110.418691869186929, -6.953495349534955 ], [ 110.418091809180922, -6.953270327032708 ] ], [ [ 110.428667866786682, -6.95319531953195 ], [ 110.429717971797174, -6.953120312031203 ], [ 110.428967896789672, -6.953720372037207 ], [ 110.428667866786682, -6.95319531953195 ] ], [ [ 110.425367536753669, -6.952895289528961 ], [ 110.425442544254423, -6.952820282028203 ], [ 110.425442544254423, -6.952895289528953 ], [ 110.425367536753669, -6.952895289528961 ] ], [ [ 110.410441044104431, -6.953120312031209 ], [ 110.411266126612659, -6.953195319531946 ], [ 110.411341134113414, -6.95334533453346 ], [ 110.410441044104431, -6.953120312031209 ] ], [ [ 110.40939093909391, -6.953195319531948 ], [ 110.411341134113414, -6.953570357035709 ], [ 110.414941494149417, -6.95604560456045 ], [ 110.410591059105911, -6.955595559555958 ], [ 110.40939093909391, -6.953195319531948 ] ], [ [ 110.428067806780675, -6.953420342034203 ], [ 110.428367836783679, -6.953570357035696 ], [ 110.42791779177918, -6.953870387038701 ], [ 110.428067806780675, -6.953420342034203 ] ], [ [ 110.403090309030901, -6.953570357035698 ], [ 110.40316531653167, -6.953495349534958 ], [ 110.40316531653167, -6.953570357035705 ], [ 110.403090309030901, -6.953570357035698 ] ], [ [ 110.407140714071403, -6.954020402040205 ], [ 110.408040804080414, -6.953795379537953 ], [ 110.407440744074421, -6.954095409540959 ], [ 110.408565856585653, -6.954170417041707 ], [ 110.409465946594679, -6.955295529552958 ], [ 110.407815781578151, -6.954770477047711 ], [ 110.407140714071403, -6.954020402040205 ] ], [ [ 110.405490549054903, -6.953870387038697 ], [ 110.406015601560156, -6.953645364536452 ], [ 110.406015601560156, -6.953720372037203 ], [ 110.405490549054903, -6.953870387038697 ] ], [ [ 110.40654065406541, -6.954020402040201 ], [ 110.406840684068413, -6.953795379537954 ], [ 110.406765676567659, -6.954095409540953 ], [ 110.40654065406541, -6.954020402040201 ] ], [ [ 110.428967896789672, -6.953945394539461 ], [ 110.429042904290426, -6.953795379537951 ], [ 110.429042904290426, -6.953945394539446 ], [ 110.428967896789672, -6.953945394539461 ] ], [ [ 110.427092709270923, -6.954170417041697 ], [ 110.427317731773172, -6.953945394539462 ], [ 110.427317731773172, -6.954170417041695 ], [ 110.427092709270923, -6.954170417041697 ] ], [ [ 110.402940294029406, -6.954245424542447 ], [ 110.40331533153315, -6.953945394539454 ], [ 110.403765376537649, -6.954170417041708 ], [ 110.402940294029406, -6.954245424542447 ] ], [ [ 110.405490549054903, -6.954395439543948 ], [ 110.405940594059402, -6.9541704170417 ], [ 110.405865586558662, -6.954470447044701 ], [ 110.405490549054903, -6.954395439543948 ] ], [ [ 110.40151515151517, -6.954170417041698 ], [ 110.401740174017405, -6.954170417041698 ], [ 110.40151515151517, -6.954245424542457 ], [ 110.40151515151517, -6.954170417041698 ] ], [ [ 110.428592859285942, -6.954320432043199 ], [ 110.428742874287423, -6.954095409540947 ], [ 110.428817881788177, -6.954395439543945 ], [ 110.428592859285942, -6.954320432043199 ] ], [ [ 110.39881488148815, -6.954770477047704 ], [ 110.400315031503155, -6.954320432043208 ], [ 110.399489948994898, -6.954620462046209 ], [ 110.399714971497147, -6.955295529552951 ], [ 110.39881488148815, -6.954770477047704 ] ], [ [ 110.40046504650465, -6.954245424542453 ], [ 110.400540054005418, -6.954170417041698 ], [ 110.400540054005418, -6.954245424542458 ], [ 110.40046504650465, -6.954245424542453 ] ], [ [ 110.400915091509148, -6.954245424542454 ], [ 110.401140114011397, -6.954170417041698 ], [ 110.401140114011397, -6.954245424542449 ], [ 110.400915091509148, -6.954245424542454 ] ], [ [ 110.404215421542148, -6.954920492049205 ], [ 110.405340534053408, -6.954320432043199 ], [ 110.40496549654965, -6.955295529552949 ], [ 110.404215421542148, -6.954920492049205 ] ], [ [ 110.427842784278425, -6.954320432043194 ], [ 110.42791779177918, -6.954245424542455 ], [ 110.42791779177918, -6.954320432043207 ], [ 110.427842784278425, -6.954320432043194 ] ], [ [ 110.400615061506144, -6.95439543954395 ], [ 110.401065106510657, -6.954320432043203 ], [ 110.401065106510657, -6.954395439543948 ], [ 110.400615061506144, -6.95439543954395 ] ], [ [ 110.420942094209423, -6.954470447044698 ], [ 110.421317131713181, -6.954695469546951 ], [ 110.421092109210917, -6.954920492049198 ], [ 110.420942094209423, -6.954470447044698 ] ], [ [ 110.41854185418542, -6.954845484548452 ], [ 110.419216921692168, -6.954395439543955 ], [ 110.419216921692168, -6.954545454545452 ], [ 110.41854185418542, -6.954845484548452 ] ], [ [ 110.39986498649867, -6.954620462046203 ], [ 110.4002400240024, -6.954470447044709 ], [ 110.4002400240024, -6.954545454545449 ], [ 110.39986498649867, -6.954620462046203 ] ], [ [ 110.426942694269442, -6.954845484548452 ], [ 110.427017701770183, -6.954695469546953 ], [ 110.427017701770183, -6.954845484548457 ], [ 110.426942694269442, -6.954845484548452 ] ], [ [ 110.40181518151816, -6.955145514551456 ], [ 110.402115211521149, -6.954845484548458 ], [ 110.402190219021918, -6.955070507050705 ], [ 110.40181518151816, -6.955145514551456 ] ], [ [ 110.402265226522658, -6.955070507050706 ], [ 110.402415241524153, -6.95499549954996 ], [ 110.402190219021918, -6.955220522052196 ], [ 110.402265226522658, -6.955070507050706 ] ], [ [ 110.424692469246921, -6.95499549954996 ], [ 110.424992499249925, -6.955070507050698 ], [ 110.424767476747675, -6.955220522052198 ], [ 110.424692469246921, -6.95499549954996 ] ], [ [ 110.403615361536154, -6.955070507050701 ], [ 110.403765376537649, -6.954995499549953 ], [ 110.403765376537649, -6.9550705070507 ], [ 110.403615361536154, -6.955070507050701 ] ], [ [ 110.414566456645659, -6.955145514551463 ], [ 110.414716471647168, -6.955070507050702 ], [ 110.414716471647168, -6.95522052205221 ], [ 110.414566456645659, -6.955145514551463 ] ], [ [ 110.420492049204924, -6.955595559555949 ], [ 110.420867086708668, -6.955070507050706 ], [ 110.420417041704169, -6.955895589558952 ], [ 110.420492049204924, -6.955595559555949 ] ], [ [ 110.400090009000905, -6.955445544554451 ], [ 110.401215121512152, -6.955820582058198 ], [ 110.400090009000905, -6.955670567056704 ], [ 110.400090009000905, -6.955445544554451 ] ], [ [ 110.407365736573652, -6.955520552055201 ], [ 110.40796579657966, -6.955970597059702 ], [ 110.407365736573652, -6.955595559555964 ], [ 110.407365736573652, -6.955520552055201 ] ], [ [ 110.409090909090921, -6.955895589558954 ], [ 110.40961596159616, -6.95559555955595 ], [ 110.409540954095405, -6.956570657065708 ], [ 110.409090909090921, -6.955895589558954 ] ], [ [ 110.41546654665467, -6.955520552055214 ], [ 110.415616561656165, -6.95544554455445 ], [ 110.415616561656165, -6.955520552055211 ], [ 110.41546654665467, -6.955520552055214 ] ], [ [ 110.421317131713181, -6.955520552055206 ], [ 110.421617161716171, -6.955595559555946 ], [ 110.421392139213921, -6.955670567056705 ], [ 110.421317131713181, -6.955520552055206 ] ], [ [ 110.399714971497147, -6.956045604560463 ], [ 110.400015001500151, -6.955670567056703 ], [ 110.400090009000905, -6.956045604560448 ], [ 110.399714971497147, -6.956045604560463 ] ], [ [ 110.407065706570663, -6.955595559555949 ], [ 110.407215721572157, -6.955520552055202 ], [ 110.407215721572157, -6.955595559555952 ], [ 110.407065706570663, -6.955595559555949 ] ], [ [ 110.401665166516651, -6.955745574557454 ], [ 110.402040204020409, -6.955595559555963 ], [ 110.402040204020409, -6.955670567056704 ], [ 110.401665166516651, -6.955745574557454 ] ], [ [ 110.41539153915393, -6.955820582058204 ], [ 110.415841584158414, -6.955670567056708 ], [ 110.415991599159909, -6.95597059705971 ], [ 110.41539153915393, -6.955820582058204 ] ], [ [ 110.422292229222919, -6.956120612061214 ], [ 110.422517251725168, -6.955895589558954 ], [ 110.422517251725168, -6.956120612061201 ], [ 110.422292229222919, -6.956120612061214 ] ], [ [ 110.422592259225922, -6.956045604560459 ], [ 110.422667266726691, -6.955895589558953 ], [ 110.422667266726691, -6.956045604560461 ], [ 110.422592259225922, -6.956045604560459 ] ], [ [ 110.405640564056412, -6.956270627062698 ], [ 110.405865586558662, -6.956045604560448 ], [ 110.405865586558662, -6.956195619561954 ], [ 110.405640564056412, -6.956270627062698 ] ], [ [ 110.410216021602167, -6.956570657065704 ], [ 110.410516051605157, -6.956345634563451 ], [ 110.410441044104431, -6.956570657065698 ], [ 110.410216021602167, -6.956570657065704 ] ], [ [ 110.41546654665467, -6.956795679567953 ], [ 110.41711671167117, -6.956420642064201 ], [ 110.41711671167117, -6.956570657065702 ], [ 110.41546654665467, -6.956795679567953 ] ], [ [ 110.418991899189919, -6.956270627062706 ], [ 110.419141914191414, -6.956120612061205 ], [ 110.419141914191414, -6.956270627062704 ], [ 110.418991899189919, -6.956270627062706 ] ], [ [ 110.407365736573652, -6.95634563456345 ], [ 110.407515751575161, -6.956270627062712 ], [ 110.407515751575161, -6.95634563456345 ], [ 110.407365736573652, -6.95634563456345 ] ], [ [ 110.417716771677163, -6.956870687068706 ], [ 110.417941794179413, -6.956345634563456 ], [ 110.418316831683171, -6.956795679567961 ], [ 110.417716771677163, -6.956870687068706 ] ], [ [ 110.418916891689165, -6.957095709570954 ], [ 110.42019201920192, -6.956945694569463 ], [ 110.419516951695172, -6.958670867086709 ], [ 110.418916891689165, -6.957095709570954 ] ], [ [ 110.421242124212426, -6.956645664566458 ], [ 110.421692169216925, -6.95634563456346 ], [ 110.42184218421842, -6.956645664566453 ], [ 110.421242124212426, -6.956645664566458 ] ], [ [ 110.422367236723673, -6.956495649564951 ], [ 110.422442244224428, -6.95634563456345 ], [ 110.422442244224428, -6.956495649564948 ], [ 110.422367236723673, -6.956495649564951 ] ], [ [ 110.423342334233425, -6.956420642064202 ], [ 110.423417341734179, -6.95634563456345 ], [ 110.423417341734179, -6.95642064206421 ], [ 110.423342334233425, -6.956420642064202 ] ], [ [ 110.410816081608161, -6.956720672067201 ], [ 110.411116111611179, -6.95657065706571 ], [ 110.411116111611179, -6.956720672067215 ], [ 110.410816081608161, -6.956720672067201 ] ], [ [ 110.400090009000905, -6.956945694569449 ], [ 110.40046504650465, -6.956720672067211 ], [ 110.40046504650465, -6.956870687068704 ], [ 110.400090009000905, -6.956945694569449 ] ], [ [ 110.408715871587162, -6.957095709570956 ], [ 110.409015901590152, -6.956720672067202 ], [ 110.408940894089412, -6.957095709570949 ], [ 110.408715871587162, -6.957095709570956 ] ], [ [ 110.407140714071403, -6.956945694569458 ], [ 110.407290729072912, -6.95672067206721 ], [ 110.407290729072912, -6.956945694569454 ], [ 110.407140714071403, -6.956945694569458 ] ], [ [ 110.418391839183911, -6.957020702070201 ], [ 110.41854185418542, -6.956870687068704 ], [ 110.418466846684666, -6.957020702070207 ], [ 110.418391839183911, -6.957020702070201 ] ], [ [ 110.420642064206419, -6.957170717071713 ], [ 110.421392139213921, -6.957020702070201 ], [ 110.421767176717665, -6.957245724572452 ], [ 110.420642064206419, -6.957170717071713 ] ], [ [ 110.416891689168921, -6.957095709570952 ], [ 110.417791779177918, -6.957545754575458 ], [ 110.416741674167412, -6.957695769576965 ], [ 110.416891689168921, -6.957095709570952 ] ], [ [ 110.42491749174917, -6.957395739573965 ], [ 110.425067506750679, -6.956945694569459 ], [ 110.425367536753669, -6.957170717071715 ], [ 110.42491749174917, -6.957395739573965 ] ], [ [ 110.410516051605157, -6.957545754575462 ], [ 110.410666066606666, -6.957395739573967 ], [ 110.410666066606666, -6.957470747074708 ], [ 110.410516051605157, -6.957545754575462 ] ], [ [ 110.410891089108915, -6.958220822082205 ], [ 110.411116111611179, -6.957395739573955 ], [ 110.411191119111905, -6.958295829582966 ], [ 110.410891089108915, -6.958220822082205 ] ], [ [ 110.422667266726691, -6.957620762076207 ], [ 110.423042304230421, -6.957395739573957 ], [ 110.423117311731176, -6.957620762076203 ], [ 110.422667266726691, -6.957620762076207 ] ], [ [ 110.40661566156615, -6.957770777077703 ], [ 110.406765676567659, -6.95762076207621 ], [ 110.406690669066904, -6.957770777077711 ], [ 110.40661566156615, -6.957770777077703 ] ], [ [ 110.400765076507653, -6.958370837083715 ], [ 110.400615061506144, -6.957620762076212 ], [ 110.40151515151517, -6.958145814581457 ], [ 110.400765076507653, -6.958370837083715 ] ], [ [ 110.415541554155411, -6.958370837083717 ], [ 110.416441644164422, -6.957920792079206 ], [ 110.416291629162913, -6.95837083708371 ], [ 110.415541554155411, -6.958370837083717 ] ], [ [ 110.423417341734179, -6.957770777077705 ], [ 110.423717371737169, -6.957845784578454 ], [ 110.423417341734179, -6.957845784578456 ], [ 110.423417341734179, -6.957770777077705 ] ], [ [ 110.423342334233425, -6.957920792079208 ], [ 110.423417341734179, -6.957845784578456 ], [ 110.423417341734179, -6.957920792079206 ], [ 110.423342334233425, -6.957920792079208 ] ], [ [ 110.408865886588657, -6.957995799579963 ], [ 110.409015901590152, -6.957920792079204 ], [ 110.409015901590152, -6.957995799579961 ], [ 110.408865886588657, -6.957995799579963 ] ], [ [ 110.418691869186929, -6.958145814581461 ], [ 110.418916891689165, -6.957995799579962 ], [ 110.418991899189919, -6.958145814581457 ], [ 110.418691869186929, -6.958145814581461 ] ], [ [ 110.408790879087903, -6.958220822082206 ], [ 110.408865886588657, -6.958145814581464 ], [ 110.408865886588657, -6.9582208220822 ], [ 110.408790879087903, -6.958220822082206 ] ], [ [ 110.402115211521149, -6.958370837083706 ], [ 110.402190219021918, -6.958220822082206 ], [ 110.402265226522658, -6.958370837083702 ], [ 110.402115211521149, -6.958370837083706 ] ], [ [ 110.412616261626169, -6.958295829582964 ], [ 110.41269126912691, -6.958220822082211 ], [ 110.41269126912691, -6.958295829582966 ], [ 110.412616261626169, -6.958295829582964 ] ], [ [ 110.418616861686175, -6.958370837083702 ], [ 110.41876687668767, -6.958295829582958 ], [ 110.41876687668767, -6.958370837083704 ], [ 110.418616861686175, -6.958370837083702 ] ], [ [ 110.416291629162913, -6.958670867086703 ], [ 110.416366636663682, -6.958595859585956 ], [ 110.416366636663682, -6.95867086708671 ], [ 110.416291629162913, -6.958670867086703 ] ], [ [ 110.416366636663682, -6.958745874587466 ], [ 110.416591659165917, -6.958670867086707 ], [ 110.416591659165917, -6.958745874587463 ], [ 110.416366636663682, -6.958745874587466 ] ], [ [ 110.416666666666671, -6.959045904590456 ], [ 110.416816681668166, -6.958745874587457 ], [ 110.416816681668166, -6.959045904590454 ], [ 110.416666666666671, -6.959045904590456 ] ], [ [ 110.41576657665766, -6.958895889588968 ], [ 110.415841584158414, -6.958820882088203 ], [ 110.415841584158414, -6.958895889588955 ], [ 110.41576657665766, -6.958895889588968 ] ], [ [ 110.418391839183911, -6.958970897089703 ], [ 110.418691869186929, -6.959120912091204 ], [ 110.418391839183911, -6.959120912091214 ], [ 110.418391839183911, -6.958970897089703 ] ], [ [ 110.415841584158414, -6.95904590459045 ], [ 110.416291629162913, -6.958895889588958 ], [ 110.416366636663682, -6.959045904590451 ], [ 110.415841584158414, -6.95904590459045 ] ], [ [ 110.418241824182417, -6.958970897089706 ], [ 110.418316831683171, -6.958895889588963 ], [ 110.418316831683171, -6.958970897089704 ], [ 110.418241824182417, -6.958970897089706 ] ] ] } },
{ "type": "Feature", "properties": { "year": 2044, "layer": "atrisk" }, "geometry": { "type": "Polygon", "coordinates": [ [ [ 110.392364236423646, -6.958520852085216 ], [ 110.389738973897394, -6.959720972097216 ], [ 110.392514251425141, -6.959345934593461 ], [ 110.392364236423646, -6.958520852085216 ] ] ] } },
{ "type": "Feature", "properties": { "year": 2044, "layer": "atrisk" }, "geometry": { "type": "Polygon", "coordinates": [ [ [ 110.319456945694569, -6.938268826882693 ], [ 110.312406240624057, -6.943744374437443 ], [ 110.318181818181813, -6.952970297029702 ], [ 110.319531953195323, -6.950720072007202 ], [ 110.318631863186312, -6.952970297029711 ], [ 110.319081908190824, -6.953795379537956 ], [ 110.327557755775572, -6.958595859585952 ], [ 110.333558355835578, -6.95972097209721 ], [ 110.359135913591359, -6.959720972097215 ], [ 110.359285928592854, -6.95769576957695 ], [ 110.359660966096612, -6.959720972097211 ], [ 110.359885988598876, -6.954845484548454 ], [ 110.362511251125113, -6.954770477047705 ], [ 110.359960996099616, -6.955670567056704 ], [ 110.36033603360336, -6.95972097209721 ], [ 110.388088808880894, -6.959720972097202 ], [ 110.388313831383158, -6.95867086708671 ], [ 110.390189018901893, -6.958970897089715 ], [ 110.387188718871883, -6.958370837083703 ], [ 110.386138613861391, -6.959270927092703 ], [ 110.383738373837389, -6.958445844584462 ], [ 110.383663366336648, -6.955595559555958 ], [ 110.382013201320149, -6.954620462046197 ], [ 110.363036303630366, -6.9543204320432 ], [ 110.349309930993115, -6.952220222022198 ], [ 110.344884488448841, -6.949144914491447 ], [ 110.327632763276327, -6.942844284428435 ], [ 110.319456945694569, -6.938268826882693 ] ], [ [ 110.322382238223824, -6.942169216921697 ], [ 110.322532253225319, -6.942094209420944 ], [ 110.322607260726073, -6.942244224422448 ], [ 110.322382238223824, -6.942169216921697 ] ], [ [ 110.32208220822082, -6.946444644464442 ], [ 110.32508250825083, -6.946294629462948 ], [ 110.324107410741078, -6.947494749474941 ], [ 110.32208220822082, -6.946444644464442 ] ], [ [ 110.32515751575157, -6.946519651965204 ], [ 110.325682568256823, -6.94614461446145 ], [ 110.325757575757578, -6.946594659465949 ], [ 110.32515751575157, -6.946519651965204 ] ], [ [ 110.325832583258332, -6.947119711971204 ], [ 110.325907590759073, -6.947044704470447 ], [ 110.325907590759073, -6.947119711971204 ], [ 110.325832583258332, -6.947119711971204 ] ], [ [ 110.322532253225319, -6.947269726972704 ], [ 110.322757275727568, -6.947119711971195 ], [ 110.322757275727568, -6.947194719471954 ], [ 110.322532253225319, -6.947269726972704 ] ], [ [ 110.322232223222343, -6.947344734473446 ], [ 110.322532253225319, -6.947269726972704 ], [ 110.322532253225319, -6.947419741974199 ], [ 110.322232223222343, -6.947344734473446 ] ], [ [ 110.319831983198313, -6.951095109510943 ], [ 110.319906990699081, -6.951020102010204 ], [ 110.319906990699081, -6.951095109510955 ], [ 110.319831983198313, -6.951095109510943 ] ], [ [ 110.319456945694569, -6.951320132013194 ], [ 110.319831983198313, -6.9511701170117 ], [ 110.319456945694569, -6.951470147014703 ], [ 110.319456945694569, -6.951320132013194 ] ], [ [ 110.319231923192319, -6.951845184518442 ], [ 110.319306930693074, -6.951770177017695 ], [ 110.319306930693074, -6.951845184518449 ], [ 110.319231923192319, -6.951845184518442 ] ], [ [ 110.355610561056125, -6.954620462046209 ], [ 110.359435943594363, -6.954470447044697 ], [ 110.359360936093609, -6.957020702070201 ], [ 110.359135913591359, -6.9547704770477 ], [ 110.355610561056125, -6.954620462046209 ] ], [ [ 110.37556255625563, -6.954620462046206 ], [ 110.377512751275134, -6.9555205520552 ], [ 110.374887488748868, -6.955220522052206 ], [ 110.371587158715869, -6.955445544554463 ], [ 110.369936993699369, -6.9564206420642 ], [ 110.370762076207626, -6.955445544554452 ], [ 110.369636963696365, -6.955295529552957 ], [ 110.367611761176121, -6.956495649564953 ], [ 110.365661566156618, -6.955445544554463 ], [ 110.365286528652859, -6.95657065706571 ], [ 110.363786378637869, -6.954995499549959 ], [ 110.37556255625563, -6.954620462046206 ] ], [ [ 110.37443744374437, -6.955520552055198 ], [ 110.374512451245124, -6.955445544554461 ], [ 110.374512451245124, -6.955520552055204 ], [ 110.37443744374437, -6.955520552055198 ] ], [ [ 110.373612361236127, -6.95559555955596 ], [ 110.373687368736867, -6.955520552055207 ], [ 110.373687368736867, -6.955595559555963 ], [ 110.373612361236127, -6.95559555955596 ] ], [ [ 110.373837383738376, -6.955670567056711 ], [ 110.373987398739871, -6.955520552055212 ], [ 110.373912391239131, -6.955670567056713 ], [ 110.373837383738376, -6.955670567056711 ] ], [ [ 110.365811581158127, -6.95627062706271 ], [ 110.365961596159622, -6.956195619561959 ], [ 110.365961596159622, -6.956270627062709 ], [ 110.365811581158127, -6.95627062706271 ] ], [ [ 110.366486648664875, -6.956270627062705 ], [ 110.36663666366637, -6.956195619561958 ], [ 110.36663666366637, -6.956270627062708 ], [ 110.366486648664875, -6.956270627062705 ] ], [ [ 110.366786678667864, -6.957620762076209 ], [ 110.36806180618062, -6.956720672067205 ], [ 110.368136813681375, -6.957695769576953 ], [ 110.366786678667864, -6.957620762076209 ] ], [ [ 110.367986798679866, -6.956645664566459 ], [ 110.36806180618062, -6.95657065706571 ], [ 110.36806180618062, -6.956645664566465 ], [ 110.367986798679866, -6.956645664566459 ] ], [ [ 110.36198619861986, -6.957170717071707 ], [ 110.362736273627362, -6.957245724572453 ], [ 110.361911191119106, -6.957470747074713 ], [ 110.36198619861986, -6.957170717071707 ] ], [ [ 110.359285928592854, -6.957245724572452 ], [ 110.359360936093609, -6.957170717071702 ], [ 110.359360936093609, -6.957245724572454 ], [ 110.359285928592854, -6.957245724572452 ] ], [ [ 110.361461146114607, -6.957470747074709 ], [ 110.361686168616856, -6.957245724572451 ], [ 110.361686168616856, -6.957470747074716 ], [ 110.361461146114607, -6.957470747074709 ] ], [ [ 110.352160216021602, -6.958370837083713 ], [ 110.352235223522356, -6.958295829582951 ], [ 110.352235223522356, -6.958370837083706 ], [ 110.352160216021602, -6.958370837083713 ] ], [ [ 110.352085208520847, -6.95844584458445 ], [ 110.352160216021602, -6.958370837083713 ], [ 110.352160216021602, -6.958445844584461 ], [ 110.352085208520847, -6.95844584458445 ] ], [ [ 110.352010201020107, -6.958595859585953 ], [ 110.352085208520847, -6.95852085208521 ], [ 110.352085208520847, -6.958595859585956 ], [ 110.352010201020107, -6.958595859585953 ] ], [ [ 110.351935193519353, -6.958670867086703 ], [ 110.352010201020107, -6.958595859585953 ], [ 110.352010201020107, -6.95867086708671 ], [ 110.351935193519353, -6.958670867086703 ] ], [ [ 110.383663366336648, -6.958670867086701 ], [ 110.383738373837389, -6.958595859585965 ], [ 110.383738373837389, -6.958670867086708 ], [ 110.383663366336648, -6.958670867086701 ] ], [ [ 110.351335133513345, -6.959195919591964 ], [ 110.3514101410141, -6.959120912091213 ], [ 110.3514101410141, -6.959195919591957 ], [ 110.351335133513345, -6.959195919591964 ] ], [ [ 110.35118511851185, -6.959270927092711 ], [ 110.351260126012605, -6.959195919591959 ], [ 110.351260126012605, -6.959270927092705 ], [ 110.35118511851185, -6.959270927092711 ] ], [ [ 110.350210021002098, -6.959495949594952 ], [ 110.350285028502853, -6.959420942094212 ], [ 110.350285028502853, -6.959495949594964 ], [ 110.350210021002098, -6.959495949594952 ] ], [ [ 110.350810081008106, -6.95949594959496 ], [ 110.350885088508846, -6.959420942094204 ], [ 110.350885088508846, -6.959495949594962 ], [ 110.350810081008106, -6.95949594959496 ] ], [ [ 110.350360036003607, -6.959570957095708 ], [ 110.350435043504348, -6.959495949594961 ], [ 110.350435043504348, -6.959570957095703 ], [ 110.350360036003607, -6.959570957095708 ] ], [ [ 110.350735073507352, -6.959570957095704 ], [ 110.350810081008106, -6.95949594959496 ], [ 110.350810081008106, -6.959570957095713 ], [ 110.350735073507352, -6.959570957095704 ] ], [ [ 110.350585058505857, -6.959645964596457 ], [ 110.350735073507352, -6.959570957095704 ], [ 110.350735073507352, -6.959645964596467 ], [ 110.350585058505857, -6.959645964596457 ] ] ] } },
{ "type": "Feature", "properties": { "year": 2044, "layer": "atrisk" }, "geometry": { "type": "Polygon", "coordinates": [ [ [ 110.394989498949897, -6.957395739573963 ], [ 110.394539453945399, -6.959720972097211 ], [ 110.39581458145814, -6.959720972097217 ], [ 110.395064506450652, -6.959045904590452 ], [ 110.394989498949897, -6.957395739573963 ] ] ] } }
]
}
