{
"type": "FeatureCollection",
"name": "atrisk_2037",
"crs": { "type": "name", "properties": { "name": "urn:ogc:def:crs:OGC:1.3:CRS84" } },
"features": [
{ "type": "Feature", "properties": { "year": 2037, "layer": "atrisk" }, "geometry": { "type": "Polygon", "coordinates": [ [ [ 110.575532553255329, -6.75 ], [ 110.572832283228323, -6.750600060005998 ], [ 110.575532553255329, -6.750150015001497 ], [ 110.575532553255329, -6.75 ] ] ] } },
{ "type": "Feature", "properties": { "year": 2037, "layer": "atrisk" }, "geometry": { "type": "Polygon", "coordinates": [ [ [ 110.53990399039904, -6.750750075007499 ], [ 110.539603960396036, -6.751125112511251 ], [ 110.540279027902784, -6.751500150015008 ], [ 110.53990399039904, -6.750750075007499 ] ] ] } },
{ "type": "Feature", "properties": { "year": 2037, "layer": "atrisk" }, "geometry": { "type": "Polygon", "coordinates": [ [ [ 110.583708370837087, -6.751200120012001 ], [ 110.582733273327335, -6.751875187518755 ], [ 110.583183318331834, -6.752025202520247 ], [ 110.583708370837087, -6.751200120012001 ] ] ] } },
{ "type": "Feature", "properties": { "year": 2037, "layer": "atrisk" }, "geometry": { "type": "Polygon", "coordinates": [ [ [ 110.564056405640585, -6.75 ], [ 110.566981698169812, -6.752250225022503 ], [ 110.571707170717076, -6.75007500750075 ], [ 110.571707170717076, -6.75 ], [ 110.564056405640585, -6.75 ] ] ] } },
{ "type": "Feature", "properties": { "year": 2037, "layer": "atrisk" }, "geometry": { "type": "Polygon", "coordinates": [ [ [ 110.58453345334533, -6.752100210021005 ], [ 110.583633363336332, -6.752850285028502 ], [ 110.583408340834083, -6.753750375037506 ], [ 110.584458445844589, -6.753600360036009 ], [ 110.58453345334533, -6.752100210021005 ] ] ] } },
{ "type": "Feature", "properties": { "year": 2037, "layer": "atrisk" }, "geometry": { "type": "Polygon", "coordinates": [ [ [ 110.580558055805596, -6.752625262526255 ], [ 110.578007800780071, -6.753000300030009 ], [ 110.577857785778576, -6.753900390039011 ], [ 110.581008100810081, -6.753900390038996 ], [ 110.580558055805596, -6.752625262526255 ] ] ] } },
{ "type": "Feature", "properties": { "year": 2037, "layer": "atrisk" }, "geometry": { "type": "Polygon", "coordinates": [ [ [ 110.571632163216336, -6.753300330033009 ], [ 110.570732073207324, -6.754125412541248 ], [ 110.571707170717076, -6.754050405040497 ], [ 110.571632163216336, -6.753300330033009 ] ] ] } },
{ "type": "Feature", "properties": { "year": 2037, "layer": "atrisk" }, "geometry": { "type": "Polygon", "coordinates": [ [ [ 110.583033303330339, -6.753300330033002 ], [ 110.582058205820587, -6.75247524752475 ], [ 110.582208220822096, -6.754200420042004 ], [ 110.583033303330339, -6.753300330033002 ] ] ] } },
{ "type": "Feature", "properties": { "year": 2037, "layer": "atrisk" }, "geometry": { "type": "Polygon", "coordinates": [ [ [ 110.568856885688575, -6.753300330032997 ], [ 110.568481848184817, -6.754350435043502 ], [ 110.569456945694569, -6.754650465046496 ], [ 110.569681968196818, -6.754050405040497 ], [ 110.568856885688575, -6.753300330032997 ] ] ] } },
{ "type": "Feature", "properties": { "year": 2037, "layer": "atrisk" }, "geometry": { "type": "Polygon", "coordinates": [ [ [ 110.541104110411041, -6.75 ], [ 110.545829582958291, -6.75592559255925 ], [ 110.547479747974791, -6.755700570057004 ], [ 110.543429342934289, -6.75 ], [ 110.541104110411041, -6.75 ] ] ] } },
{ "type": "Feature", "properties": { "year": 2037, "layer": "atrisk" }, "geometry": { "type": "Polygon", "coordinates": [ [ [ 110.549504950495063, -6.756375637563751 ], [ 110.548829882988301, -6.756450645064513 ], [ 110.549354935493554, -6.756675667566754 ], [ 110.549504950495063, -6.756375637563751 ] ] ] } },
{ "type": "Feature", "properties": { "year": 2037, "layer": "atrisk" }, "geometry": { "type": "Polygon", "coordinates": [ [ [ 110.571482148214827, -6.75652565256525 ], [ 110.569981998199836, -6.757425742574261 ], [ 110.570057005700576, -6.758700870087001 ], [ 110.571407140714072, -6.757725772577253 ], [ 110.571482148214827, -6.75652565256525 ] ] ] } },
{ "type": "Feature", "properties": { "year": 2037, "layer": "atrisk" }, "geometry": { "type": "Polygon", "coordinates": [ [ [ 110.547254725472541, -6.759075907590766 ], [ 110.546354635463544, -6.759900990099009 ], [ 110.546654665466548, -6.760126012601257 ], [ 110.547254725472541, -6.759075907590766 ] ] ] } },
{ "type": "Feature", "properties": { "year": 2037, "layer": "atrisk" }, "geometry": { "type": "Polygon", "coordinates": [ [ [ 110.577482748274832, -6.759675967596768 ], [ 110.577932793279345, -6.761326132613258 ], [ 110.578457845784584, -6.761401140114007 ], [ 110.578607860786079, -6.759975997599751 ], [ 110.577482748274832, -6.759675967596768 ] ] ] } },
{ "type": "Feature", "properties": { "year": 2037, "layer": "atrisk" }, "geometry": { "type": "Polygon", "coordinates": [ [ [ 110.566606660666068, -6.759300930093004 ], [ 110.565631563156316, -6.759975997599761 ], [ 110.566231623162309, -6.761551155115503 ], [ 110.567131713171321, -6.760501050105018 ], [ 110.566606660666068, -6.759300930093004 ] ] ] } },
{ "type": "Feature", "properties": { "year": 2037, "layer": "atrisk" }, "geometry": { "type": "Polygon", "coordinates": [ [ [ 110.555955595559553, -6.761176117611768 ], [ 110.554905490549061, -6.762376237623767 ], [ 110.555655565556549, -6.762526252625259 ], [ 110.555955595559553, -6.761176117611768 ] ] ] } },
{ "type": "Feature", "properties": { "year": 2037, "layer": "atrisk" }, "geometry": { "type": "Polygon", "coordinates": [ [ [ 110.58423342334234, -6.754275427542751 ], [ 110.582508250825086, -6.759075907590762 ], [ 110.581608160816089, -6.7576507650765 ], [ 110.575007500750075, -6.757200720072006 ], [ 110.574782478247826, -6.755550555055503 ], [ 110.572982298229817, -6.755850585058509 ], [ 110.572157215721575, -6.756450645064502 ], [ 110.57515751575157, -6.757425742574257 ], [ 110.574107410741078, -6.759900990099014 ], [ 110.577032703270334, -6.759000900090001 ], [ 110.582433243324331, -6.760501050105007 ], [ 110.583633363336332, -6.763726372637266 ], [ 110.58423342334234, -6.754275427542751 ] ] ] } },
{ "type": "Feature", "properties": { "year": 2037, "layer": "atrisk" }, "geometry": { "type": "Polygon", "coordinates": [ [ [ 110.568706870687066, -6.763876387638763 ], [ 110.569006900690084, -6.763126312631258 ], [ 110.566381638163818, -6.763501350135004 ], [ 110.568706870687066, -6.763876387638763 ] ], [ [ 110.568481848184817, -6.763426342634269 ], [ 110.568556855685571, -6.763351335133507 ], [ 110.568556855685571, -6.76342634263427 ], [ 110.568481848184817, -6.763426342634269 ] ] ] } },
{ "type": "Feature", "properties": { "year": 2037, "layer": "atrisk" }, "geometry": { "type": "Polygon", "coordinates": [ [ [ 110.552505250525073, -6.808955895589562 ], [ 110.551080108010808, -6.808430843084302 ], [ 110.549504950495063, -6.811281128112816 ], [ 110.552505250525073, -6.808955895589562 ] ] ] } },
{ "type": "Feature", "properties": { "year": 2037, "layer": "atrisk" }, "geometry": { "type": "Polygon", "coordinates": [ [ [ 110.576282628262845, -6.759900990099013 ], [ 110.572307230723084, -6.761701170117013 ], [ 110.575007500750075, -6.761251125112503 ], [ 110.575457545754574, -6.762826282628267 ], [ 110.573057305730572, -6.763051305130517 ], [ 110.570657065706584, -6.764176417641769 ], [ 110.575607560756069, -6.764326432643267 ], [ 110.575457545754574, -6.769876987698774 ], [ 110.576882688268824, -6.770627062706262 ], [ 110.576057605760582, -6.768976897689773 ], [ 110.577407740774078, -6.767551755175523 ], [ 110.578082808280826, -6.770702070207024 ], [ 110.575532553255329, -6.771452145214529 ], [ 110.575457545754574, -6.770477047704776 ], [ 110.575232523252325, -6.773477347734771 ], [ 110.572982298229817, -6.77475247524752 ], [ 110.569456945694569, -6.775202520252023 ], [ 110.568331833183322, -6.775952595259531 ], [ 110.56593159315932, -6.784428442844288 ], [ 110.565781578157811, -6.78727872787278 ], [ 110.567056705670566, -6.788178817881779 ], [ 110.565331533153312, -6.78795379537953 ], [ 110.562706270627075, -6.792904290429049 ], [ 110.564806480648059, -6.795454545454548 ], [ 110.567281728172816, -6.792679267926785 ], [ 110.565406540654067, -6.796054605460551 ], [ 110.569156915691565, -6.795229522952286 ], [ 110.569756975697572, -6.79822982298229 ], [ 110.568331833183322, -6.798979897989796 ], [ 110.567206720672061, -6.797779777977794 ], [ 110.566456645664573, -6.798454845484541 ], [ 110.566081608160815, -6.797404740474056 ], [ 110.564206420642066, -6.796879687968804 ], [ 110.565031503150323, -6.796579657965793 ], [ 110.564431443144315, -6.795979597959788 ], [ 110.563006300630065, -6.797704770477049 ], [ 110.563831383138307, -6.795829582958299 ], [ 110.561881188118818, -6.795004500450043 ], [ 110.559555955595556, -6.798154815481547 ], [ 110.55985598559856, -6.800330033003299 ], [ 110.561356135613565, -6.798904890489052 ], [ 110.560081008100823, -6.800930093009298 ], [ 110.560231023102304, -6.801830183018302 ], [ 110.561656165616569, -6.800630063006308 ], [ 110.561806180618063, -6.801755175517544 ], [ 110.56758175817582, -6.805130513051301 ], [ 110.568106810681073, -6.805205520552054 ], [ 110.568331833183322, -6.804755475547547 ], [ 110.568631863186312, -6.804680468046803 ], [ 110.567956795679564, -6.80558055805581 ], [ 110.569756975697572, -6.806855685568555 ], [ 110.569756975697572, -6.80730573057305 ], [ 110.567731773177314, -6.806405640564052 ], [ 110.566456645664573, -6.808130813081314 ], [ 110.568406840684062, -6.810381038103802 ], [ 110.56293129312931, -6.804605460546056 ], [ 110.566306630663064, -6.807755775577551 ], [ 110.567131713171321, -6.806930693069313 ], [ 110.567431743174311, -6.805805580558061 ], [ 110.560306030603059, -6.80198019801981 ], [ 110.560081008100823, -6.803705370537059 ], [ 110.556705670567055, -6.805880588058803 ], [ 110.554230423042299, -6.809030903090314 ], [ 110.56293129312931, -6.816006600660069 ], [ 110.563531353135318, -6.81345634563457 ], [ 110.568481848184817, -6.81240624062406 ], [ 110.568256825682568, -6.811356135613554 ], [ 110.569456945694569, -6.811956195619564 ], [ 110.571182118211823, -6.811281128112814 ], [ 110.577257725772597, -6.807080708070805 ], [ 110.581533153315334, -6.801530153015299 ], [ 110.582658265826581, -6.798979897989804 ], [ 110.581908190819078, -6.799954995499546 ], [ 110.581983198319833, -6.800255025502545 ], [ 110.581533153315334, -6.799879987998805 ], [ 110.583933393339336, -6.795154515451541 ], [ 110.584458445844589, -6.791779177917794 ], [ 110.582058205820587, -6.790279027902787 ], [ 110.58145814581458, -6.79365436543655 ], [ 110.581533153315334, -6.789978997899788 ], [ 110.578757875787574, -6.788703870387039 ], [ 110.582133213321328, -6.789528952895292 ], [ 110.584458445844589, -6.791404140414036 ], [ 110.584608460846084, -6.770702070207022 ], [ 110.581758175817583, -6.770552055205525 ], [ 110.582958295829584, -6.76650165016502 ], [ 110.581908190819078, -6.767326732673271 ], [ 110.582133213321328, -6.764476447644761 ], [ 110.579732973297325, -6.763951395139514 ], [ 110.583558355835578, -6.764776477647757 ], [ 110.58423342334234, -6.764101410141012 ], [ 110.581083108310835, -6.762601260126003 ], [ 110.576057605760582, -6.762901290129014 ], [ 110.576282628262845, -6.759900990099013 ] ], [ [ 110.576882688268824, -6.764851485148521 ], [ 110.577707770777081, -6.765301530153012 ], [ 110.576957695769579, -6.765826582658267 ], [ 110.576882688268824, -6.764851485148521 ] ], [ [ 110.575682568256823, -6.768451845184522 ], [ 110.575757575757578, -6.768301830183025 ], [ 110.575757575757578, -6.768451845184527 ], [ 110.575682568256823, -6.768451845184522 ] ], [ [ 110.575532553255329, -6.769351935193516 ], [ 110.575607560756069, -6.769276927692762 ], [ 110.575607560756069, -6.769351935193525 ], [ 110.575532553255329, -6.769351935193516 ] ], [ [ 110.570357035703566, -6.775277527752782 ], [ 110.570582058205815, -6.775127512751276 ], [ 110.570582058205815, -6.775277527752783 ], [ 110.570357035703566, -6.775277527752782 ] ], [ [ 110.571107110711068, -6.77535253525352 ], [ 110.571182118211823, -6.775202520252019 ], [ 110.571182118211823, -6.775352535253528 ], [ 110.571107110711068, -6.77535253525352 ] ], [ [ 110.569756975697572, -6.775427542754276 ], [ 110.569831983198327, -6.775352535253521 ], [ 110.569831983198327, -6.775427542754275 ], [ 110.569756975697572, -6.775427542754276 ] ], [ [ 110.569756975697572, -6.775877587758781 ], [ 110.570132013201317, -6.775577557755772 ], [ 110.570132013201317, -6.77580258025802 ], [ 110.569756975697572, -6.775877587758781 ] ], [ [ 110.569606960696063, -6.775802580258032 ], [ 110.569681968196818, -6.775577557755778 ], [ 110.569681968196818, -6.775802580258028 ], [ 110.569606960696063, -6.775802580258032 ] ], [ [ 110.568931893189315, -6.776027602760282 ], [ 110.569081908190824, -6.775652565256532 ], [ 110.569006900690084, -6.776027602760269 ], [ 110.568931893189315, -6.776027602760282 ] ], [ [ 110.569231923192319, -6.775877587758786 ], [ 110.569456945694569, -6.775802580258032 ], [ 110.569231923192319, -6.776177617761784 ], [ 110.569231923192319, -6.775877587758786 ] ], [ [ 110.568706870687066, -6.775877587758782 ], [ 110.568781878187821, -6.775802580258024 ], [ 110.568781878187821, -6.775877587758775 ], [ 110.568706870687066, -6.775877587758782 ] ], [ [ 110.568631863186312, -6.776252625262527 ], [ 110.568781878187821, -6.776402640264031 ], [ 110.568631863186312, -6.776552655265528 ], [ 110.568631863186312, -6.776252625262527 ] ], [ [ 110.569756975697572, -6.776327632763282 ], [ 110.569831983198327, -6.776102610261017 ], [ 110.569831983198327, -6.776327632763279 ], [ 110.569756975697572, -6.776327632763282 ] ], [ [ 110.570657065706584, -6.776552655265534 ], [ 110.571032103210328, -6.776252625262534 ], [ 110.570882088208819, -6.776702670267034 ], [ 110.570657065706584, -6.776552655265534 ] ], [ [ 110.578457845784584, -6.776177617761778 ], [ 110.583333333333329, -6.778202820282023 ], [ 110.58453345334533, -6.780003000300026 ], [ 110.581008100810081, -6.77947794779478 ], [ 110.578457845784584, -6.776177617761778 ] ], [ [ 110.568931893189315, -6.776327632763272 ], [ 110.569081908190824, -6.776477647764779 ], [ 110.568931893189315, -6.776627662766278 ], [ 110.568931893189315, -6.776327632763272 ] ], [ [ 110.569681968196818, -6.776477647764777 ], [ 110.569756975697572, -6.776327632763282 ], [ 110.569756975697572, -6.776477647764777 ], [ 110.569681968196818, -6.776477647764777 ] ], [ [ 110.570357035703566, -6.776552655265521 ], [ 110.570507050705075, -6.776327632763272 ], [ 110.57043204320432, -6.776552655265527 ], [ 110.570357035703566, -6.776552655265521 ] ], [ [ 110.569156915691565, -6.776702670267026 ], [ 110.569231923192319, -6.776402640264023 ], [ 110.569231923192319, -6.776702670267025 ], [ 110.569156915691565, -6.776702670267026 ] ], [ [ 110.569606960696063, -6.776702670267031 ], [ 110.569681968196818, -6.776627662766285 ], [ 110.569681968196818, -6.776702670267031 ], [ 110.569606960696063, -6.776702670267031 ] ], [ [ 110.570357035703566, -6.776777677767772 ], [ 110.570507050705075, -6.776927692769283 ], [ 110.570282028202826, -6.777152715271523 ], [ 110.570357035703566, -6.776777677767772 ] ], [ [ 110.570207020702071, -6.776927692769282 ], [ 110.570282028202826, -6.776777677767767 ], [ 110.570282028202826, -6.776927692769271 ], [ 110.570207020702071, -6.776927692769282 ] ], [ [ 110.570582058205815, -6.776927692769271 ], [ 110.570732073207324, -6.77677767776778 ], [ 110.570657065706584, -6.776927692769282 ], [ 110.570582058205815, -6.776927692769271 ] ], [ [ 110.570882088208819, -6.777002700270025 ], [ 110.570957095709574, -6.776852685268523 ], [ 110.570957095709574, -6.777002700270029 ], [ 110.570882088208819, -6.777002700270025 ] ], [ [ 110.570132013201317, -6.777077707770777 ], [ 110.570207020702071, -6.776927692769282 ], [ 110.570207020702071, -6.777077707770785 ], [ 110.570132013201317, -6.777077707770777 ] ], [ [ 110.570807080708065, -6.777077707770782 ], [ 110.570882088208819, -6.777002700270025 ], [ 110.570882088208819, -6.777077707770776 ], [ 110.570807080708065, -6.777077707770782 ] ], [ [ 110.569981998199836, -6.777152715271525 ], [ 110.570057005700576, -6.777077707770778 ], [ 110.570057005700576, -6.77715271527153 ], [ 110.569981998199836, -6.777152715271525 ] ], [ [ 110.570507050705075, -6.777152715271534 ], [ 110.570582058205815, -6.777077707770784 ], [ 110.570582058205815, -6.777152715271525 ], [ 110.570507050705075, -6.777152715271534 ] ], [ [ 110.569906990699067, -6.777377737773784 ], [ 110.570357035703566, -6.777377737773786 ], [ 110.570132013201317, -6.777827782778283 ], [ 110.569906990699067, -6.777377737773784 ] ], [ [ 110.570807080708065, -6.77775277527753 ], [ 110.570882088208819, -6.777452745274535 ], [ 110.571032103210328, -6.77775277527752 ], [ 110.570807080708065, -6.77775277527753 ] ], [ [ 110.569756975697572, -6.777677767776779 ], [ 110.569831983198327, -6.777527752775277 ], [ 110.569831983198327, -6.777677767776773 ], [ 110.569756975697572, -6.777677767776779 ] ], [ [ 110.57043204320432, -6.777602760276035 ], [ 110.570657065706584, -6.77767776777678 ], [ 110.570357035703566, -6.777977797779783 ], [ 110.57043204320432, -6.777602760276035 ] ], [ [ 110.568931893189315, -6.777827782778282 ], [ 110.569006900690084, -6.777752775277528 ], [ 110.569006900690084, -6.777827782778283 ], [ 110.568931893189315, -6.777827782778282 ] ], [ [ 110.569381938193814, -6.777752775277526 ], [ 110.569981998199836, -6.779552955295533 ], [ 110.569006900690084, -6.781953195319539 ], [ 110.571032103210328, -6.783078307830782 ], [ 110.572007200720066, -6.783228322832279 ], [ 110.573357335733576, -6.785103510351032 ], [ 110.572457245724578, -6.783978397839778 ], [ 110.567956795679564, -6.781728172817276 ], [ 110.568631863186312, -6.781128112811284 ], [ 110.569381938193814, -6.777752775277526 ] ], [ [ 110.568856885688575, -6.777977797779772 ], [ 110.568931893189315, -6.778052805280522 ], [ 110.568781878187821, -6.778052805280527 ], [ 110.568856885688575, -6.777977797779772 ] ], [ [ 110.569756975697572, -6.778052805280524 ], [ 110.569831983198327, -6.777902790279032 ], [ 110.569831983198327, -6.778052805280522 ], [ 110.569756975697572, -6.778052805280524 ] ], [ [ 110.570132013201317, -6.778052805280524 ], [ 110.570207020702071, -6.777977797779784 ], [ 110.570207020702071, -6.778052805280534 ], [ 110.570132013201317, -6.778052805280524 ] ], [ [ 110.569831983198327, -6.778352835283526 ], [ 110.570057005700576, -6.778052805280534 ], [ 110.569906990699067, -6.778352835283534 ], [ 110.569831983198327, -6.778352835283526 ] ], [ [ 110.568331833183322, -6.778952895289534 ], [ 110.568856885688575, -6.778427842784285 ], [ 110.568706870687066, -6.778877887788775 ], [ 110.568331833183322, -6.778952895289534 ] ], [ [ 110.570057005700576, -6.778277827782771 ], [ 110.570132013201317, -6.778127812781281 ], [ 110.570132013201317, -6.778277827782782 ], [ 110.570057005700576, -6.778277827782771 ] ], [ [ 110.570207020702071, -6.778352835283521 ], [ 110.570357035703566, -6.778127812781271 ], [ 110.570282028202826, -6.778352835283526 ], [ 110.570207020702071, -6.778352835283521 ] ], [ [ 110.570357035703566, -6.77857785778578 ], [ 110.570657065706584, -6.778352835283523 ], [ 110.570057005700576, -6.778877887788775 ], [ 110.570357035703566, -6.77857785778578 ] ], [ [ 110.568706870687066, -6.779102910291027 ], [ 110.569006900690084, -6.778652865286536 ], [ 110.568856885688575, -6.779102910291023 ], [ 110.568706870687066, -6.779102910291027 ] ], [ [ 110.569081908190824, -6.778727872787286 ], [ 110.569156915691565, -6.778577857785771 ], [ 110.569156915691565, -6.778727872787278 ], [ 110.569081908190824, -6.778727872787286 ] ], [ [ 110.569906990699067, -6.778802880288025 ], [ 110.569981998199836, -6.778727872787284 ], [ 110.569981998199836, -6.778802880288021 ], [ 110.569906990699067, -6.778802880288025 ] ], [ [ 110.569006900690084, -6.77895289528953 ], [ 110.569081908190824, -6.778802880288033 ], [ 110.569081908190824, -6.778952895289531 ], [ 110.569006900690084, -6.77895289528953 ] ], [ [ 110.570132013201317, -6.779102910291031 ], [ 110.570207020702071, -6.778952895289534 ], [ 110.570207020702071, -6.779102910291027 ], [ 110.570132013201317, -6.779102910291031 ] ], [ [ 110.568931893189315, -6.779102910291029 ], [ 110.569006900690084, -6.779027902790282 ], [ 110.569006900690084, -6.779102910291021 ], [ 110.568931893189315, -6.779102910291029 ] ], [ [ 110.570057005700576, -6.779252925292536 ], [ 110.570132013201317, -6.779102910291031 ], [ 110.570132013201317, -6.779252925292522 ], [ 110.570057005700576, -6.779252925292536 ] ], [ [ 110.569981998199836, -6.779402940294032 ], [ 110.570057005700576, -6.779252925292536 ], [ 110.570057005700576, -6.779402940294022 ], [ 110.569981998199836, -6.779402940294032 ] ], [ [ 110.574932493249335, -6.781578157815782 ], [ 110.575007500750075, -6.781503150315035 ], [ 110.575007500750075, -6.781578157815778 ], [ 110.574932493249335, -6.781578157815782 ] ], [ [ 110.573582358235825, -6.784278427842783 ], [ 110.57538253825382, -6.78165316531653 ], [ 110.57508250825083, -6.782328232823288 ], [ 110.573582358235825, -6.784278427842783 ] ], [ [ 110.574857485748581, -6.781728172817287 ], [ 110.575007500750075, -6.781653165316526 ], [ 110.575007500750075, -6.781803180318023 ], [ 110.574857485748581, -6.781728172817287 ] ], [ [ 110.568181818181813, -6.782178217821778 ], [ 110.568331833183322, -6.782103210321028 ], [ 110.568031803180318, -6.782778277827785 ], [ 110.568181818181813, -6.782178217821778 ] ], [ [ 110.568331833183322, -6.782253225322534 ], [ 110.568406840684062, -6.782178217821789 ], [ 110.568406840684062, -6.782253225322536 ], [ 110.568331833183322, -6.782253225322534 ] ], [ [ 110.568781878187821, -6.78247824782478 ], [ 110.569081908190824, -6.782403240324039 ], [ 110.569231923192319, -6.782553255325523 ], [ 110.568781878187821, -6.78247824782478 ] ], [ [ 110.569906990699067, -6.782328232823277 ], [ 110.569981998199836, -6.782253225322526 ], [ 110.569981998199836, -6.78232823282329 ], [ 110.569906990699067, -6.782328232823277 ] ], [ [ 110.569381938193814, -6.782703270327028 ], [ 110.569456945694569, -6.782553255325537 ], [ 110.569606960696063, -6.782703270327035 ], [ 110.569381938193814, -6.782703270327028 ] ], [ [ 110.567881788178823, -6.782853285328532 ], [ 110.567956795679564, -6.782778277827778 ], [ 110.567956795679564, -6.78285328532854 ], [ 110.567881788178823, -6.782853285328532 ] ], [ [ 110.571032103210328, -6.782928292829276 ], [ 110.571107110711068, -6.782853285328538 ], [ 110.571107110711068, -6.782928292829285 ], [ 110.571032103210328, -6.782928292829276 ] ], [ [ 110.571182118211823, -6.783003300330039 ], [ 110.571257125712577, -6.78292829282928 ], [ 110.571257125712577, -6.783003300330039 ], [ 110.571182118211823, -6.783003300330039 ] ], [ [ 110.569831983198327, -6.783078307830787 ], [ 110.569906990699067, -6.78300330033003 ], [ 110.569906990699067, -6.783078307830788 ], [ 110.569831983198327, -6.783078307830787 ] ], [ [ 110.571557155715567, -6.783078307830789 ], [ 110.571632163216336, -6.783003300330035 ], [ 110.571632163216336, -6.783078307830789 ], [ 110.571557155715567, -6.783078307830789 ] ], [ [ 110.567731773177314, -6.783228322832283 ], [ 110.567806780678069, -6.78307830783079 ], [ 110.567806780678069, -6.783228322832282 ], [ 110.567731773177314, -6.783228322832283 ] ], [ [ 110.567956795679564, -6.78345334533453 ], [ 110.568481848184817, -6.783153315331533 ], [ 110.568556855685571, -6.783378337833788 ], [ 110.567956795679564, -6.78345334533453 ] ], [ [ 110.567656765676574, -6.783378337833778 ], [ 110.567731773177314, -6.783228322832283 ], [ 110.567731773177314, -6.78337833783378 ], [ 110.567656765676574, -6.783378337833778 ] ], [ [ 110.56758175817582, -6.783528352835274 ], [ 110.567656765676574, -6.783378337833778 ], [ 110.567656765676574, -6.783528352835281 ], [ 110.56758175817582, -6.783528352835274 ] ], [ [ 110.567506750675065, -6.783678367836789 ], [ 110.56758175817582, -6.783603360336026 ], [ 110.56758175817582, -6.783678367836782 ], [ 110.567506750675065, -6.783678367836789 ] ], [ [ 110.572682268226828, -6.783753375337536 ], [ 110.572757275727568, -6.783678367836781 ], [ 110.572757275727568, -6.783753375337533 ], [ 110.572682268226828, -6.783753375337536 ] ], [ [ 110.567431743174311, -6.783828382838284 ], [ 110.567506750675065, -6.783753375337534 ], [ 110.567506750675065, -6.783828382838285 ], [ 110.567431743174311, -6.783828382838284 ] ], [ [ 110.567356735673584, -6.783978397839782 ], [ 110.567431743174311, -6.783903390339041 ], [ 110.567431743174311, -6.783978397839787 ], [ 110.567356735673584, -6.783978397839782 ] ], [ [ 110.572757275727568, -6.783978397839791 ], [ 110.572832283228323, -6.78390339033903 ], [ 110.572832283228323, -6.783978397839776 ], [ 110.572757275727568, -6.783978397839791 ] ], [ [ 110.572682268226828, -6.784053405340533 ], [ 110.572757275727568, -6.783978397839791 ], [ 110.572757275727568, -6.784053405340533 ], [ 110.572682268226828, -6.784053405340533 ] ], [ [ 110.572832283228323, -6.784203420342027 ], [ 110.572907290729077, -6.78397839783979 ], [ 110.572907290729077, -6.784203420342035 ], [ 110.572832283228323, -6.784203420342027 ] ], [ [ 110.573057305730572, -6.784203420342037 ], [ 110.573357335733576, -6.784128412841291 ], [ 110.57343234323433, -6.784278427842789 ], [ 110.573057305730572, -6.784203420342037 ] ], [ [ 110.567206720672061, -6.784278427842785 ], [ 110.567281728172816, -6.784203420342036 ], [ 110.567281728172816, -6.784278427842786 ], [ 110.567206720672061, -6.784278427842785 ] ], [ [ 110.57343234323433, -6.784353435343529 ], [ 110.573507350735071, -6.784278427842789 ], [ 110.573507350735071, -6.784353435343536 ], [ 110.57343234323433, -6.784353435343529 ] ], [ [ 110.57343234323433, -6.784503450345041 ], [ 110.573507350735071, -6.784428442844286 ], [ 110.573507350735071, -6.784503450345031 ], [ 110.57343234323433, -6.784503450345041 ] ], [ [ 110.566531653165313, -6.785028502850289 ], [ 110.566906690669072, -6.784878487848777 ], [ 110.566906690669072, -6.785028502850285 ], [ 110.566531653165313, -6.785028502850289 ] ], [ [ 110.56758175817582, -6.785178517851791 ], [ 110.567731773177314, -6.78495349534954 ], [ 110.567656765676574, -6.785178517851779 ], [ 110.56758175817582, -6.785178517851791 ] ], [ [ 110.566456645664573, -6.78607860786078 ], [ 110.566531653165313, -6.786003600360032 ], [ 110.566531653165313, -6.786078607860785 ], [ 110.566456645664573, -6.78607860786078 ] ], [ [ 110.566381638163818, -6.786303630363046 ], [ 110.566456645664573, -6.786153615361536 ], [ 110.566456645664573, -6.786303630363031 ], [ 110.566381638163818, -6.786303630363046 ] ], [ [ 110.583258325832588, -6.787353735373537 ], [ 110.584383438343835, -6.786903690369043 ], [ 110.583708370837087, -6.787878787878784 ], [ 110.583258325832588, -6.787353735373537 ] ], [ [ 110.569606960696063, -6.78817881788178 ], [ 110.569906990699067, -6.787428742874281 ], [ 110.570357035703566, -6.787053705370534 ], [ 110.570132013201317, -6.788403840384031 ], [ 110.569606960696063, -6.78817881788178 ] ], [ [ 110.569981998199836, -6.787203720372033 ], [ 110.570057005700576, -6.78712871287128 ], [ 110.570057005700576, -6.787203720372031 ], [ 110.569981998199836, -6.787203720372033 ] ], [ [ 110.57538253825382, -6.78787878787878 ], [ 110.576207620762077, -6.787578757875786 ], [ 110.575457545754574, -6.78832883288328 ], [ 110.57538253825382, -6.78787878787878 ] ], [ [ 110.569906990699067, -6.787278727872788 ], [ 110.569981998199836, -6.787203720372033 ], [ 110.569981998199836, -6.787278727872792 ], [ 110.569906990699067, -6.787278727872788 ] ], [ [ 110.574782478247826, -6.788628862886287 ], [ 110.57538253825382, -6.788478847884784 ], [ 110.574932493249335, -6.789078907890785 ], [ 110.574782478247826, -6.788628862886287 ] ], [ [ 110.569456945694569, -6.788778877887797 ], [ 110.569756975697572, -6.788328832883295 ], [ 110.569756975697572, -6.788778877887787 ], [ 110.570882088208819, -6.788703870387038 ], [ 110.570882088208819, -6.789078907890784 ], [ 110.569456945694569, -6.788778877887797 ] ], [ [ 110.574932493249335, -6.788403840384038 ], [ 110.575007500750075, -6.788328832883288 ], [ 110.575007500750075, -6.788403840384036 ], [ 110.574932493249335, -6.788403840384038 ] ], [ [ 110.569981998199836, -6.788478847884785 ], [ 110.570057005700576, -6.788403840384047 ], [ 110.570057005700576, -6.788478847884793 ], [ 110.569981998199836, -6.788478847884785 ] ], [ [ 110.569306930693074, -6.788703870387043 ], [ 110.569381938193814, -6.788628862886291 ], [ 110.569381938193814, -6.78870387038703 ], [ 110.569306930693074, -6.788703870387043 ] ], [ [ 110.579957995799575, -6.788703870387032 ], [ 110.580033003300329, -6.788628862886282 ], [ 110.580033003300329, -6.788703870387044 ], [ 110.579957995799575, -6.788703870387032 ] ], [ [ 110.571032103210328, -6.788853885388531 ], [ 110.575307530753079, -6.789978997899787 ], [ 110.576282628262845, -6.7922292229223 ], [ 110.579057905790577, -6.792754275427535 ], [ 110.57680768076807, -6.792979297929794 ], [ 110.576132613261322, -6.79245424542455 ], [ 110.575532553255329, -6.790804080408039 ], [ 110.571032103210328, -6.788853885388531 ] ], [ [ 110.565031503150323, -6.789153915391538 ], [ 110.565106510651063, -6.789078907890783 ], [ 110.565106510651063, -6.789153915391533 ], [ 110.565031503150323, -6.789153915391538 ] ], [ [ 110.565481548154821, -6.791704170417044 ], [ 110.567806780678069, -6.78952895289529 ], [ 110.566531653165313, -6.791779177917799 ], [ 110.565481548154821, -6.791704170417044 ] ], [ [ 110.570207020702071, -6.790054005400548 ], [ 110.57515751575157, -6.790804080408039 ], [ 110.575832583258332, -6.792454245424544 ], [ 110.570207020702071, -6.790054005400548 ] ], [ [ 110.569531953195323, -6.789753975397541 ], [ 110.569756975697572, -6.789828982898291 ], [ 110.569531953195323, -6.789903990399035 ], [ 110.569531953195323, -6.789753975397541 ] ], [ [ 110.56458145814581, -6.791179117911796 ], [ 110.564731473147319, -6.79102910291029 ], [ 110.564731473147319, -6.791179117911787 ], [ 110.56458145814581, -6.791179117911796 ] ], [ [ 110.564956495649568, -6.791329132913291 ], [ 110.565106510651063, -6.791179117911793 ], [ 110.565106510651063, -6.791329132913296 ], [ 110.564956495649568, -6.791329132913291 ] ], [ [ 110.564731473147319, -6.791329132913289 ], [ 110.564806480648059, -6.791254125412546 ], [ 110.564806480648059, -6.791329132913289 ], [ 110.564731473147319, -6.791329132913289 ] ], [ [ 110.565406540654067, -6.791329132913297 ], [ 110.565481548154821, -6.791254125412533 ], [ 110.565481548154821, -6.791329132913285 ], [ 110.565406540654067, -6.791329132913297 ] ], [ [ 110.564806480648059, -6.791404140414038 ], [ 110.564956495649568, -6.791329132913291 ], [ 110.564956495649568, -6.791404140414033 ], [ 110.564806480648059, -6.791404140414038 ] ], [ [ 110.563831383138307, -6.791779177917789 ], [ 110.564206420642066, -6.791479147914784 ], [ 110.563831383138307, -6.7919291929193 ], [ 110.563831383138307, -6.791779177917789 ] ], [ [ 110.564956495649568, -6.791479147914798 ], [ 110.565031503150323, -6.79140414041404 ], [ 110.565031503150323, -6.791479147914791 ], [ 110.564956495649568, -6.791479147914798 ] ], [ [ 110.581758175817583, -6.793579357935802 ], [ 110.581833183318338, -6.79335433543355 ], [ 110.581833183318338, -6.7935793579358 ], [ 110.581758175817583, -6.793579357935802 ] ], [ [ 110.573132313231326, -6.793429342934284 ], [ 110.574857485748581, -6.793654365436542 ], [ 110.574332433243328, -6.795379537953797 ], [ 110.572232223222329, -6.794929492949292 ], [ 110.573132313231326, -6.793429342934284 ] ], [ [ 110.581683168316829, -6.793654365436538 ], [ 110.581758175817583, -6.793579357935802 ], [ 110.581758175817583, -6.79365436543655 ], [ 110.581683168316829, -6.793654365436538 ] ], [ [ 110.581908190819078, -6.795079507950794 ], [ 110.582658265826581, -6.795829582958293 ], [ 110.581533153315334, -6.797479747974798 ], [ 110.581383138313825, -6.797104710471039 ], [ 110.581908190819078, -6.795079507950794 ] ], [ [ 110.573882388238829, -6.795454545454553 ], [ 110.573957395739569, -6.795379537953803 ], [ 110.573957395739569, -6.79545454545455 ], [ 110.573882388238829, -6.795454545454553 ] ], [ [ 110.574032403240324, -6.795529552955301 ], [ 110.574182418241818, -6.795454545454555 ], [ 110.574182418241818, -6.795529552955294 ], [ 110.574032403240324, -6.795529552955301 ] ], [ [ 110.575457545754574, -6.795754575457548 ], [ 110.577107710771074, -6.796429642964291 ], [ 110.576882688268824, -6.79732973297329 ], [ 110.57515751575157, -6.796729672967297 ], [ 110.575457545754574, -6.795754575457548 ] ], [ [ 110.562631263126306, -6.795904590459052 ], [ 110.562706270627075, -6.795829582958289 ], [ 110.562706270627075, -6.795904590459054 ], [ 110.562631263126306, -6.795904590459052 ] ], [ [ 110.562556255625566, -6.795979597959791 ], [ 110.562631263126306, -6.795904590459052 ], [ 110.562631263126306, -6.795979597959795 ], [ 110.562556255625566, -6.795979597959791 ] ], [ [ 110.561881188118818, -6.797404740474051 ], [ 110.562331233123317, -6.7965796579658 ], [ 110.562706270627075, -6.796804680468037 ], [ 110.562406240624057, -6.796804680468048 ], [ 110.561881188118818, -6.797404740474051 ] ], [ [ 110.562481248124811, -6.796129612961302 ], [ 110.562556255625566, -6.79605460546055 ], [ 110.562556255625566, -6.796129612961295 ], [ 110.562481248124811, -6.796129612961302 ] ], [ [ 110.562631263126306, -6.7961296129613 ], [ 110.562706270627075, -6.79605460546055 ], [ 110.562706270627075, -6.796129612961296 ], [ 110.562631263126306, -6.7961296129613 ] ], [ [ 110.562406240624057, -6.796279627962789 ], [ 110.562481248124811, -6.796129612961302 ], [ 110.562481248124811, -6.796279627962793 ], [ 110.562406240624057, -6.796279627962789 ] ], [ [ 110.562556255625566, -6.796279627962789 ], [ 110.562631263126306, -6.796204620462044 ], [ 110.562631263126306, -6.796279627962796 ], [ 110.562556255625566, -6.796279627962789 ] ], [ [ 110.562631263126306, -6.79635463546355 ], [ 110.56285628562857, -6.7964296429643 ], [ 110.562706270627075, -6.796504650465052 ], [ 110.562631263126306, -6.79635463546355 ] ], [ [ 110.562481248124811, -6.796354635463546 ], [ 110.562556255625566, -6.796279627962789 ], [ 110.562556255625566, -6.796354635463551 ], [ 110.562481248124811, -6.796354635463546 ] ], [ [ 110.564206420642066, -6.796429642964303 ], [ 110.56428142814282, -6.796279627962793 ], [ 110.56428142814282, -6.796429642964288 ], [ 110.564206420642066, -6.796429642964303 ] ], [ [ 110.570657065706584, -6.797029702970292 ], [ 110.572307230723084, -6.79665466546654 ], [ 110.572457245724578, -6.797029702970301 ], [ 110.570657065706584, -6.797029702970292 ] ], [ [ 110.564131413141311, -6.796504650465045 ], [ 110.564206420642066, -6.796429642964303 ], [ 110.564206420642066, -6.796504650465044 ], [ 110.564131413141311, -6.796504650465045 ] ], [ [ 110.579132913291332, -6.796504650465046 ], [ 110.579882988298834, -6.798529852985291 ], [ 110.580783078307832, -6.798004800480045 ], [ 110.580258025802578, -6.799429942994294 ], [ 110.577782778277822, -6.798529852985292 ], [ 110.579132913291332, -6.796504650465046 ] ], [ [ 110.563981398139816, -6.796654665466551 ], [ 110.564131413141311, -6.796579657965805 ], [ 110.564131413141311, -6.796654665466549 ], [ 110.563981398139816, -6.796654665466551 ] ], [ [ 110.564206420642066, -6.796654665466546 ], [ 110.56428142814282, -6.796579657965792 ], [ 110.56428142814282, -6.796654665466549 ], [ 110.564206420642066, -6.796654665466546 ] ], [ [ 110.57980798079808, -6.79680468046805 ], [ 110.579882988298834, -6.796654665466552 ], [ 110.579882988298834, -6.796804680468046 ], [ 110.57980798079808, -6.79680468046805 ] ], [ [ 110.563006300630065, -6.796954695469553 ], [ 110.563081308130833, -6.796879687968805 ], [ 110.563081308130833, -6.796954695469554 ], [ 110.563006300630065, -6.796954695469553 ] ], [ [ 110.562406240624057, -6.797029702970296 ], [ 110.562481248124811, -6.796954695469538 ], [ 110.562481248124811, -6.797029702970291 ], [ 110.562406240624057, -6.797029702970296 ] ], [ [ 110.563081308130833, -6.797029702970293 ], [ 110.563156315631559, -6.796954695469546 ], [ 110.563156315631559, -6.797029702970292 ], [ 110.563081308130833, -6.797029702970293 ] ], [ [ 110.564206420642066, -6.797104710471043 ], [ 110.56428142814282, -6.797029702970292 ], [ 110.56428142814282, -6.797104710471052 ], [ 110.564206420642066, -6.797104710471043 ] ], [ [ 110.561731173117323, -6.797329732973293 ], [ 110.561806180618063, -6.79725472547254 ], [ 110.561806180618063, -6.797329732973292 ], [ 110.561731173117323, -6.797329732973293 ] ], [ [ 110.560081008100823, -6.797779777977798 ], [ 110.560456045604568, -6.798154815481551 ], [ 110.560231023102304, -6.798229822982295 ], [ 110.560081008100823, -6.797779777977798 ] ], [ [ 110.56593159315932, -6.797629762976301 ], [ 110.566006600660074, -6.79755475547554 ], [ 110.566006600660074, -6.797629762976293 ], [ 110.56593159315932, -6.797629762976301 ] ], [ [ 110.580258025802578, -6.797704770477052 ], [ 110.580333033303333, -6.797629762976304 ], [ 110.580333033303333, -6.797704770477054 ], [ 110.580258025802578, -6.797704770477052 ] ], [ [ 110.57373237323732, -6.798604860486047 ], [ 110.574932493249335, -6.798229822982296 ], [ 110.574632463246346, -6.799129912991301 ], [ 110.57373237323732, -6.798604860486047 ] ], [ [ 110.580183018301824, -6.797929792979295 ], [ 110.580258025802578, -6.797779777977794 ], [ 110.580258025802578, -6.797929792979297 ], [ 110.580183018301824, -6.797929792979295 ] ], [ [ 110.580333033303333, -6.797929792979303 ], [ 110.580408040804087, -6.797854785478555 ], [ 110.580408040804087, -6.7979297929793 ], [ 110.580333033303333, -6.797929792979303 ] ], [ [ 110.567131713171321, -6.798004800480053 ], [ 110.567206720672061, -6.797929792979296 ], [ 110.567206720672061, -6.798004800480046 ], [ 110.567131713171321, -6.798004800480053 ] ], [ [ 110.580183018301824, -6.798304830483058 ], [ 110.580258025802578, -6.798229822982295 ], [ 110.580258025802578, -6.79830483048304 ], [ 110.580183018301824, -6.798304830483058 ] ], [ [ 110.561056105610575, -6.798904890489046 ], [ 110.561131113111315, -6.798829882988302 ], [ 110.561131113111315, -6.798904890489053 ], [ 110.561056105610575, -6.798904890489046 ] ], [ [ 110.574782478247826, -6.79905490549055 ], [ 110.574857485748581, -6.798979897989803 ], [ 110.574857485748581, -6.799054905490546 ], [ 110.574782478247826, -6.79905490549055 ] ], [ [ 110.578757875787574, -6.799354935493544 ], [ 110.578832883288328, -6.799279927992796 ], [ 110.578832883288328, -6.799354935493547 ], [ 110.578757875787574, -6.799354935493544 ] ], [ [ 110.582133213321328, -6.799954995499546 ], [ 110.582208220822096, -6.799879987998792 ], [ 110.582208220822096, -6.799954995499548 ], [ 110.582133213321328, -6.799954995499546 ] ], [ [ 110.582058205820587, -6.800105010501054 ], [ 110.582133213321328, -6.800030003000298 ], [ 110.582133213321328, -6.800105010501055 ], [ 110.582058205820587, -6.800105010501054 ] ], [ [ 110.56285628562857, -6.801680168016806 ], [ 110.56293129312931, -6.801605160516055 ], [ 110.56293129312931, -6.801680168016806 ], [ 110.56285628562857, -6.801680168016806 ] ], [ [ 110.561956195619558, -6.801755175517544 ], [ 110.562031203120313, -6.801680168016803 ], [ 110.562031203120313, -6.80175517551755 ], [ 110.561956195619558, -6.801755175517544 ] ], [ [ 110.563606360636058, -6.801980198019803 ], [ 110.563681368136812, -6.801830183018303 ], [ 110.563681368136812, -6.801980198019797 ], [ 110.563606360636058, -6.801980198019803 ] ], [ [ 110.564206420642066, -6.802355235523548 ], [ 110.56428142814282, -6.802280228022811 ], [ 110.56428142814282, -6.802355235523557 ], [ 110.564206420642066, -6.802355235523548 ] ], [ [ 110.56428142814282, -6.802430243024307 ], [ 110.564356435643575, -6.802355235523547 ], [ 110.564356435643575, -6.802430243024304 ], [ 110.56428142814282, -6.802430243024307 ] ], [ [ 110.564131413141311, -6.802505250525055 ], [ 110.564206420642066, -6.802430243024309 ], [ 110.564206420642066, -6.80250525052506 ], [ 110.564131413141311, -6.802505250525055 ] ], [ [ 110.565256525652572, -6.80325532553255 ], [ 110.565331533153312, -6.803180318031798 ], [ 110.565331533153312, -6.803255325532548 ], [ 110.565256525652572, -6.80325532553255 ] ], [ [ 110.565106510651063, -6.803330333033301 ], [ 110.565181518151817, -6.803255325532549 ], [ 110.565181518151817, -6.803330333033309 ], [ 110.565106510651063, -6.803330333033301 ] ], [ [ 110.565856585658565, -6.803555355535558 ], [ 110.56593159315932, -6.8034803480348 ], [ 110.56593159315932, -6.80355535553555 ], [ 110.565856585658565, -6.803555355535558 ] ], [ [ 110.566906690669072, -6.804230423042305 ], [ 110.566981698169812, -6.804155415541556 ], [ 110.566981698169812, -6.804230423042306 ], [ 110.566906690669072, -6.804230423042305 ] ], [ [ 110.56758175817582, -6.804830483048305 ], [ 110.567656765676574, -6.804755475547558 ], [ 110.567656765676574, -6.804830483048307 ], [ 110.56758175817582, -6.804830483048305 ] ], [ [ 110.558355835583555, -6.804830483048304 ], [ 110.563606360636058, -6.80708070807081 ], [ 110.56293129312931, -6.806330633063304 ], [ 110.563081308130833, -6.806105610561053 ], [ 110.566156615661569, -6.809630963096302 ], [ 110.560006000600055, -6.805730573057311 ], [ 110.558505850585064, -6.806255625562549 ], [ 110.558355835583555, -6.804830483048304 ] ], [ [ 110.567506750675065, -6.80498049804981 ], [ 110.56758175817582, -6.804830483048305 ], [ 110.56758175817582, -6.804980498049801 ], [ 110.567506750675065, -6.80498049804981 ] ], [ [ 110.567731773177314, -6.804905490549059 ], [ 110.567806780678069, -6.804830483048296 ], [ 110.567806780678069, -6.804905490549051 ], [ 110.567731773177314, -6.804905490549059 ] ], [ [ 110.568031803180318, -6.804905490549062 ], [ 110.568106810681073, -6.804830483048312 ], [ 110.568106810681073, -6.80490549054905 ], [ 110.568031803180318, -6.804905490549062 ] ], [ [ 110.567656765676574, -6.805055505550551 ], [ 110.567731773177314, -6.804905490549059 ], [ 110.567731773177314, -6.805055505550549 ], [ 110.567656765676574, -6.805055505550551 ] ], [ [ 110.567956795679564, -6.804980498049797 ], [ 110.568031803180318, -6.804905490549062 ], [ 110.568031803180318, -6.804980498049806 ], [ 110.567956795679564, -6.804980498049797 ] ], [ [ 110.56128112811281, -6.805430543054301 ], [ 110.561356135613565, -6.805355535553558 ], [ 110.561356135613565, -6.805430543054299 ], [ 110.56128112811281, -6.805430543054301 ] ], [ [ 110.568106810681073, -6.805580558055807 ], [ 110.568256825682568, -6.805505550555061 ], [ 110.568256825682568, -6.805655565556549 ], [ 110.568106810681073, -6.805580558055807 ] ], [ [ 110.557380738073803, -6.805655565556561 ], [ 110.557455745574558, -6.805580558055809 ], [ 110.557455745574558, -6.805655565556562 ], [ 110.557380738073803, -6.805655565556561 ] ], [ [ 110.561731173117323, -6.805805580558052 ], [ 110.561806180618063, -6.805730573057299 ], [ 110.561806180618063, -6.805805580558063 ], [ 110.561731173117323, -6.805805580558052 ] ], [ [ 110.561881188118818, -6.805880588058799 ], [ 110.561956195619558, -6.805805580558052 ], [ 110.561956195619558, -6.80588058805881 ], [ 110.561881188118818, -6.805880588058799 ] ], [ [ 110.562631263126306, -6.805955595559565 ], [ 110.562706270627075, -6.80588058805881 ], [ 110.562706270627075, -6.805955595559547 ], [ 110.562631263126306, -6.805955595559565 ] ], [ [ 110.562781278127815, -6.80610561056105 ], [ 110.56285628562857, -6.805955595559561 ], [ 110.56293129312931, -6.806105610561049 ], [ 110.562781278127815, -6.80610561056105 ] ], [ [ 110.558130813081306, -6.806405640564056 ], [ 110.558505850585064, -6.806405640564051 ], [ 110.55820582058206, -6.806630663066302 ], [ 110.558130813081306, -6.806405640564056 ] ], [ [ 110.557605760576052, -6.806705670567065 ], [ 110.557680768076807, -6.806630663066306 ], [ 110.557680768076807, -6.80670567056705 ], [ 110.557605760576052, -6.806705670567065 ] ], [ [ 110.558130813081306, -6.806705670567049 ], [ 110.55820582058206, -6.806630663066302 ], [ 110.55820582058206, -6.806705670567061 ], [ 110.558130813081306, -6.806705670567049 ] ], [ [ 110.557305730573063, -6.806855685568562 ], [ 110.557455745574558, -6.806705670567049 ], [ 110.557380738073803, -6.806855685568552 ], [ 110.557305730573063, -6.806855685568562 ] ], [ [ 110.567056705670566, -6.806780678067809 ], [ 110.567131713171321, -6.806705670567058 ], [ 110.567131713171321, -6.806780678067798 ], [ 110.567056705670566, -6.806780678067809 ] ], [ [ 110.556405640564051, -6.807455745574563 ], [ 110.557380738073803, -6.807305730573066 ], [ 110.556030603060307, -6.808580858085814 ], [ 110.556405640564051, -6.807455745574563 ] ], [ [ 110.557905790579056, -6.8076807680768 ], [ 110.558355835583555, -6.807380738073802 ], [ 110.558055805580551, -6.807755775577562 ], [ 110.557905790579056, -6.8076807680768 ] ], [ [ 110.558505850585064, -6.807380738073803 ], [ 110.558580858085804, -6.807305730573066 ], [ 110.558580858085804, -6.8073807380738 ], [ 110.558505850585064, -6.807380738073803 ] ], [ [ 110.557305730573063, -6.807980798079815 ], [ 110.557755775577562, -6.807755775577564 ], [ 110.557755775577562, -6.8078307830783 ], [ 110.557305730573063, -6.807980798079815 ] ], [ [ 110.557755775577562, -6.807980798079806 ], [ 110.557905790579056, -6.807830783078303 ], [ 110.557830783078302, -6.807980798079813 ], [ 110.557755775577562, -6.807980798079806 ] ], [ [ 110.564881488148814, -6.807980798079808 ], [ 110.564956495649568, -6.807905790579057 ], [ 110.564956495649568, -6.807980798079805 ], [ 110.564881488148814, -6.807980798079808 ] ], [ [ 110.570582058205815, -6.808955895589557 ], [ 110.570657065706584, -6.808880888088803 ], [ 110.570657065706584, -6.808955895589564 ], [ 110.570582058205815, -6.808955895589557 ] ], [ [ 110.570507050705075, -6.809030903090314 ], [ 110.570582058205815, -6.808955895589557 ], [ 110.570582058205815, -6.809030903090314 ], [ 110.570507050705075, -6.809030903090314 ] ], [ [ 110.57043204320432, -6.809180918091815 ], [ 110.570507050705075, -6.809030903090314 ], [ 110.570507050705075, -6.809180918091815 ], [ 110.57043204320432, -6.809180918091815 ] ], [ [ 110.570207020702071, -6.809330933093304 ], [ 110.570507050705075, -6.809405940594056 ], [ 110.570282028202826, -6.809480948094818 ], [ 110.570207020702071, -6.809330933093304 ] ], [ [ 110.570132013201317, -6.809480948094807 ], [ 110.570207020702071, -6.809405940594056 ], [ 110.570207020702071, -6.809480948094812 ], [ 110.570132013201317, -6.809480948094807 ] ], [ [ 110.570057005700576, -6.809555955595561 ], [ 110.570132013201317, -6.809480948094807 ], [ 110.570132013201317, -6.809555955595557 ], [ 110.570057005700576, -6.809555955595561 ] ], [ [ 110.569981998199836, -6.809630963096313 ], [ 110.570057005700576, -6.809555955595561 ], [ 110.570057005700576, -6.809630963096301 ], [ 110.569981998199836, -6.809630963096313 ] ], [ [ 110.569906990699067, -6.809705970597062 ], [ 110.569981998199836, -6.809630963096313 ], [ 110.569981998199836, -6.809705970597062 ], [ 110.569906990699067, -6.809705970597062 ] ], [ [ 110.569831983198327, -6.809780978097811 ], [ 110.569906990699067, -6.809705970597062 ], [ 110.569906990699067, -6.809780978097802 ], [ 110.569831983198327, -6.809780978097811 ] ], [ [ 110.569681968196818, -6.810006000600065 ], [ 110.569756975697572, -6.809930993099313 ], [ 110.569756975697572, -6.810006000600056 ], [ 110.569681968196818, -6.810006000600065 ] ], [ [ 110.569606960696063, -6.810081008100815 ], [ 110.569681968196818, -6.810006000600065 ], [ 110.569681968196818, -6.810081008100817 ], [ 110.569606960696063, -6.810081008100815 ] ], [ [ 110.569756975697572, -6.810231023102318 ], [ 110.569831983198327, -6.810156015601566 ], [ 110.569831983198327, -6.810231023102304 ], [ 110.569756975697572, -6.810231023102318 ] ], [ [ 110.569681968196818, -6.810306030603053 ], [ 110.569756975697572, -6.810231023102318 ], [ 110.569756975697572, -6.810306030603066 ], [ 110.569681968196818, -6.810306030603053 ] ], [ [ 110.568856885688575, -6.810756075607556 ], [ 110.570282028202826, -6.810831083108313 ], [ 110.57043204320432, -6.811506150615057 ], [ 110.568856885688575, -6.810756075607556 ] ], [ [ 110.571782178217816, -6.810456045604557 ], [ 110.571857185718571, -6.810381038103806 ], [ 110.571857185718571, -6.810456045604562 ], [ 110.571782178217816, -6.810456045604557 ] ], [ [ 110.571707170717076, -6.81053105310531 ], [ 110.571782178217816, -6.810456045604557 ], [ 110.571782178217816, -6.810531053105308 ], [ 110.571707170717076, -6.81053105310531 ] ], [ [ 110.571857185718571, -6.810606060606057 ], [ 110.571932193219325, -6.810456045604553 ], [ 110.571932193219325, -6.810606060606053 ], [ 110.571857185718571, -6.810606060606057 ] ], [ [ 110.571632163216336, -6.810606060606052 ], [ 110.571707170717076, -6.81053105310531 ], [ 110.571707170717076, -6.810606060606057 ], [ 110.571632163216336, -6.810606060606052 ] ], [ [ 110.571782178217816, -6.810681068106808 ], [ 110.571857185718571, -6.810606060606057 ], [ 110.571857185718571, -6.810681068106812 ], [ 110.571782178217816, -6.810681068106808 ] ] ] } },
{ "type": "Feature", "properties": { "year": 2037, "layer": "atrisk" }, "geometry": { "type": "Polygon", "coordinates": [ [ [ 110.553780378037814, -6.830108010801084 ], [ 110.550930093009299, -6.829507950795082 ], [ 110.553255325532547, -6.830183018301828 ], [ 110.553780378037814, -6.830108010801084 ] ] ] } },
{ "type": "Feature", "properties": { "year": 2037, "layer": "atrisk" }, "geometry": { "type": "Polygon", "coordinates": [ [ [ 110.540954095409546, -6.841134113411338 ], [ 110.539828982898285, -6.840909090909084 ], [ 110.540729072907297, -6.841584158415849 ], [ 110.540954095409546, -6.841134113411338 ] ] ] } },
{ "type": "Feature", "properties": { "year": 2037, "layer": "atrisk" }, "geometry": { "type": "Polygon", "coordinates": [ [ [ 110.52737773777379, -6.848109810981089 ], [ 110.522652265226526, -6.848334833483343 ], [ 110.521827182718269, -6.848859885988604 ], [ 110.524902490249019, -6.850210021002101 ], [ 110.52737773777379, -6.848109810981089 ] ] ] } },
{ "type": "Feature", "properties": { "year": 2037, "layer": "atrisk" }, "geometry": { "type": "Polygon", "coordinates": [ [ [ 110.442694269426937, -6.938943894389436 ], [ 110.440819081908202, -6.938043804380433 ], [ 110.439468946894692, -6.938943894389444 ], [ 110.442694269426937, -6.938943894389436 ] ] ] } },
{ "type": "Feature", "properties": { "year": 2037, "layer": "atrisk" }, "geometry": { "type": "Polygon", "coordinates": [ [ [ 110.552430243024304, -6.809030903090306 ], [ 110.549204920492045, -6.812931293129317 ], [ 110.549204920492045, -6.817806780678065 ], [ 110.549429942994294, -6.817431743174311 ], [ 110.549729972997298, -6.817581758175821 ], [ 110.547554755475545, -6.820282028202814 ], [ 110.545679567956796, -6.821407140714077 ], [ 110.543204320432039, -6.820132013201316 ], [ 110.537353735373543, -6.827182718271833 ], [ 110.534953495349541, -6.82778277827782 ], [ 110.530603060306035, -6.832058205820579 ], [ 110.532853285328528, -6.834908490849091 ], [ 110.534878487848786, -6.83198319831983 ], [ 110.533453345334536, -6.836183618361834 ], [ 110.529777977797778, -6.832283228322838 ], [ 110.520102010201029, -6.834983498349827 ], [ 110.523402340234028, -6.838508850885088 ], [ 110.52572757275729, -6.839333933393334 ], [ 110.527527752775271, -6.839333933393331 ], [ 110.528727872787272, -6.844584458445837 ], [ 110.527527752775271, -6.848109810981098 ], [ 110.529777977797778, -6.846159615961599 ], [ 110.529327932793279, -6.848334833483356 ], [ 110.527602760276025, -6.848634863486352 ], [ 110.526477647764779, -6.850960096009591 ], [ 110.52160216021602, -6.851410141014102 ], [ 110.522202220222027, -6.849759975997596 ], [ 110.521077107710781, -6.849684968496851 ], [ 110.519726972697271, -6.854035403540348 ], [ 110.520777077707791, -6.855610561056111 ], [ 110.51852685268527, -6.857260726072608 ], [ 110.518451845184529, -6.855085508550848 ], [ 110.51522652265227, -6.85913591359135 ], [ 110.516051605160513, -6.86063606360636 ], [ 110.516276627662762, -6.859510951095101 ], [ 110.519576957695776, -6.856810681068112 ], [ 110.520177017701769, -6.856585658565856 ], [ 110.519126912691263, -6.858460846084609 ], [ 110.517776777677767, -6.858610861086112 ], [ 110.516351635163517, -6.860111011101105 ], [ 110.517251725172514, -6.861536153615367 ], [ 110.519351935193512, -6.861686168616856 ], [ 110.519501950195021, -6.862361236123616 ], [ 110.519126912691263, -6.862136213621366 ], [ 110.515076507650761, -6.867386738673869 ], [ 110.508700870087011, -6.880063006300624 ], [ 110.478997899789974, -6.918241824182414 ], [ 110.47562256225622, -6.920942094209425 ], [ 110.476072607260733, -6.924167416741672 ], [ 110.470447044704471, -6.925442544254425 ], [ 110.467371737173721, -6.930468046804684 ], [ 110.46482148214821, -6.929717971797172 ], [ 110.461221122112207, -6.932418241824185 ], [ 110.46009600960096, -6.931818181818182 ], [ 110.459870987098711, -6.933318331833183 ], [ 110.458820882088204, -6.932343234323429 ], [ 110.455520552055205, -6.935943594359435 ], [ 110.452970297029708, -6.936318631863181 ], [ 110.452145214521451, -6.935043504350432 ], [ 110.449219921992196, -6.936918691869195 ], [ 110.448394839483953, -6.935418541854187 ], [ 110.446069606960691, -6.936393639363937 ], [ 110.444419441944191, -6.938943894389443 ], [ 110.459495949594952, -6.938943894389433 ], [ 110.458595859585955, -6.936768676867691 ], [ 110.460171017101715, -6.934743474347442 ], [ 110.462871287128706, -6.935943594359441 ], [ 110.461446144614456, -6.937293729372935 ], [ 110.462946294629475, -6.936393639363931 ], [ 110.465271527152709, -6.938943894389434 ], [ 110.464371437143711, -6.936693669366943 ], [ 110.466921692169237, -6.938943894389446 ], [ 110.482073207320738, -6.938493849384936 ], [ 110.490474047404746, -6.935193519351929 ], [ 110.496174617461747, -6.930093009300924 ], [ 110.501050105010506, -6.919141914191428 ], [ 110.50142514251425, -6.896939693969404 ], [ 110.508325832583253, -6.894989498949901 ], [ 110.51357635763577, -6.891764176417639 ], [ 110.518151815181511, -6.886738673867383 ], [ 110.520927092709272, -6.881038103810372 ], [ 110.522277227722768, -6.872337233723364 ], [ 110.522202220222027, -6.859510951095116 ], [ 110.520852085208517, -6.860111011101107 ], [ 110.522202220222027, -6.855610561056101 ], [ 110.52137713771377, -6.855535553555348 ], [ 110.530228022802277, -6.852760276027608 ], [ 110.534053405340529, -6.850285028502846 ], [ 110.537728772877287, -6.846609660966095 ], [ 110.540579057905802, -6.841884188418846 ], [ 110.536078607860787, -6.838208820882088 ], [ 110.541179117911796, -6.840684068406834 ], [ 110.542754275427541, -6.834383438343829 ], [ 110.54740474047405, -6.833108310831086 ], [ 110.545154515451543, -6.831758175817578 ], [ 110.54605460546054, -6.830558055805571 ], [ 110.5459795979598, -6.828757875787574 ], [ 110.546654665466548, -6.828457845784582 ], [ 110.546129612961295, -6.826882688268819 ], [ 110.547554755475545, -6.828157815781578 ], [ 110.54627962796279, -6.830108010801085 ], [ 110.545829582958291, -6.831758175817576 ], [ 110.547779777977794, -6.833258325832576 ], [ 110.551155115511563, -6.831758175817588 ], [ 110.549429942994294, -6.830633063306334 ], [ 110.548754875487546, -6.827632763276327 ], [ 110.550180018001797, -6.829057905790577 ], [ 110.549429942994294, -6.827932793279334 ], [ 110.554680468046811, -6.829507950795079 ], [ 110.561656165616569, -6.820582058205828 ], [ 110.561956195619558, -6.816231623162311 ], [ 110.552430243024304, -6.809030903090306 ] ], [ [ 110.551005100510054, -6.810906090609062 ], [ 110.551080108010808, -6.810831083108313 ], [ 110.551080108010808, -6.81090609060906 ], [ 110.551005100510054, -6.810906090609062 ] ], [ [ 110.550105010501056, -6.814731473147317 ], [ 110.551830183018296, -6.815031503150312 ], [ 110.551755175517556, -6.815406540654064 ], [ 110.550105010501056, -6.814731473147317 ] ], [ [ 110.551830183018296, -6.81525652565257 ], [ 110.551980198019805, -6.815181518151809 ], [ 110.551980198019805, -6.815331533153317 ], [ 110.551830183018296, -6.81525652565257 ] ], [ [ 110.549654965496543, -6.817431743174315 ], [ 110.549729972997298, -6.817356735673568 ], [ 110.549729972997298, -6.81743174317432 ], [ 110.549654965496543, -6.817431743174315 ] ], [ [ 110.551830183018296, -6.821182118211814 ], [ 110.551980198019805, -6.822382238223824 ], [ 110.549804980498052, -6.82500750075007 ], [ 110.549429942994294, -6.824932493249331 ], [ 110.551005100510054, -6.822907290729074 ], [ 110.551830183018296, -6.821182118211814 ] ], [ [ 110.544779477947799, -6.821257125712567 ], [ 110.545604560456042, -6.824107410741074 ], [ 110.547779777977794, -6.825307530753072 ], [ 110.549654965496543, -6.82290729072907 ], [ 110.54905490549055, -6.824257425742579 ], [ 110.549279927992799, -6.824782478247828 ], [ 110.547179717971801, -6.825682568256817 ], [ 110.546654665466548, -6.826582658265826 ], [ 110.544929492949294, -6.825532553255329 ], [ 110.543579357935812, -6.824107410741076 ], [ 110.544779477947799, -6.821257125712567 ] ], [ [ 110.552430243024304, -6.825232523252326 ], [ 110.553255325532547, -6.824707470747072 ], [ 110.552505250525073, -6.825982598259823 ], [ 110.552430243024304, -6.825232523252326 ] ], [ [ 110.549429942994294, -6.824782478247819 ], [ 110.549579957995803, -6.824557455745568 ], [ 110.549579957995803, -6.824707470747073 ], [ 110.549429942994294, -6.824782478247819 ] ], [ [ 110.542529252925291, -6.82515751575158 ], [ 110.542604260426046, -6.825082508250829 ], [ 110.542604260426046, -6.825157515751576 ], [ 110.542529252925291, -6.82515751575158 ] ], [ [ 110.542004200420038, -6.825532553255332 ], [ 110.542079207920793, -6.825457545754577 ], [ 110.542079207920793, -6.825532553255331 ], [ 110.542004200420038, -6.825532553255332 ] ], [ [ 110.54740474047405, -6.825907590759078 ], [ 110.547479747974791, -6.825832583258328 ], [ 110.547479747974791, -6.825907590759082 ], [ 110.54740474047405, -6.825907590759078 ] ], [ [ 110.540579057905802, -6.826207620762081 ], [ 110.541029102910286, -6.826207620762072 ], [ 110.540579057905802, -6.826582658265828 ], [ 110.540579057905802, -6.826207620762081 ] ], [ [ 110.540279027902784, -6.826807680768074 ], [ 110.540354035403539, -6.826732673267327 ], [ 110.540354035403539, -6.826807680768077 ], [ 110.540279027902784, -6.826807680768074 ] ], [ [ 110.536303630363051, -6.827932793279323 ], [ 110.536378637863791, -6.827857785778582 ], [ 110.536378637863791, -6.827932793279322 ], [ 110.536303630363051, -6.827932793279323 ] ], [ [ 110.547554755475545, -6.828007800780072 ], [ 110.5476297629763, -6.827932793279324 ], [ 110.5476297629763, -6.828007800780071 ], [ 110.547554755475545, -6.828007800780072 ] ], [ [ 110.536378637863791, -6.828007800780084 ], [ 110.537203720372034, -6.828982898289827 ], [ 110.538703870387039, -6.832358235823578 ], [ 110.537953795379551, -6.832208220822089 ], [ 110.536378637863791, -6.828007800780084 ] ], [ [ 110.546504650465053, -6.830108010801074 ], [ 110.546579657965793, -6.829957995799583 ], [ 110.546579657965793, -6.830108010801076 ], [ 110.546504650465053, -6.830108010801074 ] ], [ [ 110.546354635463544, -6.830333033303322 ], [ 110.546429642964299, -6.830258025802576 ], [ 110.546429642964299, -6.830333033303325 ], [ 110.546354635463544, -6.830333033303322 ] ], [ [ 110.545904590459045, -6.830483048304833 ], [ 110.5459795979598, -6.830408040804084 ], [ 110.5459795979598, -6.830483048304828 ], [ 110.545904590459045, -6.830483048304833 ] ], [ [ 110.538778877887793, -6.832433243324332 ], [ 110.538928892889302, -6.832358235823589 ], [ 110.538928892889302, -6.832433243324332 ], [ 110.538778877887793, -6.832433243324332 ] ], [ [ 110.538328832883295, -6.832508250825076 ], [ 110.53847884788479, -6.832433243324331 ], [ 110.53847884788479, -6.832508250825073 ], [ 110.538328832883295, -6.832508250825076 ] ], [ [ 110.53847884788479, -6.832508250825073 ], [ 110.53990399039904, -6.832658265826586 ], [ 110.541404140414045, -6.833633363336332 ], [ 110.541779177917789, -6.833333333333336 ], [ 110.542754275427541, -6.834008400840087 ], [ 110.542154215421547, -6.834683468346832 ], [ 110.53847884788479, -6.832508250825073 ] ], [ [ 110.540054005400535, -6.832733273327337 ], [ 110.540129012901289, -6.83265826582659 ], [ 110.540129012901289, -6.832733273327337 ], [ 110.540054005400535, -6.832733273327337 ] ], [ [ 110.540204020402044, -6.832808280828085 ], [ 110.540279027902784, -6.832733273327337 ], [ 110.540279027902784, -6.83280828082808 ], [ 110.540204020402044, -6.832808280828085 ] ], [ [ 110.540354035403539, -6.832883288328834 ], [ 110.540579057905802, -6.832808280828076 ], [ 110.540579057905802, -6.83288328832884 ], [ 110.540354035403539, -6.832883288328834 ] ], [ [ 110.54132913291329, -6.833333333333325 ], [ 110.541404140414045, -6.833258325832589 ], [ 110.541404140414045, -6.833333333333335 ], [ 110.54132913291329, -6.833333333333325 ] ], [ [ 110.525802580258031, -6.83438343834383 ], [ 110.52737773777379, -6.836933693369334 ], [ 110.528727872787272, -6.837308730873082 ], [ 110.527302730273021, -6.837083708370833 ], [ 110.524302430243026, -6.835208520852084 ], [ 110.525802580258031, -6.83438343834383 ] ], [ [ 110.542079207920793, -6.834908490849082 ], [ 110.542154215421547, -6.834983498349835 ], [ 110.542004200420038, -6.834983498349831 ], [ 110.542079207920793, -6.834908490849082 ] ], [ [ 110.522652265226526, -6.834833483348332 ], [ 110.525277527752777, -6.83633363336333 ], [ 110.524752475247524, -6.837833783378334 ], [ 110.521902190219024, -6.836483648364828 ], [ 110.522652265226526, -6.834833483348332 ] ], [ [ 110.533903390339034, -6.836258625862591 ], [ 110.533978397839789, -6.836183618361834 ], [ 110.533978397839789, -6.836258625862581 ], [ 110.533903390339034, -6.836258625862591 ] ], [ [ 110.534278427842779, -6.836558655865585 ], [ 110.534353435343533, -6.836483648364834 ], [ 110.534353435343533, -6.836558655865594 ], [ 110.534278427842779, -6.836558655865585 ] ], [ [ 110.534353435343533, -6.836633663366341 ], [ 110.534503450345028, -6.836558655865586 ], [ 110.534503450345028, -6.836633663366328 ], [ 110.534353435343533, -6.836633663366341 ] ], [ [ 110.534503450345028, -6.836633663366328 ], [ 110.535928592859293, -6.83708370837084 ], [ 110.536303630363051, -6.837458745874593 ], [ 110.53547854785478, -6.837383738373841 ], [ 110.534503450345028, -6.836633663366328 ] ], [ [ 110.529777977797778, -6.837083708370839 ], [ 110.530303030303031, -6.836708670867084 ], [ 110.5303780378038, -6.837083708370833 ], [ 110.529777977797778, -6.837083708370839 ] ], [ [ 110.527527752775271, -6.83693369336934 ], [ 110.527602760276025, -6.836858685868586 ], [ 110.527602760276025, -6.836933693369331 ], [ 110.527527752775271, -6.83693369336934 ] ], [ [ 110.527752775277534, -6.836933693369337 ], [ 110.527902790279029, -6.836858685868579 ], [ 110.527902790279029, -6.836933693369342 ], [ 110.527752775277534, -6.836933693369337 ] ], [ [ 110.528802880288026, -6.837083708370836 ], [ 110.53240324032403, -6.837533753375336 ], [ 110.533978397839789, -6.838133813381343 ], [ 110.532478247824784, -6.838208820882084 ], [ 110.528802880288026, -6.837083708370836 ] ], [ [ 110.536003600360033, -6.837158715871596 ], [ 110.536153615361542, -6.837083708370842 ], [ 110.536153615361542, -6.837158715871582 ], [ 110.536003600360033, -6.837158715871596 ] ], [ [ 110.536153615361542, -6.837233723372344 ], [ 110.536378637863791, -6.837158715871579 ], [ 110.536453645364531, -6.837308730873096 ], [ 110.536153615361542, -6.837233723372344 ] ], [ [ 110.527152715271527, -6.83745874587459 ], [ 110.530078007800782, -6.837758775877591 ], [ 110.530453045304526, -6.837983798379833 ], [ 110.528427842784282, -6.837983798379844 ], [ 110.527152715271527, -6.83745874587459 ] ], [ [ 110.530678067806789, -6.838208820882089 ], [ 110.531278127812783, -6.838133813381333 ], [ 110.531353135313552, -6.838283828382831 ], [ 110.530678067806789, -6.838208820882089 ] ], [ [ 110.534053405340529, -6.838433843384339 ], [ 110.535328532853285, -6.838433843384334 ], [ 110.535628562856303, -6.838583858385838 ], [ 110.535703570357029, -6.838808880888096 ], [ 110.534053405340529, -6.838433843384339 ] ], [ [ 110.525652565256522, -6.839183918391837 ], [ 110.52572757275729, -6.838808880888085 ], [ 110.52572757275729, -6.839183918391839 ], [ 110.525652565256522, -6.839183918391837 ] ], [ [ 110.536078607860787, -6.838883888388839 ], [ 110.536153615361542, -6.838808880888082 ], [ 110.536153615361542, -6.838883888388838 ], [ 110.536078607860787, -6.838883888388839 ] ], [ [ 110.536153615361542, -6.838958895889597 ], [ 110.536303630363051, -6.838883888388833 ], [ 110.536303630363051, -6.838958895889581 ], [ 110.536153615361542, -6.838958895889597 ] ], [ [ 110.536453645364531, -6.839108910891081 ], [ 110.536528652865286, -6.839033903390333 ], [ 110.536528652865286, -6.839108910891095 ], [ 110.536453645364531, -6.839108910891081 ] ], [ [ 110.53660366036604, -6.839258925892586 ], [ 110.53682868286829, -6.83918391839183 ], [ 110.53690369036903, -6.839333933393345 ], [ 110.53660366036604, -6.839258925892586 ] ], [ [ 110.531203120312028, -6.840084008400847 ], [ 110.531278127812783, -6.840009000900089 ], [ 110.531278127812783, -6.840084008400833 ], [ 110.531203120312028, -6.840084008400847 ] ], [ [ 110.535328532853285, -6.840384038403841 ], [ 110.535553555355534, -6.840309030903081 ], [ 110.535553555355534, -6.840384038403846 ], [ 110.535328532853285, -6.840384038403841 ] ], [ [ 110.538403840384035, -6.840984098409843 ], [ 110.538553855385544, -6.840909090909087 ], [ 110.538553855385544, -6.840984098409843 ], [ 110.538403840384035, -6.840984098409843 ] ], [ [ 110.538628862886284, -6.841134113411347 ], [ 110.538928892889302, -6.840984098409836 ], [ 110.539003900390043, -6.841359135913593 ], [ 110.538628862886284, -6.841134113411347 ] ], [ [ 110.538103810381031, -6.841284128412845 ], [ 110.539153915391537, -6.841884188418843 ], [ 110.539678967896791, -6.842709270927098 ], [ 110.539003900390043, -6.842409240924092 ], [ 110.538103810381031, -6.841284128412845 ] ], [ [ 110.539078907890783, -6.841809180918085 ], [ 110.539378937893787, -6.8416591659166 ], [ 110.539228922892292, -6.841884188418844 ], [ 110.539078907890783, -6.841809180918085 ] ], [ [ 110.539453945394541, -6.841809180918084 ], [ 110.539753975397545, -6.841809180918099 ], [ 110.539678967896791, -6.841959195919584 ], [ 110.539453945394541, -6.841809180918084 ] ], [ [ 110.530603060306035, -6.842184218421842 ], [ 110.530678067806789, -6.842109210921094 ], [ 110.530678067806789, -6.842184218421848 ], [ 110.530603060306035, -6.842184218421842 ] ], [ [ 110.539678967896791, -6.842184218421844 ], [ 110.539753975397545, -6.842109210921082 ], [ 110.539753975397545, -6.842184218421847 ], [ 110.539678967896791, -6.842184218421844 ] ], [ [ 110.539753975397545, -6.842259225922598 ], [ 110.539828982898285, -6.842184218421832 ], [ 110.539828982898285, -6.842259225922598 ], [ 110.539753975397545, -6.842259225922598 ] ], [ [ 110.530603060306035, -6.842934293429344 ], [ 110.53075307530753, -6.842634263426351 ], [ 110.530678067806789, -6.842934293429333 ], [ 110.530603060306035, -6.842934293429344 ] ], [ [ 110.539678967896791, -6.842784278427848 ], [ 110.539753975397545, -6.842709270927093 ], [ 110.539753975397545, -6.842784278427842 ], [ 110.539678967896791, -6.842784278427848 ] ], [ [ 110.53052805280528, -6.84330933093309 ], [ 110.530603060306035, -6.843234323432337 ], [ 110.530603060306035, -6.843309330933092 ], [ 110.53052805280528, -6.84330933093309 ] ], [ [ 110.530453045304526, -6.843534353435336 ], [ 110.53052805280528, -6.843459345934588 ], [ 110.53052805280528, -6.843534353435341 ], [ 110.530453045304526, -6.843534353435336 ] ], [ [ 110.530303030303031, -6.843759375937599 ], [ 110.5303780378038, -6.843534353435346 ], [ 110.5303780378038, -6.843759375937595 ], [ 110.530303030303031, -6.843759375937599 ] ], [ [ 110.530453045304526, -6.843759375937589 ], [ 110.53052805280528, -6.843609360936084 ], [ 110.53052805280528, -6.843759375937598 ], [ 110.530453045304526, -6.843759375937589 ] ], [ [ 110.530303030303031, -6.84383438343835 ], [ 110.530453045304526, -6.843909390939095 ], [ 110.530303030303031, -6.843909390939089 ], [ 110.530303030303031, -6.84383438343835 ] ], [ [ 110.528802880288026, -6.845784578457851 ], [ 110.529177917791785, -6.845559555955605 ], [ 110.529327932793279, -6.845784578457846 ], [ 110.528802880288026, -6.845784578457851 ] ], [ [ 110.530078007800782, -6.846234623462347 ], [ 110.530603060306035, -6.846084608460847 ], [ 110.530828082808284, -6.846309630963104 ], [ 110.530078007800782, -6.846234623462347 ] ], [ [ 110.531578157815787, -6.847059705970592 ], [ 110.531653165316541, -6.846984698469853 ], [ 110.531653165316541, -6.847059705970593 ], [ 110.531578157815787, -6.847059705970592 ] ], [ [ 110.531653165316541, -6.847134713471354 ], [ 110.531728172817282, -6.8470597059706 ], [ 110.531728172817282, -6.84713471347134 ], [ 110.531653165316541, -6.847134713471354 ] ], [ [ 110.531728172817282, -6.847284728472842 ], [ 110.531803180318036, -6.8472097209721 ], [ 110.531803180318036, -6.847284728472839 ], [ 110.531728172817282, -6.847284728472842 ] ], [ [ 110.532103210321026, -6.847434743474345 ], [ 110.53217821782178, -6.847359735973605 ], [ 110.53217821782178, -6.847434743474347 ], [ 110.532103210321026, -6.847434743474345 ] ], [ [ 110.532478247824784, -6.847734773477351 ], [ 110.532553255325539, -6.847659765976604 ], [ 110.532553255325539, -6.847734773477341 ], [ 110.532478247824784, -6.847734773477351 ] ], [ [ 110.532328232823289, -6.847884788478841 ], [ 110.53240324032403, -6.84780978097809 ], [ 110.53240324032403, -6.847884788478851 ], [ 110.532328232823289, -6.847884788478841 ] ], [ [ 110.53240324032403, -6.847959795979598 ], [ 110.532553255325539, -6.847884788478841 ], [ 110.532553255325539, -6.847959795979605 ], [ 110.53240324032403, -6.847959795979598 ] ], [ [ 110.532553255325539, -6.848034803480341 ], [ 110.532628262826279, -6.847959795979594 ], [ 110.532628262826279, -6.848034803480355 ], [ 110.532553255325539, -6.848034803480341 ] ], [ [ 110.533378337833781, -6.848484848484847 ], [ 110.533453345334536, -6.848409840984105 ], [ 110.533453345334536, -6.848484848484857 ], [ 110.533378337833781, -6.848484848484847 ] ], [ [ 110.533453345334536, -6.848559855985593 ], [ 110.53352835283529, -6.848484848484854 ], [ 110.53352835283529, -6.8485598559856 ], [ 110.533453345334536, -6.848559855985593 ] ], [ [ 110.53352835283529, -6.848634863486348 ], [ 110.533603360336031, -6.848559855985593 ], [ 110.533603360336031, -6.848634863486349 ], [ 110.53352835283529, -6.848634863486348 ] ], [ [ 110.533603360336031, -6.848709870987093 ], [ 110.533678367836785, -6.848634863486354 ], [ 110.533678367836785, -6.848709870987105 ], [ 110.533603360336031, -6.848709870987093 ] ], [ [ 110.533678367836785, -6.848784878487842 ], [ 110.53375337533754, -6.848709870987106 ], [ 110.53375337533754, -6.84878487848785 ], [ 110.533678367836785, -6.848784878487842 ] ], [ [ 110.53375337533754, -6.849084908490847 ], [ 110.53382838283828, -6.849009900990103 ], [ 110.53382838283828, -6.849084908490852 ], [ 110.53375337533754, -6.849084908490847 ] ], [ [ 110.53382838283828, -6.849159915991605 ], [ 110.533903390339034, -6.849084908490844 ], [ 110.533903390339034, -6.849159915991604 ], [ 110.53382838283828, -6.849159915991605 ] ], [ [ 110.533903390339034, -6.849234923492349 ], [ 110.533978397839789, -6.849159915991607 ], [ 110.533978397839789, -6.849234923492342 ], [ 110.533903390339034, -6.849234923492349 ] ], [ [ 110.534353435343533, -6.849684968496843 ], [ 110.534428442844288, -6.849534953495347 ], [ 110.534503450345028, -6.849684968496851 ], [ 110.534353435343533, -6.849684968496843 ] ], [ [ 110.526252625262529, -6.852910291029094 ], [ 110.526477647764779, -6.852685268526848 ], [ 110.526552655265533, -6.852910291029102 ], [ 110.526252625262529, -6.852910291029094 ] ], [ [ 110.526627662766273, -6.853285328532844 ], [ 110.527077707770772, -6.853060306030604 ], [ 110.526927692769277, -6.85343534353435 ], [ 110.526627662766273, -6.853285328532844 ] ], [ [ 110.527152715271527, -6.853210321032111 ], [ 110.527227722772281, -6.853135313531358 ], [ 110.527227722772281, -6.853210321032096 ], [ 110.527152715271527, -6.853210321032111 ] ], [ [ 110.523327332733274, -6.853735373537361 ], [ 110.523402340234028, -6.853660366036604 ], [ 110.523402340234028, -6.853735373537345 ], [ 110.523327332733274, -6.853735373537361 ] ], [ [ 110.52572757275729, -6.853735373537346 ], [ 110.525802580258031, -6.853660366036598 ], [ 110.525802580258031, -6.853735373537346 ], [ 110.52572757275729, -6.853735373537346 ] ], [ [ 110.523252325232519, -6.853810381038101 ], [ 110.523327332733274, -6.853735373537361 ], [ 110.523327332733274, -6.853810381038096 ], [ 110.523252325232519, -6.853810381038101 ] ], [ [ 110.52602760276028, -6.85388538853885 ], [ 110.52610261026102, -6.853810381038111 ], [ 110.52610261026102, -6.853885388538861 ], [ 110.52602760276028, -6.85388538853885 ] ], [ [ 110.52610261026102, -6.853960396039597 ], [ 110.526177617761775, -6.85388538853885 ], [ 110.526177617761775, -6.853960396039605 ], [ 110.52610261026102, -6.853960396039597 ] ], [ [ 110.521752175217529, -6.854710471047111 ], [ 110.522502250225017, -6.854485448544857 ], [ 110.521677167716774, -6.854860486048602 ], [ 110.521752175217529, -6.854710471047111 ] ], [ [ 110.522577257725771, -6.854935493549353 ], [ 110.522877287728775, -6.854860486048597 ], [ 110.522877287728775, -6.854935493549362 ], [ 110.522577257725771, -6.854935493549353 ] ], [ [ 110.521452145214539, -6.855010501050098 ], [ 110.521527152715265, -6.854935493549358 ], [ 110.521527152715265, -6.855010501050101 ], [ 110.521452145214539, -6.855010501050098 ] ], [ [ 110.52137713771377, -6.85508550855085 ], [ 110.521452145214539, -6.855010501050098 ], [ 110.521452145214539, -6.855085508550851 ], [ 110.52137713771377, -6.85508550855085 ] ], [ [ 110.521227122712276, -6.855160516051606 ], [ 110.52137713771377, -6.85508550855085 ], [ 110.52137713771377, -6.855160516051612 ], [ 110.521227122712276, -6.855160516051606 ] ], [ [ 110.521152115211521, -6.855235523552348 ], [ 110.521227122712276, -6.855160516051606 ], [ 110.521227122712276, -6.855235523552353 ], [ 110.521152115211521, -6.855235523552348 ] ], [ [ 110.521077107710781, -6.855310531053115 ], [ 110.521152115211521, -6.855235523552348 ], [ 110.521152115211521, -6.855310531053102 ], [ 110.521077107710781, -6.855310531053115 ] ], [ [ 110.520777077707791, -6.855460546054601 ], [ 110.520852085208517, -6.855385538553848 ], [ 110.520852085208517, -6.855460546054601 ], [ 110.520777077707791, -6.855460546054601 ] ], [ [ 110.521302130213016, -6.85568556855685 ], [ 110.52137713771377, -6.855610561056101 ], [ 110.52137713771377, -6.855685568556856 ], [ 110.521302130213016, -6.85568556855685 ] ], [ [ 110.521227122712276, -6.85576057605761 ], [ 110.521302130213016, -6.85568556855685 ], [ 110.521302130213016, -6.855760576057599 ], [ 110.521227122712276, -6.85576057605761 ] ], [ [ 110.521452145214539, -6.855985598559855 ], [ 110.521527152715265, -6.855910591059113 ], [ 110.521527152715265, -6.855985598559854 ], [ 110.521452145214539, -6.855985598559855 ] ], [ [ 110.517626762676272, -6.857485748574851 ], [ 110.517701770177013, -6.857635763576362 ], [ 110.517401740174023, -6.857860786078602 ], [ 110.517476747674763, -6.858310831083109 ], [ 110.51687668766877, -6.858610861086104 ], [ 110.517626762676272, -6.857485748574851 ] ], [ [ 110.517851785178522, -6.858010801080113 ], [ 110.517926792679262, -6.85793579357936 ], [ 110.517926792679262, -6.858010801080112 ], [ 110.517851785178522, -6.858010801080113 ] ], [ [ 110.517701770177013, -6.858085808580854 ], [ 110.517776777677767, -6.858010801080104 ], [ 110.517776777677767, -6.858085808580858 ], [ 110.517701770177013, -6.858085808580854 ] ], [ [ 110.517851785178522, -6.858760876087607 ], [ 110.517926792679262, -6.858685868586862 ], [ 110.517926792679262, -6.858760876087615 ], [ 110.517851785178522, -6.858760876087607 ] ], [ [ 110.517776777677767, -6.858835883588362 ], [ 110.517851785178522, -6.858760876087607 ], [ 110.517851785178522, -6.858835883588363 ], [ 110.517776777677767, -6.858835883588362 ] ], [ [ 110.519726972697271, -6.860711071107112 ], [ 110.519801980198039, -6.860636063606361 ], [ 110.519801980198039, -6.860711071107119 ], [ 110.519726972697271, -6.860711071107112 ] ], [ [ 110.519576957695776, -6.86078607860786 ], [ 110.519651965196516, -6.860711071107108 ], [ 110.519651965196516, -6.860786078607859 ], [ 110.519576957695776, -6.86078607860786 ] ], [ [ 110.516426642664271, -6.86603660366036 ], [ 110.516576657665766, -6.865811581158114 ], [ 110.516501650165011, -6.86603660366037 ], [ 110.516426642664271, -6.86603660366036 ] ], [ [ 110.516351635163517, -6.872262226222628 ], [ 110.516726672667261, -6.872187218721864 ], [ 110.516651665166521, -6.872562256225628 ], [ 110.516351635163517, -6.872262226222628 ] ], [ [ 110.516651665166521, -6.872712271227114 ], [ 110.517176717671774, -6.872712271227118 ], [ 110.517251725172514, -6.872937293729382 ], [ 110.516651665166521, -6.872712271227114 ] ], [ [ 110.51387638763876, -6.872787278727865 ], [ 110.513951395139514, -6.872712271227114 ], [ 110.513951395139514, -6.872787278727877 ], [ 110.51387638763876, -6.872787278727865 ] ], [ [ 110.513276327632767, -6.873687368736872 ], [ 110.513651365136511, -6.873312331233115 ], [ 110.513426342634261, -6.873762376237623 ], [ 110.513276327632767, -6.873687368736872 ] ], [ [ 110.511026102610259, -6.875862586258622 ], [ 110.511101110111014, -6.875787578757874 ], [ 110.511101110111014, -6.875862586258624 ], [ 110.511026102610259, -6.875862586258622 ] ], [ [ 110.509375937593759, -6.879912991299124 ], [ 110.509450945094514, -6.879537953795375 ], [ 110.509525952595268, -6.879987998799882 ], [ 110.509375937593759, -6.879912991299124 ] ], [ [ 110.509000900090015, -6.881563156315636 ], [ 110.509675967596763, -6.88111311131113 ], [ 110.509075907590756, -6.882088208820886 ], [ 110.509000900090015, -6.881563156315636 ] ], [ [ 110.508850885088506, -6.883213321332139 ], [ 110.509000900090015, -6.883138313831377 ], [ 110.509000900090015, -6.883213321332133 ], [ 110.508850885088506, -6.883213321332139 ] ], [ [ 110.515076507650761, -6.885163516351643 ], [ 110.51515151515153, -6.88501350135014 ], [ 110.51515151515153, -6.885163516351644 ], [ 110.515076507650761, -6.885163516351643 ] ], [ [ 110.506675667566753, -6.88576357635763 ], [ 110.507650765076505, -6.885538553855386 ], [ 110.506750675067508, -6.886063606360637 ], [ 110.506675667566753, -6.88576357635763 ] ], [ [ 110.514701470147017, -6.885463546354629 ], [ 110.514926492649266, -6.88531353135313 ], [ 110.514926492649266, -6.885463546354634 ], [ 110.514701470147017, -6.885463546354629 ] ], [ [ 110.515976597659773, -6.88598859885988 ], [ 110.516126612661267, -6.885838583858393 ], [ 110.516201620162022, -6.886138613861394 ], [ 110.515976597659773, -6.88598859885988 ] ], [ [ 110.515826582658264, -6.886138613861384 ], [ 110.515901590159018, -6.885988598859893 ], [ 110.515901590159018, -6.886138613861383 ], [ 110.515826582658264, -6.886138613861384 ] ], [ [ 110.515976597659773, -6.88658865886589 ], [ 110.516426642664271, -6.886288628862895 ], [ 110.516351635163517, -6.886663666366627 ], [ 110.515976597659773, -6.88658865886589 ] ], [ [ 110.506600660066013, -6.88643864386438 ], [ 110.506825682568262, -6.886288628862891 ], [ 110.506825682568262, -6.886363636363645 ], [ 110.506600660066013, -6.88643864386438 ] ], [ [ 110.517251725172514, -6.887188718871885 ], [ 110.517551755175518, -6.887038703870393 ], [ 110.517551755175518, -6.887113711371143 ], [ 110.517251725172514, -6.887188718871885 ] ], [ [ 110.505475547554752, -6.890639063906387 ], [ 110.50607560756076, -6.890564056405633 ], [ 110.506000600060005, -6.89086408640865 ], [ 110.505625562556261, -6.890639063906397 ], [ 110.505475547554752, -6.890639063906387 ] ], [ [ 110.505700570057002, -6.8912391239124 ], [ 110.505925592559251, -6.890939093909387 ], [ 110.506225622562269, -6.891314131413142 ], [ 110.505700570057002, -6.8912391239124 ] ], [ [ 110.507650765076505, -6.892664266426637 ], [ 110.507800780078014, -6.892439243924399 ], [ 110.507950795079509, -6.89266426642665 ], [ 110.507650765076505, -6.892664266426637 ] ], [ [ 110.504200420042011, -6.893714371437136 ], [ 110.504350435043506, -6.893639363936395 ], [ 110.504350435043506, -6.893789378937897 ], [ 110.504200420042011, -6.893714371437136 ] ], [ [ 110.499849984998505, -6.898739873987396 ], [ 110.5, -6.898664866486645 ], [ 110.5, -6.898814881488152 ], [ 110.499849984998505, -6.898739873987396 ] ], [ [ 110.500225022502249, -6.899414941494151 ], [ 110.500450045004499, -6.899489948994897 ], [ 110.500150015001495, -6.899789978997902 ], [ 110.500225022502249, -6.899414941494151 ] ], [ [ 110.498949894989508, -6.904965496549654 ], [ 110.499399939993992, -6.904665466546658 ], [ 110.499474947494747, -6.904965496549647 ], [ 110.498949894989508, -6.904965496549654 ] ], [ [ 110.500150015001495, -6.905265526552663 ], [ 110.500300030003018, -6.905040504050399 ], [ 110.500300030003018, -6.905265526552656 ], [ 110.500150015001495, -6.905265526552663 ] ], [ [ 110.497974797479742, -6.905940594059397 ], [ 110.498799879987999, -6.905940594059398 ], [ 110.498799879987999, -6.906090609060911 ], [ 110.497974797479742, -6.905940594059397 ] ], [ [ 110.4938493849385, -6.907515751575154 ], [ 110.494224422442244, -6.907440744074403 ], [ 110.494374437443739, -6.907740774077412 ], [ 110.4938493849385, -6.907515751575154 ] ], [ [ 110.490399039903991, -6.908640864086401 ], [ 110.491599159915992, -6.909390939093915 ], [ 110.491749174917487, -6.909840984098411 ], [ 110.490549054905486, -6.910141014101407 ], [ 110.490399039903991, -6.908640864086401 ] ], [ [ 110.496174617461747, -6.908715871587163 ], [ 110.496249624962502, -6.908640864086417 ], [ 110.496249624962502, -6.908715871587153 ], [ 110.496174617461747, -6.908715871587163 ] ], [ [ 110.496249624962502, -6.908790879087908 ], [ 110.496399639963997, -6.908715871587166 ], [ 110.496399639963997, -6.908790879087907 ], [ 110.496249624962502, -6.908790879087908 ] ], [ [ 110.48612361236124, -6.911866186618653 ], [ 110.488898889888986, -6.909990999099907 ], [ 110.487023702370237, -6.911791179117909 ], [ 110.488748874887492, -6.913066306630667 ], [ 110.487098709871006, -6.913966396639658 ], [ 110.486798679867988, -6.914866486648661 ], [ 110.485973597359731, -6.914866486648666 ], [ 110.485448544854506, -6.91344134413441 ], [ 110.486273627362735, -6.912316231623157 ], [ 110.48612361236124, -6.911866186618653 ] ], [ [ 110.49249924992499, -6.910141014101409 ], [ 110.493249324932492, -6.910441044104402 ], [ 110.49249924992499, -6.910741074107401 ], [ 110.49249924992499, -6.910141014101409 ] ], [ [ 110.489948994899493, -6.910366036603652 ], [ 110.490099009900987, -6.910291029102908 ], [ 110.490099009900987, -6.910441044104403 ], [ 110.489948994899493, -6.910366036603652 ] ], [ [ 110.4938493849385, -6.911941194119407 ], [ 110.494149414941489, -6.911566156615664 ], [ 110.494149414941489, -6.912016201620156 ], [ 110.4938493849385, -6.911941194119407 ] ], [ [ 110.485973597359731, -6.91239123912391 ], [ 110.48612361236124, -6.912466246624669 ], [ 110.485973597359731, -6.912541254125406 ], [ 110.485973597359731, -6.91239123912391 ] ], [ [ 110.487248724872487, -6.915166516651662 ], [ 110.488748874887492, -6.913741374137406 ], [ 110.488223822382238, -6.914866486648657 ], [ 110.487248724872487, -6.915166516651662 ] ], [ [ 110.495724572457249, -6.913441344134418 ], [ 110.495799579957989, -6.913366336633666 ], [ 110.495799579957989, -6.913441344134407 ], [ 110.495724572457249, -6.913441344134418 ] ], [ [ 110.490099009900987, -6.914416441644168 ], [ 110.490249024902496, -6.914341434143417 ], [ 110.490249024902496, -6.914491449144918 ], [ 110.490099009900987, -6.914416441644168 ] ], [ [ 110.499099909991003, -6.91449144914491 ], [ 110.499174917491743, -6.914341434143412 ], [ 110.499249924992498, -6.914491449144913 ], [ 110.499099909991003, -6.91449144914491 ] ], [ [ 110.482073207320738, -6.916366636663676 ], [ 110.483873387338733, -6.917116711671159 ], [ 110.483873387338733, -6.917941794179413 ], [ 110.482073207320738, -6.916366636663676 ] ], [ [ 110.491074107410739, -6.916516651665165 ], [ 110.491299129912989, -6.916441644164416 ], [ 110.491224122412248, -6.916591659165912 ], [ 110.491074107410739, -6.916516651665165 ] ], [ [ 110.492724272427239, -6.916666666666666 ], [ 110.493024302430257, -6.916441644164423 ], [ 110.492949294929488, -6.916666666666675 ], [ 110.492724272427239, -6.916666666666666 ] ], [ [ 110.491074107410739, -6.917041704170409 ], [ 110.491599159915992, -6.91674167416742 ], [ 110.491599159915992, -6.917116711671174 ], [ 110.491074107410739, -6.917041704170409 ] ], [ [ 110.493399339933987, -6.916741674167421 ], [ 110.49362436243625, -6.916591659165924 ], [ 110.49362436243625, -6.916741674167421 ], [ 110.493399339933987, -6.916741674167421 ] ], [ [ 110.488673867386737, -6.916891689168922 ], [ 110.488898889888986, -6.916741674167424 ], [ 110.488898889888986, -6.916891689168915 ], [ 110.488673867386737, -6.916891689168922 ] ], [ [ 110.491824182418242, -6.91756675667567 ], [ 110.492124212421245, -6.917491749174918 ], [ 110.492199219921986, -6.917716771677163 ], [ 110.491824182418242, -6.91756675667567 ] ], [ [ 110.493099309930997, -6.91764176417641 ], [ 110.493399339933987, -6.917416741674175 ], [ 110.493324332433247, -6.91779177917791 ], [ 110.493099309930997, -6.91764176417641 ] ], [ [ 110.487698769876985, -6.922217221722167 ], [ 110.487923792379235, -6.92199219921992 ], [ 110.487848784878494, -6.922217221722165 ], [ 110.487698769876985, -6.922217221722167 ] ], [ [ 110.486798679867988, -6.922367236723677 ], [ 110.487173717371732, -6.922367236723669 ], [ 110.487173717371732, -6.922517251725181 ], [ 110.486798679867988, -6.922367236723677 ] ], [ [ 110.478547854785475, -6.92461746174618 ], [ 110.478772877287724, -6.924392439243916 ], [ 110.478847884788479, -6.924542454245431 ], [ 110.478547854785475, -6.92461746174618 ] ], [ [ 110.479897989798985, -6.925742574257426 ], [ 110.480198019801975, -6.925142514251417 ], [ 110.481248124812481, -6.92626762676268 ], [ 110.479897989798985, -6.925742574257426 ] ], [ [ 110.481548154815485, -6.925517551755175 ], [ 110.482748274827486, -6.925142514251424 ], [ 110.483423342334234, -6.926642664266434 ], [ 110.481548154815485, -6.925517551755175 ] ], [ [ 110.484098409840996, -6.92626762676267 ], [ 110.484173417341736, -6.926192619261924 ], [ 110.484173417341736, -6.926267626762675 ], [ 110.484098409840996, -6.92626762676267 ] ], [ [ 110.484173417341736, -6.926342634263428 ], [ 110.484323432343231, -6.926267626762682 ], [ 110.484323432343231, -6.926417641764172 ], [ 110.484173417341736, -6.926342634263428 ] ], [ [ 110.48169816981698, -6.927242724272435 ], [ 110.482148214821478, -6.926717671767181 ], [ 110.481923192319229, -6.927242724272432 ], [ 110.48169816981698, -6.927242724272435 ] ], [ [ 110.484173417341736, -6.927017701770176 ], [ 110.485223522352229, -6.92686768676867 ], [ 110.484848484848484, -6.927767776777674 ], [ 110.484173417341736, -6.927017701770176 ] ], [ [ 110.483723372337238, -6.926942694269428 ], [ 110.483948394839487, -6.926867686768669 ], [ 110.483948394839487, -6.927017701770173 ], [ 110.483723372337238, -6.926942694269428 ] ], [ [ 110.482598259825977, -6.92754275427543 ], [ 110.48447344734474, -6.928067806780674 ], [ 110.48477347734773, -6.928742874287424 ], [ 110.483873387338733, -6.928817881788173 ], [ 110.482598259825977, -6.92754275427543 ] ], [ [ 110.485223522352229, -6.928967896789677 ], [ 110.485673567356741, -6.928817881788179 ], [ 110.485748574857496, -6.929042904290426 ], [ 110.485223522352229, -6.928967896789677 ] ], [ [ 110.482373237323728, -6.929942994299433 ], [ 110.482523252325237, -6.929717971797178 ], [ 110.482523252325237, -6.929942994299426 ], [ 110.482373237323728, -6.929942994299433 ] ], [ [ 110.482298229822987, -6.930543054305429 ], [ 110.482673267326732, -6.930318031803175 ], [ 110.482673267326732, -6.930468046804682 ], [ 110.482298229822987, -6.930543054305429 ] ], [ [ 110.461671167116705, -6.933618361836175 ], [ 110.462196219621958, -6.933543354335439 ], [ 110.462196219621958, -6.934293429342929 ], [ 110.461671167116705, -6.933618361836175 ] ], [ [ 110.459570957095707, -6.934143414341428 ], [ 110.460021002100206, -6.933918391839187 ], [ 110.459870987098711, -6.934218421842182 ], [ 110.459570957095707, -6.934143414341428 ] ], [ [ 110.462271227122713, -6.935418541854192 ], [ 110.462346234623467, -6.935343534353437 ], [ 110.462346234623467, -6.935418541854188 ], [ 110.462271227122713, -6.935418541854192 ] ], [ [ 110.462946294629475, -6.936393639363931 ], [ 110.463021302130215, -6.936318631863194 ], [ 110.463021302130215, -6.936393639363928 ], [ 110.462946294629475, -6.936393639363931 ] ], [ [ 110.463846384638458, -6.937293729372932 ], [ 110.463921392139213, -6.937218721872179 ], [ 110.463921392139213, -6.937293729372934 ], [ 110.463846384638458, -6.937293729372932 ] ], [ [ 110.458145814581457, -6.938043804380443 ], [ 110.458220822082211, -6.937668766876691 ], [ 110.458370837083706, -6.938193819381945 ], [ 110.458145814581457, -6.938043804380443 ] ], [ [ 110.464146414641462, -6.937668766876693 ], [ 110.464221422142217, -6.937593759375934 ], [ 110.464221422142217, -6.93766876687668 ], [ 110.464146414641462, -6.937668766876693 ] ], [ [ 110.464221422142217, -6.937743774377444 ], [ 110.464296429642985, -6.937668766876693 ], [ 110.464296429642985, -6.937743774377445 ], [ 110.464221422142217, -6.937743774377444 ] ], [ [ 110.448094809480963, -6.937893789378937 ], [ 110.448244824482444, -6.937818781878183 ], [ 110.448244824482444, -6.937968796879692 ], [ 110.448094809480963, -6.937893789378937 ] ], [ [ 110.445094509450954, -6.93811881188118 ], [ 110.445169516951694, -6.937968796879682 ], [ 110.445169516951694, -6.938118811881187 ], [ 110.445094509450954, -6.93811881188118 ] ] ] } },
{ "type": "Feature", "properties": { "year": 2037, "layer": "atrisk" }, "geometry": { "type": "Polygon", "coordinates": [ [ [ 110.438643864386435, -6.93946894689469 ], [ 110.437368736873694, -6.939618961896188 ], [ 110.437743774377438, -6.942319231923186 ], [ 110.438643864386435, -6.93946894689469 ] ] ] } },
{ "type": "Feature", "properties": { "year": 2037, "layer": "atrisk" }, "geometry": { "type": "Polygon", "coordinates": [ [ [ 110.424542454245426, -6.943444344434442 ], [ 110.424017401740173, -6.94434443444345 ], [ 110.424467446744671, -6.945769576957698 ], [ 110.42484248424843, -6.944944494449448 ], [ 110.424542454245426, -6.943444344434442 ] ] ] } },
{ "type": "Feature", "properties": { "year": 2037, "layer": "atrisk" }, "geometry": { "type": "Polygon", "coordinates": [ [ [ 110.428892889288932, -6.946294629462944 ], [ 110.428667866786682, -6.945544554455441 ], [ 110.428217821782184, -6.945844584458447 ], [ 110.428892889288932, -6.946294629462944 ] ] ] } },
{ "type": "Feature", "properties": { "year": 2037, "layer": "atrisk" }, "geometry": { "type": "Polygon", "coordinates": [ [ [ 110.425967596759691, -6.94246924692469 ], [ 110.427242724272432, -6.945769576957689 ], [ 110.42656765676567, -6.94659465946594 ], [ 110.426792679267933, -6.946819681968198 ], [ 110.427467746774681, -6.946144614461448 ], [ 110.425967596759691, -6.94246924692469 ] ] ] } },
{ "type": "Feature", "properties": { "year": 2037, "layer": "atrisk" }, "geometry": { "type": "Polygon", "coordinates": [ [ [ 110.418691869186929, -6.945769576957694 ], [ 110.418616861686175, -6.946294629462939 ], [ 110.417866786678672, -6.946744674467453 ], [ 110.418691869186929, -6.946819681968202 ], [ 110.418691869186929, -6.945769576957694 ] ] ] } },
{ "type": "Feature", "properties": { "year": 2037, "layer": "atrisk" }, "geometry": { "type": "Polygon", "coordinates": [ [ [ 110.432118211821177, -6.946369636963696 ], [ 110.431143114311425, -6.946744674467454 ], [ 110.431893189318941, -6.947344734473447 ], [ 110.432118211821177, -6.946369636963696 ] ] ] } },
{ "type": "Feature", "properties": { "year": 2037, "layer": "atrisk" }, "geometry": { "type": "Polygon", "coordinates": [ [ [ 110.399039903990399, -6.947194719471939 ], [ 110.39881488148815, -6.946819681968202 ], [ 110.397539753975408, -6.9477197719772 ], [ 110.399039903990399, -6.947194719471939 ] ] ] } },
{ "type": "Feature", "properties": { "year": 2037, "layer": "atrisk" }, "geometry": { "type": "Polygon", "coordinates": [ [ [ 110.42656765676567, -6.945769576957688 ], [ 110.424767476747675, -6.947269726972694 ], [ 110.425142514251419, -6.947944794479447 ], [ 110.426492649264929, -6.946819681968192 ], [ 110.42656765676567, -6.945769576957688 ] ], [ [ 110.425367536753669, -6.947419741974198 ], [ 110.425517551755178, -6.947344734473448 ], [ 110.425517551755178, -6.947494749474954 ], [ 110.425367536753669, -6.947419741974198 ] ] ] } },
{ "type": "Feature", "properties": { "year": 2037, "layer": "atrisk" }, "geometry": { "type": "Polygon", "coordinates": [ [ [ 110.430843084308435, -6.94689468946894 ], [ 110.429642964296434, -6.94719471947194 ], [ 110.428442844284433, -6.948169816981702 ], [ 110.430843084308435, -6.94689468946894 ] ] ] } },
{ "type": "Feature", "properties": { "year": 2037, "layer": "atrisk" }, "geometry": { "type": "Polygon", "coordinates": [ [ [ 110.419741974197422, -6.947719771977199 ], [ 110.419666966696681, -6.948544854485451 ], [ 110.419891989198916, -6.948769876987708 ], [ 110.420642064206419, -6.948169816981695 ], [ 110.419741974197422, -6.947719771977199 ] ], [ [ 110.419741974197422, -6.947944794479453 ], [ 110.419891989198916, -6.948019801980202 ], [ 110.419741974197422, -6.948019801980193 ], [ 110.419741974197422, -6.947944794479453 ] ] ] } },
{ "type": "Feature", "properties": { "year": 2037, "layer": "atrisk" }, "geometry": { "type": "Polygon", "coordinates": [ [ [ 110.392439243924386, -6.946069606960696 ], [ 110.390714071407146, -6.947044704470444 ], [ 110.388988898889892, -6.948394839483953 ], [ 110.388988898889892, -6.948844884488444 ], [ 110.392439243924386, -6.946069606960696 ] ] ] } },
{ "type": "Feature", "properties": { "year": 2037, "layer": "atrisk" }, "geometry": { "type": "Polygon", "coordinates": [ [ [ 110.435193519351941, -6.940369036903689 ], [ 110.433093309330928, -6.94194419441945 ], [ 110.434368436843684, -6.946294629462945 ], [ 110.431818181818187, -6.942769276927698 ], [ 110.429717971797174, -6.945169516951692 ], [ 110.432343234323426, -6.944419441944187 ], [ 110.43241824182418, -6.945919591959196 ], [ 110.433393339333932, -6.947569756975705 ], [ 110.43241824182418, -6.947344734473442 ], [ 110.432943294329434, -6.949369936993702 ], [ 110.434743474347428, -6.949444944494446 ], [ 110.435868586858703, -6.947644764476441 ], [ 110.434893489348951, -6.947719771977194 ], [ 110.434143414341435, -6.947119711971196 ], [ 110.436618661866191, -6.943294329432949 ], [ 110.435193519351941, -6.940369036903689 ] ], [ [ 110.432043204320436, -6.944269426942689 ], [ 110.432193219321931, -6.944119411941185 ], [ 110.432118211821177, -6.9442694269427 ], [ 110.432043204320436, -6.944269426942689 ] ], [ [ 110.43241824182418, -6.945169516951699 ], [ 110.432493249324935, -6.94509450945095 ], [ 110.432493249324935, -6.945169516951693 ], [ 110.43241824182418, -6.945169516951699 ] ], [ [ 110.434593459345933, -6.949369936993707 ], [ 110.434668466846688, -6.949294929492944 ], [ 110.434668466846688, -6.949369936993697 ], [ 110.434593459345933, -6.949369936993707 ] ] ] } },
{ "type": "Feature", "properties": { "year": 2037, "layer": "atrisk" }, "geometry": { "type": "Polygon", "coordinates": [ [ [ 110.420642064206419, -6.94824482448245 ], [ 110.420567056705664, -6.949519951995208 ], [ 110.420792079207928, -6.949744974497454 ], [ 110.421692169216925, -6.949519951995206 ], [ 110.420642064206419, -6.94824482448245 ] ], [ [ 110.420867086708668, -6.949669966996693 ], [ 110.420942094209423, -6.949594959495953 ], [ 110.420942094209423, -6.949669966996706 ], [ 110.420867086708668, -6.949669966996693 ] ] ] } },
{ "type": "Feature", "properties": { "year": 2037, "layer": "atrisk" }, "geometry": { "type": "Polygon", "coordinates": [ [ [ 110.431368136813688, -6.948319831983195 ], [ 110.429942994299424, -6.949294929492946 ], [ 110.428142814281429, -6.949669966996707 ], [ 110.431143114311425, -6.949894989498948 ], [ 110.431368136813688, -6.948319831983195 ] ], [ [ 110.430543054305431, -6.948994899489954 ], [ 110.430618061806186, -6.9489198919892 ], [ 110.430618061806186, -6.948994899489953 ], [ 110.430543054305431, -6.948994899489954 ] ], [ [ 110.430468046804677, -6.949069906990693 ], [ 110.430543054305431, -6.948994899489954 ], [ 110.430543054305431, -6.949069906990696 ], [ 110.430468046804677, -6.949069906990693 ] ], [ [ 110.429942994299424, -6.949444944494458 ], [ 110.430768076807681, -6.9492199219922 ], [ 110.430393039303937, -6.949744974497456 ], [ 110.429942994299424, -6.949444944494458 ] ], [ [ 110.430018001800178, -6.949669966996702 ], [ 110.430093009300933, -6.949594959495941 ], [ 110.430093009300933, -6.949669966996699 ], [ 110.430018001800178, -6.949669966996702 ] ] ] } },
{ "type": "Feature", "properties": { "year": 2037, "layer": "atrisk" }, "geometry": { "type": "Polygon", "coordinates": [ [ [ 110.407890789078905, -6.948244824482443 ], [ 110.407215721572157, -6.948469846984707 ], [ 110.407590759075902, -6.949969996999692 ], [ 110.407890789078905, -6.948244824482443 ] ] ] } },
{ "type": "Feature", "properties": { "year": 2037, "layer": "atrisk" }, "geometry": { "type": "Polygon", "coordinates": [ [ [ 110.41854185418542, -6.951320132013207 ], [ 110.41704170417043, -6.951170117011709 ], [ 110.417416741674174, -6.951770177017702 ], [ 110.41854185418542, -6.951320132013207 ] ] ] } },
{ "type": "Feature", "properties": { "year": 2037, "layer": "atrisk" }, "geometry": { "type": "Polygon", "coordinates": [ [ [ 110.429267926792676, -6.951095109510949 ], [ 110.430093009300933, -6.952820282028202 ], [ 110.430768076807681, -6.952745274527447 ], [ 110.430693069306926, -6.95214521452146 ], [ 110.429267926792676, -6.951095109510949 ] ] ] } },
{ "type": "Feature", "properties": { "year": 2037, "layer": "atrisk" }, "geometry": { "type": "Polygon", "coordinates": [ [ [ 110.427242724272432, -6.952070207020699 ], [ 110.426717671767179, -6.952520252025204 ], [ 110.425367536753669, -6.952820282028196 ], [ 110.42656765676567, -6.953120312031199 ], [ 110.427242724272432, -6.952070207020699 ] ] ] } },
{ "type": "Feature", "properties": { "year": 2037, "layer": "atrisk" }, "geometry": { "type": "Polygon", "coordinates": [ [ [ 110.432868286828679, -6.951845184518456 ], [ 110.431368136813688, -6.951395139513948 ], [ 110.430918091809176, -6.953045304530458 ], [ 110.431518151815183, -6.953270327032711 ], [ 110.432868286828679, -6.951845184518456 ] ], [ [ 110.431443144314429, -6.952970297029698 ], [ 110.431593159315952, -6.952820282028206 ], [ 110.431518151815183, -6.952970297029709 ], [ 110.431443144314429, -6.952970297029698 ] ], [ [ 110.431293129312934, -6.953045304530447 ], [ 110.431368136813688, -6.952970297029705 ], [ 110.431368136813688, -6.953045304530451 ], [ 110.431293129312934, -6.953045304530447 ] ] ] } },
{ "type": "Feature", "properties": { "year": 2037, "layer": "atrisk" }, "geometry": { "type": "Polygon", "coordinates": [ [ [ 110.411866186618667, -6.95274527452745 ], [ 110.410891089108915, -6.952970297029696 ], [ 110.412091209120931, -6.953420342034199 ], [ 110.411866186618667, -6.95274527452745 ] ] ] } },
{ "type": "Feature", "properties": { "year": 2037, "layer": "atrisk" }, "geometry": { "type": "Polygon", "coordinates": [ [ [ 110.381863186318625, -6.950795079507953 ], [ 110.38193819381938, -6.952745274527446 ], [ 110.382463246324633, -6.953945394539453 ], [ 110.383063306330627, -6.954245424542456 ], [ 110.381863186318625, -6.950795079507953 ] ] ] } },
{ "type": "Feature", "properties": { "year": 2037, "layer": "atrisk" }, "geometry": { "type": "Polygon", "coordinates": [ [ [ 110.430843084308435, -6.953870387038707 ], [ 110.429117911791181, -6.953795379537959 ], [ 110.429042904290426, -6.954320432043206 ], [ 110.430843084308435, -6.953870387038707 ] ] ] } },
{ "type": "Feature", "properties": { "year": 2037, "layer": "atrisk" }, "geometry": { "type": "Polygon", "coordinates": [ [ [ 110.411191119111905, -6.953420342034205 ], [ 110.41246624662466, -6.954470447044702 ], [ 110.413291329132917, -6.954920492049203 ], [ 110.412991299129914, -6.954245424542458 ], [ 110.411191119111905, -6.953420342034205 ] ] ] } },
{ "type": "Feature", "properties": { "year": 2037, "layer": "atrisk" }, "geometry": { "type": "Polygon", "coordinates": [ [ [ 110.37721272127213, -6.955295529552959 ], [ 110.376162616261624, -6.95447044704471 ], [ 110.376087608760869, -6.954620462046202 ], [ 110.37721272127213, -6.955295529552959 ] ] ] } },
{ "type": "Feature", "properties": { "year": 2037, "layer": "atrisk" }, "geometry": { "type": "Polygon", "coordinates": [ [ [ 110.41539153915393, -6.955295529552961 ], [ 110.413441344134412, -6.954695469546949 ], [ 110.414566456645659, -6.955370537053705 ], [ 110.41539153915393, -6.955295529552961 ] ] ] } },
{ "type": "Feature", "properties": { "year": 2037, "layer": "atrisk" }, "geometry": { "type": "Polygon", "coordinates": [ [ [ 110.41719171917191, -6.952295229522951 ], [ 110.41576657665766, -6.952670267026698 ], [ 110.415841584158414, -6.955445544554456 ], [ 110.41876687668767, -6.956120612061209 ], [ 110.418391839183911, -6.953870387038702 ], [ 110.41719171917191, -6.952295229522951 ] ], [ [ 110.418241824182417, -6.954095409540956 ], [ 110.418316831683171, -6.953945394539454 ], [ 110.418316831683171, -6.954095409540958 ], [ 110.418241824182417, -6.954095409540956 ] ], [ [ 110.416441644164422, -6.954995499549948 ], [ 110.416516651665162, -6.9549204920492 ], [ 110.416516651665162, -6.954995499549961 ], [ 110.416441644164422, -6.954995499549948 ] ], [ [ 110.41704170417043, -6.95499549954995 ], [ 110.417266726672665, -6.954920492049205 ], [ 110.417266726672665, -6.954995499549961 ], [ 110.41704170417043, -6.95499549954995 ] ], [ [ 110.416891689168921, -6.955295529552951 ], [ 110.417341734173419, -6.955145514551463 ], [ 110.417266726672665, -6.955370537053712 ], [ 110.416891689168921, -6.955295529552951 ] ], [ [ 110.417341734173419, -6.955370537053708 ], [ 110.417416741674174, -6.955295529552957 ], [ 110.417416741674174, -6.9553705370537 ], [ 110.417341734173419, -6.955370537053708 ] ], [ [ 110.418391839183911, -6.955445544554462 ], [ 110.41854185418542, -6.955520552055209 ], [ 110.418391839183911, -6.95552055205521 ], [ 110.418391839183911, -6.955445544554462 ] ] ] } },
{ "type": "Feature", "properties": { "year": 2037, "layer": "atrisk" }, "geometry": { "type": "Polygon", "coordinates": [ [ [ 110.428292829282924, -6.9511701170117 ], [ 110.427017701770183, -6.954845484548457 ], [ 110.423567356735674, -6.953570357035701 ], [ 110.424242424242422, -6.955670567056705 ], [ 110.422067206720669, -6.954470447044701 ], [ 110.421017101710191, -6.955295529552962 ], [ 110.422967296729681, -6.955820582058204 ], [ 110.422742274227417, -6.956870687068706 ], [ 110.424767476747675, -6.95612061206121 ], [ 110.42484248424843, -6.954620462046201 ], [ 110.426792679267933, -6.955445544554449 ], [ 110.42934293429343, -6.95244524452445 ], [ 110.428292829282924, -6.9511701170117 ] ], [ [ 110.422967296729681, -6.956045604560463 ], [ 110.423117311731176, -6.955970597059705 ], [ 110.423117311731176, -6.956045604560454 ], [ 110.422967296729681, -6.956045604560463 ] ] ] } },
{ "type": "Feature", "properties": { "year": 2037, "layer": "atrisk" }, "geometry": { "type": "Polygon", "coordinates": [ [ [ 110.401590159015896, -6.955820582058201 ], [ 110.400615061506144, -6.956270627062715 ], [ 110.401740174017405, -6.957845784578455 ], [ 110.401590159015896, -6.955820582058201 ] ] ] } },
{ "type": "Feature", "properties": { "year": 2037, "layer": "atrisk" }, "geometry": { "type": "Polygon", "coordinates": [ [ [ 110.418466846684666, -6.951920192019194 ], [ 110.419891989198916, -6.959120912091207 ], [ 110.421167116711672, -6.958970897089716 ], [ 110.422292229222919, -6.957170717071701 ], [ 110.420342034203429, -6.957095709570964 ], [ 110.419591959195913, -6.954020402040207 ], [ 110.420792079207928, -6.954995499549947 ], [ 110.421617161716171, -6.953945394539446 ], [ 110.418466846684666, -6.951920192019194 ] ], [ [ 110.419666966696681, -6.95559555955596 ], [ 110.419741974197422, -6.955445544554454 ], [ 110.419741974197422, -6.955595559555952 ], [ 110.419666966696681, -6.95559555955596 ] ], [ [ 110.420642064206419, -6.958670867086701 ], [ 110.420717071707173, -6.958370837083714 ], [ 110.420792079207928, -6.958820882088217 ], [ 110.420642064206419, -6.958670867086701 ] ] ] } },
{ "type": "Feature", "properties": { "year": 2037, "layer": "atrisk" }, "geometry": { "type": "Polygon", "coordinates": [ [ [ 110.392514251425141, -6.959270927092702 ], [ 110.390714071407146, -6.959270927092712 ], [ 110.389813981398135, -6.959645964596455 ], [ 110.392514251425141, -6.959270927092702 ] ] ] } },
{ "type": "Feature", "properties": { "year": 2037, "layer": "atrisk" }, "geometry": { "type": "Polygon", "coordinates": [ [ [ 110.319456945694569, -6.938268826882693 ], [ 110.312406240624057, -6.943744374437443 ], [ 110.318106810681073, -6.952895289528954 ], [ 110.319381938193814, -6.950570057005696 ], [ 110.319081908190824, -6.953795379537956 ], [ 110.327557755775572, -6.958595859585952 ], [ 110.3497599759976, -6.95972097209721 ], [ 110.352160216021602, -6.958370837083713 ], [ 110.350810081008106, -6.959720972097208 ], [ 110.359135913591359, -6.959720972097215 ], [ 110.359135913591359, -6.954845484548462 ], [ 110.355460546054601, -6.95469546954696 ], [ 110.358610861086106, -6.954245424542449 ], [ 110.359435943594363, -6.954395439543948 ], [ 110.359210921092114, -6.959720972097205 ], [ 110.359885988598876, -6.954695469546959 ], [ 110.362361236123618, -6.9546204620462 ], [ 110.363561356135619, -6.954995499549948 ], [ 110.359960996099616, -6.9558205820582 ], [ 110.359885988598876, -6.958745874587456 ], [ 110.360561056105624, -6.959720972097211 ], [ 110.38801380138014, -6.959495949594965 ], [ 110.387938793879385, -6.958445844584452 ], [ 110.38358835883588, -6.958745874587465 ], [ 110.383663366336648, -6.955820582058207 ], [ 110.382013201320149, -6.954620462046197 ], [ 110.377512751275134, -6.954770477047699 ], [ 110.376987698769881, -6.955895589558962 ], [ 110.37278727872787, -6.955370537053711 ], [ 110.371362136213619, -6.956495649564958 ], [ 110.366861686168619, -6.955745574557456 ], [ 110.364911491149115, -6.95664566456646 ], [ 110.363936393639364, -6.956420642064204 ], [ 110.364836483648375, -6.955820582058214 ], [ 110.364236423642367, -6.955745574557447 ], [ 110.364236423642367, -6.955145514551448 ], [ 110.363711371137114, -6.954920492049197 ], [ 110.367011701170114, -6.955445544554459 ], [ 110.375262526252627, -6.954620462046196 ], [ 110.349309930993115, -6.952220222022198 ], [ 110.344884488448841, -6.949144914491447 ], [ 110.327632763276327, -6.942844284428435 ], [ 110.319456945694569, -6.938268826882693 ] ], [ [ 110.321107110711068, -6.941194119411935 ], [ 110.321182118211823, -6.941119111911189 ], [ 110.321182118211823, -6.941194119411939 ], [ 110.321107110711068, -6.941194119411935 ] ], [ [ 110.321257125712592, -6.94126912691269 ], [ 110.321407140714072, -6.941194119411935 ], [ 110.321407140714072, -6.941269126912696 ], [ 110.321257125712592, -6.94126912691269 ] ], [ [ 110.322307230723069, -6.942169216921699 ], [ 110.322607260726073, -6.942094209420946 ], [ 110.322682268226828, -6.942319231923189 ], [ 110.322307230723069, -6.942169216921699 ] ], [ [ 110.325007500750075, -6.946594659465949 ], [ 110.325832583258332, -6.945919591959193 ], [ 110.326207620762091, -6.947569756975697 ], [ 110.325007500750075, -6.946594659465949 ] ], [ [ 110.321782178217816, -6.946519651965205 ], [ 110.32515751575157, -6.946219621962189 ], [ 110.323957395739569, -6.947644764476451 ], [ 110.322982298229817, -6.946744674467446 ], [ 110.321782178217816, -6.946519651965205 ] ], [ [ 110.322307230723069, -6.94719471947194 ], [ 110.322907290729091, -6.947269726972699 ], [ 110.321932193219325, -6.947344734473439 ], [ 110.322307230723069, -6.94719471947194 ] ], [ [ 110.320807080708065, -6.948019801980203 ], [ 110.321332133213318, -6.948019801980206 ], [ 110.321032103210328, -6.94831983198319 ], [ 110.320807080708065, -6.948019801980203 ] ], [ [ 110.322682268226828, -6.947494749474946 ], [ 110.322757275727568, -6.947419741974194 ], [ 110.322757275727568, -6.947494749474946 ], [ 110.322682268226828, -6.947494749474946 ] ], [ [ 110.322157215721575, -6.947569756975696 ], [ 110.322382238223824, -6.947494749474944 ], [ 110.322382238223824, -6.947644764476448 ], [ 110.322157215721575, -6.947569756975696 ] ], [ [ 110.326282628262831, -6.947944794479445 ], [ 110.32673267326733, -6.947944794479445 ], [ 110.32650765076508, -6.948244824482441 ], [ 110.326282628262831, -6.947944794479445 ] ], [ [ 110.32373237323732, -6.947944794479451 ], [ 110.323807380738074, -6.947794779477951 ], [ 110.323807380738074, -6.947944794479439 ], [ 110.32373237323732, -6.947944794479451 ] ], [ [ 110.323357335733576, -6.948019801980191 ], [ 110.32343234323433, -6.947944794479445 ], [ 110.32343234323433, -6.948019801980192 ], [ 110.323357335733576, -6.948019801980191 ] ], [ [ 110.326357635763571, -6.948319831983203 ], [ 110.326432643264326, -6.948244824482447 ], [ 110.326432643264326, -6.948319831983191 ], [ 110.326357635763571, -6.948319831983203 ] ], [ [ 110.319981998199822, -6.950945094509449 ], [ 110.320057005700576, -6.950870087008709 ], [ 110.320057005700576, -6.950945094509457 ], [ 110.319981998199822, -6.950945094509449 ] ], [ [ 110.319906990699081, -6.951020102010204 ], [ 110.319981998199822, -6.950945094509449 ], [ 110.319981998199822, -6.951020102010205 ], [ 110.319906990699081, -6.951020102010204 ] ], [ [ 110.378412841284131, -6.955070507050707 ], [ 110.378487848784872, -6.954995499549949 ], [ 110.378487848784872, -6.955070507050699 ], [ 110.378412841284131, -6.955070507050707 ] ], [ [ 110.36363636363636, -6.955220522052207 ], [ 110.363711371137114, -6.955070507050704 ], [ 110.363786378637869, -6.955220522052205 ], [ 110.36363636363636, -6.955220522052207 ] ], [ [ 110.364086408640858, -6.955295529552953 ], [ 110.364161416141613, -6.955145514551451 ], [ 110.364161416141613, -6.955295529552961 ], [ 110.364086408640858, -6.955295529552953 ] ], [ [ 110.364011401140118, -6.955445544554459 ], [ 110.364086408640858, -6.9553705370537 ], [ 110.364086408640858, -6.955445544554449 ], [ 110.364011401140118, -6.955445544554459 ] ], [ [ 110.363711371137114, -6.955595559555948 ], [ 110.363861386138609, -6.95544554455446 ], [ 110.363936393639364, -6.955595559555951 ], [ 110.363711371137114, -6.955595559555948 ] ], [ [ 110.363861386138609, -6.955820582058207 ], [ 110.364011401140118, -6.955745574557456 ], [ 110.364011401140118, -6.95582058205821 ], [ 110.363861386138609, -6.955820582058207 ] ], [ [ 110.366786678667864, -6.956120612061205 ], [ 110.366861686168619, -6.955970597059706 ], [ 110.366861686168619, -6.956120612061206 ], [ 110.366786678667864, -6.956120612061205 ] ], [ [ 110.360111011101111, -6.956195619561962 ], [ 110.360186018601865, -6.956120612061204 ], [ 110.360186018601865, -6.956195619561951 ], [ 110.360111011101111, -6.956195619561962 ] ], [ [ 110.366936693669373, -6.956420642064202 ], [ 110.367011701170114, -6.956345634563453 ], [ 110.367011701170114, -6.956420642064201 ], [ 110.366936693669373, -6.956420642064202 ] ], [ [ 110.366786678667864, -6.957620762076209 ], [ 110.368211821182115, -6.956720672067203 ], [ 110.368136813681375, -6.957770777077712 ], [ 110.366786678667864, -6.957620762076209 ] ], [ [ 110.366861686168619, -6.956645664566457 ], [ 110.366936693669373, -6.956495649564955 ], [ 110.366936693669373, -6.95664566456646 ], [ 110.366861686168619, -6.956645664566457 ] ], [ [ 110.366786678667864, -6.956720672067205 ], [ 110.366861686168619, -6.956645664566457 ], [ 110.366861686168619, -6.956720672067198 ], [ 110.366786678667864, -6.956720672067205 ] ], [ [ 110.362136213621369, -6.956945694569454 ], [ 110.362736273627362, -6.957245724572453 ], [ 110.361911191119106, -6.957470747074713 ], [ 110.362136213621369, -6.956945694569454 ] ], [ [ 110.36671167116711, -6.956945694569454 ], [ 110.366786678667864, -6.956870687068709 ], [ 110.366786678667864, -6.956945694569454 ], [ 110.36671167116711, -6.956945694569454 ] ], [ [ 110.362886288628857, -6.957095709570959 ], [ 110.362961296129612, -6.957020702070203 ], [ 110.362961296129612, -6.957095709570954 ], [ 110.362886288628857, -6.957095709570959 ] ], [ [ 110.36663666366637, -6.957170717071715 ], [ 110.36671167116711, -6.957095709570955 ], [ 110.36671167116711, -6.957170717071706 ], [ 110.36663666366637, -6.957170717071715 ] ], [ [ 110.359960996099616, -6.957320732073203 ], [ 110.360036003600356, -6.957170717071711 ], [ 110.360036003600356, -6.957320732073212 ], [ 110.359960996099616, -6.957320732073203 ] ], [ [ 110.361311131113112, -6.95739573957396 ], [ 110.361686168616856, -6.957245724572451 ], [ 110.361686168616856, -6.95754575457545 ], [ 110.361311131113112, -6.95739573957396 ] ], [ [ 110.35283528352835, -6.957470747074707 ], [ 110.352910291029104, -6.95739573957396 ], [ 110.352910291029104, -6.957470747074714 ], [ 110.35283528352835, -6.957470747074707 ] ], [ [ 110.35276027602761, -6.957545754575451 ], [ 110.35283528352835, -6.957470747074707 ], [ 110.35283528352835, -6.957545754575456 ], [ 110.35276027602761, -6.957545754575451 ] ], [ [ 110.359960996099616, -6.957920792079212 ], [ 110.360036003600356, -6.957470747074705 ], [ 110.360036003600356, -6.957920792079203 ], [ 110.359960996099616, -6.957920792079212 ] ], [ [ 110.352460246024606, -6.957995799579952 ], [ 110.352685268526855, -6.957845784578457 ], [ 110.352685268526855, -6.957995799579954 ], [ 110.352460246024606, -6.957995799579952 ] ], [ [ 110.352385238523851, -6.958070807080701 ], [ 110.352460246024606, -6.957995799579952 ], [ 110.352460246024606, -6.958070807080701 ], [ 110.352385238523851, -6.958070807080701 ] ], [ [ 110.359960996099616, -6.958220822082214 ], [ 110.360036003600356, -6.957995799579951 ], [ 110.360036003600356, -6.958220822082213 ], [ 110.359960996099616, -6.958220822082214 ] ], [ [ 110.352235223522356, -6.958295829582951 ], [ 110.352310231023097, -6.958220822082202 ], [ 110.352310231023097, -6.95829582958296 ], [ 110.352235223522356, -6.958295829582951 ] ], [ [ 110.352160216021602, -6.958370837083713 ], [ 110.352235223522356, -6.958295829582951 ], [ 110.352235223522356, -6.958370837083706 ], [ 110.352160216021602, -6.958370837083713 ] ], [ [ 110.387338733873392, -6.959345934593456 ], [ 110.387413741374132, -6.959270927092703 ], [ 110.387413741374132, -6.959345934593457 ], [ 110.387338733873392, -6.959345934593456 ] ] ] } },
{ "type": "Feature", "properties": { "year": 2037, "layer": "atrisk" }, "geometry": { "type": "Polygon", "coordinates": [ [ [ 110.406090609060911, -6.947494749474947 ], [ 110.403015301530147, -6.947044704470442 ], [ 110.406015601560156, -6.947794779477945 ], [ 110.406465646564669, -6.950420042004195 ], [ 110.404815481548169, -6.952145214521446 ], [ 110.407365736573652, -6.951770177017696 ], [ 110.408115811581169, -6.953345334533442 ], [ 110.407365736573652, -6.953420342034202 ], [ 110.406915691569154, -6.953645364536448 ], [ 110.409165916591661, -6.954620462046197 ], [ 110.409765976597669, -6.956945694569462 ], [ 110.408265826582664, -6.957095709570964 ], [ 110.407815781578151, -6.958370837083716 ], [ 110.400015001500151, -6.958370837083714 ], [ 110.398739873987395, -6.954395439543954 ], [ 110.403915391539158, -6.953945394539448 ], [ 110.402190219021918, -6.95559555955595 ], [ 110.40324032403241, -6.955670567056708 ], [ 110.403990399039898, -6.9538703870387 ], [ 110.405640564056412, -6.953645364536458 ], [ 110.406015601560156, -6.952820282028203 ], [ 110.406015601560156, -6.953495349534951 ], [ 110.407515751575161, -6.953045304530458 ], [ 110.406165616561651, -6.952145214521447 ], [ 110.40316531653167, -6.953720372037204 ], [ 110.401365136513647, -6.952145214521448 ], [ 110.399189918991908, -6.953720372037199 ], [ 110.398889888988919, -6.951545154515447 ], [ 110.399939993999396, -6.952445244524444 ], [ 110.400540054005418, -6.951170117011704 ], [ 110.396339633963393, -6.948319831983191 ], [ 110.396414641464148, -6.950570057005701 ], [ 110.395289528952901, -6.95064506450645 ], [ 110.398964896489645, -6.959720972097203 ], [ 110.400765076507653, -6.959720972097214 ], [ 110.40046504650465, -6.958745874587461 ], [ 110.401065106510657, -6.959720972097205 ], [ 110.417266726672665, -6.959645964596465 ], [ 110.414191419141915, -6.958295829582956 ], [ 110.415316531653161, -6.956120612061207 ], [ 110.410816081608161, -6.955895589558953 ], [ 110.406090609060911, -6.947494749474947 ] ], [ [ 110.398064806480647, -6.950795079507951 ], [ 110.398289828982897, -6.950570057005706 ], [ 110.398364836483651, -6.951020102010193 ], [ 110.398064806480647, -6.950795079507951 ] ], [ [ 110.397314731473145, -6.951770177017701 ], [ 110.397539753975408, -6.951395139513957 ], [ 110.397389738973899, -6.951770177017704 ], [ 110.397314731473145, -6.951770177017701 ] ], [ [ 110.397839783978398, -6.952370237023697 ], [ 110.398214821482142, -6.951920192019212 ], [ 110.398289828982897, -6.952295229522956 ], [ 110.397839783978398, -6.952370237023697 ] ], [ [ 110.398439843984391, -6.952145214521455 ], [ 110.398514851485146, -6.952070207020697 ], [ 110.398514851485146, -6.952145214521455 ], [ 110.398439843984391, -6.952145214521455 ] ], [ [ 110.398364836483651, -6.953870387038696 ], [ 110.398439843984391, -6.953720372037199 ], [ 110.398439843984391, -6.953870387038704 ], [ 110.398364836483651, -6.953870387038696 ] ], [ [ 110.398514851485146, -6.954170417041706 ], [ 110.398664866486655, -6.954095409540952 ], [ 110.398664866486655, -6.95424542454245 ], [ 110.398514851485146, -6.954170417041706 ] ], [ [ 110.398664866486655, -6.954395439543953 ], [ 110.398739873987395, -6.954320432043197 ], [ 110.398739873987395, -6.954395439543954 ], [ 110.398664866486655, -6.954395439543953 ] ], [ [ 110.410141014101413, -6.955895589558961 ], [ 110.412541254125415, -6.95687068706871 ], [ 110.41104110411041, -6.957020702070207 ], [ 110.410816081608161, -6.958745874587465 ], [ 110.410141014101413, -6.955895589558961 ] ], [ [ 110.412841284128419, -6.956570657065712 ], [ 110.412916291629159, -6.956420642064203 ], [ 110.412916291629159, -6.95657065706571 ], [ 110.412841284128419, -6.956570657065712 ] ], [ [ 110.412616261626169, -6.95739573957396 ], [ 110.412916291629159, -6.957395739573954 ], [ 110.412841284128419, -6.957545754575452 ], [ 110.412616261626169, -6.95739573957396 ] ], [ [ 110.409090909090921, -6.957470747074705 ], [ 110.409240924092416, -6.957395739573952 ], [ 110.409240924092416, -6.957470747074703 ], [ 110.409090909090921, -6.957470747074705 ] ], [ [ 110.411866186618667, -6.957470747074708 ], [ 110.412016201620162, -6.957620762076216 ], [ 110.411866186618667, -6.957620762076209 ], [ 110.411866186618667, -6.957470747074708 ] ], [ [ 110.408865886588657, -6.957620762076212 ], [ 110.409015901590152, -6.957470747074701 ], [ 110.408940894089412, -6.957620762076212 ], [ 110.408865886588657, -6.957620762076212 ] ], [ [ 110.408640864086408, -6.957620762076206 ], [ 110.408790879087903, -6.957545754575457 ], [ 110.408790879087903, -6.957620762076205 ], [ 110.408640864086408, -6.957620762076206 ] ], [ [ 110.412916291629159, -6.957920792079202 ], [ 110.412991299129914, -6.95762076207621 ], [ 110.412991299129914, -6.957920792079214 ], [ 110.412916291629159, -6.957920792079202 ] ], [ [ 110.408790879087903, -6.957845784578452 ], [ 110.409915991599163, -6.958745874587463 ], [ 110.408490849084913, -6.958295829582961 ], [ 110.408790879087903, -6.957845784578452 ] ], [ [ 110.41239123912392, -6.958370837083706 ], [ 110.412841284128419, -6.957920792079213 ], [ 110.413141314131408, -6.958370837083706 ], [ 110.41239123912392, -6.958370837083706 ] ], [ [ 110.412991299129914, -6.957995799579954 ], [ 110.413066306630668, -6.957920792079217 ], [ 110.413066306630668, -6.957995799579962 ], [ 110.412991299129914, -6.957995799579954 ] ], [ [ 110.413066306630668, -6.95807080708071 ], [ 110.413141314131408, -6.957995799579961 ], [ 110.413141314131408, -6.958070807080714 ], [ 110.413066306630668, -6.95807080708071 ] ], [ [ 110.413141314131408, -6.958220822082207 ], [ 110.413216321632163, -6.958145814581465 ], [ 110.413216321632163, -6.958220822082212 ], [ 110.413141314131408, -6.958220822082207 ] ], [ [ 110.413216321632163, -6.958295829582958 ], [ 110.413291329132917, -6.958220822082204 ], [ 110.413291329132917, -6.958295829582957 ], [ 110.413216321632163, -6.958295829582958 ] ], [ [ 110.408040804080414, -6.958895889588965 ], [ 110.408940894089412, -6.958520852085208 ], [ 110.409315931593156, -6.958820882088212 ], [ 110.408040804080414, -6.958895889588965 ] ], [ [ 110.402415241524153, -6.959120912091207 ], [ 110.4035403540354, -6.958895889588955 ], [ 110.4035403540354, -6.958970897089708 ], [ 110.402415241524153, -6.959120912091207 ] ], [ [ 110.405190519051899, -6.95904590459046 ], [ 110.405490549054903, -6.958895889588951 ], [ 110.405490549054903, -6.958970897089705 ], [ 110.405190519051899, -6.95904590459046 ] ], [ [ 110.40331533153315, -6.959195919591965 ], [ 110.4035403540354, -6.959195919591959 ], [ 110.40331533153315, -6.959270927092705 ], [ 110.40331533153315, -6.959195919591965 ] ], [ [ 110.405190519051899, -6.959270927092707 ], [ 110.405865586558662, -6.959120912091211 ], [ 110.405865586558662, -6.959195919591957 ], [ 110.405190519051899, -6.959270927092707 ] ], [ [ 110.41411641164116, -6.959420942094217 ], [ 110.41434143414341, -6.959345934593459 ], [ 110.414416441644164, -6.959495949594966 ], [ 110.41411641164116, -6.959420942094217 ] ], [ [ 110.40796579657966, -6.959495949594957 ], [ 110.408115811581169, -6.959345934593452 ], [ 110.408040804080414, -6.959495949594959 ], [ 110.40796579657966, -6.959495949594957 ] ], [ [ 110.408640864086408, -6.959495949594963 ], [ 110.408865886588657, -6.959345934593455 ], [ 110.408940894089412, -6.959495949594965 ], [ 110.408640864086408, -6.959495949594963 ] ], [ [ 110.403615361536154, -6.959495949594962 ], [ 110.403765376537649, -6.959420942094211 ], [ 110.403765376537649, -6.959495949594953 ], [ 110.403615361536154, -6.959495949594962 ] ], [ [ 110.414416441644164, -6.959570957095704 ], [ 110.414491449144919, -6.959495949594961 ], [ 110.414491449144919, -6.959570957095703 ], [ 110.414416441644164, -6.959570957095704 ] ], [ [ 110.404515451545151, -6.959645964596461 ], [ 110.40466546654666, -6.959570957095714 ], [ 110.40466546654666, -6.959645964596453 ], [ 110.404515451545151, -6.959645964596461 ] ], [ [ 110.407665766576656, -6.959645964596467 ], [ 110.407740774077411, -6.959570957095711 ], [ 110.407740774077411, -6.959645964596466 ], [ 110.407665766576656, -6.959645964596467 ] ], [ [ 110.409840984098409, -6.959645964596453 ], [ 110.409990999099904, -6.95957095709571 ], [ 110.409990999099904, -6.959645964596461 ], [ 110.409840984098409, -6.959645964596453 ] ], [ [ 110.414491449144919, -6.959645964596461 ], [ 110.414641464146413, -6.959570957095712 ], [ 110.414641464146413, -6.959645964596461 ], [ 110.414491449144919, -6.959645964596461 ] ] ] } }
]
}
